step,ego_action_idx,ego_action,p0_pos,p0_orient,p0_held,p1_pos,p1_orient,p1_held,objects_before,pots_before,cum_sparse_before,cum_shaped_before,partner_action_idx,partner_action,reward,sparse_reward,built_in_shaped_reward,custom_shaped_reward,cum_sparse_after,cum_shaped_after,delivery_event,p0_pos_after,p0_held_after,p1_pos_after,p1_held_after,objects_after,pots_after
0,1,"(0, 1)","(3, 3)","(0, -1)",,"(3, 1)","(0, -1)",,,"(3, 0):empty;(4, 0):empty",0.0,0.0,2,"(1, 0)",0.0,0.0,0.0,0.0,0.0,0.0,False,"(3, 3)",,"(4, 1)",,,"(3, 0):empty;(4, 0):empty"
1,5,interact,"(3, 3)","(0, 1)",,"(4, 1)","(1, 0)",,,"(3, 0):empty;(4, 0):empty",0.0,0.0,2,"(1, 0)",0.0,0.0,0.0,0.0,0.0,0.0,False,"(3, 3)",onion,"(5, 1)",,,"(3, 0):empty;(4, 0):empty"
2,5,interact,"(3, 3)","(0, 1)",onion,"(5, 1)","(1, 0)",,,"(3, 0):empty;(4, 0):empty",0.0,0.0,2,"(1, 0)",0.0,0.0,0.0,0.0,0.0,0.0,False,"(3, 3)",onion,"(6, 1)",,,"(3, 0):empty;(4, 0):empty"
3,3,"(-1, 0)","(3, 3)","(0, 1)",onion,"(6, 1)","(1, 0)",,,"(3, 0):empty;(4, 0):empty",0.0,0.0,1,"(0, 1)",0.0,0.0,0.0,0.0,0.0,0.0,False,"(2, 3)",onion,"(6, 2)",,,"(3, 0):empty;(4, 0):empty"
4,3,"(-1, 0)","(2, 3)","(-1, 0)",onion,"(6, 2)","(0, 1)",,,"(3, 0):empty;(4, 0):empty",0.0,0.0,1,"(0, 1)",0.0,0.0,0.0,0.0,0.0,0.0,False,"(1, 3)",onion,"(6, 3)",,,"(3, 0):empty;(4, 0):empty"
5,3,"(-1, 0)","(1, 3)","(-1, 0)",onion,"(6, 3)","(0, 1)",,,"(3, 0):empty;(4, 0):empty",0.0,0.0,3,"(-1, 0)",0.0,0.0,0.0,0.0,0.0,0.0,False,"(1, 3)",onion,"(5, 3)",,,"(3, 0):empty;(4, 0):empty"
6,0,"(0, -1)","(1, 3)","(-1, 0)",onion,"(5, 3)","(-1, 0)",,,"(3, 0):empty;(4, 0):empty",0.0,0.0,3,"(-1, 0)",0.0,0.0,0.0,0.0,0.0,0.0,False,"(1, 2)",onion,"(4, 3)",,,"(3, 0):empty;(4, 0):empty"
7,2,"(1, 0)","(1, 2)","(0, -1)",onion,"(4, 3)","(-1, 0)",,,"(3, 0):empty;(4, 0):empty",0.0,0.0,1,"(0, 1)",0.0,0.0,0.0,0.0,0.0,0.0,False,"(1, 2)",onion,"(4, 3)",,,"(3, 0):empty;(4, 0):empty"
8,0,"(0, -1)","(1, 2)","(1, 0)",onion,"(4, 3)","(0, 1)",,,"(3, 0):empty;(4, 0):empty",0.0,0.0,5,interact,0.0,0.0,0.0,0.0,0.0,0.0,False,"(1, 1)",onion,"(4, 3)",onion,,"(3, 0):empty;(4, 0):empty"
9,2,"(1, 0)","(1, 1)","(0, -1)",onion,"(4, 3)","(0, 1)",onion,,"(3, 0):empty;(4, 0):empty",0.0,0.0,3,"(-1, 0)",0.0,0.0,0.0,0.0,0.0,0.0,False,"(2, 1)",onion,"(3, 3)",onion,,"(3, 0):empty;(4, 0):empty"
10,2,"(1, 0)","(2, 1)","(1, 0)",onion,"(3, 3)","(-1, 0)",onion,,"(3, 0):empty;(4, 0):empty",0.0,0.0,3,"(-1, 0)",0.0,0.0,0.0,0.0,0.0,0.0,False,"(3, 1)",onion,"(2, 3)",onion,,"(3, 0):empty;(4, 0):empty"
11,2,"(1, 0)","(3, 1)","(1, 0)",onion,"(2, 3)","(-1, 0)",onion,,"(3, 0):empty;(4, 0):empty",0.0,0.0,3,"(-1, 0)",0.0,0.0,0.0,0.0,0.0,0.0,False,"(4, 1)",onion,"(1, 3)",onion,,"(3, 0):empty;(4, 0):empty"
12,0,"(0, -1)","(4, 1)","(1, 0)",onion,"(1, 3)","(-1, 0)",onion,,"(3, 0):empty;(4, 0):empty",0.0,0.0,0,"(0, -1)",0.0,0.0,0.0,0.0,0.0,0.0,False,"(4, 1)",onion,"(1, 2)",onion,,"(3, 0):empty;(4, 0):empty"
13,0,"(0, -1)","(4, 1)","(0, -1)",onion,"(1, 2)","(0, -1)",onion,,"(3, 0):empty;(4, 0):empty",0.0,0.0,0,"(0, -1)",0.0,0.0,0.0,0.0,0.0,0.0,False,"(4, 1)",onion,"(1, 1)",onion,,"(3, 0):empty;(4, 0):empty"
14,0,"(0, -1)","(4, 1)","(0, -1)",onion,"(1, 1)","(0, -1)",onion,,"(3, 0):empty;(4, 0):empty",0.0,0.0,2,"(1, 0)",0.0,0.0,0.0,0.0,0.0,0.0,False,"(4, 1)",onion,"(2, 1)",onion,,"(3, 0):empty;(4, 0):empty"
15,5,interact,"(4, 1)","(0, -1)",onion,"(2, 1)","(1, 0)",onion,,"(3, 0):empty;(4, 0):empty",0.0,0.0,2,"(1, 0)",3.0,0.0,3.0,0.0,0.0,3.0,False,"(4, 1)",,"(3, 1)",onion,"(4, 0):soup('onion', 1, 0)","(3, 0):empty;(4, 0):soup('onion', 1, 0)"
16,5,interact,"(4, 1)","(0, -1)",,"(3, 1)","(1, 0)",onion,"(4, 0):soup('onion', 1, 0)","(3, 0):empty;(4, 0):soup('onion', 1, 0)",0.0,3.0,0,"(0, -1)",0.0,0.0,0.0,0.0,0.0,3.0,False,"(4, 1)",,"(3, 1)",onion,"(4, 0):soup('onion', 1, 0)","(3, 0):empty;(4, 0):soup('onion', 1, 0)"
17,5,interact,"(4, 1)","(0, -1)",,"(3, 1)","(0, -1)",onion,"(4, 0):soup('onion', 1, 0)","(3, 0):empty;(4, 0):soup('onion', 1, 0)",0.0,3.0,5,interact,3.0,0.0,3.0,0.0,0.0,6.0,False,"(4, 1)",,"(3, 1)",,"(3, 0):soup('onion', 1, 0);(4, 0):soup('onion', 1, 0)","(3, 0):soup('onion', 1, 0);(4, 0):soup('onion', 1, 0)"
18,1,"(0, 1)","(4, 1)","(0, -1)",,"(3, 1)","(0, -1)",,"(3, 0):soup('onion', 1, 0);(4, 0):soup('onion', 1, 0)","(3, 0):soup('onion', 1, 0);(4, 0):soup('onion', 1, 0)",0.0,6.0,3,"(-1, 0)",0.0,0.0,0.0,0.0,0.0,6.0,False,"(4, 1)",,"(2, 1)",,"(3, 0):soup('onion', 1, 0);(4, 0):soup('onion', 1, 0)","(3, 0):soup('onion', 1, 0);(4, 0):soup('onion', 1, 0)"
19,2,"(1, 0)","(4, 1)","(0, 1)",,"(2, 1)","(-1, 0)",,"(3, 0):soup('onion', 1, 0);(4, 0):soup('onion', 1, 0)","(3, 0):soup('onion', 1, 0);(4, 0):soup('onion', 1, 0)",0.0,6.0,3,"(-1, 0)",0.0,0.0,0.0,0.0,0.0,6.0,False,"(5, 1)",,"(1, 1)",,"(3, 0):soup('onion', 1, 0);(4, 0):soup('onion', 1, 0)","(3, 0):soup('onion', 1, 0);(4, 0):soup('onion', 1, 0)"
20,1,"(0, 1)","(5, 1)","(1, 0)",,"(1, 1)","(-1, 0)",,"(3, 0):soup('onion', 1, 0);(4, 0):soup('onion', 1, 0)","(3, 0):soup('onion', 1, 0);(4, 0):soup('onion', 1, 0)",0.0,6.0,1,"(0, 1)",0.0,0.0,0.0,0.0,0.0,6.0,False,"(5, 1)",,"(1, 2)",,"(3, 0):soup('onion', 1, 0);(4, 0):soup('onion', 1, 0)","(3, 0):soup('onion', 1, 0);(4, 0):soup('onion', 1, 0)"
21,2,"(1, 0)","(5, 1)","(0, 1)",,"(1, 2)","(0, 1)",,"(3, 0):soup('onion', 1, 0);(4, 0):soup('onion', 1, 0)","(3, 0):soup('onion', 1, 0);(4, 0):soup('onion', 1, 0)",0.0,6.0,3,"(-1, 0)",0.0,0.0,0.0,0.0,0.0,6.0,False,"(6, 1)",,"(1, 2)",,"(3, 0):soup('onion', 1, 0);(4, 0):soup('onion', 1, 0)","(3, 0):soup('onion', 1, 0);(4, 0):soup('onion', 1, 0)"
22,1,"(0, 1)","(6, 1)","(1, 0)",,"(1, 2)","(-1, 0)",,"(3, 0):soup('onion', 1, 0);(4, 0):soup('onion', 1, 0)","(3, 0):soup('onion', 1, 0);(4, 0):soup('onion', 1, 0)",0.0,6.0,5,interact,3.0,0.0,3.0,0.0,0.0,9.0,False,"(6, 2)",,"(1, 2)",dish,"(3, 0):soup('onion', 1, 0);(4, 0):soup('onion', 1, 0)","(3, 0):soup('onion', 1, 0);(4, 0):soup('onion', 1, 0)"
23,1,"(0, 1)","(6, 2)","(0, 1)",,"(1, 2)","(-1, 0)",dish,"(3, 0):soup('onion', 1, 0);(4, 0):soup('onion', 1, 0)","(3, 0):soup('onion', 1, 0);(4, 0):soup('onion', 1, 0)",0.0,9.0,0,"(0, -1)",0.0,0.0,0.0,0.0,0.0,9.0,False,"(6, 3)",,"(1, 1)",dish,"(3, 0):soup('onion', 1, 0);(4, 0):soup('onion', 1, 0)","(3, 0):soup('onion', 1, 0);(4, 0):soup('onion', 1, 0)"
24,3,"(-1, 0)","(6, 3)","(0, 1)",,"(1, 1)","(0, -1)",dish,"(3, 0):soup('onion', 1, 0);(4, 0):soup('onion', 1, 0)","(3, 0):soup('onion', 1, 0);(4, 0):soup('onion', 1, 0)",0.0,9.0,2,"(1, 0)",0.0,0.0,0.0,0.0,0.0,9.0,False,"(5, 3)",,"(2, 1)",dish,"(3, 0):soup('onion', 1, 0);(4, 0):soup('onion', 1, 0)","(3, 0):soup('onion', 1, 0);(4, 0):soup('onion', 1, 0)"
25,3,"(-1, 0)","(5, 3)","(-1, 0)",,"(2, 1)","(1, 0)",dish,"(3, 0):soup('onion', 1, 0);(4, 0):soup('onion', 1, 0)","(3, 0):soup('onion', 1, 0);(4, 0):soup('onion', 1, 0)",0.0,9.0,2,"(1, 0)",0.0,0.0,0.0,0.0,0.0,9.0,False,"(4, 3)",,"(3, 1)",dish,"(3, 0):soup('onion', 1, 0);(4, 0):soup('onion', 1, 0)","(3, 0):soup('onion', 1, 0);(4, 0):soup('onion', 1, 0)"
26,1,"(0, 1)","(4, 3)","(-1, 0)",,"(3, 1)","(1, 0)",dish,"(3, 0):soup('onion', 1, 0);(4, 0):soup('onion', 1, 0)","(3, 0):soup('onion', 1, 0);(4, 0):soup('onion', 1, 0)",0.0,9.0,1,"(0, 1)",0.0,0.0,0.0,0.0,0.0,9.0,False,"(4, 3)",,"(3, 1)",dish,"(3, 0):soup('onion', 1, 0);(4, 0):soup('onion', 1, 0)","(3, 0):soup('onion', 1, 0);(4, 0):soup('onion', 1, 0)"
27,5,interact,"(4, 3)","(0, 1)",,"(3, 1)","(0, 1)",dish,"(3, 0):soup('onion', 1, 0);(4, 0):soup('onion', 1, 0)","(3, 0):soup('onion', 1, 0);(4, 0):soup('onion', 1, 0)",0.0,9.0,5,interact,0.0,0.0,0.0,0.0,0.0,9.0,False,"(4, 3)",onion,"(3, 1)",,"(3, 0):soup('onion', 1, 0);(3, 2):dish;(4, 0):soup('onion', 1, 0)","(3, 0):soup('onion', 1, 0);(4, 0):soup('onion', 1, 0)"
28,3,"(-1, 0)","(4, 3)","(0, 1)",onion,"(3, 1)","(0, 1)",,"(3, 0):soup('onion', 1, 0);(3, 2):dish;(4, 0):soup('onion', 1, 0)","(3, 0):soup('onion', 1, 0);(4, 0):soup('onion', 1, 0)",0.0,9.0,2,"(1, 0)",0.0,0.0,0.0,0.0,0.0,9.0,False,"(3, 3)",onion,"(4, 1)",,"(3, 0):soup('onion', 1, 0);(3, 2):dish;(4, 0):soup('onion', 1, 0)","(3, 0):soup('onion', 1, 0);(4, 0):soup('onion', 1, 0)"
29,1,"(0, 1)","(3, 3)","(-1, 0)",onion,"(4, 1)","(1, 0)",,"(3, 0):soup('onion', 1, 0);(3, 2):dish;(4, 0):soup('onion', 1, 0)","(3, 0):soup('onion', 1, 0);(4, 0):soup('onion', 1, 0)",0.0,9.0,2,"(1, 0)",0.0,0.0,0.0,0.0,0.0,9.0,False,"(3, 3)",onion,"(5, 1)",,"(3, 0):soup('onion', 1, 0);(3, 2):dish;(4, 0):soup('onion', 1, 0)","(3, 0):soup('onion', 1, 0);(4, 0):soup('onion', 1, 0)"
30,5,interact,"(3, 3)","(0, 1)",onion,"(5, 1)","(1, 0)",,"(3, 0):soup('onion', 1, 0);(3, 2):dish;(4, 0):soup('onion', 1, 0)","(3, 0):soup('onion', 1, 0);(4, 0):soup('onion', 1, 0)",0.0,9.0,2,"(1, 0)",0.0,0.0,0.0,0.0,0.0,9.0,False,"(3, 3)",onion,"(6, 1)",,"(3, 0):soup('onion', 1, 0);(3, 2):dish;(4, 0):soup('onion', 1, 0)","(3, 0):soup('onion', 1, 0);(4, 0):soup('onion', 1, 0)"
31,3,"(-1, 0)","(3, 3)","(0, 1)",onion,"(6, 1)","(1, 0)",,"(3, 0):soup('onion', 1, 0);(3, 2):dish;(4, 0):soup('onion', 1, 0)","(3, 0):soup('onion', 1, 0);(4, 0):soup('onion', 1, 0)",0.0,9.0,0,"(0, -1)",0.0,0.0,0.0,0.0,0.0,9.0,False,"(2, 3)",onion,"(6, 1)",,"(3, 0):soup('onion', 1, 0);(3, 2):dish;(4, 0):soup('onion', 1, 0)","(3, 0):soup('onion', 1, 0);(4, 0):soup('onion', 1, 0)"
32,3,"(-1, 0)","(2, 3)","(-1, 0)",onion,"(6, 1)","(0, -1)",,"(3, 0):soup('onion', 1, 0);(3, 2):dish;(4, 0):soup('onion', 1, 0)","(3, 0):soup('onion', 1, 0);(4, 0):soup('onion', 1, 0)",0.0,9.0,1,"(0, 1)",0.0,0.0,0.0,0.0,0.0,9.0,False,"(1, 3)",onion,"(6, 2)",,"(3, 0):soup('onion', 1, 0);(3, 2):dish;(4, 0):soup('onion', 1, 0)","(3, 0):soup('onion', 1, 0);(4, 0):soup('onion', 1, 0)"
33,5,interact,"(1, 3)","(-1, 0)",onion,"(6, 2)","(0, 1)",,"(3, 0):soup('onion', 1, 0);(3, 2):dish;(4, 0):soup('onion', 1, 0)","(3, 0):soup('onion', 1, 0);(4, 0):soup('onion', 1, 0)",0.0,9.0,1,"(0, 1)",0.0,0.0,0.0,0.0,0.0,9.0,False,"(1, 3)",,"(6, 3)",,"(0, 3):onion;(3, 0):soup('onion', 1, 0);(3, 2):dish;(4, 0):soup('onion', 1, 0)","(3, 0):soup('onion', 1, 0);(4, 0):soup('onion', 1, 0)"
34,5,interact,"(1, 3)","(-1, 0)",,"(6, 3)","(0, 1)",,"(0, 3):onion;(3, 0):soup('onion', 1, 0);(3, 2):dish;(4, 0):soup('onion', 1, 0)","(3, 0):soup('onion', 1, 0);(4, 0):soup('onion', 1, 0)",0.0,9.0,3,"(-1, 0)",0.0,0.0,0.0,0.0,0.0,9.0,False,"(1, 3)",onion,"(5, 3)",,"(3, 0):soup('onion', 1, 0);(3, 2):dish;(4, 0):soup('onion', 1, 0)","(3, 0):soup('onion', 1, 0);(4, 0):soup('onion', 1, 0)"
35,0,"(0, -1)","(1, 3)","(-1, 0)",onion,"(5, 3)","(-1, 0)",,"(3, 0):soup('onion', 1, 0);(3, 2):dish;(4, 0):soup('onion', 1, 0)","(3, 0):soup('onion', 1, 0);(4, 0):soup('onion', 1, 0)",0.0,9.0,3,"(-1, 0)",0.0,0.0,0.0,0.0,0.0,9.0,False,"(1, 2)",onion,"(4, 3)",,"(3, 0):soup('onion', 1, 0);(3, 2):dish;(4, 0):soup('onion', 1, 0)","(3, 0):soup('onion', 1, 0);(4, 0):soup('onion', 1, 0)"
36,5,interact,"(1, 2)","(0, -1)",onion,"(4, 3)","(-1, 0)",,"(3, 0):soup('onion', 1, 0);(3, 2):dish;(4, 0):soup('onion', 1, 0)","(3, 0):soup('onion', 1, 0);(4, 0):soup('onion', 1, 0)",0.0,9.0,1,"(0, 1)",0.0,0.0,0.0,0.0,0.0,9.0,False,"(1, 2)",onion,"(4, 3)",,"(3, 0):soup('onion', 1, 0);(3, 2):dish;(4, 0):soup('onion', 1, 0)","(3, 0):soup('onion', 1, 0);(4, 0):soup('onion', 1, 0)"
37,0,"(0, -1)","(1, 2)","(0, -1)",onion,"(4, 3)","(0, 1)",,"(3, 0):soup('onion', 1, 0);(3, 2):dish;(4, 0):soup('onion', 1, 0)","(3, 0):soup('onion', 1, 0);(4, 0):soup('onion', 1, 0)",0.0,9.0,5,interact,0.0,0.0,0.0,0.0,0.0,9.0,False,"(1, 1)",onion,"(4, 3)",onion,"(3, 0):soup('onion', 1, 0);(3, 2):dish;(4, 0):soup('onion', 1, 0)","(3, 0):soup('onion', 1, 0);(4, 0):soup('onion', 1, 0)"
38,2,"(1, 0)","(1, 1)","(0, -1)",onion,"(4, 3)","(0, 1)",onion,"(3, 0):soup('onion', 1, 0);(3, 2):dish;(4, 0):soup('onion', 1, 0)","(3, 0):soup('onion', 1, 0);(4, 0):soup('onion', 1, 0)",0.0,9.0,3,"(-1, 0)",0.0,0.0,0.0,0.0,0.0,9.0,False,"(2, 1)",onion,"(3, 3)",onion,"(3, 0):soup('onion', 1, 0);(3, 2):dish;(4, 0):soup('onion', 1, 0)","(3, 0):soup('onion', 1, 0);(4, 0):soup('onion', 1, 0)"
39,2,"(1, 0)","(2, 1)","(1, 0)",onion,"(3, 3)","(-1, 0)",onion,"(3, 0):soup('onion', 1, 0);(3, 2):dish;(4, 0):soup('onion', 1, 0)","(3, 0):soup('onion', 1, 0);(4, 0):soup('onion', 1, 0)",0.0,9.0,3,"(-1, 0)",0.0,0.0,0.0,0.0,0.0,9.0,False,"(3, 1)",onion,"(2, 3)",onion,"(3, 0):soup('onion', 1, 0);(3, 2):dish;(4, 0):soup('onion', 1, 0)","(3, 0):soup('onion', 1, 0);(4, 0):soup('onion', 1, 0)"
40,2,"(1, 0)","(3, 1)","(1, 0)",onion,"(2, 3)","(-1, 0)",onion,"(3, 0):soup('onion', 1, 0);(3, 2):dish;(4, 0):soup('onion', 1, 0)","(3, 0):soup('onion', 1, 0);(4, 0):soup('onion', 1, 0)",0.0,9.0,3,"(-1, 0)",0.0,0.0,0.0,0.0,0.0,9.0,False,"(4, 1)",onion,"(1, 3)",onion,"(3, 0):soup('onion', 1, 0);(3, 2):dish;(4, 0):soup('onion', 1, 0)","(3, 0):soup('onion', 1, 0);(4, 0):soup('onion', 1, 0)"
41,2,"(1, 0)","(4, 1)","(1, 0)",onion,"(1, 3)","(-1, 0)",onion,"(3, 0):soup('onion', 1, 0);(3, 2):dish;(4, 0):soup('onion', 1, 0)","(3, 0):soup('onion', 1, 0);(4, 0):soup('onion', 1, 0)",0.0,9.0,0,"(0, -1)",0.0,0.0,0.0,0.0,0.0,9.0,False,"(5, 1)",onion,"(1, 2)",onion,"(3, 0):soup('onion', 1, 0);(3, 2):dish;(4, 0):soup('onion', 1, 0)","(3, 0):soup('onion', 1, 0);(4, 0):soup('onion', 1, 0)"
42,3,"(-1, 0)","(5, 1)","(1, 0)",onion,"(1, 2)","(0, -1)",onion,"(3, 0):soup('onion', 1, 0);(3, 2):dish;(4, 0):soup('onion', 1, 0)","(3, 0):soup('onion', 1, 0);(4, 0):soup('onion', 1, 0)",0.0,9.0,0,"(0, -1)",0.0,0.0,0.0,0.0,0.0,9.0,False,"(4, 1)",onion,"(1, 1)",onion,"(3, 0):soup('onion', 1, 0);(3, 2):dish;(4, 0):soup('onion', 1, 0)","(3, 0):soup('onion', 1, 0);(4, 0):soup('onion', 1, 0)"
43,0,"(0, -1)","(4, 1)","(-1, 0)",onion,"(1, 1)","(0, -1)",onion,"(3, 0):soup('onion', 1, 0);(3, 2):dish;(4, 0):soup('onion', 1, 0)","(3, 0):soup('onion', 1, 0);(4, 0):soup('onion', 1, 0)",0.0,9.0,2,"(1, 0)",0.0,0.0,0.0,0.0,0.0,9.0,False,"(4, 1)",onion,"(2, 1)",onion,"(3, 0):soup('onion', 1, 0);(3, 2):dish;(4, 0):soup('onion', 1, 0)","(3, 0):soup('onion', 1, 0);(4, 0):soup('onion', 1, 0)"
44,5,interact,"(4, 1)","(0, -1)",onion,"(2, 1)","(1, 0)",onion,"(3, 0):soup('onion', 1, 0);(3, 2):dish;(4, 0):soup('onion', 1, 0)","(3, 0):soup('onion', 1, 0);(4, 0):soup('onion', 1, 0)",0.0,9.0,2,"(1, 0)",3.0,0.0,3.0,0.0,0.0,12.0,False,"(4, 1)",,"(3, 1)",onion,"(3, 0):soup('onion', 1, 0);(3, 2):dish;(4, 0):soup('onion', 2, 0)","(3, 0):soup('onion', 1, 0);(4, 0):soup('onion', 2, 0)"
45,5,interact,"(4, 1)","(0, -1)",,"(3, 1)","(1, 0)",onion,"(3, 0):soup('onion', 1, 0);(3, 2):dish;(4, 0):soup('onion', 2, 0)","(3, 0):soup('onion', 1, 0);(4, 0):soup('onion', 2, 0)",0.0,12.0,0,"(0, -1)",0.0,0.0,0.0,0.0,0.0,12.0,False,"(4, 1)",,"(3, 1)",onion,"(3, 0):soup('onion', 1, 0);(3, 2):dish;(4, 0):soup('onion', 2, 0)","(3, 0):soup('onion', 1, 0);(4, 0):soup('onion', 2, 0)"
46,5,interact,"(4, 1)","(0, -1)",,"(3, 1)","(0, -1)",onion,"(3, 0):soup('onion', 1, 0);(3, 2):dish;(4, 0):soup('onion', 2, 0)","(3, 0):soup('onion', 1, 0);(4, 0):soup('onion', 2, 0)",0.0,12.0,5,interact,3.0,0.0,3.0,0.0,0.0,15.0,False,"(4, 1)",,"(3, 1)",,"(3, 0):soup('onion', 2, 0);(3, 2):dish;(4, 0):soup('onion', 2, 0)","(3, 0):soup('onion', 2, 0);(4, 0):soup('onion', 2, 0)"
47,1,"(0, 1)","(4, 1)","(0, -1)",,"(3, 1)","(0, -1)",,"(3, 0):soup('onion', 2, 0);(3, 2):dish;(4, 0):soup('onion', 2, 0)","(3, 0):soup('onion', 2, 0);(4, 0):soup('onion', 2, 0)",0.0,15.0,3,"(-1, 0)",0.0,0.0,0.0,0.0,0.0,15.0,False,"(4, 1)",,"(2, 1)",,"(3, 0):soup('onion', 2, 0);(3, 2):dish;(4, 0):soup('onion', 2, 0)","(3, 0):soup('onion', 2, 0);(4, 0):soup('onion', 2, 0)"
48,2,"(1, 0)","(4, 1)","(0, 1)",,"(2, 1)","(-1, 0)",,"(3, 0):soup('onion', 2, 0);(3, 2):dish;(4, 0):soup('onion', 2, 0)","(3, 0):soup('onion', 2, 0);(4, 0):soup('onion', 2, 0)",0.0,15.0,3,"(-1, 0)",0.0,0.0,0.0,0.0,0.0,15.0,False,"(5, 1)",,"(1, 1)",,"(3, 0):soup('onion', 2, 0);(3, 2):dish;(4, 0):soup('onion', 2, 0)","(3, 0):soup('onion', 2, 0);(4, 0):soup('onion', 2, 0)"
49,1,"(0, 1)","(5, 1)","(1, 0)",,"(1, 1)","(-1, 0)",,"(3, 0):soup('onion', 2, 0);(3, 2):dish;(4, 0):soup('onion', 2, 0)","(3, 0):soup('onion', 2, 0);(4, 0):soup('onion', 2, 0)",0.0,15.0,1,"(0, 1)",0.0,0.0,0.0,0.0,0.0,15.0,False,"(5, 1)",,"(1, 2)",,"(3, 0):soup('onion', 2, 0);(3, 2):dish;(4, 0):soup('onion', 2, 0)","(3, 0):soup('onion', 2, 0);(4, 0):soup('onion', 2, 0)"
50,2,"(1, 0)","(5, 1)","(0, 1)",,"(1, 2)","(0, 1)",,"(3, 0):soup('onion', 2, 0);(3, 2):dish;(4, 0):soup('onion', 2, 0)","(3, 0):soup('onion', 2, 0);(4, 0):soup('onion', 2, 0)",0.0,15.0,3,"(-1, 0)",0.0,0.0,0.0,0.0,0.0,15.0,False,"(6, 1)",,"(1, 2)",,"(3, 0):soup('onion', 2, 0);(3, 2):dish;(4, 0):soup('onion', 2, 0)","(3, 0):soup('onion', 2, 0);(4, 0):soup('onion', 2, 0)"
51,1,"(0, 1)","(6, 1)","(1, 0)",,"(1, 2)","(-1, 0)",,"(3, 0):soup('onion', 2, 0);(3, 2):dish;(4, 0):soup('onion', 2, 0)","(3, 0):soup('onion', 2, 0);(4, 0):soup('onion', 2, 0)",0.0,15.0,5,interact,0.0,0.0,0.0,0.0,0.0,15.0,False,"(6, 2)",,"(1, 2)",dish,"(3, 0):soup('onion', 2, 0);(3, 2):dish;(4, 0):soup('onion', 2, 0)","(3, 0):soup('onion', 2, 0);(4, 0):soup('onion', 2, 0)"
52,1,"(0, 1)","(6, 2)","(0, 1)",,"(1, 2)","(-1, 0)",dish,"(3, 0):soup('onion', 2, 0);(3, 2):dish;(4, 0):soup('onion', 2, 0)","(3, 0):soup('onion', 2, 0);(4, 0):soup('onion', 2, 0)",0.0,15.0,0,"(0, -1)",0.0,0.0,0.0,0.0,0.0,15.0,False,"(6, 3)",,"(1, 1)",dish,"(3, 0):soup('onion', 2, 0);(3, 2):dish;(4, 0):soup('onion', 2, 0)","(3, 0):soup('onion', 2, 0);(4, 0):soup('onion', 2, 0)"
53,3,"(-1, 0)","(6, 3)","(0, 1)",,"(1, 1)","(0, -1)",dish,"(3, 0):soup('onion', 2, 0);(3, 2):dish;(4, 0):soup('onion', 2, 0)","(3, 0):soup('onion', 2, 0);(4, 0):soup('onion', 2, 0)",0.0,15.0,2,"(1, 0)",0.0,0.0,0.0,0.0,0.0,15.0,False,"(5, 3)",,"(2, 1)",dish,"(3, 0):soup('onion', 2, 0);(3, 2):dish;(4, 0):soup('onion', 2, 0)","(3, 0):soup('onion', 2, 0);(4, 0):soup('onion', 2, 0)"
54,3,"(-1, 0)","(5, 3)","(-1, 0)",,"(2, 1)","(1, 0)",dish,"(3, 0):soup('onion', 2, 0);(3, 2):dish;(4, 0):soup('onion', 2, 0)","(3, 0):soup('onion', 2, 0);(4, 0):soup('onion', 2, 0)",0.0,15.0,2,"(1, 0)",0.0,0.0,0.0,0.0,0.0,15.0,False,"(4, 3)",,"(3, 1)",dish,"(3, 0):soup('onion', 2, 0);(3, 2):dish;(4, 0):soup('onion', 2, 0)","(3, 0):soup('onion', 2, 0);(4, 0):soup('onion', 2, 0)"
55,1,"(0, 1)","(4, 3)","(-1, 0)",,"(3, 1)","(1, 0)",dish,"(3, 0):soup('onion', 2, 0);(3, 2):dish;(4, 0):soup('onion', 2, 0)","(3, 0):soup('onion', 2, 0);(4, 0):soup('onion', 2, 0)",0.0,15.0,1,"(0, 1)",0.0,0.0,0.0,0.0,0.0,15.0,False,"(4, 3)",,"(3, 1)",dish,"(3, 0):soup('onion', 2, 0);(3, 2):dish;(4, 0):soup('onion', 2, 0)","(3, 0):soup('onion', 2, 0);(4, 0):soup('onion', 2, 0)"
56,5,interact,"(4, 3)","(0, 1)",,"(3, 1)","(0, 1)",dish,"(3, 0):soup('onion', 2, 0);(3, 2):dish;(4, 0):soup('onion', 2, 0)","(3, 0):soup('onion', 2, 0);(4, 0):soup('onion', 2, 0)",0.0,15.0,5,interact,0.0,0.0,0.0,0.0,0.0,15.0,False,"(4, 3)",onion,"(3, 1)",dish,"(3, 0):soup('onion', 2, 0);(3, 2):dish;(4, 0):soup('onion', 2, 0)","(3, 0):soup('onion', 2, 0);(4, 0):soup('onion', 2, 0)"
57,5,interact,"(4, 3)","(0, 1)",onion,"(3, 1)","(0, 1)",dish,"(3, 0):soup('onion', 2, 0);(3, 2):dish;(4, 0):soup('onion', 2, 0)","(3, 0):soup('onion', 2, 0);(4, 0):soup('onion', 2, 0)",0.0,15.0,2,"(1, 0)",0.0,0.0,0.0,0.0,0.0,15.0,False,"(4, 3)",onion,"(4, 1)",dish,"(3, 0):soup('onion', 2, 0);(3, 2):dish;(4, 0):soup('onion', 2, 0)","(3, 0):soup('onion', 2, 0);(4, 0):soup('onion', 2, 0)"
58,1,"(0, 1)","(4, 3)","(0, 1)",onion,"(4, 1)","(1, 0)",dish,"(3, 0):soup('onion', 2, 0);(3, 2):dish;(4, 0):soup('onion', 2, 0)","(3, 0):soup('onion', 2, 0);(4, 0):soup('onion', 2, 0)",0.0,15.0,2,"(1, 0)",0.0,0.0,0.0,0.0,0.0,15.0,False,"(4, 3)",onion,"(5, 1)",dish,"(3, 0):soup('onion', 2, 0);(3, 2):dish;(4, 0):soup('onion', 2, 0)","(3, 0):soup('onion', 2, 0);(4, 0):soup('onion', 2, 0)"
59,1,"(0, 1)","(4, 3)","(0, 1)",onion,"(5, 1)","(1, 0)",dish,"(3, 0):soup('onion', 2, 0);(3, 2):dish;(4, 0):soup('onion', 2, 0)","(3, 0):soup('onion', 2, 0);(4, 0):soup('onion', 2, 0)",0.0,15.0,1,"(0, 1)",0.0,0.0,0.0,0.0,0.0,15.0,False,"(4, 3)",onion,"(5, 1)",dish,"(3, 0):soup('onion', 2, 0);(3, 2):dish;(4, 0):soup('onion', 2, 0)","(3, 0):soup('onion', 2, 0);(4, 0):soup('onion', 2, 0)"
60,5,interact,"(4, 3)","(0, 1)",onion,"(5, 1)","(0, 1)",dish,"(3, 0):soup('onion', 2, 0);(3, 2):dish;(4, 0):soup('onion', 2, 0)","(3, 0):soup('onion', 2, 0);(4, 0):soup('onion', 2, 0)",0.0,15.0,5,interact,0.0,0.0,0.0,0.0,0.0,15.0,False,"(4, 3)",onion,"(5, 1)",,"(3, 0):soup('onion', 2, 0);(3, 2):dish;(4, 0):soup('onion', 2, 0);(5, 2):dish","(3, 0):soup('onion', 2, 0);(4, 0):soup('onion', 2, 0)"
61,3,"(-1, 0)","(4, 3)","(0, 1)",onion,"(5, 1)","(0, 1)",,"(3, 0):soup('onion', 2, 0);(3, 2):dish;(4, 0):soup('onion', 2, 0);(5, 2):dish","(3, 0):soup('onion', 2, 0);(4, 0):soup('onion', 2, 0)",0.0,15.0,2,"(1, 0)",0.0,0.0,0.0,0.0,0.0,15.0,False,"(3, 3)",onion,"(6, 1)",,"(3, 0):soup('onion', 2, 0);(3, 2):dish;(4, 0):soup('onion', 2, 0);(5, 2):dish","(3, 0):soup('onion', 2, 0);(4, 0):soup('onion', 2, 0)"
62,3,"(-1, 0)","(3, 3)","(-1, 0)",onion,"(6, 1)","(1, 0)",,"(3, 0):soup('onion', 2, 0);(3, 2):dish;(4, 0):soup('onion', 2, 0);(5, 2):dish","(3, 0):soup('onion', 2, 0);(4, 0):soup('onion', 2, 0)",0.0,15.0,1,"(0, 1)",0.0,0.0,0.0,0.0,0.0,15.0,False,"(2, 3)",onion,"(6, 2)",,"(3, 0):soup('onion', 2, 0);(3, 2):dish;(4, 0):soup('onion', 2, 0);(5, 2):dish","(3, 0):soup('onion', 2, 0);(4, 0):soup('onion', 2, 0)"
63,3,"(-1, 0)","(2, 3)","(-1, 0)",onion,"(6, 2)","(0, 1)",,"(3, 0):soup('onion', 2, 0);(3, 2):dish;(4, 0):soup('onion', 2, 0);(5, 2):dish","(3, 0):soup('onion', 2, 0);(4, 0):soup('onion', 2, 0)",0.0,15.0,1,"(0, 1)",0.0,0.0,0.0,0.0,0.0,15.0,False,"(1, 3)",onion,"(6, 3)",,"(3, 0):soup('onion', 2, 0);(3, 2):dish;(4, 0):soup('onion', 2, 0);(5, 2):dish","(3, 0):soup('onion', 2, 0);(4, 0):soup('onion', 2, 0)"
64,0,"(0, -1)","(1, 3)","(-1, 0)",onion,"(6, 3)","(0, 1)",,"(3, 0):soup('onion', 2, 0);(3, 2):dish;(4, 0):soup('onion', 2, 0);(5, 2):dish","(3, 0):soup('onion', 2, 0);(4, 0):soup('onion', 2, 0)",0.0,15.0,3,"(-1, 0)",0.0,0.0,0.0,0.0,0.0,15.0,False,"(1, 2)",onion,"(5, 3)",,"(3, 0):soup('onion', 2, 0);(3, 2):dish;(4, 0):soup('onion', 2, 0);(5, 2):dish","(3, 0):soup('onion', 2, 0);(4, 0):soup('onion', 2, 0)"
65,5,interact,"(1, 2)","(0, -1)",onion,"(5, 3)","(-1, 0)",,"(3, 0):soup('onion', 2, 0);(3, 2):dish;(4, 0):soup('onion', 2, 0);(5, 2):dish","(3, 0):soup('onion', 2, 0);(4, 0):soup('onion', 2, 0)",0.0,15.0,3,"(-1, 0)",0.0,0.0,0.0,0.0,0.0,15.0,False,"(1, 2)",onion,"(4, 3)",,"(3, 0):soup('onion', 2, 0);(3, 2):dish;(4, 0):soup('onion', 2, 0);(5, 2):dish","(3, 0):soup('onion', 2, 0);(4, 0):soup('onion', 2, 0)"
66,5,interact,"(1, 2)","(0, -1)",onion,"(4, 3)","(-1, 0)",,"(3, 0):soup('onion', 2, 0);(3, 2):dish;(4, 0):soup('onion', 2, 0);(5, 2):dish","(3, 0):soup('onion', 2, 0);(4, 0):soup('onion', 2, 0)",0.0,15.0,1,"(0, 1)",0.0,0.0,0.0,0.0,0.0,15.0,False,"(1, 2)",onion,"(4, 3)",,"(3, 0):soup('onion', 2, 0);(3, 2):dish;(4, 0):soup('onion', 2, 0);(5, 2):dish","(3, 0):soup('onion', 2, 0);(4, 0):soup('onion', 2, 0)"
67,0,"(0, -1)","(1, 2)","(0, -1)",onion,"(4, 3)","(0, 1)",,"(3, 0):soup('onion', 2, 0);(3, 2):dish;(4, 0):soup('onion', 2, 0);(5, 2):dish","(3, 0):soup('onion', 2, 0);(4, 0):soup('onion', 2, 0)",0.0,15.0,5,interact,0.0,0.0,0.0,0.0,0.0,15.0,False,"(1, 1)",onion,"(4, 3)",onion,"(3, 0):soup('onion', 2, 0);(3, 2):dish;(4, 0):soup('onion', 2, 0);(5, 2):dish","(3, 0):soup('onion', 2, 0);(4, 0):soup('onion', 2, 0)"
68,2,"(1, 0)","(1, 1)","(0, -1)",onion,"(4, 3)","(0, 1)",onion,"(3, 0):soup('onion', 2, 0);(3, 2):dish;(4, 0):soup('onion', 2, 0);(5, 2):dish","(3, 0):soup('onion', 2, 0);(4, 0):soup('onion', 2, 0)",0.0,15.0,3,"(-1, 0)",0.0,0.0,0.0,0.0,0.0,15.0,False,"(2, 1)",onion,"(3, 3)",onion,"(3, 0):soup('onion', 2, 0);(3, 2):dish;(4, 0):soup('onion', 2, 0);(5, 2):dish","(3, 0):soup('onion', 2, 0);(4, 0):soup('onion', 2, 0)"
69,2,"(1, 0)","(2, 1)","(1, 0)",onion,"(3, 3)","(-1, 0)",onion,"(3, 0):soup('onion', 2, 0);(3, 2):dish;(4, 0):soup('onion', 2, 0);(5, 2):dish","(3, 0):soup('onion', 2, 0);(4, 0):soup('onion', 2, 0)",0.0,15.0,3,"(-1, 0)",0.0,0.0,0.0,0.0,0.0,15.0,False,"(3, 1)",onion,"(2, 3)",onion,"(3, 0):soup('onion', 2, 0);(3, 2):dish;(4, 0):soup('onion', 2, 0);(5, 2):dish","(3, 0):soup('onion', 2, 0);(4, 0):soup('onion', 2, 0)"
70,2,"(1, 0)","(3, 1)","(1, 0)",onion,"(2, 3)","(-1, 0)",onion,"(3, 0):soup('onion', 2, 0);(3, 2):dish;(4, 0):soup('onion', 2, 0);(5, 2):dish","(3, 0):soup('onion', 2, 0);(4, 0):soup('onion', 2, 0)",0.0,15.0,3,"(-1, 0)",0.0,0.0,0.0,0.0,0.0,15.0,False,"(4, 1)",onion,"(1, 3)",onion,"(3, 0):soup('onion', 2, 0);(3, 2):dish;(4, 0):soup('onion', 2, 0);(5, 2):dish","(3, 0):soup('onion', 2, 0);(4, 0):soup('onion', 2, 0)"
71,2,"(1, 0)","(4, 1)","(1, 0)",onion,"(1, 3)","(-1, 0)",onion,"(3, 0):soup('onion', 2, 0);(3, 2):dish;(4, 0):soup('onion', 2, 0);(5, 2):dish","(3, 0):soup('onion', 2, 0);(4, 0):soup('onion', 2, 0)",0.0,15.0,0,"(0, -1)",0.0,0.0,0.0,0.0,0.0,15.0,False,"(5, 1)",onion,"(1, 2)",onion,"(3, 0):soup('onion', 2, 0);(3, 2):dish;(4, 0):soup('onion', 2, 0);(5, 2):dish","(3, 0):soup('onion', 2, 0);(4, 0):soup('onion', 2, 0)"
72,3,"(-1, 0)","(5, 1)","(1, 0)",onion,"(1, 2)","(0, -1)",onion,"(3, 0):soup('onion', 2, 0);(3, 2):dish;(4, 0):soup('onion', 2, 0);(5, 2):dish","(3, 0):soup('onion', 2, 0);(4, 0):soup('onion', 2, 0)",0.0,15.0,0,"(0, -1)",0.0,0.0,0.0,0.0,0.0,15.0,False,"(4, 1)",onion,"(1, 1)",onion,"(3, 0):soup('onion', 2, 0);(3, 2):dish;(4, 0):soup('onion', 2, 0);(5, 2):dish","(3, 0):soup('onion', 2, 0);(4, 0):soup('onion', 2, 0)"
73,0,"(0, -1)","(4, 1)","(-1, 0)",onion,"(1, 1)","(0, -1)",onion,"(3, 0):soup('onion', 2, 0);(3, 2):dish;(4, 0):soup('onion', 2, 0);(5, 2):dish","(3, 0):soup('onion', 2, 0);(4, 0):soup('onion', 2, 0)",0.0,15.0,2,"(1, 0)",0.0,0.0,0.0,0.0,0.0,15.0,False,"(4, 1)",onion,"(2, 1)",onion,"(3, 0):soup('onion', 2, 0);(3, 2):dish;(4, 0):soup('onion', 2, 0);(5, 2):dish","(3, 0):soup('onion', 2, 0);(4, 0):soup('onion', 2, 0)"
74,5,interact,"(4, 1)","(0, -1)",onion,"(2, 1)","(1, 0)",onion,"(3, 0):soup('onion', 2, 0);(3, 2):dish;(4, 0):soup('onion', 2, 0);(5, 2):dish","(3, 0):soup('onion', 2, 0);(4, 0):soup('onion', 2, 0)",0.0,15.0,2,"(1, 0)",3.0,0.0,3.0,0.0,0.0,18.0,False,"(4, 1)",,"(3, 1)",onion,"(3, 0):soup('onion', 2, 0);(3, 2):dish;(4, 0):soup('onion', 3, 1);(5, 2):dish","(3, 0):soup('onion', 2, 0);(4, 0):soup('onion', 3, 1)"
75,5,interact,"(4, 1)","(0, -1)",,"(3, 1)","(1, 0)",onion,"(3, 0):soup('onion', 2, 0);(3, 2):dish;(4, 0):soup('onion', 3, 1);(5, 2):dish","(3, 0):soup('onion', 2, 0);(4, 0):soup('onion', 3, 1)",0.0,18.0,0,"(0, -1)",0.0,0.0,0.0,0.0,0.0,18.0,False,"(4, 1)",,"(3, 1)",onion,"(3, 0):soup('onion', 2, 0);(3, 2):dish;(4, 0):soup('onion', 3, 2);(5, 2):dish","(3, 0):soup('onion', 2, 0);(4, 0):soup('onion', 3, 2)"
76,5,interact,"(4, 1)","(0, -1)",,"(3, 1)","(0, -1)",onion,"(3, 0):soup('onion', 2, 0);(3, 2):dish;(4, 0):soup('onion', 3, 2);(5, 2):dish","(3, 0):soup('onion', 2, 0);(4, 0):soup('onion', 3, 2)",0.0,18.0,5,interact,3.0,0.0,3.0,0.0,0.0,21.0,False,"(4, 1)",,"(3, 1)",,"(3, 0):soup('onion', 3, 1);(3, 2):dish;(4, 0):soup('onion', 3, 3);(5, 2):dish","(3, 0):soup('onion', 3, 1);(4, 0):soup('onion', 3, 3)"
77,1,"(0, 1)","(4, 1)","(0, -1)",,"(3, 1)","(0, -1)",,"(3, 0):soup('onion', 3, 1);(3, 2):dish;(4, 0):soup('onion', 3, 3);(5, 2):dish","(3, 0):soup('onion', 3, 1);(4, 0):soup('onion', 3, 3)",0.0,21.0,3,"(-1, 0)",0.0,0.0,0.0,0.0,0.0,21.0,False,"(4, 1)",,"(2, 1)",,"(3, 0):soup('onion', 3, 2);(3, 2):dish;(4, 0):soup('onion', 3, 4);(5, 2):dish","(3, 0):soup('onion', 3, 2);(4, 0):soup('onion', 3, 4)"
78,2,"(1, 0)","(4, 1)","(0, 1)",,"(2, 1)","(-1, 0)",,"(3, 0):soup('onion', 3, 2);(3, 2):dish;(4, 0):soup('onion', 3, 4);(5, 2):dish","(3, 0):soup('onion', 3, 2);(4, 0):soup('onion', 3, 4)",0.0,21.0,3,"(-1, 0)",0.0,0.0,0.0,0.0,0.0,21.0,False,"(5, 1)",,"(1, 1)",,"(3, 0):soup('onion', 3, 3);(3, 2):dish;(4, 0):soup('onion', 3, 5);(5, 2):dish","(3, 0):soup('onion', 3, 3);(4, 0):soup('onion', 3, 5)"
79,1,"(0, 1)","(5, 1)","(1, 0)",,"(1, 1)","(-1, 0)",,"(3, 0):soup('onion', 3, 3);(3, 2):dish;(4, 0):soup('onion', 3, 5);(5, 2):dish","(3, 0):soup('onion', 3, 3);(4, 0):soup('onion', 3, 5)",0.0,21.0,1,"(0, 1)",0.0,0.0,0.0,0.0,0.0,21.0,False,"(5, 1)",,"(1, 2)",,"(3, 0):soup('onion', 3, 4);(3, 2):dish;(4, 0):soup('onion', 3, 6);(5, 2):dish","(3, 0):soup('onion', 3, 4);(4, 0):soup('onion', 3, 6)"
80,3,"(-1, 0)","(5, 1)","(0, 1)",,"(1, 2)","(0, 1)",,"(3, 0):soup('onion', 3, 4);(3, 2):dish;(4, 0):soup('onion', 3, 6);(5, 2):dish","(3, 0):soup('onion', 3, 4);(4, 0):soup('onion', 3, 6)",0.0,21.0,3,"(-1, 0)",0.0,0.0,0.0,0.0,0.0,21.0,False,"(4, 1)",,"(1, 2)",,"(3, 0):soup('onion', 3, 5);(3, 2):dish;(4, 0):soup('onion', 3, 7);(5, 2):dish","(3, 0):soup('onion', 3, 5);(4, 0):soup('onion', 3, 7)"
81,1,"(0, 1)","(4, 1)","(-1, 0)",,"(1, 2)","(-1, 0)",,"(3, 0):soup('onion', 3, 5);(3, 2):dish;(4, 0):soup('onion', 3, 7);(5, 2):dish","(3, 0):soup('onion', 3, 5);(4, 0):soup('onion', 3, 7)",0.0,21.0,5,interact,0.0,0.0,0.0,0.0,0.0,21.0,False,"(4, 1)",,"(1, 2)",dish,"(3, 0):soup('onion', 3, 6);(3, 2):dish;(4, 0):soup('onion', 3, 8);(5, 2):dish","(3, 0):soup('onion', 3, 6);(4, 0):soup('onion', 3, 8)"
82,2,"(1, 0)","(4, 1)","(0, 1)",,"(1, 2)","(-1, 0)",dish,"(3, 0):soup('onion', 3, 6);(3, 2):dish;(4, 0):soup('onion', 3, 8);(5, 2):dish","(3, 0):soup('onion', 3, 6);(4, 0):soup('onion', 3, 8)",0.0,21.0,5,interact,0.0,0.0,0.0,0.0,0.0,21.0,False,"(5, 1)",,"(1, 2)",dish,"(3, 0):soup('onion', 3, 7);(3, 2):dish;(4, 0):soup('onion', 3, 9);(5, 2):dish","(3, 0):soup('onion', 3, 7);(4, 0):soup('onion', 3, 9)"
83,2,"(1, 0)","(5, 1)","(1, 0)",,"(1, 2)","(-1, 0)",dish,"(3, 0):soup('onion', 3, 7);(3, 2):dish;(4, 0):soup('onion', 3, 9);(5, 2):dish","(3, 0):soup('onion', 3, 7);(4, 0):soup('onion', 3, 9)",0.0,21.0,5,interact,0.0,0.0,0.0,0.0,0.0,21.0,False,"(6, 1)",,"(1, 2)",dish,"(3, 0):soup('onion', 3, 8);(3, 2):dish;(4, 0):soup('onion', 3, 10);(5, 2):dish","(3, 0):soup('onion', 3, 8);(4, 0):soup('onion', 3, 10)"
84,1,"(0, 1)","(6, 1)","(1, 0)",,"(1, 2)","(-1, 0)",dish,"(3, 0):soup('onion', 3, 8);(3, 2):dish;(4, 0):soup('onion', 3, 10);(5, 2):dish","(3, 0):soup('onion', 3, 8);(4, 0):soup('onion', 3, 10)",0.0,21.0,5,interact,0.0,0.0,0.0,0.0,0.0,21.0,False,"(6, 2)",,"(1, 2)",dish,"(3, 0):soup('onion', 3, 9);(3, 2):dish;(4, 0):soup('onion', 3, 11);(5, 2):dish","(3, 0):soup('onion', 3, 9);(4, 0):soup('onion', 3, 11)"
85,1,"(0, 1)","(6, 2)","(0, 1)",,"(1, 2)","(-1, 0)",dish,"(3, 0):soup('onion', 3, 9);(3, 2):dish;(4, 0):soup('onion', 3, 11);(5, 2):dish","(3, 0):soup('onion', 3, 9);(4, 0):soup('onion', 3, 11)",0.0,21.0,0,"(0, -1)",0.0,0.0,0.0,0.0,0.0,21.0,False,"(6, 3)",,"(1, 1)",dish,"(3, 0):soup('onion', 3, 10);(3, 2):dish;(4, 0):soup('onion', 3, 12);(5, 2):dish","(3, 0):soup('onion', 3, 10);(4, 0):soup('onion', 3, 12)"
86,3,"(-1, 0)","(6, 3)","(0, 1)",,"(1, 1)","(0, -1)",dish,"(3, 0):soup('onion', 3, 10);(3, 2):dish;(4, 0):soup('onion', 3, 12);(5, 2):dish","(3, 0):soup('onion', 3, 10);(4, 0):soup('onion', 3, 12)",0.0,21.0,0,"(0, -1)",0.0,0.0,0.0,0.0,0.0,21.0,False,"(5, 3)",,"(1, 1)",dish,"(3, 0):soup('onion', 3, 11);(3, 2):dish;(4, 0):soup('onion', 3, 13);(5, 2):dish","(3, 0):soup('onion', 3, 11);(4, 0):soup('onion', 3, 13)"
87,3,"(-1, 0)","(5, 3)","(-1, 0)",,"(1, 1)","(0, -1)",dish,"(3, 0):soup('onion', 3, 11);(3, 2):dish;(4, 0):soup('onion', 3, 13);(5, 2):dish","(3, 0):soup('onion', 3, 11);(4, 0):soup('onion', 3, 13)",0.0,21.0,2,"(1, 0)",0.0,0.0,0.0,0.0,0.0,21.0,False,"(4, 3)",,"(2, 1)",dish,"(3, 0):soup('onion', 3, 12);(3, 2):dish;(4, 0):soup('onion', 3, 14);(5, 2):dish","(3, 0):soup('onion', 3, 12);(4, 0):soup('onion', 3, 14)"
88,1,"(0, 1)","(4, 3)","(-1, 0)",,"(2, 1)","(1, 0)",dish,"(3, 0):soup('onion', 3, 12);(3, 2):dish;(4, 0):soup('onion', 3, 14);(5, 2):dish","(3, 0):soup('onion', 3, 12);(4, 0):soup('onion', 3, 14)",0.0,21.0,2,"(1, 0)",0.0,0.0,0.0,0.0,0.0,21.0,False,"(4, 3)",,"(3, 1)",dish,"(3, 0):soup('onion', 3, 13);(3, 2):dish;(4, 0):soup('onion', 3, 15);(5, 2):dish","(3, 0):soup('onion', 3, 13);(4, 0):soup('onion', 3, 15)"
89,1,"(0, 1)","(4, 3)","(0, 1)",,"(3, 1)","(1, 0)",dish,"(3, 0):soup('onion', 3, 13);(3, 2):dish;(4, 0):soup('onion', 3, 15);(5, 2):dish","(3, 0):soup('onion', 3, 13);(4, 0):soup('onion', 3, 15)",0.0,21.0,0,"(0, -1)",0.0,0.0,0.0,0.0,0.0,21.0,False,"(4, 3)",,"(3, 1)",dish,"(3, 0):soup('onion', 3, 14);(3, 2):dish;(4, 0):soup('onion', 3, 16);(5, 2):dish","(3, 0):soup('onion', 3, 14);(4, 0):soup('onion', 3, 16)"
90,1,"(0, 1)","(4, 3)","(0, 1)",,"(3, 1)","(0, -1)",dish,"(3, 0):soup('onion', 3, 14);(3, 2):dish;(4, 0):soup('onion', 3, 16);(5, 2):dish","(3, 0):soup('onion', 3, 14);(4, 0):soup('onion', 3, 16)",0.0,21.0,5,interact,0.0,0.0,0.0,0.0,0.0,21.0,False,"(4, 3)",,"(3, 1)",dish,"(3, 0):soup('onion', 3, 15);(3, 2):dish;(4, 0):soup('onion', 3, 17);(5, 2):dish","(3, 0):soup('onion', 3, 15);(4, 0):soup('onion', 3, 17)"
91,1,"(0, 1)","(4, 3)","(0, 1)",,"(3, 1)","(0, -1)",dish,"(3, 0):soup('onion', 3, 15);(3, 2):dish;(4, 0):soup('onion', 3, 17);(5, 2):dish","(3, 0):soup('onion', 3, 15);(4, 0):soup('onion', 3, 17)",0.0,21.0,5,interact,0.0,0.0,0.0,0.0,0.0,21.0,False,"(4, 3)",,"(3, 1)",dish,"(3, 0):soup('onion', 3, 16);(3, 2):dish;(4, 0):soup('onion', 3, 18);(5, 2):dish","(3, 0):soup('onion', 3, 16);(4, 0):soup('onion', 3, 18)"
92,1,"(0, 1)","(4, 3)","(0, 1)",,"(3, 1)","(0, -1)",dish,"(3, 0):soup('onion', 3, 16);(3, 2):dish;(4, 0):soup('onion', 3, 18);(5, 2):dish","(3, 0):soup('onion', 3, 16);(4, 0):soup('onion', 3, 18)",0.0,21.0,5,interact,0.0,0.0,0.0,0.0,0.0,21.0,False,"(4, 3)",,"(3, 1)",dish,"(3, 0):soup('onion', 3, 17);(3, 2):dish;(4, 0):soup('onion', 3, 19);(5, 2):dish","(3, 0):soup('onion', 3, 17);(4, 0):soup('onion', 3, 19)"
93,1,"(0, 1)","(4, 3)","(0, 1)",,"(3, 1)","(0, -1)",dish,"(3, 0):soup('onion', 3, 17);(3, 2):dish;(4, 0):soup('onion', 3, 19);(5, 2):dish","(3, 0):soup('onion', 3, 17);(4, 0):soup('onion', 3, 19)",0.0,21.0,5,interact,0.0,0.0,0.0,0.0,0.0,21.0,False,"(4, 3)",,"(3, 1)",dish,"(3, 0):soup('onion', 3, 18);(3, 2):dish;(4, 0):soup('onion', 3, 20);(5, 2):dish","(3, 0):soup('onion', 3, 18);(4, 0):soup('onion', 3, 20)"
94,1,"(0, 1)","(4, 3)","(0, 1)",,"(3, 1)","(0, -1)",dish,"(3, 0):soup('onion', 3, 18);(3, 2):dish;(4, 0):soup('onion', 3, 20);(5, 2):dish","(3, 0):soup('onion', 3, 18);(4, 0):soup('onion', 3, 20)",0.0,21.0,5,interact,0.0,0.0,0.0,0.0,0.0,21.0,False,"(4, 3)",,"(3, 1)",dish,"(3, 0):soup('onion', 3, 19);(3, 2):dish;(4, 0):soup('onion', 3, 20);(5, 2):dish","(3, 0):soup('onion', 3, 19);(4, 0):soup('onion', 3, 20)"
95,1,"(0, 1)","(4, 3)","(0, 1)",,"(3, 1)","(0, -1)",dish,"(3, 0):soup('onion', 3, 19);(3, 2):dish;(4, 0):soup('onion', 3, 20);(5, 2):dish","(3, 0):soup('onion', 3, 19);(4, 0):soup('onion', 3, 20)",0.0,21.0,5,interact,0.0,0.0,0.0,0.0,0.0,21.0,False,"(4, 3)",,"(3, 1)",dish,"(3, 0):soup('onion', 3, 20);(3, 2):dish;(4, 0):soup('onion', 3, 20);(5, 2):dish","(3, 0):soup('onion', 3, 20);(4, 0):soup('onion', 3, 20)"
96,1,"(0, 1)","(4, 3)","(0, 1)",,"(3, 1)","(0, -1)",dish,"(3, 0):soup('onion', 3, 20);(3, 2):dish;(4, 0):soup('onion', 3, 20);(5, 2):dish","(3, 0):soup('onion', 3, 20);(4, 0):soup('onion', 3, 20)",0.0,21.0,5,interact,5.0,0.0,5.0,0.0,0.0,26.0,False,"(4, 3)",,"(3, 1)","soup('onion', 3, 20)","(3, 2):dish;(4, 0):soup('onion', 3, 20);(5, 2):dish","(3, 0):empty;(4, 0):soup('onion', 3, 20)"
97,5,interact,"(4, 3)","(0, 1)",,"(3, 1)","(0, -1)","soup('onion', 3, 20)","(3, 2):dish;(4, 0):soup('onion', 3, 20);(5, 2):dish","(3, 0):empty;(4, 0):soup('onion', 3, 20)",0.0,26.0,2,"(1, 0)",0.0,0.0,0.0,0.0,0.0,26.0,False,"(4, 3)",onion,"(4, 1)","soup('onion', 3, 20)","(3, 2):dish;(4, 0):soup('onion', 3, 20);(5, 2):dish","(3, 0):empty;(4, 0):soup('onion', 3, 20)"
98,5,interact,"(4, 3)","(0, 1)",onion,"(4, 1)","(1, 0)","soup('onion', 3, 20)","(3, 2):dish;(4, 0):soup('onion', 3, 20);(5, 2):dish","(3, 0):empty;(4, 0):soup('onion', 3, 20)",0.0,26.0,2,"(1, 0)",0.0,0.0,0.0,0.0,0.0,26.0,False,"(4, 3)",onion,"(5, 1)","soup('onion', 3, 20)","(3, 2):dish;(4, 0):soup('onion', 3, 20);(5, 2):dish","(3, 0):empty;(4, 0):soup('onion', 3, 20)"
99,3,"(-1, 0)","(4, 3)","(0, 1)",onion,"(5, 1)","(1, 0)","soup('onion', 3, 20)","(3, 2):dish;(4, 0):soup('onion', 3, 20);(5, 2):dish","(3, 0):empty;(4, 0):soup('onion', 3, 20)",0.0,26.0,2,"(1, 0)",0.0,0.0,0.0,0.0,0.0,26.0,False,"(3, 3)",onion,"(6, 1)","soup('onion', 3, 20)","(3, 2):dish;(4, 0):soup('onion', 3, 20);(5, 2):dish","(3, 0):empty;(4, 0):soup('onion', 3, 20)"
100,3,"(-1, 0)","(3, 3)","(-1, 0)",onion,"(6, 1)","(1, 0)","soup('onion', 3, 20)","(3, 2):dish;(4, 0):soup('onion', 3, 20);(5, 2):dish","(3, 0):empty;(4, 0):soup('onion', 3, 20)",0.0,26.0,5,interact,0.0,0.0,0.0,0.0,0.0,26.0,False,"(2, 3)",onion,"(6, 1)",,"(3, 2):dish;(4, 0):soup('onion', 3, 20);(5, 2):dish;(7, 1):soup('onion', 3, 20)","(3, 0):empty;(4, 0):soup('onion', 3, 20)"
101,3,"(-1, 0)","(2, 3)","(-1, 0)",onion,"(6, 1)","(1, 0)",,"(3, 2):dish;(4, 0):soup('onion', 3, 20);(5, 2):dish;(7, 1):soup('onion', 3, 20)","(3, 0):empty;(4, 0):soup('onion', 3, 20)",0.0,26.0,1,"(0, 1)",0.0,0.0,0.0,0.0,0.0,26.0,False,"(1, 3)",onion,"(6, 2)",,"(3, 2):dish;(4, 0):soup('onion', 3, 20);(5, 2):dish;(7, 1):soup('onion', 3, 20)","(3, 0):empty;(4, 0):soup('onion', 3, 20)"
102,3,"(-1, 0)","(1, 3)","(-1, 0)",onion,"(6, 2)","(0, 1)",,"(3, 2):dish;(4, 0):soup('onion', 3, 20);(5, 2):dish;(7, 1):soup('onion', 3, 20)","(3, 0):empty;(4, 0):soup('onion', 3, 20)",0.0,26.0,1,"(0, 1)",0.0,0.0,0.0,0.0,0.0,26.0,False,"(1, 3)",onion,"(6, 3)",,"(3, 2):dish;(4, 0):soup('onion', 3, 20);(5, 2):dish;(7, 1):soup('onion', 3, 20)","(3, 0):empty;(4, 0):soup('onion', 3, 20)"
103,0,"(0, -1)","(1, 3)","(-1, 0)",onion,"(6, 3)","(0, 1)",,"(3, 2):dish;(4, 0):soup('onion', 3, 20);(5, 2):dish;(7, 1):soup('onion', 3, 20)","(3, 0):empty;(4, 0):soup('onion', 3, 20)",0.0,26.0,3,"(-1, 0)",0.0,0.0,0.0,0.0,0.0,26.0,False,"(1, 2)",onion,"(5, 3)",,"(3, 2):dish;(4, 0):soup('onion', 3, 20);(5, 2):dish;(7, 1):soup('onion', 3, 20)","(3, 0):empty;(4, 0):soup('onion', 3, 20)"
104,2,"(1, 0)","(1, 2)","(0, -1)",onion,"(5, 3)","(-1, 0)",,"(3, 2):dish;(4, 0):soup('onion', 3, 20);(5, 2):dish;(7, 1):soup('onion', 3, 20)","(3, 0):empty;(4, 0):soup('onion', 3, 20)",0.0,26.0,3,"(-1, 0)",0.0,0.0,0.0,0.0,0.0,26.0,False,"(1, 2)",onion,"(4, 3)",,"(3, 2):dish;(4, 0):soup('onion', 3, 20);(5, 2):dish;(7, 1):soup('onion', 3, 20)","(3, 0):empty;(4, 0):soup('onion', 3, 20)"
105,2,"(1, 0)","(1, 2)","(1, 0)",onion,"(4, 3)","(-1, 0)",,"(3, 2):dish;(4, 0):soup('onion', 3, 20);(5, 2):dish;(7, 1):soup('onion', 3, 20)","(3, 0):empty;(4, 0):soup('onion', 3, 20)",0.0,26.0,1,"(0, 1)",0.0,0.0,0.0,0.0,0.0,26.0,False,"(1, 2)",onion,"(4, 3)",,"(3, 2):dish;(4, 0):soup('onion', 3, 20);(5, 2):dish;(7, 1):soup('onion', 3, 20)","(3, 0):empty;(4, 0):soup('onion', 3, 20)"
106,2,"(1, 0)","(1, 2)","(1, 0)",onion,"(4, 3)","(0, 1)",,"(3, 2):dish;(4, 0):soup('onion', 3, 20);(5, 2):dish;(7, 1):soup('onion', 3, 20)","(3, 0):empty;(4, 0):soup('onion', 3, 20)",0.0,26.0,5,interact,0.0,0.0,0.0,0.0,0.0,26.0,False,"(1, 2)",onion,"(4, 3)",onion,"(3, 2):dish;(4, 0):soup('onion', 3, 20);(5, 2):dish;(7, 1):soup('onion', 3, 20)","(3, 0):empty;(4, 0):soup('onion', 3, 20)"
107,2,"(1, 0)","(1, 2)","(1, 0)",onion,"(4, 3)","(0, 1)",onion,"(3, 2):dish;(4, 0):soup('onion', 3, 20);(5, 2):dish;(7, 1):soup('onion', 3, 20)","(3, 0):empty;(4, 0):soup('onion', 3, 20)",0.0,26.0,3,"(-1, 0)",0.0,0.0,0.0,0.0,0.0,26.0,False,"(1, 2)",onion,"(3, 3)",onion,"(3, 2):dish;(4, 0):soup('onion', 3, 20);(5, 2):dish;(7, 1):soup('onion', 3, 20)","(3, 0):empty;(4, 0):soup('onion', 3, 20)"
108,2,"(1, 0)","(1, 2)","(1, 0)",onion,"(3, 3)","(-1, 0)",onion,"(3, 2):dish;(4, 0):soup('onion', 3, 20);(5, 2):dish;(7, 1):soup('onion', 3, 20)","(3, 0):empty;(4, 0):soup('onion', 3, 20)",0.0,26.0,1,"(0, 1)",0.0,0.0,0.0,0.0,0.0,26.0,False,"(1, 2)",onion,"(3, 3)",onion,"(3, 2):dish;(4, 0):soup('onion', 3, 20);(5, 2):dish;(7, 1):soup('onion', 3, 20)","(3, 0):empty;(4, 0):soup('onion', 3, 20)"
109,2,"(1, 0)","(1, 2)","(1, 0)",onion,"(3, 3)","(0, 1)",onion,"(3, 2):dish;(4, 0):soup('onion', 3, 20);(5, 2):dish;(7, 1):soup('onion', 3, 20)","(3, 0):empty;(4, 0):soup('onion', 3, 20)",0.0,26.0,4,"(0, 0)",0.0,0.0,0.0,0.0,0.0,26.0,False,"(1, 2)",onion,"(3, 3)",onion,"(3, 2):dish;(4, 0):soup('onion', 3, 20);(5, 2):dish;(7, 1):soup('onion', 3, 20)","(3, 0):empty;(4, 0):soup('onion', 3, 20)"
110,2,"(1, 0)","(1, 2)","(1, 0)",onion,"(3, 3)","(0, 1)",onion,"(3, 2):dish;(4, 0):soup('onion', 3, 20);(5, 2):dish;(7, 1):soup('onion', 3, 20)","(3, 0):empty;(4, 0):soup('onion', 3, 20)",0.0,26.0,4,"(0, 0)",0.0,0.0,0.0,0.0,0.0,26.0,False,"(1, 2)",onion,"(3, 3)",onion,"(3, 2):dish;(4, 0):soup('onion', 3, 20);(5, 2):dish;(7, 1):soup('onion', 3, 20)","(3, 0):empty;(4, 0):soup('onion', 3, 20)"
111,2,"(1, 0)","(1, 2)","(1, 0)",onion,"(3, 3)","(0, 1)",onion,"(3, 2):dish;(4, 0):soup('onion', 3, 20);(5, 2):dish;(7, 1):soup('onion', 3, 20)","(3, 0):empty;(4, 0):soup('onion', 3, 20)",0.0,26.0,4,"(0, 0)",0.0,0.0,0.0,0.0,0.0,26.0,False,"(1, 2)",onion,"(3, 3)",onion,"(3, 2):dish;(4, 0):soup('onion', 3, 20);(5, 2):dish;(7, 1):soup('onion', 3, 20)","(3, 0):empty;(4, 0):soup('onion', 3, 20)"
112,2,"(1, 0)","(1, 2)","(1, 0)",onion,"(3, 3)","(0, 1)",onion,"(3, 2):dish;(4, 0):soup('onion', 3, 20);(5, 2):dish;(7, 1):soup('onion', 3, 20)","(3, 0):empty;(4, 0):soup('onion', 3, 20)",0.0,26.0,4,"(0, 0)",0.0,0.0,0.0,0.0,0.0,26.0,False,"(1, 2)",onion,"(3, 3)",onion,"(3, 2):dish;(4, 0):soup('onion', 3, 20);(5, 2):dish;(7, 1):soup('onion', 3, 20)","(3, 0):empty;(4, 0):soup('onion', 3, 20)"
113,2,"(1, 0)","(1, 2)","(1, 0)",onion,"(3, 3)","(0, 1)",onion,"(3, 2):dish;(4, 0):soup('onion', 3, 20);(5, 2):dish;(7, 1):soup('onion', 3, 20)","(3, 0):empty;(4, 0):soup('onion', 3, 20)",0.0,26.0,4,"(0, 0)",0.0,0.0,0.0,0.0,0.0,26.0,False,"(1, 2)",onion,"(3, 3)",onion,"(3, 2):dish;(4, 0):soup('onion', 3, 20);(5, 2):dish;(7, 1):soup('onion', 3, 20)","(3, 0):empty;(4, 0):soup('onion', 3, 20)"
114,2,"(1, 0)","(1, 2)","(1, 0)",onion,"(3, 3)","(0, 1)",onion,"(3, 2):dish;(4, 0):soup('onion', 3, 20);(5, 2):dish;(7, 1):soup('onion', 3, 20)","(3, 0):empty;(4, 0):soup('onion', 3, 20)",0.0,26.0,4,"(0, 0)",0.0,0.0,0.0,0.0,0.0,26.0,False,"(1, 2)",onion,"(3, 3)",onion,"(3, 2):dish;(4, 0):soup('onion', 3, 20);(5, 2):dish;(7, 1):soup('onion', 3, 20)","(3, 0):empty;(4, 0):soup('onion', 3, 20)"
115,2,"(1, 0)","(1, 2)","(1, 0)",onion,"(3, 3)","(0, 1)",onion,"(3, 2):dish;(4, 0):soup('onion', 3, 20);(5, 2):dish;(7, 1):soup('onion', 3, 20)","(3, 0):empty;(4, 0):soup('onion', 3, 20)",0.0,26.0,4,"(0, 0)",0.0,0.0,0.0,0.0,0.0,26.0,False,"(1, 2)",onion,"(3, 3)",onion,"(3, 2):dish;(4, 0):soup('onion', 3, 20);(5, 2):dish;(7, 1):soup('onion', 3, 20)","(3, 0):empty;(4, 0):soup('onion', 3, 20)"
116,2,"(1, 0)","(1, 2)","(1, 0)",onion,"(3, 3)","(0, 1)",onion,"(3, 2):dish;(4, 0):soup('onion', 3, 20);(5, 2):dish;(7, 1):soup('onion', 3, 20)","(3, 0):empty;(4, 0):soup('onion', 3, 20)",0.0,26.0,4,"(0, 0)",0.0,0.0,0.0,0.0,0.0,26.0,False,"(1, 2)",onion,"(3, 3)",onion,"(3, 2):dish;(4, 0):soup('onion', 3, 20);(5, 2):dish;(7, 1):soup('onion', 3, 20)","(3, 0):empty;(4, 0):soup('onion', 3, 20)"
117,2,"(1, 0)","(1, 2)","(1, 0)",onion,"(3, 3)","(0, 1)",onion,"(3, 2):dish;(4, 0):soup('onion', 3, 20);(5, 2):dish;(7, 1):soup('onion', 3, 20)","(3, 0):empty;(4, 0):soup('onion', 3, 20)",0.0,26.0,4,"(0, 0)",0.0,0.0,0.0,0.0,0.0,26.0,False,"(1, 2)",onion,"(3, 3)",onion,"(3, 2):dish;(4, 0):soup('onion', 3, 20);(5, 2):dish;(7, 1):soup('onion', 3, 20)","(3, 0):empty;(4, 0):soup('onion', 3, 20)"
118,2,"(1, 0)","(1, 2)","(1, 0)",onion,"(3, 3)","(0, 1)",onion,"(3, 2):dish;(4, 0):soup('onion', 3, 20);(5, 2):dish;(7, 1):soup('onion', 3, 20)","(3, 0):empty;(4, 0):soup('onion', 3, 20)",0.0,26.0,4,"(0, 0)",0.0,0.0,0.0,0.0,0.0,26.0,False,"(1, 2)",onion,"(3, 3)",onion,"(3, 2):dish;(4, 0):soup('onion', 3, 20);(5, 2):dish;(7, 1):soup('onion', 3, 20)","(3, 0):empty;(4, 0):soup('onion', 3, 20)"
119,2,"(1, 0)","(1, 2)","(1, 0)",onion,"(3, 3)","(0, 1)",onion,"(3, 2):dish;(4, 0):soup('onion', 3, 20);(5, 2):dish;(7, 1):soup('onion', 3, 20)","(3, 0):empty;(4, 0):soup('onion', 3, 20)",0.0,26.0,4,"(0, 0)",0.0,0.0,0.0,0.0,0.0,26.0,False,"(1, 2)",onion,"(3, 3)",onion,"(3, 2):dish;(4, 0):soup('onion', 3, 20);(5, 2):dish;(7, 1):soup('onion', 3, 20)","(3, 0):empty;(4, 0):soup('onion', 3, 20)"
120,2,"(1, 0)","(1, 2)","(1, 0)",onion,"(3, 3)","(0, 1)",onion,"(3, 2):dish;(4, 0):soup('onion', 3, 20);(5, 2):dish;(7, 1):soup('onion', 3, 20)","(3, 0):empty;(4, 0):soup('onion', 3, 20)",0.0,26.0,4,"(0, 0)",0.0,0.0,0.0,0.0,0.0,26.0,False,"(1, 2)",onion,"(3, 3)",onion,"(3, 2):dish;(4, 0):soup('onion', 3, 20);(5, 2):dish;(7, 1):soup('onion', 3, 20)","(3, 0):empty;(4, 0):soup('onion', 3, 20)"
121,2,"(1, 0)","(1, 2)","(1, 0)",onion,"(3, 3)","(0, 1)",onion,"(3, 2):dish;(4, 0):soup('onion', 3, 20);(5, 2):dish;(7, 1):soup('onion', 3, 20)","(3, 0):empty;(4, 0):soup('onion', 3, 20)",0.0,26.0,4,"(0, 0)",0.0,0.0,0.0,0.0,0.0,26.0,False,"(1, 2)",onion,"(3, 3)",onion,"(3, 2):dish;(4, 0):soup('onion', 3, 20);(5, 2):dish;(7, 1):soup('onion', 3, 20)","(3, 0):empty;(4, 0):soup('onion', 3, 20)"
122,2,"(1, 0)","(1, 2)","(1, 0)",onion,"(3, 3)","(0, 1)",onion,"(3, 2):dish;(4, 0):soup('onion', 3, 20);(5, 2):dish;(7, 1):soup('onion', 3, 20)","(3, 0):empty;(4, 0):soup('onion', 3, 20)",0.0,26.0,4,"(0, 0)",0.0,0.0,0.0,0.0,0.0,26.0,False,"(1, 2)",onion,"(3, 3)",onion,"(3, 2):dish;(4, 0):soup('onion', 3, 20);(5, 2):dish;(7, 1):soup('onion', 3, 20)","(3, 0):empty;(4, 0):soup('onion', 3, 20)"
123,2,"(1, 0)","(1, 2)","(1, 0)",onion,"(3, 3)","(0, 1)",onion,"(3, 2):dish;(4, 0):soup('onion', 3, 20);(5, 2):dish;(7, 1):soup('onion', 3, 20)","(3, 0):empty;(4, 0):soup('onion', 3, 20)",0.0,26.0,4,"(0, 0)",0.0,0.0,0.0,0.0,0.0,26.0,False,"(1, 2)",onion,"(3, 3)",onion,"(3, 2):dish;(4, 0):soup('onion', 3, 20);(5, 2):dish;(7, 1):soup('onion', 3, 20)","(3, 0):empty;(4, 0):soup('onion', 3, 20)"
124,2,"(1, 0)","(1, 2)","(1, 0)",onion,"(3, 3)","(0, 1)",onion,"(3, 2):dish;(4, 0):soup('onion', 3, 20);(5, 2):dish;(7, 1):soup('onion', 3, 20)","(3, 0):empty;(4, 0):soup('onion', 3, 20)",0.0,26.0,4,"(0, 0)",0.0,0.0,0.0,0.0,0.0,26.0,False,"(1, 2)",onion,"(3, 3)",onion,"(3, 2):dish;(4, 0):soup('onion', 3, 20);(5, 2):dish;(7, 1):soup('onion', 3, 20)","(3, 0):empty;(4, 0):soup('onion', 3, 20)"
125,2,"(1, 0)","(1, 2)","(1, 0)",onion,"(3, 3)","(0, 1)",onion,"(3, 2):dish;(4, 0):soup('onion', 3, 20);(5, 2):dish;(7, 1):soup('onion', 3, 20)","(3, 0):empty;(4, 0):soup('onion', 3, 20)",0.0,26.0,4,"(0, 0)",0.0,0.0,0.0,0.0,0.0,26.0,False,"(1, 2)",onion,"(3, 3)",onion,"(3, 2):dish;(4, 0):soup('onion', 3, 20);(5, 2):dish;(7, 1):soup('onion', 3, 20)","(3, 0):empty;(4, 0):soup('onion', 3, 20)"
126,2,"(1, 0)","(1, 2)","(1, 0)",onion,"(3, 3)","(0, 1)",onion,"(3, 2):dish;(4, 0):soup('onion', 3, 20);(5, 2):dish;(7, 1):soup('onion', 3, 20)","(3, 0):empty;(4, 0):soup('onion', 3, 20)",0.0,26.0,4,"(0, 0)",0.0,0.0,0.0,0.0,0.0,26.0,False,"(1, 2)",onion,"(3, 3)",onion,"(3, 2):dish;(4, 0):soup('onion', 3, 20);(5, 2):dish;(7, 1):soup('onion', 3, 20)","(3, 0):empty;(4, 0):soup('onion', 3, 20)"
127,2,"(1, 0)","(1, 2)","(1, 0)",onion,"(3, 3)","(0, 1)",onion,"(3, 2):dish;(4, 0):soup('onion', 3, 20);(5, 2):dish;(7, 1):soup('onion', 3, 20)","(3, 0):empty;(4, 0):soup('onion', 3, 20)",0.0,26.0,4,"(0, 0)",0.0,0.0,0.0,0.0,0.0,26.0,False,"(1, 2)",onion,"(3, 3)",onion,"(3, 2):dish;(4, 0):soup('onion', 3, 20);(5, 2):dish;(7, 1):soup('onion', 3, 20)","(3, 0):empty;(4, 0):soup('onion', 3, 20)"
128,2,"(1, 0)","(1, 2)","(1, 0)",onion,"(3, 3)","(0, 1)",onion,"(3, 2):dish;(4, 0):soup('onion', 3, 20);(5, 2):dish;(7, 1):soup('onion', 3, 20)","(3, 0):empty;(4, 0):soup('onion', 3, 20)",0.0,26.0,4,"(0, 0)",0.0,0.0,0.0,0.0,0.0,26.0,False,"(1, 2)",onion,"(3, 3)",onion,"(3, 2):dish;(4, 0):soup('onion', 3, 20);(5, 2):dish;(7, 1):soup('onion', 3, 20)","(3, 0):empty;(4, 0):soup('onion', 3, 20)"
129,2,"(1, 0)","(1, 2)","(1, 0)",onion,"(3, 3)","(0, 1)",onion,"(3, 2):dish;(4, 0):soup('onion', 3, 20);(5, 2):dish;(7, 1):soup('onion', 3, 20)","(3, 0):empty;(4, 0):soup('onion', 3, 20)",0.0,26.0,4,"(0, 0)",0.0,0.0,0.0,0.0,0.0,26.0,False,"(1, 2)",onion,"(3, 3)",onion,"(3, 2):dish;(4, 0):soup('onion', 3, 20);(5, 2):dish;(7, 1):soup('onion', 3, 20)","(3, 0):empty;(4, 0):soup('onion', 3, 20)"
130,2,"(1, 0)","(1, 2)","(1, 0)",onion,"(3, 3)","(0, 1)",onion,"(3, 2):dish;(4, 0):soup('onion', 3, 20);(5, 2):dish;(7, 1):soup('onion', 3, 20)","(3, 0):empty;(4, 0):soup('onion', 3, 20)",0.0,26.0,4,"(0, 0)",0.0,0.0,0.0,0.0,0.0,26.0,False,"(1, 2)",onion,"(3, 3)",onion,"(3, 2):dish;(4, 0):soup('onion', 3, 20);(5, 2):dish;(7, 1):soup('onion', 3, 20)","(3, 0):empty;(4, 0):soup('onion', 3, 20)"
131,2,"(1, 0)","(1, 2)","(1, 0)",onion,"(3, 3)","(0, 1)",onion,"(3, 2):dish;(4, 0):soup('onion', 3, 20);(5, 2):dish;(7, 1):soup('onion', 3, 20)","(3, 0):empty;(4, 0):soup('onion', 3, 20)",0.0,26.0,4,"(0, 0)",0.0,0.0,0.0,0.0,0.0,26.0,False,"(1, 2)",onion,"(3, 3)",onion,"(3, 2):dish;(4, 0):soup('onion', 3, 20);(5, 2):dish;(7, 1):soup('onion', 3, 20)","(3, 0):empty;(4, 0):soup('onion', 3, 20)"
132,2,"(1, 0)","(1, 2)","(1, 0)",onion,"(3, 3)","(0, 1)",onion,"(3, 2):dish;(4, 0):soup('onion', 3, 20);(5, 2):dish;(7, 1):soup('onion', 3, 20)","(3, 0):empty;(4, 0):soup('onion', 3, 20)",0.0,26.0,4,"(0, 0)",0.0,0.0,0.0,0.0,0.0,26.0,False,"(1, 2)",onion,"(3, 3)",onion,"(3, 2):dish;(4, 0):soup('onion', 3, 20);(5, 2):dish;(7, 1):soup('onion', 3, 20)","(3, 0):empty;(4, 0):soup('onion', 3, 20)"
133,2,"(1, 0)","(1, 2)","(1, 0)",onion,"(3, 3)","(0, 1)",onion,"(3, 2):dish;(4, 0):soup('onion', 3, 20);(5, 2):dish;(7, 1):soup('onion', 3, 20)","(3, 0):empty;(4, 0):soup('onion', 3, 20)",0.0,26.0,4,"(0, 0)",0.0,0.0,0.0,0.0,0.0,26.0,False,"(1, 2)",onion,"(3, 3)",onion,"(3, 2):dish;(4, 0):soup('onion', 3, 20);(5, 2):dish;(7, 1):soup('onion', 3, 20)","(3, 0):empty;(4, 0):soup('onion', 3, 20)"
134,2,"(1, 0)","(1, 2)","(1, 0)",onion,"(3, 3)","(0, 1)",onion,"(3, 2):dish;(4, 0):soup('onion', 3, 20);(5, 2):dish;(7, 1):soup('onion', 3, 20)","(3, 0):empty;(4, 0):soup('onion', 3, 20)",0.0,26.0,4,"(0, 0)",0.0,0.0,0.0,0.0,0.0,26.0,False,"(1, 2)",onion,"(3, 3)",onion,"(3, 2):dish;(4, 0):soup('onion', 3, 20);(5, 2):dish;(7, 1):soup('onion', 3, 20)","(3, 0):empty;(4, 0):soup('onion', 3, 20)"
135,2,"(1, 0)","(1, 2)","(1, 0)",onion,"(3, 3)","(0, 1)",onion,"(3, 2):dish;(4, 0):soup('onion', 3, 20);(5, 2):dish;(7, 1):soup('onion', 3, 20)","(3, 0):empty;(4, 0):soup('onion', 3, 20)",0.0,26.0,4,"(0, 0)",0.0,0.0,0.0,0.0,0.0,26.0,False,"(1, 2)",onion,"(3, 3)",onion,"(3, 2):dish;(4, 0):soup('onion', 3, 20);(5, 2):dish;(7, 1):soup('onion', 3, 20)","(3, 0):empty;(4, 0):soup('onion', 3, 20)"
136,2,"(1, 0)","(1, 2)","(1, 0)",onion,"(3, 3)","(0, 1)",onion,"(3, 2):dish;(4, 0):soup('onion', 3, 20);(5, 2):dish;(7, 1):soup('onion', 3, 20)","(3, 0):empty;(4, 0):soup('onion', 3, 20)",0.0,26.0,4,"(0, 0)",0.0,0.0,0.0,0.0,0.0,26.0,False,"(1, 2)",onion,"(3, 3)",onion,"(3, 2):dish;(4, 0):soup('onion', 3, 20);(5, 2):dish;(7, 1):soup('onion', 3, 20)","(3, 0):empty;(4, 0):soup('onion', 3, 20)"
137,2,"(1, 0)","(1, 2)","(1, 0)",onion,"(3, 3)","(0, 1)",onion,"(3, 2):dish;(4, 0):soup('onion', 3, 20);(5, 2):dish;(7, 1):soup('onion', 3, 20)","(3, 0):empty;(4, 0):soup('onion', 3, 20)",0.0,26.0,4,"(0, 0)",0.0,0.0,0.0,0.0,0.0,26.0,False,"(1, 2)",onion,"(3, 3)",onion,"(3, 2):dish;(4, 0):soup('onion', 3, 20);(5, 2):dish;(7, 1):soup('onion', 3, 20)","(3, 0):empty;(4, 0):soup('onion', 3, 20)"
138,2,"(1, 0)","(1, 2)","(1, 0)",onion,"(3, 3)","(0, 1)",onion,"(3, 2):dish;(4, 0):soup('onion', 3, 20);(5, 2):dish;(7, 1):soup('onion', 3, 20)","(3, 0):empty;(4, 0):soup('onion', 3, 20)",0.0,26.0,4,"(0, 0)",0.0,0.0,0.0,0.0,0.0,26.0,False,"(1, 2)",onion,"(3, 3)",onion,"(3, 2):dish;(4, 0):soup('onion', 3, 20);(5, 2):dish;(7, 1):soup('onion', 3, 20)","(3, 0):empty;(4, 0):soup('onion', 3, 20)"
139,2,"(1, 0)","(1, 2)","(1, 0)",onion,"(3, 3)","(0, 1)",onion,"(3, 2):dish;(4, 0):soup('onion', 3, 20);(5, 2):dish;(7, 1):soup('onion', 3, 20)","(3, 0):empty;(4, 0):soup('onion', 3, 20)",0.0,26.0,4,"(0, 0)",0.0,0.0,0.0,0.0,0.0,26.0,False,"(1, 2)",onion,"(3, 3)",onion,"(3, 2):dish;(4, 0):soup('onion', 3, 20);(5, 2):dish;(7, 1):soup('onion', 3, 20)","(3, 0):empty;(4, 0):soup('onion', 3, 20)"
140,2,"(1, 0)","(1, 2)","(1, 0)",onion,"(3, 3)","(0, 1)",onion,"(3, 2):dish;(4, 0):soup('onion', 3, 20);(5, 2):dish;(7, 1):soup('onion', 3, 20)","(3, 0):empty;(4, 0):soup('onion', 3, 20)",0.0,26.0,4,"(0, 0)",0.0,0.0,0.0,0.0,0.0,26.0,False,"(1, 2)",onion,"(3, 3)",onion,"(3, 2):dish;(4, 0):soup('onion', 3, 20);(5, 2):dish;(7, 1):soup('onion', 3, 20)","(3, 0):empty;(4, 0):soup('onion', 3, 20)"
141,2,"(1, 0)","(1, 2)","(1, 0)",onion,"(3, 3)","(0, 1)",onion,"(3, 2):dish;(4, 0):soup('onion', 3, 20);(5, 2):dish;(7, 1):soup('onion', 3, 20)","(3, 0):empty;(4, 0):soup('onion', 3, 20)",0.0,26.0,4,"(0, 0)",0.0,0.0,0.0,0.0,0.0,26.0,False,"(1, 2)",onion,"(3, 3)",onion,"(3, 2):dish;(4, 0):soup('onion', 3, 20);(5, 2):dish;(7, 1):soup('onion', 3, 20)","(3, 0):empty;(4, 0):soup('onion', 3, 20)"
142,2,"(1, 0)","(1, 2)","(1, 0)",onion,"(3, 3)","(0, 1)",onion,"(3, 2):dish;(4, 0):soup('onion', 3, 20);(5, 2):dish;(7, 1):soup('onion', 3, 20)","(3, 0):empty;(4, 0):soup('onion', 3, 20)",0.0,26.0,4,"(0, 0)",0.0,0.0,0.0,0.0,0.0,26.0,False,"(1, 2)",onion,"(3, 3)",onion,"(3, 2):dish;(4, 0):soup('onion', 3, 20);(5, 2):dish;(7, 1):soup('onion', 3, 20)","(3, 0):empty;(4, 0):soup('onion', 3, 20)"
143,2,"(1, 0)","(1, 2)","(1, 0)",onion,"(3, 3)","(0, 1)",onion,"(3, 2):dish;(4, 0):soup('onion', 3, 20);(5, 2):dish;(7, 1):soup('onion', 3, 20)","(3, 0):empty;(4, 0):soup('onion', 3, 20)",0.0,26.0,4,"(0, 0)",0.0,0.0,0.0,0.0,0.0,26.0,False,"(1, 2)",onion,"(3, 3)",onion,"(3, 2):dish;(4, 0):soup('onion', 3, 20);(5, 2):dish;(7, 1):soup('onion', 3, 20)","(3, 0):empty;(4, 0):soup('onion', 3, 20)"
144,2,"(1, 0)","(1, 2)","(1, 0)",onion,"(3, 3)","(0, 1)",onion,"(3, 2):dish;(4, 0):soup('onion', 3, 20);(5, 2):dish;(7, 1):soup('onion', 3, 20)","(3, 0):empty;(4, 0):soup('onion', 3, 20)",0.0,26.0,4,"(0, 0)",0.0,0.0,0.0,0.0,0.0,26.0,False,"(1, 2)",onion,"(3, 3)",onion,"(3, 2):dish;(4, 0):soup('onion', 3, 20);(5, 2):dish;(7, 1):soup('onion', 3, 20)","(3, 0):empty;(4, 0):soup('onion', 3, 20)"
145,2,"(1, 0)","(1, 2)","(1, 0)",onion,"(3, 3)","(0, 1)",onion,"(3, 2):dish;(4, 0):soup('onion', 3, 20);(5, 2):dish;(7, 1):soup('onion', 3, 20)","(3, 0):empty;(4, 0):soup('onion', 3, 20)",0.0,26.0,4,"(0, 0)",0.0,0.0,0.0,0.0,0.0,26.0,False,"(1, 2)",onion,"(3, 3)",onion,"(3, 2):dish;(4, 0):soup('onion', 3, 20);(5, 2):dish;(7, 1):soup('onion', 3, 20)","(3, 0):empty;(4, 0):soup('onion', 3, 20)"
146,2,"(1, 0)","(1, 2)","(1, 0)",onion,"(3, 3)","(0, 1)",onion,"(3, 2):dish;(4, 0):soup('onion', 3, 20);(5, 2):dish;(7, 1):soup('onion', 3, 20)","(3, 0):empty;(4, 0):soup('onion', 3, 20)",0.0,26.0,4,"(0, 0)",0.0,0.0,0.0,0.0,0.0,26.0,False,"(1, 2)",onion,"(3, 3)",onion,"(3, 2):dish;(4, 0):soup('onion', 3, 20);(5, 2):dish;(7, 1):soup('onion', 3, 20)","(3, 0):empty;(4, 0):soup('onion', 3, 20)"
147,2,"(1, 0)","(1, 2)","(1, 0)",onion,"(3, 3)","(0, 1)",onion,"(3, 2):dish;(4, 0):soup('onion', 3, 20);(5, 2):dish;(7, 1):soup('onion', 3, 20)","(3, 0):empty;(4, 0):soup('onion', 3, 20)",0.0,26.0,4,"(0, 0)",0.0,0.0,0.0,0.0,0.0,26.0,False,"(1, 2)",onion,"(3, 3)",onion,"(3, 2):dish;(4, 0):soup('onion', 3, 20);(5, 2):dish;(7, 1):soup('onion', 3, 20)","(3, 0):empty;(4, 0):soup('onion', 3, 20)"
148,2,"(1, 0)","(1, 2)","(1, 0)",onion,"(3, 3)","(0, 1)",onion,"(3, 2):dish;(4, 0):soup('onion', 3, 20);(5, 2):dish;(7, 1):soup('onion', 3, 20)","(3, 0):empty;(4, 0):soup('onion', 3, 20)",0.0,26.0,4,"(0, 0)",0.0,0.0,0.0,0.0,0.0,26.0,False,"(1, 2)",onion,"(3, 3)",onion,"(3, 2):dish;(4, 0):soup('onion', 3, 20);(5, 2):dish;(7, 1):soup('onion', 3, 20)","(3, 0):empty;(4, 0):soup('onion', 3, 20)"
149,2,"(1, 0)","(1, 2)","(1, 0)",onion,"(3, 3)","(0, 1)",onion,"(3, 2):dish;(4, 0):soup('onion', 3, 20);(5, 2):dish;(7, 1):soup('onion', 3, 20)","(3, 0):empty;(4, 0):soup('onion', 3, 20)",0.0,26.0,4,"(0, 0)",0.0,0.0,0.0,0.0,0.0,26.0,False,"(1, 2)",onion,"(3, 3)",onion,"(3, 2):dish;(4, 0):soup('onion', 3, 20);(5, 2):dish;(7, 1):soup('onion', 3, 20)","(3, 0):empty;(4, 0):soup('onion', 3, 20)"
150,2,"(1, 0)","(1, 2)","(1, 0)",onion,"(3, 3)","(0, 1)",onion,"(3, 2):dish;(4, 0):soup('onion', 3, 20);(5, 2):dish;(7, 1):soup('onion', 3, 20)","(3, 0):empty;(4, 0):soup('onion', 3, 20)",0.0,26.0,4,"(0, 0)",0.0,0.0,0.0,0.0,0.0,26.0,False,"(1, 2)",onion,"(3, 3)",onion,"(3, 2):dish;(4, 0):soup('onion', 3, 20);(5, 2):dish;(7, 1):soup('onion', 3, 20)","(3, 0):empty;(4, 0):soup('onion', 3, 20)"
151,2,"(1, 0)","(1, 2)","(1, 0)",onion,"(3, 3)","(0, 1)",onion,"(3, 2):dish;(4, 0):soup('onion', 3, 20);(5, 2):dish;(7, 1):soup('onion', 3, 20)","(3, 0):empty;(4, 0):soup('onion', 3, 20)",0.0,26.0,4,"(0, 0)",0.0,0.0,0.0,0.0,0.0,26.0,False,"(1, 2)",onion,"(3, 3)",onion,"(3, 2):dish;(4, 0):soup('onion', 3, 20);(5, 2):dish;(7, 1):soup('onion', 3, 20)","(3, 0):empty;(4, 0):soup('onion', 3, 20)"
152,2,"(1, 0)","(1, 2)","(1, 0)",onion,"(3, 3)","(0, 1)",onion,"(3, 2):dish;(4, 0):soup('onion', 3, 20);(5, 2):dish;(7, 1):soup('onion', 3, 20)","(3, 0):empty;(4, 0):soup('onion', 3, 20)",0.0,26.0,4,"(0, 0)",0.0,0.0,0.0,0.0,0.0,26.0,False,"(1, 2)",onion,"(3, 3)",onion,"(3, 2):dish;(4, 0):soup('onion', 3, 20);(5, 2):dish;(7, 1):soup('onion', 3, 20)","(3, 0):empty;(4, 0):soup('onion', 3, 20)"
153,2,"(1, 0)","(1, 2)","(1, 0)",onion,"(3, 3)","(0, 1)",onion,"(3, 2):dish;(4, 0):soup('onion', 3, 20);(5, 2):dish;(7, 1):soup('onion', 3, 20)","(3, 0):empty;(4, 0):soup('onion', 3, 20)",0.0,26.0,4,"(0, 0)",0.0,0.0,0.0,0.0,0.0,26.0,False,"(1, 2)",onion,"(3, 3)",onion,"(3, 2):dish;(4, 0):soup('onion', 3, 20);(5, 2):dish;(7, 1):soup('onion', 3, 20)","(3, 0):empty;(4, 0):soup('onion', 3, 20)"
154,2,"(1, 0)","(1, 2)","(1, 0)",onion,"(3, 3)","(0, 1)",onion,"(3, 2):dish;(4, 0):soup('onion', 3, 20);(5, 2):dish;(7, 1):soup('onion', 3, 20)","(3, 0):empty;(4, 0):soup('onion', 3, 20)",0.0,26.0,4,"(0, 0)",0.0,0.0,0.0,0.0,0.0,26.0,False,"(1, 2)",onion,"(3, 3)",onion,"(3, 2):dish;(4, 0):soup('onion', 3, 20);(5, 2):dish;(7, 1):soup('onion', 3, 20)","(3, 0):empty;(4, 0):soup('onion', 3, 20)"
155,2,"(1, 0)","(1, 2)","(1, 0)",onion,"(3, 3)","(0, 1)",onion,"(3, 2):dish;(4, 0):soup('onion', 3, 20);(5, 2):dish;(7, 1):soup('onion', 3, 20)","(3, 0):empty;(4, 0):soup('onion', 3, 20)",0.0,26.0,4,"(0, 0)",0.0,0.0,0.0,0.0,0.0,26.0,False,"(1, 2)",onion,"(3, 3)",onion,"(3, 2):dish;(4, 0):soup('onion', 3, 20);(5, 2):dish;(7, 1):soup('onion', 3, 20)","(3, 0):empty;(4, 0):soup('onion', 3, 20)"
156,2,"(1, 0)","(1, 2)","(1, 0)",onion,"(3, 3)","(0, 1)",onion,"(3, 2):dish;(4, 0):soup('onion', 3, 20);(5, 2):dish;(7, 1):soup('onion', 3, 20)","(3, 0):empty;(4, 0):soup('onion', 3, 20)",0.0,26.0,4,"(0, 0)",0.0,0.0,0.0,0.0,0.0,26.0,False,"(1, 2)",onion,"(3, 3)",onion,"(3, 2):dish;(4, 0):soup('onion', 3, 20);(5, 2):dish;(7, 1):soup('onion', 3, 20)","(3, 0):empty;(4, 0):soup('onion', 3, 20)"
157,2,"(1, 0)","(1, 2)","(1, 0)",onion,"(3, 3)","(0, 1)",onion,"(3, 2):dish;(4, 0):soup('onion', 3, 20);(5, 2):dish;(7, 1):soup('onion', 3, 20)","(3, 0):empty;(4, 0):soup('onion', 3, 20)",0.0,26.0,4,"(0, 0)",0.0,0.0,0.0,0.0,0.0,26.0,False,"(1, 2)",onion,"(3, 3)",onion,"(3, 2):dish;(4, 0):soup('onion', 3, 20);(5, 2):dish;(7, 1):soup('onion', 3, 20)","(3, 0):empty;(4, 0):soup('onion', 3, 20)"
158,2,"(1, 0)","(1, 2)","(1, 0)",onion,"(3, 3)","(0, 1)",onion,"(3, 2):dish;(4, 0):soup('onion', 3, 20);(5, 2):dish;(7, 1):soup('onion', 3, 20)","(3, 0):empty;(4, 0):soup('onion', 3, 20)",0.0,26.0,4,"(0, 0)",0.0,0.0,0.0,0.0,0.0,26.0,False,"(1, 2)",onion,"(3, 3)",onion,"(3, 2):dish;(4, 0):soup('onion', 3, 20);(5, 2):dish;(7, 1):soup('onion', 3, 20)","(3, 0):empty;(4, 0):soup('onion', 3, 20)"
159,2,"(1, 0)","(1, 2)","(1, 0)",onion,"(3, 3)","(0, 1)",onion,"(3, 2):dish;(4, 0):soup('onion', 3, 20);(5, 2):dish;(7, 1):soup('onion', 3, 20)","(3, 0):empty;(4, 0):soup('onion', 3, 20)",0.0,26.0,4,"(0, 0)",0.0,0.0,0.0,0.0,0.0,26.0,False,"(1, 2)",onion,"(3, 3)",onion,"(3, 2):dish;(4, 0):soup('onion', 3, 20);(5, 2):dish;(7, 1):soup('onion', 3, 20)","(3, 0):empty;(4, 0):soup('onion', 3, 20)"
160,2,"(1, 0)","(1, 2)","(1, 0)",onion,"(3, 3)","(0, 1)",onion,"(3, 2):dish;(4, 0):soup('onion', 3, 20);(5, 2):dish;(7, 1):soup('onion', 3, 20)","(3, 0):empty;(4, 0):soup('onion', 3, 20)",0.0,26.0,4,"(0, 0)",0.0,0.0,0.0,0.0,0.0,26.0,False,"(1, 2)",onion,"(3, 3)",onion,"(3, 2):dish;(4, 0):soup('onion', 3, 20);(5, 2):dish;(7, 1):soup('onion', 3, 20)","(3, 0):empty;(4, 0):soup('onion', 3, 20)"
161,2,"(1, 0)","(1, 2)","(1, 0)",onion,"(3, 3)","(0, 1)",onion,"(3, 2):dish;(4, 0):soup('onion', 3, 20);(5, 2):dish;(7, 1):soup('onion', 3, 20)","(3, 0):empty;(4, 0):soup('onion', 3, 20)",0.0,26.0,4,"(0, 0)",0.0,0.0,0.0,0.0,0.0,26.0,False,"(1, 2)",onion,"(3, 3)",onion,"(3, 2):dish;(4, 0):soup('onion', 3, 20);(5, 2):dish;(7, 1):soup('onion', 3, 20)","(3, 0):empty;(4, 0):soup('onion', 3, 20)"
162,2,"(1, 0)","(1, 2)","(1, 0)",onion,"(3, 3)","(0, 1)",onion,"(3, 2):dish;(4, 0):soup('onion', 3, 20);(5, 2):dish;(7, 1):soup('onion', 3, 20)","(3, 0):empty;(4, 0):soup('onion', 3, 20)",0.0,26.0,4,"(0, 0)",0.0,0.0,0.0,0.0,0.0,26.0,False,"(1, 2)",onion,"(3, 3)",onion,"(3, 2):dish;(4, 0):soup('onion', 3, 20);(5, 2):dish;(7, 1):soup('onion', 3, 20)","(3, 0):empty;(4, 0):soup('onion', 3, 20)"
163,2,"(1, 0)","(1, 2)","(1, 0)",onion,"(3, 3)","(0, 1)",onion,"(3, 2):dish;(4, 0):soup('onion', 3, 20);(5, 2):dish;(7, 1):soup('onion', 3, 20)","(3, 0):empty;(4, 0):soup('onion', 3, 20)",0.0,26.0,4,"(0, 0)",0.0,0.0,0.0,0.0,0.0,26.0,False,"(1, 2)",onion,"(3, 3)",onion,"(3, 2):dish;(4, 0):soup('onion', 3, 20);(5, 2):dish;(7, 1):soup('onion', 3, 20)","(3, 0):empty;(4, 0):soup('onion', 3, 20)"
164,2,"(1, 0)","(1, 2)","(1, 0)",onion,"(3, 3)","(0, 1)",onion,"(3, 2):dish;(4, 0):soup('onion', 3, 20);(5, 2):dish;(7, 1):soup('onion', 3, 20)","(3, 0):empty;(4, 0):soup('onion', 3, 20)",0.0,26.0,4,"(0, 0)",0.0,0.0,0.0,0.0,0.0,26.0,False,"(1, 2)",onion,"(3, 3)",onion,"(3, 2):dish;(4, 0):soup('onion', 3, 20);(5, 2):dish;(7, 1):soup('onion', 3, 20)","(3, 0):empty;(4, 0):soup('onion', 3, 20)"
165,2,"(1, 0)","(1, 2)","(1, 0)",onion,"(3, 3)","(0, 1)",onion,"(3, 2):dish;(4, 0):soup('onion', 3, 20);(5, 2):dish;(7, 1):soup('onion', 3, 20)","(3, 0):empty;(4, 0):soup('onion', 3, 20)",0.0,26.0,4,"(0, 0)",0.0,0.0,0.0,0.0,0.0,26.0,False,"(1, 2)",onion,"(3, 3)",onion,"(3, 2):dish;(4, 0):soup('onion', 3, 20);(5, 2):dish;(7, 1):soup('onion', 3, 20)","(3, 0):empty;(4, 0):soup('onion', 3, 20)"
166,2,"(1, 0)","(1, 2)","(1, 0)",onion,"(3, 3)","(0, 1)",onion,"(3, 2):dish;(4, 0):soup('onion', 3, 20);(5, 2):dish;(7, 1):soup('onion', 3, 20)","(3, 0):empty;(4, 0):soup('onion', 3, 20)",0.0,26.0,4,"(0, 0)",0.0,0.0,0.0,0.0,0.0,26.0,False,"(1, 2)",onion,"(3, 3)",onion,"(3, 2):dish;(4, 0):soup('onion', 3, 20);(5, 2):dish;(7, 1):soup('onion', 3, 20)","(3, 0):empty;(4, 0):soup('onion', 3, 20)"
167,2,"(1, 0)","(1, 2)","(1, 0)",onion,"(3, 3)","(0, 1)",onion,"(3, 2):dish;(4, 0):soup('onion', 3, 20);(5, 2):dish;(7, 1):soup('onion', 3, 20)","(3, 0):empty;(4, 0):soup('onion', 3, 20)",0.0,26.0,4,"(0, 0)",0.0,0.0,0.0,0.0,0.0,26.0,False,"(1, 2)",onion,"(3, 3)",onion,"(3, 2):dish;(4, 0):soup('onion', 3, 20);(5, 2):dish;(7, 1):soup('onion', 3, 20)","(3, 0):empty;(4, 0):soup('onion', 3, 20)"
168,2,"(1, 0)","(1, 2)","(1, 0)",onion,"(3, 3)","(0, 1)",onion,"(3, 2):dish;(4, 0):soup('onion', 3, 20);(5, 2):dish;(7, 1):soup('onion', 3, 20)","(3, 0):empty;(4, 0):soup('onion', 3, 20)",0.0,26.0,4,"(0, 0)",0.0,0.0,0.0,0.0,0.0,26.0,False,"(1, 2)",onion,"(3, 3)",onion,"(3, 2):dish;(4, 0):soup('onion', 3, 20);(5, 2):dish;(7, 1):soup('onion', 3, 20)","(3, 0):empty;(4, 0):soup('onion', 3, 20)"
169,2,"(1, 0)","(1, 2)","(1, 0)",onion,"(3, 3)","(0, 1)",onion,"(3, 2):dish;(4, 0):soup('onion', 3, 20);(5, 2):dish;(7, 1):soup('onion', 3, 20)","(3, 0):empty;(4, 0):soup('onion', 3, 20)",0.0,26.0,4,"(0, 0)",0.0,0.0,0.0,0.0,0.0,26.0,False,"(1, 2)",onion,"(3, 3)",onion,"(3, 2):dish;(4, 0):soup('onion', 3, 20);(5, 2):dish;(7, 1):soup('onion', 3, 20)","(3, 0):empty;(4, 0):soup('onion', 3, 20)"
170,2,"(1, 0)","(1, 2)","(1, 0)",onion,"(3, 3)","(0, 1)",onion,"(3, 2):dish;(4, 0):soup('onion', 3, 20);(5, 2):dish;(7, 1):soup('onion', 3, 20)","(3, 0):empty;(4, 0):soup('onion', 3, 20)",0.0,26.0,4,"(0, 0)",0.0,0.0,0.0,0.0,0.0,26.0,False,"(1, 2)",onion,"(3, 3)",onion,"(3, 2):dish;(4, 0):soup('onion', 3, 20);(5, 2):dish;(7, 1):soup('onion', 3, 20)","(3, 0):empty;(4, 0):soup('onion', 3, 20)"
171,2,"(1, 0)","(1, 2)","(1, 0)",onion,"(3, 3)","(0, 1)",onion,"(3, 2):dish;(4, 0):soup('onion', 3, 20);(5, 2):dish;(7, 1):soup('onion', 3, 20)","(3, 0):empty;(4, 0):soup('onion', 3, 20)",0.0,26.0,4,"(0, 0)",0.0,0.0,0.0,0.0,0.0,26.0,False,"(1, 2)",onion,"(3, 3)",onion,"(3, 2):dish;(4, 0):soup('onion', 3, 20);(5, 2):dish;(7, 1):soup('onion', 3, 20)","(3, 0):empty;(4, 0):soup('onion', 3, 20)"
172,2,"(1, 0)","(1, 2)","(1, 0)",onion,"(3, 3)","(0, 1)",onion,"(3, 2):dish;(4, 0):soup('onion', 3, 20);(5, 2):dish;(7, 1):soup('onion', 3, 20)","(3, 0):empty;(4, 0):soup('onion', 3, 20)",0.0,26.0,4,"(0, 0)",0.0,0.0,0.0,0.0,0.0,26.0,False,"(1, 2)",onion,"(3, 3)",onion,"(3, 2):dish;(4, 0):soup('onion', 3, 20);(5, 2):dish;(7, 1):soup('onion', 3, 20)","(3, 0):empty;(4, 0):soup('onion', 3, 20)"
173,2,"(1, 0)","(1, 2)","(1, 0)",onion,"(3, 3)","(0, 1)",onion,"(3, 2):dish;(4, 0):soup('onion', 3, 20);(5, 2):dish;(7, 1):soup('onion', 3, 20)","(3, 0):empty;(4, 0):soup('onion', 3, 20)",0.0,26.0,4,"(0, 0)",0.0,0.0,0.0,0.0,0.0,26.0,False,"(1, 2)",onion,"(3, 3)",onion,"(3, 2):dish;(4, 0):soup('onion', 3, 20);(5, 2):dish;(7, 1):soup('onion', 3, 20)","(3, 0):empty;(4, 0):soup('onion', 3, 20)"
174,2,"(1, 0)","(1, 2)","(1, 0)",onion,"(3, 3)","(0, 1)",onion,"(3, 2):dish;(4, 0):soup('onion', 3, 20);(5, 2):dish;(7, 1):soup('onion', 3, 20)","(3, 0):empty;(4, 0):soup('onion', 3, 20)",0.0,26.0,4,"(0, 0)",0.0,0.0,0.0,0.0,0.0,26.0,False,"(1, 2)",onion,"(3, 3)",onion,"(3, 2):dish;(4, 0):soup('onion', 3, 20);(5, 2):dish;(7, 1):soup('onion', 3, 20)","(3, 0):empty;(4, 0):soup('onion', 3, 20)"
175,2,"(1, 0)","(1, 2)","(1, 0)",onion,"(3, 3)","(0, 1)",onion,"(3, 2):dish;(4, 0):soup('onion', 3, 20);(5, 2):dish;(7, 1):soup('onion', 3, 20)","(3, 0):empty;(4, 0):soup('onion', 3, 20)",0.0,26.0,4,"(0, 0)",0.0,0.0,0.0,0.0,0.0,26.0,False,"(1, 2)",onion,"(3, 3)",onion,"(3, 2):dish;(4, 0):soup('onion', 3, 20);(5, 2):dish;(7, 1):soup('onion', 3, 20)","(3, 0):empty;(4, 0):soup('onion', 3, 20)"
176,2,"(1, 0)","(1, 2)","(1, 0)",onion,"(3, 3)","(0, 1)",onion,"(3, 2):dish;(4, 0):soup('onion', 3, 20);(5, 2):dish;(7, 1):soup('onion', 3, 20)","(3, 0):empty;(4, 0):soup('onion', 3, 20)",0.0,26.0,4,"(0, 0)",0.0,0.0,0.0,0.0,0.0,26.0,False,"(1, 2)",onion,"(3, 3)",onion,"(3, 2):dish;(4, 0):soup('onion', 3, 20);(5, 2):dish;(7, 1):soup('onion', 3, 20)","(3, 0):empty;(4, 0):soup('onion', 3, 20)"
177,2,"(1, 0)","(1, 2)","(1, 0)",onion,"(3, 3)","(0, 1)",onion,"(3, 2):dish;(4, 0):soup('onion', 3, 20);(5, 2):dish;(7, 1):soup('onion', 3, 20)","(3, 0):empty;(4, 0):soup('onion', 3, 20)",0.0,26.0,4,"(0, 0)",0.0,0.0,0.0,0.0,0.0,26.0,False,"(1, 2)",onion,"(3, 3)",onion,"(3, 2):dish;(4, 0):soup('onion', 3, 20);(5, 2):dish;(7, 1):soup('onion', 3, 20)","(3, 0):empty;(4, 0):soup('onion', 3, 20)"
178,2,"(1, 0)","(1, 2)","(1, 0)",onion,"(3, 3)","(0, 1)",onion,"(3, 2):dish;(4, 0):soup('onion', 3, 20);(5, 2):dish;(7, 1):soup('onion', 3, 20)","(3, 0):empty;(4, 0):soup('onion', 3, 20)",0.0,26.0,4,"(0, 0)",0.0,0.0,0.0,0.0,0.0,26.0,False,"(1, 2)",onion,"(3, 3)",onion,"(3, 2):dish;(4, 0):soup('onion', 3, 20);(5, 2):dish;(7, 1):soup('onion', 3, 20)","(3, 0):empty;(4, 0):soup('onion', 3, 20)"
179,2,"(1, 0)","(1, 2)","(1, 0)",onion,"(3, 3)","(0, 1)",onion,"(3, 2):dish;(4, 0):soup('onion', 3, 20);(5, 2):dish;(7, 1):soup('onion', 3, 20)","(3, 0):empty;(4, 0):soup('onion', 3, 20)",0.0,26.0,4,"(0, 0)",0.0,0.0,0.0,0.0,0.0,26.0,False,"(1, 2)",onion,"(3, 3)",onion,"(3, 2):dish;(4, 0):soup('onion', 3, 20);(5, 2):dish;(7, 1):soup('onion', 3, 20)","(3, 0):empty;(4, 0):soup('onion', 3, 20)"
180,2,"(1, 0)","(1, 2)","(1, 0)",onion,"(3, 3)","(0, 1)",onion,"(3, 2):dish;(4, 0):soup('onion', 3, 20);(5, 2):dish;(7, 1):soup('onion', 3, 20)","(3, 0):empty;(4, 0):soup('onion', 3, 20)",0.0,26.0,4,"(0, 0)",0.0,0.0,0.0,0.0,0.0,26.0,False,"(1, 2)",onion,"(3, 3)",onion,"(3, 2):dish;(4, 0):soup('onion', 3, 20);(5, 2):dish;(7, 1):soup('onion', 3, 20)","(3, 0):empty;(4, 0):soup('onion', 3, 20)"
181,2,"(1, 0)","(1, 2)","(1, 0)",onion,"(3, 3)","(0, 1)",onion,"(3, 2):dish;(4, 0):soup('onion', 3, 20);(5, 2):dish;(7, 1):soup('onion', 3, 20)","(3, 0):empty;(4, 0):soup('onion', 3, 20)",0.0,26.0,4,"(0, 0)",0.0,0.0,0.0,0.0,0.0,26.0,False,"(1, 2)",onion,"(3, 3)",onion,"(3, 2):dish;(4, 0):soup('onion', 3, 20);(5, 2):dish;(7, 1):soup('onion', 3, 20)","(3, 0):empty;(4, 0):soup('onion', 3, 20)"
182,2,"(1, 0)","(1, 2)","(1, 0)",onion,"(3, 3)","(0, 1)",onion,"(3, 2):dish;(4, 0):soup('onion', 3, 20);(5, 2):dish;(7, 1):soup('onion', 3, 20)","(3, 0):empty;(4, 0):soup('onion', 3, 20)",0.0,26.0,4,"(0, 0)",0.0,0.0,0.0,0.0,0.0,26.0,False,"(1, 2)",onion,"(3, 3)",onion,"(3, 2):dish;(4, 0):soup('onion', 3, 20);(5, 2):dish;(7, 1):soup('onion', 3, 20)","(3, 0):empty;(4, 0):soup('onion', 3, 20)"
183,2,"(1, 0)","(1, 2)","(1, 0)",onion,"(3, 3)","(0, 1)",onion,"(3, 2):dish;(4, 0):soup('onion', 3, 20);(5, 2):dish;(7, 1):soup('onion', 3, 20)","(3, 0):empty;(4, 0):soup('onion', 3, 20)",0.0,26.0,4,"(0, 0)",0.0,0.0,0.0,0.0,0.0,26.0,False,"(1, 2)",onion,"(3, 3)",onion,"(3, 2):dish;(4, 0):soup('onion', 3, 20);(5, 2):dish;(7, 1):soup('onion', 3, 20)","(3, 0):empty;(4, 0):soup('onion', 3, 20)"
184,2,"(1, 0)","(1, 2)","(1, 0)",onion,"(3, 3)","(0, 1)",onion,"(3, 2):dish;(4, 0):soup('onion', 3, 20);(5, 2):dish;(7, 1):soup('onion', 3, 20)","(3, 0):empty;(4, 0):soup('onion', 3, 20)",0.0,26.0,4,"(0, 0)",0.0,0.0,0.0,0.0,0.0,26.0,False,"(1, 2)",onion,"(3, 3)",onion,"(3, 2):dish;(4, 0):soup('onion', 3, 20);(5, 2):dish;(7, 1):soup('onion', 3, 20)","(3, 0):empty;(4, 0):soup('onion', 3, 20)"
185,2,"(1, 0)","(1, 2)","(1, 0)",onion,"(3, 3)","(0, 1)",onion,"(3, 2):dish;(4, 0):soup('onion', 3, 20);(5, 2):dish;(7, 1):soup('onion', 3, 20)","(3, 0):empty;(4, 0):soup('onion', 3, 20)",0.0,26.0,4,"(0, 0)",0.0,0.0,0.0,0.0,0.0,26.0,False,"(1, 2)",onion,"(3, 3)",onion,"(3, 2):dish;(4, 0):soup('onion', 3, 20);(5, 2):dish;(7, 1):soup('onion', 3, 20)","(3, 0):empty;(4, 0):soup('onion', 3, 20)"
186,2,"(1, 0)","(1, 2)","(1, 0)",onion,"(3, 3)","(0, 1)",onion,"(3, 2):dish;(4, 0):soup('onion', 3, 20);(5, 2):dish;(7, 1):soup('onion', 3, 20)","(3, 0):empty;(4, 0):soup('onion', 3, 20)",0.0,26.0,4,"(0, 0)",0.0,0.0,0.0,0.0,0.0,26.0,False,"(1, 2)",onion,"(3, 3)",onion,"(3, 2):dish;(4, 0):soup('onion', 3, 20);(5, 2):dish;(7, 1):soup('onion', 3, 20)","(3, 0):empty;(4, 0):soup('onion', 3, 20)"
187,2,"(1, 0)","(1, 2)","(1, 0)",onion,"(3, 3)","(0, 1)",onion,"(3, 2):dish;(4, 0):soup('onion', 3, 20);(5, 2):dish;(7, 1):soup('onion', 3, 20)","(3, 0):empty;(4, 0):soup('onion', 3, 20)",0.0,26.0,4,"(0, 0)",0.0,0.0,0.0,0.0,0.0,26.0,False,"(1, 2)",onion,"(3, 3)",onion,"(3, 2):dish;(4, 0):soup('onion', 3, 20);(5, 2):dish;(7, 1):soup('onion', 3, 20)","(3, 0):empty;(4, 0):soup('onion', 3, 20)"
188,2,"(1, 0)","(1, 2)","(1, 0)",onion,"(3, 3)","(0, 1)",onion,"(3, 2):dish;(4, 0):soup('onion', 3, 20);(5, 2):dish;(7, 1):soup('onion', 3, 20)","(3, 0):empty;(4, 0):soup('onion', 3, 20)",0.0,26.0,4,"(0, 0)",0.0,0.0,0.0,0.0,0.0,26.0,False,"(1, 2)",onion,"(3, 3)",onion,"(3, 2):dish;(4, 0):soup('onion', 3, 20);(5, 2):dish;(7, 1):soup('onion', 3, 20)","(3, 0):empty;(4, 0):soup('onion', 3, 20)"
189,2,"(1, 0)","(1, 2)","(1, 0)",onion,"(3, 3)","(0, 1)",onion,"(3, 2):dish;(4, 0):soup('onion', 3, 20);(5, 2):dish;(7, 1):soup('onion', 3, 20)","(3, 0):empty;(4, 0):soup('onion', 3, 20)",0.0,26.0,4,"(0, 0)",0.0,0.0,0.0,0.0,0.0,26.0,False,"(1, 2)",onion,"(3, 3)",onion,"(3, 2):dish;(4, 0):soup('onion', 3, 20);(5, 2):dish;(7, 1):soup('onion', 3, 20)","(3, 0):empty;(4, 0):soup('onion', 3, 20)"
190,2,"(1, 0)","(1, 2)","(1, 0)",onion,"(3, 3)","(0, 1)",onion,"(3, 2):dish;(4, 0):soup('onion', 3, 20);(5, 2):dish;(7, 1):soup('onion', 3, 20)","(3, 0):empty;(4, 0):soup('onion', 3, 20)",0.0,26.0,4,"(0, 0)",0.0,0.0,0.0,0.0,0.0,26.0,False,"(1, 2)",onion,"(3, 3)",onion,"(3, 2):dish;(4, 0):soup('onion', 3, 20);(5, 2):dish;(7, 1):soup('onion', 3, 20)","(3, 0):empty;(4, 0):soup('onion', 3, 20)"
191,2,"(1, 0)","(1, 2)","(1, 0)",onion,"(3, 3)","(0, 1)",onion,"(3, 2):dish;(4, 0):soup('onion', 3, 20);(5, 2):dish;(7, 1):soup('onion', 3, 20)","(3, 0):empty;(4, 0):soup('onion', 3, 20)",0.0,26.0,4,"(0, 0)",0.0,0.0,0.0,0.0,0.0,26.0,False,"(1, 2)",onion,"(3, 3)",onion,"(3, 2):dish;(4, 0):soup('onion', 3, 20);(5, 2):dish;(7, 1):soup('onion', 3, 20)","(3, 0):empty;(4, 0):soup('onion', 3, 20)"
192,2,"(1, 0)","(1, 2)","(1, 0)",onion,"(3, 3)","(0, 1)",onion,"(3, 2):dish;(4, 0):soup('onion', 3, 20);(5, 2):dish;(7, 1):soup('onion', 3, 20)","(3, 0):empty;(4, 0):soup('onion', 3, 20)",0.0,26.0,4,"(0, 0)",0.0,0.0,0.0,0.0,0.0,26.0,False,"(1, 2)",onion,"(3, 3)",onion,"(3, 2):dish;(4, 0):soup('onion', 3, 20);(5, 2):dish;(7, 1):soup('onion', 3, 20)","(3, 0):empty;(4, 0):soup('onion', 3, 20)"
193,2,"(1, 0)","(1, 2)","(1, 0)",onion,"(3, 3)","(0, 1)",onion,"(3, 2):dish;(4, 0):soup('onion', 3, 20);(5, 2):dish;(7, 1):soup('onion', 3, 20)","(3, 0):empty;(4, 0):soup('onion', 3, 20)",0.0,26.0,4,"(0, 0)",0.0,0.0,0.0,0.0,0.0,26.0,False,"(1, 2)",onion,"(3, 3)",onion,"(3, 2):dish;(4, 0):soup('onion', 3, 20);(5, 2):dish;(7, 1):soup('onion', 3, 20)","(3, 0):empty;(4, 0):soup('onion', 3, 20)"
194,2,"(1, 0)","(1, 2)","(1, 0)",onion,"(3, 3)","(0, 1)",onion,"(3, 2):dish;(4, 0):soup('onion', 3, 20);(5, 2):dish;(7, 1):soup('onion', 3, 20)","(3, 0):empty;(4, 0):soup('onion', 3, 20)",0.0,26.0,4,"(0, 0)",0.0,0.0,0.0,0.0,0.0,26.0,False,"(1, 2)",onion,"(3, 3)",onion,"(3, 2):dish;(4, 0):soup('onion', 3, 20);(5, 2):dish;(7, 1):soup('onion', 3, 20)","(3, 0):empty;(4, 0):soup('onion', 3, 20)"
195,2,"(1, 0)","(1, 2)","(1, 0)",onion,"(3, 3)","(0, 1)",onion,"(3, 2):dish;(4, 0):soup('onion', 3, 20);(5, 2):dish;(7, 1):soup('onion', 3, 20)","(3, 0):empty;(4, 0):soup('onion', 3, 20)",0.0,26.0,4,"(0, 0)",0.0,0.0,0.0,0.0,0.0,26.0,False,"(1, 2)",onion,"(3, 3)",onion,"(3, 2):dish;(4, 0):soup('onion', 3, 20);(5, 2):dish;(7, 1):soup('onion', 3, 20)","(3, 0):empty;(4, 0):soup('onion', 3, 20)"
196,2,"(1, 0)","(1, 2)","(1, 0)",onion,"(3, 3)","(0, 1)",onion,"(3, 2):dish;(4, 0):soup('onion', 3, 20);(5, 2):dish;(7, 1):soup('onion', 3, 20)","(3, 0):empty;(4, 0):soup('onion', 3, 20)",0.0,26.0,4,"(0, 0)",0.0,0.0,0.0,0.0,0.0,26.0,False,"(1, 2)",onion,"(3, 3)",onion,"(3, 2):dish;(4, 0):soup('onion', 3, 20);(5, 2):dish;(7, 1):soup('onion', 3, 20)","(3, 0):empty;(4, 0):soup('onion', 3, 20)"
197,2,"(1, 0)","(1, 2)","(1, 0)",onion,"(3, 3)","(0, 1)",onion,"(3, 2):dish;(4, 0):soup('onion', 3, 20);(5, 2):dish;(7, 1):soup('onion', 3, 20)","(3, 0):empty;(4, 0):soup('onion', 3, 20)",0.0,26.0,4,"(0, 0)",0.0,0.0,0.0,0.0,0.0,26.0,False,"(1, 2)",onion,"(3, 3)",onion,"(3, 2):dish;(4, 0):soup('onion', 3, 20);(5, 2):dish;(7, 1):soup('onion', 3, 20)","(3, 0):empty;(4, 0):soup('onion', 3, 20)"
198,2,"(1, 0)","(1, 2)","(1, 0)",onion,"(3, 3)","(0, 1)",onion,"(3, 2):dish;(4, 0):soup('onion', 3, 20);(5, 2):dish;(7, 1):soup('onion', 3, 20)","(3, 0):empty;(4, 0):soup('onion', 3, 20)",0.0,26.0,4,"(0, 0)",0.0,0.0,0.0,0.0,0.0,26.0,False,"(1, 2)",onion,"(3, 3)",onion,"(3, 2):dish;(4, 0):soup('onion', 3, 20);(5, 2):dish;(7, 1):soup('onion', 3, 20)","(3, 0):empty;(4, 0):soup('onion', 3, 20)"
199,2,"(1, 0)","(1, 2)","(1, 0)",onion,"(3, 3)","(0, 1)",onion,"(3, 2):dish;(4, 0):soup('onion', 3, 20);(5, 2):dish;(7, 1):soup('onion', 3, 20)","(3, 0):empty;(4, 0):soup('onion', 3, 20)",0.0,26.0,4,"(0, 0)",0.0,0.0,0.0,0.0,0.0,26.0,False,"(1, 2)",onion,"(3, 3)",onion,"(3, 2):dish;(4, 0):soup('onion', 3, 20);(5, 2):dish;(7, 1):soup('onion', 3, 20)","(3, 0):empty;(4, 0):soup('onion', 3, 20)"
200,2,"(1, 0)","(1, 2)","(1, 0)",onion,"(3, 3)","(0, 1)",onion,"(3, 2):dish;(4, 0):soup('onion', 3, 20);(5, 2):dish;(7, 1):soup('onion', 3, 20)","(3, 0):empty;(4, 0):soup('onion', 3, 20)",0.0,26.0,4,"(0, 0)",0.0,0.0,0.0,0.0,0.0,26.0,False,"(1, 2)",onion,"(3, 3)",onion,"(3, 2):dish;(4, 0):soup('onion', 3, 20);(5, 2):dish;(7, 1):soup('onion', 3, 20)","(3, 0):empty;(4, 0):soup('onion', 3, 20)"
201,2,"(1, 0)","(1, 2)","(1, 0)",onion,"(3, 3)","(0, 1)",onion,"(3, 2):dish;(4, 0):soup('onion', 3, 20);(5, 2):dish;(7, 1):soup('onion', 3, 20)","(3, 0):empty;(4, 0):soup('onion', 3, 20)",0.0,26.0,4,"(0, 0)",0.0,0.0,0.0,0.0,0.0,26.0,False,"(1, 2)",onion,"(3, 3)",onion,"(3, 2):dish;(4, 0):soup('onion', 3, 20);(5, 2):dish;(7, 1):soup('onion', 3, 20)","(3, 0):empty;(4, 0):soup('onion', 3, 20)"
202,2,"(1, 0)","(1, 2)","(1, 0)",onion,"(3, 3)","(0, 1)",onion,"(3, 2):dish;(4, 0):soup('onion', 3, 20);(5, 2):dish;(7, 1):soup('onion', 3, 20)","(3, 0):empty;(4, 0):soup('onion', 3, 20)",0.0,26.0,4,"(0, 0)",0.0,0.0,0.0,0.0,0.0,26.0,False,"(1, 2)",onion,"(3, 3)",onion,"(3, 2):dish;(4, 0):soup('onion', 3, 20);(5, 2):dish;(7, 1):soup('onion', 3, 20)","(3, 0):empty;(4, 0):soup('onion', 3, 20)"
203,2,"(1, 0)","(1, 2)","(1, 0)",onion,"(3, 3)","(0, 1)",onion,"(3, 2):dish;(4, 0):soup('onion', 3, 20);(5, 2):dish;(7, 1):soup('onion', 3, 20)","(3, 0):empty;(4, 0):soup('onion', 3, 20)",0.0,26.0,4,"(0, 0)",0.0,0.0,0.0,0.0,0.0,26.0,False,"(1, 2)",onion,"(3, 3)",onion,"(3, 2):dish;(4, 0):soup('onion', 3, 20);(5, 2):dish;(7, 1):soup('onion', 3, 20)","(3, 0):empty;(4, 0):soup('onion', 3, 20)"
204,2,"(1, 0)","(1, 2)","(1, 0)",onion,"(3, 3)","(0, 1)",onion,"(3, 2):dish;(4, 0):soup('onion', 3, 20);(5, 2):dish;(7, 1):soup('onion', 3, 20)","(3, 0):empty;(4, 0):soup('onion', 3, 20)",0.0,26.0,4,"(0, 0)",0.0,0.0,0.0,0.0,0.0,26.0,False,"(1, 2)",onion,"(3, 3)",onion,"(3, 2):dish;(4, 0):soup('onion', 3, 20);(5, 2):dish;(7, 1):soup('onion', 3, 20)","(3, 0):empty;(4, 0):soup('onion', 3, 20)"
205,2,"(1, 0)","(1, 2)","(1, 0)",onion,"(3, 3)","(0, 1)",onion,"(3, 2):dish;(4, 0):soup('onion', 3, 20);(5, 2):dish;(7, 1):soup('onion', 3, 20)","(3, 0):empty;(4, 0):soup('onion', 3, 20)",0.0,26.0,4,"(0, 0)",0.0,0.0,0.0,0.0,0.0,26.0,False,"(1, 2)",onion,"(3, 3)",onion,"(3, 2):dish;(4, 0):soup('onion', 3, 20);(5, 2):dish;(7, 1):soup('onion', 3, 20)","(3, 0):empty;(4, 0):soup('onion', 3, 20)"
206,2,"(1, 0)","(1, 2)","(1, 0)",onion,"(3, 3)","(0, 1)",onion,"(3, 2):dish;(4, 0):soup('onion', 3, 20);(5, 2):dish;(7, 1):soup('onion', 3, 20)","(3, 0):empty;(4, 0):soup('onion', 3, 20)",0.0,26.0,4,"(0, 0)",0.0,0.0,0.0,0.0,0.0,26.0,False,"(1, 2)",onion,"(3, 3)",onion,"(3, 2):dish;(4, 0):soup('onion', 3, 20);(5, 2):dish;(7, 1):soup('onion', 3, 20)","(3, 0):empty;(4, 0):soup('onion', 3, 20)"
207,2,"(1, 0)","(1, 2)","(1, 0)",onion,"(3, 3)","(0, 1)",onion,"(3, 2):dish;(4, 0):soup('onion', 3, 20);(5, 2):dish;(7, 1):soup('onion', 3, 20)","(3, 0):empty;(4, 0):soup('onion', 3, 20)",0.0,26.0,4,"(0, 0)",0.0,0.0,0.0,0.0,0.0,26.0,False,"(1, 2)",onion,"(3, 3)",onion,"(3, 2):dish;(4, 0):soup('onion', 3, 20);(5, 2):dish;(7, 1):soup('onion', 3, 20)","(3, 0):empty;(4, 0):soup('onion', 3, 20)"
208,2,"(1, 0)","(1, 2)","(1, 0)",onion,"(3, 3)","(0, 1)",onion,"(3, 2):dish;(4, 0):soup('onion', 3, 20);(5, 2):dish;(7, 1):soup('onion', 3, 20)","(3, 0):empty;(4, 0):soup('onion', 3, 20)",0.0,26.0,4,"(0, 0)",0.0,0.0,0.0,0.0,0.0,26.0,False,"(1, 2)",onion,"(3, 3)",onion,"(3, 2):dish;(4, 0):soup('onion', 3, 20);(5, 2):dish;(7, 1):soup('onion', 3, 20)","(3, 0):empty;(4, 0):soup('onion', 3, 20)"
209,2,"(1, 0)","(1, 2)","(1, 0)",onion,"(3, 3)","(0, 1)",onion,"(3, 2):dish;(4, 0):soup('onion', 3, 20);(5, 2):dish;(7, 1):soup('onion', 3, 20)","(3, 0):empty;(4, 0):soup('onion', 3, 20)",0.0,26.0,4,"(0, 0)",0.0,0.0,0.0,0.0,0.0,26.0,False,"(1, 2)",onion,"(3, 3)",onion,"(3, 2):dish;(4, 0):soup('onion', 3, 20);(5, 2):dish;(7, 1):soup('onion', 3, 20)","(3, 0):empty;(4, 0):soup('onion', 3, 20)"
210,2,"(1, 0)","(1, 2)","(1, 0)",onion,"(3, 3)","(0, 1)",onion,"(3, 2):dish;(4, 0):soup('onion', 3, 20);(5, 2):dish;(7, 1):soup('onion', 3, 20)","(3, 0):empty;(4, 0):soup('onion', 3, 20)",0.0,26.0,4,"(0, 0)",0.0,0.0,0.0,0.0,0.0,26.0,False,"(1, 2)",onion,"(3, 3)",onion,"(3, 2):dish;(4, 0):soup('onion', 3, 20);(5, 2):dish;(7, 1):soup('onion', 3, 20)","(3, 0):empty;(4, 0):soup('onion', 3, 20)"
211,2,"(1, 0)","(1, 2)","(1, 0)",onion,"(3, 3)","(0, 1)",onion,"(3, 2):dish;(4, 0):soup('onion', 3, 20);(5, 2):dish;(7, 1):soup('onion', 3, 20)","(3, 0):empty;(4, 0):soup('onion', 3, 20)",0.0,26.0,4,"(0, 0)",0.0,0.0,0.0,0.0,0.0,26.0,False,"(1, 2)",onion,"(3, 3)",onion,"(3, 2):dish;(4, 0):soup('onion', 3, 20);(5, 2):dish;(7, 1):soup('onion', 3, 20)","(3, 0):empty;(4, 0):soup('onion', 3, 20)"
212,2,"(1, 0)","(1, 2)","(1, 0)",onion,"(3, 3)","(0, 1)",onion,"(3, 2):dish;(4, 0):soup('onion', 3, 20);(5, 2):dish;(7, 1):soup('onion', 3, 20)","(3, 0):empty;(4, 0):soup('onion', 3, 20)",0.0,26.0,4,"(0, 0)",0.0,0.0,0.0,0.0,0.0,26.0,False,"(1, 2)",onion,"(3, 3)",onion,"(3, 2):dish;(4, 0):soup('onion', 3, 20);(5, 2):dish;(7, 1):soup('onion', 3, 20)","(3, 0):empty;(4, 0):soup('onion', 3, 20)"
213,2,"(1, 0)","(1, 2)","(1, 0)",onion,"(3, 3)","(0, 1)",onion,"(3, 2):dish;(4, 0):soup('onion', 3, 20);(5, 2):dish;(7, 1):soup('onion', 3, 20)","(3, 0):empty;(4, 0):soup('onion', 3, 20)",0.0,26.0,4,"(0, 0)",0.0,0.0,0.0,0.0,0.0,26.0,False,"(1, 2)",onion,"(3, 3)",onion,"(3, 2):dish;(4, 0):soup('onion', 3, 20);(5, 2):dish;(7, 1):soup('onion', 3, 20)","(3, 0):empty;(4, 0):soup('onion', 3, 20)"
214,2,"(1, 0)","(1, 2)","(1, 0)",onion,"(3, 3)","(0, 1)",onion,"(3, 2):dish;(4, 0):soup('onion', 3, 20);(5, 2):dish;(7, 1):soup('onion', 3, 20)","(3, 0):empty;(4, 0):soup('onion', 3, 20)",0.0,26.0,4,"(0, 0)",0.0,0.0,0.0,0.0,0.0,26.0,False,"(1, 2)",onion,"(3, 3)",onion,"(3, 2):dish;(4, 0):soup('onion', 3, 20);(5, 2):dish;(7, 1):soup('onion', 3, 20)","(3, 0):empty;(4, 0):soup('onion', 3, 20)"
215,2,"(1, 0)","(1, 2)","(1, 0)",onion,"(3, 3)","(0, 1)",onion,"(3, 2):dish;(4, 0):soup('onion', 3, 20);(5, 2):dish;(7, 1):soup('onion', 3, 20)","(3, 0):empty;(4, 0):soup('onion', 3, 20)",0.0,26.0,4,"(0, 0)",0.0,0.0,0.0,0.0,0.0,26.0,False,"(1, 2)",onion,"(3, 3)",onion,"(3, 2):dish;(4, 0):soup('onion', 3, 20);(5, 2):dish;(7, 1):soup('onion', 3, 20)","(3, 0):empty;(4, 0):soup('onion', 3, 20)"
216,2,"(1, 0)","(1, 2)","(1, 0)",onion,"(3, 3)","(0, 1)",onion,"(3, 2):dish;(4, 0):soup('onion', 3, 20);(5, 2):dish;(7, 1):soup('onion', 3, 20)","(3, 0):empty;(4, 0):soup('onion', 3, 20)",0.0,26.0,4,"(0, 0)",0.0,0.0,0.0,0.0,0.0,26.0,False,"(1, 2)",onion,"(3, 3)",onion,"(3, 2):dish;(4, 0):soup('onion', 3, 20);(5, 2):dish;(7, 1):soup('onion', 3, 20)","(3, 0):empty;(4, 0):soup('onion', 3, 20)"
217,2,"(1, 0)","(1, 2)","(1, 0)",onion,"(3, 3)","(0, 1)",onion,"(3, 2):dish;(4, 0):soup('onion', 3, 20);(5, 2):dish;(7, 1):soup('onion', 3, 20)","(3, 0):empty;(4, 0):soup('onion', 3, 20)",0.0,26.0,4,"(0, 0)",0.0,0.0,0.0,0.0,0.0,26.0,False,"(1, 2)",onion,"(3, 3)",onion,"(3, 2):dish;(4, 0):soup('onion', 3, 20);(5, 2):dish;(7, 1):soup('onion', 3, 20)","(3, 0):empty;(4, 0):soup('onion', 3, 20)"
218,2,"(1, 0)","(1, 2)","(1, 0)",onion,"(3, 3)","(0, 1)",onion,"(3, 2):dish;(4, 0):soup('onion', 3, 20);(5, 2):dish;(7, 1):soup('onion', 3, 20)","(3, 0):empty;(4, 0):soup('onion', 3, 20)",0.0,26.0,4,"(0, 0)",0.0,0.0,0.0,0.0,0.0,26.0,False,"(1, 2)",onion,"(3, 3)",onion,"(3, 2):dish;(4, 0):soup('onion', 3, 20);(5, 2):dish;(7, 1):soup('onion', 3, 20)","(3, 0):empty;(4, 0):soup('onion', 3, 20)"
219,2,"(1, 0)","(1, 2)","(1, 0)",onion,"(3, 3)","(0, 1)",onion,"(3, 2):dish;(4, 0):soup('onion', 3, 20);(5, 2):dish;(7, 1):soup('onion', 3, 20)","(3, 0):empty;(4, 0):soup('onion', 3, 20)",0.0,26.0,4,"(0, 0)",0.0,0.0,0.0,0.0,0.0,26.0,False,"(1, 2)",onion,"(3, 3)",onion,"(3, 2):dish;(4, 0):soup('onion', 3, 20);(5, 2):dish;(7, 1):soup('onion', 3, 20)","(3, 0):empty;(4, 0):soup('onion', 3, 20)"
220,2,"(1, 0)","(1, 2)","(1, 0)",onion,"(3, 3)","(0, 1)",onion,"(3, 2):dish;(4, 0):soup('onion', 3, 20);(5, 2):dish;(7, 1):soup('onion', 3, 20)","(3, 0):empty;(4, 0):soup('onion', 3, 20)",0.0,26.0,4,"(0, 0)",0.0,0.0,0.0,0.0,0.0,26.0,False,"(1, 2)",onion,"(3, 3)",onion,"(3, 2):dish;(4, 0):soup('onion', 3, 20);(5, 2):dish;(7, 1):soup('onion', 3, 20)","(3, 0):empty;(4, 0):soup('onion', 3, 20)"
221,2,"(1, 0)","(1, 2)","(1, 0)",onion,"(3, 3)","(0, 1)",onion,"(3, 2):dish;(4, 0):soup('onion', 3, 20);(5, 2):dish;(7, 1):soup('onion', 3, 20)","(3, 0):empty;(4, 0):soup('onion', 3, 20)",0.0,26.0,4,"(0, 0)",0.0,0.0,0.0,0.0,0.0,26.0,False,"(1, 2)",onion,"(3, 3)",onion,"(3, 2):dish;(4, 0):soup('onion', 3, 20);(5, 2):dish;(7, 1):soup('onion', 3, 20)","(3, 0):empty;(4, 0):soup('onion', 3, 20)"
222,2,"(1, 0)","(1, 2)","(1, 0)",onion,"(3, 3)","(0, 1)",onion,"(3, 2):dish;(4, 0):soup('onion', 3, 20);(5, 2):dish;(7, 1):soup('onion', 3, 20)","(3, 0):empty;(4, 0):soup('onion', 3, 20)",0.0,26.0,4,"(0, 0)",0.0,0.0,0.0,0.0,0.0,26.0,False,"(1, 2)",onion,"(3, 3)",onion,"(3, 2):dish;(4, 0):soup('onion', 3, 20);(5, 2):dish;(7, 1):soup('onion', 3, 20)","(3, 0):empty;(4, 0):soup('onion', 3, 20)"
223,2,"(1, 0)","(1, 2)","(1, 0)",onion,"(3, 3)","(0, 1)",onion,"(3, 2):dish;(4, 0):soup('onion', 3, 20);(5, 2):dish;(7, 1):soup('onion', 3, 20)","(3, 0):empty;(4, 0):soup('onion', 3, 20)",0.0,26.0,4,"(0, 0)",0.0,0.0,0.0,0.0,0.0,26.0,False,"(1, 2)",onion,"(3, 3)",onion,"(3, 2):dish;(4, 0):soup('onion', 3, 20);(5, 2):dish;(7, 1):soup('onion', 3, 20)","(3, 0):empty;(4, 0):soup('onion', 3, 20)"
224,2,"(1, 0)","(1, 2)","(1, 0)",onion,"(3, 3)","(0, 1)",onion,"(3, 2):dish;(4, 0):soup('onion', 3, 20);(5, 2):dish;(7, 1):soup('onion', 3, 20)","(3, 0):empty;(4, 0):soup('onion', 3, 20)",0.0,26.0,4,"(0, 0)",0.0,0.0,0.0,0.0,0.0,26.0,False,"(1, 2)",onion,"(3, 3)",onion,"(3, 2):dish;(4, 0):soup('onion', 3, 20);(5, 2):dish;(7, 1):soup('onion', 3, 20)","(3, 0):empty;(4, 0):soup('onion', 3, 20)"
225,2,"(1, 0)","(1, 2)","(1, 0)",onion,"(3, 3)","(0, 1)",onion,"(3, 2):dish;(4, 0):soup('onion', 3, 20);(5, 2):dish;(7, 1):soup('onion', 3, 20)","(3, 0):empty;(4, 0):soup('onion', 3, 20)",0.0,26.0,4,"(0, 0)",0.0,0.0,0.0,0.0,0.0,26.0,False,"(1, 2)",onion,"(3, 3)",onion,"(3, 2):dish;(4, 0):soup('onion', 3, 20);(5, 2):dish;(7, 1):soup('onion', 3, 20)","(3, 0):empty;(4, 0):soup('onion', 3, 20)"
226,2,"(1, 0)","(1, 2)","(1, 0)",onion,"(3, 3)","(0, 1)",onion,"(3, 2):dish;(4, 0):soup('onion', 3, 20);(5, 2):dish;(7, 1):soup('onion', 3, 20)","(3, 0):empty;(4, 0):soup('onion', 3, 20)",0.0,26.0,4,"(0, 0)",0.0,0.0,0.0,0.0,0.0,26.0,False,"(1, 2)",onion,"(3, 3)",onion,"(3, 2):dish;(4, 0):soup('onion', 3, 20);(5, 2):dish;(7, 1):soup('onion', 3, 20)","(3, 0):empty;(4, 0):soup('onion', 3, 20)"
227,2,"(1, 0)","(1, 2)","(1, 0)",onion,"(3, 3)","(0, 1)",onion,"(3, 2):dish;(4, 0):soup('onion', 3, 20);(5, 2):dish;(7, 1):soup('onion', 3, 20)","(3, 0):empty;(4, 0):soup('onion', 3, 20)",0.0,26.0,4,"(0, 0)",0.0,0.0,0.0,0.0,0.0,26.0,False,"(1, 2)",onion,"(3, 3)",onion,"(3, 2):dish;(4, 0):soup('onion', 3, 20);(5, 2):dish;(7, 1):soup('onion', 3, 20)","(3, 0):empty;(4, 0):soup('onion', 3, 20)"
228,2,"(1, 0)","(1, 2)","(1, 0)",onion,"(3, 3)","(0, 1)",onion,"(3, 2):dish;(4, 0):soup('onion', 3, 20);(5, 2):dish;(7, 1):soup('onion', 3, 20)","(3, 0):empty;(4, 0):soup('onion', 3, 20)",0.0,26.0,4,"(0, 0)",0.0,0.0,0.0,0.0,0.0,26.0,False,"(1, 2)",onion,"(3, 3)",onion,"(3, 2):dish;(4, 0):soup('onion', 3, 20);(5, 2):dish;(7, 1):soup('onion', 3, 20)","(3, 0):empty;(4, 0):soup('onion', 3, 20)"
229,2,"(1, 0)","(1, 2)","(1, 0)",onion,"(3, 3)","(0, 1)",onion,"(3, 2):dish;(4, 0):soup('onion', 3, 20);(5, 2):dish;(7, 1):soup('onion', 3, 20)","(3, 0):empty;(4, 0):soup('onion', 3, 20)",0.0,26.0,4,"(0, 0)",0.0,0.0,0.0,0.0,0.0,26.0,False,"(1, 2)",onion,"(3, 3)",onion,"(3, 2):dish;(4, 0):soup('onion', 3, 20);(5, 2):dish;(7, 1):soup('onion', 3, 20)","(3, 0):empty;(4, 0):soup('onion', 3, 20)"
230,2,"(1, 0)","(1, 2)","(1, 0)",onion,"(3, 3)","(0, 1)",onion,"(3, 2):dish;(4, 0):soup('onion', 3, 20);(5, 2):dish;(7, 1):soup('onion', 3, 20)","(3, 0):empty;(4, 0):soup('onion', 3, 20)",0.0,26.0,4,"(0, 0)",0.0,0.0,0.0,0.0,0.0,26.0,False,"(1, 2)",onion,"(3, 3)",onion,"(3, 2):dish;(4, 0):soup('onion', 3, 20);(5, 2):dish;(7, 1):soup('onion', 3, 20)","(3, 0):empty;(4, 0):soup('onion', 3, 20)"
231,2,"(1, 0)","(1, 2)","(1, 0)",onion,"(3, 3)","(0, 1)",onion,"(3, 2):dish;(4, 0):soup('onion', 3, 20);(5, 2):dish;(7, 1):soup('onion', 3, 20)","(3, 0):empty;(4, 0):soup('onion', 3, 20)",0.0,26.0,4,"(0, 0)",0.0,0.0,0.0,0.0,0.0,26.0,False,"(1, 2)",onion,"(3, 3)",onion,"(3, 2):dish;(4, 0):soup('onion', 3, 20);(5, 2):dish;(7, 1):soup('onion', 3, 20)","(3, 0):empty;(4, 0):soup('onion', 3, 20)"
232,2,"(1, 0)","(1, 2)","(1, 0)",onion,"(3, 3)","(0, 1)",onion,"(3, 2):dish;(4, 0):soup('onion', 3, 20);(5, 2):dish;(7, 1):soup('onion', 3, 20)","(3, 0):empty;(4, 0):soup('onion', 3, 20)",0.0,26.0,4,"(0, 0)",0.0,0.0,0.0,0.0,0.0,26.0,False,"(1, 2)",onion,"(3, 3)",onion,"(3, 2):dish;(4, 0):soup('onion', 3, 20);(5, 2):dish;(7, 1):soup('onion', 3, 20)","(3, 0):empty;(4, 0):soup('onion', 3, 20)"
233,2,"(1, 0)","(1, 2)","(1, 0)",onion,"(3, 3)","(0, 1)",onion,"(3, 2):dish;(4, 0):soup('onion', 3, 20);(5, 2):dish;(7, 1):soup('onion', 3, 20)","(3, 0):empty;(4, 0):soup('onion', 3, 20)",0.0,26.0,4,"(0, 0)",0.0,0.0,0.0,0.0,0.0,26.0,False,"(1, 2)",onion,"(3, 3)",onion,"(3, 2):dish;(4, 0):soup('onion', 3, 20);(5, 2):dish;(7, 1):soup('onion', 3, 20)","(3, 0):empty;(4, 0):soup('onion', 3, 20)"
234,2,"(1, 0)","(1, 2)","(1, 0)",onion,"(3, 3)","(0, 1)",onion,"(3, 2):dish;(4, 0):soup('onion', 3, 20);(5, 2):dish;(7, 1):soup('onion', 3, 20)","(3, 0):empty;(4, 0):soup('onion', 3, 20)",0.0,26.0,4,"(0, 0)",0.0,0.0,0.0,0.0,0.0,26.0,False,"(1, 2)",onion,"(3, 3)",onion,"(3, 2):dish;(4, 0):soup('onion', 3, 20);(5, 2):dish;(7, 1):soup('onion', 3, 20)","(3, 0):empty;(4, 0):soup('onion', 3, 20)"
235,2,"(1, 0)","(1, 2)","(1, 0)",onion,"(3, 3)","(0, 1)",onion,"(3, 2):dish;(4, 0):soup('onion', 3, 20);(5, 2):dish;(7, 1):soup('onion', 3, 20)","(3, 0):empty;(4, 0):soup('onion', 3, 20)",0.0,26.0,4,"(0, 0)",0.0,0.0,0.0,0.0,0.0,26.0,False,"(1, 2)",onion,"(3, 3)",onion,"(3, 2):dish;(4, 0):soup('onion', 3, 20);(5, 2):dish;(7, 1):soup('onion', 3, 20)","(3, 0):empty;(4, 0):soup('onion', 3, 20)"
236,2,"(1, 0)","(1, 2)","(1, 0)",onion,"(3, 3)","(0, 1)",onion,"(3, 2):dish;(4, 0):soup('onion', 3, 20);(5, 2):dish;(7, 1):soup('onion', 3, 20)","(3, 0):empty;(4, 0):soup('onion', 3, 20)",0.0,26.0,4,"(0, 0)",0.0,0.0,0.0,0.0,0.0,26.0,False,"(1, 2)",onion,"(3, 3)",onion,"(3, 2):dish;(4, 0):soup('onion', 3, 20);(5, 2):dish;(7, 1):soup('onion', 3, 20)","(3, 0):empty;(4, 0):soup('onion', 3, 20)"
237,2,"(1, 0)","(1, 2)","(1, 0)",onion,"(3, 3)","(0, 1)",onion,"(3, 2):dish;(4, 0):soup('onion', 3, 20);(5, 2):dish;(7, 1):soup('onion', 3, 20)","(3, 0):empty;(4, 0):soup('onion', 3, 20)",0.0,26.0,4,"(0, 0)",0.0,0.0,0.0,0.0,0.0,26.0,False,"(1, 2)",onion,"(3, 3)",onion,"(3, 2):dish;(4, 0):soup('onion', 3, 20);(5, 2):dish;(7, 1):soup('onion', 3, 20)","(3, 0):empty;(4, 0):soup('onion', 3, 20)"
238,2,"(1, 0)","(1, 2)","(1, 0)",onion,"(3, 3)","(0, 1)",onion,"(3, 2):dish;(4, 0):soup('onion', 3, 20);(5, 2):dish;(7, 1):soup('onion', 3, 20)","(3, 0):empty;(4, 0):soup('onion', 3, 20)",0.0,26.0,4,"(0, 0)",0.0,0.0,0.0,0.0,0.0,26.0,False,"(1, 2)",onion,"(3, 3)",onion,"(3, 2):dish;(4, 0):soup('onion', 3, 20);(5, 2):dish;(7, 1):soup('onion', 3, 20)","(3, 0):empty;(4, 0):soup('onion', 3, 20)"
239,2,"(1, 0)","(1, 2)","(1, 0)",onion,"(3, 3)","(0, 1)",onion,"(3, 2):dish;(4, 0):soup('onion', 3, 20);(5, 2):dish;(7, 1):soup('onion', 3, 20)","(3, 0):empty;(4, 0):soup('onion', 3, 20)",0.0,26.0,4,"(0, 0)",0.0,0.0,0.0,0.0,0.0,26.0,False,"(1, 2)",onion,"(3, 3)",onion,"(3, 2):dish;(4, 0):soup('onion', 3, 20);(5, 2):dish;(7, 1):soup('onion', 3, 20)","(3, 0):empty;(4, 0):soup('onion', 3, 20)"
240,2,"(1, 0)","(1, 2)","(1, 0)",onion,"(3, 3)","(0, 1)",onion,"(3, 2):dish;(4, 0):soup('onion', 3, 20);(5, 2):dish;(7, 1):soup('onion', 3, 20)","(3, 0):empty;(4, 0):soup('onion', 3, 20)",0.0,26.0,4,"(0, 0)",0.0,0.0,0.0,0.0,0.0,26.0,False,"(1, 2)",onion,"(3, 3)",onion,"(3, 2):dish;(4, 0):soup('onion', 3, 20);(5, 2):dish;(7, 1):soup('onion', 3, 20)","(3, 0):empty;(4, 0):soup('onion', 3, 20)"
241,2,"(1, 0)","(1, 2)","(1, 0)",onion,"(3, 3)","(0, 1)",onion,"(3, 2):dish;(4, 0):soup('onion', 3, 20);(5, 2):dish;(7, 1):soup('onion', 3, 20)","(3, 0):empty;(4, 0):soup('onion', 3, 20)",0.0,26.0,4,"(0, 0)",0.0,0.0,0.0,0.0,0.0,26.0,False,"(1, 2)",onion,"(3, 3)",onion,"(3, 2):dish;(4, 0):soup('onion', 3, 20);(5, 2):dish;(7, 1):soup('onion', 3, 20)","(3, 0):empty;(4, 0):soup('onion', 3, 20)"
242,2,"(1, 0)","(1, 2)","(1, 0)",onion,"(3, 3)","(0, 1)",onion,"(3, 2):dish;(4, 0):soup('onion', 3, 20);(5, 2):dish;(7, 1):soup('onion', 3, 20)","(3, 0):empty;(4, 0):soup('onion', 3, 20)",0.0,26.0,4,"(0, 0)",0.0,0.0,0.0,0.0,0.0,26.0,False,"(1, 2)",onion,"(3, 3)",onion,"(3, 2):dish;(4, 0):soup('onion', 3, 20);(5, 2):dish;(7, 1):soup('onion', 3, 20)","(3, 0):empty;(4, 0):soup('onion', 3, 20)"
243,2,"(1, 0)","(1, 2)","(1, 0)",onion,"(3, 3)","(0, 1)",onion,"(3, 2):dish;(4, 0):soup('onion', 3, 20);(5, 2):dish;(7, 1):soup('onion', 3, 20)","(3, 0):empty;(4, 0):soup('onion', 3, 20)",0.0,26.0,4,"(0, 0)",0.0,0.0,0.0,0.0,0.0,26.0,False,"(1, 2)",onion,"(3, 3)",onion,"(3, 2):dish;(4, 0):soup('onion', 3, 20);(5, 2):dish;(7, 1):soup('onion', 3, 20)","(3, 0):empty;(4, 0):soup('onion', 3, 20)"
244,2,"(1, 0)","(1, 2)","(1, 0)",onion,"(3, 3)","(0, 1)",onion,"(3, 2):dish;(4, 0):soup('onion', 3, 20);(5, 2):dish;(7, 1):soup('onion', 3, 20)","(3, 0):empty;(4, 0):soup('onion', 3, 20)",0.0,26.0,4,"(0, 0)",0.0,0.0,0.0,0.0,0.0,26.0,False,"(1, 2)",onion,"(3, 3)",onion,"(3, 2):dish;(4, 0):soup('onion', 3, 20);(5, 2):dish;(7, 1):soup('onion', 3, 20)","(3, 0):empty;(4, 0):soup('onion', 3, 20)"
245,2,"(1, 0)","(1, 2)","(1, 0)",onion,"(3, 3)","(0, 1)",onion,"(3, 2):dish;(4, 0):soup('onion', 3, 20);(5, 2):dish;(7, 1):soup('onion', 3, 20)","(3, 0):empty;(4, 0):soup('onion', 3, 20)",0.0,26.0,4,"(0, 0)",0.0,0.0,0.0,0.0,0.0,26.0,False,"(1, 2)",onion,"(3, 3)",onion,"(3, 2):dish;(4, 0):soup('onion', 3, 20);(5, 2):dish;(7, 1):soup('onion', 3, 20)","(3, 0):empty;(4, 0):soup('onion', 3, 20)"
246,2,"(1, 0)","(1, 2)","(1, 0)",onion,"(3, 3)","(0, 1)",onion,"(3, 2):dish;(4, 0):soup('onion', 3, 20);(5, 2):dish;(7, 1):soup('onion', 3, 20)","(3, 0):empty;(4, 0):soup('onion', 3, 20)",0.0,26.0,4,"(0, 0)",0.0,0.0,0.0,0.0,0.0,26.0,False,"(1, 2)",onion,"(3, 3)",onion,"(3, 2):dish;(4, 0):soup('onion', 3, 20);(5, 2):dish;(7, 1):soup('onion', 3, 20)","(3, 0):empty;(4, 0):soup('onion', 3, 20)"
247,2,"(1, 0)","(1, 2)","(1, 0)",onion,"(3, 3)","(0, 1)",onion,"(3, 2):dish;(4, 0):soup('onion', 3, 20);(5, 2):dish;(7, 1):soup('onion', 3, 20)","(3, 0):empty;(4, 0):soup('onion', 3, 20)",0.0,26.0,4,"(0, 0)",0.0,0.0,0.0,0.0,0.0,26.0,False,"(1, 2)",onion,"(3, 3)",onion,"(3, 2):dish;(4, 0):soup('onion', 3, 20);(5, 2):dish;(7, 1):soup('onion', 3, 20)","(3, 0):empty;(4, 0):soup('onion', 3, 20)"
248,2,"(1, 0)","(1, 2)","(1, 0)",onion,"(3, 3)","(0, 1)",onion,"(3, 2):dish;(4, 0):soup('onion', 3, 20);(5, 2):dish;(7, 1):soup('onion', 3, 20)","(3, 0):empty;(4, 0):soup('onion', 3, 20)",0.0,26.0,4,"(0, 0)",0.0,0.0,0.0,0.0,0.0,26.0,False,"(1, 2)",onion,"(3, 3)",onion,"(3, 2):dish;(4, 0):soup('onion', 3, 20);(5, 2):dish;(7, 1):soup('onion', 3, 20)","(3, 0):empty;(4, 0):soup('onion', 3, 20)"
249,2,"(1, 0)","(1, 2)","(1, 0)",onion,"(3, 3)","(0, 1)",onion,"(3, 2):dish;(4, 0):soup('onion', 3, 20);(5, 2):dish;(7, 1):soup('onion', 3, 20)","(3, 0):empty;(4, 0):soup('onion', 3, 20)",0.0,26.0,4,"(0, 0)",0.0,0.0,0.0,0.0,0.0,26.0,False,"(1, 2)",onion,"(3, 3)",onion,"(3, 2):dish;(4, 0):soup('onion', 3, 20);(5, 2):dish;(7, 1):soup('onion', 3, 20)","(3, 0):empty;(4, 0):soup('onion', 3, 20)"
250,2,"(1, 0)","(1, 2)","(1, 0)",onion,"(3, 3)","(0, 1)",onion,"(3, 2):dish;(4, 0):soup('onion', 3, 20);(5, 2):dish;(7, 1):soup('onion', 3, 20)","(3, 0):empty;(4, 0):soup('onion', 3, 20)",0.0,26.0,4,"(0, 0)",0.0,0.0,0.0,0.0,0.0,26.0,False,"(1, 2)",onion,"(3, 3)",onion,"(3, 2):dish;(4, 0):soup('onion', 3, 20);(5, 2):dish;(7, 1):soup('onion', 3, 20)","(3, 0):empty;(4, 0):soup('onion', 3, 20)"
251,2,"(1, 0)","(1, 2)","(1, 0)",onion,"(3, 3)","(0, 1)",onion,"(3, 2):dish;(4, 0):soup('onion', 3, 20);(5, 2):dish;(7, 1):soup('onion', 3, 20)","(3, 0):empty;(4, 0):soup('onion', 3, 20)",0.0,26.0,4,"(0, 0)",0.0,0.0,0.0,0.0,0.0,26.0,False,"(1, 2)",onion,"(3, 3)",onion,"(3, 2):dish;(4, 0):soup('onion', 3, 20);(5, 2):dish;(7, 1):soup('onion', 3, 20)","(3, 0):empty;(4, 0):soup('onion', 3, 20)"
252,2,"(1, 0)","(1, 2)","(1, 0)",onion,"(3, 3)","(0, 1)",onion,"(3, 2):dish;(4, 0):soup('onion', 3, 20);(5, 2):dish;(7, 1):soup('onion', 3, 20)","(3, 0):empty;(4, 0):soup('onion', 3, 20)",0.0,26.0,4,"(0, 0)",0.0,0.0,0.0,0.0,0.0,26.0,False,"(1, 2)",onion,"(3, 3)",onion,"(3, 2):dish;(4, 0):soup('onion', 3, 20);(5, 2):dish;(7, 1):soup('onion', 3, 20)","(3, 0):empty;(4, 0):soup('onion', 3, 20)"
253,2,"(1, 0)","(1, 2)","(1, 0)",onion,"(3, 3)","(0, 1)",onion,"(3, 2):dish;(4, 0):soup('onion', 3, 20);(5, 2):dish;(7, 1):soup('onion', 3, 20)","(3, 0):empty;(4, 0):soup('onion', 3, 20)",0.0,26.0,4,"(0, 0)",0.0,0.0,0.0,0.0,0.0,26.0,False,"(1, 2)",onion,"(3, 3)",onion,"(3, 2):dish;(4, 0):soup('onion', 3, 20);(5, 2):dish;(7, 1):soup('onion', 3, 20)","(3, 0):empty;(4, 0):soup('onion', 3, 20)"
254,2,"(1, 0)","(1, 2)","(1, 0)",onion,"(3, 3)","(0, 1)",onion,"(3, 2):dish;(4, 0):soup('onion', 3, 20);(5, 2):dish;(7, 1):soup('onion', 3, 20)","(3, 0):empty;(4, 0):soup('onion', 3, 20)",0.0,26.0,4,"(0, 0)",0.0,0.0,0.0,0.0,0.0,26.0,False,"(1, 2)",onion,"(3, 3)",onion,"(3, 2):dish;(4, 0):soup('onion', 3, 20);(5, 2):dish;(7, 1):soup('onion', 3, 20)","(3, 0):empty;(4, 0):soup('onion', 3, 20)"
255,2,"(1, 0)","(1, 2)","(1, 0)",onion,"(3, 3)","(0, 1)",onion,"(3, 2):dish;(4, 0):soup('onion', 3, 20);(5, 2):dish;(7, 1):soup('onion', 3, 20)","(3, 0):empty;(4, 0):soup('onion', 3, 20)",0.0,26.0,4,"(0, 0)",0.0,0.0,0.0,0.0,0.0,26.0,False,"(1, 2)",onion,"(3, 3)",onion,"(3, 2):dish;(4, 0):soup('onion', 3, 20);(5, 2):dish;(7, 1):soup('onion', 3, 20)","(3, 0):empty;(4, 0):soup('onion', 3, 20)"
256,2,"(1, 0)","(1, 2)","(1, 0)",onion,"(3, 3)","(0, 1)",onion,"(3, 2):dish;(4, 0):soup('onion', 3, 20);(5, 2):dish;(7, 1):soup('onion', 3, 20)","(3, 0):empty;(4, 0):soup('onion', 3, 20)",0.0,26.0,4,"(0, 0)",0.0,0.0,0.0,0.0,0.0,26.0,False,"(1, 2)",onion,"(3, 3)",onion,"(3, 2):dish;(4, 0):soup('onion', 3, 20);(5, 2):dish;(7, 1):soup('onion', 3, 20)","(3, 0):empty;(4, 0):soup('onion', 3, 20)"
257,2,"(1, 0)","(1, 2)","(1, 0)",onion,"(3, 3)","(0, 1)",onion,"(3, 2):dish;(4, 0):soup('onion', 3, 20);(5, 2):dish;(7, 1):soup('onion', 3, 20)","(3, 0):empty;(4, 0):soup('onion', 3, 20)",0.0,26.0,4,"(0, 0)",0.0,0.0,0.0,0.0,0.0,26.0,False,"(1, 2)",onion,"(3, 3)",onion,"(3, 2):dish;(4, 0):soup('onion', 3, 20);(5, 2):dish;(7, 1):soup('onion', 3, 20)","(3, 0):empty;(4, 0):soup('onion', 3, 20)"
258,2,"(1, 0)","(1, 2)","(1, 0)",onion,"(3, 3)","(0, 1)",onion,"(3, 2):dish;(4, 0):soup('onion', 3, 20);(5, 2):dish;(7, 1):soup('onion', 3, 20)","(3, 0):empty;(4, 0):soup('onion', 3, 20)",0.0,26.0,4,"(0, 0)",0.0,0.0,0.0,0.0,0.0,26.0,False,"(1, 2)",onion,"(3, 3)",onion,"(3, 2):dish;(4, 0):soup('onion', 3, 20);(5, 2):dish;(7, 1):soup('onion', 3, 20)","(3, 0):empty;(4, 0):soup('onion', 3, 20)"
259,2,"(1, 0)","(1, 2)","(1, 0)",onion,"(3, 3)","(0, 1)",onion,"(3, 2):dish;(4, 0):soup('onion', 3, 20);(5, 2):dish;(7, 1):soup('onion', 3, 20)","(3, 0):empty;(4, 0):soup('onion', 3, 20)",0.0,26.0,4,"(0, 0)",0.0,0.0,0.0,0.0,0.0,26.0,False,"(1, 2)",onion,"(3, 3)",onion,"(3, 2):dish;(4, 0):soup('onion', 3, 20);(5, 2):dish;(7, 1):soup('onion', 3, 20)","(3, 0):empty;(4, 0):soup('onion', 3, 20)"
260,2,"(1, 0)","(1, 2)","(1, 0)",onion,"(3, 3)","(0, 1)",onion,"(3, 2):dish;(4, 0):soup('onion', 3, 20);(5, 2):dish;(7, 1):soup('onion', 3, 20)","(3, 0):empty;(4, 0):soup('onion', 3, 20)",0.0,26.0,4,"(0, 0)",0.0,0.0,0.0,0.0,0.0,26.0,False,"(1, 2)",onion,"(3, 3)",onion,"(3, 2):dish;(4, 0):soup('onion', 3, 20);(5, 2):dish;(7, 1):soup('onion', 3, 20)","(3, 0):empty;(4, 0):soup('onion', 3, 20)"
261,2,"(1, 0)","(1, 2)","(1, 0)",onion,"(3, 3)","(0, 1)",onion,"(3, 2):dish;(4, 0):soup('onion', 3, 20);(5, 2):dish;(7, 1):soup('onion', 3, 20)","(3, 0):empty;(4, 0):soup('onion', 3, 20)",0.0,26.0,4,"(0, 0)",0.0,0.0,0.0,0.0,0.0,26.0,False,"(1, 2)",onion,"(3, 3)",onion,"(3, 2):dish;(4, 0):soup('onion', 3, 20);(5, 2):dish;(7, 1):soup('onion', 3, 20)","(3, 0):empty;(4, 0):soup('onion', 3, 20)"
262,2,"(1, 0)","(1, 2)","(1, 0)",onion,"(3, 3)","(0, 1)",onion,"(3, 2):dish;(4, 0):soup('onion', 3, 20);(5, 2):dish;(7, 1):soup('onion', 3, 20)","(3, 0):empty;(4, 0):soup('onion', 3, 20)",0.0,26.0,4,"(0, 0)",0.0,0.0,0.0,0.0,0.0,26.0,False,"(1, 2)",onion,"(3, 3)",onion,"(3, 2):dish;(4, 0):soup('onion', 3, 20);(5, 2):dish;(7, 1):soup('onion', 3, 20)","(3, 0):empty;(4, 0):soup('onion', 3, 20)"
263,2,"(1, 0)","(1, 2)","(1, 0)",onion,"(3, 3)","(0, 1)",onion,"(3, 2):dish;(4, 0):soup('onion', 3, 20);(5, 2):dish;(7, 1):soup('onion', 3, 20)","(3, 0):empty;(4, 0):soup('onion', 3, 20)",0.0,26.0,4,"(0, 0)",0.0,0.0,0.0,0.0,0.0,26.0,False,"(1, 2)",onion,"(3, 3)",onion,"(3, 2):dish;(4, 0):soup('onion', 3, 20);(5, 2):dish;(7, 1):soup('onion', 3, 20)","(3, 0):empty;(4, 0):soup('onion', 3, 20)"
264,2,"(1, 0)","(1, 2)","(1, 0)",onion,"(3, 3)","(0, 1)",onion,"(3, 2):dish;(4, 0):soup('onion', 3, 20);(5, 2):dish;(7, 1):soup('onion', 3, 20)","(3, 0):empty;(4, 0):soup('onion', 3, 20)",0.0,26.0,4,"(0, 0)",0.0,0.0,0.0,0.0,0.0,26.0,False,"(1, 2)",onion,"(3, 3)",onion,"(3, 2):dish;(4, 0):soup('onion', 3, 20);(5, 2):dish;(7, 1):soup('onion', 3, 20)","(3, 0):empty;(4, 0):soup('onion', 3, 20)"
265,2,"(1, 0)","(1, 2)","(1, 0)",onion,"(3, 3)","(0, 1)",onion,"(3, 2):dish;(4, 0):soup('onion', 3, 20);(5, 2):dish;(7, 1):soup('onion', 3, 20)","(3, 0):empty;(4, 0):soup('onion', 3, 20)",0.0,26.0,4,"(0, 0)",0.0,0.0,0.0,0.0,0.0,26.0,False,"(1, 2)",onion,"(3, 3)",onion,"(3, 2):dish;(4, 0):soup('onion', 3, 20);(5, 2):dish;(7, 1):soup('onion', 3, 20)","(3, 0):empty;(4, 0):soup('onion', 3, 20)"
266,2,"(1, 0)","(1, 2)","(1, 0)",onion,"(3, 3)","(0, 1)",onion,"(3, 2):dish;(4, 0):soup('onion', 3, 20);(5, 2):dish;(7, 1):soup('onion', 3, 20)","(3, 0):empty;(4, 0):soup('onion', 3, 20)",0.0,26.0,4,"(0, 0)",0.0,0.0,0.0,0.0,0.0,26.0,False,"(1, 2)",onion,"(3, 3)",onion,"(3, 2):dish;(4, 0):soup('onion', 3, 20);(5, 2):dish;(7, 1):soup('onion', 3, 20)","(3, 0):empty;(4, 0):soup('onion', 3, 20)"
267,2,"(1, 0)","(1, 2)","(1, 0)",onion,"(3, 3)","(0, 1)",onion,"(3, 2):dish;(4, 0):soup('onion', 3, 20);(5, 2):dish;(7, 1):soup('onion', 3, 20)","(3, 0):empty;(4, 0):soup('onion', 3, 20)",0.0,26.0,4,"(0, 0)",0.0,0.0,0.0,0.0,0.0,26.0,False,"(1, 2)",onion,"(3, 3)",onion,"(3, 2):dish;(4, 0):soup('onion', 3, 20);(5, 2):dish;(7, 1):soup('onion', 3, 20)","(3, 0):empty;(4, 0):soup('onion', 3, 20)"
268,2,"(1, 0)","(1, 2)","(1, 0)",onion,"(3, 3)","(0, 1)",onion,"(3, 2):dish;(4, 0):soup('onion', 3, 20);(5, 2):dish;(7, 1):soup('onion', 3, 20)","(3, 0):empty;(4, 0):soup('onion', 3, 20)",0.0,26.0,4,"(0, 0)",0.0,0.0,0.0,0.0,0.0,26.0,False,"(1, 2)",onion,"(3, 3)",onion,"(3, 2):dish;(4, 0):soup('onion', 3, 20);(5, 2):dish;(7, 1):soup('onion', 3, 20)","(3, 0):empty;(4, 0):soup('onion', 3, 20)"
269,2,"(1, 0)","(1, 2)","(1, 0)",onion,"(3, 3)","(0, 1)",onion,"(3, 2):dish;(4, 0):soup('onion', 3, 20);(5, 2):dish;(7, 1):soup('onion', 3, 20)","(3, 0):empty;(4, 0):soup('onion', 3, 20)",0.0,26.0,4,"(0, 0)",0.0,0.0,0.0,0.0,0.0,26.0,False,"(1, 2)",onion,"(3, 3)",onion,"(3, 2):dish;(4, 0):soup('onion', 3, 20);(5, 2):dish;(7, 1):soup('onion', 3, 20)","(3, 0):empty;(4, 0):soup('onion', 3, 20)"
270,2,"(1, 0)","(1, 2)","(1, 0)",onion,"(3, 3)","(0, 1)",onion,"(3, 2):dish;(4, 0):soup('onion', 3, 20);(5, 2):dish;(7, 1):soup('onion', 3, 20)","(3, 0):empty;(4, 0):soup('onion', 3, 20)",0.0,26.0,4,"(0, 0)",0.0,0.0,0.0,0.0,0.0,26.0,False,"(1, 2)",onion,"(3, 3)",onion,"(3, 2):dish;(4, 0):soup('onion', 3, 20);(5, 2):dish;(7, 1):soup('onion', 3, 20)","(3, 0):empty;(4, 0):soup('onion', 3, 20)"
271,2,"(1, 0)","(1, 2)","(1, 0)",onion,"(3, 3)","(0, 1)",onion,"(3, 2):dish;(4, 0):soup('onion', 3, 20);(5, 2):dish;(7, 1):soup('onion', 3, 20)","(3, 0):empty;(4, 0):soup('onion', 3, 20)",0.0,26.0,4,"(0, 0)",0.0,0.0,0.0,0.0,0.0,26.0,False,"(1, 2)",onion,"(3, 3)",onion,"(3, 2):dish;(4, 0):soup('onion', 3, 20);(5, 2):dish;(7, 1):soup('onion', 3, 20)","(3, 0):empty;(4, 0):soup('onion', 3, 20)"
272,2,"(1, 0)","(1, 2)","(1, 0)",onion,"(3, 3)","(0, 1)",onion,"(3, 2):dish;(4, 0):soup('onion', 3, 20);(5, 2):dish;(7, 1):soup('onion', 3, 20)","(3, 0):empty;(4, 0):soup('onion', 3, 20)",0.0,26.0,4,"(0, 0)",0.0,0.0,0.0,0.0,0.0,26.0,False,"(1, 2)",onion,"(3, 3)",onion,"(3, 2):dish;(4, 0):soup('onion', 3, 20);(5, 2):dish;(7, 1):soup('onion', 3, 20)","(3, 0):empty;(4, 0):soup('onion', 3, 20)"
273,2,"(1, 0)","(1, 2)","(1, 0)",onion,"(3, 3)","(0, 1)",onion,"(3, 2):dish;(4, 0):soup('onion', 3, 20);(5, 2):dish;(7, 1):soup('onion', 3, 20)","(3, 0):empty;(4, 0):soup('onion', 3, 20)",0.0,26.0,4,"(0, 0)",0.0,0.0,0.0,0.0,0.0,26.0,False,"(1, 2)",onion,"(3, 3)",onion,"(3, 2):dish;(4, 0):soup('onion', 3, 20);(5, 2):dish;(7, 1):soup('onion', 3, 20)","(3, 0):empty;(4, 0):soup('onion', 3, 20)"
274,2,"(1, 0)","(1, 2)","(1, 0)",onion,"(3, 3)","(0, 1)",onion,"(3, 2):dish;(4, 0):soup('onion', 3, 20);(5, 2):dish;(7, 1):soup('onion', 3, 20)","(3, 0):empty;(4, 0):soup('onion', 3, 20)",0.0,26.0,4,"(0, 0)",0.0,0.0,0.0,0.0,0.0,26.0,False,"(1, 2)",onion,"(3, 3)",onion,"(3, 2):dish;(4, 0):soup('onion', 3, 20);(5, 2):dish;(7, 1):soup('onion', 3, 20)","(3, 0):empty;(4, 0):soup('onion', 3, 20)"
275,2,"(1, 0)","(1, 2)","(1, 0)",onion,"(3, 3)","(0, 1)",onion,"(3, 2):dish;(4, 0):soup('onion', 3, 20);(5, 2):dish;(7, 1):soup('onion', 3, 20)","(3, 0):empty;(4, 0):soup('onion', 3, 20)",0.0,26.0,4,"(0, 0)",0.0,0.0,0.0,0.0,0.0,26.0,False,"(1, 2)",onion,"(3, 3)",onion,"(3, 2):dish;(4, 0):soup('onion', 3, 20);(5, 2):dish;(7, 1):soup('onion', 3, 20)","(3, 0):empty;(4, 0):soup('onion', 3, 20)"
276,2,"(1, 0)","(1, 2)","(1, 0)",onion,"(3, 3)","(0, 1)",onion,"(3, 2):dish;(4, 0):soup('onion', 3, 20);(5, 2):dish;(7, 1):soup('onion', 3, 20)","(3, 0):empty;(4, 0):soup('onion', 3, 20)",0.0,26.0,4,"(0, 0)",0.0,0.0,0.0,0.0,0.0,26.0,False,"(1, 2)",onion,"(3, 3)",onion,"(3, 2):dish;(4, 0):soup('onion', 3, 20);(5, 2):dish;(7, 1):soup('onion', 3, 20)","(3, 0):empty;(4, 0):soup('onion', 3, 20)"
277,2,"(1, 0)","(1, 2)","(1, 0)",onion,"(3, 3)","(0, 1)",onion,"(3, 2):dish;(4, 0):soup('onion', 3, 20);(5, 2):dish;(7, 1):soup('onion', 3, 20)","(3, 0):empty;(4, 0):soup('onion', 3, 20)",0.0,26.0,4,"(0, 0)",0.0,0.0,0.0,0.0,0.0,26.0,False,"(1, 2)",onion,"(3, 3)",onion,"(3, 2):dish;(4, 0):soup('onion', 3, 20);(5, 2):dish;(7, 1):soup('onion', 3, 20)","(3, 0):empty;(4, 0):soup('onion', 3, 20)"
278,2,"(1, 0)","(1, 2)","(1, 0)",onion,"(3, 3)","(0, 1)",onion,"(3, 2):dish;(4, 0):soup('onion', 3, 20);(5, 2):dish;(7, 1):soup('onion', 3, 20)","(3, 0):empty;(4, 0):soup('onion', 3, 20)",0.0,26.0,4,"(0, 0)",0.0,0.0,0.0,0.0,0.0,26.0,False,"(1, 2)",onion,"(3, 3)",onion,"(3, 2):dish;(4, 0):soup('onion', 3, 20);(5, 2):dish;(7, 1):soup('onion', 3, 20)","(3, 0):empty;(4, 0):soup('onion', 3, 20)"
279,2,"(1, 0)","(1, 2)","(1, 0)",onion,"(3, 3)","(0, 1)",onion,"(3, 2):dish;(4, 0):soup('onion', 3, 20);(5, 2):dish;(7, 1):soup('onion', 3, 20)","(3, 0):empty;(4, 0):soup('onion', 3, 20)",0.0,26.0,4,"(0, 0)",0.0,0.0,0.0,0.0,0.0,26.0,False,"(1, 2)",onion,"(3, 3)",onion,"(3, 2):dish;(4, 0):soup('onion', 3, 20);(5, 2):dish;(7, 1):soup('onion', 3, 20)","(3, 0):empty;(4, 0):soup('onion', 3, 20)"
280,2,"(1, 0)","(1, 2)","(1, 0)",onion,"(3, 3)","(0, 1)",onion,"(3, 2):dish;(4, 0):soup('onion', 3, 20);(5, 2):dish;(7, 1):soup('onion', 3, 20)","(3, 0):empty;(4, 0):soup('onion', 3, 20)",0.0,26.0,4,"(0, 0)",0.0,0.0,0.0,0.0,0.0,26.0,False,"(1, 2)",onion,"(3, 3)",onion,"(3, 2):dish;(4, 0):soup('onion', 3, 20);(5, 2):dish;(7, 1):soup('onion', 3, 20)","(3, 0):empty;(4, 0):soup('onion', 3, 20)"
281,2,"(1, 0)","(1, 2)","(1, 0)",onion,"(3, 3)","(0, 1)",onion,"(3, 2):dish;(4, 0):soup('onion', 3, 20);(5, 2):dish;(7, 1):soup('onion', 3, 20)","(3, 0):empty;(4, 0):soup('onion', 3, 20)",0.0,26.0,4,"(0, 0)",0.0,0.0,0.0,0.0,0.0,26.0,False,"(1, 2)",onion,"(3, 3)",onion,"(3, 2):dish;(4, 0):soup('onion', 3, 20);(5, 2):dish;(7, 1):soup('onion', 3, 20)","(3, 0):empty;(4, 0):soup('onion', 3, 20)"
282,2,"(1, 0)","(1, 2)","(1, 0)",onion,"(3, 3)","(0, 1)",onion,"(3, 2):dish;(4, 0):soup('onion', 3, 20);(5, 2):dish;(7, 1):soup('onion', 3, 20)","(3, 0):empty;(4, 0):soup('onion', 3, 20)",0.0,26.0,4,"(0, 0)",0.0,0.0,0.0,0.0,0.0,26.0,False,"(1, 2)",onion,"(3, 3)",onion,"(3, 2):dish;(4, 0):soup('onion', 3, 20);(5, 2):dish;(7, 1):soup('onion', 3, 20)","(3, 0):empty;(4, 0):soup('onion', 3, 20)"
283,2,"(1, 0)","(1, 2)","(1, 0)",onion,"(3, 3)","(0, 1)",onion,"(3, 2):dish;(4, 0):soup('onion', 3, 20);(5, 2):dish;(7, 1):soup('onion', 3, 20)","(3, 0):empty;(4, 0):soup('onion', 3, 20)",0.0,26.0,4,"(0, 0)",0.0,0.0,0.0,0.0,0.0,26.0,False,"(1, 2)",onion,"(3, 3)",onion,"(3, 2):dish;(4, 0):soup('onion', 3, 20);(5, 2):dish;(7, 1):soup('onion', 3, 20)","(3, 0):empty;(4, 0):soup('onion', 3, 20)"
284,2,"(1, 0)","(1, 2)","(1, 0)",onion,"(3, 3)","(0, 1)",onion,"(3, 2):dish;(4, 0):soup('onion', 3, 20);(5, 2):dish;(7, 1):soup('onion', 3, 20)","(3, 0):empty;(4, 0):soup('onion', 3, 20)",0.0,26.0,4,"(0, 0)",0.0,0.0,0.0,0.0,0.0,26.0,False,"(1, 2)",onion,"(3, 3)",onion,"(3, 2):dish;(4, 0):soup('onion', 3, 20);(5, 2):dish;(7, 1):soup('onion', 3, 20)","(3, 0):empty;(4, 0):soup('onion', 3, 20)"
285,2,"(1, 0)","(1, 2)","(1, 0)",onion,"(3, 3)","(0, 1)",onion,"(3, 2):dish;(4, 0):soup('onion', 3, 20);(5, 2):dish;(7, 1):soup('onion', 3, 20)","(3, 0):empty;(4, 0):soup('onion', 3, 20)",0.0,26.0,4,"(0, 0)",0.0,0.0,0.0,0.0,0.0,26.0,False,"(1, 2)",onion,"(3, 3)",onion,"(3, 2):dish;(4, 0):soup('onion', 3, 20);(5, 2):dish;(7, 1):soup('onion', 3, 20)","(3, 0):empty;(4, 0):soup('onion', 3, 20)"
286,2,"(1, 0)","(1, 2)","(1, 0)",onion,"(3, 3)","(0, 1)",onion,"(3, 2):dish;(4, 0):soup('onion', 3, 20);(5, 2):dish;(7, 1):soup('onion', 3, 20)","(3, 0):empty;(4, 0):soup('onion', 3, 20)",0.0,26.0,4,"(0, 0)",0.0,0.0,0.0,0.0,0.0,26.0,False,"(1, 2)",onion,"(3, 3)",onion,"(3, 2):dish;(4, 0):soup('onion', 3, 20);(5, 2):dish;(7, 1):soup('onion', 3, 20)","(3, 0):empty;(4, 0):soup('onion', 3, 20)"
287,2,"(1, 0)","(1, 2)","(1, 0)",onion,"(3, 3)","(0, 1)",onion,"(3, 2):dish;(4, 0):soup('onion', 3, 20);(5, 2):dish;(7, 1):soup('onion', 3, 20)","(3, 0):empty;(4, 0):soup('onion', 3, 20)",0.0,26.0,4,"(0, 0)",0.0,0.0,0.0,0.0,0.0,26.0,False,"(1, 2)",onion,"(3, 3)",onion,"(3, 2):dish;(4, 0):soup('onion', 3, 20);(5, 2):dish;(7, 1):soup('onion', 3, 20)","(3, 0):empty;(4, 0):soup('onion', 3, 20)"
288,2,"(1, 0)","(1, 2)","(1, 0)",onion,"(3, 3)","(0, 1)",onion,"(3, 2):dish;(4, 0):soup('onion', 3, 20);(5, 2):dish;(7, 1):soup('onion', 3, 20)","(3, 0):empty;(4, 0):soup('onion', 3, 20)",0.0,26.0,4,"(0, 0)",0.0,0.0,0.0,0.0,0.0,26.0,False,"(1, 2)",onion,"(3, 3)",onion,"(3, 2):dish;(4, 0):soup('onion', 3, 20);(5, 2):dish;(7, 1):soup('onion', 3, 20)","(3, 0):empty;(4, 0):soup('onion', 3, 20)"
289,2,"(1, 0)","(1, 2)","(1, 0)",onion,"(3, 3)","(0, 1)",onion,"(3, 2):dish;(4, 0):soup('onion', 3, 20);(5, 2):dish;(7, 1):soup('onion', 3, 20)","(3, 0):empty;(4, 0):soup('onion', 3, 20)",0.0,26.0,4,"(0, 0)",0.0,0.0,0.0,0.0,0.0,26.0,False,"(1, 2)",onion,"(3, 3)",onion,"(3, 2):dish;(4, 0):soup('onion', 3, 20);(5, 2):dish;(7, 1):soup('onion', 3, 20)","(3, 0):empty;(4, 0):soup('onion', 3, 20)"
290,2,"(1, 0)","(1, 2)","(1, 0)",onion,"(3, 3)","(0, 1)",onion,"(3, 2):dish;(4, 0):soup('onion', 3, 20);(5, 2):dish;(7, 1):soup('onion', 3, 20)","(3, 0):empty;(4, 0):soup('onion', 3, 20)",0.0,26.0,4,"(0, 0)",0.0,0.0,0.0,0.0,0.0,26.0,False,"(1, 2)",onion,"(3, 3)",onion,"(3, 2):dish;(4, 0):soup('onion', 3, 20);(5, 2):dish;(7, 1):soup('onion', 3, 20)","(3, 0):empty;(4, 0):soup('onion', 3, 20)"
291,2,"(1, 0)","(1, 2)","(1, 0)",onion,"(3, 3)","(0, 1)",onion,"(3, 2):dish;(4, 0):soup('onion', 3, 20);(5, 2):dish;(7, 1):soup('onion', 3, 20)","(3, 0):empty;(4, 0):soup('onion', 3, 20)",0.0,26.0,4,"(0, 0)",0.0,0.0,0.0,0.0,0.0,26.0,False,"(1, 2)",onion,"(3, 3)",onion,"(3, 2):dish;(4, 0):soup('onion', 3, 20);(5, 2):dish;(7, 1):soup('onion', 3, 20)","(3, 0):empty;(4, 0):soup('onion', 3, 20)"
292,2,"(1, 0)","(1, 2)","(1, 0)",onion,"(3, 3)","(0, 1)",onion,"(3, 2):dish;(4, 0):soup('onion', 3, 20);(5, 2):dish;(7, 1):soup('onion', 3, 20)","(3, 0):empty;(4, 0):soup('onion', 3, 20)",0.0,26.0,4,"(0, 0)",0.0,0.0,0.0,0.0,0.0,26.0,False,"(1, 2)",onion,"(3, 3)",onion,"(3, 2):dish;(4, 0):soup('onion', 3, 20);(5, 2):dish;(7, 1):soup('onion', 3, 20)","(3, 0):empty;(4, 0):soup('onion', 3, 20)"
293,2,"(1, 0)","(1, 2)","(1, 0)",onion,"(3, 3)","(0, 1)",onion,"(3, 2):dish;(4, 0):soup('onion', 3, 20);(5, 2):dish;(7, 1):soup('onion', 3, 20)","(3, 0):empty;(4, 0):soup('onion', 3, 20)",0.0,26.0,4,"(0, 0)",0.0,0.0,0.0,0.0,0.0,26.0,False,"(1, 2)",onion,"(3, 3)",onion,"(3, 2):dish;(4, 0):soup('onion', 3, 20);(5, 2):dish;(7, 1):soup('onion', 3, 20)","(3, 0):empty;(4, 0):soup('onion', 3, 20)"
294,2,"(1, 0)","(1, 2)","(1, 0)",onion,"(3, 3)","(0, 1)",onion,"(3, 2):dish;(4, 0):soup('onion', 3, 20);(5, 2):dish;(7, 1):soup('onion', 3, 20)","(3, 0):empty;(4, 0):soup('onion', 3, 20)",0.0,26.0,4,"(0, 0)",0.0,0.0,0.0,0.0,0.0,26.0,False,"(1, 2)",onion,"(3, 3)",onion,"(3, 2):dish;(4, 0):soup('onion', 3, 20);(5, 2):dish;(7, 1):soup('onion', 3, 20)","(3, 0):empty;(4, 0):soup('onion', 3, 20)"
295,2,"(1, 0)","(1, 2)","(1, 0)",onion,"(3, 3)","(0, 1)",onion,"(3, 2):dish;(4, 0):soup('onion', 3, 20);(5, 2):dish;(7, 1):soup('onion', 3, 20)","(3, 0):empty;(4, 0):soup('onion', 3, 20)",0.0,26.0,4,"(0, 0)",0.0,0.0,0.0,0.0,0.0,26.0,False,"(1, 2)",onion,"(3, 3)",onion,"(3, 2):dish;(4, 0):soup('onion', 3, 20);(5, 2):dish;(7, 1):soup('onion', 3, 20)","(3, 0):empty;(4, 0):soup('onion', 3, 20)"
296,2,"(1, 0)","(1, 2)","(1, 0)",onion,"(3, 3)","(0, 1)",onion,"(3, 2):dish;(4, 0):soup('onion', 3, 20);(5, 2):dish;(7, 1):soup('onion', 3, 20)","(3, 0):empty;(4, 0):soup('onion', 3, 20)",0.0,26.0,4,"(0, 0)",0.0,0.0,0.0,0.0,0.0,26.0,False,"(1, 2)",onion,"(3, 3)",onion,"(3, 2):dish;(4, 0):soup('onion', 3, 20);(5, 2):dish;(7, 1):soup('onion', 3, 20)","(3, 0):empty;(4, 0):soup('onion', 3, 20)"
297,2,"(1, 0)","(1, 2)","(1, 0)",onion,"(3, 3)","(0, 1)",onion,"(3, 2):dish;(4, 0):soup('onion', 3, 20);(5, 2):dish;(7, 1):soup('onion', 3, 20)","(3, 0):empty;(4, 0):soup('onion', 3, 20)",0.0,26.0,4,"(0, 0)",0.0,0.0,0.0,0.0,0.0,26.0,False,"(1, 2)",onion,"(3, 3)",onion,"(3, 2):dish;(4, 0):soup('onion', 3, 20);(5, 2):dish;(7, 1):soup('onion', 3, 20)","(3, 0):empty;(4, 0):soup('onion', 3, 20)"
298,2,"(1, 0)","(1, 2)","(1, 0)",onion,"(3, 3)","(0, 1)",onion,"(3, 2):dish;(4, 0):soup('onion', 3, 20);(5, 2):dish;(7, 1):soup('onion', 3, 20)","(3, 0):empty;(4, 0):soup('onion', 3, 20)",0.0,26.0,4,"(0, 0)",0.0,0.0,0.0,0.0,0.0,26.0,False,"(1, 2)",onion,"(3, 3)",onion,"(3, 2):dish;(4, 0):soup('onion', 3, 20);(5, 2):dish;(7, 1):soup('onion', 3, 20)","(3, 0):empty;(4, 0):soup('onion', 3, 20)"
299,2,"(1, 0)","(1, 2)","(1, 0)",onion,"(3, 3)","(0, 1)",onion,"(3, 2):dish;(4, 0):soup('onion', 3, 20);(5, 2):dish;(7, 1):soup('onion', 3, 20)","(3, 0):empty;(4, 0):soup('onion', 3, 20)",0.0,26.0,4,"(0, 0)",0.0,0.0,0.0,0.0,0.0,26.0,False,"(1, 2)",onion,"(3, 3)",onion,"(3, 2):dish;(4, 0):soup('onion', 3, 20);(5, 2):dish;(7, 1):soup('onion', 3, 20)","(3, 0):empty;(4, 0):soup('onion', 3, 20)"
300,2,"(1, 0)","(1, 2)","(1, 0)",onion,"(3, 3)","(0, 1)",onion,"(3, 2):dish;(4, 0):soup('onion', 3, 20);(5, 2):dish;(7, 1):soup('onion', 3, 20)","(3, 0):empty;(4, 0):soup('onion', 3, 20)",0.0,26.0,4,"(0, 0)",0.0,0.0,0.0,0.0,0.0,26.0,False,"(1, 2)",onion,"(3, 3)",onion,"(3, 2):dish;(4, 0):soup('onion', 3, 20);(5, 2):dish;(7, 1):soup('onion', 3, 20)","(3, 0):empty;(4, 0):soup('onion', 3, 20)"
301,2,"(1, 0)","(1, 2)","(1, 0)",onion,"(3, 3)","(0, 1)",onion,"(3, 2):dish;(4, 0):soup('onion', 3, 20);(5, 2):dish;(7, 1):soup('onion', 3, 20)","(3, 0):empty;(4, 0):soup('onion', 3, 20)",0.0,26.0,4,"(0, 0)",0.0,0.0,0.0,0.0,0.0,26.0,False,"(1, 2)",onion,"(3, 3)",onion,"(3, 2):dish;(4, 0):soup('onion', 3, 20);(5, 2):dish;(7, 1):soup('onion', 3, 20)","(3, 0):empty;(4, 0):soup('onion', 3, 20)"
302,2,"(1, 0)","(1, 2)","(1, 0)",onion,"(3, 3)","(0, 1)",onion,"(3, 2):dish;(4, 0):soup('onion', 3, 20);(5, 2):dish;(7, 1):soup('onion', 3, 20)","(3, 0):empty;(4, 0):soup('onion', 3, 20)",0.0,26.0,4,"(0, 0)",0.0,0.0,0.0,0.0,0.0,26.0,False,"(1, 2)",onion,"(3, 3)",onion,"(3, 2):dish;(4, 0):soup('onion', 3, 20);(5, 2):dish;(7, 1):soup('onion', 3, 20)","(3, 0):empty;(4, 0):soup('onion', 3, 20)"
303,2,"(1, 0)","(1, 2)","(1, 0)",onion,"(3, 3)","(0, 1)",onion,"(3, 2):dish;(4, 0):soup('onion', 3, 20);(5, 2):dish;(7, 1):soup('onion', 3, 20)","(3, 0):empty;(4, 0):soup('onion', 3, 20)",0.0,26.0,4,"(0, 0)",0.0,0.0,0.0,0.0,0.0,26.0,False,"(1, 2)",onion,"(3, 3)",onion,"(3, 2):dish;(4, 0):soup('onion', 3, 20);(5, 2):dish;(7, 1):soup('onion', 3, 20)","(3, 0):empty;(4, 0):soup('onion', 3, 20)"
304,2,"(1, 0)","(1, 2)","(1, 0)",onion,"(3, 3)","(0, 1)",onion,"(3, 2):dish;(4, 0):soup('onion', 3, 20);(5, 2):dish;(7, 1):soup('onion', 3, 20)","(3, 0):empty;(4, 0):soup('onion', 3, 20)",0.0,26.0,4,"(0, 0)",0.0,0.0,0.0,0.0,0.0,26.0,False,"(1, 2)",onion,"(3, 3)",onion,"(3, 2):dish;(4, 0):soup('onion', 3, 20);(5, 2):dish;(7, 1):soup('onion', 3, 20)","(3, 0):empty;(4, 0):soup('onion', 3, 20)"
305,2,"(1, 0)","(1, 2)","(1, 0)",onion,"(3, 3)","(0, 1)",onion,"(3, 2):dish;(4, 0):soup('onion', 3, 20);(5, 2):dish;(7, 1):soup('onion', 3, 20)","(3, 0):empty;(4, 0):soup('onion', 3, 20)",0.0,26.0,4,"(0, 0)",0.0,0.0,0.0,0.0,0.0,26.0,False,"(1, 2)",onion,"(3, 3)",onion,"(3, 2):dish;(4, 0):soup('onion', 3, 20);(5, 2):dish;(7, 1):soup('onion', 3, 20)","(3, 0):empty;(4, 0):soup('onion', 3, 20)"
306,2,"(1, 0)","(1, 2)","(1, 0)",onion,"(3, 3)","(0, 1)",onion,"(3, 2):dish;(4, 0):soup('onion', 3, 20);(5, 2):dish;(7, 1):soup('onion', 3, 20)","(3, 0):empty;(4, 0):soup('onion', 3, 20)",0.0,26.0,4,"(0, 0)",0.0,0.0,0.0,0.0,0.0,26.0,False,"(1, 2)",onion,"(3, 3)",onion,"(3, 2):dish;(4, 0):soup('onion', 3, 20);(5, 2):dish;(7, 1):soup('onion', 3, 20)","(3, 0):empty;(4, 0):soup('onion', 3, 20)"
307,2,"(1, 0)","(1, 2)","(1, 0)",onion,"(3, 3)","(0, 1)",onion,"(3, 2):dish;(4, 0):soup('onion', 3, 20);(5, 2):dish;(7, 1):soup('onion', 3, 20)","(3, 0):empty;(4, 0):soup('onion', 3, 20)",0.0,26.0,4,"(0, 0)",0.0,0.0,0.0,0.0,0.0,26.0,False,"(1, 2)",onion,"(3, 3)",onion,"(3, 2):dish;(4, 0):soup('onion', 3, 20);(5, 2):dish;(7, 1):soup('onion', 3, 20)","(3, 0):empty;(4, 0):soup('onion', 3, 20)"
308,2,"(1, 0)","(1, 2)","(1, 0)",onion,"(3, 3)","(0, 1)",onion,"(3, 2):dish;(4, 0):soup('onion', 3, 20);(5, 2):dish;(7, 1):soup('onion', 3, 20)","(3, 0):empty;(4, 0):soup('onion', 3, 20)",0.0,26.0,4,"(0, 0)",0.0,0.0,0.0,0.0,0.0,26.0,False,"(1, 2)",onion,"(3, 3)",onion,"(3, 2):dish;(4, 0):soup('onion', 3, 20);(5, 2):dish;(7, 1):soup('onion', 3, 20)","(3, 0):empty;(4, 0):soup('onion', 3, 20)"
309,2,"(1, 0)","(1, 2)","(1, 0)",onion,"(3, 3)","(0, 1)",onion,"(3, 2):dish;(4, 0):soup('onion', 3, 20);(5, 2):dish;(7, 1):soup('onion', 3, 20)","(3, 0):empty;(4, 0):soup('onion', 3, 20)",0.0,26.0,4,"(0, 0)",0.0,0.0,0.0,0.0,0.0,26.0,False,"(1, 2)",onion,"(3, 3)",onion,"(3, 2):dish;(4, 0):soup('onion', 3, 20);(5, 2):dish;(7, 1):soup('onion', 3, 20)","(3, 0):empty;(4, 0):soup('onion', 3, 20)"
310,2,"(1, 0)","(1, 2)","(1, 0)",onion,"(3, 3)","(0, 1)",onion,"(3, 2):dish;(4, 0):soup('onion', 3, 20);(5, 2):dish;(7, 1):soup('onion', 3, 20)","(3, 0):empty;(4, 0):soup('onion', 3, 20)",0.0,26.0,4,"(0, 0)",0.0,0.0,0.0,0.0,0.0,26.0,False,"(1, 2)",onion,"(3, 3)",onion,"(3, 2):dish;(4, 0):soup('onion', 3, 20);(5, 2):dish;(7, 1):soup('onion', 3, 20)","(3, 0):empty;(4, 0):soup('onion', 3, 20)"
311,2,"(1, 0)","(1, 2)","(1, 0)",onion,"(3, 3)","(0, 1)",onion,"(3, 2):dish;(4, 0):soup('onion', 3, 20);(5, 2):dish;(7, 1):soup('onion', 3, 20)","(3, 0):empty;(4, 0):soup('onion', 3, 20)",0.0,26.0,4,"(0, 0)",0.0,0.0,0.0,0.0,0.0,26.0,False,"(1, 2)",onion,"(3, 3)",onion,"(3, 2):dish;(4, 0):soup('onion', 3, 20);(5, 2):dish;(7, 1):soup('onion', 3, 20)","(3, 0):empty;(4, 0):soup('onion', 3, 20)"
312,2,"(1, 0)","(1, 2)","(1, 0)",onion,"(3, 3)","(0, 1)",onion,"(3, 2):dish;(4, 0):soup('onion', 3, 20);(5, 2):dish;(7, 1):soup('onion', 3, 20)","(3, 0):empty;(4, 0):soup('onion', 3, 20)",0.0,26.0,4,"(0, 0)",0.0,0.0,0.0,0.0,0.0,26.0,False,"(1, 2)",onion,"(3, 3)",onion,"(3, 2):dish;(4, 0):soup('onion', 3, 20);(5, 2):dish;(7, 1):soup('onion', 3, 20)","(3, 0):empty;(4, 0):soup('onion', 3, 20)"
313,2,"(1, 0)","(1, 2)","(1, 0)",onion,"(3, 3)","(0, 1)",onion,"(3, 2):dish;(4, 0):soup('onion', 3, 20);(5, 2):dish;(7, 1):soup('onion', 3, 20)","(3, 0):empty;(4, 0):soup('onion', 3, 20)",0.0,26.0,4,"(0, 0)",0.0,0.0,0.0,0.0,0.0,26.0,False,"(1, 2)",onion,"(3, 3)",onion,"(3, 2):dish;(4, 0):soup('onion', 3, 20);(5, 2):dish;(7, 1):soup('onion', 3, 20)","(3, 0):empty;(4, 0):soup('onion', 3, 20)"
314,2,"(1, 0)","(1, 2)","(1, 0)",onion,"(3, 3)","(0, 1)",onion,"(3, 2):dish;(4, 0):soup('onion', 3, 20);(5, 2):dish;(7, 1):soup('onion', 3, 20)","(3, 0):empty;(4, 0):soup('onion', 3, 20)",0.0,26.0,4,"(0, 0)",0.0,0.0,0.0,0.0,0.0,26.0,False,"(1, 2)",onion,"(3, 3)",onion,"(3, 2):dish;(4, 0):soup('onion', 3, 20);(5, 2):dish;(7, 1):soup('onion', 3, 20)","(3, 0):empty;(4, 0):soup('onion', 3, 20)"
315,2,"(1, 0)","(1, 2)","(1, 0)",onion,"(3, 3)","(0, 1)",onion,"(3, 2):dish;(4, 0):soup('onion', 3, 20);(5, 2):dish;(7, 1):soup('onion', 3, 20)","(3, 0):empty;(4, 0):soup('onion', 3, 20)",0.0,26.0,4,"(0, 0)",0.0,0.0,0.0,0.0,0.0,26.0,False,"(1, 2)",onion,"(3, 3)",onion,"(3, 2):dish;(4, 0):soup('onion', 3, 20);(5, 2):dish;(7, 1):soup('onion', 3, 20)","(3, 0):empty;(4, 0):soup('onion', 3, 20)"
316,2,"(1, 0)","(1, 2)","(1, 0)",onion,"(3, 3)","(0, 1)",onion,"(3, 2):dish;(4, 0):soup('onion', 3, 20);(5, 2):dish;(7, 1):soup('onion', 3, 20)","(3, 0):empty;(4, 0):soup('onion', 3, 20)",0.0,26.0,4,"(0, 0)",0.0,0.0,0.0,0.0,0.0,26.0,False,"(1, 2)",onion,"(3, 3)",onion,"(3, 2):dish;(4, 0):soup('onion', 3, 20);(5, 2):dish;(7, 1):soup('onion', 3, 20)","(3, 0):empty;(4, 0):soup('onion', 3, 20)"
317,2,"(1, 0)","(1, 2)","(1, 0)",onion,"(3, 3)","(0, 1)",onion,"(3, 2):dish;(4, 0):soup('onion', 3, 20);(5, 2):dish;(7, 1):soup('onion', 3, 20)","(3, 0):empty;(4, 0):soup('onion', 3, 20)",0.0,26.0,4,"(0, 0)",0.0,0.0,0.0,0.0,0.0,26.0,False,"(1, 2)",onion,"(3, 3)",onion,"(3, 2):dish;(4, 0):soup('onion', 3, 20);(5, 2):dish;(7, 1):soup('onion', 3, 20)","(3, 0):empty;(4, 0):soup('onion', 3, 20)"
318,2,"(1, 0)","(1, 2)","(1, 0)",onion,"(3, 3)","(0, 1)",onion,"(3, 2):dish;(4, 0):soup('onion', 3, 20);(5, 2):dish;(7, 1):soup('onion', 3, 20)","(3, 0):empty;(4, 0):soup('onion', 3, 20)",0.0,26.0,4,"(0, 0)",0.0,0.0,0.0,0.0,0.0,26.0,False,"(1, 2)",onion,"(3, 3)",onion,"(3, 2):dish;(4, 0):soup('onion', 3, 20);(5, 2):dish;(7, 1):soup('onion', 3, 20)","(3, 0):empty;(4, 0):soup('onion', 3, 20)"
319,2,"(1, 0)","(1, 2)","(1, 0)",onion,"(3, 3)","(0, 1)",onion,"(3, 2):dish;(4, 0):soup('onion', 3, 20);(5, 2):dish;(7, 1):soup('onion', 3, 20)","(3, 0):empty;(4, 0):soup('onion', 3, 20)",0.0,26.0,4,"(0, 0)",0.0,0.0,0.0,0.0,0.0,26.0,False,"(1, 2)",onion,"(3, 3)",onion,"(3, 2):dish;(4, 0):soup('onion', 3, 20);(5, 2):dish;(7, 1):soup('onion', 3, 20)","(3, 0):empty;(4, 0):soup('onion', 3, 20)"
320,2,"(1, 0)","(1, 2)","(1, 0)",onion,"(3, 3)","(0, 1)",onion,"(3, 2):dish;(4, 0):soup('onion', 3, 20);(5, 2):dish;(7, 1):soup('onion', 3, 20)","(3, 0):empty;(4, 0):soup('onion', 3, 20)",0.0,26.0,4,"(0, 0)",0.0,0.0,0.0,0.0,0.0,26.0,False,"(1, 2)",onion,"(3, 3)",onion,"(3, 2):dish;(4, 0):soup('onion', 3, 20);(5, 2):dish;(7, 1):soup('onion', 3, 20)","(3, 0):empty;(4, 0):soup('onion', 3, 20)"
321,2,"(1, 0)","(1, 2)","(1, 0)",onion,"(3, 3)","(0, 1)",onion,"(3, 2):dish;(4, 0):soup('onion', 3, 20);(5, 2):dish;(7, 1):soup('onion', 3, 20)","(3, 0):empty;(4, 0):soup('onion', 3, 20)",0.0,26.0,4,"(0, 0)",0.0,0.0,0.0,0.0,0.0,26.0,False,"(1, 2)",onion,"(3, 3)",onion,"(3, 2):dish;(4, 0):soup('onion', 3, 20);(5, 2):dish;(7, 1):soup('onion', 3, 20)","(3, 0):empty;(4, 0):soup('onion', 3, 20)"
322,2,"(1, 0)","(1, 2)","(1, 0)",onion,"(3, 3)","(0, 1)",onion,"(3, 2):dish;(4, 0):soup('onion', 3, 20);(5, 2):dish;(7, 1):soup('onion', 3, 20)","(3, 0):empty;(4, 0):soup('onion', 3, 20)",0.0,26.0,4,"(0, 0)",0.0,0.0,0.0,0.0,0.0,26.0,False,"(1, 2)",onion,"(3, 3)",onion,"(3, 2):dish;(4, 0):soup('onion', 3, 20);(5, 2):dish;(7, 1):soup('onion', 3, 20)","(3, 0):empty;(4, 0):soup('onion', 3, 20)"
323,2,"(1, 0)","(1, 2)","(1, 0)",onion,"(3, 3)","(0, 1)",onion,"(3, 2):dish;(4, 0):soup('onion', 3, 20);(5, 2):dish;(7, 1):soup('onion', 3, 20)","(3, 0):empty;(4, 0):soup('onion', 3, 20)",0.0,26.0,4,"(0, 0)",0.0,0.0,0.0,0.0,0.0,26.0,False,"(1, 2)",onion,"(3, 3)",onion,"(3, 2):dish;(4, 0):soup('onion', 3, 20);(5, 2):dish;(7, 1):soup('onion', 3, 20)","(3, 0):empty;(4, 0):soup('onion', 3, 20)"
324,2,"(1, 0)","(1, 2)","(1, 0)",onion,"(3, 3)","(0, 1)",onion,"(3, 2):dish;(4, 0):soup('onion', 3, 20);(5, 2):dish;(7, 1):soup('onion', 3, 20)","(3, 0):empty;(4, 0):soup('onion', 3, 20)",0.0,26.0,4,"(0, 0)",0.0,0.0,0.0,0.0,0.0,26.0,False,"(1, 2)",onion,"(3, 3)",onion,"(3, 2):dish;(4, 0):soup('onion', 3, 20);(5, 2):dish;(7, 1):soup('onion', 3, 20)","(3, 0):empty;(4, 0):soup('onion', 3, 20)"
325,2,"(1, 0)","(1, 2)","(1, 0)",onion,"(3, 3)","(0, 1)",onion,"(3, 2):dish;(4, 0):soup('onion', 3, 20);(5, 2):dish;(7, 1):soup('onion', 3, 20)","(3, 0):empty;(4, 0):soup('onion', 3, 20)",0.0,26.0,4,"(0, 0)",0.0,0.0,0.0,0.0,0.0,26.0,False,"(1, 2)",onion,"(3, 3)",onion,"(3, 2):dish;(4, 0):soup('onion', 3, 20);(5, 2):dish;(7, 1):soup('onion', 3, 20)","(3, 0):empty;(4, 0):soup('onion', 3, 20)"
326,2,"(1, 0)","(1, 2)","(1, 0)",onion,"(3, 3)","(0, 1)",onion,"(3, 2):dish;(4, 0):soup('onion', 3, 20);(5, 2):dish;(7, 1):soup('onion', 3, 20)","(3, 0):empty;(4, 0):soup('onion', 3, 20)",0.0,26.0,4,"(0, 0)",0.0,0.0,0.0,0.0,0.0,26.0,False,"(1, 2)",onion,"(3, 3)",onion,"(3, 2):dish;(4, 0):soup('onion', 3, 20);(5, 2):dish;(7, 1):soup('onion', 3, 20)","(3, 0):empty;(4, 0):soup('onion', 3, 20)"
327,2,"(1, 0)","(1, 2)","(1, 0)",onion,"(3, 3)","(0, 1)",onion,"(3, 2):dish;(4, 0):soup('onion', 3, 20);(5, 2):dish;(7, 1):soup('onion', 3, 20)","(3, 0):empty;(4, 0):soup('onion', 3, 20)",0.0,26.0,4,"(0, 0)",0.0,0.0,0.0,0.0,0.0,26.0,False,"(1, 2)",onion,"(3, 3)",onion,"(3, 2):dish;(4, 0):soup('onion', 3, 20);(5, 2):dish;(7, 1):soup('onion', 3, 20)","(3, 0):empty;(4, 0):soup('onion', 3, 20)"
328,2,"(1, 0)","(1, 2)","(1, 0)",onion,"(3, 3)","(0, 1)",onion,"(3, 2):dish;(4, 0):soup('onion', 3, 20);(5, 2):dish;(7, 1):soup('onion', 3, 20)","(3, 0):empty;(4, 0):soup('onion', 3, 20)",0.0,26.0,4,"(0, 0)",0.0,0.0,0.0,0.0,0.0,26.0,False,"(1, 2)",onion,"(3, 3)",onion,"(3, 2):dish;(4, 0):soup('onion', 3, 20);(5, 2):dish;(7, 1):soup('onion', 3, 20)","(3, 0):empty;(4, 0):soup('onion', 3, 20)"
329,2,"(1, 0)","(1, 2)","(1, 0)",onion,"(3, 3)","(0, 1)",onion,"(3, 2):dish;(4, 0):soup('onion', 3, 20);(5, 2):dish;(7, 1):soup('onion', 3, 20)","(3, 0):empty;(4, 0):soup('onion', 3, 20)",0.0,26.0,4,"(0, 0)",0.0,0.0,0.0,0.0,0.0,26.0,False,"(1, 2)",onion,"(3, 3)",onion,"(3, 2):dish;(4, 0):soup('onion', 3, 20);(5, 2):dish;(7, 1):soup('onion', 3, 20)","(3, 0):empty;(4, 0):soup('onion', 3, 20)"
330,2,"(1, 0)","(1, 2)","(1, 0)",onion,"(3, 3)","(0, 1)",onion,"(3, 2):dish;(4, 0):soup('onion', 3, 20);(5, 2):dish;(7, 1):soup('onion', 3, 20)","(3, 0):empty;(4, 0):soup('onion', 3, 20)",0.0,26.0,4,"(0, 0)",0.0,0.0,0.0,0.0,0.0,26.0,False,"(1, 2)",onion,"(3, 3)",onion,"(3, 2):dish;(4, 0):soup('onion', 3, 20);(5, 2):dish;(7, 1):soup('onion', 3, 20)","(3, 0):empty;(4, 0):soup('onion', 3, 20)"
331,2,"(1, 0)","(1, 2)","(1, 0)",onion,"(3, 3)","(0, 1)",onion,"(3, 2):dish;(4, 0):soup('onion', 3, 20);(5, 2):dish;(7, 1):soup('onion', 3, 20)","(3, 0):empty;(4, 0):soup('onion', 3, 20)",0.0,26.0,4,"(0, 0)",0.0,0.0,0.0,0.0,0.0,26.0,False,"(1, 2)",onion,"(3, 3)",onion,"(3, 2):dish;(4, 0):soup('onion', 3, 20);(5, 2):dish;(7, 1):soup('onion', 3, 20)","(3, 0):empty;(4, 0):soup('onion', 3, 20)"
332,2,"(1, 0)","(1, 2)","(1, 0)",onion,"(3, 3)","(0, 1)",onion,"(3, 2):dish;(4, 0):soup('onion', 3, 20);(5, 2):dish;(7, 1):soup('onion', 3, 20)","(3, 0):empty;(4, 0):soup('onion', 3, 20)",0.0,26.0,4,"(0, 0)",0.0,0.0,0.0,0.0,0.0,26.0,False,"(1, 2)",onion,"(3, 3)",onion,"(3, 2):dish;(4, 0):soup('onion', 3, 20);(5, 2):dish;(7, 1):soup('onion', 3, 20)","(3, 0):empty;(4, 0):soup('onion', 3, 20)"
333,2,"(1, 0)","(1, 2)","(1, 0)",onion,"(3, 3)","(0, 1)",onion,"(3, 2):dish;(4, 0):soup('onion', 3, 20);(5, 2):dish;(7, 1):soup('onion', 3, 20)","(3, 0):empty;(4, 0):soup('onion', 3, 20)",0.0,26.0,4,"(0, 0)",0.0,0.0,0.0,0.0,0.0,26.0,False,"(1, 2)",onion,"(3, 3)",onion,"(3, 2):dish;(4, 0):soup('onion', 3, 20);(5, 2):dish;(7, 1):soup('onion', 3, 20)","(3, 0):empty;(4, 0):soup('onion', 3, 20)"
334,2,"(1, 0)","(1, 2)","(1, 0)",onion,"(3, 3)","(0, 1)",onion,"(3, 2):dish;(4, 0):soup('onion', 3, 20);(5, 2):dish;(7, 1):soup('onion', 3, 20)","(3, 0):empty;(4, 0):soup('onion', 3, 20)",0.0,26.0,4,"(0, 0)",0.0,0.0,0.0,0.0,0.0,26.0,False,"(1, 2)",onion,"(3, 3)",onion,"(3, 2):dish;(4, 0):soup('onion', 3, 20);(5, 2):dish;(7, 1):soup('onion', 3, 20)","(3, 0):empty;(4, 0):soup('onion', 3, 20)"
335,2,"(1, 0)","(1, 2)","(1, 0)",onion,"(3, 3)","(0, 1)",onion,"(3, 2):dish;(4, 0):soup('onion', 3, 20);(5, 2):dish;(7, 1):soup('onion', 3, 20)","(3, 0):empty;(4, 0):soup('onion', 3, 20)",0.0,26.0,4,"(0, 0)",0.0,0.0,0.0,0.0,0.0,26.0,False,"(1, 2)",onion,"(3, 3)",onion,"(3, 2):dish;(4, 0):soup('onion', 3, 20);(5, 2):dish;(7, 1):soup('onion', 3, 20)","(3, 0):empty;(4, 0):soup('onion', 3, 20)"
336,2,"(1, 0)","(1, 2)","(1, 0)",onion,"(3, 3)","(0, 1)",onion,"(3, 2):dish;(4, 0):soup('onion', 3, 20);(5, 2):dish;(7, 1):soup('onion', 3, 20)","(3, 0):empty;(4, 0):soup('onion', 3, 20)",0.0,26.0,4,"(0, 0)",0.0,0.0,0.0,0.0,0.0,26.0,False,"(1, 2)",onion,"(3, 3)",onion,"(3, 2):dish;(4, 0):soup('onion', 3, 20);(5, 2):dish;(7, 1):soup('onion', 3, 20)","(3, 0):empty;(4, 0):soup('onion', 3, 20)"
337,2,"(1, 0)","(1, 2)","(1, 0)",onion,"(3, 3)","(0, 1)",onion,"(3, 2):dish;(4, 0):soup('onion', 3, 20);(5, 2):dish;(7, 1):soup('onion', 3, 20)","(3, 0):empty;(4, 0):soup('onion', 3, 20)",0.0,26.0,4,"(0, 0)",0.0,0.0,0.0,0.0,0.0,26.0,False,"(1, 2)",onion,"(3, 3)",onion,"(3, 2):dish;(4, 0):soup('onion', 3, 20);(5, 2):dish;(7, 1):soup('onion', 3, 20)","(3, 0):empty;(4, 0):soup('onion', 3, 20)"
338,2,"(1, 0)","(1, 2)","(1, 0)",onion,"(3, 3)","(0, 1)",onion,"(3, 2):dish;(4, 0):soup('onion', 3, 20);(5, 2):dish;(7, 1):soup('onion', 3, 20)","(3, 0):empty;(4, 0):soup('onion', 3, 20)",0.0,26.0,4,"(0, 0)",0.0,0.0,0.0,0.0,0.0,26.0,False,"(1, 2)",onion,"(3, 3)",onion,"(3, 2):dish;(4, 0):soup('onion', 3, 20);(5, 2):dish;(7, 1):soup('onion', 3, 20)","(3, 0):empty;(4, 0):soup('onion', 3, 20)"
339,2,"(1, 0)","(1, 2)","(1, 0)",onion,"(3, 3)","(0, 1)",onion,"(3, 2):dish;(4, 0):soup('onion', 3, 20);(5, 2):dish;(7, 1):soup('onion', 3, 20)","(3, 0):empty;(4, 0):soup('onion', 3, 20)",0.0,26.0,4,"(0, 0)",0.0,0.0,0.0,0.0,0.0,26.0,False,"(1, 2)",onion,"(3, 3)",onion,"(3, 2):dish;(4, 0):soup('onion', 3, 20);(5, 2):dish;(7, 1):soup('onion', 3, 20)","(3, 0):empty;(4, 0):soup('onion', 3, 20)"
340,2,"(1, 0)","(1, 2)","(1, 0)",onion,"(3, 3)","(0, 1)",onion,"(3, 2):dish;(4, 0):soup('onion', 3, 20);(5, 2):dish;(7, 1):soup('onion', 3, 20)","(3, 0):empty;(4, 0):soup('onion', 3, 20)",0.0,26.0,4,"(0, 0)",0.0,0.0,0.0,0.0,0.0,26.0,False,"(1, 2)",onion,"(3, 3)",onion,"(3, 2):dish;(4, 0):soup('onion', 3, 20);(5, 2):dish;(7, 1):soup('onion', 3, 20)","(3, 0):empty;(4, 0):soup('onion', 3, 20)"
341,2,"(1, 0)","(1, 2)","(1, 0)",onion,"(3, 3)","(0, 1)",onion,"(3, 2):dish;(4, 0):soup('onion', 3, 20);(5, 2):dish;(7, 1):soup('onion', 3, 20)","(3, 0):empty;(4, 0):soup('onion', 3, 20)",0.0,26.0,4,"(0, 0)",0.0,0.0,0.0,0.0,0.0,26.0,False,"(1, 2)",onion,"(3, 3)",onion,"(3, 2):dish;(4, 0):soup('onion', 3, 20);(5, 2):dish;(7, 1):soup('onion', 3, 20)","(3, 0):empty;(4, 0):soup('onion', 3, 20)"
342,2,"(1, 0)","(1, 2)","(1, 0)",onion,"(3, 3)","(0, 1)",onion,"(3, 2):dish;(4, 0):soup('onion', 3, 20);(5, 2):dish;(7, 1):soup('onion', 3, 20)","(3, 0):empty;(4, 0):soup('onion', 3, 20)",0.0,26.0,4,"(0, 0)",0.0,0.0,0.0,0.0,0.0,26.0,False,"(1, 2)",onion,"(3, 3)",onion,"(3, 2):dish;(4, 0):soup('onion', 3, 20);(5, 2):dish;(7, 1):soup('onion', 3, 20)","(3, 0):empty;(4, 0):soup('onion', 3, 20)"
343,2,"(1, 0)","(1, 2)","(1, 0)",onion,"(3, 3)","(0, 1)",onion,"(3, 2):dish;(4, 0):soup('onion', 3, 20);(5, 2):dish;(7, 1):soup('onion', 3, 20)","(3, 0):empty;(4, 0):soup('onion', 3, 20)",0.0,26.0,4,"(0, 0)",0.0,0.0,0.0,0.0,0.0,26.0,False,"(1, 2)",onion,"(3, 3)",onion,"(3, 2):dish;(4, 0):soup('onion', 3, 20);(5, 2):dish;(7, 1):soup('onion', 3, 20)","(3, 0):empty;(4, 0):soup('onion', 3, 20)"
344,2,"(1, 0)","(1, 2)","(1, 0)",onion,"(3, 3)","(0, 1)",onion,"(3, 2):dish;(4, 0):soup('onion', 3, 20);(5, 2):dish;(7, 1):soup('onion', 3, 20)","(3, 0):empty;(4, 0):soup('onion', 3, 20)",0.0,26.0,4,"(0, 0)",0.0,0.0,0.0,0.0,0.0,26.0,False,"(1, 2)",onion,"(3, 3)",onion,"(3, 2):dish;(4, 0):soup('onion', 3, 20);(5, 2):dish;(7, 1):soup('onion', 3, 20)","(3, 0):empty;(4, 0):soup('onion', 3, 20)"
345,2,"(1, 0)","(1, 2)","(1, 0)",onion,"(3, 3)","(0, 1)",onion,"(3, 2):dish;(4, 0):soup('onion', 3, 20);(5, 2):dish;(7, 1):soup('onion', 3, 20)","(3, 0):empty;(4, 0):soup('onion', 3, 20)",0.0,26.0,4,"(0, 0)",0.0,0.0,0.0,0.0,0.0,26.0,False,"(1, 2)",onion,"(3, 3)",onion,"(3, 2):dish;(4, 0):soup('onion', 3, 20);(5, 2):dish;(7, 1):soup('onion', 3, 20)","(3, 0):empty;(4, 0):soup('onion', 3, 20)"
346,2,"(1, 0)","(1, 2)","(1, 0)",onion,"(3, 3)","(0, 1)",onion,"(3, 2):dish;(4, 0):soup('onion', 3, 20);(5, 2):dish;(7, 1):soup('onion', 3, 20)","(3, 0):empty;(4, 0):soup('onion', 3, 20)",0.0,26.0,4,"(0, 0)",0.0,0.0,0.0,0.0,0.0,26.0,False,"(1, 2)",onion,"(3, 3)",onion,"(3, 2):dish;(4, 0):soup('onion', 3, 20);(5, 2):dish;(7, 1):soup('onion', 3, 20)","(3, 0):empty;(4, 0):soup('onion', 3, 20)"
347,2,"(1, 0)","(1, 2)","(1, 0)",onion,"(3, 3)","(0, 1)",onion,"(3, 2):dish;(4, 0):soup('onion', 3, 20);(5, 2):dish;(7, 1):soup('onion', 3, 20)","(3, 0):empty;(4, 0):soup('onion', 3, 20)",0.0,26.0,4,"(0, 0)",0.0,0.0,0.0,0.0,0.0,26.0,False,"(1, 2)",onion,"(3, 3)",onion,"(3, 2):dish;(4, 0):soup('onion', 3, 20);(5, 2):dish;(7, 1):soup('onion', 3, 20)","(3, 0):empty;(4, 0):soup('onion', 3, 20)"
348,2,"(1, 0)","(1, 2)","(1, 0)",onion,"(3, 3)","(0, 1)",onion,"(3, 2):dish;(4, 0):soup('onion', 3, 20);(5, 2):dish;(7, 1):soup('onion', 3, 20)","(3, 0):empty;(4, 0):soup('onion', 3, 20)",0.0,26.0,4,"(0, 0)",0.0,0.0,0.0,0.0,0.0,26.0,False,"(1, 2)",onion,"(3, 3)",onion,"(3, 2):dish;(4, 0):soup('onion', 3, 20);(5, 2):dish;(7, 1):soup('onion', 3, 20)","(3, 0):empty;(4, 0):soup('onion', 3, 20)"
349,2,"(1, 0)","(1, 2)","(1, 0)",onion,"(3, 3)","(0, 1)",onion,"(3, 2):dish;(4, 0):soup('onion', 3, 20);(5, 2):dish;(7, 1):soup('onion', 3, 20)","(3, 0):empty;(4, 0):soup('onion', 3, 20)",0.0,26.0,4,"(0, 0)",0.0,0.0,0.0,0.0,0.0,26.0,False,"(1, 2)",onion,"(3, 3)",onion,"(3, 2):dish;(4, 0):soup('onion', 3, 20);(5, 2):dish;(7, 1):soup('onion', 3, 20)","(3, 0):empty;(4, 0):soup('onion', 3, 20)"
350,2,"(1, 0)","(1, 2)","(1, 0)",onion,"(3, 3)","(0, 1)",onion,"(3, 2):dish;(4, 0):soup('onion', 3, 20);(5, 2):dish;(7, 1):soup('onion', 3, 20)","(3, 0):empty;(4, 0):soup('onion', 3, 20)",0.0,26.0,4,"(0, 0)",0.0,0.0,0.0,0.0,0.0,26.0,False,"(1, 2)",onion,"(3, 3)",onion,"(3, 2):dish;(4, 0):soup('onion', 3, 20);(5, 2):dish;(7, 1):soup('onion', 3, 20)","(3, 0):empty;(4, 0):soup('onion', 3, 20)"
351,2,"(1, 0)","(1, 2)","(1, 0)",onion,"(3, 3)","(0, 1)",onion,"(3, 2):dish;(4, 0):soup('onion', 3, 20);(5, 2):dish;(7, 1):soup('onion', 3, 20)","(3, 0):empty;(4, 0):soup('onion', 3, 20)",0.0,26.0,4,"(0, 0)",0.0,0.0,0.0,0.0,0.0,26.0,False,"(1, 2)",onion,"(3, 3)",onion,"(3, 2):dish;(4, 0):soup('onion', 3, 20);(5, 2):dish;(7, 1):soup('onion', 3, 20)","(3, 0):empty;(4, 0):soup('onion', 3, 20)"
352,2,"(1, 0)","(1, 2)","(1, 0)",onion,"(3, 3)","(0, 1)",onion,"(3, 2):dish;(4, 0):soup('onion', 3, 20);(5, 2):dish;(7, 1):soup('onion', 3, 20)","(3, 0):empty;(4, 0):soup('onion', 3, 20)",0.0,26.0,4,"(0, 0)",0.0,0.0,0.0,0.0,0.0,26.0,False,"(1, 2)",onion,"(3, 3)",onion,"(3, 2):dish;(4, 0):soup('onion', 3, 20);(5, 2):dish;(7, 1):soup('onion', 3, 20)","(3, 0):empty;(4, 0):soup('onion', 3, 20)"
353,2,"(1, 0)","(1, 2)","(1, 0)",onion,"(3, 3)","(0, 1)",onion,"(3, 2):dish;(4, 0):soup('onion', 3, 20);(5, 2):dish;(7, 1):soup('onion', 3, 20)","(3, 0):empty;(4, 0):soup('onion', 3, 20)",0.0,26.0,4,"(0, 0)",0.0,0.0,0.0,0.0,0.0,26.0,False,"(1, 2)",onion,"(3, 3)",onion,"(3, 2):dish;(4, 0):soup('onion', 3, 20);(5, 2):dish;(7, 1):soup('onion', 3, 20)","(3, 0):empty;(4, 0):soup('onion', 3, 20)"
354,2,"(1, 0)","(1, 2)","(1, 0)",onion,"(3, 3)","(0, 1)",onion,"(3, 2):dish;(4, 0):soup('onion', 3, 20);(5, 2):dish;(7, 1):soup('onion', 3, 20)","(3, 0):empty;(4, 0):soup('onion', 3, 20)",0.0,26.0,4,"(0, 0)",0.0,0.0,0.0,0.0,0.0,26.0,False,"(1, 2)",onion,"(3, 3)",onion,"(3, 2):dish;(4, 0):soup('onion', 3, 20);(5, 2):dish;(7, 1):soup('onion', 3, 20)","(3, 0):empty;(4, 0):soup('onion', 3, 20)"
355,2,"(1, 0)","(1, 2)","(1, 0)",onion,"(3, 3)","(0, 1)",onion,"(3, 2):dish;(4, 0):soup('onion', 3, 20);(5, 2):dish;(7, 1):soup('onion', 3, 20)","(3, 0):empty;(4, 0):soup('onion', 3, 20)",0.0,26.0,4,"(0, 0)",0.0,0.0,0.0,0.0,0.0,26.0,False,"(1, 2)",onion,"(3, 3)",onion,"(3, 2):dish;(4, 0):soup('onion', 3, 20);(5, 2):dish;(7, 1):soup('onion', 3, 20)","(3, 0):empty;(4, 0):soup('onion', 3, 20)"
356,2,"(1, 0)","(1, 2)","(1, 0)",onion,"(3, 3)","(0, 1)",onion,"(3, 2):dish;(4, 0):soup('onion', 3, 20);(5, 2):dish;(7, 1):soup('onion', 3, 20)","(3, 0):empty;(4, 0):soup('onion', 3, 20)",0.0,26.0,4,"(0, 0)",0.0,0.0,0.0,0.0,0.0,26.0,False,"(1, 2)",onion,"(3, 3)",onion,"(3, 2):dish;(4, 0):soup('onion', 3, 20);(5, 2):dish;(7, 1):soup('onion', 3, 20)","(3, 0):empty;(4, 0):soup('onion', 3, 20)"
357,2,"(1, 0)","(1, 2)","(1, 0)",onion,"(3, 3)","(0, 1)",onion,"(3, 2):dish;(4, 0):soup('onion', 3, 20);(5, 2):dish;(7, 1):soup('onion', 3, 20)","(3, 0):empty;(4, 0):soup('onion', 3, 20)",0.0,26.0,4,"(0, 0)",0.0,0.0,0.0,0.0,0.0,26.0,False,"(1, 2)",onion,"(3, 3)",onion,"(3, 2):dish;(4, 0):soup('onion', 3, 20);(5, 2):dish;(7, 1):soup('onion', 3, 20)","(3, 0):empty;(4, 0):soup('onion', 3, 20)"
358,2,"(1, 0)","(1, 2)","(1, 0)",onion,"(3, 3)","(0, 1)",onion,"(3, 2):dish;(4, 0):soup('onion', 3, 20);(5, 2):dish;(7, 1):soup('onion', 3, 20)","(3, 0):empty;(4, 0):soup('onion', 3, 20)",0.0,26.0,4,"(0, 0)",0.0,0.0,0.0,0.0,0.0,26.0,False,"(1, 2)",onion,"(3, 3)",onion,"(3, 2):dish;(4, 0):soup('onion', 3, 20);(5, 2):dish;(7, 1):soup('onion', 3, 20)","(3, 0):empty;(4, 0):soup('onion', 3, 20)"
359,2,"(1, 0)","(1, 2)","(1, 0)",onion,"(3, 3)","(0, 1)",onion,"(3, 2):dish;(4, 0):soup('onion', 3, 20);(5, 2):dish;(7, 1):soup('onion', 3, 20)","(3, 0):empty;(4, 0):soup('onion', 3, 20)",0.0,26.0,4,"(0, 0)",0.0,0.0,0.0,0.0,0.0,26.0,False,"(1, 2)",onion,"(3, 3)",onion,"(3, 2):dish;(4, 0):soup('onion', 3, 20);(5, 2):dish;(7, 1):soup('onion', 3, 20)","(3, 0):empty;(4, 0):soup('onion', 3, 20)"
360,2,"(1, 0)","(1, 2)","(1, 0)",onion,"(3, 3)","(0, 1)",onion,"(3, 2):dish;(4, 0):soup('onion', 3, 20);(5, 2):dish;(7, 1):soup('onion', 3, 20)","(3, 0):empty;(4, 0):soup('onion', 3, 20)",0.0,26.0,4,"(0, 0)",0.0,0.0,0.0,0.0,0.0,26.0,False,"(1, 2)",onion,"(3, 3)",onion,"(3, 2):dish;(4, 0):soup('onion', 3, 20);(5, 2):dish;(7, 1):soup('onion', 3, 20)","(3, 0):empty;(4, 0):soup('onion', 3, 20)"
361,2,"(1, 0)","(1, 2)","(1, 0)",onion,"(3, 3)","(0, 1)",onion,"(3, 2):dish;(4, 0):soup('onion', 3, 20);(5, 2):dish;(7, 1):soup('onion', 3, 20)","(3, 0):empty;(4, 0):soup('onion', 3, 20)",0.0,26.0,4,"(0, 0)",0.0,0.0,0.0,0.0,0.0,26.0,False,"(1, 2)",onion,"(3, 3)",onion,"(3, 2):dish;(4, 0):soup('onion', 3, 20);(5, 2):dish;(7, 1):soup('onion', 3, 20)","(3, 0):empty;(4, 0):soup('onion', 3, 20)"
362,2,"(1, 0)","(1, 2)","(1, 0)",onion,"(3, 3)","(0, 1)",onion,"(3, 2):dish;(4, 0):soup('onion', 3, 20);(5, 2):dish;(7, 1):soup('onion', 3, 20)","(3, 0):empty;(4, 0):soup('onion', 3, 20)",0.0,26.0,4,"(0, 0)",0.0,0.0,0.0,0.0,0.0,26.0,False,"(1, 2)",onion,"(3, 3)",onion,"(3, 2):dish;(4, 0):soup('onion', 3, 20);(5, 2):dish;(7, 1):soup('onion', 3, 20)","(3, 0):empty;(4, 0):soup('onion', 3, 20)"
363,2,"(1, 0)","(1, 2)","(1, 0)",onion,"(3, 3)","(0, 1)",onion,"(3, 2):dish;(4, 0):soup('onion', 3, 20);(5, 2):dish;(7, 1):soup('onion', 3, 20)","(3, 0):empty;(4, 0):soup('onion', 3, 20)",0.0,26.0,4,"(0, 0)",0.0,0.0,0.0,0.0,0.0,26.0,False,"(1, 2)",onion,"(3, 3)",onion,"(3, 2):dish;(4, 0):soup('onion', 3, 20);(5, 2):dish;(7, 1):soup('onion', 3, 20)","(3, 0):empty;(4, 0):soup('onion', 3, 20)"
364,2,"(1, 0)","(1, 2)","(1, 0)",onion,"(3, 3)","(0, 1)",onion,"(3, 2):dish;(4, 0):soup('onion', 3, 20);(5, 2):dish;(7, 1):soup('onion', 3, 20)","(3, 0):empty;(4, 0):soup('onion', 3, 20)",0.0,26.0,4,"(0, 0)",0.0,0.0,0.0,0.0,0.0,26.0,False,"(1, 2)",onion,"(3, 3)",onion,"(3, 2):dish;(4, 0):soup('onion', 3, 20);(5, 2):dish;(7, 1):soup('onion', 3, 20)","(3, 0):empty;(4, 0):soup('onion', 3, 20)"
365,2,"(1, 0)","(1, 2)","(1, 0)",onion,"(3, 3)","(0, 1)",onion,"(3, 2):dish;(4, 0):soup('onion', 3, 20);(5, 2):dish;(7, 1):soup('onion', 3, 20)","(3, 0):empty;(4, 0):soup('onion', 3, 20)",0.0,26.0,4,"(0, 0)",0.0,0.0,0.0,0.0,0.0,26.0,False,"(1, 2)",onion,"(3, 3)",onion,"(3, 2):dish;(4, 0):soup('onion', 3, 20);(5, 2):dish;(7, 1):soup('onion', 3, 20)","(3, 0):empty;(4, 0):soup('onion', 3, 20)"
366,2,"(1, 0)","(1, 2)","(1, 0)",onion,"(3, 3)","(0, 1)",onion,"(3, 2):dish;(4, 0):soup('onion', 3, 20);(5, 2):dish;(7, 1):soup('onion', 3, 20)","(3, 0):empty;(4, 0):soup('onion', 3, 20)",0.0,26.0,4,"(0, 0)",0.0,0.0,0.0,0.0,0.0,26.0,False,"(1, 2)",onion,"(3, 3)",onion,"(3, 2):dish;(4, 0):soup('onion', 3, 20);(5, 2):dish;(7, 1):soup('onion', 3, 20)","(3, 0):empty;(4, 0):soup('onion', 3, 20)"
367,2,"(1, 0)","(1, 2)","(1, 0)",onion,"(3, 3)","(0, 1)",onion,"(3, 2):dish;(4, 0):soup('onion', 3, 20);(5, 2):dish;(7, 1):soup('onion', 3, 20)","(3, 0):empty;(4, 0):soup('onion', 3, 20)",0.0,26.0,4,"(0, 0)",0.0,0.0,0.0,0.0,0.0,26.0,False,"(1, 2)",onion,"(3, 3)",onion,"(3, 2):dish;(4, 0):soup('onion', 3, 20);(5, 2):dish;(7, 1):soup('onion', 3, 20)","(3, 0):empty;(4, 0):soup('onion', 3, 20)"
368,2,"(1, 0)","(1, 2)","(1, 0)",onion,"(3, 3)","(0, 1)",onion,"(3, 2):dish;(4, 0):soup('onion', 3, 20);(5, 2):dish;(7, 1):soup('onion', 3, 20)","(3, 0):empty;(4, 0):soup('onion', 3, 20)",0.0,26.0,4,"(0, 0)",0.0,0.0,0.0,0.0,0.0,26.0,False,"(1, 2)",onion,"(3, 3)",onion,"(3, 2):dish;(4, 0):soup('onion', 3, 20);(5, 2):dish;(7, 1):soup('onion', 3, 20)","(3, 0):empty;(4, 0):soup('onion', 3, 20)"
369,2,"(1, 0)","(1, 2)","(1, 0)",onion,"(3, 3)","(0, 1)",onion,"(3, 2):dish;(4, 0):soup('onion', 3, 20);(5, 2):dish;(7, 1):soup('onion', 3, 20)","(3, 0):empty;(4, 0):soup('onion', 3, 20)",0.0,26.0,4,"(0, 0)",0.0,0.0,0.0,0.0,0.0,26.0,False,"(1, 2)",onion,"(3, 3)",onion,"(3, 2):dish;(4, 0):soup('onion', 3, 20);(5, 2):dish;(7, 1):soup('onion', 3, 20)","(3, 0):empty;(4, 0):soup('onion', 3, 20)"
370,2,"(1, 0)","(1, 2)","(1, 0)",onion,"(3, 3)","(0, 1)",onion,"(3, 2):dish;(4, 0):soup('onion', 3, 20);(5, 2):dish;(7, 1):soup('onion', 3, 20)","(3, 0):empty;(4, 0):soup('onion', 3, 20)",0.0,26.0,4,"(0, 0)",0.0,0.0,0.0,0.0,0.0,26.0,False,"(1, 2)",onion,"(3, 3)",onion,"(3, 2):dish;(4, 0):soup('onion', 3, 20);(5, 2):dish;(7, 1):soup('onion', 3, 20)","(3, 0):empty;(4, 0):soup('onion', 3, 20)"
371,2,"(1, 0)","(1, 2)","(1, 0)",onion,"(3, 3)","(0, 1)",onion,"(3, 2):dish;(4, 0):soup('onion', 3, 20);(5, 2):dish;(7, 1):soup('onion', 3, 20)","(3, 0):empty;(4, 0):soup('onion', 3, 20)",0.0,26.0,4,"(0, 0)",0.0,0.0,0.0,0.0,0.0,26.0,False,"(1, 2)",onion,"(3, 3)",onion,"(3, 2):dish;(4, 0):soup('onion', 3, 20);(5, 2):dish;(7, 1):soup('onion', 3, 20)","(3, 0):empty;(4, 0):soup('onion', 3, 20)"
372,2,"(1, 0)","(1, 2)","(1, 0)",onion,"(3, 3)","(0, 1)",onion,"(3, 2):dish;(4, 0):soup('onion', 3, 20);(5, 2):dish;(7, 1):soup('onion', 3, 20)","(3, 0):empty;(4, 0):soup('onion', 3, 20)",0.0,26.0,4,"(0, 0)",0.0,0.0,0.0,0.0,0.0,26.0,False,"(1, 2)",onion,"(3, 3)",onion,"(3, 2):dish;(4, 0):soup('onion', 3, 20);(5, 2):dish;(7, 1):soup('onion', 3, 20)","(3, 0):empty;(4, 0):soup('onion', 3, 20)"
373,2,"(1, 0)","(1, 2)","(1, 0)",onion,"(3, 3)","(0, 1)",onion,"(3, 2):dish;(4, 0):soup('onion', 3, 20);(5, 2):dish;(7, 1):soup('onion', 3, 20)","(3, 0):empty;(4, 0):soup('onion', 3, 20)",0.0,26.0,4,"(0, 0)",0.0,0.0,0.0,0.0,0.0,26.0,False,"(1, 2)",onion,"(3, 3)",onion,"(3, 2):dish;(4, 0):soup('onion', 3, 20);(5, 2):dish;(7, 1):soup('onion', 3, 20)","(3, 0):empty;(4, 0):soup('onion', 3, 20)"
374,2,"(1, 0)","(1, 2)","(1, 0)",onion,"(3, 3)","(0, 1)",onion,"(3, 2):dish;(4, 0):soup('onion', 3, 20);(5, 2):dish;(7, 1):soup('onion', 3, 20)","(3, 0):empty;(4, 0):soup('onion', 3, 20)",0.0,26.0,4,"(0, 0)",0.0,0.0,0.0,0.0,0.0,26.0,False,"(1, 2)",onion,"(3, 3)",onion,"(3, 2):dish;(4, 0):soup('onion', 3, 20);(5, 2):dish;(7, 1):soup('onion', 3, 20)","(3, 0):empty;(4, 0):soup('onion', 3, 20)"
375,2,"(1, 0)","(1, 2)","(1, 0)",onion,"(3, 3)","(0, 1)",onion,"(3, 2):dish;(4, 0):soup('onion', 3, 20);(5, 2):dish;(7, 1):soup('onion', 3, 20)","(3, 0):empty;(4, 0):soup('onion', 3, 20)",0.0,26.0,4,"(0, 0)",0.0,0.0,0.0,0.0,0.0,26.0,False,"(1, 2)",onion,"(3, 3)",onion,"(3, 2):dish;(4, 0):soup('onion', 3, 20);(5, 2):dish;(7, 1):soup('onion', 3, 20)","(3, 0):empty;(4, 0):soup('onion', 3, 20)"
376,2,"(1, 0)","(1, 2)","(1, 0)",onion,"(3, 3)","(0, 1)",onion,"(3, 2):dish;(4, 0):soup('onion', 3, 20);(5, 2):dish;(7, 1):soup('onion', 3, 20)","(3, 0):empty;(4, 0):soup('onion', 3, 20)",0.0,26.0,4,"(0, 0)",0.0,0.0,0.0,0.0,0.0,26.0,False,"(1, 2)",onion,"(3, 3)",onion,"(3, 2):dish;(4, 0):soup('onion', 3, 20);(5, 2):dish;(7, 1):soup('onion', 3, 20)","(3, 0):empty;(4, 0):soup('onion', 3, 20)"
377,2,"(1, 0)","(1, 2)","(1, 0)",onion,"(3, 3)","(0, 1)",onion,"(3, 2):dish;(4, 0):soup('onion', 3, 20);(5, 2):dish;(7, 1):soup('onion', 3, 20)","(3, 0):empty;(4, 0):soup('onion', 3, 20)",0.0,26.0,4,"(0, 0)",0.0,0.0,0.0,0.0,0.0,26.0,False,"(1, 2)",onion,"(3, 3)",onion,"(3, 2):dish;(4, 0):soup('onion', 3, 20);(5, 2):dish;(7, 1):soup('onion', 3, 20)","(3, 0):empty;(4, 0):soup('onion', 3, 20)"
378,2,"(1, 0)","(1, 2)","(1, 0)",onion,"(3, 3)","(0, 1)",onion,"(3, 2):dish;(4, 0):soup('onion', 3, 20);(5, 2):dish;(7, 1):soup('onion', 3, 20)","(3, 0):empty;(4, 0):soup('onion', 3, 20)",0.0,26.0,4,"(0, 0)",0.0,0.0,0.0,0.0,0.0,26.0,False,"(1, 2)",onion,"(3, 3)",onion,"(3, 2):dish;(4, 0):soup('onion', 3, 20);(5, 2):dish;(7, 1):soup('onion', 3, 20)","(3, 0):empty;(4, 0):soup('onion', 3, 20)"
379,2,"(1, 0)","(1, 2)","(1, 0)",onion,"(3, 3)","(0, 1)",onion,"(3, 2):dish;(4, 0):soup('onion', 3, 20);(5, 2):dish;(7, 1):soup('onion', 3, 20)","(3, 0):empty;(4, 0):soup('onion', 3, 20)",0.0,26.0,4,"(0, 0)",0.0,0.0,0.0,0.0,0.0,26.0,False,"(1, 2)",onion,"(3, 3)",onion,"(3, 2):dish;(4, 0):soup('onion', 3, 20);(5, 2):dish;(7, 1):soup('onion', 3, 20)","(3, 0):empty;(4, 0):soup('onion', 3, 20)"
380,2,"(1, 0)","(1, 2)","(1, 0)",onion,"(3, 3)","(0, 1)",onion,"(3, 2):dish;(4, 0):soup('onion', 3, 20);(5, 2):dish;(7, 1):soup('onion', 3, 20)","(3, 0):empty;(4, 0):soup('onion', 3, 20)",0.0,26.0,4,"(0, 0)",0.0,0.0,0.0,0.0,0.0,26.0,False,"(1, 2)",onion,"(3, 3)",onion,"(3, 2):dish;(4, 0):soup('onion', 3, 20);(5, 2):dish;(7, 1):soup('onion', 3, 20)","(3, 0):empty;(4, 0):soup('onion', 3, 20)"
381,2,"(1, 0)","(1, 2)","(1, 0)",onion,"(3, 3)","(0, 1)",onion,"(3, 2):dish;(4, 0):soup('onion', 3, 20);(5, 2):dish;(7, 1):soup('onion', 3, 20)","(3, 0):empty;(4, 0):soup('onion', 3, 20)",0.0,26.0,4,"(0, 0)",0.0,0.0,0.0,0.0,0.0,26.0,False,"(1, 2)",onion,"(3, 3)",onion,"(3, 2):dish;(4, 0):soup('onion', 3, 20);(5, 2):dish;(7, 1):soup('onion', 3, 20)","(3, 0):empty;(4, 0):soup('onion', 3, 20)"
382,2,"(1, 0)","(1, 2)","(1, 0)",onion,"(3, 3)","(0, 1)",onion,"(3, 2):dish;(4, 0):soup('onion', 3, 20);(5, 2):dish;(7, 1):soup('onion', 3, 20)","(3, 0):empty;(4, 0):soup('onion', 3, 20)",0.0,26.0,4,"(0, 0)",0.0,0.0,0.0,0.0,0.0,26.0,False,"(1, 2)",onion,"(3, 3)",onion,"(3, 2):dish;(4, 0):soup('onion', 3, 20);(5, 2):dish;(7, 1):soup('onion', 3, 20)","(3, 0):empty;(4, 0):soup('onion', 3, 20)"
383,2,"(1, 0)","(1, 2)","(1, 0)",onion,"(3, 3)","(0, 1)",onion,"(3, 2):dish;(4, 0):soup('onion', 3, 20);(5, 2):dish;(7, 1):soup('onion', 3, 20)","(3, 0):empty;(4, 0):soup('onion', 3, 20)",0.0,26.0,4,"(0, 0)",0.0,0.0,0.0,0.0,0.0,26.0,False,"(1, 2)",onion,"(3, 3)",onion,"(3, 2):dish;(4, 0):soup('onion', 3, 20);(5, 2):dish;(7, 1):soup('onion', 3, 20)","(3, 0):empty;(4, 0):soup('onion', 3, 20)"
384,2,"(1, 0)","(1, 2)","(1, 0)",onion,"(3, 3)","(0, 1)",onion,"(3, 2):dish;(4, 0):soup('onion', 3, 20);(5, 2):dish;(7, 1):soup('onion', 3, 20)","(3, 0):empty;(4, 0):soup('onion', 3, 20)",0.0,26.0,4,"(0, 0)",0.0,0.0,0.0,0.0,0.0,26.0,False,"(1, 2)",onion,"(3, 3)",onion,"(3, 2):dish;(4, 0):soup('onion', 3, 20);(5, 2):dish;(7, 1):soup('onion', 3, 20)","(3, 0):empty;(4, 0):soup('onion', 3, 20)"
385,2,"(1, 0)","(1, 2)","(1, 0)",onion,"(3, 3)","(0, 1)",onion,"(3, 2):dish;(4, 0):soup('onion', 3, 20);(5, 2):dish;(7, 1):soup('onion', 3, 20)","(3, 0):empty;(4, 0):soup('onion', 3, 20)",0.0,26.0,4,"(0, 0)",0.0,0.0,0.0,0.0,0.0,26.0,False,"(1, 2)",onion,"(3, 3)",onion,"(3, 2):dish;(4, 0):soup('onion', 3, 20);(5, 2):dish;(7, 1):soup('onion', 3, 20)","(3, 0):empty;(4, 0):soup('onion', 3, 20)"
386,2,"(1, 0)","(1, 2)","(1, 0)",onion,"(3, 3)","(0, 1)",onion,"(3, 2):dish;(4, 0):soup('onion', 3, 20);(5, 2):dish;(7, 1):soup('onion', 3, 20)","(3, 0):empty;(4, 0):soup('onion', 3, 20)",0.0,26.0,4,"(0, 0)",0.0,0.0,0.0,0.0,0.0,26.0,False,"(1, 2)",onion,"(3, 3)",onion,"(3, 2):dish;(4, 0):soup('onion', 3, 20);(5, 2):dish;(7, 1):soup('onion', 3, 20)","(3, 0):empty;(4, 0):soup('onion', 3, 20)"
387,2,"(1, 0)","(1, 2)","(1, 0)",onion,"(3, 3)","(0, 1)",onion,"(3, 2):dish;(4, 0):soup('onion', 3, 20);(5, 2):dish;(7, 1):soup('onion', 3, 20)","(3, 0):empty;(4, 0):soup('onion', 3, 20)",0.0,26.0,4,"(0, 0)",0.0,0.0,0.0,0.0,0.0,26.0,False,"(1, 2)",onion,"(3, 3)",onion,"(3, 2):dish;(4, 0):soup('onion', 3, 20);(5, 2):dish;(7, 1):soup('onion', 3, 20)","(3, 0):empty;(4, 0):soup('onion', 3, 20)"
388,2,"(1, 0)","(1, 2)","(1, 0)",onion,"(3, 3)","(0, 1)",onion,"(3, 2):dish;(4, 0):soup('onion', 3, 20);(5, 2):dish;(7, 1):soup('onion', 3, 20)","(3, 0):empty;(4, 0):soup('onion', 3, 20)",0.0,26.0,4,"(0, 0)",0.0,0.0,0.0,0.0,0.0,26.0,False,"(1, 2)",onion,"(3, 3)",onion,"(3, 2):dish;(4, 0):soup('onion', 3, 20);(5, 2):dish;(7, 1):soup('onion', 3, 20)","(3, 0):empty;(4, 0):soup('onion', 3, 20)"
389,2,"(1, 0)","(1, 2)","(1, 0)",onion,"(3, 3)","(0, 1)",onion,"(3, 2):dish;(4, 0):soup('onion', 3, 20);(5, 2):dish;(7, 1):soup('onion', 3, 20)","(3, 0):empty;(4, 0):soup('onion', 3, 20)",0.0,26.0,4,"(0, 0)",0.0,0.0,0.0,0.0,0.0,26.0,False,"(1, 2)",onion,"(3, 3)",onion,"(3, 2):dish;(4, 0):soup('onion', 3, 20);(5, 2):dish;(7, 1):soup('onion', 3, 20)","(3, 0):empty;(4, 0):soup('onion', 3, 20)"
390,2,"(1, 0)","(1, 2)","(1, 0)",onion,"(3, 3)","(0, 1)",onion,"(3, 2):dish;(4, 0):soup('onion', 3, 20);(5, 2):dish;(7, 1):soup('onion', 3, 20)","(3, 0):empty;(4, 0):soup('onion', 3, 20)",0.0,26.0,4,"(0, 0)",0.0,0.0,0.0,0.0,0.0,26.0,False,"(1, 2)",onion,"(3, 3)",onion,"(3, 2):dish;(4, 0):soup('onion', 3, 20);(5, 2):dish;(7, 1):soup('onion', 3, 20)","(3, 0):empty;(4, 0):soup('onion', 3, 20)"
391,2,"(1, 0)","(1, 2)","(1, 0)",onion,"(3, 3)","(0, 1)",onion,"(3, 2):dish;(4, 0):soup('onion', 3, 20);(5, 2):dish;(7, 1):soup('onion', 3, 20)","(3, 0):empty;(4, 0):soup('onion', 3, 20)",0.0,26.0,4,"(0, 0)",0.0,0.0,0.0,0.0,0.0,26.0,False,"(1, 2)",onion,"(3, 3)",onion,"(3, 2):dish;(4, 0):soup('onion', 3, 20);(5, 2):dish;(7, 1):soup('onion', 3, 20)","(3, 0):empty;(4, 0):soup('onion', 3, 20)"
392,2,"(1, 0)","(1, 2)","(1, 0)",onion,"(3, 3)","(0, 1)",onion,"(3, 2):dish;(4, 0):soup('onion', 3, 20);(5, 2):dish;(7, 1):soup('onion', 3, 20)","(3, 0):empty;(4, 0):soup('onion', 3, 20)",0.0,26.0,4,"(0, 0)",0.0,0.0,0.0,0.0,0.0,26.0,False,"(1, 2)",onion,"(3, 3)",onion,"(3, 2):dish;(4, 0):soup('onion', 3, 20);(5, 2):dish;(7, 1):soup('onion', 3, 20)","(3, 0):empty;(4, 0):soup('onion', 3, 20)"
393,2,"(1, 0)","(1, 2)","(1, 0)",onion,"(3, 3)","(0, 1)",onion,"(3, 2):dish;(4, 0):soup('onion', 3, 20);(5, 2):dish;(7, 1):soup('onion', 3, 20)","(3, 0):empty;(4, 0):soup('onion', 3, 20)",0.0,26.0,4,"(0, 0)",0.0,0.0,0.0,0.0,0.0,26.0,False,"(1, 2)",onion,"(3, 3)",onion,"(3, 2):dish;(4, 0):soup('onion', 3, 20);(5, 2):dish;(7, 1):soup('onion', 3, 20)","(3, 0):empty;(4, 0):soup('onion', 3, 20)"
394,2,"(1, 0)","(1, 2)","(1, 0)",onion,"(3, 3)","(0, 1)",onion,"(3, 2):dish;(4, 0):soup('onion', 3, 20);(5, 2):dish;(7, 1):soup('onion', 3, 20)","(3, 0):empty;(4, 0):soup('onion', 3, 20)",0.0,26.0,4,"(0, 0)",0.0,0.0,0.0,0.0,0.0,26.0,False,"(1, 2)",onion,"(3, 3)",onion,"(3, 2):dish;(4, 0):soup('onion', 3, 20);(5, 2):dish;(7, 1):soup('onion', 3, 20)","(3, 0):empty;(4, 0):soup('onion', 3, 20)"
395,2,"(1, 0)","(1, 2)","(1, 0)",onion,"(3, 3)","(0, 1)",onion,"(3, 2):dish;(4, 0):soup('onion', 3, 20);(5, 2):dish;(7, 1):soup('onion', 3, 20)","(3, 0):empty;(4, 0):soup('onion', 3, 20)",0.0,26.0,4,"(0, 0)",0.0,0.0,0.0,0.0,0.0,26.0,False,"(1, 2)",onion,"(3, 3)",onion,"(3, 2):dish;(4, 0):soup('onion', 3, 20);(5, 2):dish;(7, 1):soup('onion', 3, 20)","(3, 0):empty;(4, 0):soup('onion', 3, 20)"
396,2,"(1, 0)","(1, 2)","(1, 0)",onion,"(3, 3)","(0, 1)",onion,"(3, 2):dish;(4, 0):soup('onion', 3, 20);(5, 2):dish;(7, 1):soup('onion', 3, 20)","(3, 0):empty;(4, 0):soup('onion', 3, 20)",0.0,26.0,4,"(0, 0)",0.0,0.0,0.0,0.0,0.0,26.0,False,"(1, 2)",onion,"(3, 3)",onion,"(3, 2):dish;(4, 0):soup('onion', 3, 20);(5, 2):dish;(7, 1):soup('onion', 3, 20)","(3, 0):empty;(4, 0):soup('onion', 3, 20)"
397,2,"(1, 0)","(1, 2)","(1, 0)",onion,"(3, 3)","(0, 1)",onion,"(3, 2):dish;(4, 0):soup('onion', 3, 20);(5, 2):dish;(7, 1):soup('onion', 3, 20)","(3, 0):empty;(4, 0):soup('onion', 3, 20)",0.0,26.0,4,"(0, 0)",0.0,0.0,0.0,0.0,0.0,26.0,False,"(1, 2)",onion,"(3, 3)",onion,"(3, 2):dish;(4, 0):soup('onion', 3, 20);(5, 2):dish;(7, 1):soup('onion', 3, 20)","(3, 0):empty;(4, 0):soup('onion', 3, 20)"
398,2,"(1, 0)","(1, 2)","(1, 0)",onion,"(3, 3)","(0, 1)",onion,"(3, 2):dish;(4, 0):soup('onion', 3, 20);(5, 2):dish;(7, 1):soup('onion', 3, 20)","(3, 0):empty;(4, 0):soup('onion', 3, 20)",0.0,26.0,4,"(0, 0)",0.0,0.0,0.0,0.0,0.0,26.0,False,"(1, 2)",onion,"(3, 3)",onion,"(3, 2):dish;(4, 0):soup('onion', 3, 20);(5, 2):dish;(7, 1):soup('onion', 3, 20)","(3, 0):empty;(4, 0):soup('onion', 3, 20)"
399,2,"(1, 0)","(1, 2)","(1, 0)",onion,"(3, 3)","(0, 1)",onion,"(3, 2):dish;(4, 0):soup('onion', 3, 20);(5, 2):dish;(7, 1):soup('onion', 3, 20)","(3, 0):empty;(4, 0):soup('onion', 3, 20)",0.0,26.0,4,"(0, 0)",0.0,0.0,0.0,0.0,0.0,26.0,False,"(1, 2)",onion,"(3, 3)",onion,"(3, 2):dish;(4, 0):soup('onion', 3, 20);(5, 2):dish;(7, 1):soup('onion', 3, 20)","(3, 0):empty;(4, 0):soup('onion', 3, 20)"
