step,ego_action_idx,ego_action,p0_pos,p0_orient,p0_held,p1_pos,p1_orient,p1_held,objects_before,pots_before,cum_sparse_before,cum_shaped_before,partner_action_idx,partner_action,reward,sparse_reward,built_in_shaped_reward,custom_shaped_reward,cum_sparse_after,cum_shaped_after,delivery_event,p0_pos_after,p0_held_after,p1_pos_after,p1_held_after,objects_after,pots_after
0,1,"(0, 1)","(3, 3)","(0, -1)",,"(3, 1)","(0, -1)",,,"(3, 0):empty;(4, 0):empty",0.0,0.0,2,"(1, 0)",0.0,0.0,0.0,0.0,0.0,0.0,False,"(3, 3)",,"(4, 1)",,,"(3, 0):empty;(4, 0):empty"
1,5,interact,"(3, 3)","(0, 1)",,"(4, 1)","(1, 0)",,,"(3, 0):empty;(4, 0):empty",0.0,0.0,2,"(1, 0)",0.0,0.0,0.0,0.0,0.0,0.0,False,"(3, 3)",onion,"(5, 1)",,,"(3, 0):empty;(4, 0):empty"
2,3,"(-1, 0)","(3, 3)","(0, 1)",onion,"(5, 1)","(1, 0)",,,"(3, 0):empty;(4, 0):empty",0.0,0.0,2,"(1, 0)",0.0,0.0,0.0,0.0,0.0,0.0,False,"(2, 3)",onion,"(6, 1)",,,"(3, 0):empty;(4, 0):empty"
3,3,"(-1, 0)","(2, 3)","(-1, 0)",onion,"(6, 1)","(1, 0)",,,"(3, 0):empty;(4, 0):empty",0.0,0.0,5,interact,0.0,0.0,0.0,0.0,0.0,0.0,False,"(1, 3)",onion,"(6, 1)",,,"(3, 0):empty;(4, 0):empty"
4,0,"(0, -1)","(1, 3)","(-1, 0)",onion,"(6, 1)","(1, 0)",,,"(3, 0):empty;(4, 0):empty",0.0,0.0,1,"(0, 1)",0.0,0.0,0.0,0.0,0.0,0.0,False,"(1, 2)",onion,"(6, 2)",,,"(3, 0):empty;(4, 0):empty"
5,0,"(0, -1)","(1, 2)","(0, -1)",onion,"(6, 2)","(0, 1)",,,"(3, 0):empty;(4, 0):empty",0.0,0.0,0,"(0, -1)",0.0,0.0,0.0,0.0,0.0,0.0,False,"(1, 1)",onion,"(6, 1)",,,"(3, 0):empty;(4, 0):empty"
6,2,"(1, 0)","(1, 1)","(0, -1)",onion,"(6, 1)","(0, -1)",,,"(3, 0):empty;(4, 0):empty",0.0,0.0,0,"(0, -1)",0.0,0.0,0.0,0.0,0.0,0.0,False,"(2, 1)",onion,"(6, 1)",,,"(3, 0):empty;(4, 0):empty"
7,2,"(1, 0)","(2, 1)","(1, 0)",onion,"(6, 1)","(0, -1)",,,"(3, 0):empty;(4, 0):empty",0.0,0.0,0,"(0, -1)",0.0,0.0,0.0,0.0,0.0,0.0,False,"(3, 1)",onion,"(6, 1)",,,"(3, 0):empty;(4, 0):empty"
8,0,"(0, -1)","(3, 1)","(1, 0)",onion,"(6, 1)","(0, -1)",,,"(3, 0):empty;(4, 0):empty",0.0,0.0,0,"(0, -1)",0.0,0.0,0.0,0.0,0.0,0.0,False,"(3, 1)",onion,"(6, 1)",,,"(3, 0):empty;(4, 0):empty"
9,5,interact,"(3, 1)","(0, -1)",onion,"(6, 1)","(0, -1)",,,"(3, 0):empty;(4, 0):empty",0.0,0.0,5,interact,3.0,0.0,3.0,0.0,0.0,3.0,False,"(3, 1)",,"(6, 1)",,"(3, 0):soup('onion', 1, 0)","(3, 0):soup('onion', 1, 0);(4, 0):empty"
10,3,"(-1, 0)","(3, 1)","(0, -1)",,"(6, 1)","(0, -1)",,"(3, 0):soup('onion', 1, 0)","(3, 0):soup('onion', 1, 0);(4, 0):empty",0.0,3.0,0,"(0, -1)",0.0,0.0,0.0,0.0,0.0,3.0,False,"(2, 1)",,"(6, 1)",,"(3, 0):soup('onion', 1, 0)","(3, 0):soup('onion', 1, 0);(4, 0):empty"
11,3,"(-1, 0)","(2, 1)","(-1, 0)",,"(6, 1)","(0, -1)",,"(3, 0):soup('onion', 1, 0)","(3, 0):soup('onion', 1, 0);(4, 0):empty",0.0,3.0,2,"(1, 0)",0.0,0.0,0.0,0.0,0.0,3.0,False,"(1, 1)",,"(6, 1)",,"(3, 0):soup('onion', 1, 0)","(3, 0):soup('onion', 1, 0);(4, 0):empty"
12,3,"(-1, 0)","(1, 1)","(-1, 0)",,"(6, 1)","(1, 0)",,"(3, 0):soup('onion', 1, 0)","(3, 0):soup('onion', 1, 0);(4, 0):empty",0.0,3.0,0,"(0, -1)",0.0,0.0,0.0,0.0,0.0,3.0,False,"(1, 1)",,"(6, 1)",,"(3, 0):soup('onion', 1, 0)","(3, 0):soup('onion', 1, 0);(4, 0):empty"
13,1,"(0, 1)","(1, 1)","(-1, 0)",,"(6, 1)","(0, -1)",,"(3, 0):soup('onion', 1, 0)","(3, 0):soup('onion', 1, 0);(4, 0):empty",0.0,3.0,2,"(1, 0)",0.0,0.0,0.0,0.0,0.0,3.0,False,"(1, 2)",,"(6, 1)",,"(3, 0):soup('onion', 1, 0)","(3, 0):soup('onion', 1, 0);(4, 0):empty"
14,2,"(1, 0)","(1, 2)","(0, 1)",,"(6, 1)","(1, 0)",,"(3, 0):soup('onion', 1, 0)","(3, 0):soup('onion', 1, 0);(4, 0):empty",0.0,3.0,5,interact,0.0,0.0,0.0,0.0,0.0,3.0,False,"(1, 2)",,"(6, 1)",,"(3, 0):soup('onion', 1, 0)","(3, 0):soup('onion', 1, 0);(4, 0):empty"
15,2,"(1, 0)","(1, 2)","(1, 0)",,"(6, 1)","(1, 0)",,"(3, 0):soup('onion', 1, 0)","(3, 0):soup('onion', 1, 0);(4, 0):empty",0.0,3.0,0,"(0, -1)",0.0,0.0,0.0,0.0,0.0,3.0,False,"(1, 2)",,"(6, 1)",,"(3, 0):soup('onion', 1, 0)","(3, 0):soup('onion', 1, 0);(4, 0):empty"
16,3,"(-1, 0)","(1, 2)","(1, 0)",,"(6, 1)","(0, -1)",,"(3, 0):soup('onion', 1, 0)","(3, 0):soup('onion', 1, 0);(4, 0):empty",0.0,3.0,0,"(0, -1)",0.0,0.0,0.0,0.0,0.0,3.0,False,"(1, 2)",,"(6, 1)",,"(3, 0):soup('onion', 1, 0)","(3, 0):soup('onion', 1, 0);(4, 0):empty"
17,5,interact,"(1, 2)","(-1, 0)",,"(6, 1)","(0, -1)",,"(3, 0):soup('onion', 1, 0)","(3, 0):soup('onion', 1, 0);(4, 0):empty",0.0,3.0,2,"(1, 0)",3.0,0.0,3.0,0.0,0.0,6.0,False,"(1, 2)",dish,"(6, 1)",,"(3, 0):soup('onion', 1, 0)","(3, 0):soup('onion', 1, 0);(4, 0):empty"
18,1,"(0, 1)","(1, 2)","(-1, 0)",dish,"(6, 1)","(1, 0)",,"(3, 0):soup('onion', 1, 0)","(3, 0):soup('onion', 1, 0);(4, 0):empty",0.0,6.0,0,"(0, -1)",0.0,0.0,0.0,0.0,0.0,6.0,False,"(1, 3)",dish,"(6, 1)",,"(3, 0):soup('onion', 1, 0)","(3, 0):soup('onion', 1, 0);(4, 0):empty"
19,5,interact,"(1, 3)","(0, 1)",dish,"(6, 1)","(0, -1)",,"(3, 0):soup('onion', 1, 0)","(3, 0):soup('onion', 1, 0);(4, 0):empty",0.0,6.0,3,"(-1, 0)",0.0,0.0,0.0,0.0,0.0,6.0,False,"(1, 3)",,"(5, 1)",,"(1, 4):dish;(3, 0):soup('onion', 1, 0)","(3, 0):soup('onion', 1, 0);(4, 0):empty"
20,2,"(1, 0)","(1, 3)","(0, 1)",,"(5, 1)","(-1, 0)",,"(1, 4):dish;(3, 0):soup('onion', 1, 0)","(3, 0):soup('onion', 1, 0);(4, 0):empty",0.0,6.0,2,"(1, 0)",0.0,0.0,0.0,0.0,0.0,6.0,False,"(2, 3)",,"(6, 1)",,"(1, 4):dish;(3, 0):soup('onion', 1, 0)","(3, 0):soup('onion', 1, 0);(4, 0):empty"
21,2,"(1, 0)","(2, 3)","(1, 0)",,"(6, 1)","(1, 0)",,"(1, 4):dish;(3, 0):soup('onion', 1, 0)","(3, 0):soup('onion', 1, 0);(4, 0):empty",0.0,6.0,5,interact,0.0,0.0,0.0,0.0,0.0,6.0,False,"(3, 3)",,"(6, 1)",,"(1, 4):dish;(3, 0):soup('onion', 1, 0)","(3, 0):soup('onion', 1, 0);(4, 0):empty"
22,1,"(0, 1)","(3, 3)","(1, 0)",,"(6, 1)","(1, 0)",,"(1, 4):dish;(3, 0):soup('onion', 1, 0)","(3, 0):soup('onion', 1, 0);(4, 0):empty",0.0,6.0,5,interact,0.0,0.0,0.0,0.0,0.0,6.0,False,"(3, 3)",,"(6, 1)",,"(1, 4):dish;(3, 0):soup('onion', 1, 0)","(3, 0):soup('onion', 1, 0);(4, 0):empty"
23,5,interact,"(3, 3)","(0, 1)",,"(6, 1)","(1, 0)",,"(1, 4):dish;(3, 0):soup('onion', 1, 0)","(3, 0):soup('onion', 1, 0);(4, 0):empty",0.0,6.0,5,interact,0.0,0.0,0.0,0.0,0.0,6.0,False,"(3, 3)",onion,"(6, 1)",,"(1, 4):dish;(3, 0):soup('onion', 1, 0)","(3, 0):soup('onion', 1, 0);(4, 0):empty"
24,3,"(-1, 0)","(3, 3)","(0, 1)",onion,"(6, 1)","(1, 0)",,"(1, 4):dish;(3, 0):soup('onion', 1, 0)","(3, 0):soup('onion', 1, 0);(4, 0):empty",0.0,6.0,5,interact,0.0,0.0,0.0,0.0,0.0,6.0,False,"(2, 3)",onion,"(6, 1)",,"(1, 4):dish;(3, 0):soup('onion', 1, 0)","(3, 0):soup('onion', 1, 0);(4, 0):empty"
25,3,"(-1, 0)","(2, 3)","(-1, 0)",onion,"(6, 1)","(1, 0)",,"(1, 4):dish;(3, 0):soup('onion', 1, 0)","(3, 0):soup('onion', 1, 0);(4, 0):empty",0.0,6.0,5,interact,0.0,0.0,0.0,0.0,0.0,6.0,False,"(1, 3)",onion,"(6, 1)",,"(1, 4):dish;(3, 0):soup('onion', 1, 0)","(3, 0):soup('onion', 1, 0);(4, 0):empty"
26,0,"(0, -1)","(1, 3)","(-1, 0)",onion,"(6, 1)","(1, 0)",,"(1, 4):dish;(3, 0):soup('onion', 1, 0)","(3, 0):soup('onion', 1, 0);(4, 0):empty",0.0,6.0,1,"(0, 1)",0.0,0.0,0.0,0.0,0.0,6.0,False,"(1, 2)",onion,"(6, 2)",,"(1, 4):dish;(3, 0):soup('onion', 1, 0)","(3, 0):soup('onion', 1, 0);(4, 0):empty"
27,3,"(-1, 0)","(1, 2)","(0, -1)",onion,"(6, 2)","(0, 1)",,"(1, 4):dish;(3, 0):soup('onion', 1, 0)","(3, 0):soup('onion', 1, 0);(4, 0):empty",0.0,6.0,0,"(0, -1)",0.0,0.0,0.0,0.0,0.0,6.0,False,"(1, 2)",onion,"(6, 1)",,"(1, 4):dish;(3, 0):soup('onion', 1, 0)","(3, 0):soup('onion', 1, 0);(4, 0):empty"
28,0,"(0, -1)","(1, 2)","(-1, 0)",onion,"(6, 1)","(0, -1)",,"(1, 4):dish;(3, 0):soup('onion', 1, 0)","(3, 0):soup('onion', 1, 0);(4, 0):empty",0.0,6.0,5,interact,0.0,0.0,0.0,0.0,0.0,6.0,False,"(1, 1)",onion,"(6, 1)",,"(1, 4):dish;(3, 0):soup('onion', 1, 0)","(3, 0):soup('onion', 1, 0);(4, 0):empty"
29,2,"(1, 0)","(1, 1)","(0, -1)",onion,"(6, 1)","(0, -1)",,"(1, 4):dish;(3, 0):soup('onion', 1, 0)","(3, 0):soup('onion', 1, 0);(4, 0):empty",0.0,6.0,0,"(0, -1)",0.0,0.0,0.0,0.0,0.0,6.0,False,"(2, 1)",onion,"(6, 1)",,"(1, 4):dish;(3, 0):soup('onion', 1, 0)","(3, 0):soup('onion', 1, 0);(4, 0):empty"
30,2,"(1, 0)","(2, 1)","(1, 0)",onion,"(6, 1)","(0, -1)",,"(1, 4):dish;(3, 0):soup('onion', 1, 0)","(3, 0):soup('onion', 1, 0);(4, 0):empty",0.0,6.0,0,"(0, -1)",0.0,0.0,0.0,0.0,0.0,6.0,False,"(3, 1)",onion,"(6, 1)",,"(1, 4):dish;(3, 0):soup('onion', 1, 0)","(3, 0):soup('onion', 1, 0);(4, 0):empty"
31,0,"(0, -1)","(3, 1)","(1, 0)",onion,"(6, 1)","(0, -1)",,"(1, 4):dish;(3, 0):soup('onion', 1, 0)","(3, 0):soup('onion', 1, 0);(4, 0):empty",0.0,6.0,0,"(0, -1)",0.0,0.0,0.0,0.0,0.0,6.0,False,"(3, 1)",onion,"(6, 1)",,"(1, 4):dish;(3, 0):soup('onion', 1, 0)","(3, 0):soup('onion', 1, 0);(4, 0):empty"
32,5,interact,"(3, 1)","(0, -1)",onion,"(6, 1)","(0, -1)",,"(1, 4):dish;(3, 0):soup('onion', 1, 0)","(3, 0):soup('onion', 1, 0);(4, 0):empty",0.0,6.0,0,"(0, -1)",3.0,0.0,3.0,0.0,0.0,9.0,False,"(3, 1)",,"(6, 1)",,"(1, 4):dish;(3, 0):soup('onion', 2, 0)","(3, 0):soup('onion', 2, 0);(4, 0):empty"
33,3,"(-1, 0)","(3, 1)","(0, -1)",,"(6, 1)","(0, -1)",,"(1, 4):dish;(3, 0):soup('onion', 2, 0)","(3, 0):soup('onion', 2, 0);(4, 0):empty",0.0,9.0,0,"(0, -1)",0.0,0.0,0.0,0.0,0.0,9.0,False,"(2, 1)",,"(6, 1)",,"(1, 4):dish;(3, 0):soup('onion', 2, 0)","(3, 0):soup('onion', 2, 0);(4, 0):empty"
34,3,"(-1, 0)","(2, 1)","(-1, 0)",,"(6, 1)","(0, -1)",,"(1, 4):dish;(3, 0):soup('onion', 2, 0)","(3, 0):soup('onion', 2, 0);(4, 0):empty",0.0,9.0,2,"(1, 0)",0.0,0.0,0.0,0.0,0.0,9.0,False,"(1, 1)",,"(6, 1)",,"(1, 4):dish;(3, 0):soup('onion', 2, 0)","(3, 0):soup('onion', 2, 0);(4, 0):empty"
35,3,"(-1, 0)","(1, 1)","(-1, 0)",,"(6, 1)","(1, 0)",,"(1, 4):dish;(3, 0):soup('onion', 2, 0)","(3, 0):soup('onion', 2, 0);(4, 0):empty",0.0,9.0,0,"(0, -1)",0.0,0.0,0.0,0.0,0.0,9.0,False,"(1, 1)",,"(6, 1)",,"(1, 4):dish;(3, 0):soup('onion', 2, 0)","(3, 0):soup('onion', 2, 0);(4, 0):empty"
36,1,"(0, 1)","(1, 1)","(-1, 0)",,"(6, 1)","(0, -1)",,"(1, 4):dish;(3, 0):soup('onion', 2, 0)","(3, 0):soup('onion', 2, 0);(4, 0):empty",0.0,9.0,2,"(1, 0)",0.0,0.0,0.0,0.0,0.0,9.0,False,"(1, 2)",,"(6, 1)",,"(1, 4):dish;(3, 0):soup('onion', 2, 0)","(3, 0):soup('onion', 2, 0);(4, 0):empty"
37,2,"(1, 0)","(1, 2)","(0, 1)",,"(6, 1)","(1, 0)",,"(1, 4):dish;(3, 0):soup('onion', 2, 0)","(3, 0):soup('onion', 2, 0);(4, 0):empty",0.0,9.0,5,interact,0.0,0.0,0.0,0.0,0.0,9.0,False,"(1, 2)",,"(6, 1)",,"(1, 4):dish;(3, 0):soup('onion', 2, 0)","(3, 0):soup('onion', 2, 0);(4, 0):empty"
38,2,"(1, 0)","(1, 2)","(1, 0)",,"(6, 1)","(1, 0)",,"(1, 4):dish;(3, 0):soup('onion', 2, 0)","(3, 0):soup('onion', 2, 0);(4, 0):empty",0.0,9.0,0,"(0, -1)",0.0,0.0,0.0,0.0,0.0,9.0,False,"(1, 2)",,"(6, 1)",,"(1, 4):dish;(3, 0):soup('onion', 2, 0)","(3, 0):soup('onion', 2, 0);(4, 0):empty"
39,3,"(-1, 0)","(1, 2)","(1, 0)",,"(6, 1)","(0, -1)",,"(1, 4):dish;(3, 0):soup('onion', 2, 0)","(3, 0):soup('onion', 2, 0);(4, 0):empty",0.0,9.0,0,"(0, -1)",0.0,0.0,0.0,0.0,0.0,9.0,False,"(1, 2)",,"(6, 1)",,"(1, 4):dish;(3, 0):soup('onion', 2, 0)","(3, 0):soup('onion', 2, 0);(4, 0):empty"
40,5,interact,"(1, 2)","(-1, 0)",,"(6, 1)","(0, -1)",,"(1, 4):dish;(3, 0):soup('onion', 2, 0)","(3, 0):soup('onion', 2, 0);(4, 0):empty",0.0,9.0,2,"(1, 0)",0.0,0.0,0.0,0.0,0.0,9.0,False,"(1, 2)",dish,"(6, 1)",,"(1, 4):dish;(3, 0):soup('onion', 2, 0)","(3, 0):soup('onion', 2, 0);(4, 0):empty"
41,1,"(0, 1)","(1, 2)","(-1, 0)",dish,"(6, 1)","(1, 0)",,"(1, 4):dish;(3, 0):soup('onion', 2, 0)","(3, 0):soup('onion', 2, 0);(4, 0):empty",0.0,9.0,0,"(0, -1)",0.0,0.0,0.0,0.0,0.0,9.0,False,"(1, 3)",dish,"(6, 1)",,"(1, 4):dish;(3, 0):soup('onion', 2, 0)","(3, 0):soup('onion', 2, 0);(4, 0):empty"
42,5,interact,"(1, 3)","(0, 1)",dish,"(6, 1)","(0, -1)",,"(1, 4):dish;(3, 0):soup('onion', 2, 0)","(3, 0):soup('onion', 2, 0);(4, 0):empty",0.0,9.0,3,"(-1, 0)",0.0,0.0,0.0,0.0,0.0,9.0,False,"(1, 3)",dish,"(5, 1)",,"(1, 4):dish;(3, 0):soup('onion', 2, 0)","(3, 0):soup('onion', 2, 0);(4, 0):empty"
43,3,"(-1, 0)","(1, 3)","(0, 1)",dish,"(5, 1)","(-1, 0)",,"(1, 4):dish;(3, 0):soup('onion', 2, 0)","(3, 0):soup('onion', 2, 0);(4, 0):empty",0.0,9.0,3,"(-1, 0)",0.0,0.0,0.0,0.0,0.0,9.0,False,"(1, 3)",dish,"(4, 1)",,"(1, 4):dish;(3, 0):soup('onion', 2, 0)","(3, 0):soup('onion', 2, 0);(4, 0):empty"
44,5,interact,"(1, 3)","(-1, 0)",dish,"(4, 1)","(-1, 0)",,"(1, 4):dish;(3, 0):soup('onion', 2, 0)","(3, 0):soup('onion', 2, 0);(4, 0):empty",0.0,9.0,2,"(1, 0)",0.0,0.0,0.0,0.0,0.0,9.0,False,"(1, 3)",,"(5, 1)",,"(0, 3):dish;(1, 4):dish;(3, 0):soup('onion', 2, 0)","(3, 0):soup('onion', 2, 0);(4, 0):empty"
45,2,"(1, 0)","(1, 3)","(-1, 0)",,"(5, 1)","(1, 0)",,"(0, 3):dish;(1, 4):dish;(3, 0):soup('onion', 2, 0)","(3, 0):soup('onion', 2, 0);(4, 0):empty",0.0,9.0,2,"(1, 0)",0.0,0.0,0.0,0.0,0.0,9.0,False,"(2, 3)",,"(6, 1)",,"(0, 3):dish;(1, 4):dish;(3, 0):soup('onion', 2, 0)","(3, 0):soup('onion', 2, 0);(4, 0):empty"
46,2,"(1, 0)","(2, 3)","(1, 0)",,"(6, 1)","(1, 0)",,"(0, 3):dish;(1, 4):dish;(3, 0):soup('onion', 2, 0)","(3, 0):soup('onion', 2, 0);(4, 0):empty",0.0,9.0,5,interact,0.0,0.0,0.0,0.0,0.0,9.0,False,"(3, 3)",,"(6, 1)",,"(0, 3):dish;(1, 4):dish;(3, 0):soup('onion', 2, 0)","(3, 0):soup('onion', 2, 0);(4, 0):empty"
47,1,"(0, 1)","(3, 3)","(1, 0)",,"(6, 1)","(1, 0)",,"(0, 3):dish;(1, 4):dish;(3, 0):soup('onion', 2, 0)","(3, 0):soup('onion', 2, 0);(4, 0):empty",0.0,9.0,5,interact,0.0,0.0,0.0,0.0,0.0,9.0,False,"(3, 3)",,"(6, 1)",,"(0, 3):dish;(1, 4):dish;(3, 0):soup('onion', 2, 0)","(3, 0):soup('onion', 2, 0);(4, 0):empty"
48,5,interact,"(3, 3)","(0, 1)",,"(6, 1)","(1, 0)",,"(0, 3):dish;(1, 4):dish;(3, 0):soup('onion', 2, 0)","(3, 0):soup('onion', 2, 0);(4, 0):empty",0.0,9.0,5,interact,0.0,0.0,0.0,0.0,0.0,9.0,False,"(3, 3)",onion,"(6, 1)",,"(0, 3):dish;(1, 4):dish;(3, 0):soup('onion', 2, 0)","(3, 0):soup('onion', 2, 0);(4, 0):empty"
49,3,"(-1, 0)","(3, 3)","(0, 1)",onion,"(6, 1)","(1, 0)",,"(0, 3):dish;(1, 4):dish;(3, 0):soup('onion', 2, 0)","(3, 0):soup('onion', 2, 0);(4, 0):empty",0.0,9.0,5,interact,0.0,0.0,0.0,0.0,0.0,9.0,False,"(2, 3)",onion,"(6, 1)",,"(0, 3):dish;(1, 4):dish;(3, 0):soup('onion', 2, 0)","(3, 0):soup('onion', 2, 0);(4, 0):empty"
50,3,"(-1, 0)","(2, 3)","(-1, 0)",onion,"(6, 1)","(1, 0)",,"(0, 3):dish;(1, 4):dish;(3, 0):soup('onion', 2, 0)","(3, 0):soup('onion', 2, 0);(4, 0):empty",0.0,9.0,5,interact,0.0,0.0,0.0,0.0,0.0,9.0,False,"(1, 3)",onion,"(6, 1)",,"(0, 3):dish;(1, 4):dish;(3, 0):soup('onion', 2, 0)","(3, 0):soup('onion', 2, 0);(4, 0):empty"
51,0,"(0, -1)","(1, 3)","(-1, 0)",onion,"(6, 1)","(1, 0)",,"(0, 3):dish;(1, 4):dish;(3, 0):soup('onion', 2, 0)","(3, 0):soup('onion', 2, 0);(4, 0):empty",0.0,9.0,1,"(0, 1)",0.0,0.0,0.0,0.0,0.0,9.0,False,"(1, 2)",onion,"(6, 2)",,"(0, 3):dish;(1, 4):dish;(3, 0):soup('onion', 2, 0)","(3, 0):soup('onion', 2, 0);(4, 0):empty"
52,3,"(-1, 0)","(1, 2)","(0, -1)",onion,"(6, 2)","(0, 1)",,"(0, 3):dish;(1, 4):dish;(3, 0):soup('onion', 2, 0)","(3, 0):soup('onion', 2, 0);(4, 0):empty",0.0,9.0,0,"(0, -1)",0.0,0.0,0.0,0.0,0.0,9.0,False,"(1, 2)",onion,"(6, 1)",,"(0, 3):dish;(1, 4):dish;(3, 0):soup('onion', 2, 0)","(3, 0):soup('onion', 2, 0);(4, 0):empty"
53,0,"(0, -1)","(1, 2)","(-1, 0)",onion,"(6, 1)","(0, -1)",,"(0, 3):dish;(1, 4):dish;(3, 0):soup('onion', 2, 0)","(3, 0):soup('onion', 2, 0);(4, 0):empty",0.0,9.0,5,interact,0.0,0.0,0.0,0.0,0.0,9.0,False,"(1, 1)",onion,"(6, 1)",,"(0, 3):dish;(1, 4):dish;(3, 0):soup('onion', 2, 0)","(3, 0):soup('onion', 2, 0);(4, 0):empty"
54,2,"(1, 0)","(1, 1)","(0, -1)",onion,"(6, 1)","(0, -1)",,"(0, 3):dish;(1, 4):dish;(3, 0):soup('onion', 2, 0)","(3, 0):soup('onion', 2, 0);(4, 0):empty",0.0,9.0,0,"(0, -1)",0.0,0.0,0.0,0.0,0.0,9.0,False,"(2, 1)",onion,"(6, 1)",,"(0, 3):dish;(1, 4):dish;(3, 0):soup('onion', 2, 0)","(3, 0):soup('onion', 2, 0);(4, 0):empty"
55,2,"(1, 0)","(2, 1)","(1, 0)",onion,"(6, 1)","(0, -1)",,"(0, 3):dish;(1, 4):dish;(3, 0):soup('onion', 2, 0)","(3, 0):soup('onion', 2, 0);(4, 0):empty",0.0,9.0,0,"(0, -1)",0.0,0.0,0.0,0.0,0.0,9.0,False,"(3, 1)",onion,"(6, 1)",,"(0, 3):dish;(1, 4):dish;(3, 0):soup('onion', 2, 0)","(3, 0):soup('onion', 2, 0);(4, 0):empty"
56,0,"(0, -1)","(3, 1)","(1, 0)",onion,"(6, 1)","(0, -1)",,"(0, 3):dish;(1, 4):dish;(3, 0):soup('onion', 2, 0)","(3, 0):soup('onion', 2, 0);(4, 0):empty",0.0,9.0,0,"(0, -1)",0.0,0.0,0.0,0.0,0.0,9.0,False,"(3, 1)",onion,"(6, 1)",,"(0, 3):dish;(1, 4):dish;(3, 0):soup('onion', 2, 0)","(3, 0):soup('onion', 2, 0);(4, 0):empty"
57,5,interact,"(3, 1)","(0, -1)",onion,"(6, 1)","(0, -1)",,"(0, 3):dish;(1, 4):dish;(3, 0):soup('onion', 2, 0)","(3, 0):soup('onion', 2, 0);(4, 0):empty",0.0,9.0,0,"(0, -1)",3.0,0.0,3.0,0.0,0.0,12.0,False,"(3, 1)",,"(6, 1)",,"(0, 3):dish;(1, 4):dish;(3, 0):soup('onion', 3, 1)","(3, 0):soup('onion', 3, 1);(4, 0):empty"
58,3,"(-1, 0)","(3, 1)","(0, -1)",,"(6, 1)","(0, -1)",,"(0, 3):dish;(1, 4):dish;(3, 0):soup('onion', 3, 1)","(3, 0):soup('onion', 3, 1);(4, 0):empty",0.0,12.0,2,"(1, 0)",0.0,0.0,0.0,0.0,0.0,12.0,False,"(2, 1)",,"(6, 1)",,"(0, 3):dish;(1, 4):dish;(3, 0):soup('onion', 3, 2)","(3, 0):soup('onion', 3, 2);(4, 0):empty"
59,3,"(-1, 0)","(2, 1)","(-1, 0)",,"(6, 1)","(1, 0)",,"(0, 3):dish;(1, 4):dish;(3, 0):soup('onion', 3, 2)","(3, 0):soup('onion', 3, 2);(4, 0):empty",0.0,12.0,2,"(1, 0)",0.0,0.0,0.0,0.0,0.0,12.0,False,"(1, 1)",,"(6, 1)",,"(0, 3):dish;(1, 4):dish;(3, 0):soup('onion', 3, 3)","(3, 0):soup('onion', 3, 3);(4, 0):empty"
60,1,"(0, 1)","(1, 1)","(-1, 0)",,"(6, 1)","(1, 0)",,"(0, 3):dish;(1, 4):dish;(3, 0):soup('onion', 3, 3)","(3, 0):soup('onion', 3, 3);(4, 0):empty",0.0,12.0,2,"(1, 0)",0.0,0.0,0.0,0.0,0.0,12.0,False,"(1, 2)",,"(6, 1)",,"(0, 3):dish;(1, 4):dish;(3, 0):soup('onion', 3, 4)","(3, 0):soup('onion', 3, 4);(4, 0):empty"
61,1,"(0, 1)","(1, 2)","(0, 1)",,"(6, 1)","(1, 0)",,"(0, 3):dish;(1, 4):dish;(3, 0):soup('onion', 3, 4)","(3, 0):soup('onion', 3, 4);(4, 0):empty",0.0,12.0,2,"(1, 0)",0.0,0.0,0.0,0.0,0.0,12.0,False,"(1, 3)",,"(6, 1)",,"(0, 3):dish;(1, 4):dish;(3, 0):soup('onion', 3, 5)","(3, 0):soup('onion', 3, 5);(4, 0):empty"
62,2,"(1, 0)","(1, 3)","(0, 1)",,"(6, 1)","(1, 0)",,"(0, 3):dish;(1, 4):dish;(3, 0):soup('onion', 3, 5)","(3, 0):soup('onion', 3, 5);(4, 0):empty",0.0,12.0,3,"(-1, 0)",0.0,0.0,0.0,0.0,0.0,12.0,False,"(2, 3)",,"(5, 1)",,"(0, 3):dish;(1, 4):dish;(3, 0):soup('onion', 3, 6)","(3, 0):soup('onion', 3, 6);(4, 0):empty"
63,2,"(1, 0)","(2, 3)","(1, 0)",,"(5, 1)","(-1, 0)",,"(0, 3):dish;(1, 4):dish;(3, 0):soup('onion', 3, 6)","(3, 0):soup('onion', 3, 6);(4, 0):empty",0.0,12.0,2,"(1, 0)",0.0,0.0,0.0,0.0,0.0,12.0,False,"(3, 3)",,"(6, 1)",,"(0, 3):dish;(1, 4):dish;(3, 0):soup('onion', 3, 7)","(3, 0):soup('onion', 3, 7);(4, 0):empty"
64,1,"(0, 1)","(3, 3)","(1, 0)",,"(6, 1)","(1, 0)",,"(0, 3):dish;(1, 4):dish;(3, 0):soup('onion', 3, 7)","(3, 0):soup('onion', 3, 7);(4, 0):empty",0.0,12.0,2,"(1, 0)",0.0,0.0,0.0,0.0,0.0,12.0,False,"(3, 3)",,"(6, 1)",,"(0, 3):dish;(1, 4):dish;(3, 0):soup('onion', 3, 8)","(3, 0):soup('onion', 3, 8);(4, 0):empty"
65,5,interact,"(3, 3)","(0, 1)",,"(6, 1)","(1, 0)",,"(0, 3):dish;(1, 4):dish;(3, 0):soup('onion', 3, 8)","(3, 0):soup('onion', 3, 8);(4, 0):empty",0.0,12.0,2,"(1, 0)",0.0,0.0,0.0,0.0,0.0,12.0,False,"(3, 3)",onion,"(6, 1)",,"(0, 3):dish;(1, 4):dish;(3, 0):soup('onion', 3, 9)","(3, 0):soup('onion', 3, 9);(4, 0):empty"
66,3,"(-1, 0)","(3, 3)","(0, 1)",onion,"(6, 1)","(1, 0)",,"(0, 3):dish;(1, 4):dish;(3, 0):soup('onion', 3, 9)","(3, 0):soup('onion', 3, 9);(4, 0):empty",0.0,12.0,2,"(1, 0)",0.0,0.0,0.0,0.0,0.0,12.0,False,"(2, 3)",onion,"(6, 1)",,"(0, 3):dish;(1, 4):dish;(3, 0):soup('onion', 3, 10)","(3, 0):soup('onion', 3, 10);(4, 0):empty"
67,3,"(-1, 0)","(2, 3)","(-1, 0)",onion,"(6, 1)","(1, 0)",,"(0, 3):dish;(1, 4):dish;(3, 0):soup('onion', 3, 10)","(3, 0):soup('onion', 3, 10);(4, 0):empty",0.0,12.0,2,"(1, 0)",0.0,0.0,0.0,0.0,0.0,12.0,False,"(1, 3)",onion,"(6, 1)",,"(0, 3):dish;(1, 4):dish;(3, 0):soup('onion', 3, 11)","(3, 0):soup('onion', 3, 11);(4, 0):empty"
68,0,"(0, -1)","(1, 3)","(-1, 0)",onion,"(6, 1)","(1, 0)",,"(0, 3):dish;(1, 4):dish;(3, 0):soup('onion', 3, 11)","(3, 0):soup('onion', 3, 11);(4, 0):empty",0.0,12.0,3,"(-1, 0)",0.0,0.0,0.0,0.0,0.0,12.0,False,"(1, 2)",onion,"(5, 1)",,"(0, 3):dish;(1, 4):dish;(3, 0):soup('onion', 3, 12)","(3, 0):soup('onion', 3, 12);(4, 0):empty"
69,3,"(-1, 0)","(1, 2)","(0, -1)",onion,"(5, 1)","(-1, 0)",,"(0, 3):dish;(1, 4):dish;(3, 0):soup('onion', 3, 12)","(3, 0):soup('onion', 3, 12);(4, 0):empty",0.0,12.0,2,"(1, 0)",0.0,0.0,0.0,0.0,0.0,12.0,False,"(1, 2)",onion,"(6, 1)",,"(0, 3):dish;(1, 4):dish;(3, 0):soup('onion', 3, 13)","(3, 0):soup('onion', 3, 13);(4, 0):empty"
70,0,"(0, -1)","(1, 2)","(-1, 0)",onion,"(6, 1)","(1, 0)",,"(0, 3):dish;(1, 4):dish;(3, 0):soup('onion', 3, 13)","(3, 0):soup('onion', 3, 13);(4, 0):empty",0.0,12.0,2,"(1, 0)",0.0,0.0,0.0,0.0,0.0,12.0,False,"(1, 1)",onion,"(6, 1)",,"(0, 3):dish;(1, 4):dish;(3, 0):soup('onion', 3, 14)","(3, 0):soup('onion', 3, 14);(4, 0):empty"
71,2,"(1, 0)","(1, 1)","(0, -1)",onion,"(6, 1)","(1, 0)",,"(0, 3):dish;(1, 4):dish;(3, 0):soup('onion', 3, 14)","(3, 0):soup('onion', 3, 14);(4, 0):empty",0.0,12.0,0,"(0, -1)",0.0,0.0,0.0,0.0,0.0,12.0,False,"(2, 1)",onion,"(6, 1)",,"(0, 3):dish;(1, 4):dish;(3, 0):soup('onion', 3, 15)","(3, 0):soup('onion', 3, 15);(4, 0):empty"
72,3,"(-1, 0)","(2, 1)","(1, 0)",onion,"(6, 1)","(0, -1)",,"(0, 3):dish;(1, 4):dish;(3, 0):soup('onion', 3, 15)","(3, 0):soup('onion', 3, 15);(4, 0):empty",0.0,12.0,0,"(0, -1)",0.0,0.0,0.0,0.0,0.0,12.0,False,"(1, 1)",onion,"(6, 1)",,"(0, 3):dish;(1, 4):dish;(3, 0):soup('onion', 3, 16)","(3, 0):soup('onion', 3, 16);(4, 0):empty"
73,2,"(1, 0)","(1, 1)","(-1, 0)",onion,"(6, 1)","(0, -1)",,"(0, 3):dish;(1, 4):dish;(3, 0):soup('onion', 3, 16)","(3, 0):soup('onion', 3, 16);(4, 0):empty",0.0,12.0,2,"(1, 0)",0.0,0.0,0.0,0.0,0.0,12.0,False,"(2, 1)",onion,"(6, 1)",,"(0, 3):dish;(1, 4):dish;(3, 0):soup('onion', 3, 17)","(3, 0):soup('onion', 3, 17);(4, 0):empty"
74,2,"(1, 0)","(2, 1)","(1, 0)",onion,"(6, 1)","(1, 0)",,"(0, 3):dish;(1, 4):dish;(3, 0):soup('onion', 3, 17)","(3, 0):soup('onion', 3, 17);(4, 0):empty",0.0,12.0,0,"(0, -1)",0.0,0.0,0.0,0.0,0.0,12.0,False,"(3, 1)",onion,"(6, 1)",,"(0, 3):dish;(1, 4):dish;(3, 0):soup('onion', 3, 18)","(3, 0):soup('onion', 3, 18);(4, 0):empty"
75,3,"(-1, 0)","(3, 1)","(1, 0)",onion,"(6, 1)","(0, -1)",,"(0, 3):dish;(1, 4):dish;(3, 0):soup('onion', 3, 18)","(3, 0):soup('onion', 3, 18);(4, 0):empty",0.0,12.0,0,"(0, -1)",0.0,0.0,0.0,0.0,0.0,12.0,False,"(2, 1)",onion,"(6, 1)",,"(0, 3):dish;(1, 4):dish;(3, 0):soup('onion', 3, 19)","(3, 0):soup('onion', 3, 19);(4, 0):empty"
76,3,"(-1, 0)","(2, 1)","(-1, 0)",onion,"(6, 1)","(0, -1)",,"(0, 3):dish;(1, 4):dish;(3, 0):soup('onion', 3, 19)","(3, 0):soup('onion', 3, 19);(4, 0):empty",0.0,12.0,2,"(1, 0)",0.0,0.0,0.0,0.0,0.0,12.0,False,"(1, 1)",onion,"(6, 1)",,"(0, 3):dish;(1, 4):dish;(3, 0):soup('onion', 3, 20)","(3, 0):soup('onion', 3, 20);(4, 0):empty"
77,2,"(1, 0)","(1, 1)","(-1, 0)",onion,"(6, 1)","(1, 0)",,"(0, 3):dish;(1, 4):dish;(3, 0):soup('onion', 3, 20)","(3, 0):soup('onion', 3, 20);(4, 0):empty",0.0,12.0,0,"(0, -1)",0.0,0.0,0.0,0.0,0.0,12.0,False,"(2, 1)",onion,"(6, 1)",,"(0, 3):dish;(1, 4):dish;(3, 0):soup('onion', 3, 20)","(3, 0):soup('onion', 3, 20);(4, 0):empty"
78,2,"(1, 0)","(2, 1)","(1, 0)",onion,"(6, 1)","(0, -1)",,"(0, 3):dish;(1, 4):dish;(3, 0):soup('onion', 3, 20)","(3, 0):soup('onion', 3, 20);(4, 0):empty",0.0,12.0,0,"(0, -1)",0.0,0.0,0.0,0.0,0.0,12.0,False,"(3, 1)",onion,"(6, 1)",,"(0, 3):dish;(1, 4):dish;(3, 0):soup('onion', 3, 20)","(3, 0):soup('onion', 3, 20);(4, 0):empty"
79,2,"(1, 0)","(3, 1)","(1, 0)",onion,"(6, 1)","(0, -1)",,"(0, 3):dish;(1, 4):dish;(3, 0):soup('onion', 3, 20)","(3, 0):soup('onion', 3, 20);(4, 0):empty",0.0,12.0,0,"(0, -1)",0.0,0.0,0.0,0.0,0.0,12.0,False,"(4, 1)",onion,"(6, 1)",,"(0, 3):dish;(1, 4):dish;(3, 0):soup('onion', 3, 20)","(3, 0):soup('onion', 3, 20);(4, 0):empty"
80,0,"(0, -1)","(4, 1)","(1, 0)",onion,"(6, 1)","(0, -1)",,"(0, 3):dish;(1, 4):dish;(3, 0):soup('onion', 3, 20)","(3, 0):soup('onion', 3, 20);(4, 0):empty",0.0,12.0,5,interact,0.0,0.0,0.0,0.0,0.0,12.0,False,"(4, 1)",onion,"(6, 1)",,"(0, 3):dish;(1, 4):dish;(3, 0):soup('onion', 3, 20)","(3, 0):soup('onion', 3, 20);(4, 0):empty"
81,5,interact,"(4, 1)","(0, -1)",onion,"(6, 1)","(0, -1)",,"(0, 3):dish;(1, 4):dish;(3, 0):soup('onion', 3, 20)","(3, 0):soup('onion', 3, 20);(4, 0):empty",0.0,12.0,1,"(0, 1)",3.0,0.0,3.0,0.0,0.0,15.0,False,"(4, 1)",,"(6, 2)",,"(0, 3):dish;(1, 4):dish;(3, 0):soup('onion', 3, 20);(4, 0):soup('onion', 1, 0)","(3, 0):soup('onion', 3, 20);(4, 0):soup('onion', 1, 0)"
82,3,"(-1, 0)","(4, 1)","(0, -1)",,"(6, 2)","(0, 1)",,"(0, 3):dish;(1, 4):dish;(3, 0):soup('onion', 3, 20);(4, 0):soup('onion', 1, 0)","(3, 0):soup('onion', 3, 20);(4, 0):soup('onion', 1, 0)",0.0,15.0,0,"(0, -1)",0.0,0.0,0.0,0.0,0.0,15.0,False,"(3, 1)",,"(6, 1)",,"(0, 3):dish;(1, 4):dish;(3, 0):soup('onion', 3, 20);(4, 0):soup('onion', 1, 0)","(3, 0):soup('onion', 3, 20);(4, 0):soup('onion', 1, 0)"
83,3,"(-1, 0)","(3, 1)","(-1, 0)",,"(6, 1)","(0, -1)",,"(0, 3):dish;(1, 4):dish;(3, 0):soup('onion', 3, 20);(4, 0):soup('onion', 1, 0)","(3, 0):soup('onion', 3, 20);(4, 0):soup('onion', 1, 0)",0.0,15.0,2,"(1, 0)",0.0,0.0,0.0,0.0,0.0,15.0,False,"(2, 1)",,"(6, 1)",,"(0, 3):dish;(1, 4):dish;(3, 0):soup('onion', 3, 20);(4, 0):soup('onion', 1, 0)","(3, 0):soup('onion', 3, 20);(4, 0):soup('onion', 1, 0)"
84,3,"(-1, 0)","(2, 1)","(-1, 0)",,"(6, 1)","(1, 0)",,"(0, 3):dish;(1, 4):dish;(3, 0):soup('onion', 3, 20);(4, 0):soup('onion', 1, 0)","(3, 0):soup('onion', 3, 20);(4, 0):soup('onion', 1, 0)",0.0,15.0,2,"(1, 0)",0.0,0.0,0.0,0.0,0.0,15.0,False,"(1, 1)",,"(6, 1)",,"(0, 3):dish;(1, 4):dish;(3, 0):soup('onion', 3, 20);(4, 0):soup('onion', 1, 0)","(3, 0):soup('onion', 3, 20);(4, 0):soup('onion', 1, 0)"
85,1,"(0, 1)","(1, 1)","(-1, 0)",,"(6, 1)","(1, 0)",,"(0, 3):dish;(1, 4):dish;(3, 0):soup('onion', 3, 20);(4, 0):soup('onion', 1, 0)","(3, 0):soup('onion', 3, 20);(4, 0):soup('onion', 1, 0)",0.0,15.0,0,"(0, -1)",0.0,0.0,0.0,0.0,0.0,15.0,False,"(1, 2)",,"(6, 1)",,"(0, 3):dish;(1, 4):dish;(3, 0):soup('onion', 3, 20);(4, 0):soup('onion', 1, 0)","(3, 0):soup('onion', 3, 20);(4, 0):soup('onion', 1, 0)"
86,1,"(0, 1)","(1, 2)","(0, 1)",,"(6, 1)","(0, -1)",,"(0, 3):dish;(1, 4):dish;(3, 0):soup('onion', 3, 20);(4, 0):soup('onion', 1, 0)","(3, 0):soup('onion', 3, 20);(4, 0):soup('onion', 1, 0)",0.0,15.0,3,"(-1, 0)",0.0,0.0,0.0,0.0,0.0,15.0,False,"(1, 3)",,"(5, 1)",,"(0, 3):dish;(1, 4):dish;(3, 0):soup('onion', 3, 20);(4, 0):soup('onion', 1, 0)","(3, 0):soup('onion', 3, 20);(4, 0):soup('onion', 1, 0)"
87,2,"(1, 0)","(1, 3)","(0, 1)",,"(5, 1)","(-1, 0)",,"(0, 3):dish;(1, 4):dish;(3, 0):soup('onion', 3, 20);(4, 0):soup('onion', 1, 0)","(3, 0):soup('onion', 3, 20);(4, 0):soup('onion', 1, 0)",0.0,15.0,3,"(-1, 0)",0.0,0.0,0.0,0.0,0.0,15.0,False,"(2, 3)",,"(4, 1)",,"(0, 3):dish;(1, 4):dish;(3, 0):soup('onion', 3, 20);(4, 0):soup('onion', 1, 0)","(3, 0):soup('onion', 3, 20);(4, 0):soup('onion', 1, 0)"
88,1,"(0, 1)","(2, 3)","(1, 0)",,"(4, 1)","(-1, 0)",,"(0, 3):dish;(1, 4):dish;(3, 0):soup('onion', 3, 20);(4, 0):soup('onion', 1, 0)","(3, 0):soup('onion', 3, 20);(4, 0):soup('onion', 1, 0)",0.0,15.0,2,"(1, 0)",0.0,0.0,0.0,0.0,0.0,15.0,False,"(2, 3)",,"(5, 1)",,"(0, 3):dish;(1, 4):dish;(3, 0):soup('onion', 3, 20);(4, 0):soup('onion', 1, 0)","(3, 0):soup('onion', 3, 20);(4, 0):soup('onion', 1, 0)"
89,2,"(1, 0)","(2, 3)","(0, 1)",,"(5, 1)","(1, 0)",,"(0, 3):dish;(1, 4):dish;(3, 0):soup('onion', 3, 20);(4, 0):soup('onion', 1, 0)","(3, 0):soup('onion', 3, 20);(4, 0):soup('onion', 1, 0)",0.0,15.0,2,"(1, 0)",0.0,0.0,0.0,0.0,0.0,15.0,False,"(3, 3)",,"(6, 1)",,"(0, 3):dish;(1, 4):dish;(3, 0):soup('onion', 3, 20);(4, 0):soup('onion', 1, 0)","(3, 0):soup('onion', 3, 20);(4, 0):soup('onion', 1, 0)"
90,1,"(0, 1)","(3, 3)","(1, 0)",,"(6, 1)","(1, 0)",,"(0, 3):dish;(1, 4):dish;(3, 0):soup('onion', 3, 20);(4, 0):soup('onion', 1, 0)","(3, 0):soup('onion', 3, 20);(4, 0):soup('onion', 1, 0)",0.0,15.0,1,"(0, 1)",0.0,0.0,0.0,0.0,0.0,15.0,False,"(3, 3)",,"(6, 2)",,"(0, 3):dish;(1, 4):dish;(3, 0):soup('onion', 3, 20);(4, 0):soup('onion', 1, 0)","(3, 0):soup('onion', 3, 20);(4, 0):soup('onion', 1, 0)"
91,5,interact,"(3, 3)","(0, 1)",,"(6, 2)","(0, 1)",,"(0, 3):dish;(1, 4):dish;(3, 0):soup('onion', 3, 20);(4, 0):soup('onion', 1, 0)","(3, 0):soup('onion', 3, 20);(4, 0):soup('onion', 1, 0)",0.0,15.0,3,"(-1, 0)",0.0,0.0,0.0,0.0,0.0,15.0,False,"(3, 3)",onion,"(6, 2)",,"(0, 3):dish;(1, 4):dish;(3, 0):soup('onion', 3, 20);(4, 0):soup('onion', 1, 0)","(3, 0):soup('onion', 3, 20);(4, 0):soup('onion', 1, 0)"
92,3,"(-1, 0)","(3, 3)","(0, 1)",onion,"(6, 2)","(-1, 0)",,"(0, 3):dish;(1, 4):dish;(3, 0):soup('onion', 3, 20);(4, 0):soup('onion', 1, 0)","(3, 0):soup('onion', 3, 20);(4, 0):soup('onion', 1, 0)",0.0,15.0,2,"(1, 0)",0.0,0.0,0.0,0.0,0.0,15.0,False,"(2, 3)",onion,"(6, 2)",,"(0, 3):dish;(1, 4):dish;(3, 0):soup('onion', 3, 20);(4, 0):soup('onion', 1, 0)","(3, 0):soup('onion', 3, 20);(4, 0):soup('onion', 1, 0)"
93,3,"(-1, 0)","(2, 3)","(-1, 0)",onion,"(6, 2)","(1, 0)",,"(0, 3):dish;(1, 4):dish;(3, 0):soup('onion', 3, 20);(4, 0):soup('onion', 1, 0)","(3, 0):soup('onion', 3, 20);(4, 0):soup('onion', 1, 0)",0.0,15.0,1,"(0, 1)",0.0,0.0,0.0,0.0,0.0,15.0,False,"(1, 3)",onion,"(6, 3)",,"(0, 3):dish;(1, 4):dish;(3, 0):soup('onion', 3, 20);(4, 0):soup('onion', 1, 0)","(3, 0):soup('onion', 3, 20);(4, 0):soup('onion', 1, 0)"
94,0,"(0, -1)","(1, 3)","(-1, 0)",onion,"(6, 3)","(0, 1)",,"(0, 3):dish;(1, 4):dish;(3, 0):soup('onion', 3, 20);(4, 0):soup('onion', 1, 0)","(3, 0):soup('onion', 3, 20);(4, 0):soup('onion', 1, 0)",0.0,15.0,0,"(0, -1)",0.0,0.0,0.0,0.0,0.0,15.0,False,"(1, 2)",onion,"(6, 2)",,"(0, 3):dish;(1, 4):dish;(3, 0):soup('onion', 3, 20);(4, 0):soup('onion', 1, 0)","(3, 0):soup('onion', 3, 20);(4, 0):soup('onion', 1, 0)"
95,3,"(-1, 0)","(1, 2)","(0, -1)",onion,"(6, 2)","(0, -1)",,"(0, 3):dish;(1, 4):dish;(3, 0):soup('onion', 3, 20);(4, 0):soup('onion', 1, 0)","(3, 0):soup('onion', 3, 20);(4, 0):soup('onion', 1, 0)",0.0,15.0,1,"(0, 1)",0.0,0.0,0.0,0.0,0.0,15.0,False,"(1, 2)",onion,"(6, 3)",,"(0, 3):dish;(1, 4):dish;(3, 0):soup('onion', 3, 20);(4, 0):soup('onion', 1, 0)","(3, 0):soup('onion', 3, 20);(4, 0):soup('onion', 1, 0)"
96,0,"(0, -1)","(1, 2)","(-1, 0)",onion,"(6, 3)","(0, 1)",,"(0, 3):dish;(1, 4):dish;(3, 0):soup('onion', 3, 20);(4, 0):soup('onion', 1, 0)","(3, 0):soup('onion', 3, 20);(4, 0):soup('onion', 1, 0)",0.0,15.0,0,"(0, -1)",0.0,0.0,0.0,0.0,0.0,15.0,False,"(1, 1)",onion,"(6, 2)",,"(0, 3):dish;(1, 4):dish;(3, 0):soup('onion', 3, 20);(4, 0):soup('onion', 1, 0)","(3, 0):soup('onion', 3, 20);(4, 0):soup('onion', 1, 0)"
97,2,"(1, 0)","(1, 1)","(0, -1)",onion,"(6, 2)","(0, -1)",,"(0, 3):dish;(1, 4):dish;(3, 0):soup('onion', 3, 20);(4, 0):soup('onion', 1, 0)","(3, 0):soup('onion', 3, 20);(4, 0):soup('onion', 1, 0)",0.0,15.0,0,"(0, -1)",0.0,0.0,0.0,0.0,0.0,15.0,False,"(2, 1)",onion,"(6, 1)",,"(0, 3):dish;(1, 4):dish;(3, 0):soup('onion', 3, 20);(4, 0):soup('onion', 1, 0)","(3, 0):soup('onion', 3, 20);(4, 0):soup('onion', 1, 0)"
98,2,"(1, 0)","(2, 1)","(1, 0)",onion,"(6, 1)","(0, -1)",,"(0, 3):dish;(1, 4):dish;(3, 0):soup('onion', 3, 20);(4, 0):soup('onion', 1, 0)","(3, 0):soup('onion', 3, 20);(4, 0):soup('onion', 1, 0)",0.0,15.0,0,"(0, -1)",0.0,0.0,0.0,0.0,0.0,15.0,False,"(3, 1)",onion,"(6, 1)",,"(0, 3):dish;(1, 4):dish;(3, 0):soup('onion', 3, 20);(4, 0):soup('onion', 1, 0)","(3, 0):soup('onion', 3, 20);(4, 0):soup('onion', 1, 0)"
99,2,"(1, 0)","(3, 1)","(1, 0)",onion,"(6, 1)","(0, -1)",,"(0, 3):dish;(1, 4):dish;(3, 0):soup('onion', 3, 20);(4, 0):soup('onion', 1, 0)","(3, 0):soup('onion', 3, 20);(4, 0):soup('onion', 1, 0)",0.0,15.0,5,interact,0.0,0.0,0.0,0.0,0.0,15.0,False,"(4, 1)",onion,"(6, 1)",,"(0, 3):dish;(1, 4):dish;(3, 0):soup('onion', 3, 20);(4, 0):soup('onion', 1, 0)","(3, 0):soup('onion', 3, 20);(4, 0):soup('onion', 1, 0)"
100,0,"(0, -1)","(4, 1)","(1, 0)",onion,"(6, 1)","(0, -1)",,"(0, 3):dish;(1, 4):dish;(3, 0):soup('onion', 3, 20);(4, 0):soup('onion', 1, 0)","(3, 0):soup('onion', 3, 20);(4, 0):soup('onion', 1, 0)",0.0,15.0,1,"(0, 1)",0.0,0.0,0.0,0.0,0.0,15.0,False,"(4, 1)",onion,"(6, 2)",,"(0, 3):dish;(1, 4):dish;(3, 0):soup('onion', 3, 20);(4, 0):soup('onion', 1, 0)","(3, 0):soup('onion', 3, 20);(4, 0):soup('onion', 1, 0)"
101,5,interact,"(4, 1)","(0, -1)",onion,"(6, 2)","(0, 1)",,"(0, 3):dish;(1, 4):dish;(3, 0):soup('onion', 3, 20);(4, 0):soup('onion', 1, 0)","(3, 0):soup('onion', 3, 20);(4, 0):soup('onion', 1, 0)",0.0,15.0,0,"(0, -1)",3.0,0.0,3.0,0.0,0.0,18.0,False,"(4, 1)",,"(6, 1)",,"(0, 3):dish;(1, 4):dish;(3, 0):soup('onion', 3, 20);(4, 0):soup('onion', 2, 0)","(3, 0):soup('onion', 3, 20);(4, 0):soup('onion', 2, 0)"
102,3,"(-1, 0)","(4, 1)","(0, -1)",,"(6, 1)","(0, -1)",,"(0, 3):dish;(1, 4):dish;(3, 0):soup('onion', 3, 20);(4, 0):soup('onion', 2, 0)","(3, 0):soup('onion', 3, 20);(4, 0):soup('onion', 2, 0)",0.0,18.0,1,"(0, 1)",0.0,0.0,0.0,0.0,0.0,18.0,False,"(3, 1)",,"(6, 2)",,"(0, 3):dish;(1, 4):dish;(3, 0):soup('onion', 3, 20);(4, 0):soup('onion', 2, 0)","(3, 0):soup('onion', 3, 20);(4, 0):soup('onion', 2, 0)"
103,3,"(-1, 0)","(3, 1)","(-1, 0)",,"(6, 2)","(0, 1)",,"(0, 3):dish;(1, 4):dish;(3, 0):soup('onion', 3, 20);(4, 0):soup('onion', 2, 0)","(3, 0):soup('onion', 3, 20);(4, 0):soup('onion', 2, 0)",0.0,18.0,0,"(0, -1)",0.0,0.0,0.0,0.0,0.0,18.0,False,"(2, 1)",,"(6, 1)",,"(0, 3):dish;(1, 4):dish;(3, 0):soup('onion', 3, 20);(4, 0):soup('onion', 2, 0)","(3, 0):soup('onion', 3, 20);(4, 0):soup('onion', 2, 0)"
104,3,"(-1, 0)","(2, 1)","(-1, 0)",,"(6, 1)","(0, -1)",,"(0, 3):dish;(1, 4):dish;(3, 0):soup('onion', 3, 20);(4, 0):soup('onion', 2, 0)","(3, 0):soup('onion', 3, 20);(4, 0):soup('onion', 2, 0)",0.0,18.0,2,"(1, 0)",0.0,0.0,0.0,0.0,0.0,18.0,False,"(1, 1)",,"(6, 1)",,"(0, 3):dish;(1, 4):dish;(3, 0):soup('onion', 3, 20);(4, 0):soup('onion', 2, 0)","(3, 0):soup('onion', 3, 20);(4, 0):soup('onion', 2, 0)"
105,1,"(0, 1)","(1, 1)","(-1, 0)",,"(6, 1)","(1, 0)",,"(0, 3):dish;(1, 4):dish;(3, 0):soup('onion', 3, 20);(4, 0):soup('onion', 2, 0)","(3, 0):soup('onion', 3, 20);(4, 0):soup('onion', 2, 0)",0.0,18.0,0,"(0, -1)",0.0,0.0,0.0,0.0,0.0,18.0,False,"(1, 2)",,"(6, 1)",,"(0, 3):dish;(1, 4):dish;(3, 0):soup('onion', 3, 20);(4, 0):soup('onion', 2, 0)","(3, 0):soup('onion', 3, 20);(4, 0):soup('onion', 2, 0)"
106,1,"(0, 1)","(1, 2)","(0, 1)",,"(6, 1)","(0, -1)",,"(0, 3):dish;(1, 4):dish;(3, 0):soup('onion', 3, 20);(4, 0):soup('onion', 2, 0)","(3, 0):soup('onion', 3, 20);(4, 0):soup('onion', 2, 0)",0.0,18.0,3,"(-1, 0)",0.0,0.0,0.0,0.0,0.0,18.0,False,"(1, 3)",,"(5, 1)",,"(0, 3):dish;(1, 4):dish;(3, 0):soup('onion', 3, 20);(4, 0):soup('onion', 2, 0)","(3, 0):soup('onion', 3, 20);(4, 0):soup('onion', 2, 0)"
107,2,"(1, 0)","(1, 3)","(0, 1)",,"(5, 1)","(-1, 0)",,"(0, 3):dish;(1, 4):dish;(3, 0):soup('onion', 3, 20);(4, 0):soup('onion', 2, 0)","(3, 0):soup('onion', 3, 20);(4, 0):soup('onion', 2, 0)",0.0,18.0,3,"(-1, 0)",0.0,0.0,0.0,0.0,0.0,18.0,False,"(2, 3)",,"(4, 1)",,"(0, 3):dish;(1, 4):dish;(3, 0):soup('onion', 3, 20);(4, 0):soup('onion', 2, 0)","(3, 0):soup('onion', 3, 20);(4, 0):soup('onion', 2, 0)"
108,1,"(0, 1)","(2, 3)","(1, 0)",,"(4, 1)","(-1, 0)",,"(0, 3):dish;(1, 4):dish;(3, 0):soup('onion', 3, 20);(4, 0):soup('onion', 2, 0)","(3, 0):soup('onion', 3, 20);(4, 0):soup('onion', 2, 0)",0.0,18.0,2,"(1, 0)",0.0,0.0,0.0,0.0,0.0,18.0,False,"(2, 3)",,"(5, 1)",,"(0, 3):dish;(1, 4):dish;(3, 0):soup('onion', 3, 20);(4, 0):soup('onion', 2, 0)","(3, 0):soup('onion', 3, 20);(4, 0):soup('onion', 2, 0)"
109,2,"(1, 0)","(2, 3)","(0, 1)",,"(5, 1)","(1, 0)",,"(0, 3):dish;(1, 4):dish;(3, 0):soup('onion', 3, 20);(4, 0):soup('onion', 2, 0)","(3, 0):soup('onion', 3, 20);(4, 0):soup('onion', 2, 0)",0.0,18.0,2,"(1, 0)",0.0,0.0,0.0,0.0,0.0,18.0,False,"(3, 3)",,"(6, 1)",,"(0, 3):dish;(1, 4):dish;(3, 0):soup('onion', 3, 20);(4, 0):soup('onion', 2, 0)","(3, 0):soup('onion', 3, 20);(4, 0):soup('onion', 2, 0)"
110,1,"(0, 1)","(3, 3)","(1, 0)",,"(6, 1)","(1, 0)",,"(0, 3):dish;(1, 4):dish;(3, 0):soup('onion', 3, 20);(4, 0):soup('onion', 2, 0)","(3, 0):soup('onion', 3, 20);(4, 0):soup('onion', 2, 0)",0.0,18.0,1,"(0, 1)",0.0,0.0,0.0,0.0,0.0,18.0,False,"(3, 3)",,"(6, 2)",,"(0, 3):dish;(1, 4):dish;(3, 0):soup('onion', 3, 20);(4, 0):soup('onion', 2, 0)","(3, 0):soup('onion', 3, 20);(4, 0):soup('onion', 2, 0)"
111,5,interact,"(3, 3)","(0, 1)",,"(6, 2)","(0, 1)",,"(0, 3):dish;(1, 4):dish;(3, 0):soup('onion', 3, 20);(4, 0):soup('onion', 2, 0)","(3, 0):soup('onion', 3, 20);(4, 0):soup('onion', 2, 0)",0.0,18.0,3,"(-1, 0)",0.0,0.0,0.0,0.0,0.0,18.0,False,"(3, 3)",onion,"(6, 2)",,"(0, 3):dish;(1, 4):dish;(3, 0):soup('onion', 3, 20);(4, 0):soup('onion', 2, 0)","(3, 0):soup('onion', 3, 20);(4, 0):soup('onion', 2, 0)"
112,3,"(-1, 0)","(3, 3)","(0, 1)",onion,"(6, 2)","(-1, 0)",,"(0, 3):dish;(1, 4):dish;(3, 0):soup('onion', 3, 20);(4, 0):soup('onion', 2, 0)","(3, 0):soup('onion', 3, 20);(4, 0):soup('onion', 2, 0)",0.0,18.0,2,"(1, 0)",0.0,0.0,0.0,0.0,0.0,18.0,False,"(2, 3)",onion,"(6, 2)",,"(0, 3):dish;(1, 4):dish;(3, 0):soup('onion', 3, 20);(4, 0):soup('onion', 2, 0)","(3, 0):soup('onion', 3, 20);(4, 0):soup('onion', 2, 0)"
113,3,"(-1, 0)","(2, 3)","(-1, 0)",onion,"(6, 2)","(1, 0)",,"(0, 3):dish;(1, 4):dish;(3, 0):soup('onion', 3, 20);(4, 0):soup('onion', 2, 0)","(3, 0):soup('onion', 3, 20);(4, 0):soup('onion', 2, 0)",0.0,18.0,1,"(0, 1)",0.0,0.0,0.0,0.0,0.0,18.0,False,"(1, 3)",onion,"(6, 3)",,"(0, 3):dish;(1, 4):dish;(3, 0):soup('onion', 3, 20);(4, 0):soup('onion', 2, 0)","(3, 0):soup('onion', 3, 20);(4, 0):soup('onion', 2, 0)"
114,0,"(0, -1)","(1, 3)","(-1, 0)",onion,"(6, 3)","(0, 1)",,"(0, 3):dish;(1, 4):dish;(3, 0):soup('onion', 3, 20);(4, 0):soup('onion', 2, 0)","(3, 0):soup('onion', 3, 20);(4, 0):soup('onion', 2, 0)",0.0,18.0,0,"(0, -1)",0.0,0.0,0.0,0.0,0.0,18.0,False,"(1, 2)",onion,"(6, 2)",,"(0, 3):dish;(1, 4):dish;(3, 0):soup('onion', 3, 20);(4, 0):soup('onion', 2, 0)","(3, 0):soup('onion', 3, 20);(4, 0):soup('onion', 2, 0)"
115,3,"(-1, 0)","(1, 2)","(0, -1)",onion,"(6, 2)","(0, -1)",,"(0, 3):dish;(1, 4):dish;(3, 0):soup('onion', 3, 20);(4, 0):soup('onion', 2, 0)","(3, 0):soup('onion', 3, 20);(4, 0):soup('onion', 2, 0)",0.0,18.0,1,"(0, 1)",0.0,0.0,0.0,0.0,0.0,18.0,False,"(1, 2)",onion,"(6, 3)",,"(0, 3):dish;(1, 4):dish;(3, 0):soup('onion', 3, 20);(4, 0):soup('onion', 2, 0)","(3, 0):soup('onion', 3, 20);(4, 0):soup('onion', 2, 0)"
116,0,"(0, -1)","(1, 2)","(-1, 0)",onion,"(6, 3)","(0, 1)",,"(0, 3):dish;(1, 4):dish;(3, 0):soup('onion', 3, 20);(4, 0):soup('onion', 2, 0)","(3, 0):soup('onion', 3, 20);(4, 0):soup('onion', 2, 0)",0.0,18.0,0,"(0, -1)",0.0,0.0,0.0,0.0,0.0,18.0,False,"(1, 1)",onion,"(6, 2)",,"(0, 3):dish;(1, 4):dish;(3, 0):soup('onion', 3, 20);(4, 0):soup('onion', 2, 0)","(3, 0):soup('onion', 3, 20);(4, 0):soup('onion', 2, 0)"
117,2,"(1, 0)","(1, 1)","(0, -1)",onion,"(6, 2)","(0, -1)",,"(0, 3):dish;(1, 4):dish;(3, 0):soup('onion', 3, 20);(4, 0):soup('onion', 2, 0)","(3, 0):soup('onion', 3, 20);(4, 0):soup('onion', 2, 0)",0.0,18.0,0,"(0, -1)",0.0,0.0,0.0,0.0,0.0,18.0,False,"(2, 1)",onion,"(6, 1)",,"(0, 3):dish;(1, 4):dish;(3, 0):soup('onion', 3, 20);(4, 0):soup('onion', 2, 0)","(3, 0):soup('onion', 3, 20);(4, 0):soup('onion', 2, 0)"
118,2,"(1, 0)","(2, 1)","(1, 0)",onion,"(6, 1)","(0, -1)",,"(0, 3):dish;(1, 4):dish;(3, 0):soup('onion', 3, 20);(4, 0):soup('onion', 2, 0)","(3, 0):soup('onion', 3, 20);(4, 0):soup('onion', 2, 0)",0.0,18.0,0,"(0, -1)",0.0,0.0,0.0,0.0,0.0,18.0,False,"(3, 1)",onion,"(6, 1)",,"(0, 3):dish;(1, 4):dish;(3, 0):soup('onion', 3, 20);(4, 0):soup('onion', 2, 0)","(3, 0):soup('onion', 3, 20);(4, 0):soup('onion', 2, 0)"
119,2,"(1, 0)","(3, 1)","(1, 0)",onion,"(6, 1)","(0, -1)",,"(0, 3):dish;(1, 4):dish;(3, 0):soup('onion', 3, 20);(4, 0):soup('onion', 2, 0)","(3, 0):soup('onion', 3, 20);(4, 0):soup('onion', 2, 0)",0.0,18.0,5,interact,0.0,0.0,0.0,0.0,0.0,18.0,False,"(4, 1)",onion,"(6, 1)",,"(0, 3):dish;(1, 4):dish;(3, 0):soup('onion', 3, 20);(4, 0):soup('onion', 2, 0)","(3, 0):soup('onion', 3, 20);(4, 0):soup('onion', 2, 0)"
120,0,"(0, -1)","(4, 1)","(1, 0)",onion,"(6, 1)","(0, -1)",,"(0, 3):dish;(1, 4):dish;(3, 0):soup('onion', 3, 20);(4, 0):soup('onion', 2, 0)","(3, 0):soup('onion', 3, 20);(4, 0):soup('onion', 2, 0)",0.0,18.0,1,"(0, 1)",0.0,0.0,0.0,0.0,0.0,18.0,False,"(4, 1)",onion,"(6, 2)",,"(0, 3):dish;(1, 4):dish;(3, 0):soup('onion', 3, 20);(4, 0):soup('onion', 2, 0)","(3, 0):soup('onion', 3, 20);(4, 0):soup('onion', 2, 0)"
121,5,interact,"(4, 1)","(0, -1)",onion,"(6, 2)","(0, 1)",,"(0, 3):dish;(1, 4):dish;(3, 0):soup('onion', 3, 20);(4, 0):soup('onion', 2, 0)","(3, 0):soup('onion', 3, 20);(4, 0):soup('onion', 2, 0)",0.0,18.0,0,"(0, -1)",3.0,0.0,3.0,0.0,0.0,21.0,False,"(4, 1)",,"(6, 1)",,"(0, 3):dish;(1, 4):dish;(3, 0):soup('onion', 3, 20);(4, 0):soup('onion', 3, 1)","(3, 0):soup('onion', 3, 20);(4, 0):soup('onion', 3, 1)"
122,3,"(-1, 0)","(4, 1)","(0, -1)",,"(6, 1)","(0, -1)",,"(0, 3):dish;(1, 4):dish;(3, 0):soup('onion', 3, 20);(4, 0):soup('onion', 3, 1)","(3, 0):soup('onion', 3, 20);(4, 0):soup('onion', 3, 1)",0.0,21.0,2,"(1, 0)",0.0,0.0,0.0,0.0,0.0,21.0,False,"(3, 1)",,"(6, 1)",,"(0, 3):dish;(1, 4):dish;(3, 0):soup('onion', 3, 20);(4, 0):soup('onion', 3, 2)","(3, 0):soup('onion', 3, 20);(4, 0):soup('onion', 3, 2)"
123,3,"(-1, 0)","(3, 1)","(-1, 0)",,"(6, 1)","(1, 0)",,"(0, 3):dish;(1, 4):dish;(3, 0):soup('onion', 3, 20);(4, 0):soup('onion', 3, 2)","(3, 0):soup('onion', 3, 20);(4, 0):soup('onion', 3, 2)",0.0,21.0,2,"(1, 0)",0.0,0.0,0.0,0.0,0.0,21.0,False,"(2, 1)",,"(6, 1)",,"(0, 3):dish;(1, 4):dish;(3, 0):soup('onion', 3, 20);(4, 0):soup('onion', 3, 3)","(3, 0):soup('onion', 3, 20);(4, 0):soup('onion', 3, 3)"
124,1,"(0, 1)","(2, 1)","(-1, 0)",,"(6, 1)","(1, 0)",,"(0, 3):dish;(1, 4):dish;(3, 0):soup('onion', 3, 20);(4, 0):soup('onion', 3, 3)","(3, 0):soup('onion', 3, 20);(4, 0):soup('onion', 3, 3)",0.0,21.0,2,"(1, 0)",0.0,0.0,0.0,0.0,0.0,21.0,False,"(2, 1)",,"(6, 1)",,"(0, 3):dish;(1, 4):dish;(3, 0):soup('onion', 3, 20);(4, 0):soup('onion', 3, 4)","(3, 0):soup('onion', 3, 20);(4, 0):soup('onion', 3, 4)"
125,3,"(-1, 0)","(2, 1)","(0, 1)",,"(6, 1)","(1, 0)",,"(0, 3):dish;(1, 4):dish;(3, 0):soup('onion', 3, 20);(4, 0):soup('onion', 3, 4)","(3, 0):soup('onion', 3, 20);(4, 0):soup('onion', 3, 4)",0.0,21.0,3,"(-1, 0)",0.0,0.0,0.0,0.0,0.0,21.0,False,"(1, 1)",,"(5, 1)",,"(0, 3):dish;(1, 4):dish;(3, 0):soup('onion', 3, 20);(4, 0):soup('onion', 3, 5)","(3, 0):soup('onion', 3, 20);(4, 0):soup('onion', 3, 5)"
126,1,"(0, 1)","(1, 1)","(-1, 0)",,"(5, 1)","(-1, 0)",,"(0, 3):dish;(1, 4):dish;(3, 0):soup('onion', 3, 20);(4, 0):soup('onion', 3, 5)","(3, 0):soup('onion', 3, 20);(4, 0):soup('onion', 3, 5)",0.0,21.0,2,"(1, 0)",0.0,0.0,0.0,0.0,0.0,21.0,False,"(1, 2)",,"(6, 1)",,"(0, 3):dish;(1, 4):dish;(3, 0):soup('onion', 3, 20);(4, 0):soup('onion', 3, 6)","(3, 0):soup('onion', 3, 20);(4, 0):soup('onion', 3, 6)"
127,1,"(0, 1)","(1, 2)","(0, 1)",,"(6, 1)","(1, 0)",,"(0, 3):dish;(1, 4):dish;(3, 0):soup('onion', 3, 20);(4, 0):soup('onion', 3, 6)","(3, 0):soup('onion', 3, 20);(4, 0):soup('onion', 3, 6)",0.0,21.0,3,"(-1, 0)",0.0,0.0,0.0,0.0,0.0,21.0,False,"(1, 3)",,"(5, 1)",,"(0, 3):dish;(1, 4):dish;(3, 0):soup('onion', 3, 20);(4, 0):soup('onion', 3, 7)","(3, 0):soup('onion', 3, 20);(4, 0):soup('onion', 3, 7)"
128,1,"(0, 1)","(1, 3)","(0, 1)",,"(5, 1)","(-1, 0)",,"(0, 3):dish;(1, 4):dish;(3, 0):soup('onion', 3, 20);(4, 0):soup('onion', 3, 7)","(3, 0):soup('onion', 3, 20);(4, 0):soup('onion', 3, 7)",0.0,21.0,3,"(-1, 0)",0.0,0.0,0.0,0.0,0.0,21.0,False,"(1, 3)",,"(4, 1)",,"(0, 3):dish;(1, 4):dish;(3, 0):soup('onion', 3, 20);(4, 0):soup('onion', 3, 8)","(3, 0):soup('onion', 3, 20);(4, 0):soup('onion', 3, 8)"
129,1,"(0, 1)","(1, 3)","(0, 1)",,"(4, 1)","(-1, 0)",,"(0, 3):dish;(1, 4):dish;(3, 0):soup('onion', 3, 20);(4, 0):soup('onion', 3, 8)","(3, 0):soup('onion', 3, 20);(4, 0):soup('onion', 3, 8)",0.0,21.0,3,"(-1, 0)",0.0,0.0,0.0,0.0,0.0,21.0,False,"(1, 3)",,"(3, 1)",,"(0, 3):dish;(1, 4):dish;(3, 0):soup('onion', 3, 20);(4, 0):soup('onion', 3, 9)","(3, 0):soup('onion', 3, 20);(4, 0):soup('onion', 3, 9)"
130,1,"(0, 1)","(1, 3)","(0, 1)",,"(3, 1)","(-1, 0)",,"(0, 3):dish;(1, 4):dish;(3, 0):soup('onion', 3, 20);(4, 0):soup('onion', 3, 9)","(3, 0):soup('onion', 3, 20);(4, 0):soup('onion', 3, 9)",0.0,21.0,3,"(-1, 0)",0.0,0.0,0.0,0.0,0.0,21.0,False,"(1, 3)",,"(2, 1)",,"(0, 3):dish;(1, 4):dish;(3, 0):soup('onion', 3, 20);(4, 0):soup('onion', 3, 10)","(3, 0):soup('onion', 3, 20);(4, 0):soup('onion', 3, 10)"
131,1,"(0, 1)","(1, 3)","(0, 1)",,"(2, 1)","(-1, 0)",,"(0, 3):dish;(1, 4):dish;(3, 0):soup('onion', 3, 20);(4, 0):soup('onion', 3, 10)","(3, 0):soup('onion', 3, 20);(4, 0):soup('onion', 3, 10)",0.0,21.0,3,"(-1, 0)",0.0,0.0,0.0,0.0,0.0,21.0,False,"(1, 3)",,"(1, 1)",,"(0, 3):dish;(1, 4):dish;(3, 0):soup('onion', 3, 20);(4, 0):soup('onion', 3, 11)","(3, 0):soup('onion', 3, 20);(4, 0):soup('onion', 3, 11)"
132,1,"(0, 1)","(1, 3)","(0, 1)",,"(1, 1)","(-1, 0)",,"(0, 3):dish;(1, 4):dish;(3, 0):soup('onion', 3, 20);(4, 0):soup('onion', 3, 11)","(3, 0):soup('onion', 3, 20);(4, 0):soup('onion', 3, 11)",0.0,21.0,3,"(-1, 0)",0.0,0.0,0.0,0.0,0.0,21.0,False,"(1, 3)",,"(1, 1)",,"(0, 3):dish;(1, 4):dish;(3, 0):soup('onion', 3, 20);(4, 0):soup('onion', 3, 12)","(3, 0):soup('onion', 3, 20);(4, 0):soup('onion', 3, 12)"
133,1,"(0, 1)","(1, 3)","(0, 1)",,"(1, 1)","(-1, 0)",,"(0, 3):dish;(1, 4):dish;(3, 0):soup('onion', 3, 20);(4, 0):soup('onion', 3, 12)","(3, 0):soup('onion', 3, 20);(4, 0):soup('onion', 3, 12)",0.0,21.0,3,"(-1, 0)",0.0,0.0,0.0,0.0,0.0,21.0,False,"(1, 3)",,"(1, 1)",,"(0, 3):dish;(1, 4):dish;(3, 0):soup('onion', 3, 20);(4, 0):soup('onion', 3, 13)","(3, 0):soup('onion', 3, 20);(4, 0):soup('onion', 3, 13)"
134,1,"(0, 1)","(1, 3)","(0, 1)",,"(1, 1)","(-1, 0)",,"(0, 3):dish;(1, 4):dish;(3, 0):soup('onion', 3, 20);(4, 0):soup('onion', 3, 13)","(3, 0):soup('onion', 3, 20);(4, 0):soup('onion', 3, 13)",0.0,21.0,3,"(-1, 0)",0.0,0.0,0.0,0.0,0.0,21.0,False,"(1, 3)",,"(1, 1)",,"(0, 3):dish;(1, 4):dish;(3, 0):soup('onion', 3, 20);(4, 0):soup('onion', 3, 14)","(3, 0):soup('onion', 3, 20);(4, 0):soup('onion', 3, 14)"
135,1,"(0, 1)","(1, 3)","(0, 1)",,"(1, 1)","(-1, 0)",,"(0, 3):dish;(1, 4):dish;(3, 0):soup('onion', 3, 20);(4, 0):soup('onion', 3, 14)","(3, 0):soup('onion', 3, 20);(4, 0):soup('onion', 3, 14)",0.0,21.0,3,"(-1, 0)",0.0,0.0,0.0,0.0,0.0,21.0,False,"(1, 3)",,"(1, 1)",,"(0, 3):dish;(1, 4):dish;(3, 0):soup('onion', 3, 20);(4, 0):soup('onion', 3, 15)","(3, 0):soup('onion', 3, 20);(4, 0):soup('onion', 3, 15)"
136,1,"(0, 1)","(1, 3)","(0, 1)",,"(1, 1)","(-1, 0)",,"(0, 3):dish;(1, 4):dish;(3, 0):soup('onion', 3, 20);(4, 0):soup('onion', 3, 15)","(3, 0):soup('onion', 3, 20);(4, 0):soup('onion', 3, 15)",0.0,21.0,3,"(-1, 0)",0.0,0.0,0.0,0.0,0.0,21.0,False,"(1, 3)",,"(1, 1)",,"(0, 3):dish;(1, 4):dish;(3, 0):soup('onion', 3, 20);(4, 0):soup('onion', 3, 16)","(3, 0):soup('onion', 3, 20);(4, 0):soup('onion', 3, 16)"
137,1,"(0, 1)","(1, 3)","(0, 1)",,"(1, 1)","(-1, 0)",,"(0, 3):dish;(1, 4):dish;(3, 0):soup('onion', 3, 20);(4, 0):soup('onion', 3, 16)","(3, 0):soup('onion', 3, 20);(4, 0):soup('onion', 3, 16)",0.0,21.0,3,"(-1, 0)",0.0,0.0,0.0,0.0,0.0,21.0,False,"(1, 3)",,"(1, 1)",,"(0, 3):dish;(1, 4):dish;(3, 0):soup('onion', 3, 20);(4, 0):soup('onion', 3, 17)","(3, 0):soup('onion', 3, 20);(4, 0):soup('onion', 3, 17)"
138,1,"(0, 1)","(1, 3)","(0, 1)",,"(1, 1)","(-1, 0)",,"(0, 3):dish;(1, 4):dish;(3, 0):soup('onion', 3, 20);(4, 0):soup('onion', 3, 17)","(3, 0):soup('onion', 3, 20);(4, 0):soup('onion', 3, 17)",0.0,21.0,3,"(-1, 0)",0.0,0.0,0.0,0.0,0.0,21.0,False,"(1, 3)",,"(1, 1)",,"(0, 3):dish;(1, 4):dish;(3, 0):soup('onion', 3, 20);(4, 0):soup('onion', 3, 18)","(3, 0):soup('onion', 3, 20);(4, 0):soup('onion', 3, 18)"
139,1,"(0, 1)","(1, 3)","(0, 1)",,"(1, 1)","(-1, 0)",,"(0, 3):dish;(1, 4):dish;(3, 0):soup('onion', 3, 20);(4, 0):soup('onion', 3, 18)","(3, 0):soup('onion', 3, 20);(4, 0):soup('onion', 3, 18)",0.0,21.0,3,"(-1, 0)",0.0,0.0,0.0,0.0,0.0,21.0,False,"(1, 3)",,"(1, 1)",,"(0, 3):dish;(1, 4):dish;(3, 0):soup('onion', 3, 20);(4, 0):soup('onion', 3, 19)","(3, 0):soup('onion', 3, 20);(4, 0):soup('onion', 3, 19)"
140,1,"(0, 1)","(1, 3)","(0, 1)",,"(1, 1)","(-1, 0)",,"(0, 3):dish;(1, 4):dish;(3, 0):soup('onion', 3, 20);(4, 0):soup('onion', 3, 19)","(3, 0):soup('onion', 3, 20);(4, 0):soup('onion', 3, 19)",0.0,21.0,3,"(-1, 0)",0.0,0.0,0.0,0.0,0.0,21.0,False,"(1, 3)",,"(1, 1)",,"(0, 3):dish;(1, 4):dish;(3, 0):soup('onion', 3, 20);(4, 0):soup('onion', 3, 20)","(3, 0):soup('onion', 3, 20);(4, 0):soup('onion', 3, 20)"
141,5,interact,"(1, 3)","(0, 1)",,"(1, 1)","(-1, 0)",,"(0, 3):dish;(1, 4):dish;(3, 0):soup('onion', 3, 20);(4, 0):soup('onion', 3, 20)","(3, 0):soup('onion', 3, 20);(4, 0):soup('onion', 3, 20)",0.0,21.0,2,"(1, 0)",0.0,0.0,0.0,0.0,0.0,21.0,False,"(1, 3)",dish,"(2, 1)",,"(0, 3):dish;(3, 0):soup('onion', 3, 20);(4, 0):soup('onion', 3, 20)","(3, 0):soup('onion', 3, 20);(4, 0):soup('onion', 3, 20)"
142,5,interact,"(1, 3)","(0, 1)",dish,"(2, 1)","(1, 0)",,"(0, 3):dish;(3, 0):soup('onion', 3, 20);(4, 0):soup('onion', 3, 20)","(3, 0):soup('onion', 3, 20);(4, 0):soup('onion', 3, 20)",0.0,21.0,1,"(0, 1)",0.0,0.0,0.0,0.0,0.0,21.0,False,"(1, 3)",,"(2, 1)",,"(0, 3):dish;(1, 4):dish;(3, 0):soup('onion', 3, 20);(4, 0):soup('onion', 3, 20)","(3, 0):soup('onion', 3, 20);(4, 0):soup('onion', 3, 20)"
143,5,interact,"(1, 3)","(0, 1)",,"(2, 1)","(0, 1)",,"(0, 3):dish;(1, 4):dish;(3, 0):soup('onion', 3, 20);(4, 0):soup('onion', 3, 20)","(3, 0):soup('onion', 3, 20);(4, 0):soup('onion', 3, 20)",0.0,21.0,3,"(-1, 0)",0.0,0.0,0.0,0.0,0.0,21.0,False,"(1, 3)",dish,"(1, 1)",,"(0, 3):dish;(3, 0):soup('onion', 3, 20);(4, 0):soup('onion', 3, 20)","(3, 0):soup('onion', 3, 20);(4, 0):soup('onion', 3, 20)"
144,3,"(-1, 0)","(1, 3)","(0, 1)",dish,"(1, 1)","(-1, 0)",,"(0, 3):dish;(3, 0):soup('onion', 3, 20);(4, 0):soup('onion', 3, 20)","(3, 0):soup('onion', 3, 20);(4, 0):soup('onion', 3, 20)",0.0,21.0,2,"(1, 0)",0.0,0.0,0.0,0.0,0.0,21.0,False,"(1, 3)",dish,"(2, 1)",,"(0, 3):dish;(3, 0):soup('onion', 3, 20);(4, 0):soup('onion', 3, 20)","(3, 0):soup('onion', 3, 20);(4, 0):soup('onion', 3, 20)"
145,1,"(0, 1)","(1, 3)","(-1, 0)",dish,"(2, 1)","(1, 0)",,"(0, 3):dish;(3, 0):soup('onion', 3, 20);(4, 0):soup('onion', 3, 20)","(3, 0):soup('onion', 3, 20);(4, 0):soup('onion', 3, 20)",0.0,21.0,1,"(0, 1)",0.0,0.0,0.0,0.0,0.0,21.0,False,"(1, 3)",dish,"(2, 1)",,"(0, 3):dish;(3, 0):soup('onion', 3, 20);(4, 0):soup('onion', 3, 20)","(3, 0):soup('onion', 3, 20);(4, 0):soup('onion', 3, 20)"
146,5,interact,"(1, 3)","(0, 1)",dish,"(2, 1)","(0, 1)",,"(0, 3):dish;(3, 0):soup('onion', 3, 20);(4, 0):soup('onion', 3, 20)","(3, 0):soup('onion', 3, 20);(4, 0):soup('onion', 3, 20)",0.0,21.0,1,"(0, 1)",0.0,0.0,0.0,0.0,0.0,21.0,False,"(1, 3)",,"(2, 1)",,"(0, 3):dish;(1, 4):dish;(3, 0):soup('onion', 3, 20);(4, 0):soup('onion', 3, 20)","(3, 0):soup('onion', 3, 20);(4, 0):soup('onion', 3, 20)"
147,5,interact,"(1, 3)","(0, 1)",,"(2, 1)","(0, 1)",,"(0, 3):dish;(1, 4):dish;(3, 0):soup('onion', 3, 20);(4, 0):soup('onion', 3, 20)","(3, 0):soup('onion', 3, 20);(4, 0):soup('onion', 3, 20)",0.0,21.0,3,"(-1, 0)",0.0,0.0,0.0,0.0,0.0,21.0,False,"(1, 3)",dish,"(1, 1)",,"(0, 3):dish;(3, 0):soup('onion', 3, 20);(4, 0):soup('onion', 3, 20)","(3, 0):soup('onion', 3, 20);(4, 0):soup('onion', 3, 20)"
148,3,"(-1, 0)","(1, 3)","(0, 1)",dish,"(1, 1)","(-1, 0)",,"(0, 3):dish;(3, 0):soup('onion', 3, 20);(4, 0):soup('onion', 3, 20)","(3, 0):soup('onion', 3, 20);(4, 0):soup('onion', 3, 20)",0.0,21.0,2,"(1, 0)",0.0,0.0,0.0,0.0,0.0,21.0,False,"(1, 3)",dish,"(2, 1)",,"(0, 3):dish;(3, 0):soup('onion', 3, 20);(4, 0):soup('onion', 3, 20)","(3, 0):soup('onion', 3, 20);(4, 0):soup('onion', 3, 20)"
149,1,"(0, 1)","(1, 3)","(-1, 0)",dish,"(2, 1)","(1, 0)",,"(0, 3):dish;(3, 0):soup('onion', 3, 20);(4, 0):soup('onion', 3, 20)","(3, 0):soup('onion', 3, 20);(4, 0):soup('onion', 3, 20)",0.0,21.0,1,"(0, 1)",0.0,0.0,0.0,0.0,0.0,21.0,False,"(1, 3)",dish,"(2, 1)",,"(0, 3):dish;(3, 0):soup('onion', 3, 20);(4, 0):soup('onion', 3, 20)","(3, 0):soup('onion', 3, 20);(4, 0):soup('onion', 3, 20)"
150,5,interact,"(1, 3)","(0, 1)",dish,"(2, 1)","(0, 1)",,"(0, 3):dish;(3, 0):soup('onion', 3, 20);(4, 0):soup('onion', 3, 20)","(3, 0):soup('onion', 3, 20);(4, 0):soup('onion', 3, 20)",0.0,21.0,1,"(0, 1)",0.0,0.0,0.0,0.0,0.0,21.0,False,"(1, 3)",,"(2, 1)",,"(0, 3):dish;(1, 4):dish;(3, 0):soup('onion', 3, 20);(4, 0):soup('onion', 3, 20)","(3, 0):soup('onion', 3, 20);(4, 0):soup('onion', 3, 20)"
151,5,interact,"(1, 3)","(0, 1)",,"(2, 1)","(0, 1)",,"(0, 3):dish;(1, 4):dish;(3, 0):soup('onion', 3, 20);(4, 0):soup('onion', 3, 20)","(3, 0):soup('onion', 3, 20);(4, 0):soup('onion', 3, 20)",0.0,21.0,3,"(-1, 0)",0.0,0.0,0.0,0.0,0.0,21.0,False,"(1, 3)",dish,"(1, 1)",,"(0, 3):dish;(3, 0):soup('onion', 3, 20);(4, 0):soup('onion', 3, 20)","(3, 0):soup('onion', 3, 20);(4, 0):soup('onion', 3, 20)"
152,3,"(-1, 0)","(1, 3)","(0, 1)",dish,"(1, 1)","(-1, 0)",,"(0, 3):dish;(3, 0):soup('onion', 3, 20);(4, 0):soup('onion', 3, 20)","(3, 0):soup('onion', 3, 20);(4, 0):soup('onion', 3, 20)",0.0,21.0,2,"(1, 0)",0.0,0.0,0.0,0.0,0.0,21.0,False,"(1, 3)",dish,"(2, 1)",,"(0, 3):dish;(3, 0):soup('onion', 3, 20);(4, 0):soup('onion', 3, 20)","(3, 0):soup('onion', 3, 20);(4, 0):soup('onion', 3, 20)"
153,1,"(0, 1)","(1, 3)","(-1, 0)",dish,"(2, 1)","(1, 0)",,"(0, 3):dish;(3, 0):soup('onion', 3, 20);(4, 0):soup('onion', 3, 20)","(3, 0):soup('onion', 3, 20);(4, 0):soup('onion', 3, 20)",0.0,21.0,1,"(0, 1)",0.0,0.0,0.0,0.0,0.0,21.0,False,"(1, 3)",dish,"(2, 1)",,"(0, 3):dish;(3, 0):soup('onion', 3, 20);(4, 0):soup('onion', 3, 20)","(3, 0):soup('onion', 3, 20);(4, 0):soup('onion', 3, 20)"
154,5,interact,"(1, 3)","(0, 1)",dish,"(2, 1)","(0, 1)",,"(0, 3):dish;(3, 0):soup('onion', 3, 20);(4, 0):soup('onion', 3, 20)","(3, 0):soup('onion', 3, 20);(4, 0):soup('onion', 3, 20)",0.0,21.0,1,"(0, 1)",0.0,0.0,0.0,0.0,0.0,21.0,False,"(1, 3)",,"(2, 1)",,"(0, 3):dish;(1, 4):dish;(3, 0):soup('onion', 3, 20);(4, 0):soup('onion', 3, 20)","(3, 0):soup('onion', 3, 20);(4, 0):soup('onion', 3, 20)"
155,5,interact,"(1, 3)","(0, 1)",,"(2, 1)","(0, 1)",,"(0, 3):dish;(1, 4):dish;(3, 0):soup('onion', 3, 20);(4, 0):soup('onion', 3, 20)","(3, 0):soup('onion', 3, 20);(4, 0):soup('onion', 3, 20)",0.0,21.0,3,"(-1, 0)",0.0,0.0,0.0,0.0,0.0,21.0,False,"(1, 3)",dish,"(1, 1)",,"(0, 3):dish;(3, 0):soup('onion', 3, 20);(4, 0):soup('onion', 3, 20)","(3, 0):soup('onion', 3, 20);(4, 0):soup('onion', 3, 20)"
156,3,"(-1, 0)","(1, 3)","(0, 1)",dish,"(1, 1)","(-1, 0)",,"(0, 3):dish;(3, 0):soup('onion', 3, 20);(4, 0):soup('onion', 3, 20)","(3, 0):soup('onion', 3, 20);(4, 0):soup('onion', 3, 20)",0.0,21.0,2,"(1, 0)",0.0,0.0,0.0,0.0,0.0,21.0,False,"(1, 3)",dish,"(2, 1)",,"(0, 3):dish;(3, 0):soup('onion', 3, 20);(4, 0):soup('onion', 3, 20)","(3, 0):soup('onion', 3, 20);(4, 0):soup('onion', 3, 20)"
157,1,"(0, 1)","(1, 3)","(-1, 0)",dish,"(2, 1)","(1, 0)",,"(0, 3):dish;(3, 0):soup('onion', 3, 20);(4, 0):soup('onion', 3, 20)","(3, 0):soup('onion', 3, 20);(4, 0):soup('onion', 3, 20)",0.0,21.0,1,"(0, 1)",0.0,0.0,0.0,0.0,0.0,21.0,False,"(1, 3)",dish,"(2, 1)",,"(0, 3):dish;(3, 0):soup('onion', 3, 20);(4, 0):soup('onion', 3, 20)","(3, 0):soup('onion', 3, 20);(4, 0):soup('onion', 3, 20)"
158,5,interact,"(1, 3)","(0, 1)",dish,"(2, 1)","(0, 1)",,"(0, 3):dish;(3, 0):soup('onion', 3, 20);(4, 0):soup('onion', 3, 20)","(3, 0):soup('onion', 3, 20);(4, 0):soup('onion', 3, 20)",0.0,21.0,1,"(0, 1)",0.0,0.0,0.0,0.0,0.0,21.0,False,"(1, 3)",,"(2, 1)",,"(0, 3):dish;(1, 4):dish;(3, 0):soup('onion', 3, 20);(4, 0):soup('onion', 3, 20)","(3, 0):soup('onion', 3, 20);(4, 0):soup('onion', 3, 20)"
159,5,interact,"(1, 3)","(0, 1)",,"(2, 1)","(0, 1)",,"(0, 3):dish;(1, 4):dish;(3, 0):soup('onion', 3, 20);(4, 0):soup('onion', 3, 20)","(3, 0):soup('onion', 3, 20);(4, 0):soup('onion', 3, 20)",0.0,21.0,3,"(-1, 0)",0.0,0.0,0.0,0.0,0.0,21.0,False,"(1, 3)",dish,"(1, 1)",,"(0, 3):dish;(3, 0):soup('onion', 3, 20);(4, 0):soup('onion', 3, 20)","(3, 0):soup('onion', 3, 20);(4, 0):soup('onion', 3, 20)"
160,3,"(-1, 0)","(1, 3)","(0, 1)",dish,"(1, 1)","(-1, 0)",,"(0, 3):dish;(3, 0):soup('onion', 3, 20);(4, 0):soup('onion', 3, 20)","(3, 0):soup('onion', 3, 20);(4, 0):soup('onion', 3, 20)",0.0,21.0,2,"(1, 0)",0.0,0.0,0.0,0.0,0.0,21.0,False,"(1, 3)",dish,"(2, 1)",,"(0, 3):dish;(3, 0):soup('onion', 3, 20);(4, 0):soup('onion', 3, 20)","(3, 0):soup('onion', 3, 20);(4, 0):soup('onion', 3, 20)"
161,1,"(0, 1)","(1, 3)","(-1, 0)",dish,"(2, 1)","(1, 0)",,"(0, 3):dish;(3, 0):soup('onion', 3, 20);(4, 0):soup('onion', 3, 20)","(3, 0):soup('onion', 3, 20);(4, 0):soup('onion', 3, 20)",0.0,21.0,1,"(0, 1)",0.0,0.0,0.0,0.0,0.0,21.0,False,"(1, 3)",dish,"(2, 1)",,"(0, 3):dish;(3, 0):soup('onion', 3, 20);(4, 0):soup('onion', 3, 20)","(3, 0):soup('onion', 3, 20);(4, 0):soup('onion', 3, 20)"
162,5,interact,"(1, 3)","(0, 1)",dish,"(2, 1)","(0, 1)",,"(0, 3):dish;(3, 0):soup('onion', 3, 20);(4, 0):soup('onion', 3, 20)","(3, 0):soup('onion', 3, 20);(4, 0):soup('onion', 3, 20)",0.0,21.0,1,"(0, 1)",0.0,0.0,0.0,0.0,0.0,21.0,False,"(1, 3)",,"(2, 1)",,"(0, 3):dish;(1, 4):dish;(3, 0):soup('onion', 3, 20);(4, 0):soup('onion', 3, 20)","(3, 0):soup('onion', 3, 20);(4, 0):soup('onion', 3, 20)"
163,5,interact,"(1, 3)","(0, 1)",,"(2, 1)","(0, 1)",,"(0, 3):dish;(1, 4):dish;(3, 0):soup('onion', 3, 20);(4, 0):soup('onion', 3, 20)","(3, 0):soup('onion', 3, 20);(4, 0):soup('onion', 3, 20)",0.0,21.0,3,"(-1, 0)",0.0,0.0,0.0,0.0,0.0,21.0,False,"(1, 3)",dish,"(1, 1)",,"(0, 3):dish;(3, 0):soup('onion', 3, 20);(4, 0):soup('onion', 3, 20)","(3, 0):soup('onion', 3, 20);(4, 0):soup('onion', 3, 20)"
164,3,"(-1, 0)","(1, 3)","(0, 1)",dish,"(1, 1)","(-1, 0)",,"(0, 3):dish;(3, 0):soup('onion', 3, 20);(4, 0):soup('onion', 3, 20)","(3, 0):soup('onion', 3, 20);(4, 0):soup('onion', 3, 20)",0.0,21.0,2,"(1, 0)",0.0,0.0,0.0,0.0,0.0,21.0,False,"(1, 3)",dish,"(2, 1)",,"(0, 3):dish;(3, 0):soup('onion', 3, 20);(4, 0):soup('onion', 3, 20)","(3, 0):soup('onion', 3, 20);(4, 0):soup('onion', 3, 20)"
165,1,"(0, 1)","(1, 3)","(-1, 0)",dish,"(2, 1)","(1, 0)",,"(0, 3):dish;(3, 0):soup('onion', 3, 20);(4, 0):soup('onion', 3, 20)","(3, 0):soup('onion', 3, 20);(4, 0):soup('onion', 3, 20)",0.0,21.0,1,"(0, 1)",0.0,0.0,0.0,0.0,0.0,21.0,False,"(1, 3)",dish,"(2, 1)",,"(0, 3):dish;(3, 0):soup('onion', 3, 20);(4, 0):soup('onion', 3, 20)","(3, 0):soup('onion', 3, 20);(4, 0):soup('onion', 3, 20)"
166,5,interact,"(1, 3)","(0, 1)",dish,"(2, 1)","(0, 1)",,"(0, 3):dish;(3, 0):soup('onion', 3, 20);(4, 0):soup('onion', 3, 20)","(3, 0):soup('onion', 3, 20);(4, 0):soup('onion', 3, 20)",0.0,21.0,1,"(0, 1)",0.0,0.0,0.0,0.0,0.0,21.0,False,"(1, 3)",,"(2, 1)",,"(0, 3):dish;(1, 4):dish;(3, 0):soup('onion', 3, 20);(4, 0):soup('onion', 3, 20)","(3, 0):soup('onion', 3, 20);(4, 0):soup('onion', 3, 20)"
167,5,interact,"(1, 3)","(0, 1)",,"(2, 1)","(0, 1)",,"(0, 3):dish;(1, 4):dish;(3, 0):soup('onion', 3, 20);(4, 0):soup('onion', 3, 20)","(3, 0):soup('onion', 3, 20);(4, 0):soup('onion', 3, 20)",0.0,21.0,3,"(-1, 0)",0.0,0.0,0.0,0.0,0.0,21.0,False,"(1, 3)",dish,"(1, 1)",,"(0, 3):dish;(3, 0):soup('onion', 3, 20);(4, 0):soup('onion', 3, 20)","(3, 0):soup('onion', 3, 20);(4, 0):soup('onion', 3, 20)"
168,3,"(-1, 0)","(1, 3)","(0, 1)",dish,"(1, 1)","(-1, 0)",,"(0, 3):dish;(3, 0):soup('onion', 3, 20);(4, 0):soup('onion', 3, 20)","(3, 0):soup('onion', 3, 20);(4, 0):soup('onion', 3, 20)",0.0,21.0,2,"(1, 0)",0.0,0.0,0.0,0.0,0.0,21.0,False,"(1, 3)",dish,"(2, 1)",,"(0, 3):dish;(3, 0):soup('onion', 3, 20);(4, 0):soup('onion', 3, 20)","(3, 0):soup('onion', 3, 20);(4, 0):soup('onion', 3, 20)"
169,1,"(0, 1)","(1, 3)","(-1, 0)",dish,"(2, 1)","(1, 0)",,"(0, 3):dish;(3, 0):soup('onion', 3, 20);(4, 0):soup('onion', 3, 20)","(3, 0):soup('onion', 3, 20);(4, 0):soup('onion', 3, 20)",0.0,21.0,1,"(0, 1)",0.0,0.0,0.0,0.0,0.0,21.0,False,"(1, 3)",dish,"(2, 1)",,"(0, 3):dish;(3, 0):soup('onion', 3, 20);(4, 0):soup('onion', 3, 20)","(3, 0):soup('onion', 3, 20);(4, 0):soup('onion', 3, 20)"
170,5,interact,"(1, 3)","(0, 1)",dish,"(2, 1)","(0, 1)",,"(0, 3):dish;(3, 0):soup('onion', 3, 20);(4, 0):soup('onion', 3, 20)","(3, 0):soup('onion', 3, 20);(4, 0):soup('onion', 3, 20)",0.0,21.0,1,"(0, 1)",0.0,0.0,0.0,0.0,0.0,21.0,False,"(1, 3)",,"(2, 1)",,"(0, 3):dish;(1, 4):dish;(3, 0):soup('onion', 3, 20);(4, 0):soup('onion', 3, 20)","(3, 0):soup('onion', 3, 20);(4, 0):soup('onion', 3, 20)"
171,5,interact,"(1, 3)","(0, 1)",,"(2, 1)","(0, 1)",,"(0, 3):dish;(1, 4):dish;(3, 0):soup('onion', 3, 20);(4, 0):soup('onion', 3, 20)","(3, 0):soup('onion', 3, 20);(4, 0):soup('onion', 3, 20)",0.0,21.0,3,"(-1, 0)",0.0,0.0,0.0,0.0,0.0,21.0,False,"(1, 3)",dish,"(1, 1)",,"(0, 3):dish;(3, 0):soup('onion', 3, 20);(4, 0):soup('onion', 3, 20)","(3, 0):soup('onion', 3, 20);(4, 0):soup('onion', 3, 20)"
172,3,"(-1, 0)","(1, 3)","(0, 1)",dish,"(1, 1)","(-1, 0)",,"(0, 3):dish;(3, 0):soup('onion', 3, 20);(4, 0):soup('onion', 3, 20)","(3, 0):soup('onion', 3, 20);(4, 0):soup('onion', 3, 20)",0.0,21.0,2,"(1, 0)",0.0,0.0,0.0,0.0,0.0,21.0,False,"(1, 3)",dish,"(2, 1)",,"(0, 3):dish;(3, 0):soup('onion', 3, 20);(4, 0):soup('onion', 3, 20)","(3, 0):soup('onion', 3, 20);(4, 0):soup('onion', 3, 20)"
173,1,"(0, 1)","(1, 3)","(-1, 0)",dish,"(2, 1)","(1, 0)",,"(0, 3):dish;(3, 0):soup('onion', 3, 20);(4, 0):soup('onion', 3, 20)","(3, 0):soup('onion', 3, 20);(4, 0):soup('onion', 3, 20)",0.0,21.0,1,"(0, 1)",0.0,0.0,0.0,0.0,0.0,21.0,False,"(1, 3)",dish,"(2, 1)",,"(0, 3):dish;(3, 0):soup('onion', 3, 20);(4, 0):soup('onion', 3, 20)","(3, 0):soup('onion', 3, 20);(4, 0):soup('onion', 3, 20)"
174,5,interact,"(1, 3)","(0, 1)",dish,"(2, 1)","(0, 1)",,"(0, 3):dish;(3, 0):soup('onion', 3, 20);(4, 0):soup('onion', 3, 20)","(3, 0):soup('onion', 3, 20);(4, 0):soup('onion', 3, 20)",0.0,21.0,1,"(0, 1)",0.0,0.0,0.0,0.0,0.0,21.0,False,"(1, 3)",,"(2, 1)",,"(0, 3):dish;(1, 4):dish;(3, 0):soup('onion', 3, 20);(4, 0):soup('onion', 3, 20)","(3, 0):soup('onion', 3, 20);(4, 0):soup('onion', 3, 20)"
175,5,interact,"(1, 3)","(0, 1)",,"(2, 1)","(0, 1)",,"(0, 3):dish;(1, 4):dish;(3, 0):soup('onion', 3, 20);(4, 0):soup('onion', 3, 20)","(3, 0):soup('onion', 3, 20);(4, 0):soup('onion', 3, 20)",0.0,21.0,3,"(-1, 0)",0.0,0.0,0.0,0.0,0.0,21.0,False,"(1, 3)",dish,"(1, 1)",,"(0, 3):dish;(3, 0):soup('onion', 3, 20);(4, 0):soup('onion', 3, 20)","(3, 0):soup('onion', 3, 20);(4, 0):soup('onion', 3, 20)"
176,3,"(-1, 0)","(1, 3)","(0, 1)",dish,"(1, 1)","(-1, 0)",,"(0, 3):dish;(3, 0):soup('onion', 3, 20);(4, 0):soup('onion', 3, 20)","(3, 0):soup('onion', 3, 20);(4, 0):soup('onion', 3, 20)",0.0,21.0,2,"(1, 0)",0.0,0.0,0.0,0.0,0.0,21.0,False,"(1, 3)",dish,"(2, 1)",,"(0, 3):dish;(3, 0):soup('onion', 3, 20);(4, 0):soup('onion', 3, 20)","(3, 0):soup('onion', 3, 20);(4, 0):soup('onion', 3, 20)"
177,1,"(0, 1)","(1, 3)","(-1, 0)",dish,"(2, 1)","(1, 0)",,"(0, 3):dish;(3, 0):soup('onion', 3, 20);(4, 0):soup('onion', 3, 20)","(3, 0):soup('onion', 3, 20);(4, 0):soup('onion', 3, 20)",0.0,21.0,1,"(0, 1)",0.0,0.0,0.0,0.0,0.0,21.0,False,"(1, 3)",dish,"(2, 1)",,"(0, 3):dish;(3, 0):soup('onion', 3, 20);(4, 0):soup('onion', 3, 20)","(3, 0):soup('onion', 3, 20);(4, 0):soup('onion', 3, 20)"
178,5,interact,"(1, 3)","(0, 1)",dish,"(2, 1)","(0, 1)",,"(0, 3):dish;(3, 0):soup('onion', 3, 20);(4, 0):soup('onion', 3, 20)","(3, 0):soup('onion', 3, 20);(4, 0):soup('onion', 3, 20)",0.0,21.0,1,"(0, 1)",0.0,0.0,0.0,0.0,0.0,21.0,False,"(1, 3)",,"(2, 1)",,"(0, 3):dish;(1, 4):dish;(3, 0):soup('onion', 3, 20);(4, 0):soup('onion', 3, 20)","(3, 0):soup('onion', 3, 20);(4, 0):soup('onion', 3, 20)"
179,5,interact,"(1, 3)","(0, 1)",,"(2, 1)","(0, 1)",,"(0, 3):dish;(1, 4):dish;(3, 0):soup('onion', 3, 20);(4, 0):soup('onion', 3, 20)","(3, 0):soup('onion', 3, 20);(4, 0):soup('onion', 3, 20)",0.0,21.0,3,"(-1, 0)",0.0,0.0,0.0,0.0,0.0,21.0,False,"(1, 3)",dish,"(1, 1)",,"(0, 3):dish;(3, 0):soup('onion', 3, 20);(4, 0):soup('onion', 3, 20)","(3, 0):soup('onion', 3, 20);(4, 0):soup('onion', 3, 20)"
180,3,"(-1, 0)","(1, 3)","(0, 1)",dish,"(1, 1)","(-1, 0)",,"(0, 3):dish;(3, 0):soup('onion', 3, 20);(4, 0):soup('onion', 3, 20)","(3, 0):soup('onion', 3, 20);(4, 0):soup('onion', 3, 20)",0.0,21.0,2,"(1, 0)",0.0,0.0,0.0,0.0,0.0,21.0,False,"(1, 3)",dish,"(2, 1)",,"(0, 3):dish;(3, 0):soup('onion', 3, 20);(4, 0):soup('onion', 3, 20)","(3, 0):soup('onion', 3, 20);(4, 0):soup('onion', 3, 20)"
181,1,"(0, 1)","(1, 3)","(-1, 0)",dish,"(2, 1)","(1, 0)",,"(0, 3):dish;(3, 0):soup('onion', 3, 20);(4, 0):soup('onion', 3, 20)","(3, 0):soup('onion', 3, 20);(4, 0):soup('onion', 3, 20)",0.0,21.0,1,"(0, 1)",0.0,0.0,0.0,0.0,0.0,21.0,False,"(1, 3)",dish,"(2, 1)",,"(0, 3):dish;(3, 0):soup('onion', 3, 20);(4, 0):soup('onion', 3, 20)","(3, 0):soup('onion', 3, 20);(4, 0):soup('onion', 3, 20)"
182,5,interact,"(1, 3)","(0, 1)",dish,"(2, 1)","(0, 1)",,"(0, 3):dish;(3, 0):soup('onion', 3, 20);(4, 0):soup('onion', 3, 20)","(3, 0):soup('onion', 3, 20);(4, 0):soup('onion', 3, 20)",0.0,21.0,1,"(0, 1)",0.0,0.0,0.0,0.0,0.0,21.0,False,"(1, 3)",,"(2, 1)",,"(0, 3):dish;(1, 4):dish;(3, 0):soup('onion', 3, 20);(4, 0):soup('onion', 3, 20)","(3, 0):soup('onion', 3, 20);(4, 0):soup('onion', 3, 20)"
183,5,interact,"(1, 3)","(0, 1)",,"(2, 1)","(0, 1)",,"(0, 3):dish;(1, 4):dish;(3, 0):soup('onion', 3, 20);(4, 0):soup('onion', 3, 20)","(3, 0):soup('onion', 3, 20);(4, 0):soup('onion', 3, 20)",0.0,21.0,3,"(-1, 0)",0.0,0.0,0.0,0.0,0.0,21.0,False,"(1, 3)",dish,"(1, 1)",,"(0, 3):dish;(3, 0):soup('onion', 3, 20);(4, 0):soup('onion', 3, 20)","(3, 0):soup('onion', 3, 20);(4, 0):soup('onion', 3, 20)"
184,3,"(-1, 0)","(1, 3)","(0, 1)",dish,"(1, 1)","(-1, 0)",,"(0, 3):dish;(3, 0):soup('onion', 3, 20);(4, 0):soup('onion', 3, 20)","(3, 0):soup('onion', 3, 20);(4, 0):soup('onion', 3, 20)",0.0,21.0,2,"(1, 0)",0.0,0.0,0.0,0.0,0.0,21.0,False,"(1, 3)",dish,"(2, 1)",,"(0, 3):dish;(3, 0):soup('onion', 3, 20);(4, 0):soup('onion', 3, 20)","(3, 0):soup('onion', 3, 20);(4, 0):soup('onion', 3, 20)"
185,1,"(0, 1)","(1, 3)","(-1, 0)",dish,"(2, 1)","(1, 0)",,"(0, 3):dish;(3, 0):soup('onion', 3, 20);(4, 0):soup('onion', 3, 20)","(3, 0):soup('onion', 3, 20);(4, 0):soup('onion', 3, 20)",0.0,21.0,1,"(0, 1)",0.0,0.0,0.0,0.0,0.0,21.0,False,"(1, 3)",dish,"(2, 1)",,"(0, 3):dish;(3, 0):soup('onion', 3, 20);(4, 0):soup('onion', 3, 20)","(3, 0):soup('onion', 3, 20);(4, 0):soup('onion', 3, 20)"
186,5,interact,"(1, 3)","(0, 1)",dish,"(2, 1)","(0, 1)",,"(0, 3):dish;(3, 0):soup('onion', 3, 20);(4, 0):soup('onion', 3, 20)","(3, 0):soup('onion', 3, 20);(4, 0):soup('onion', 3, 20)",0.0,21.0,1,"(0, 1)",0.0,0.0,0.0,0.0,0.0,21.0,False,"(1, 3)",,"(2, 1)",,"(0, 3):dish;(1, 4):dish;(3, 0):soup('onion', 3, 20);(4, 0):soup('onion', 3, 20)","(3, 0):soup('onion', 3, 20);(4, 0):soup('onion', 3, 20)"
187,5,interact,"(1, 3)","(0, 1)",,"(2, 1)","(0, 1)",,"(0, 3):dish;(1, 4):dish;(3, 0):soup('onion', 3, 20);(4, 0):soup('onion', 3, 20)","(3, 0):soup('onion', 3, 20);(4, 0):soup('onion', 3, 20)",0.0,21.0,3,"(-1, 0)",0.0,0.0,0.0,0.0,0.0,21.0,False,"(1, 3)",dish,"(1, 1)",,"(0, 3):dish;(3, 0):soup('onion', 3, 20);(4, 0):soup('onion', 3, 20)","(3, 0):soup('onion', 3, 20);(4, 0):soup('onion', 3, 20)"
188,3,"(-1, 0)","(1, 3)","(0, 1)",dish,"(1, 1)","(-1, 0)",,"(0, 3):dish;(3, 0):soup('onion', 3, 20);(4, 0):soup('onion', 3, 20)","(3, 0):soup('onion', 3, 20);(4, 0):soup('onion', 3, 20)",0.0,21.0,2,"(1, 0)",0.0,0.0,0.0,0.0,0.0,21.0,False,"(1, 3)",dish,"(2, 1)",,"(0, 3):dish;(3, 0):soup('onion', 3, 20);(4, 0):soup('onion', 3, 20)","(3, 0):soup('onion', 3, 20);(4, 0):soup('onion', 3, 20)"
189,1,"(0, 1)","(1, 3)","(-1, 0)",dish,"(2, 1)","(1, 0)",,"(0, 3):dish;(3, 0):soup('onion', 3, 20);(4, 0):soup('onion', 3, 20)","(3, 0):soup('onion', 3, 20);(4, 0):soup('onion', 3, 20)",0.0,21.0,1,"(0, 1)",0.0,0.0,0.0,0.0,0.0,21.0,False,"(1, 3)",dish,"(2, 1)",,"(0, 3):dish;(3, 0):soup('onion', 3, 20);(4, 0):soup('onion', 3, 20)","(3, 0):soup('onion', 3, 20);(4, 0):soup('onion', 3, 20)"
190,5,interact,"(1, 3)","(0, 1)",dish,"(2, 1)","(0, 1)",,"(0, 3):dish;(3, 0):soup('onion', 3, 20);(4, 0):soup('onion', 3, 20)","(3, 0):soup('onion', 3, 20);(4, 0):soup('onion', 3, 20)",0.0,21.0,1,"(0, 1)",0.0,0.0,0.0,0.0,0.0,21.0,False,"(1, 3)",,"(2, 1)",,"(0, 3):dish;(1, 4):dish;(3, 0):soup('onion', 3, 20);(4, 0):soup('onion', 3, 20)","(3, 0):soup('onion', 3, 20);(4, 0):soup('onion', 3, 20)"
191,5,interact,"(1, 3)","(0, 1)",,"(2, 1)","(0, 1)",,"(0, 3):dish;(1, 4):dish;(3, 0):soup('onion', 3, 20);(4, 0):soup('onion', 3, 20)","(3, 0):soup('onion', 3, 20);(4, 0):soup('onion', 3, 20)",0.0,21.0,3,"(-1, 0)",0.0,0.0,0.0,0.0,0.0,21.0,False,"(1, 3)",dish,"(1, 1)",,"(0, 3):dish;(3, 0):soup('onion', 3, 20);(4, 0):soup('onion', 3, 20)","(3, 0):soup('onion', 3, 20);(4, 0):soup('onion', 3, 20)"
192,3,"(-1, 0)","(1, 3)","(0, 1)",dish,"(1, 1)","(-1, 0)",,"(0, 3):dish;(3, 0):soup('onion', 3, 20);(4, 0):soup('onion', 3, 20)","(3, 0):soup('onion', 3, 20);(4, 0):soup('onion', 3, 20)",0.0,21.0,2,"(1, 0)",0.0,0.0,0.0,0.0,0.0,21.0,False,"(1, 3)",dish,"(2, 1)",,"(0, 3):dish;(3, 0):soup('onion', 3, 20);(4, 0):soup('onion', 3, 20)","(3, 0):soup('onion', 3, 20);(4, 0):soup('onion', 3, 20)"
193,1,"(0, 1)","(1, 3)","(-1, 0)",dish,"(2, 1)","(1, 0)",,"(0, 3):dish;(3, 0):soup('onion', 3, 20);(4, 0):soup('onion', 3, 20)","(3, 0):soup('onion', 3, 20);(4, 0):soup('onion', 3, 20)",0.0,21.0,1,"(0, 1)",0.0,0.0,0.0,0.0,0.0,21.0,False,"(1, 3)",dish,"(2, 1)",,"(0, 3):dish;(3, 0):soup('onion', 3, 20);(4, 0):soup('onion', 3, 20)","(3, 0):soup('onion', 3, 20);(4, 0):soup('onion', 3, 20)"
194,5,interact,"(1, 3)","(0, 1)",dish,"(2, 1)","(0, 1)",,"(0, 3):dish;(3, 0):soup('onion', 3, 20);(4, 0):soup('onion', 3, 20)","(3, 0):soup('onion', 3, 20);(4, 0):soup('onion', 3, 20)",0.0,21.0,1,"(0, 1)",0.0,0.0,0.0,0.0,0.0,21.0,False,"(1, 3)",,"(2, 1)",,"(0, 3):dish;(1, 4):dish;(3, 0):soup('onion', 3, 20);(4, 0):soup('onion', 3, 20)","(3, 0):soup('onion', 3, 20);(4, 0):soup('onion', 3, 20)"
195,5,interact,"(1, 3)","(0, 1)",,"(2, 1)","(0, 1)",,"(0, 3):dish;(1, 4):dish;(3, 0):soup('onion', 3, 20);(4, 0):soup('onion', 3, 20)","(3, 0):soup('onion', 3, 20);(4, 0):soup('onion', 3, 20)",0.0,21.0,3,"(-1, 0)",0.0,0.0,0.0,0.0,0.0,21.0,False,"(1, 3)",dish,"(1, 1)",,"(0, 3):dish;(3, 0):soup('onion', 3, 20);(4, 0):soup('onion', 3, 20)","(3, 0):soup('onion', 3, 20);(4, 0):soup('onion', 3, 20)"
196,3,"(-1, 0)","(1, 3)","(0, 1)",dish,"(1, 1)","(-1, 0)",,"(0, 3):dish;(3, 0):soup('onion', 3, 20);(4, 0):soup('onion', 3, 20)","(3, 0):soup('onion', 3, 20);(4, 0):soup('onion', 3, 20)",0.0,21.0,2,"(1, 0)",0.0,0.0,0.0,0.0,0.0,21.0,False,"(1, 3)",dish,"(2, 1)",,"(0, 3):dish;(3, 0):soup('onion', 3, 20);(4, 0):soup('onion', 3, 20)","(3, 0):soup('onion', 3, 20);(4, 0):soup('onion', 3, 20)"
197,1,"(0, 1)","(1, 3)","(-1, 0)",dish,"(2, 1)","(1, 0)",,"(0, 3):dish;(3, 0):soup('onion', 3, 20);(4, 0):soup('onion', 3, 20)","(3, 0):soup('onion', 3, 20);(4, 0):soup('onion', 3, 20)",0.0,21.0,1,"(0, 1)",0.0,0.0,0.0,0.0,0.0,21.0,False,"(1, 3)",dish,"(2, 1)",,"(0, 3):dish;(3, 0):soup('onion', 3, 20);(4, 0):soup('onion', 3, 20)","(3, 0):soup('onion', 3, 20);(4, 0):soup('onion', 3, 20)"
198,5,interact,"(1, 3)","(0, 1)",dish,"(2, 1)","(0, 1)",,"(0, 3):dish;(3, 0):soup('onion', 3, 20);(4, 0):soup('onion', 3, 20)","(3, 0):soup('onion', 3, 20);(4, 0):soup('onion', 3, 20)",0.0,21.0,1,"(0, 1)",0.0,0.0,0.0,0.0,0.0,21.0,False,"(1, 3)",,"(2, 1)",,"(0, 3):dish;(1, 4):dish;(3, 0):soup('onion', 3, 20);(4, 0):soup('onion', 3, 20)","(3, 0):soup('onion', 3, 20);(4, 0):soup('onion', 3, 20)"
199,5,interact,"(1, 3)","(0, 1)",,"(2, 1)","(0, 1)",,"(0, 3):dish;(1, 4):dish;(3, 0):soup('onion', 3, 20);(4, 0):soup('onion', 3, 20)","(3, 0):soup('onion', 3, 20);(4, 0):soup('onion', 3, 20)",0.0,21.0,3,"(-1, 0)",0.0,0.0,0.0,0.0,0.0,21.0,False,"(1, 3)",dish,"(1, 1)",,"(0, 3):dish;(3, 0):soup('onion', 3, 20);(4, 0):soup('onion', 3, 20)","(3, 0):soup('onion', 3, 20);(4, 0):soup('onion', 3, 20)"
200,3,"(-1, 0)","(1, 3)","(0, 1)",dish,"(1, 1)","(-1, 0)",,"(0, 3):dish;(3, 0):soup('onion', 3, 20);(4, 0):soup('onion', 3, 20)","(3, 0):soup('onion', 3, 20);(4, 0):soup('onion', 3, 20)",0.0,21.0,2,"(1, 0)",0.0,0.0,0.0,0.0,0.0,21.0,False,"(1, 3)",dish,"(2, 1)",,"(0, 3):dish;(3, 0):soup('onion', 3, 20);(4, 0):soup('onion', 3, 20)","(3, 0):soup('onion', 3, 20);(4, 0):soup('onion', 3, 20)"
201,1,"(0, 1)","(1, 3)","(-1, 0)",dish,"(2, 1)","(1, 0)",,"(0, 3):dish;(3, 0):soup('onion', 3, 20);(4, 0):soup('onion', 3, 20)","(3, 0):soup('onion', 3, 20);(4, 0):soup('onion', 3, 20)",0.0,21.0,1,"(0, 1)",0.0,0.0,0.0,0.0,0.0,21.0,False,"(1, 3)",dish,"(2, 1)",,"(0, 3):dish;(3, 0):soup('onion', 3, 20);(4, 0):soup('onion', 3, 20)","(3, 0):soup('onion', 3, 20);(4, 0):soup('onion', 3, 20)"
202,5,interact,"(1, 3)","(0, 1)",dish,"(2, 1)","(0, 1)",,"(0, 3):dish;(3, 0):soup('onion', 3, 20);(4, 0):soup('onion', 3, 20)","(3, 0):soup('onion', 3, 20);(4, 0):soup('onion', 3, 20)",0.0,21.0,1,"(0, 1)",0.0,0.0,0.0,0.0,0.0,21.0,False,"(1, 3)",,"(2, 1)",,"(0, 3):dish;(1, 4):dish;(3, 0):soup('onion', 3, 20);(4, 0):soup('onion', 3, 20)","(3, 0):soup('onion', 3, 20);(4, 0):soup('onion', 3, 20)"
203,5,interact,"(1, 3)","(0, 1)",,"(2, 1)","(0, 1)",,"(0, 3):dish;(1, 4):dish;(3, 0):soup('onion', 3, 20);(4, 0):soup('onion', 3, 20)","(3, 0):soup('onion', 3, 20);(4, 0):soup('onion', 3, 20)",0.0,21.0,3,"(-1, 0)",0.0,0.0,0.0,0.0,0.0,21.0,False,"(1, 3)",dish,"(1, 1)",,"(0, 3):dish;(3, 0):soup('onion', 3, 20);(4, 0):soup('onion', 3, 20)","(3, 0):soup('onion', 3, 20);(4, 0):soup('onion', 3, 20)"
204,3,"(-1, 0)","(1, 3)","(0, 1)",dish,"(1, 1)","(-1, 0)",,"(0, 3):dish;(3, 0):soup('onion', 3, 20);(4, 0):soup('onion', 3, 20)","(3, 0):soup('onion', 3, 20);(4, 0):soup('onion', 3, 20)",0.0,21.0,2,"(1, 0)",0.0,0.0,0.0,0.0,0.0,21.0,False,"(1, 3)",dish,"(2, 1)",,"(0, 3):dish;(3, 0):soup('onion', 3, 20);(4, 0):soup('onion', 3, 20)","(3, 0):soup('onion', 3, 20);(4, 0):soup('onion', 3, 20)"
205,1,"(0, 1)","(1, 3)","(-1, 0)",dish,"(2, 1)","(1, 0)",,"(0, 3):dish;(3, 0):soup('onion', 3, 20);(4, 0):soup('onion', 3, 20)","(3, 0):soup('onion', 3, 20);(4, 0):soup('onion', 3, 20)",0.0,21.0,1,"(0, 1)",0.0,0.0,0.0,0.0,0.0,21.0,False,"(1, 3)",dish,"(2, 1)",,"(0, 3):dish;(3, 0):soup('onion', 3, 20);(4, 0):soup('onion', 3, 20)","(3, 0):soup('onion', 3, 20);(4, 0):soup('onion', 3, 20)"
206,5,interact,"(1, 3)","(0, 1)",dish,"(2, 1)","(0, 1)",,"(0, 3):dish;(3, 0):soup('onion', 3, 20);(4, 0):soup('onion', 3, 20)","(3, 0):soup('onion', 3, 20);(4, 0):soup('onion', 3, 20)",0.0,21.0,1,"(0, 1)",0.0,0.0,0.0,0.0,0.0,21.0,False,"(1, 3)",,"(2, 1)",,"(0, 3):dish;(1, 4):dish;(3, 0):soup('onion', 3, 20);(4, 0):soup('onion', 3, 20)","(3, 0):soup('onion', 3, 20);(4, 0):soup('onion', 3, 20)"
207,5,interact,"(1, 3)","(0, 1)",,"(2, 1)","(0, 1)",,"(0, 3):dish;(1, 4):dish;(3, 0):soup('onion', 3, 20);(4, 0):soup('onion', 3, 20)","(3, 0):soup('onion', 3, 20);(4, 0):soup('onion', 3, 20)",0.0,21.0,3,"(-1, 0)",0.0,0.0,0.0,0.0,0.0,21.0,False,"(1, 3)",dish,"(1, 1)",,"(0, 3):dish;(3, 0):soup('onion', 3, 20);(4, 0):soup('onion', 3, 20)","(3, 0):soup('onion', 3, 20);(4, 0):soup('onion', 3, 20)"
208,3,"(-1, 0)","(1, 3)","(0, 1)",dish,"(1, 1)","(-1, 0)",,"(0, 3):dish;(3, 0):soup('onion', 3, 20);(4, 0):soup('onion', 3, 20)","(3, 0):soup('onion', 3, 20);(4, 0):soup('onion', 3, 20)",0.0,21.0,2,"(1, 0)",0.0,0.0,0.0,0.0,0.0,21.0,False,"(1, 3)",dish,"(2, 1)",,"(0, 3):dish;(3, 0):soup('onion', 3, 20);(4, 0):soup('onion', 3, 20)","(3, 0):soup('onion', 3, 20);(4, 0):soup('onion', 3, 20)"
209,1,"(0, 1)","(1, 3)","(-1, 0)",dish,"(2, 1)","(1, 0)",,"(0, 3):dish;(3, 0):soup('onion', 3, 20);(4, 0):soup('onion', 3, 20)","(3, 0):soup('onion', 3, 20);(4, 0):soup('onion', 3, 20)",0.0,21.0,1,"(0, 1)",0.0,0.0,0.0,0.0,0.0,21.0,False,"(1, 3)",dish,"(2, 1)",,"(0, 3):dish;(3, 0):soup('onion', 3, 20);(4, 0):soup('onion', 3, 20)","(3, 0):soup('onion', 3, 20);(4, 0):soup('onion', 3, 20)"
210,5,interact,"(1, 3)","(0, 1)",dish,"(2, 1)","(0, 1)",,"(0, 3):dish;(3, 0):soup('onion', 3, 20);(4, 0):soup('onion', 3, 20)","(3, 0):soup('onion', 3, 20);(4, 0):soup('onion', 3, 20)",0.0,21.0,1,"(0, 1)",0.0,0.0,0.0,0.0,0.0,21.0,False,"(1, 3)",,"(2, 1)",,"(0, 3):dish;(1, 4):dish;(3, 0):soup('onion', 3, 20);(4, 0):soup('onion', 3, 20)","(3, 0):soup('onion', 3, 20);(4, 0):soup('onion', 3, 20)"
211,5,interact,"(1, 3)","(0, 1)",,"(2, 1)","(0, 1)",,"(0, 3):dish;(1, 4):dish;(3, 0):soup('onion', 3, 20);(4, 0):soup('onion', 3, 20)","(3, 0):soup('onion', 3, 20);(4, 0):soup('onion', 3, 20)",0.0,21.0,3,"(-1, 0)",0.0,0.0,0.0,0.0,0.0,21.0,False,"(1, 3)",dish,"(1, 1)",,"(0, 3):dish;(3, 0):soup('onion', 3, 20);(4, 0):soup('onion', 3, 20)","(3, 0):soup('onion', 3, 20);(4, 0):soup('onion', 3, 20)"
212,3,"(-1, 0)","(1, 3)","(0, 1)",dish,"(1, 1)","(-1, 0)",,"(0, 3):dish;(3, 0):soup('onion', 3, 20);(4, 0):soup('onion', 3, 20)","(3, 0):soup('onion', 3, 20);(4, 0):soup('onion', 3, 20)",0.0,21.0,2,"(1, 0)",0.0,0.0,0.0,0.0,0.0,21.0,False,"(1, 3)",dish,"(2, 1)",,"(0, 3):dish;(3, 0):soup('onion', 3, 20);(4, 0):soup('onion', 3, 20)","(3, 0):soup('onion', 3, 20);(4, 0):soup('onion', 3, 20)"
213,1,"(0, 1)","(1, 3)","(-1, 0)",dish,"(2, 1)","(1, 0)",,"(0, 3):dish;(3, 0):soup('onion', 3, 20);(4, 0):soup('onion', 3, 20)","(3, 0):soup('onion', 3, 20);(4, 0):soup('onion', 3, 20)",0.0,21.0,1,"(0, 1)",0.0,0.0,0.0,0.0,0.0,21.0,False,"(1, 3)",dish,"(2, 1)",,"(0, 3):dish;(3, 0):soup('onion', 3, 20);(4, 0):soup('onion', 3, 20)","(3, 0):soup('onion', 3, 20);(4, 0):soup('onion', 3, 20)"
214,5,interact,"(1, 3)","(0, 1)",dish,"(2, 1)","(0, 1)",,"(0, 3):dish;(3, 0):soup('onion', 3, 20);(4, 0):soup('onion', 3, 20)","(3, 0):soup('onion', 3, 20);(4, 0):soup('onion', 3, 20)",0.0,21.0,1,"(0, 1)",0.0,0.0,0.0,0.0,0.0,21.0,False,"(1, 3)",,"(2, 1)",,"(0, 3):dish;(1, 4):dish;(3, 0):soup('onion', 3, 20);(4, 0):soup('onion', 3, 20)","(3, 0):soup('onion', 3, 20);(4, 0):soup('onion', 3, 20)"
215,5,interact,"(1, 3)","(0, 1)",,"(2, 1)","(0, 1)",,"(0, 3):dish;(1, 4):dish;(3, 0):soup('onion', 3, 20);(4, 0):soup('onion', 3, 20)","(3, 0):soup('onion', 3, 20);(4, 0):soup('onion', 3, 20)",0.0,21.0,3,"(-1, 0)",0.0,0.0,0.0,0.0,0.0,21.0,False,"(1, 3)",dish,"(1, 1)",,"(0, 3):dish;(3, 0):soup('onion', 3, 20);(4, 0):soup('onion', 3, 20)","(3, 0):soup('onion', 3, 20);(4, 0):soup('onion', 3, 20)"
216,3,"(-1, 0)","(1, 3)","(0, 1)",dish,"(1, 1)","(-1, 0)",,"(0, 3):dish;(3, 0):soup('onion', 3, 20);(4, 0):soup('onion', 3, 20)","(3, 0):soup('onion', 3, 20);(4, 0):soup('onion', 3, 20)",0.0,21.0,2,"(1, 0)",0.0,0.0,0.0,0.0,0.0,21.0,False,"(1, 3)",dish,"(2, 1)",,"(0, 3):dish;(3, 0):soup('onion', 3, 20);(4, 0):soup('onion', 3, 20)","(3, 0):soup('onion', 3, 20);(4, 0):soup('onion', 3, 20)"
217,1,"(0, 1)","(1, 3)","(-1, 0)",dish,"(2, 1)","(1, 0)",,"(0, 3):dish;(3, 0):soup('onion', 3, 20);(4, 0):soup('onion', 3, 20)","(3, 0):soup('onion', 3, 20);(4, 0):soup('onion', 3, 20)",0.0,21.0,1,"(0, 1)",0.0,0.0,0.0,0.0,0.0,21.0,False,"(1, 3)",dish,"(2, 1)",,"(0, 3):dish;(3, 0):soup('onion', 3, 20);(4, 0):soup('onion', 3, 20)","(3, 0):soup('onion', 3, 20);(4, 0):soup('onion', 3, 20)"
218,5,interact,"(1, 3)","(0, 1)",dish,"(2, 1)","(0, 1)",,"(0, 3):dish;(3, 0):soup('onion', 3, 20);(4, 0):soup('onion', 3, 20)","(3, 0):soup('onion', 3, 20);(4, 0):soup('onion', 3, 20)",0.0,21.0,1,"(0, 1)",0.0,0.0,0.0,0.0,0.0,21.0,False,"(1, 3)",,"(2, 1)",,"(0, 3):dish;(1, 4):dish;(3, 0):soup('onion', 3, 20);(4, 0):soup('onion', 3, 20)","(3, 0):soup('onion', 3, 20);(4, 0):soup('onion', 3, 20)"
219,5,interact,"(1, 3)","(0, 1)",,"(2, 1)","(0, 1)",,"(0, 3):dish;(1, 4):dish;(3, 0):soup('onion', 3, 20);(4, 0):soup('onion', 3, 20)","(3, 0):soup('onion', 3, 20);(4, 0):soup('onion', 3, 20)",0.0,21.0,3,"(-1, 0)",0.0,0.0,0.0,0.0,0.0,21.0,False,"(1, 3)",dish,"(1, 1)",,"(0, 3):dish;(3, 0):soup('onion', 3, 20);(4, 0):soup('onion', 3, 20)","(3, 0):soup('onion', 3, 20);(4, 0):soup('onion', 3, 20)"
220,3,"(-1, 0)","(1, 3)","(0, 1)",dish,"(1, 1)","(-1, 0)",,"(0, 3):dish;(3, 0):soup('onion', 3, 20);(4, 0):soup('onion', 3, 20)","(3, 0):soup('onion', 3, 20);(4, 0):soup('onion', 3, 20)",0.0,21.0,2,"(1, 0)",0.0,0.0,0.0,0.0,0.0,21.0,False,"(1, 3)",dish,"(2, 1)",,"(0, 3):dish;(3, 0):soup('onion', 3, 20);(4, 0):soup('onion', 3, 20)","(3, 0):soup('onion', 3, 20);(4, 0):soup('onion', 3, 20)"
221,1,"(0, 1)","(1, 3)","(-1, 0)",dish,"(2, 1)","(1, 0)",,"(0, 3):dish;(3, 0):soup('onion', 3, 20);(4, 0):soup('onion', 3, 20)","(3, 0):soup('onion', 3, 20);(4, 0):soup('onion', 3, 20)",0.0,21.0,1,"(0, 1)",0.0,0.0,0.0,0.0,0.0,21.0,False,"(1, 3)",dish,"(2, 1)",,"(0, 3):dish;(3, 0):soup('onion', 3, 20);(4, 0):soup('onion', 3, 20)","(3, 0):soup('onion', 3, 20);(4, 0):soup('onion', 3, 20)"
222,5,interact,"(1, 3)","(0, 1)",dish,"(2, 1)","(0, 1)",,"(0, 3):dish;(3, 0):soup('onion', 3, 20);(4, 0):soup('onion', 3, 20)","(3, 0):soup('onion', 3, 20);(4, 0):soup('onion', 3, 20)",0.0,21.0,1,"(0, 1)",0.0,0.0,0.0,0.0,0.0,21.0,False,"(1, 3)",,"(2, 1)",,"(0, 3):dish;(1, 4):dish;(3, 0):soup('onion', 3, 20);(4, 0):soup('onion', 3, 20)","(3, 0):soup('onion', 3, 20);(4, 0):soup('onion', 3, 20)"
223,5,interact,"(1, 3)","(0, 1)",,"(2, 1)","(0, 1)",,"(0, 3):dish;(1, 4):dish;(3, 0):soup('onion', 3, 20);(4, 0):soup('onion', 3, 20)","(3, 0):soup('onion', 3, 20);(4, 0):soup('onion', 3, 20)",0.0,21.0,3,"(-1, 0)",0.0,0.0,0.0,0.0,0.0,21.0,False,"(1, 3)",dish,"(1, 1)",,"(0, 3):dish;(3, 0):soup('onion', 3, 20);(4, 0):soup('onion', 3, 20)","(3, 0):soup('onion', 3, 20);(4, 0):soup('onion', 3, 20)"
224,3,"(-1, 0)","(1, 3)","(0, 1)",dish,"(1, 1)","(-1, 0)",,"(0, 3):dish;(3, 0):soup('onion', 3, 20);(4, 0):soup('onion', 3, 20)","(3, 0):soup('onion', 3, 20);(4, 0):soup('onion', 3, 20)",0.0,21.0,2,"(1, 0)",0.0,0.0,0.0,0.0,0.0,21.0,False,"(1, 3)",dish,"(2, 1)",,"(0, 3):dish;(3, 0):soup('onion', 3, 20);(4, 0):soup('onion', 3, 20)","(3, 0):soup('onion', 3, 20);(4, 0):soup('onion', 3, 20)"
225,1,"(0, 1)","(1, 3)","(-1, 0)",dish,"(2, 1)","(1, 0)",,"(0, 3):dish;(3, 0):soup('onion', 3, 20);(4, 0):soup('onion', 3, 20)","(3, 0):soup('onion', 3, 20);(4, 0):soup('onion', 3, 20)",0.0,21.0,1,"(0, 1)",0.0,0.0,0.0,0.0,0.0,21.0,False,"(1, 3)",dish,"(2, 1)",,"(0, 3):dish;(3, 0):soup('onion', 3, 20);(4, 0):soup('onion', 3, 20)","(3, 0):soup('onion', 3, 20);(4, 0):soup('onion', 3, 20)"
226,5,interact,"(1, 3)","(0, 1)",dish,"(2, 1)","(0, 1)",,"(0, 3):dish;(3, 0):soup('onion', 3, 20);(4, 0):soup('onion', 3, 20)","(3, 0):soup('onion', 3, 20);(4, 0):soup('onion', 3, 20)",0.0,21.0,1,"(0, 1)",0.0,0.0,0.0,0.0,0.0,21.0,False,"(1, 3)",,"(2, 1)",,"(0, 3):dish;(1, 4):dish;(3, 0):soup('onion', 3, 20);(4, 0):soup('onion', 3, 20)","(3, 0):soup('onion', 3, 20);(4, 0):soup('onion', 3, 20)"
227,5,interact,"(1, 3)","(0, 1)",,"(2, 1)","(0, 1)",,"(0, 3):dish;(1, 4):dish;(3, 0):soup('onion', 3, 20);(4, 0):soup('onion', 3, 20)","(3, 0):soup('onion', 3, 20);(4, 0):soup('onion', 3, 20)",0.0,21.0,3,"(-1, 0)",0.0,0.0,0.0,0.0,0.0,21.0,False,"(1, 3)",dish,"(1, 1)",,"(0, 3):dish;(3, 0):soup('onion', 3, 20);(4, 0):soup('onion', 3, 20)","(3, 0):soup('onion', 3, 20);(4, 0):soup('onion', 3, 20)"
228,3,"(-1, 0)","(1, 3)","(0, 1)",dish,"(1, 1)","(-1, 0)",,"(0, 3):dish;(3, 0):soup('onion', 3, 20);(4, 0):soup('onion', 3, 20)","(3, 0):soup('onion', 3, 20);(4, 0):soup('onion', 3, 20)",0.0,21.0,2,"(1, 0)",0.0,0.0,0.0,0.0,0.0,21.0,False,"(1, 3)",dish,"(2, 1)",,"(0, 3):dish;(3, 0):soup('onion', 3, 20);(4, 0):soup('onion', 3, 20)","(3, 0):soup('onion', 3, 20);(4, 0):soup('onion', 3, 20)"
229,1,"(0, 1)","(1, 3)","(-1, 0)",dish,"(2, 1)","(1, 0)",,"(0, 3):dish;(3, 0):soup('onion', 3, 20);(4, 0):soup('onion', 3, 20)","(3, 0):soup('onion', 3, 20);(4, 0):soup('onion', 3, 20)",0.0,21.0,1,"(0, 1)",0.0,0.0,0.0,0.0,0.0,21.0,False,"(1, 3)",dish,"(2, 1)",,"(0, 3):dish;(3, 0):soup('onion', 3, 20);(4, 0):soup('onion', 3, 20)","(3, 0):soup('onion', 3, 20);(4, 0):soup('onion', 3, 20)"
230,5,interact,"(1, 3)","(0, 1)",dish,"(2, 1)","(0, 1)",,"(0, 3):dish;(3, 0):soup('onion', 3, 20);(4, 0):soup('onion', 3, 20)","(3, 0):soup('onion', 3, 20);(4, 0):soup('onion', 3, 20)",0.0,21.0,1,"(0, 1)",0.0,0.0,0.0,0.0,0.0,21.0,False,"(1, 3)",,"(2, 1)",,"(0, 3):dish;(1, 4):dish;(3, 0):soup('onion', 3, 20);(4, 0):soup('onion', 3, 20)","(3, 0):soup('onion', 3, 20);(4, 0):soup('onion', 3, 20)"
231,5,interact,"(1, 3)","(0, 1)",,"(2, 1)","(0, 1)",,"(0, 3):dish;(1, 4):dish;(3, 0):soup('onion', 3, 20);(4, 0):soup('onion', 3, 20)","(3, 0):soup('onion', 3, 20);(4, 0):soup('onion', 3, 20)",0.0,21.0,3,"(-1, 0)",0.0,0.0,0.0,0.0,0.0,21.0,False,"(1, 3)",dish,"(1, 1)",,"(0, 3):dish;(3, 0):soup('onion', 3, 20);(4, 0):soup('onion', 3, 20)","(3, 0):soup('onion', 3, 20);(4, 0):soup('onion', 3, 20)"
232,3,"(-1, 0)","(1, 3)","(0, 1)",dish,"(1, 1)","(-1, 0)",,"(0, 3):dish;(3, 0):soup('onion', 3, 20);(4, 0):soup('onion', 3, 20)","(3, 0):soup('onion', 3, 20);(4, 0):soup('onion', 3, 20)",0.0,21.0,2,"(1, 0)",0.0,0.0,0.0,0.0,0.0,21.0,False,"(1, 3)",dish,"(2, 1)",,"(0, 3):dish;(3, 0):soup('onion', 3, 20);(4, 0):soup('onion', 3, 20)","(3, 0):soup('onion', 3, 20);(4, 0):soup('onion', 3, 20)"
233,1,"(0, 1)","(1, 3)","(-1, 0)",dish,"(2, 1)","(1, 0)",,"(0, 3):dish;(3, 0):soup('onion', 3, 20);(4, 0):soup('onion', 3, 20)","(3, 0):soup('onion', 3, 20);(4, 0):soup('onion', 3, 20)",0.0,21.0,1,"(0, 1)",0.0,0.0,0.0,0.0,0.0,21.0,False,"(1, 3)",dish,"(2, 1)",,"(0, 3):dish;(3, 0):soup('onion', 3, 20);(4, 0):soup('onion', 3, 20)","(3, 0):soup('onion', 3, 20);(4, 0):soup('onion', 3, 20)"
234,5,interact,"(1, 3)","(0, 1)",dish,"(2, 1)","(0, 1)",,"(0, 3):dish;(3, 0):soup('onion', 3, 20);(4, 0):soup('onion', 3, 20)","(3, 0):soup('onion', 3, 20);(4, 0):soup('onion', 3, 20)",0.0,21.0,1,"(0, 1)",0.0,0.0,0.0,0.0,0.0,21.0,False,"(1, 3)",,"(2, 1)",,"(0, 3):dish;(1, 4):dish;(3, 0):soup('onion', 3, 20);(4, 0):soup('onion', 3, 20)","(3, 0):soup('onion', 3, 20);(4, 0):soup('onion', 3, 20)"
235,5,interact,"(1, 3)","(0, 1)",,"(2, 1)","(0, 1)",,"(0, 3):dish;(1, 4):dish;(3, 0):soup('onion', 3, 20);(4, 0):soup('onion', 3, 20)","(3, 0):soup('onion', 3, 20);(4, 0):soup('onion', 3, 20)",0.0,21.0,3,"(-1, 0)",0.0,0.0,0.0,0.0,0.0,21.0,False,"(1, 3)",dish,"(1, 1)",,"(0, 3):dish;(3, 0):soup('onion', 3, 20);(4, 0):soup('onion', 3, 20)","(3, 0):soup('onion', 3, 20);(4, 0):soup('onion', 3, 20)"
236,3,"(-1, 0)","(1, 3)","(0, 1)",dish,"(1, 1)","(-1, 0)",,"(0, 3):dish;(3, 0):soup('onion', 3, 20);(4, 0):soup('onion', 3, 20)","(3, 0):soup('onion', 3, 20);(4, 0):soup('onion', 3, 20)",0.0,21.0,2,"(1, 0)",0.0,0.0,0.0,0.0,0.0,21.0,False,"(1, 3)",dish,"(2, 1)",,"(0, 3):dish;(3, 0):soup('onion', 3, 20);(4, 0):soup('onion', 3, 20)","(3, 0):soup('onion', 3, 20);(4, 0):soup('onion', 3, 20)"
237,1,"(0, 1)","(1, 3)","(-1, 0)",dish,"(2, 1)","(1, 0)",,"(0, 3):dish;(3, 0):soup('onion', 3, 20);(4, 0):soup('onion', 3, 20)","(3, 0):soup('onion', 3, 20);(4, 0):soup('onion', 3, 20)",0.0,21.0,1,"(0, 1)",0.0,0.0,0.0,0.0,0.0,21.0,False,"(1, 3)",dish,"(2, 1)",,"(0, 3):dish;(3, 0):soup('onion', 3, 20);(4, 0):soup('onion', 3, 20)","(3, 0):soup('onion', 3, 20);(4, 0):soup('onion', 3, 20)"
238,5,interact,"(1, 3)","(0, 1)",dish,"(2, 1)","(0, 1)",,"(0, 3):dish;(3, 0):soup('onion', 3, 20);(4, 0):soup('onion', 3, 20)","(3, 0):soup('onion', 3, 20);(4, 0):soup('onion', 3, 20)",0.0,21.0,1,"(0, 1)",0.0,0.0,0.0,0.0,0.0,21.0,False,"(1, 3)",,"(2, 1)",,"(0, 3):dish;(1, 4):dish;(3, 0):soup('onion', 3, 20);(4, 0):soup('onion', 3, 20)","(3, 0):soup('onion', 3, 20);(4, 0):soup('onion', 3, 20)"
239,5,interact,"(1, 3)","(0, 1)",,"(2, 1)","(0, 1)",,"(0, 3):dish;(1, 4):dish;(3, 0):soup('onion', 3, 20);(4, 0):soup('onion', 3, 20)","(3, 0):soup('onion', 3, 20);(4, 0):soup('onion', 3, 20)",0.0,21.0,3,"(-1, 0)",0.0,0.0,0.0,0.0,0.0,21.0,False,"(1, 3)",dish,"(1, 1)",,"(0, 3):dish;(3, 0):soup('onion', 3, 20);(4, 0):soup('onion', 3, 20)","(3, 0):soup('onion', 3, 20);(4, 0):soup('onion', 3, 20)"
240,3,"(-1, 0)","(1, 3)","(0, 1)",dish,"(1, 1)","(-1, 0)",,"(0, 3):dish;(3, 0):soup('onion', 3, 20);(4, 0):soup('onion', 3, 20)","(3, 0):soup('onion', 3, 20);(4, 0):soup('onion', 3, 20)",0.0,21.0,2,"(1, 0)",0.0,0.0,0.0,0.0,0.0,21.0,False,"(1, 3)",dish,"(2, 1)",,"(0, 3):dish;(3, 0):soup('onion', 3, 20);(4, 0):soup('onion', 3, 20)","(3, 0):soup('onion', 3, 20);(4, 0):soup('onion', 3, 20)"
241,1,"(0, 1)","(1, 3)","(-1, 0)",dish,"(2, 1)","(1, 0)",,"(0, 3):dish;(3, 0):soup('onion', 3, 20);(4, 0):soup('onion', 3, 20)","(3, 0):soup('onion', 3, 20);(4, 0):soup('onion', 3, 20)",0.0,21.0,1,"(0, 1)",0.0,0.0,0.0,0.0,0.0,21.0,False,"(1, 3)",dish,"(2, 1)",,"(0, 3):dish;(3, 0):soup('onion', 3, 20);(4, 0):soup('onion', 3, 20)","(3, 0):soup('onion', 3, 20);(4, 0):soup('onion', 3, 20)"
242,5,interact,"(1, 3)","(0, 1)",dish,"(2, 1)","(0, 1)",,"(0, 3):dish;(3, 0):soup('onion', 3, 20);(4, 0):soup('onion', 3, 20)","(3, 0):soup('onion', 3, 20);(4, 0):soup('onion', 3, 20)",0.0,21.0,1,"(0, 1)",0.0,0.0,0.0,0.0,0.0,21.0,False,"(1, 3)",,"(2, 1)",,"(0, 3):dish;(1, 4):dish;(3, 0):soup('onion', 3, 20);(4, 0):soup('onion', 3, 20)","(3, 0):soup('onion', 3, 20);(4, 0):soup('onion', 3, 20)"
243,5,interact,"(1, 3)","(0, 1)",,"(2, 1)","(0, 1)",,"(0, 3):dish;(1, 4):dish;(3, 0):soup('onion', 3, 20);(4, 0):soup('onion', 3, 20)","(3, 0):soup('onion', 3, 20);(4, 0):soup('onion', 3, 20)",0.0,21.0,3,"(-1, 0)",0.0,0.0,0.0,0.0,0.0,21.0,False,"(1, 3)",dish,"(1, 1)",,"(0, 3):dish;(3, 0):soup('onion', 3, 20);(4, 0):soup('onion', 3, 20)","(3, 0):soup('onion', 3, 20);(4, 0):soup('onion', 3, 20)"
244,3,"(-1, 0)","(1, 3)","(0, 1)",dish,"(1, 1)","(-1, 0)",,"(0, 3):dish;(3, 0):soup('onion', 3, 20);(4, 0):soup('onion', 3, 20)","(3, 0):soup('onion', 3, 20);(4, 0):soup('onion', 3, 20)",0.0,21.0,2,"(1, 0)",0.0,0.0,0.0,0.0,0.0,21.0,False,"(1, 3)",dish,"(2, 1)",,"(0, 3):dish;(3, 0):soup('onion', 3, 20);(4, 0):soup('onion', 3, 20)","(3, 0):soup('onion', 3, 20);(4, 0):soup('onion', 3, 20)"
245,1,"(0, 1)","(1, 3)","(-1, 0)",dish,"(2, 1)","(1, 0)",,"(0, 3):dish;(3, 0):soup('onion', 3, 20);(4, 0):soup('onion', 3, 20)","(3, 0):soup('onion', 3, 20);(4, 0):soup('onion', 3, 20)",0.0,21.0,1,"(0, 1)",0.0,0.0,0.0,0.0,0.0,21.0,False,"(1, 3)",dish,"(2, 1)",,"(0, 3):dish;(3, 0):soup('onion', 3, 20);(4, 0):soup('onion', 3, 20)","(3, 0):soup('onion', 3, 20);(4, 0):soup('onion', 3, 20)"
246,5,interact,"(1, 3)","(0, 1)",dish,"(2, 1)","(0, 1)",,"(0, 3):dish;(3, 0):soup('onion', 3, 20);(4, 0):soup('onion', 3, 20)","(3, 0):soup('onion', 3, 20);(4, 0):soup('onion', 3, 20)",0.0,21.0,1,"(0, 1)",0.0,0.0,0.0,0.0,0.0,21.0,False,"(1, 3)",,"(2, 1)",,"(0, 3):dish;(1, 4):dish;(3, 0):soup('onion', 3, 20);(4, 0):soup('onion', 3, 20)","(3, 0):soup('onion', 3, 20);(4, 0):soup('onion', 3, 20)"
247,5,interact,"(1, 3)","(0, 1)",,"(2, 1)","(0, 1)",,"(0, 3):dish;(1, 4):dish;(3, 0):soup('onion', 3, 20);(4, 0):soup('onion', 3, 20)","(3, 0):soup('onion', 3, 20);(4, 0):soup('onion', 3, 20)",0.0,21.0,3,"(-1, 0)",0.0,0.0,0.0,0.0,0.0,21.0,False,"(1, 3)",dish,"(1, 1)",,"(0, 3):dish;(3, 0):soup('onion', 3, 20);(4, 0):soup('onion', 3, 20)","(3, 0):soup('onion', 3, 20);(4, 0):soup('onion', 3, 20)"
248,3,"(-1, 0)","(1, 3)","(0, 1)",dish,"(1, 1)","(-1, 0)",,"(0, 3):dish;(3, 0):soup('onion', 3, 20);(4, 0):soup('onion', 3, 20)","(3, 0):soup('onion', 3, 20);(4, 0):soup('onion', 3, 20)",0.0,21.0,2,"(1, 0)",0.0,0.0,0.0,0.0,0.0,21.0,False,"(1, 3)",dish,"(2, 1)",,"(0, 3):dish;(3, 0):soup('onion', 3, 20);(4, 0):soup('onion', 3, 20)","(3, 0):soup('onion', 3, 20);(4, 0):soup('onion', 3, 20)"
249,1,"(0, 1)","(1, 3)","(-1, 0)",dish,"(2, 1)","(1, 0)",,"(0, 3):dish;(3, 0):soup('onion', 3, 20);(4, 0):soup('onion', 3, 20)","(3, 0):soup('onion', 3, 20);(4, 0):soup('onion', 3, 20)",0.0,21.0,1,"(0, 1)",0.0,0.0,0.0,0.0,0.0,21.0,False,"(1, 3)",dish,"(2, 1)",,"(0, 3):dish;(3, 0):soup('onion', 3, 20);(4, 0):soup('onion', 3, 20)","(3, 0):soup('onion', 3, 20);(4, 0):soup('onion', 3, 20)"
250,5,interact,"(1, 3)","(0, 1)",dish,"(2, 1)","(0, 1)",,"(0, 3):dish;(3, 0):soup('onion', 3, 20);(4, 0):soup('onion', 3, 20)","(3, 0):soup('onion', 3, 20);(4, 0):soup('onion', 3, 20)",0.0,21.0,1,"(0, 1)",0.0,0.0,0.0,0.0,0.0,21.0,False,"(1, 3)",,"(2, 1)",,"(0, 3):dish;(1, 4):dish;(3, 0):soup('onion', 3, 20);(4, 0):soup('onion', 3, 20)","(3, 0):soup('onion', 3, 20);(4, 0):soup('onion', 3, 20)"
251,5,interact,"(1, 3)","(0, 1)",,"(2, 1)","(0, 1)",,"(0, 3):dish;(1, 4):dish;(3, 0):soup('onion', 3, 20);(4, 0):soup('onion', 3, 20)","(3, 0):soup('onion', 3, 20);(4, 0):soup('onion', 3, 20)",0.0,21.0,3,"(-1, 0)",0.0,0.0,0.0,0.0,0.0,21.0,False,"(1, 3)",dish,"(1, 1)",,"(0, 3):dish;(3, 0):soup('onion', 3, 20);(4, 0):soup('onion', 3, 20)","(3, 0):soup('onion', 3, 20);(4, 0):soup('onion', 3, 20)"
252,3,"(-1, 0)","(1, 3)","(0, 1)",dish,"(1, 1)","(-1, 0)",,"(0, 3):dish;(3, 0):soup('onion', 3, 20);(4, 0):soup('onion', 3, 20)","(3, 0):soup('onion', 3, 20);(4, 0):soup('onion', 3, 20)",0.0,21.0,2,"(1, 0)",0.0,0.0,0.0,0.0,0.0,21.0,False,"(1, 3)",dish,"(2, 1)",,"(0, 3):dish;(3, 0):soup('onion', 3, 20);(4, 0):soup('onion', 3, 20)","(3, 0):soup('onion', 3, 20);(4, 0):soup('onion', 3, 20)"
253,1,"(0, 1)","(1, 3)","(-1, 0)",dish,"(2, 1)","(1, 0)",,"(0, 3):dish;(3, 0):soup('onion', 3, 20);(4, 0):soup('onion', 3, 20)","(3, 0):soup('onion', 3, 20);(4, 0):soup('onion', 3, 20)",0.0,21.0,1,"(0, 1)",0.0,0.0,0.0,0.0,0.0,21.0,False,"(1, 3)",dish,"(2, 1)",,"(0, 3):dish;(3, 0):soup('onion', 3, 20);(4, 0):soup('onion', 3, 20)","(3, 0):soup('onion', 3, 20);(4, 0):soup('onion', 3, 20)"
254,5,interact,"(1, 3)","(0, 1)",dish,"(2, 1)","(0, 1)",,"(0, 3):dish;(3, 0):soup('onion', 3, 20);(4, 0):soup('onion', 3, 20)","(3, 0):soup('onion', 3, 20);(4, 0):soup('onion', 3, 20)",0.0,21.0,1,"(0, 1)",0.0,0.0,0.0,0.0,0.0,21.0,False,"(1, 3)",,"(2, 1)",,"(0, 3):dish;(1, 4):dish;(3, 0):soup('onion', 3, 20);(4, 0):soup('onion', 3, 20)","(3, 0):soup('onion', 3, 20);(4, 0):soup('onion', 3, 20)"
255,5,interact,"(1, 3)","(0, 1)",,"(2, 1)","(0, 1)",,"(0, 3):dish;(1, 4):dish;(3, 0):soup('onion', 3, 20);(4, 0):soup('onion', 3, 20)","(3, 0):soup('onion', 3, 20);(4, 0):soup('onion', 3, 20)",0.0,21.0,3,"(-1, 0)",0.0,0.0,0.0,0.0,0.0,21.0,False,"(1, 3)",dish,"(1, 1)",,"(0, 3):dish;(3, 0):soup('onion', 3, 20);(4, 0):soup('onion', 3, 20)","(3, 0):soup('onion', 3, 20);(4, 0):soup('onion', 3, 20)"
256,3,"(-1, 0)","(1, 3)","(0, 1)",dish,"(1, 1)","(-1, 0)",,"(0, 3):dish;(3, 0):soup('onion', 3, 20);(4, 0):soup('onion', 3, 20)","(3, 0):soup('onion', 3, 20);(4, 0):soup('onion', 3, 20)",0.0,21.0,2,"(1, 0)",0.0,0.0,0.0,0.0,0.0,21.0,False,"(1, 3)",dish,"(2, 1)",,"(0, 3):dish;(3, 0):soup('onion', 3, 20);(4, 0):soup('onion', 3, 20)","(3, 0):soup('onion', 3, 20);(4, 0):soup('onion', 3, 20)"
257,1,"(0, 1)","(1, 3)","(-1, 0)",dish,"(2, 1)","(1, 0)",,"(0, 3):dish;(3, 0):soup('onion', 3, 20);(4, 0):soup('onion', 3, 20)","(3, 0):soup('onion', 3, 20);(4, 0):soup('onion', 3, 20)",0.0,21.0,1,"(0, 1)",0.0,0.0,0.0,0.0,0.0,21.0,False,"(1, 3)",dish,"(2, 1)",,"(0, 3):dish;(3, 0):soup('onion', 3, 20);(4, 0):soup('onion', 3, 20)","(3, 0):soup('onion', 3, 20);(4, 0):soup('onion', 3, 20)"
258,5,interact,"(1, 3)","(0, 1)",dish,"(2, 1)","(0, 1)",,"(0, 3):dish;(3, 0):soup('onion', 3, 20);(4, 0):soup('onion', 3, 20)","(3, 0):soup('onion', 3, 20);(4, 0):soup('onion', 3, 20)",0.0,21.0,1,"(0, 1)",0.0,0.0,0.0,0.0,0.0,21.0,False,"(1, 3)",,"(2, 1)",,"(0, 3):dish;(1, 4):dish;(3, 0):soup('onion', 3, 20);(4, 0):soup('onion', 3, 20)","(3, 0):soup('onion', 3, 20);(4, 0):soup('onion', 3, 20)"
259,5,interact,"(1, 3)","(0, 1)",,"(2, 1)","(0, 1)",,"(0, 3):dish;(1, 4):dish;(3, 0):soup('onion', 3, 20);(4, 0):soup('onion', 3, 20)","(3, 0):soup('onion', 3, 20);(4, 0):soup('onion', 3, 20)",0.0,21.0,3,"(-1, 0)",0.0,0.0,0.0,0.0,0.0,21.0,False,"(1, 3)",dish,"(1, 1)",,"(0, 3):dish;(3, 0):soup('onion', 3, 20);(4, 0):soup('onion', 3, 20)","(3, 0):soup('onion', 3, 20);(4, 0):soup('onion', 3, 20)"
260,3,"(-1, 0)","(1, 3)","(0, 1)",dish,"(1, 1)","(-1, 0)",,"(0, 3):dish;(3, 0):soup('onion', 3, 20);(4, 0):soup('onion', 3, 20)","(3, 0):soup('onion', 3, 20);(4, 0):soup('onion', 3, 20)",0.0,21.0,2,"(1, 0)",0.0,0.0,0.0,0.0,0.0,21.0,False,"(1, 3)",dish,"(2, 1)",,"(0, 3):dish;(3, 0):soup('onion', 3, 20);(4, 0):soup('onion', 3, 20)","(3, 0):soup('onion', 3, 20);(4, 0):soup('onion', 3, 20)"
261,1,"(0, 1)","(1, 3)","(-1, 0)",dish,"(2, 1)","(1, 0)",,"(0, 3):dish;(3, 0):soup('onion', 3, 20);(4, 0):soup('onion', 3, 20)","(3, 0):soup('onion', 3, 20);(4, 0):soup('onion', 3, 20)",0.0,21.0,1,"(0, 1)",0.0,0.0,0.0,0.0,0.0,21.0,False,"(1, 3)",dish,"(2, 1)",,"(0, 3):dish;(3, 0):soup('onion', 3, 20);(4, 0):soup('onion', 3, 20)","(3, 0):soup('onion', 3, 20);(4, 0):soup('onion', 3, 20)"
262,5,interact,"(1, 3)","(0, 1)",dish,"(2, 1)","(0, 1)",,"(0, 3):dish;(3, 0):soup('onion', 3, 20);(4, 0):soup('onion', 3, 20)","(3, 0):soup('onion', 3, 20);(4, 0):soup('onion', 3, 20)",0.0,21.0,1,"(0, 1)",0.0,0.0,0.0,0.0,0.0,21.0,False,"(1, 3)",,"(2, 1)",,"(0, 3):dish;(1, 4):dish;(3, 0):soup('onion', 3, 20);(4, 0):soup('onion', 3, 20)","(3, 0):soup('onion', 3, 20);(4, 0):soup('onion', 3, 20)"
263,5,interact,"(1, 3)","(0, 1)",,"(2, 1)","(0, 1)",,"(0, 3):dish;(1, 4):dish;(3, 0):soup('onion', 3, 20);(4, 0):soup('onion', 3, 20)","(3, 0):soup('onion', 3, 20);(4, 0):soup('onion', 3, 20)",0.0,21.0,3,"(-1, 0)",0.0,0.0,0.0,0.0,0.0,21.0,False,"(1, 3)",dish,"(1, 1)",,"(0, 3):dish;(3, 0):soup('onion', 3, 20);(4, 0):soup('onion', 3, 20)","(3, 0):soup('onion', 3, 20);(4, 0):soup('onion', 3, 20)"
264,3,"(-1, 0)","(1, 3)","(0, 1)",dish,"(1, 1)","(-1, 0)",,"(0, 3):dish;(3, 0):soup('onion', 3, 20);(4, 0):soup('onion', 3, 20)","(3, 0):soup('onion', 3, 20);(4, 0):soup('onion', 3, 20)",0.0,21.0,2,"(1, 0)",0.0,0.0,0.0,0.0,0.0,21.0,False,"(1, 3)",dish,"(2, 1)",,"(0, 3):dish;(3, 0):soup('onion', 3, 20);(4, 0):soup('onion', 3, 20)","(3, 0):soup('onion', 3, 20);(4, 0):soup('onion', 3, 20)"
265,1,"(0, 1)","(1, 3)","(-1, 0)",dish,"(2, 1)","(1, 0)",,"(0, 3):dish;(3, 0):soup('onion', 3, 20);(4, 0):soup('onion', 3, 20)","(3, 0):soup('onion', 3, 20);(4, 0):soup('onion', 3, 20)",0.0,21.0,1,"(0, 1)",0.0,0.0,0.0,0.0,0.0,21.0,False,"(1, 3)",dish,"(2, 1)",,"(0, 3):dish;(3, 0):soup('onion', 3, 20);(4, 0):soup('onion', 3, 20)","(3, 0):soup('onion', 3, 20);(4, 0):soup('onion', 3, 20)"
266,5,interact,"(1, 3)","(0, 1)",dish,"(2, 1)","(0, 1)",,"(0, 3):dish;(3, 0):soup('onion', 3, 20);(4, 0):soup('onion', 3, 20)","(3, 0):soup('onion', 3, 20);(4, 0):soup('onion', 3, 20)",0.0,21.0,1,"(0, 1)",0.0,0.0,0.0,0.0,0.0,21.0,False,"(1, 3)",,"(2, 1)",,"(0, 3):dish;(1, 4):dish;(3, 0):soup('onion', 3, 20);(4, 0):soup('onion', 3, 20)","(3, 0):soup('onion', 3, 20);(4, 0):soup('onion', 3, 20)"
267,5,interact,"(1, 3)","(0, 1)",,"(2, 1)","(0, 1)",,"(0, 3):dish;(1, 4):dish;(3, 0):soup('onion', 3, 20);(4, 0):soup('onion', 3, 20)","(3, 0):soup('onion', 3, 20);(4, 0):soup('onion', 3, 20)",0.0,21.0,3,"(-1, 0)",0.0,0.0,0.0,0.0,0.0,21.0,False,"(1, 3)",dish,"(1, 1)",,"(0, 3):dish;(3, 0):soup('onion', 3, 20);(4, 0):soup('onion', 3, 20)","(3, 0):soup('onion', 3, 20);(4, 0):soup('onion', 3, 20)"
268,3,"(-1, 0)","(1, 3)","(0, 1)",dish,"(1, 1)","(-1, 0)",,"(0, 3):dish;(3, 0):soup('onion', 3, 20);(4, 0):soup('onion', 3, 20)","(3, 0):soup('onion', 3, 20);(4, 0):soup('onion', 3, 20)",0.0,21.0,2,"(1, 0)",0.0,0.0,0.0,0.0,0.0,21.0,False,"(1, 3)",dish,"(2, 1)",,"(0, 3):dish;(3, 0):soup('onion', 3, 20);(4, 0):soup('onion', 3, 20)","(3, 0):soup('onion', 3, 20);(4, 0):soup('onion', 3, 20)"
269,1,"(0, 1)","(1, 3)","(-1, 0)",dish,"(2, 1)","(1, 0)",,"(0, 3):dish;(3, 0):soup('onion', 3, 20);(4, 0):soup('onion', 3, 20)","(3, 0):soup('onion', 3, 20);(4, 0):soup('onion', 3, 20)",0.0,21.0,1,"(0, 1)",0.0,0.0,0.0,0.0,0.0,21.0,False,"(1, 3)",dish,"(2, 1)",,"(0, 3):dish;(3, 0):soup('onion', 3, 20);(4, 0):soup('onion', 3, 20)","(3, 0):soup('onion', 3, 20);(4, 0):soup('onion', 3, 20)"
270,5,interact,"(1, 3)","(0, 1)",dish,"(2, 1)","(0, 1)",,"(0, 3):dish;(3, 0):soup('onion', 3, 20);(4, 0):soup('onion', 3, 20)","(3, 0):soup('onion', 3, 20);(4, 0):soup('onion', 3, 20)",0.0,21.0,1,"(0, 1)",0.0,0.0,0.0,0.0,0.0,21.0,False,"(1, 3)",,"(2, 1)",,"(0, 3):dish;(1, 4):dish;(3, 0):soup('onion', 3, 20);(4, 0):soup('onion', 3, 20)","(3, 0):soup('onion', 3, 20);(4, 0):soup('onion', 3, 20)"
271,5,interact,"(1, 3)","(0, 1)",,"(2, 1)","(0, 1)",,"(0, 3):dish;(1, 4):dish;(3, 0):soup('onion', 3, 20);(4, 0):soup('onion', 3, 20)","(3, 0):soup('onion', 3, 20);(4, 0):soup('onion', 3, 20)",0.0,21.0,3,"(-1, 0)",0.0,0.0,0.0,0.0,0.0,21.0,False,"(1, 3)",dish,"(1, 1)",,"(0, 3):dish;(3, 0):soup('onion', 3, 20);(4, 0):soup('onion', 3, 20)","(3, 0):soup('onion', 3, 20);(4, 0):soup('onion', 3, 20)"
272,3,"(-1, 0)","(1, 3)","(0, 1)",dish,"(1, 1)","(-1, 0)",,"(0, 3):dish;(3, 0):soup('onion', 3, 20);(4, 0):soup('onion', 3, 20)","(3, 0):soup('onion', 3, 20);(4, 0):soup('onion', 3, 20)",0.0,21.0,2,"(1, 0)",0.0,0.0,0.0,0.0,0.0,21.0,False,"(1, 3)",dish,"(2, 1)",,"(0, 3):dish;(3, 0):soup('onion', 3, 20);(4, 0):soup('onion', 3, 20)","(3, 0):soup('onion', 3, 20);(4, 0):soup('onion', 3, 20)"
273,1,"(0, 1)","(1, 3)","(-1, 0)",dish,"(2, 1)","(1, 0)",,"(0, 3):dish;(3, 0):soup('onion', 3, 20);(4, 0):soup('onion', 3, 20)","(3, 0):soup('onion', 3, 20);(4, 0):soup('onion', 3, 20)",0.0,21.0,1,"(0, 1)",0.0,0.0,0.0,0.0,0.0,21.0,False,"(1, 3)",dish,"(2, 1)",,"(0, 3):dish;(3, 0):soup('onion', 3, 20);(4, 0):soup('onion', 3, 20)","(3, 0):soup('onion', 3, 20);(4, 0):soup('onion', 3, 20)"
274,5,interact,"(1, 3)","(0, 1)",dish,"(2, 1)","(0, 1)",,"(0, 3):dish;(3, 0):soup('onion', 3, 20);(4, 0):soup('onion', 3, 20)","(3, 0):soup('onion', 3, 20);(4, 0):soup('onion', 3, 20)",0.0,21.0,1,"(0, 1)",0.0,0.0,0.0,0.0,0.0,21.0,False,"(1, 3)",,"(2, 1)",,"(0, 3):dish;(1, 4):dish;(3, 0):soup('onion', 3, 20);(4, 0):soup('onion', 3, 20)","(3, 0):soup('onion', 3, 20);(4, 0):soup('onion', 3, 20)"
275,5,interact,"(1, 3)","(0, 1)",,"(2, 1)","(0, 1)",,"(0, 3):dish;(1, 4):dish;(3, 0):soup('onion', 3, 20);(4, 0):soup('onion', 3, 20)","(3, 0):soup('onion', 3, 20);(4, 0):soup('onion', 3, 20)",0.0,21.0,3,"(-1, 0)",0.0,0.0,0.0,0.0,0.0,21.0,False,"(1, 3)",dish,"(1, 1)",,"(0, 3):dish;(3, 0):soup('onion', 3, 20);(4, 0):soup('onion', 3, 20)","(3, 0):soup('onion', 3, 20);(4, 0):soup('onion', 3, 20)"
276,3,"(-1, 0)","(1, 3)","(0, 1)",dish,"(1, 1)","(-1, 0)",,"(0, 3):dish;(3, 0):soup('onion', 3, 20);(4, 0):soup('onion', 3, 20)","(3, 0):soup('onion', 3, 20);(4, 0):soup('onion', 3, 20)",0.0,21.0,2,"(1, 0)",0.0,0.0,0.0,0.0,0.0,21.0,False,"(1, 3)",dish,"(2, 1)",,"(0, 3):dish;(3, 0):soup('onion', 3, 20);(4, 0):soup('onion', 3, 20)","(3, 0):soup('onion', 3, 20);(4, 0):soup('onion', 3, 20)"
277,1,"(0, 1)","(1, 3)","(-1, 0)",dish,"(2, 1)","(1, 0)",,"(0, 3):dish;(3, 0):soup('onion', 3, 20);(4, 0):soup('onion', 3, 20)","(3, 0):soup('onion', 3, 20);(4, 0):soup('onion', 3, 20)",0.0,21.0,1,"(0, 1)",0.0,0.0,0.0,0.0,0.0,21.0,False,"(1, 3)",dish,"(2, 1)",,"(0, 3):dish;(3, 0):soup('onion', 3, 20);(4, 0):soup('onion', 3, 20)","(3, 0):soup('onion', 3, 20);(4, 0):soup('onion', 3, 20)"
278,5,interact,"(1, 3)","(0, 1)",dish,"(2, 1)","(0, 1)",,"(0, 3):dish;(3, 0):soup('onion', 3, 20);(4, 0):soup('onion', 3, 20)","(3, 0):soup('onion', 3, 20);(4, 0):soup('onion', 3, 20)",0.0,21.0,1,"(0, 1)",0.0,0.0,0.0,0.0,0.0,21.0,False,"(1, 3)",,"(2, 1)",,"(0, 3):dish;(1, 4):dish;(3, 0):soup('onion', 3, 20);(4, 0):soup('onion', 3, 20)","(3, 0):soup('onion', 3, 20);(4, 0):soup('onion', 3, 20)"
279,5,interact,"(1, 3)","(0, 1)",,"(2, 1)","(0, 1)",,"(0, 3):dish;(1, 4):dish;(3, 0):soup('onion', 3, 20);(4, 0):soup('onion', 3, 20)","(3, 0):soup('onion', 3, 20);(4, 0):soup('onion', 3, 20)",0.0,21.0,3,"(-1, 0)",0.0,0.0,0.0,0.0,0.0,21.0,False,"(1, 3)",dish,"(1, 1)",,"(0, 3):dish;(3, 0):soup('onion', 3, 20);(4, 0):soup('onion', 3, 20)","(3, 0):soup('onion', 3, 20);(4, 0):soup('onion', 3, 20)"
280,3,"(-1, 0)","(1, 3)","(0, 1)",dish,"(1, 1)","(-1, 0)",,"(0, 3):dish;(3, 0):soup('onion', 3, 20);(4, 0):soup('onion', 3, 20)","(3, 0):soup('onion', 3, 20);(4, 0):soup('onion', 3, 20)",0.0,21.0,2,"(1, 0)",0.0,0.0,0.0,0.0,0.0,21.0,False,"(1, 3)",dish,"(2, 1)",,"(0, 3):dish;(3, 0):soup('onion', 3, 20);(4, 0):soup('onion', 3, 20)","(3, 0):soup('onion', 3, 20);(4, 0):soup('onion', 3, 20)"
281,1,"(0, 1)","(1, 3)","(-1, 0)",dish,"(2, 1)","(1, 0)",,"(0, 3):dish;(3, 0):soup('onion', 3, 20);(4, 0):soup('onion', 3, 20)","(3, 0):soup('onion', 3, 20);(4, 0):soup('onion', 3, 20)",0.0,21.0,1,"(0, 1)",0.0,0.0,0.0,0.0,0.0,21.0,False,"(1, 3)",dish,"(2, 1)",,"(0, 3):dish;(3, 0):soup('onion', 3, 20);(4, 0):soup('onion', 3, 20)","(3, 0):soup('onion', 3, 20);(4, 0):soup('onion', 3, 20)"
282,5,interact,"(1, 3)","(0, 1)",dish,"(2, 1)","(0, 1)",,"(0, 3):dish;(3, 0):soup('onion', 3, 20);(4, 0):soup('onion', 3, 20)","(3, 0):soup('onion', 3, 20);(4, 0):soup('onion', 3, 20)",0.0,21.0,1,"(0, 1)",0.0,0.0,0.0,0.0,0.0,21.0,False,"(1, 3)",,"(2, 1)",,"(0, 3):dish;(1, 4):dish;(3, 0):soup('onion', 3, 20);(4, 0):soup('onion', 3, 20)","(3, 0):soup('onion', 3, 20);(4, 0):soup('onion', 3, 20)"
283,5,interact,"(1, 3)","(0, 1)",,"(2, 1)","(0, 1)",,"(0, 3):dish;(1, 4):dish;(3, 0):soup('onion', 3, 20);(4, 0):soup('onion', 3, 20)","(3, 0):soup('onion', 3, 20);(4, 0):soup('onion', 3, 20)",0.0,21.0,3,"(-1, 0)",0.0,0.0,0.0,0.0,0.0,21.0,False,"(1, 3)",dish,"(1, 1)",,"(0, 3):dish;(3, 0):soup('onion', 3, 20);(4, 0):soup('onion', 3, 20)","(3, 0):soup('onion', 3, 20);(4, 0):soup('onion', 3, 20)"
284,3,"(-1, 0)","(1, 3)","(0, 1)",dish,"(1, 1)","(-1, 0)",,"(0, 3):dish;(3, 0):soup('onion', 3, 20);(4, 0):soup('onion', 3, 20)","(3, 0):soup('onion', 3, 20);(4, 0):soup('onion', 3, 20)",0.0,21.0,2,"(1, 0)",0.0,0.0,0.0,0.0,0.0,21.0,False,"(1, 3)",dish,"(2, 1)",,"(0, 3):dish;(3, 0):soup('onion', 3, 20);(4, 0):soup('onion', 3, 20)","(3, 0):soup('onion', 3, 20);(4, 0):soup('onion', 3, 20)"
285,1,"(0, 1)","(1, 3)","(-1, 0)",dish,"(2, 1)","(1, 0)",,"(0, 3):dish;(3, 0):soup('onion', 3, 20);(4, 0):soup('onion', 3, 20)","(3, 0):soup('onion', 3, 20);(4, 0):soup('onion', 3, 20)",0.0,21.0,1,"(0, 1)",0.0,0.0,0.0,0.0,0.0,21.0,False,"(1, 3)",dish,"(2, 1)",,"(0, 3):dish;(3, 0):soup('onion', 3, 20);(4, 0):soup('onion', 3, 20)","(3, 0):soup('onion', 3, 20);(4, 0):soup('onion', 3, 20)"
286,5,interact,"(1, 3)","(0, 1)",dish,"(2, 1)","(0, 1)",,"(0, 3):dish;(3, 0):soup('onion', 3, 20);(4, 0):soup('onion', 3, 20)","(3, 0):soup('onion', 3, 20);(4, 0):soup('onion', 3, 20)",0.0,21.0,1,"(0, 1)",0.0,0.0,0.0,0.0,0.0,21.0,False,"(1, 3)",,"(2, 1)",,"(0, 3):dish;(1, 4):dish;(3, 0):soup('onion', 3, 20);(4, 0):soup('onion', 3, 20)","(3, 0):soup('onion', 3, 20);(4, 0):soup('onion', 3, 20)"
287,5,interact,"(1, 3)","(0, 1)",,"(2, 1)","(0, 1)",,"(0, 3):dish;(1, 4):dish;(3, 0):soup('onion', 3, 20);(4, 0):soup('onion', 3, 20)","(3, 0):soup('onion', 3, 20);(4, 0):soup('onion', 3, 20)",0.0,21.0,3,"(-1, 0)",0.0,0.0,0.0,0.0,0.0,21.0,False,"(1, 3)",dish,"(1, 1)",,"(0, 3):dish;(3, 0):soup('onion', 3, 20);(4, 0):soup('onion', 3, 20)","(3, 0):soup('onion', 3, 20);(4, 0):soup('onion', 3, 20)"
288,3,"(-1, 0)","(1, 3)","(0, 1)",dish,"(1, 1)","(-1, 0)",,"(0, 3):dish;(3, 0):soup('onion', 3, 20);(4, 0):soup('onion', 3, 20)","(3, 0):soup('onion', 3, 20);(4, 0):soup('onion', 3, 20)",0.0,21.0,2,"(1, 0)",0.0,0.0,0.0,0.0,0.0,21.0,False,"(1, 3)",dish,"(2, 1)",,"(0, 3):dish;(3, 0):soup('onion', 3, 20);(4, 0):soup('onion', 3, 20)","(3, 0):soup('onion', 3, 20);(4, 0):soup('onion', 3, 20)"
289,1,"(0, 1)","(1, 3)","(-1, 0)",dish,"(2, 1)","(1, 0)",,"(0, 3):dish;(3, 0):soup('onion', 3, 20);(4, 0):soup('onion', 3, 20)","(3, 0):soup('onion', 3, 20);(4, 0):soup('onion', 3, 20)",0.0,21.0,1,"(0, 1)",0.0,0.0,0.0,0.0,0.0,21.0,False,"(1, 3)",dish,"(2, 1)",,"(0, 3):dish;(3, 0):soup('onion', 3, 20);(4, 0):soup('onion', 3, 20)","(3, 0):soup('onion', 3, 20);(4, 0):soup('onion', 3, 20)"
290,5,interact,"(1, 3)","(0, 1)",dish,"(2, 1)","(0, 1)",,"(0, 3):dish;(3, 0):soup('onion', 3, 20);(4, 0):soup('onion', 3, 20)","(3, 0):soup('onion', 3, 20);(4, 0):soup('onion', 3, 20)",0.0,21.0,1,"(0, 1)",0.0,0.0,0.0,0.0,0.0,21.0,False,"(1, 3)",,"(2, 1)",,"(0, 3):dish;(1, 4):dish;(3, 0):soup('onion', 3, 20);(4, 0):soup('onion', 3, 20)","(3, 0):soup('onion', 3, 20);(4, 0):soup('onion', 3, 20)"
291,5,interact,"(1, 3)","(0, 1)",,"(2, 1)","(0, 1)",,"(0, 3):dish;(1, 4):dish;(3, 0):soup('onion', 3, 20);(4, 0):soup('onion', 3, 20)","(3, 0):soup('onion', 3, 20);(4, 0):soup('onion', 3, 20)",0.0,21.0,3,"(-1, 0)",0.0,0.0,0.0,0.0,0.0,21.0,False,"(1, 3)",dish,"(1, 1)",,"(0, 3):dish;(3, 0):soup('onion', 3, 20);(4, 0):soup('onion', 3, 20)","(3, 0):soup('onion', 3, 20);(4, 0):soup('onion', 3, 20)"
292,3,"(-1, 0)","(1, 3)","(0, 1)",dish,"(1, 1)","(-1, 0)",,"(0, 3):dish;(3, 0):soup('onion', 3, 20);(4, 0):soup('onion', 3, 20)","(3, 0):soup('onion', 3, 20);(4, 0):soup('onion', 3, 20)",0.0,21.0,2,"(1, 0)",0.0,0.0,0.0,0.0,0.0,21.0,False,"(1, 3)",dish,"(2, 1)",,"(0, 3):dish;(3, 0):soup('onion', 3, 20);(4, 0):soup('onion', 3, 20)","(3, 0):soup('onion', 3, 20);(4, 0):soup('onion', 3, 20)"
293,1,"(0, 1)","(1, 3)","(-1, 0)",dish,"(2, 1)","(1, 0)",,"(0, 3):dish;(3, 0):soup('onion', 3, 20);(4, 0):soup('onion', 3, 20)","(3, 0):soup('onion', 3, 20);(4, 0):soup('onion', 3, 20)",0.0,21.0,1,"(0, 1)",0.0,0.0,0.0,0.0,0.0,21.0,False,"(1, 3)",dish,"(2, 1)",,"(0, 3):dish;(3, 0):soup('onion', 3, 20);(4, 0):soup('onion', 3, 20)","(3, 0):soup('onion', 3, 20);(4, 0):soup('onion', 3, 20)"
294,5,interact,"(1, 3)","(0, 1)",dish,"(2, 1)","(0, 1)",,"(0, 3):dish;(3, 0):soup('onion', 3, 20);(4, 0):soup('onion', 3, 20)","(3, 0):soup('onion', 3, 20);(4, 0):soup('onion', 3, 20)",0.0,21.0,1,"(0, 1)",0.0,0.0,0.0,0.0,0.0,21.0,False,"(1, 3)",,"(2, 1)",,"(0, 3):dish;(1, 4):dish;(3, 0):soup('onion', 3, 20);(4, 0):soup('onion', 3, 20)","(3, 0):soup('onion', 3, 20);(4, 0):soup('onion', 3, 20)"
295,5,interact,"(1, 3)","(0, 1)",,"(2, 1)","(0, 1)",,"(0, 3):dish;(1, 4):dish;(3, 0):soup('onion', 3, 20);(4, 0):soup('onion', 3, 20)","(3, 0):soup('onion', 3, 20);(4, 0):soup('onion', 3, 20)",0.0,21.0,3,"(-1, 0)",0.0,0.0,0.0,0.0,0.0,21.0,False,"(1, 3)",dish,"(1, 1)",,"(0, 3):dish;(3, 0):soup('onion', 3, 20);(4, 0):soup('onion', 3, 20)","(3, 0):soup('onion', 3, 20);(4, 0):soup('onion', 3, 20)"
296,3,"(-1, 0)","(1, 3)","(0, 1)",dish,"(1, 1)","(-1, 0)",,"(0, 3):dish;(3, 0):soup('onion', 3, 20);(4, 0):soup('onion', 3, 20)","(3, 0):soup('onion', 3, 20);(4, 0):soup('onion', 3, 20)",0.0,21.0,2,"(1, 0)",0.0,0.0,0.0,0.0,0.0,21.0,False,"(1, 3)",dish,"(2, 1)",,"(0, 3):dish;(3, 0):soup('onion', 3, 20);(4, 0):soup('onion', 3, 20)","(3, 0):soup('onion', 3, 20);(4, 0):soup('onion', 3, 20)"
297,1,"(0, 1)","(1, 3)","(-1, 0)",dish,"(2, 1)","(1, 0)",,"(0, 3):dish;(3, 0):soup('onion', 3, 20);(4, 0):soup('onion', 3, 20)","(3, 0):soup('onion', 3, 20);(4, 0):soup('onion', 3, 20)",0.0,21.0,1,"(0, 1)",0.0,0.0,0.0,0.0,0.0,21.0,False,"(1, 3)",dish,"(2, 1)",,"(0, 3):dish;(3, 0):soup('onion', 3, 20);(4, 0):soup('onion', 3, 20)","(3, 0):soup('onion', 3, 20);(4, 0):soup('onion', 3, 20)"
298,5,interact,"(1, 3)","(0, 1)",dish,"(2, 1)","(0, 1)",,"(0, 3):dish;(3, 0):soup('onion', 3, 20);(4, 0):soup('onion', 3, 20)","(3, 0):soup('onion', 3, 20);(4, 0):soup('onion', 3, 20)",0.0,21.0,1,"(0, 1)",0.0,0.0,0.0,0.0,0.0,21.0,False,"(1, 3)",,"(2, 1)",,"(0, 3):dish;(1, 4):dish;(3, 0):soup('onion', 3, 20);(4, 0):soup('onion', 3, 20)","(3, 0):soup('onion', 3, 20);(4, 0):soup('onion', 3, 20)"
299,5,interact,"(1, 3)","(0, 1)",,"(2, 1)","(0, 1)",,"(0, 3):dish;(1, 4):dish;(3, 0):soup('onion', 3, 20);(4, 0):soup('onion', 3, 20)","(3, 0):soup('onion', 3, 20);(4, 0):soup('onion', 3, 20)",0.0,21.0,3,"(-1, 0)",0.0,0.0,0.0,0.0,0.0,21.0,False,"(1, 3)",dish,"(1, 1)",,"(0, 3):dish;(3, 0):soup('onion', 3, 20);(4, 0):soup('onion', 3, 20)","(3, 0):soup('onion', 3, 20);(4, 0):soup('onion', 3, 20)"
300,3,"(-1, 0)","(1, 3)","(0, 1)",dish,"(1, 1)","(-1, 0)",,"(0, 3):dish;(3, 0):soup('onion', 3, 20);(4, 0):soup('onion', 3, 20)","(3, 0):soup('onion', 3, 20);(4, 0):soup('onion', 3, 20)",0.0,21.0,2,"(1, 0)",0.0,0.0,0.0,0.0,0.0,21.0,False,"(1, 3)",dish,"(2, 1)",,"(0, 3):dish;(3, 0):soup('onion', 3, 20);(4, 0):soup('onion', 3, 20)","(3, 0):soup('onion', 3, 20);(4, 0):soup('onion', 3, 20)"
301,1,"(0, 1)","(1, 3)","(-1, 0)",dish,"(2, 1)","(1, 0)",,"(0, 3):dish;(3, 0):soup('onion', 3, 20);(4, 0):soup('onion', 3, 20)","(3, 0):soup('onion', 3, 20);(4, 0):soup('onion', 3, 20)",0.0,21.0,1,"(0, 1)",0.0,0.0,0.0,0.0,0.0,21.0,False,"(1, 3)",dish,"(2, 1)",,"(0, 3):dish;(3, 0):soup('onion', 3, 20);(4, 0):soup('onion', 3, 20)","(3, 0):soup('onion', 3, 20);(4, 0):soup('onion', 3, 20)"
302,5,interact,"(1, 3)","(0, 1)",dish,"(2, 1)","(0, 1)",,"(0, 3):dish;(3, 0):soup('onion', 3, 20);(4, 0):soup('onion', 3, 20)","(3, 0):soup('onion', 3, 20);(4, 0):soup('onion', 3, 20)",0.0,21.0,1,"(0, 1)",0.0,0.0,0.0,0.0,0.0,21.0,False,"(1, 3)",,"(2, 1)",,"(0, 3):dish;(1, 4):dish;(3, 0):soup('onion', 3, 20);(4, 0):soup('onion', 3, 20)","(3, 0):soup('onion', 3, 20);(4, 0):soup('onion', 3, 20)"
303,5,interact,"(1, 3)","(0, 1)",,"(2, 1)","(0, 1)",,"(0, 3):dish;(1, 4):dish;(3, 0):soup('onion', 3, 20);(4, 0):soup('onion', 3, 20)","(3, 0):soup('onion', 3, 20);(4, 0):soup('onion', 3, 20)",0.0,21.0,3,"(-1, 0)",0.0,0.0,0.0,0.0,0.0,21.0,False,"(1, 3)",dish,"(1, 1)",,"(0, 3):dish;(3, 0):soup('onion', 3, 20);(4, 0):soup('onion', 3, 20)","(3, 0):soup('onion', 3, 20);(4, 0):soup('onion', 3, 20)"
304,3,"(-1, 0)","(1, 3)","(0, 1)",dish,"(1, 1)","(-1, 0)",,"(0, 3):dish;(3, 0):soup('onion', 3, 20);(4, 0):soup('onion', 3, 20)","(3, 0):soup('onion', 3, 20);(4, 0):soup('onion', 3, 20)",0.0,21.0,2,"(1, 0)",0.0,0.0,0.0,0.0,0.0,21.0,False,"(1, 3)",dish,"(2, 1)",,"(0, 3):dish;(3, 0):soup('onion', 3, 20);(4, 0):soup('onion', 3, 20)","(3, 0):soup('onion', 3, 20);(4, 0):soup('onion', 3, 20)"
305,1,"(0, 1)","(1, 3)","(-1, 0)",dish,"(2, 1)","(1, 0)",,"(0, 3):dish;(3, 0):soup('onion', 3, 20);(4, 0):soup('onion', 3, 20)","(3, 0):soup('onion', 3, 20);(4, 0):soup('onion', 3, 20)",0.0,21.0,1,"(0, 1)",0.0,0.0,0.0,0.0,0.0,21.0,False,"(1, 3)",dish,"(2, 1)",,"(0, 3):dish;(3, 0):soup('onion', 3, 20);(4, 0):soup('onion', 3, 20)","(3, 0):soup('onion', 3, 20);(4, 0):soup('onion', 3, 20)"
306,5,interact,"(1, 3)","(0, 1)",dish,"(2, 1)","(0, 1)",,"(0, 3):dish;(3, 0):soup('onion', 3, 20);(4, 0):soup('onion', 3, 20)","(3, 0):soup('onion', 3, 20);(4, 0):soup('onion', 3, 20)",0.0,21.0,1,"(0, 1)",0.0,0.0,0.0,0.0,0.0,21.0,False,"(1, 3)",,"(2, 1)",,"(0, 3):dish;(1, 4):dish;(3, 0):soup('onion', 3, 20);(4, 0):soup('onion', 3, 20)","(3, 0):soup('onion', 3, 20);(4, 0):soup('onion', 3, 20)"
307,5,interact,"(1, 3)","(0, 1)",,"(2, 1)","(0, 1)",,"(0, 3):dish;(1, 4):dish;(3, 0):soup('onion', 3, 20);(4, 0):soup('onion', 3, 20)","(3, 0):soup('onion', 3, 20);(4, 0):soup('onion', 3, 20)",0.0,21.0,3,"(-1, 0)",0.0,0.0,0.0,0.0,0.0,21.0,False,"(1, 3)",dish,"(1, 1)",,"(0, 3):dish;(3, 0):soup('onion', 3, 20);(4, 0):soup('onion', 3, 20)","(3, 0):soup('onion', 3, 20);(4, 0):soup('onion', 3, 20)"
308,3,"(-1, 0)","(1, 3)","(0, 1)",dish,"(1, 1)","(-1, 0)",,"(0, 3):dish;(3, 0):soup('onion', 3, 20);(4, 0):soup('onion', 3, 20)","(3, 0):soup('onion', 3, 20);(4, 0):soup('onion', 3, 20)",0.0,21.0,2,"(1, 0)",0.0,0.0,0.0,0.0,0.0,21.0,False,"(1, 3)",dish,"(2, 1)",,"(0, 3):dish;(3, 0):soup('onion', 3, 20);(4, 0):soup('onion', 3, 20)","(3, 0):soup('onion', 3, 20);(4, 0):soup('onion', 3, 20)"
309,1,"(0, 1)","(1, 3)","(-1, 0)",dish,"(2, 1)","(1, 0)",,"(0, 3):dish;(3, 0):soup('onion', 3, 20);(4, 0):soup('onion', 3, 20)","(3, 0):soup('onion', 3, 20);(4, 0):soup('onion', 3, 20)",0.0,21.0,1,"(0, 1)",0.0,0.0,0.0,0.0,0.0,21.0,False,"(1, 3)",dish,"(2, 1)",,"(0, 3):dish;(3, 0):soup('onion', 3, 20);(4, 0):soup('onion', 3, 20)","(3, 0):soup('onion', 3, 20);(4, 0):soup('onion', 3, 20)"
310,5,interact,"(1, 3)","(0, 1)",dish,"(2, 1)","(0, 1)",,"(0, 3):dish;(3, 0):soup('onion', 3, 20);(4, 0):soup('onion', 3, 20)","(3, 0):soup('onion', 3, 20);(4, 0):soup('onion', 3, 20)",0.0,21.0,1,"(0, 1)",0.0,0.0,0.0,0.0,0.0,21.0,False,"(1, 3)",,"(2, 1)",,"(0, 3):dish;(1, 4):dish;(3, 0):soup('onion', 3, 20);(4, 0):soup('onion', 3, 20)","(3, 0):soup('onion', 3, 20);(4, 0):soup('onion', 3, 20)"
311,5,interact,"(1, 3)","(0, 1)",,"(2, 1)","(0, 1)",,"(0, 3):dish;(1, 4):dish;(3, 0):soup('onion', 3, 20);(4, 0):soup('onion', 3, 20)","(3, 0):soup('onion', 3, 20);(4, 0):soup('onion', 3, 20)",0.0,21.0,3,"(-1, 0)",0.0,0.0,0.0,0.0,0.0,21.0,False,"(1, 3)",dish,"(1, 1)",,"(0, 3):dish;(3, 0):soup('onion', 3, 20);(4, 0):soup('onion', 3, 20)","(3, 0):soup('onion', 3, 20);(4, 0):soup('onion', 3, 20)"
312,3,"(-1, 0)","(1, 3)","(0, 1)",dish,"(1, 1)","(-1, 0)",,"(0, 3):dish;(3, 0):soup('onion', 3, 20);(4, 0):soup('onion', 3, 20)","(3, 0):soup('onion', 3, 20);(4, 0):soup('onion', 3, 20)",0.0,21.0,2,"(1, 0)",0.0,0.0,0.0,0.0,0.0,21.0,False,"(1, 3)",dish,"(2, 1)",,"(0, 3):dish;(3, 0):soup('onion', 3, 20);(4, 0):soup('onion', 3, 20)","(3, 0):soup('onion', 3, 20);(4, 0):soup('onion', 3, 20)"
313,1,"(0, 1)","(1, 3)","(-1, 0)",dish,"(2, 1)","(1, 0)",,"(0, 3):dish;(3, 0):soup('onion', 3, 20);(4, 0):soup('onion', 3, 20)","(3, 0):soup('onion', 3, 20);(4, 0):soup('onion', 3, 20)",0.0,21.0,1,"(0, 1)",0.0,0.0,0.0,0.0,0.0,21.0,False,"(1, 3)",dish,"(2, 1)",,"(0, 3):dish;(3, 0):soup('onion', 3, 20);(4, 0):soup('onion', 3, 20)","(3, 0):soup('onion', 3, 20);(4, 0):soup('onion', 3, 20)"
314,5,interact,"(1, 3)","(0, 1)",dish,"(2, 1)","(0, 1)",,"(0, 3):dish;(3, 0):soup('onion', 3, 20);(4, 0):soup('onion', 3, 20)","(3, 0):soup('onion', 3, 20);(4, 0):soup('onion', 3, 20)",0.0,21.0,1,"(0, 1)",0.0,0.0,0.0,0.0,0.0,21.0,False,"(1, 3)",,"(2, 1)",,"(0, 3):dish;(1, 4):dish;(3, 0):soup('onion', 3, 20);(4, 0):soup('onion', 3, 20)","(3, 0):soup('onion', 3, 20);(4, 0):soup('onion', 3, 20)"
315,5,interact,"(1, 3)","(0, 1)",,"(2, 1)","(0, 1)",,"(0, 3):dish;(1, 4):dish;(3, 0):soup('onion', 3, 20);(4, 0):soup('onion', 3, 20)","(3, 0):soup('onion', 3, 20);(4, 0):soup('onion', 3, 20)",0.0,21.0,3,"(-1, 0)",0.0,0.0,0.0,0.0,0.0,21.0,False,"(1, 3)",dish,"(1, 1)",,"(0, 3):dish;(3, 0):soup('onion', 3, 20);(4, 0):soup('onion', 3, 20)","(3, 0):soup('onion', 3, 20);(4, 0):soup('onion', 3, 20)"
316,3,"(-1, 0)","(1, 3)","(0, 1)",dish,"(1, 1)","(-1, 0)",,"(0, 3):dish;(3, 0):soup('onion', 3, 20);(4, 0):soup('onion', 3, 20)","(3, 0):soup('onion', 3, 20);(4, 0):soup('onion', 3, 20)",0.0,21.0,2,"(1, 0)",0.0,0.0,0.0,0.0,0.0,21.0,False,"(1, 3)",dish,"(2, 1)",,"(0, 3):dish;(3, 0):soup('onion', 3, 20);(4, 0):soup('onion', 3, 20)","(3, 0):soup('onion', 3, 20);(4, 0):soup('onion', 3, 20)"
317,1,"(0, 1)","(1, 3)","(-1, 0)",dish,"(2, 1)","(1, 0)",,"(0, 3):dish;(3, 0):soup('onion', 3, 20);(4, 0):soup('onion', 3, 20)","(3, 0):soup('onion', 3, 20);(4, 0):soup('onion', 3, 20)",0.0,21.0,1,"(0, 1)",0.0,0.0,0.0,0.0,0.0,21.0,False,"(1, 3)",dish,"(2, 1)",,"(0, 3):dish;(3, 0):soup('onion', 3, 20);(4, 0):soup('onion', 3, 20)","(3, 0):soup('onion', 3, 20);(4, 0):soup('onion', 3, 20)"
318,5,interact,"(1, 3)","(0, 1)",dish,"(2, 1)","(0, 1)",,"(0, 3):dish;(3, 0):soup('onion', 3, 20);(4, 0):soup('onion', 3, 20)","(3, 0):soup('onion', 3, 20);(4, 0):soup('onion', 3, 20)",0.0,21.0,1,"(0, 1)",0.0,0.0,0.0,0.0,0.0,21.0,False,"(1, 3)",,"(2, 1)",,"(0, 3):dish;(1, 4):dish;(3, 0):soup('onion', 3, 20);(4, 0):soup('onion', 3, 20)","(3, 0):soup('onion', 3, 20);(4, 0):soup('onion', 3, 20)"
319,5,interact,"(1, 3)","(0, 1)",,"(2, 1)","(0, 1)",,"(0, 3):dish;(1, 4):dish;(3, 0):soup('onion', 3, 20);(4, 0):soup('onion', 3, 20)","(3, 0):soup('onion', 3, 20);(4, 0):soup('onion', 3, 20)",0.0,21.0,3,"(-1, 0)",0.0,0.0,0.0,0.0,0.0,21.0,False,"(1, 3)",dish,"(1, 1)",,"(0, 3):dish;(3, 0):soup('onion', 3, 20);(4, 0):soup('onion', 3, 20)","(3, 0):soup('onion', 3, 20);(4, 0):soup('onion', 3, 20)"
320,3,"(-1, 0)","(1, 3)","(0, 1)",dish,"(1, 1)","(-1, 0)",,"(0, 3):dish;(3, 0):soup('onion', 3, 20);(4, 0):soup('onion', 3, 20)","(3, 0):soup('onion', 3, 20);(4, 0):soup('onion', 3, 20)",0.0,21.0,2,"(1, 0)",0.0,0.0,0.0,0.0,0.0,21.0,False,"(1, 3)",dish,"(2, 1)",,"(0, 3):dish;(3, 0):soup('onion', 3, 20);(4, 0):soup('onion', 3, 20)","(3, 0):soup('onion', 3, 20);(4, 0):soup('onion', 3, 20)"
321,1,"(0, 1)","(1, 3)","(-1, 0)",dish,"(2, 1)","(1, 0)",,"(0, 3):dish;(3, 0):soup('onion', 3, 20);(4, 0):soup('onion', 3, 20)","(3, 0):soup('onion', 3, 20);(4, 0):soup('onion', 3, 20)",0.0,21.0,1,"(0, 1)",0.0,0.0,0.0,0.0,0.0,21.0,False,"(1, 3)",dish,"(2, 1)",,"(0, 3):dish;(3, 0):soup('onion', 3, 20);(4, 0):soup('onion', 3, 20)","(3, 0):soup('onion', 3, 20);(4, 0):soup('onion', 3, 20)"
322,5,interact,"(1, 3)","(0, 1)",dish,"(2, 1)","(0, 1)",,"(0, 3):dish;(3, 0):soup('onion', 3, 20);(4, 0):soup('onion', 3, 20)","(3, 0):soup('onion', 3, 20);(4, 0):soup('onion', 3, 20)",0.0,21.0,1,"(0, 1)",0.0,0.0,0.0,0.0,0.0,21.0,False,"(1, 3)",,"(2, 1)",,"(0, 3):dish;(1, 4):dish;(3, 0):soup('onion', 3, 20);(4, 0):soup('onion', 3, 20)","(3, 0):soup('onion', 3, 20);(4, 0):soup('onion', 3, 20)"
323,5,interact,"(1, 3)","(0, 1)",,"(2, 1)","(0, 1)",,"(0, 3):dish;(1, 4):dish;(3, 0):soup('onion', 3, 20);(4, 0):soup('onion', 3, 20)","(3, 0):soup('onion', 3, 20);(4, 0):soup('onion', 3, 20)",0.0,21.0,3,"(-1, 0)",0.0,0.0,0.0,0.0,0.0,21.0,False,"(1, 3)",dish,"(1, 1)",,"(0, 3):dish;(3, 0):soup('onion', 3, 20);(4, 0):soup('onion', 3, 20)","(3, 0):soup('onion', 3, 20);(4, 0):soup('onion', 3, 20)"
324,3,"(-1, 0)","(1, 3)","(0, 1)",dish,"(1, 1)","(-1, 0)",,"(0, 3):dish;(3, 0):soup('onion', 3, 20);(4, 0):soup('onion', 3, 20)","(3, 0):soup('onion', 3, 20);(4, 0):soup('onion', 3, 20)",0.0,21.0,2,"(1, 0)",0.0,0.0,0.0,0.0,0.0,21.0,False,"(1, 3)",dish,"(2, 1)",,"(0, 3):dish;(3, 0):soup('onion', 3, 20);(4, 0):soup('onion', 3, 20)","(3, 0):soup('onion', 3, 20);(4, 0):soup('onion', 3, 20)"
325,1,"(0, 1)","(1, 3)","(-1, 0)",dish,"(2, 1)","(1, 0)",,"(0, 3):dish;(3, 0):soup('onion', 3, 20);(4, 0):soup('onion', 3, 20)","(3, 0):soup('onion', 3, 20);(4, 0):soup('onion', 3, 20)",0.0,21.0,1,"(0, 1)",0.0,0.0,0.0,0.0,0.0,21.0,False,"(1, 3)",dish,"(2, 1)",,"(0, 3):dish;(3, 0):soup('onion', 3, 20);(4, 0):soup('onion', 3, 20)","(3, 0):soup('onion', 3, 20);(4, 0):soup('onion', 3, 20)"
326,5,interact,"(1, 3)","(0, 1)",dish,"(2, 1)","(0, 1)",,"(0, 3):dish;(3, 0):soup('onion', 3, 20);(4, 0):soup('onion', 3, 20)","(3, 0):soup('onion', 3, 20);(4, 0):soup('onion', 3, 20)",0.0,21.0,1,"(0, 1)",0.0,0.0,0.0,0.0,0.0,21.0,False,"(1, 3)",,"(2, 1)",,"(0, 3):dish;(1, 4):dish;(3, 0):soup('onion', 3, 20);(4, 0):soup('onion', 3, 20)","(3, 0):soup('onion', 3, 20);(4, 0):soup('onion', 3, 20)"
327,5,interact,"(1, 3)","(0, 1)",,"(2, 1)","(0, 1)",,"(0, 3):dish;(1, 4):dish;(3, 0):soup('onion', 3, 20);(4, 0):soup('onion', 3, 20)","(3, 0):soup('onion', 3, 20);(4, 0):soup('onion', 3, 20)",0.0,21.0,3,"(-1, 0)",0.0,0.0,0.0,0.0,0.0,21.0,False,"(1, 3)",dish,"(1, 1)",,"(0, 3):dish;(3, 0):soup('onion', 3, 20);(4, 0):soup('onion', 3, 20)","(3, 0):soup('onion', 3, 20);(4, 0):soup('onion', 3, 20)"
328,3,"(-1, 0)","(1, 3)","(0, 1)",dish,"(1, 1)","(-1, 0)",,"(0, 3):dish;(3, 0):soup('onion', 3, 20);(4, 0):soup('onion', 3, 20)","(3, 0):soup('onion', 3, 20);(4, 0):soup('onion', 3, 20)",0.0,21.0,2,"(1, 0)",0.0,0.0,0.0,0.0,0.0,21.0,False,"(1, 3)",dish,"(2, 1)",,"(0, 3):dish;(3, 0):soup('onion', 3, 20);(4, 0):soup('onion', 3, 20)","(3, 0):soup('onion', 3, 20);(4, 0):soup('onion', 3, 20)"
329,1,"(0, 1)","(1, 3)","(-1, 0)",dish,"(2, 1)","(1, 0)",,"(0, 3):dish;(3, 0):soup('onion', 3, 20);(4, 0):soup('onion', 3, 20)","(3, 0):soup('onion', 3, 20);(4, 0):soup('onion', 3, 20)",0.0,21.0,1,"(0, 1)",0.0,0.0,0.0,0.0,0.0,21.0,False,"(1, 3)",dish,"(2, 1)",,"(0, 3):dish;(3, 0):soup('onion', 3, 20);(4, 0):soup('onion', 3, 20)","(3, 0):soup('onion', 3, 20);(4, 0):soup('onion', 3, 20)"
330,5,interact,"(1, 3)","(0, 1)",dish,"(2, 1)","(0, 1)",,"(0, 3):dish;(3, 0):soup('onion', 3, 20);(4, 0):soup('onion', 3, 20)","(3, 0):soup('onion', 3, 20);(4, 0):soup('onion', 3, 20)",0.0,21.0,1,"(0, 1)",0.0,0.0,0.0,0.0,0.0,21.0,False,"(1, 3)",,"(2, 1)",,"(0, 3):dish;(1, 4):dish;(3, 0):soup('onion', 3, 20);(4, 0):soup('onion', 3, 20)","(3, 0):soup('onion', 3, 20);(4, 0):soup('onion', 3, 20)"
331,5,interact,"(1, 3)","(0, 1)",,"(2, 1)","(0, 1)",,"(0, 3):dish;(1, 4):dish;(3, 0):soup('onion', 3, 20);(4, 0):soup('onion', 3, 20)","(3, 0):soup('onion', 3, 20);(4, 0):soup('onion', 3, 20)",0.0,21.0,3,"(-1, 0)",0.0,0.0,0.0,0.0,0.0,21.0,False,"(1, 3)",dish,"(1, 1)",,"(0, 3):dish;(3, 0):soup('onion', 3, 20);(4, 0):soup('onion', 3, 20)","(3, 0):soup('onion', 3, 20);(4, 0):soup('onion', 3, 20)"
332,3,"(-1, 0)","(1, 3)","(0, 1)",dish,"(1, 1)","(-1, 0)",,"(0, 3):dish;(3, 0):soup('onion', 3, 20);(4, 0):soup('onion', 3, 20)","(3, 0):soup('onion', 3, 20);(4, 0):soup('onion', 3, 20)",0.0,21.0,2,"(1, 0)",0.0,0.0,0.0,0.0,0.0,21.0,False,"(1, 3)",dish,"(2, 1)",,"(0, 3):dish;(3, 0):soup('onion', 3, 20);(4, 0):soup('onion', 3, 20)","(3, 0):soup('onion', 3, 20);(4, 0):soup('onion', 3, 20)"
333,1,"(0, 1)","(1, 3)","(-1, 0)",dish,"(2, 1)","(1, 0)",,"(0, 3):dish;(3, 0):soup('onion', 3, 20);(4, 0):soup('onion', 3, 20)","(3, 0):soup('onion', 3, 20);(4, 0):soup('onion', 3, 20)",0.0,21.0,1,"(0, 1)",0.0,0.0,0.0,0.0,0.0,21.0,False,"(1, 3)",dish,"(2, 1)",,"(0, 3):dish;(3, 0):soup('onion', 3, 20);(4, 0):soup('onion', 3, 20)","(3, 0):soup('onion', 3, 20);(4, 0):soup('onion', 3, 20)"
334,5,interact,"(1, 3)","(0, 1)",dish,"(2, 1)","(0, 1)",,"(0, 3):dish;(3, 0):soup('onion', 3, 20);(4, 0):soup('onion', 3, 20)","(3, 0):soup('onion', 3, 20);(4, 0):soup('onion', 3, 20)",0.0,21.0,1,"(0, 1)",0.0,0.0,0.0,0.0,0.0,21.0,False,"(1, 3)",,"(2, 1)",,"(0, 3):dish;(1, 4):dish;(3, 0):soup('onion', 3, 20);(4, 0):soup('onion', 3, 20)","(3, 0):soup('onion', 3, 20);(4, 0):soup('onion', 3, 20)"
335,5,interact,"(1, 3)","(0, 1)",,"(2, 1)","(0, 1)",,"(0, 3):dish;(1, 4):dish;(3, 0):soup('onion', 3, 20);(4, 0):soup('onion', 3, 20)","(3, 0):soup('onion', 3, 20);(4, 0):soup('onion', 3, 20)",0.0,21.0,3,"(-1, 0)",0.0,0.0,0.0,0.0,0.0,21.0,False,"(1, 3)",dish,"(1, 1)",,"(0, 3):dish;(3, 0):soup('onion', 3, 20);(4, 0):soup('onion', 3, 20)","(3, 0):soup('onion', 3, 20);(4, 0):soup('onion', 3, 20)"
336,3,"(-1, 0)","(1, 3)","(0, 1)",dish,"(1, 1)","(-1, 0)",,"(0, 3):dish;(3, 0):soup('onion', 3, 20);(4, 0):soup('onion', 3, 20)","(3, 0):soup('onion', 3, 20);(4, 0):soup('onion', 3, 20)",0.0,21.0,2,"(1, 0)",0.0,0.0,0.0,0.0,0.0,21.0,False,"(1, 3)",dish,"(2, 1)",,"(0, 3):dish;(3, 0):soup('onion', 3, 20);(4, 0):soup('onion', 3, 20)","(3, 0):soup('onion', 3, 20);(4, 0):soup('onion', 3, 20)"
337,1,"(0, 1)","(1, 3)","(-1, 0)",dish,"(2, 1)","(1, 0)",,"(0, 3):dish;(3, 0):soup('onion', 3, 20);(4, 0):soup('onion', 3, 20)","(3, 0):soup('onion', 3, 20);(4, 0):soup('onion', 3, 20)",0.0,21.0,1,"(0, 1)",0.0,0.0,0.0,0.0,0.0,21.0,False,"(1, 3)",dish,"(2, 1)",,"(0, 3):dish;(3, 0):soup('onion', 3, 20);(4, 0):soup('onion', 3, 20)","(3, 0):soup('onion', 3, 20);(4, 0):soup('onion', 3, 20)"
338,5,interact,"(1, 3)","(0, 1)",dish,"(2, 1)","(0, 1)",,"(0, 3):dish;(3, 0):soup('onion', 3, 20);(4, 0):soup('onion', 3, 20)","(3, 0):soup('onion', 3, 20);(4, 0):soup('onion', 3, 20)",0.0,21.0,1,"(0, 1)",0.0,0.0,0.0,0.0,0.0,21.0,False,"(1, 3)",,"(2, 1)",,"(0, 3):dish;(1, 4):dish;(3, 0):soup('onion', 3, 20);(4, 0):soup('onion', 3, 20)","(3, 0):soup('onion', 3, 20);(4, 0):soup('onion', 3, 20)"
339,5,interact,"(1, 3)","(0, 1)",,"(2, 1)","(0, 1)",,"(0, 3):dish;(1, 4):dish;(3, 0):soup('onion', 3, 20);(4, 0):soup('onion', 3, 20)","(3, 0):soup('onion', 3, 20);(4, 0):soup('onion', 3, 20)",0.0,21.0,3,"(-1, 0)",0.0,0.0,0.0,0.0,0.0,21.0,False,"(1, 3)",dish,"(1, 1)",,"(0, 3):dish;(3, 0):soup('onion', 3, 20);(4, 0):soup('onion', 3, 20)","(3, 0):soup('onion', 3, 20);(4, 0):soup('onion', 3, 20)"
340,3,"(-1, 0)","(1, 3)","(0, 1)",dish,"(1, 1)","(-1, 0)",,"(0, 3):dish;(3, 0):soup('onion', 3, 20);(4, 0):soup('onion', 3, 20)","(3, 0):soup('onion', 3, 20);(4, 0):soup('onion', 3, 20)",0.0,21.0,2,"(1, 0)",0.0,0.0,0.0,0.0,0.0,21.0,False,"(1, 3)",dish,"(2, 1)",,"(0, 3):dish;(3, 0):soup('onion', 3, 20);(4, 0):soup('onion', 3, 20)","(3, 0):soup('onion', 3, 20);(4, 0):soup('onion', 3, 20)"
341,1,"(0, 1)","(1, 3)","(-1, 0)",dish,"(2, 1)","(1, 0)",,"(0, 3):dish;(3, 0):soup('onion', 3, 20);(4, 0):soup('onion', 3, 20)","(3, 0):soup('onion', 3, 20);(4, 0):soup('onion', 3, 20)",0.0,21.0,1,"(0, 1)",0.0,0.0,0.0,0.0,0.0,21.0,False,"(1, 3)",dish,"(2, 1)",,"(0, 3):dish;(3, 0):soup('onion', 3, 20);(4, 0):soup('onion', 3, 20)","(3, 0):soup('onion', 3, 20);(4, 0):soup('onion', 3, 20)"
342,5,interact,"(1, 3)","(0, 1)",dish,"(2, 1)","(0, 1)",,"(0, 3):dish;(3, 0):soup('onion', 3, 20);(4, 0):soup('onion', 3, 20)","(3, 0):soup('onion', 3, 20);(4, 0):soup('onion', 3, 20)",0.0,21.0,1,"(0, 1)",0.0,0.0,0.0,0.0,0.0,21.0,False,"(1, 3)",,"(2, 1)",,"(0, 3):dish;(1, 4):dish;(3, 0):soup('onion', 3, 20);(4, 0):soup('onion', 3, 20)","(3, 0):soup('onion', 3, 20);(4, 0):soup('onion', 3, 20)"
343,5,interact,"(1, 3)","(0, 1)",,"(2, 1)","(0, 1)",,"(0, 3):dish;(1, 4):dish;(3, 0):soup('onion', 3, 20);(4, 0):soup('onion', 3, 20)","(3, 0):soup('onion', 3, 20);(4, 0):soup('onion', 3, 20)",0.0,21.0,3,"(-1, 0)",0.0,0.0,0.0,0.0,0.0,21.0,False,"(1, 3)",dish,"(1, 1)",,"(0, 3):dish;(3, 0):soup('onion', 3, 20);(4, 0):soup('onion', 3, 20)","(3, 0):soup('onion', 3, 20);(4, 0):soup('onion', 3, 20)"
344,3,"(-1, 0)","(1, 3)","(0, 1)",dish,"(1, 1)","(-1, 0)",,"(0, 3):dish;(3, 0):soup('onion', 3, 20);(4, 0):soup('onion', 3, 20)","(3, 0):soup('onion', 3, 20);(4, 0):soup('onion', 3, 20)",0.0,21.0,2,"(1, 0)",0.0,0.0,0.0,0.0,0.0,21.0,False,"(1, 3)",dish,"(2, 1)",,"(0, 3):dish;(3, 0):soup('onion', 3, 20);(4, 0):soup('onion', 3, 20)","(3, 0):soup('onion', 3, 20);(4, 0):soup('onion', 3, 20)"
345,1,"(0, 1)","(1, 3)","(-1, 0)",dish,"(2, 1)","(1, 0)",,"(0, 3):dish;(3, 0):soup('onion', 3, 20);(4, 0):soup('onion', 3, 20)","(3, 0):soup('onion', 3, 20);(4, 0):soup('onion', 3, 20)",0.0,21.0,1,"(0, 1)",0.0,0.0,0.0,0.0,0.0,21.0,False,"(1, 3)",dish,"(2, 1)",,"(0, 3):dish;(3, 0):soup('onion', 3, 20);(4, 0):soup('onion', 3, 20)","(3, 0):soup('onion', 3, 20);(4, 0):soup('onion', 3, 20)"
346,5,interact,"(1, 3)","(0, 1)",dish,"(2, 1)","(0, 1)",,"(0, 3):dish;(3, 0):soup('onion', 3, 20);(4, 0):soup('onion', 3, 20)","(3, 0):soup('onion', 3, 20);(4, 0):soup('onion', 3, 20)",0.0,21.0,1,"(0, 1)",0.0,0.0,0.0,0.0,0.0,21.0,False,"(1, 3)",,"(2, 1)",,"(0, 3):dish;(1, 4):dish;(3, 0):soup('onion', 3, 20);(4, 0):soup('onion', 3, 20)","(3, 0):soup('onion', 3, 20);(4, 0):soup('onion', 3, 20)"
347,5,interact,"(1, 3)","(0, 1)",,"(2, 1)","(0, 1)",,"(0, 3):dish;(1, 4):dish;(3, 0):soup('onion', 3, 20);(4, 0):soup('onion', 3, 20)","(3, 0):soup('onion', 3, 20);(4, 0):soup('onion', 3, 20)",0.0,21.0,3,"(-1, 0)",0.0,0.0,0.0,0.0,0.0,21.0,False,"(1, 3)",dish,"(1, 1)",,"(0, 3):dish;(3, 0):soup('onion', 3, 20);(4, 0):soup('onion', 3, 20)","(3, 0):soup('onion', 3, 20);(4, 0):soup('onion', 3, 20)"
348,3,"(-1, 0)","(1, 3)","(0, 1)",dish,"(1, 1)","(-1, 0)",,"(0, 3):dish;(3, 0):soup('onion', 3, 20);(4, 0):soup('onion', 3, 20)","(3, 0):soup('onion', 3, 20);(4, 0):soup('onion', 3, 20)",0.0,21.0,2,"(1, 0)",0.0,0.0,0.0,0.0,0.0,21.0,False,"(1, 3)",dish,"(2, 1)",,"(0, 3):dish;(3, 0):soup('onion', 3, 20);(4, 0):soup('onion', 3, 20)","(3, 0):soup('onion', 3, 20);(4, 0):soup('onion', 3, 20)"
349,1,"(0, 1)","(1, 3)","(-1, 0)",dish,"(2, 1)","(1, 0)",,"(0, 3):dish;(3, 0):soup('onion', 3, 20);(4, 0):soup('onion', 3, 20)","(3, 0):soup('onion', 3, 20);(4, 0):soup('onion', 3, 20)",0.0,21.0,1,"(0, 1)",0.0,0.0,0.0,0.0,0.0,21.0,False,"(1, 3)",dish,"(2, 1)",,"(0, 3):dish;(3, 0):soup('onion', 3, 20);(4, 0):soup('onion', 3, 20)","(3, 0):soup('onion', 3, 20);(4, 0):soup('onion', 3, 20)"
350,5,interact,"(1, 3)","(0, 1)",dish,"(2, 1)","(0, 1)",,"(0, 3):dish;(3, 0):soup('onion', 3, 20);(4, 0):soup('onion', 3, 20)","(3, 0):soup('onion', 3, 20);(4, 0):soup('onion', 3, 20)",0.0,21.0,1,"(0, 1)",0.0,0.0,0.0,0.0,0.0,21.0,False,"(1, 3)",,"(2, 1)",,"(0, 3):dish;(1, 4):dish;(3, 0):soup('onion', 3, 20);(4, 0):soup('onion', 3, 20)","(3, 0):soup('onion', 3, 20);(4, 0):soup('onion', 3, 20)"
351,5,interact,"(1, 3)","(0, 1)",,"(2, 1)","(0, 1)",,"(0, 3):dish;(1, 4):dish;(3, 0):soup('onion', 3, 20);(4, 0):soup('onion', 3, 20)","(3, 0):soup('onion', 3, 20);(4, 0):soup('onion', 3, 20)",0.0,21.0,3,"(-1, 0)",0.0,0.0,0.0,0.0,0.0,21.0,False,"(1, 3)",dish,"(1, 1)",,"(0, 3):dish;(3, 0):soup('onion', 3, 20);(4, 0):soup('onion', 3, 20)","(3, 0):soup('onion', 3, 20);(4, 0):soup('onion', 3, 20)"
352,3,"(-1, 0)","(1, 3)","(0, 1)",dish,"(1, 1)","(-1, 0)",,"(0, 3):dish;(3, 0):soup('onion', 3, 20);(4, 0):soup('onion', 3, 20)","(3, 0):soup('onion', 3, 20);(4, 0):soup('onion', 3, 20)",0.0,21.0,2,"(1, 0)",0.0,0.0,0.0,0.0,0.0,21.0,False,"(1, 3)",dish,"(2, 1)",,"(0, 3):dish;(3, 0):soup('onion', 3, 20);(4, 0):soup('onion', 3, 20)","(3, 0):soup('onion', 3, 20);(4, 0):soup('onion', 3, 20)"
353,1,"(0, 1)","(1, 3)","(-1, 0)",dish,"(2, 1)","(1, 0)",,"(0, 3):dish;(3, 0):soup('onion', 3, 20);(4, 0):soup('onion', 3, 20)","(3, 0):soup('onion', 3, 20);(4, 0):soup('onion', 3, 20)",0.0,21.0,1,"(0, 1)",0.0,0.0,0.0,0.0,0.0,21.0,False,"(1, 3)",dish,"(2, 1)",,"(0, 3):dish;(3, 0):soup('onion', 3, 20);(4, 0):soup('onion', 3, 20)","(3, 0):soup('onion', 3, 20);(4, 0):soup('onion', 3, 20)"
354,5,interact,"(1, 3)","(0, 1)",dish,"(2, 1)","(0, 1)",,"(0, 3):dish;(3, 0):soup('onion', 3, 20);(4, 0):soup('onion', 3, 20)","(3, 0):soup('onion', 3, 20);(4, 0):soup('onion', 3, 20)",0.0,21.0,1,"(0, 1)",0.0,0.0,0.0,0.0,0.0,21.0,False,"(1, 3)",,"(2, 1)",,"(0, 3):dish;(1, 4):dish;(3, 0):soup('onion', 3, 20);(4, 0):soup('onion', 3, 20)","(3, 0):soup('onion', 3, 20);(4, 0):soup('onion', 3, 20)"
355,5,interact,"(1, 3)","(0, 1)",,"(2, 1)","(0, 1)",,"(0, 3):dish;(1, 4):dish;(3, 0):soup('onion', 3, 20);(4, 0):soup('onion', 3, 20)","(3, 0):soup('onion', 3, 20);(4, 0):soup('onion', 3, 20)",0.0,21.0,3,"(-1, 0)",0.0,0.0,0.0,0.0,0.0,21.0,False,"(1, 3)",dish,"(1, 1)",,"(0, 3):dish;(3, 0):soup('onion', 3, 20);(4, 0):soup('onion', 3, 20)","(3, 0):soup('onion', 3, 20);(4, 0):soup('onion', 3, 20)"
356,3,"(-1, 0)","(1, 3)","(0, 1)",dish,"(1, 1)","(-1, 0)",,"(0, 3):dish;(3, 0):soup('onion', 3, 20);(4, 0):soup('onion', 3, 20)","(3, 0):soup('onion', 3, 20);(4, 0):soup('onion', 3, 20)",0.0,21.0,2,"(1, 0)",0.0,0.0,0.0,0.0,0.0,21.0,False,"(1, 3)",dish,"(2, 1)",,"(0, 3):dish;(3, 0):soup('onion', 3, 20);(4, 0):soup('onion', 3, 20)","(3, 0):soup('onion', 3, 20);(4, 0):soup('onion', 3, 20)"
357,1,"(0, 1)","(1, 3)","(-1, 0)",dish,"(2, 1)","(1, 0)",,"(0, 3):dish;(3, 0):soup('onion', 3, 20);(4, 0):soup('onion', 3, 20)","(3, 0):soup('onion', 3, 20);(4, 0):soup('onion', 3, 20)",0.0,21.0,1,"(0, 1)",0.0,0.0,0.0,0.0,0.0,21.0,False,"(1, 3)",dish,"(2, 1)",,"(0, 3):dish;(3, 0):soup('onion', 3, 20);(4, 0):soup('onion', 3, 20)","(3, 0):soup('onion', 3, 20);(4, 0):soup('onion', 3, 20)"
358,5,interact,"(1, 3)","(0, 1)",dish,"(2, 1)","(0, 1)",,"(0, 3):dish;(3, 0):soup('onion', 3, 20);(4, 0):soup('onion', 3, 20)","(3, 0):soup('onion', 3, 20);(4, 0):soup('onion', 3, 20)",0.0,21.0,1,"(0, 1)",0.0,0.0,0.0,0.0,0.0,21.0,False,"(1, 3)",,"(2, 1)",,"(0, 3):dish;(1, 4):dish;(3, 0):soup('onion', 3, 20);(4, 0):soup('onion', 3, 20)","(3, 0):soup('onion', 3, 20);(4, 0):soup('onion', 3, 20)"
359,5,interact,"(1, 3)","(0, 1)",,"(2, 1)","(0, 1)",,"(0, 3):dish;(1, 4):dish;(3, 0):soup('onion', 3, 20);(4, 0):soup('onion', 3, 20)","(3, 0):soup('onion', 3, 20);(4, 0):soup('onion', 3, 20)",0.0,21.0,3,"(-1, 0)",0.0,0.0,0.0,0.0,0.0,21.0,False,"(1, 3)",dish,"(1, 1)",,"(0, 3):dish;(3, 0):soup('onion', 3, 20);(4, 0):soup('onion', 3, 20)","(3, 0):soup('onion', 3, 20);(4, 0):soup('onion', 3, 20)"
360,3,"(-1, 0)","(1, 3)","(0, 1)",dish,"(1, 1)","(-1, 0)",,"(0, 3):dish;(3, 0):soup('onion', 3, 20);(4, 0):soup('onion', 3, 20)","(3, 0):soup('onion', 3, 20);(4, 0):soup('onion', 3, 20)",0.0,21.0,2,"(1, 0)",0.0,0.0,0.0,0.0,0.0,21.0,False,"(1, 3)",dish,"(2, 1)",,"(0, 3):dish;(3, 0):soup('onion', 3, 20);(4, 0):soup('onion', 3, 20)","(3, 0):soup('onion', 3, 20);(4, 0):soup('onion', 3, 20)"
361,1,"(0, 1)","(1, 3)","(-1, 0)",dish,"(2, 1)","(1, 0)",,"(0, 3):dish;(3, 0):soup('onion', 3, 20);(4, 0):soup('onion', 3, 20)","(3, 0):soup('onion', 3, 20);(4, 0):soup('onion', 3, 20)",0.0,21.0,1,"(0, 1)",0.0,0.0,0.0,0.0,0.0,21.0,False,"(1, 3)",dish,"(2, 1)",,"(0, 3):dish;(3, 0):soup('onion', 3, 20);(4, 0):soup('onion', 3, 20)","(3, 0):soup('onion', 3, 20);(4, 0):soup('onion', 3, 20)"
362,5,interact,"(1, 3)","(0, 1)",dish,"(2, 1)","(0, 1)",,"(0, 3):dish;(3, 0):soup('onion', 3, 20);(4, 0):soup('onion', 3, 20)","(3, 0):soup('onion', 3, 20);(4, 0):soup('onion', 3, 20)",0.0,21.0,1,"(0, 1)",0.0,0.0,0.0,0.0,0.0,21.0,False,"(1, 3)",,"(2, 1)",,"(0, 3):dish;(1, 4):dish;(3, 0):soup('onion', 3, 20);(4, 0):soup('onion', 3, 20)","(3, 0):soup('onion', 3, 20);(4, 0):soup('onion', 3, 20)"
363,5,interact,"(1, 3)","(0, 1)",,"(2, 1)","(0, 1)",,"(0, 3):dish;(1, 4):dish;(3, 0):soup('onion', 3, 20);(4, 0):soup('onion', 3, 20)","(3, 0):soup('onion', 3, 20);(4, 0):soup('onion', 3, 20)",0.0,21.0,3,"(-1, 0)",0.0,0.0,0.0,0.0,0.0,21.0,False,"(1, 3)",dish,"(1, 1)",,"(0, 3):dish;(3, 0):soup('onion', 3, 20);(4, 0):soup('onion', 3, 20)","(3, 0):soup('onion', 3, 20);(4, 0):soup('onion', 3, 20)"
364,3,"(-1, 0)","(1, 3)","(0, 1)",dish,"(1, 1)","(-1, 0)",,"(0, 3):dish;(3, 0):soup('onion', 3, 20);(4, 0):soup('onion', 3, 20)","(3, 0):soup('onion', 3, 20);(4, 0):soup('onion', 3, 20)",0.0,21.0,2,"(1, 0)",0.0,0.0,0.0,0.0,0.0,21.0,False,"(1, 3)",dish,"(2, 1)",,"(0, 3):dish;(3, 0):soup('onion', 3, 20);(4, 0):soup('onion', 3, 20)","(3, 0):soup('onion', 3, 20);(4, 0):soup('onion', 3, 20)"
365,1,"(0, 1)","(1, 3)","(-1, 0)",dish,"(2, 1)","(1, 0)",,"(0, 3):dish;(3, 0):soup('onion', 3, 20);(4, 0):soup('onion', 3, 20)","(3, 0):soup('onion', 3, 20);(4, 0):soup('onion', 3, 20)",0.0,21.0,1,"(0, 1)",0.0,0.0,0.0,0.0,0.0,21.0,False,"(1, 3)",dish,"(2, 1)",,"(0, 3):dish;(3, 0):soup('onion', 3, 20);(4, 0):soup('onion', 3, 20)","(3, 0):soup('onion', 3, 20);(4, 0):soup('onion', 3, 20)"
366,5,interact,"(1, 3)","(0, 1)",dish,"(2, 1)","(0, 1)",,"(0, 3):dish;(3, 0):soup('onion', 3, 20);(4, 0):soup('onion', 3, 20)","(3, 0):soup('onion', 3, 20);(4, 0):soup('onion', 3, 20)",0.0,21.0,1,"(0, 1)",0.0,0.0,0.0,0.0,0.0,21.0,False,"(1, 3)",,"(2, 1)",,"(0, 3):dish;(1, 4):dish;(3, 0):soup('onion', 3, 20);(4, 0):soup('onion', 3, 20)","(3, 0):soup('onion', 3, 20);(4, 0):soup('onion', 3, 20)"
367,5,interact,"(1, 3)","(0, 1)",,"(2, 1)","(0, 1)",,"(0, 3):dish;(1, 4):dish;(3, 0):soup('onion', 3, 20);(4, 0):soup('onion', 3, 20)","(3, 0):soup('onion', 3, 20);(4, 0):soup('onion', 3, 20)",0.0,21.0,3,"(-1, 0)",0.0,0.0,0.0,0.0,0.0,21.0,False,"(1, 3)",dish,"(1, 1)",,"(0, 3):dish;(3, 0):soup('onion', 3, 20);(4, 0):soup('onion', 3, 20)","(3, 0):soup('onion', 3, 20);(4, 0):soup('onion', 3, 20)"
368,3,"(-1, 0)","(1, 3)","(0, 1)",dish,"(1, 1)","(-1, 0)",,"(0, 3):dish;(3, 0):soup('onion', 3, 20);(4, 0):soup('onion', 3, 20)","(3, 0):soup('onion', 3, 20);(4, 0):soup('onion', 3, 20)",0.0,21.0,2,"(1, 0)",0.0,0.0,0.0,0.0,0.0,21.0,False,"(1, 3)",dish,"(2, 1)",,"(0, 3):dish;(3, 0):soup('onion', 3, 20);(4, 0):soup('onion', 3, 20)","(3, 0):soup('onion', 3, 20);(4, 0):soup('onion', 3, 20)"
369,1,"(0, 1)","(1, 3)","(-1, 0)",dish,"(2, 1)","(1, 0)",,"(0, 3):dish;(3, 0):soup('onion', 3, 20);(4, 0):soup('onion', 3, 20)","(3, 0):soup('onion', 3, 20);(4, 0):soup('onion', 3, 20)",0.0,21.0,1,"(0, 1)",0.0,0.0,0.0,0.0,0.0,21.0,False,"(1, 3)",dish,"(2, 1)",,"(0, 3):dish;(3, 0):soup('onion', 3, 20);(4, 0):soup('onion', 3, 20)","(3, 0):soup('onion', 3, 20);(4, 0):soup('onion', 3, 20)"
370,5,interact,"(1, 3)","(0, 1)",dish,"(2, 1)","(0, 1)",,"(0, 3):dish;(3, 0):soup('onion', 3, 20);(4, 0):soup('onion', 3, 20)","(3, 0):soup('onion', 3, 20);(4, 0):soup('onion', 3, 20)",0.0,21.0,1,"(0, 1)",0.0,0.0,0.0,0.0,0.0,21.0,False,"(1, 3)",,"(2, 1)",,"(0, 3):dish;(1, 4):dish;(3, 0):soup('onion', 3, 20);(4, 0):soup('onion', 3, 20)","(3, 0):soup('onion', 3, 20);(4, 0):soup('onion', 3, 20)"
371,5,interact,"(1, 3)","(0, 1)",,"(2, 1)","(0, 1)",,"(0, 3):dish;(1, 4):dish;(3, 0):soup('onion', 3, 20);(4, 0):soup('onion', 3, 20)","(3, 0):soup('onion', 3, 20);(4, 0):soup('onion', 3, 20)",0.0,21.0,3,"(-1, 0)",0.0,0.0,0.0,0.0,0.0,21.0,False,"(1, 3)",dish,"(1, 1)",,"(0, 3):dish;(3, 0):soup('onion', 3, 20);(4, 0):soup('onion', 3, 20)","(3, 0):soup('onion', 3, 20);(4, 0):soup('onion', 3, 20)"
372,3,"(-1, 0)","(1, 3)","(0, 1)",dish,"(1, 1)","(-1, 0)",,"(0, 3):dish;(3, 0):soup('onion', 3, 20);(4, 0):soup('onion', 3, 20)","(3, 0):soup('onion', 3, 20);(4, 0):soup('onion', 3, 20)",0.0,21.0,2,"(1, 0)",0.0,0.0,0.0,0.0,0.0,21.0,False,"(1, 3)",dish,"(2, 1)",,"(0, 3):dish;(3, 0):soup('onion', 3, 20);(4, 0):soup('onion', 3, 20)","(3, 0):soup('onion', 3, 20);(4, 0):soup('onion', 3, 20)"
373,1,"(0, 1)","(1, 3)","(-1, 0)",dish,"(2, 1)","(1, 0)",,"(0, 3):dish;(3, 0):soup('onion', 3, 20);(4, 0):soup('onion', 3, 20)","(3, 0):soup('onion', 3, 20);(4, 0):soup('onion', 3, 20)",0.0,21.0,1,"(0, 1)",0.0,0.0,0.0,0.0,0.0,21.0,False,"(1, 3)",dish,"(2, 1)",,"(0, 3):dish;(3, 0):soup('onion', 3, 20);(4, 0):soup('onion', 3, 20)","(3, 0):soup('onion', 3, 20);(4, 0):soup('onion', 3, 20)"
374,5,interact,"(1, 3)","(0, 1)",dish,"(2, 1)","(0, 1)",,"(0, 3):dish;(3, 0):soup('onion', 3, 20);(4, 0):soup('onion', 3, 20)","(3, 0):soup('onion', 3, 20);(4, 0):soup('onion', 3, 20)",0.0,21.0,1,"(0, 1)",0.0,0.0,0.0,0.0,0.0,21.0,False,"(1, 3)",,"(2, 1)",,"(0, 3):dish;(1, 4):dish;(3, 0):soup('onion', 3, 20);(4, 0):soup('onion', 3, 20)","(3, 0):soup('onion', 3, 20);(4, 0):soup('onion', 3, 20)"
375,5,interact,"(1, 3)","(0, 1)",,"(2, 1)","(0, 1)",,"(0, 3):dish;(1, 4):dish;(3, 0):soup('onion', 3, 20);(4, 0):soup('onion', 3, 20)","(3, 0):soup('onion', 3, 20);(4, 0):soup('onion', 3, 20)",0.0,21.0,3,"(-1, 0)",0.0,0.0,0.0,0.0,0.0,21.0,False,"(1, 3)",dish,"(1, 1)",,"(0, 3):dish;(3, 0):soup('onion', 3, 20);(4, 0):soup('onion', 3, 20)","(3, 0):soup('onion', 3, 20);(4, 0):soup('onion', 3, 20)"
376,3,"(-1, 0)","(1, 3)","(0, 1)",dish,"(1, 1)","(-1, 0)",,"(0, 3):dish;(3, 0):soup('onion', 3, 20);(4, 0):soup('onion', 3, 20)","(3, 0):soup('onion', 3, 20);(4, 0):soup('onion', 3, 20)",0.0,21.0,2,"(1, 0)",0.0,0.0,0.0,0.0,0.0,21.0,False,"(1, 3)",dish,"(2, 1)",,"(0, 3):dish;(3, 0):soup('onion', 3, 20);(4, 0):soup('onion', 3, 20)","(3, 0):soup('onion', 3, 20);(4, 0):soup('onion', 3, 20)"
377,1,"(0, 1)","(1, 3)","(-1, 0)",dish,"(2, 1)","(1, 0)",,"(0, 3):dish;(3, 0):soup('onion', 3, 20);(4, 0):soup('onion', 3, 20)","(3, 0):soup('onion', 3, 20);(4, 0):soup('onion', 3, 20)",0.0,21.0,1,"(0, 1)",0.0,0.0,0.0,0.0,0.0,21.0,False,"(1, 3)",dish,"(2, 1)",,"(0, 3):dish;(3, 0):soup('onion', 3, 20);(4, 0):soup('onion', 3, 20)","(3, 0):soup('onion', 3, 20);(4, 0):soup('onion', 3, 20)"
378,5,interact,"(1, 3)","(0, 1)",dish,"(2, 1)","(0, 1)",,"(0, 3):dish;(3, 0):soup('onion', 3, 20);(4, 0):soup('onion', 3, 20)","(3, 0):soup('onion', 3, 20);(4, 0):soup('onion', 3, 20)",0.0,21.0,1,"(0, 1)",0.0,0.0,0.0,0.0,0.0,21.0,False,"(1, 3)",,"(2, 1)",,"(0, 3):dish;(1, 4):dish;(3, 0):soup('onion', 3, 20);(4, 0):soup('onion', 3, 20)","(3, 0):soup('onion', 3, 20);(4, 0):soup('onion', 3, 20)"
379,5,interact,"(1, 3)","(0, 1)",,"(2, 1)","(0, 1)",,"(0, 3):dish;(1, 4):dish;(3, 0):soup('onion', 3, 20);(4, 0):soup('onion', 3, 20)","(3, 0):soup('onion', 3, 20);(4, 0):soup('onion', 3, 20)",0.0,21.0,3,"(-1, 0)",0.0,0.0,0.0,0.0,0.0,21.0,False,"(1, 3)",dish,"(1, 1)",,"(0, 3):dish;(3, 0):soup('onion', 3, 20);(4, 0):soup('onion', 3, 20)","(3, 0):soup('onion', 3, 20);(4, 0):soup('onion', 3, 20)"
380,3,"(-1, 0)","(1, 3)","(0, 1)",dish,"(1, 1)","(-1, 0)",,"(0, 3):dish;(3, 0):soup('onion', 3, 20);(4, 0):soup('onion', 3, 20)","(3, 0):soup('onion', 3, 20);(4, 0):soup('onion', 3, 20)",0.0,21.0,2,"(1, 0)",0.0,0.0,0.0,0.0,0.0,21.0,False,"(1, 3)",dish,"(2, 1)",,"(0, 3):dish;(3, 0):soup('onion', 3, 20);(4, 0):soup('onion', 3, 20)","(3, 0):soup('onion', 3, 20);(4, 0):soup('onion', 3, 20)"
381,1,"(0, 1)","(1, 3)","(-1, 0)",dish,"(2, 1)","(1, 0)",,"(0, 3):dish;(3, 0):soup('onion', 3, 20);(4, 0):soup('onion', 3, 20)","(3, 0):soup('onion', 3, 20);(4, 0):soup('onion', 3, 20)",0.0,21.0,1,"(0, 1)",0.0,0.0,0.0,0.0,0.0,21.0,False,"(1, 3)",dish,"(2, 1)",,"(0, 3):dish;(3, 0):soup('onion', 3, 20);(4, 0):soup('onion', 3, 20)","(3, 0):soup('onion', 3, 20);(4, 0):soup('onion', 3, 20)"
382,5,interact,"(1, 3)","(0, 1)",dish,"(2, 1)","(0, 1)",,"(0, 3):dish;(3, 0):soup('onion', 3, 20);(4, 0):soup('onion', 3, 20)","(3, 0):soup('onion', 3, 20);(4, 0):soup('onion', 3, 20)",0.0,21.0,1,"(0, 1)",0.0,0.0,0.0,0.0,0.0,21.0,False,"(1, 3)",,"(2, 1)",,"(0, 3):dish;(1, 4):dish;(3, 0):soup('onion', 3, 20);(4, 0):soup('onion', 3, 20)","(3, 0):soup('onion', 3, 20);(4, 0):soup('onion', 3, 20)"
383,5,interact,"(1, 3)","(0, 1)",,"(2, 1)","(0, 1)",,"(0, 3):dish;(1, 4):dish;(3, 0):soup('onion', 3, 20);(4, 0):soup('onion', 3, 20)","(3, 0):soup('onion', 3, 20);(4, 0):soup('onion', 3, 20)",0.0,21.0,3,"(-1, 0)",0.0,0.0,0.0,0.0,0.0,21.0,False,"(1, 3)",dish,"(1, 1)",,"(0, 3):dish;(3, 0):soup('onion', 3, 20);(4, 0):soup('onion', 3, 20)","(3, 0):soup('onion', 3, 20);(4, 0):soup('onion', 3, 20)"
384,3,"(-1, 0)","(1, 3)","(0, 1)",dish,"(1, 1)","(-1, 0)",,"(0, 3):dish;(3, 0):soup('onion', 3, 20);(4, 0):soup('onion', 3, 20)","(3, 0):soup('onion', 3, 20);(4, 0):soup('onion', 3, 20)",0.0,21.0,2,"(1, 0)",0.0,0.0,0.0,0.0,0.0,21.0,False,"(1, 3)",dish,"(2, 1)",,"(0, 3):dish;(3, 0):soup('onion', 3, 20);(4, 0):soup('onion', 3, 20)","(3, 0):soup('onion', 3, 20);(4, 0):soup('onion', 3, 20)"
385,1,"(0, 1)","(1, 3)","(-1, 0)",dish,"(2, 1)","(1, 0)",,"(0, 3):dish;(3, 0):soup('onion', 3, 20);(4, 0):soup('onion', 3, 20)","(3, 0):soup('onion', 3, 20);(4, 0):soup('onion', 3, 20)",0.0,21.0,1,"(0, 1)",0.0,0.0,0.0,0.0,0.0,21.0,False,"(1, 3)",dish,"(2, 1)",,"(0, 3):dish;(3, 0):soup('onion', 3, 20);(4, 0):soup('onion', 3, 20)","(3, 0):soup('onion', 3, 20);(4, 0):soup('onion', 3, 20)"
386,5,interact,"(1, 3)","(0, 1)",dish,"(2, 1)","(0, 1)",,"(0, 3):dish;(3, 0):soup('onion', 3, 20);(4, 0):soup('onion', 3, 20)","(3, 0):soup('onion', 3, 20);(4, 0):soup('onion', 3, 20)",0.0,21.0,1,"(0, 1)",0.0,0.0,0.0,0.0,0.0,21.0,False,"(1, 3)",,"(2, 1)",,"(0, 3):dish;(1, 4):dish;(3, 0):soup('onion', 3, 20);(4, 0):soup('onion', 3, 20)","(3, 0):soup('onion', 3, 20);(4, 0):soup('onion', 3, 20)"
387,5,interact,"(1, 3)","(0, 1)",,"(2, 1)","(0, 1)",,"(0, 3):dish;(1, 4):dish;(3, 0):soup('onion', 3, 20);(4, 0):soup('onion', 3, 20)","(3, 0):soup('onion', 3, 20);(4, 0):soup('onion', 3, 20)",0.0,21.0,3,"(-1, 0)",0.0,0.0,0.0,0.0,0.0,21.0,False,"(1, 3)",dish,"(1, 1)",,"(0, 3):dish;(3, 0):soup('onion', 3, 20);(4, 0):soup('onion', 3, 20)","(3, 0):soup('onion', 3, 20);(4, 0):soup('onion', 3, 20)"
388,3,"(-1, 0)","(1, 3)","(0, 1)",dish,"(1, 1)","(-1, 0)",,"(0, 3):dish;(3, 0):soup('onion', 3, 20);(4, 0):soup('onion', 3, 20)","(3, 0):soup('onion', 3, 20);(4, 0):soup('onion', 3, 20)",0.0,21.0,2,"(1, 0)",0.0,0.0,0.0,0.0,0.0,21.0,False,"(1, 3)",dish,"(2, 1)",,"(0, 3):dish;(3, 0):soup('onion', 3, 20);(4, 0):soup('onion', 3, 20)","(3, 0):soup('onion', 3, 20);(4, 0):soup('onion', 3, 20)"
389,1,"(0, 1)","(1, 3)","(-1, 0)",dish,"(2, 1)","(1, 0)",,"(0, 3):dish;(3, 0):soup('onion', 3, 20);(4, 0):soup('onion', 3, 20)","(3, 0):soup('onion', 3, 20);(4, 0):soup('onion', 3, 20)",0.0,21.0,1,"(0, 1)",0.0,0.0,0.0,0.0,0.0,21.0,False,"(1, 3)",dish,"(2, 1)",,"(0, 3):dish;(3, 0):soup('onion', 3, 20);(4, 0):soup('onion', 3, 20)","(3, 0):soup('onion', 3, 20);(4, 0):soup('onion', 3, 20)"
390,5,interact,"(1, 3)","(0, 1)",dish,"(2, 1)","(0, 1)",,"(0, 3):dish;(3, 0):soup('onion', 3, 20);(4, 0):soup('onion', 3, 20)","(3, 0):soup('onion', 3, 20);(4, 0):soup('onion', 3, 20)",0.0,21.0,1,"(0, 1)",0.0,0.0,0.0,0.0,0.0,21.0,False,"(1, 3)",,"(2, 1)",,"(0, 3):dish;(1, 4):dish;(3, 0):soup('onion', 3, 20);(4, 0):soup('onion', 3, 20)","(3, 0):soup('onion', 3, 20);(4, 0):soup('onion', 3, 20)"
391,5,interact,"(1, 3)","(0, 1)",,"(2, 1)","(0, 1)",,"(0, 3):dish;(1, 4):dish;(3, 0):soup('onion', 3, 20);(4, 0):soup('onion', 3, 20)","(3, 0):soup('onion', 3, 20);(4, 0):soup('onion', 3, 20)",0.0,21.0,3,"(-1, 0)",0.0,0.0,0.0,0.0,0.0,21.0,False,"(1, 3)",dish,"(1, 1)",,"(0, 3):dish;(3, 0):soup('onion', 3, 20);(4, 0):soup('onion', 3, 20)","(3, 0):soup('onion', 3, 20);(4, 0):soup('onion', 3, 20)"
392,3,"(-1, 0)","(1, 3)","(0, 1)",dish,"(1, 1)","(-1, 0)",,"(0, 3):dish;(3, 0):soup('onion', 3, 20);(4, 0):soup('onion', 3, 20)","(3, 0):soup('onion', 3, 20);(4, 0):soup('onion', 3, 20)",0.0,21.0,2,"(1, 0)",0.0,0.0,0.0,0.0,0.0,21.0,False,"(1, 3)",dish,"(2, 1)",,"(0, 3):dish;(3, 0):soup('onion', 3, 20);(4, 0):soup('onion', 3, 20)","(3, 0):soup('onion', 3, 20);(4, 0):soup('onion', 3, 20)"
393,1,"(0, 1)","(1, 3)","(-1, 0)",dish,"(2, 1)","(1, 0)",,"(0, 3):dish;(3, 0):soup('onion', 3, 20);(4, 0):soup('onion', 3, 20)","(3, 0):soup('onion', 3, 20);(4, 0):soup('onion', 3, 20)",0.0,21.0,1,"(0, 1)",0.0,0.0,0.0,0.0,0.0,21.0,False,"(1, 3)",dish,"(2, 1)",,"(0, 3):dish;(3, 0):soup('onion', 3, 20);(4, 0):soup('onion', 3, 20)","(3, 0):soup('onion', 3, 20);(4, 0):soup('onion', 3, 20)"
394,5,interact,"(1, 3)","(0, 1)",dish,"(2, 1)","(0, 1)",,"(0, 3):dish;(3, 0):soup('onion', 3, 20);(4, 0):soup('onion', 3, 20)","(3, 0):soup('onion', 3, 20);(4, 0):soup('onion', 3, 20)",0.0,21.0,1,"(0, 1)",0.0,0.0,0.0,0.0,0.0,21.0,False,"(1, 3)",,"(2, 1)",,"(0, 3):dish;(1, 4):dish;(3, 0):soup('onion', 3, 20);(4, 0):soup('onion', 3, 20)","(3, 0):soup('onion', 3, 20);(4, 0):soup('onion', 3, 20)"
395,5,interact,"(1, 3)","(0, 1)",,"(2, 1)","(0, 1)",,"(0, 3):dish;(1, 4):dish;(3, 0):soup('onion', 3, 20);(4, 0):soup('onion', 3, 20)","(3, 0):soup('onion', 3, 20);(4, 0):soup('onion', 3, 20)",0.0,21.0,3,"(-1, 0)",0.0,0.0,0.0,0.0,0.0,21.0,False,"(1, 3)",dish,"(1, 1)",,"(0, 3):dish;(3, 0):soup('onion', 3, 20);(4, 0):soup('onion', 3, 20)","(3, 0):soup('onion', 3, 20);(4, 0):soup('onion', 3, 20)"
396,3,"(-1, 0)","(1, 3)","(0, 1)",dish,"(1, 1)","(-1, 0)",,"(0, 3):dish;(3, 0):soup('onion', 3, 20);(4, 0):soup('onion', 3, 20)","(3, 0):soup('onion', 3, 20);(4, 0):soup('onion', 3, 20)",0.0,21.0,2,"(1, 0)",0.0,0.0,0.0,0.0,0.0,21.0,False,"(1, 3)",dish,"(2, 1)",,"(0, 3):dish;(3, 0):soup('onion', 3, 20);(4, 0):soup('onion', 3, 20)","(3, 0):soup('onion', 3, 20);(4, 0):soup('onion', 3, 20)"
397,1,"(0, 1)","(1, 3)","(-1, 0)",dish,"(2, 1)","(1, 0)",,"(0, 3):dish;(3, 0):soup('onion', 3, 20);(4, 0):soup('onion', 3, 20)","(3, 0):soup('onion', 3, 20);(4, 0):soup('onion', 3, 20)",0.0,21.0,1,"(0, 1)",0.0,0.0,0.0,0.0,0.0,21.0,False,"(1, 3)",dish,"(2, 1)",,"(0, 3):dish;(3, 0):soup('onion', 3, 20);(4, 0):soup('onion', 3, 20)","(3, 0):soup('onion', 3, 20);(4, 0):soup('onion', 3, 20)"
398,5,interact,"(1, 3)","(0, 1)",dish,"(2, 1)","(0, 1)",,"(0, 3):dish;(3, 0):soup('onion', 3, 20);(4, 0):soup('onion', 3, 20)","(3, 0):soup('onion', 3, 20);(4, 0):soup('onion', 3, 20)",0.0,21.0,1,"(0, 1)",0.0,0.0,0.0,0.0,0.0,21.0,False,"(1, 3)",,"(2, 1)",,"(0, 3):dish;(1, 4):dish;(3, 0):soup('onion', 3, 20);(4, 0):soup('onion', 3, 20)","(3, 0):soup('onion', 3, 20);(4, 0):soup('onion', 3, 20)"
399,5,interact,"(1, 3)","(0, 1)",,"(2, 1)","(0, 1)",,"(0, 3):dish;(1, 4):dish;(3, 0):soup('onion', 3, 20);(4, 0):soup('onion', 3, 20)","(3, 0):soup('onion', 3, 20);(4, 0):soup('onion', 3, 20)",0.0,21.0,3,"(-1, 0)",0.0,0.0,0.0,0.0,0.0,21.0,False,"(1, 3)",dish,"(1, 1)",,"(0, 3):dish;(3, 0):soup('onion', 3, 20);(4, 0):soup('onion', 3, 20)","(3, 0):soup('onion', 3, 20);(4, 0):soup('onion', 3, 20)"
