step,ego_action,partner_action,reward,total_return,sparse_return,deliveries,p0_pos,p0_orient,p0_held,p1_pos,p1_orient,p1_held,pots,objects
1,interact,2,0.0,0.0,0.0,0.0,"(3, 3)","(0, -1)",,"(4, 1)","(1, 0)",,"(3, 0):empty;(4, 0):empty",
2,interact,2,0.0,0.0,0.0,0.0,"(3, 3)","(0, -1)",,"(5, 1)","(1, 0)",,"(3, 0):empty;(4, 0):empty",
3,"(-1, 0)",2,0.0,0.0,0.0,0.0,"(2, 3)","(-1, 0)",,"(6, 1)","(1, 0)",,"(3, 0):empty;(4, 0):empty",
4,"(-1, 0)",1,0.0,0.0,0.0,0.0,"(1, 3)","(-1, 0)",,"(6, 2)","(0, 1)",,"(3, 0):empty;(4, 0):empty",
5,"(0, 1)",1,0.0,0.0,0.0,0.0,"(1, 3)","(0, 1)",,"(6, 3)","(0, 1)",,"(3, 0):empty;(4, 0):empty",
6,"(-1, 0)",3,0.0,0.0,0.0,0.0,"(1, 3)","(-1, 0)",,"(5, 3)","(-1, 0)",,"(3, 0):empty;(4, 0):empty",
7,"(-1, 0)",3,0.0,0.0,0.0,0.0,"(1, 3)","(-1, 0)",,"(4, 3)","(-1, 0)",,"(3, 0):empty;(4, 0):empty",
8,"(0, 1)",1,0.0,0.0,0.0,0.0,"(1, 3)","(0, 1)",,"(4, 3)","(0, 1)",,"(3, 0):empty;(4, 0):empty",
9,"(-1, 0)",5,0.0,0.0,0.0,0.0,"(1, 3)","(-1, 0)",,"(4, 3)","(0, 1)",onion,"(3, 0):empty;(4, 0):empty",
10,"(0, 1)",2,0.0,0.0,0.0,0.0,"(1, 3)","(0, 1)",,"(5, 3)","(1, 0)",onion,"(3, 0):empty;(4, 0):empty",
11,"(-1, 0)",2,0.0,0.0,0.0,0.0,"(1, 3)","(-1, 0)",,"(6, 3)","(1, 0)",onion,"(3, 0):empty;(4, 0):empty",
12,"(-1, 0)",0,0.0,0.0,0.0,0.0,"(1, 3)","(-1, 0)",,"(6, 2)","(0, -1)",onion,"(3, 0):empty;(4, 0):empty",
13,"(-1, 0)",0,0.0,0.0,0.0,0.0,"(1, 3)","(-1, 0)",,"(6, 1)","(0, -1)",onion,"(3, 0):empty;(4, 0):empty",
14,"(-1, 0)",3,0.0,0.0,0.0,0.0,"(1, 3)","(-1, 0)",,"(5, 1)","(-1, 0)",onion,"(3, 0):empty;(4, 0):empty",
15,"(0, 1)",3,0.0,0.0,0.0,0.0,"(1, 3)","(0, 1)",,"(4, 1)","(-1, 0)",onion,"(3, 0):empty;(4, 0):empty",
16,"(-1, 0)",0,0.0,0.0,0.0,0.0,"(1, 3)","(-1, 0)",,"(4, 1)","(0, -1)",onion,"(3, 0):empty;(4, 0):empty",
17,"(0, -1)",5,3.3564,3.3564,0.0,0.0,"(1, 2)","(0, -1)",,"(4, 1)","(0, -1)",,"(3, 0):empty;(4, 0):soup('onion', 1, 0)","(4, 0):soup('onion', 1, 0)"
18,interact,2,-0.003600000000000003,3.3528,0.0,0.0,"(1, 2)","(0, -1)",,"(5, 1)","(1, 0)",,"(3, 0):empty;(4, 0):soup('onion', 1, 0)","(4, 0):soup('onion', 1, 0)"
19,"(-1, 0)",2,-0.003600000000000003,3.3491999999999997,0.0,0.0,"(1, 2)","(-1, 0)",,"(6, 1)","(1, 0)",,"(3, 0):empty;(4, 0):soup('onion', 1, 0)","(4, 0):soup('onion', 1, 0)"
20,interact,1,2.9964,6.345599999999999,0.0,0.0,"(1, 2)","(-1, 0)",dish,"(6, 2)","(0, 1)",,"(3, 0):empty;(4, 0):soup('onion', 1, 0)","(4, 0):soup('onion', 1, 0)"
21,interact,1,-0.003600000000000003,6.342,0.0,0.0,"(1, 2)","(-1, 0)",dish,"(6, 3)","(0, 1)",,"(3, 0):empty;(4, 0):soup('onion', 1, 0)","(4, 0):soup('onion', 1, 0)"
22,interact,3,-0.003600000000000003,6.3384,0.0,0.0,"(1, 2)","(-1, 0)",dish,"(5, 3)","(-1, 0)",,"(3, 0):empty;(4, 0):soup('onion', 1, 0)","(4, 0):soup('onion', 1, 0)"
23,interact,3,-0.003600000000000003,6.3348,0.0,0.0,"(1, 2)","(-1, 0)",dish,"(4, 3)","(-1, 0)",,"(3, 0):empty;(4, 0):soup('onion', 1, 0)","(4, 0):soup('onion', 1, 0)"
24,"(0, 1)",1,-0.003600000000000003,6.331200000000001,0.0,0.0,"(1, 3)","(0, 1)",dish,"(4, 3)","(0, 1)",,"(3, 0):empty;(4, 0):soup('onion', 1, 0)","(4, 0):soup('onion', 1, 0)"
25,"(-1, 0)",5,-0.003600000000000003,6.327600000000001,0.0,0.0,"(1, 3)","(-1, 0)",dish,"(4, 3)","(0, 1)",onion,"(3, 0):empty;(4, 0):soup('onion', 1, 0)","(4, 0):soup('onion', 1, 0)"
26,interact,2,-0.003600000000000003,6.324000000000002,0.0,0.0,"(1, 3)","(-1, 0)",,"(5, 3)","(1, 0)",onion,"(3, 0):empty;(4, 0):soup('onion', 1, 0)","(0, 3):dish;(4, 0):soup('onion', 1, 0)"
27,"(-1, 0)",2,-0.003600000000000003,6.320400000000002,0.0,0.0,"(1, 3)","(-1, 0)",,"(6, 3)","(1, 0)",onion,"(3, 0):empty;(4, 0):soup('onion', 1, 0)","(0, 3):dish;(4, 0):soup('onion', 1, 0)"
28,"(-1, 0)",0,-0.003600000000000003,6.316800000000002,0.0,0.0,"(1, 3)","(-1, 0)",,"(6, 2)","(0, -1)",onion,"(3, 0):empty;(4, 0):soup('onion', 1, 0)","(0, 3):dish;(4, 0):soup('onion', 1, 0)"
29,"(-1, 0)",0,-0.003600000000000003,6.313200000000003,0.0,0.0,"(1, 3)","(-1, 0)",,"(6, 1)","(0, -1)",onion,"(3, 0):empty;(4, 0):soup('onion', 1, 0)","(0, 3):dish;(4, 0):soup('onion', 1, 0)"
30,"(-1, 0)",3,-0.003600000000000003,6.309600000000003,0.0,0.0,"(1, 3)","(-1, 0)",,"(5, 1)","(-1, 0)",onion,"(3, 0):empty;(4, 0):soup('onion', 1, 0)","(0, 3):dish;(4, 0):soup('onion', 1, 0)"
31,"(0, 1)",3,-0.003600000000000003,6.306000000000004,0.0,0.0,"(1, 3)","(0, 1)",,"(4, 1)","(-1, 0)",onion,"(3, 0):empty;(4, 0):soup('onion', 1, 0)","(0, 3):dish;(4, 0):soup('onion', 1, 0)"
32,"(0, -1)",0,-0.003600000000000003,6.302400000000004,0.0,0.0,"(1, 2)","(0, -1)",,"(4, 1)","(0, -1)",onion,"(3, 0):empty;(4, 0):soup('onion', 1, 0)","(0, 3):dish;(4, 0):soup('onion', 1, 0)"
33,interact,5,3.3528,9.655200000000004,0.0,0.0,"(1, 2)","(0, -1)",,"(4, 1)","(0, -1)",,"(3, 0):empty;(4, 0):soup('onion', 2, 0)","(0, 3):dish;(4, 0):soup('onion', 2, 0)"
34,interact,2,-0.007200000000000006,9.648000000000005,0.0,0.0,"(1, 2)","(0, -1)",,"(5, 1)","(1, 0)",,"(3, 0):empty;(4, 0):soup('onion', 2, 0)","(0, 3):dish;(4, 0):soup('onion', 2, 0)"
35,"(-1, 0)",2,-0.007200000000000006,9.640800000000006,0.0,0.0,"(1, 2)","(-1, 0)",,"(6, 1)","(1, 0)",,"(3, 0):empty;(4, 0):soup('onion', 2, 0)","(0, 3):dish;(4, 0):soup('onion', 2, 0)"
36,interact,1,-0.007200000000000006,9.633600000000007,0.0,0.0,"(1, 2)","(-1, 0)",dish,"(6, 2)","(0, 1)",,"(3, 0):empty;(4, 0):soup('onion', 2, 0)","(0, 3):dish;(4, 0):soup('onion', 2, 0)"
37,interact,1,-0.007200000000000006,9.626400000000007,0.0,0.0,"(1, 2)","(-1, 0)",dish,"(6, 3)","(0, 1)",,"(3, 0):empty;(4, 0):soup('onion', 2, 0)","(0, 3):dish;(4, 0):soup('onion', 2, 0)"
38,interact,3,-0.007200000000000006,9.619200000000008,0.0,0.0,"(1, 2)","(-1, 0)",dish,"(5, 3)","(-1, 0)",,"(3, 0):empty;(4, 0):soup('onion', 2, 0)","(0, 3):dish;(4, 0):soup('onion', 2, 0)"
39,interact,3,-0.007200000000000006,9.612000000000009,0.0,0.0,"(1, 2)","(-1, 0)",dish,"(4, 3)","(-1, 0)",,"(3, 0):empty;(4, 0):soup('onion', 2, 0)","(0, 3):dish;(4, 0):soup('onion', 2, 0)"
40,"(0, 1)",1,-0.007200000000000006,9.60480000000001,0.0,0.0,"(1, 3)","(0, 1)",dish,"(4, 3)","(0, 1)",,"(3, 0):empty;(4, 0):soup('onion', 2, 0)","(0, 3):dish;(4, 0):soup('onion', 2, 0)"
41,"(-1, 0)",5,-0.007200000000000006,9.59760000000001,0.0,0.0,"(1, 3)","(-1, 0)",dish,"(4, 3)","(0, 1)",onion,"(3, 0):empty;(4, 0):soup('onion', 2, 0)","(0, 3):dish;(4, 0):soup('onion', 2, 0)"
42,interact,2,-0.007200000000000006,9.590400000000011,0.0,0.0,"(1, 3)","(-1, 0)",dish,"(5, 3)","(1, 0)",onion,"(3, 0):empty;(4, 0):soup('onion', 2, 0)","(0, 3):dish;(4, 0):soup('onion', 2, 0)"
43,"(-1, 0)",2,-0.007200000000000006,9.583200000000012,0.0,0.0,"(1, 3)","(-1, 0)",dish,"(6, 3)","(1, 0)",onion,"(3, 0):empty;(4, 0):soup('onion', 2, 0)","(0, 3):dish;(4, 0):soup('onion', 2, 0)"
44,"(-1, 0)",0,-0.007200000000000006,9.576000000000013,0.0,0.0,"(1, 3)","(-1, 0)",dish,"(6, 2)","(0, -1)",onion,"(3, 0):empty;(4, 0):soup('onion', 2, 0)","(0, 3):dish;(4, 0):soup('onion', 2, 0)"
45,"(-1, 0)",0,-0.007200000000000006,9.568800000000014,0.0,0.0,"(1, 3)","(-1, 0)",dish,"(6, 1)","(0, -1)",onion,"(3, 0):empty;(4, 0):soup('onion', 2, 0)","(0, 3):dish;(4, 0):soup('onion', 2, 0)"
46,"(-1, 0)",3,-0.007200000000000006,9.561600000000015,0.0,0.0,"(1, 3)","(-1, 0)",dish,"(5, 1)","(-1, 0)",onion,"(3, 0):empty;(4, 0):soup('onion', 2, 0)","(0, 3):dish;(4, 0):soup('onion', 2, 0)"
47,"(-1, 0)",3,-0.007200000000000006,9.554400000000015,0.0,0.0,"(1, 3)","(-1, 0)",dish,"(4, 1)","(-1, 0)",onion,"(3, 0):empty;(4, 0):soup('onion', 2, 0)","(0, 3):dish;(4, 0):soup('onion', 2, 0)"
48,interact,0,-0.007200000000000006,9.547200000000016,0.0,0.0,"(1, 3)","(-1, 0)",dish,"(4, 1)","(0, -1)",onion,"(3, 0):empty;(4, 0):soup('onion', 2, 0)","(0, 3):dish;(4, 0):soup('onion', 2, 0)"
49,interact,5,3.468,13.015200000000016,0.0,0.0,"(1, 3)","(-1, 0)",dish,"(4, 1)","(0, -1)",,"(3, 0):empty;(4, 0):soup('onion', 3, 1)","(0, 3):dish;(4, 0):soup('onion', 3, 1)"
50,"(0, -1)",2,-0.01200000000000001,13.003200000000016,0.0,0.0,"(1, 2)","(0, -1)",dish,"(5, 1)","(1, 0)",,"(3, 0):empty;(4, 0):soup('onion', 3, 2)","(0, 3):dish;(4, 0):soup('onion', 3, 2)"
51,"(0, 0)",2,-0.01200000000000001,12.991200000000015,0.0,0.0,"(1, 2)","(0, -1)",dish,"(6, 1)","(1, 0)",,"(3, 0):empty;(4, 0):soup('onion', 3, 3)","(0, 3):dish;(4, 0):soup('onion', 3, 3)"
52,"(0, 0)",1,-0.01200000000000001,12.979200000000015,0.0,0.0,"(1, 2)","(0, -1)",dish,"(6, 2)","(0, 1)",,"(3, 0):empty;(4, 0):soup('onion', 3, 4)","(0, 3):dish;(4, 0):soup('onion', 3, 4)"
53,"(-1, 0)",1,-0.01200000000000001,12.967200000000014,0.0,0.0,"(1, 2)","(-1, 0)",dish,"(6, 3)","(0, 1)",,"(3, 0):empty;(4, 0):soup('onion', 3, 5)","(0, 3):dish;(4, 0):soup('onion', 3, 5)"
54,interact,3,-0.01200000000000001,12.955200000000014,0.0,0.0,"(1, 2)","(-1, 0)",dish,"(5, 3)","(-1, 0)",,"(3, 0):empty;(4, 0):soup('onion', 3, 6)","(0, 3):dish;(4, 0):soup('onion', 3, 6)"
55,interact,3,-0.01200000000000001,12.943200000000013,0.0,0.0,"(1, 2)","(-1, 0)",dish,"(4, 3)","(-1, 0)",,"(3, 0):empty;(4, 0):soup('onion', 3, 7)","(0, 3):dish;(4, 0):soup('onion', 3, 7)"
56,interact,1,-0.01200000000000001,12.931200000000013,0.0,0.0,"(1, 2)","(-1, 0)",dish,"(4, 3)","(0, 1)",,"(3, 0):empty;(4, 0):soup('onion', 3, 8)","(0, 3):dish;(4, 0):soup('onion', 3, 8)"
57,"(0, -1)",5,-0.01200000000000001,12.919200000000012,0.0,0.0,"(1, 1)","(0, -1)",dish,"(4, 3)","(0, 1)",onion,"(3, 0):empty;(4, 0):soup('onion', 3, 9)","(0, 3):dish;(4, 0):soup('onion', 3, 9)"
58,"(1, 0)",2,-0.01200000000000001,12.907200000000012,0.0,0.0,"(2, 1)","(1, 0)",dish,"(5, 3)","(1, 0)",onion,"(3, 0):empty;(4, 0):soup('onion', 3, 10)","(0, 3):dish;(4, 0):soup('onion', 3, 10)"
59,"(1, 0)",2,-0.01200000000000001,12.895200000000012,0.0,0.0,"(3, 1)","(1, 0)",dish,"(6, 3)","(1, 0)",onion,"(3, 0):empty;(4, 0):soup('onion', 3, 11)","(0, 3):dish;(4, 0):soup('onion', 3, 11)"
60,"(-1, 0)",0,-0.01200000000000001,12.883200000000011,0.0,0.0,"(2, 1)","(-1, 0)",dish,"(6, 2)","(0, -1)",onion,"(3, 0):empty;(4, 0):soup('onion', 3, 12)","(0, 3):dish;(4, 0):soup('onion', 3, 12)"
61,interact,0,-0.01200000000000001,12.87120000000001,0.0,0.0,"(2, 1)","(-1, 0)",dish,"(6, 1)","(0, -1)",onion,"(3, 0):empty;(4, 0):soup('onion', 3, 13)","(0, 3):dish;(4, 0):soup('onion', 3, 13)"
62,"(1, 0)",0,-0.01200000000000001,12.85920000000001,0.0,0.0,"(3, 1)","(1, 0)",dish,"(6, 1)","(0, -1)",onion,"(3, 0):empty;(4, 0):soup('onion', 3, 14)","(0, 3):dish;(4, 0):soup('onion', 3, 14)"
63,"(1, 0)",3,-0.01200000000000001,12.84720000000001,0.0,0.0,"(4, 1)","(1, 0)",dish,"(5, 1)","(-1, 0)",onion,"(3, 0):empty;(4, 0):soup('onion', 3, 15)","(0, 3):dish;(4, 0):soup('onion', 3, 15)"
64,"(0, -1)",0,-0.01200000000000001,12.83520000000001,0.0,0.0,"(4, 1)","(0, -1)",dish,"(5, 1)","(0, -1)",onion,"(3, 0):empty;(4, 0):soup('onion', 3, 16)","(0, 3):dish;(4, 0):soup('onion', 3, 16)"
65,interact,4,-0.01200000000000001,12.823200000000009,0.0,0.0,"(4, 1)","(0, -1)",dish,"(5, 1)","(0, -1)",onion,"(3, 0):empty;(4, 0):soup('onion', 3, 17)","(0, 3):dish;(4, 0):soup('onion', 3, 17)"
66,interact,4,-0.01200000000000001,12.811200000000008,0.0,0.0,"(4, 1)","(0, -1)",dish,"(5, 1)","(0, -1)",onion,"(3, 0):empty;(4, 0):soup('onion', 3, 18)","(0, 3):dish;(4, 0):soup('onion', 3, 18)"
67,interact,4,-0.01200000000000001,12.799200000000008,0.0,0.0,"(4, 1)","(0, -1)",dish,"(5, 1)","(0, -1)",onion,"(3, 0):empty;(4, 0):soup('onion', 3, 19)","(0, 3):dish;(4, 0):soup('onion', 3, 19)"
68,interact,4,0.5819999999999999,13.381200000000007,0.0,0.0,"(4, 1)","(0, -1)",dish,"(5, 1)","(0, -1)",onion,"(3, 0):empty;(4, 0):soup('onion', 3, 20)","(0, 3):dish;(4, 0):soup('onion', 3, 20)"
69,interact,4,5.3384,18.719600000000007,0.0,0.0,"(4, 1)","(0, -1)","soup('onion', 3, 20)","(5, 1)","(0, -1)",onion,"(3, 0):empty;(4, 0):empty","(0, 3):dish"
70,"(-1, 0)",2,-0.08100000000000014,18.638600000000007,0.0,0.0,"(3, 1)","(-1, 0)","soup('onion', 3, 20)","(6, 1)","(1, 0)",onion,"(3, 0):empty;(4, 0):empty","(0, 3):dish"
71,"(-1, 0)",4,-0.08039999999999993,18.558200000000006,0.0,0.0,"(2, 1)","(-1, 0)","soup('onion', 3, 20)","(6, 1)","(1, 0)",onion,"(3, 0):empty;(4, 0):empty","(0, 3):dish"
72,"(-1, 0)",0,-0.0798,18.478400000000008,0.0,0.0,"(1, 1)","(-1, 0)","soup('onion', 3, 20)","(6, 1)","(0, -1)",onion,"(3, 0):empty;(4, 0):empty","(0, 3):dish"
73,interact,3,-0.1267199999999999,18.35168000000001,0.0,0.0,"(1, 1)","(-1, 0)",,"(5, 1)","(-1, 0)",onion,"(3, 0):empty;(4, 0):empty","(0, 1):soup('onion', 3, 20);(0, 3):dish"
74,"(0, 1)",3,-0.01872000000000007,18.332960000000007,0.0,0.0,"(1, 2)","(0, 1)",,"(4, 1)","(-1, 0)",onion,"(3, 0):empty;(4, 0):empty","(0, 1):soup('onion', 3, 20);(0, 3):dish"
75,interact,0,-0.01872000000000007,18.314240000000005,0.0,0.0,"(1, 2)","(0, 1)",,"(4, 1)","(0, -1)",onion,"(3, 0):empty;(4, 0):empty","(0, 1):soup('onion', 3, 20);(0, 3):dish"
76,interact,5,3.33768,21.651920000000004,0.0,0.0,"(1, 2)","(0, 1)",,"(4, 1)","(0, -1)",,"(3, 0):empty;(4, 0):soup('onion', 1, 0)","(0, 1):soup('onion', 3, 20);(0, 3):dish;(4, 0):soup('onion', 1, 0)"
77,"(1, 0)",2,-0.02231999999999994,21.629600000000003,0.0,0.0,"(1, 2)","(1, 0)",,"(5, 1)","(1, 0)",,"(3, 0):empty;(4, 0):soup('onion', 1, 0)","(0, 1):soup('onion', 3, 20);(0, 3):dish;(4, 0):soup('onion', 1, 0)"
78,"(-1, 0)",2,-0.02231999999999994,21.607280000000003,0.0,0.0,"(1, 2)","(-1, 0)",,"(6, 1)","(1, 0)",,"(3, 0):empty;(4, 0):soup('onion', 1, 0)","(0, 1):soup('onion', 3, 20);(0, 3):dish;(4, 0):soup('onion', 1, 0)"
79,interact,1,-0.02231999999999994,21.584960000000002,0.0,0.0,"(1, 2)","(-1, 0)",dish,"(6, 2)","(0, 1)",,"(3, 0):empty;(4, 0):soup('onion', 1, 0)","(0, 1):soup('onion', 3, 20);(0, 3):dish;(4, 0):soup('onion', 1, 0)"
80,interact,1,-0.02231999999999994,21.562640000000002,0.0,0.0,"(1, 2)","(-1, 0)",dish,"(6, 3)","(0, 1)",,"(3, 0):empty;(4, 0):soup('onion', 1, 0)","(0, 1):soup('onion', 3, 20);(0, 3):dish;(4, 0):soup('onion', 1, 0)"
81,interact,3,-0.02231999999999994,21.54032,0.0,0.0,"(1, 2)","(-1, 0)",dish,"(5, 3)","(-1, 0)",,"(3, 0):empty;(4, 0):soup('onion', 1, 0)","(0, 1):soup('onion', 3, 20);(0, 3):dish;(4, 0):soup('onion', 1, 0)"
82,interact,3,-0.02231999999999994,21.518,0.0,0.0,"(1, 2)","(-1, 0)",dish,"(4, 3)","(-1, 0)",,"(3, 0):empty;(4, 0):soup('onion', 1, 0)","(0, 1):soup('onion', 3, 20);(0, 3):dish;(4, 0):soup('onion', 1, 0)"
83,"(0, 1)",1,-0.02231999999999994,21.49568,0.0,0.0,"(1, 3)","(0, 1)",dish,"(4, 3)","(0, 1)",,"(3, 0):empty;(4, 0):soup('onion', 1, 0)","(0, 1):soup('onion', 3, 20);(0, 3):dish;(4, 0):soup('onion', 1, 0)"
84,"(-1, 0)",5,-0.02231999999999994,21.47336,0.0,0.0,"(1, 3)","(-1, 0)",dish,"(4, 3)","(0, 1)",onion,"(3, 0):empty;(4, 0):soup('onion', 1, 0)","(0, 1):soup('onion', 3, 20);(0, 3):dish;(4, 0):soup('onion', 1, 0)"
85,interact,2,-0.02231999999999994,21.45104,0.0,0.0,"(1, 3)","(-1, 0)",dish,"(5, 3)","(1, 0)",onion,"(3, 0):empty;(4, 0):soup('onion', 1, 0)","(0, 1):soup('onion', 3, 20);(0, 3):dish;(4, 0):soup('onion', 1, 0)"
86,"(-1, 0)",2,-0.02231999999999994,21.42872,0.0,0.0,"(1, 3)","(-1, 0)",dish,"(6, 3)","(1, 0)",onion,"(3, 0):empty;(4, 0):soup('onion', 1, 0)","(0, 1):soup('onion', 3, 20);(0, 3):dish;(4, 0):soup('onion', 1, 0)"
87,"(-1, 0)",0,-0.02231999999999994,21.406399999999998,0.0,0.0,"(1, 3)","(-1, 0)",dish,"(6, 2)","(0, -1)",onion,"(3, 0):empty;(4, 0):soup('onion', 1, 0)","(0, 1):soup('onion', 3, 20);(0, 3):dish;(4, 0):soup('onion', 1, 0)"
88,"(-1, 0)",0,-0.02231999999999994,21.384079999999997,0.0,0.0,"(1, 3)","(-1, 0)",dish,"(6, 1)","(0, -1)",onion,"(3, 0):empty;(4, 0):soup('onion', 1, 0)","(0, 1):soup('onion', 3, 20);(0, 3):dish;(4, 0):soup('onion', 1, 0)"
89,"(-1, 0)",3,-0.02231999999999994,21.361759999999997,0.0,0.0,"(1, 3)","(-1, 0)",dish,"(5, 1)","(-1, 0)",onion,"(3, 0):empty;(4, 0):soup('onion', 1, 0)","(0, 1):soup('onion', 3, 20);(0, 3):dish;(4, 0):soup('onion', 1, 0)"
90,"(-1, 0)",3,-0.02231999999999994,21.339439999999996,0.0,0.0,"(1, 3)","(-1, 0)",dish,"(4, 1)","(-1, 0)",onion,"(3, 0):empty;(4, 0):soup('onion', 1, 0)","(0, 1):soup('onion', 3, 20);(0, 3):dish;(4, 0):soup('onion', 1, 0)"
91,interact,0,-0.02231999999999994,21.317119999999996,0.0,0.0,"(1, 3)","(-1, 0)",dish,"(4, 1)","(0, -1)",onion,"(3, 0):empty;(4, 0):soup('onion', 1, 0)","(0, 1):soup('onion', 3, 20);(0, 3):dish;(4, 0):soup('onion', 1, 0)"
92,interact,5,3.33408,24.651199999999996,0.0,0.0,"(1, 3)","(-1, 0)",dish,"(4, 1)","(0, -1)",,"(3, 0):empty;(4, 0):soup('onion', 2, 0)","(0, 1):soup('onion', 3, 20);(0, 3):dish;(4, 0):soup('onion', 2, 0)"
93,interact,2,-0.025919999999999808,24.625279999999997,0.0,0.0,"(1, 3)","(-1, 0)",dish,"(5, 1)","(1, 0)",,"(3, 0):empty;(4, 0):soup('onion', 2, 0)","(0, 1):soup('onion', 3, 20);(0, 3):dish;(4, 0):soup('onion', 2, 0)"
94,"(0, 1)",2,-0.025919999999999808,24.599359999999997,0.0,0.0,"(1, 3)","(0, 1)",dish,"(6, 1)","(1, 0)",,"(3, 0):empty;(4, 0):soup('onion', 2, 0)","(0, 1):soup('onion', 3, 20);(0, 3):dish;(4, 0):soup('onion', 2, 0)"
95,"(-1, 0)",1,-0.025919999999999808,24.573439999999998,0.0,0.0,"(1, 3)","(-1, 0)",dish,"(6, 2)","(0, 1)",,"(3, 0):empty;(4, 0):soup('onion', 2, 0)","(0, 1):soup('onion', 3, 20);(0, 3):dish;(4, 0):soup('onion', 2, 0)"
96,interact,1,-0.025919999999999808,24.54752,0.0,0.0,"(1, 3)","(-1, 0)",dish,"(6, 3)","(0, 1)",,"(3, 0):empty;(4, 0):soup('onion', 2, 0)","(0, 1):soup('onion', 3, 20);(0, 3):dish;(4, 0):soup('onion', 2, 0)"
97,"(-1, 0)",3,-0.025919999999999808,24.5216,0.0,0.0,"(1, 3)","(-1, 0)",dish,"(5, 3)","(-1, 0)",,"(3, 0):empty;(4, 0):soup('onion', 2, 0)","(0, 1):soup('onion', 3, 20);(0, 3):dish;(4, 0):soup('onion', 2, 0)"
98,"(-1, 0)",3,-0.025919999999999808,24.49568,0.0,0.0,"(1, 3)","(-1, 0)",dish,"(4, 3)","(-1, 0)",,"(3, 0):empty;(4, 0):soup('onion', 2, 0)","(0, 1):soup('onion', 3, 20);(0, 3):dish;(4, 0):soup('onion', 2, 0)"
99,"(-1, 0)",1,-0.025919999999999808,24.46976,0.0,0.0,"(1, 3)","(-1, 0)",dish,"(4, 3)","(0, 1)",,"(3, 0):empty;(4, 0):soup('onion', 2, 0)","(0, 1):soup('onion', 3, 20);(0, 3):dish;(4, 0):soup('onion', 2, 0)"
100,"(0, 1)",5,-0.025919999999999808,24.44384,0.0,0.0,"(1, 3)","(0, 1)",dish,"(4, 3)","(0, 1)",onion,"(3, 0):empty;(4, 0):soup('onion', 2, 0)","(0, 1):soup('onion', 3, 20);(0, 3):dish;(4, 0):soup('onion', 2, 0)"
101,"(-1, 0)",2,-0.025919999999999808,24.417920000000002,0.0,0.0,"(1, 3)","(-1, 0)",dish,"(5, 3)","(1, 0)",onion,"(3, 0):empty;(4, 0):soup('onion', 2, 0)","(0, 1):soup('onion', 3, 20);(0, 3):dish;(4, 0):soup('onion', 2, 0)"
102,"(-1, 0)",2,-0.025919999999999808,24.392000000000003,0.0,0.0,"(1, 3)","(-1, 0)",dish,"(6, 3)","(1, 0)",onion,"(3, 0):empty;(4, 0):soup('onion', 2, 0)","(0, 1):soup('onion', 3, 20);(0, 3):dish;(4, 0):soup('onion', 2, 0)"
103,"(-1, 0)",0,-0.025919999999999808,24.366080000000004,0.0,0.0,"(1, 3)","(-1, 0)",dish,"(6, 2)","(0, -1)",onion,"(3, 0):empty;(4, 0):soup('onion', 2, 0)","(0, 1):soup('onion', 3, 20);(0, 3):dish;(4, 0):soup('onion', 2, 0)"
104,"(-1, 0)",0,-0.025919999999999808,24.340160000000004,0.0,0.0,"(1, 3)","(-1, 0)",dish,"(6, 1)","(0, -1)",onion,"(3, 0):empty;(4, 0):soup('onion', 2, 0)","(0, 1):soup('onion', 3, 20);(0, 3):dish;(4, 0):soup('onion', 2, 0)"
105,"(-1, 0)",3,-0.025919999999999808,24.314240000000005,0.0,0.0,"(1, 3)","(-1, 0)",dish,"(5, 1)","(-1, 0)",onion,"(3, 0):empty;(4, 0):soup('onion', 2, 0)","(0, 1):soup('onion', 3, 20);(0, 3):dish;(4, 0):soup('onion', 2, 0)"
106,"(-1, 0)",3,-0.025919999999999808,24.288320000000006,0.0,0.0,"(1, 3)","(-1, 0)",dish,"(4, 1)","(-1, 0)",onion,"(3, 0):empty;(4, 0):soup('onion', 2, 0)","(0, 1):soup('onion', 3, 20);(0, 3):dish;(4, 0):soup('onion', 2, 0)"
107,interact,0,-0.025919999999999808,24.262400000000007,0.0,0.0,"(1, 3)","(-1, 0)",dish,"(4, 1)","(0, -1)",onion,"(3, 0):empty;(4, 0):soup('onion', 2, 0)","(0, 1):soup('onion', 3, 20);(0, 3):dish;(4, 0):soup('onion', 2, 0)"
108,interact,5,3.4492799999999995,27.711680000000005,0.0,0.0,"(1, 3)","(-1, 0)",dish,"(4, 1)","(0, -1)",,"(3, 0):empty;(4, 0):soup('onion', 3, 1)","(0, 1):soup('onion', 3, 20);(0, 3):dish;(4, 0):soup('onion', 3, 1)"
109,"(0, -1)",2,-0.030719999999999813,27.680960000000006,0.0,0.0,"(1, 2)","(0, -1)",dish,"(5, 1)","(1, 0)",,"(3, 0):empty;(4, 0):soup('onion', 3, 2)","(0, 1):soup('onion', 3, 20);(0, 3):dish;(4, 0):soup('onion', 3, 2)"
110,"(0, 0)",2,-0.030719999999999813,27.650240000000007,0.0,0.0,"(1, 2)","(0, -1)",dish,"(6, 1)","(1, 0)",,"(3, 0):empty;(4, 0):soup('onion', 3, 3)","(0, 1):soup('onion', 3, 20);(0, 3):dish;(4, 0):soup('onion', 3, 3)"
111,"(0, 0)",1,-0.030719999999999813,27.61952000000001,0.0,0.0,"(1, 2)","(0, -1)",dish,"(6, 2)","(0, 1)",,"(3, 0):empty;(4, 0):soup('onion', 3, 4)","(0, 1):soup('onion', 3, 20);(0, 3):dish;(4, 0):soup('onion', 3, 4)"
112,"(-1, 0)",1,-0.030719999999999813,27.58880000000001,0.0,0.0,"(1, 2)","(-1, 0)",dish,"(6, 3)","(0, 1)",,"(3, 0):empty;(4, 0):soup('onion', 3, 5)","(0, 1):soup('onion', 3, 20);(0, 3):dish;(4, 0):soup('onion', 3, 5)"
113,interact,3,-0.030719999999999813,27.55808000000001,0.0,0.0,"(1, 2)","(-1, 0)",dish,"(5, 3)","(-1, 0)",,"(3, 0):empty;(4, 0):soup('onion', 3, 6)","(0, 1):soup('onion', 3, 20);(0, 3):dish;(4, 0):soup('onion', 3, 6)"
114,interact,3,-0.030719999999999813,27.527360000000012,0.0,0.0,"(1, 2)","(-1, 0)",dish,"(4, 3)","(-1, 0)",,"(3, 0):empty;(4, 0):soup('onion', 3, 7)","(0, 1):soup('onion', 3, 20);(0, 3):dish;(4, 0):soup('onion', 3, 7)"
115,interact,1,-0.030719999999999813,27.496640000000014,0.0,0.0,"(1, 2)","(-1, 0)",dish,"(4, 3)","(0, 1)",,"(3, 0):empty;(4, 0):soup('onion', 3, 8)","(0, 1):soup('onion', 3, 20);(0, 3):dish;(4, 0):soup('onion', 3, 8)"
116,"(0, -1)",5,-0.030719999999999813,27.465920000000015,0.0,0.0,"(1, 1)","(0, -1)",dish,"(4, 3)","(0, 1)",onion,"(3, 0):empty;(4, 0):soup('onion', 3, 9)","(0, 1):soup('onion', 3, 20);(0, 3):dish;(4, 0):soup('onion', 3, 9)"
117,"(1, 0)",2,-0.030719999999999813,27.435200000000016,0.0,0.0,"(2, 1)","(1, 0)",dish,"(5, 3)","(1, 0)",onion,"(3, 0):empty;(4, 0):soup('onion', 3, 10)","(0, 1):soup('onion', 3, 20);(0, 3):dish;(4, 0):soup('onion', 3, 10)"
118,"(1, 0)",2,-0.030719999999999813,27.404480000000017,0.0,0.0,"(3, 1)","(1, 0)",dish,"(6, 3)","(1, 0)",onion,"(3, 0):empty;(4, 0):soup('onion', 3, 11)","(0, 1):soup('onion', 3, 20);(0, 3):dish;(4, 0):soup('onion', 3, 11)"
119,"(-1, 0)",0,-0.030719999999999813,27.37376000000002,0.0,0.0,"(2, 1)","(-1, 0)",dish,"(6, 2)","(0, -1)",onion,"(3, 0):empty;(4, 0):soup('onion', 3, 12)","(0, 1):soup('onion', 3, 20);(0, 3):dish;(4, 0):soup('onion', 3, 12)"
120,interact,0,-0.030719999999999813,27.34304000000002,0.0,0.0,"(2, 1)","(-1, 0)",dish,"(6, 1)","(0, -1)",onion,"(3, 0):empty;(4, 0):soup('onion', 3, 13)","(0, 1):soup('onion', 3, 20);(0, 3):dish;(4, 0):soup('onion', 3, 13)"
121,"(1, 0)",0,-0.030719999999999813,27.31232000000002,0.0,0.0,"(3, 1)","(1, 0)",dish,"(6, 1)","(0, -1)",onion,"(3, 0):empty;(4, 0):soup('onion', 3, 14)","(0, 1):soup('onion', 3, 20);(0, 3):dish;(4, 0):soup('onion', 3, 14)"
122,"(1, 0)",3,-0.030719999999999813,27.281600000000022,0.0,0.0,"(4, 1)","(1, 0)",dish,"(5, 1)","(-1, 0)",onion,"(3, 0):empty;(4, 0):soup('onion', 3, 15)","(0, 1):soup('onion', 3, 20);(0, 3):dish;(4, 0):soup('onion', 3, 15)"
123,"(0, -1)",0,-0.030719999999999813,27.250880000000024,0.0,0.0,"(4, 1)","(0, -1)",dish,"(5, 1)","(0, -1)",onion,"(3, 0):empty;(4, 0):soup('onion', 3, 16)","(0, 1):soup('onion', 3, 20);(0, 3):dish;(4, 0):soup('onion', 3, 16)"
124,interact,4,-0.030719999999999813,27.220160000000025,0.0,0.0,"(4, 1)","(0, -1)",dish,"(5, 1)","(0, -1)",onion,"(3, 0):empty;(4, 0):soup('onion', 3, 17)","(0, 1):soup('onion', 3, 20);(0, 3):dish;(4, 0):soup('onion', 3, 17)"
125,interact,4,-0.030719999999999813,27.189440000000026,0.0,0.0,"(4, 1)","(0, -1)",dish,"(5, 1)","(0, -1)",onion,"(3, 0):empty;(4, 0):soup('onion', 3, 18)","(0, 1):soup('onion', 3, 20);(0, 3):dish;(4, 0):soup('onion', 3, 18)"
126,interact,4,-0.030719999999999813,27.158720000000027,0.0,0.0,"(4, 1)","(0, -1)",dish,"(5, 1)","(0, -1)",onion,"(3, 0):empty;(4, 0):soup('onion', 3, 19)","(0, 1):soup('onion', 3, 20);(0, 3):dish;(4, 0):soup('onion', 3, 19)"
127,interact,4,0.5632799999999998,27.722000000000026,0.0,0.0,"(4, 1)","(0, -1)",dish,"(5, 1)","(0, -1)",onion,"(3, 0):empty;(4, 0):soup('onion', 3, 20)","(0, 1):soup('onion', 3, 20);(0, 3):dish;(4, 0):soup('onion', 3, 20)"
128,interact,4,5.319680000000001,33.04168000000003,0.0,0.0,"(4, 1)","(0, -1)","soup('onion', 3, 20)","(5, 1)","(0, -1)",onion,"(3, 0):empty;(4, 0):empty","(0, 1):soup('onion', 3, 20);(0, 3):dish"
129,"(-1, 0)",2,-0.099720000000001,32.94196000000003,0.0,0.0,"(3, 1)","(-1, 0)","soup('onion', 3, 20)","(6, 1)","(1, 0)",onion,"(3, 0):empty;(4, 0):empty","(0, 1):soup('onion', 3, 20);(0, 3):dish"
130,"(-1, 0)",4,-0.09911999999999974,32.84284000000003,0.0,0.0,"(2, 1)","(-1, 0)","soup('onion', 3, 20)","(6, 1)","(1, 0)",onion,"(3, 0):empty;(4, 0):empty","(0, 1):soup('onion', 3, 20);(0, 3):dish"
131,"(-1, 0)",0,-0.09852000000000007,32.74432000000003,0.0,0.0,"(1, 1)","(-1, 0)","soup('onion', 3, 20)","(6, 1)","(0, -1)",onion,"(3, 0):empty;(4, 0):empty","(0, 1):soup('onion', 3, 20);(0, 3):dish"
132,interact,3,-0.03852000000000028,32.70580000000003,0.0,0.0,"(1, 1)","(-1, 0)","soup('onion', 3, 20)","(5, 1)","(-1, 0)",onion,"(3, 0):empty;(4, 0):empty","(0, 1):soup('onion', 3, 20);(0, 3):dish"
133,"(0, 1)",3,0.020879999999999833,32.72668000000003,0.0,0.0,"(1, 2)","(0, 1)","soup('onion', 3, 20)","(4, 1)","(-1, 0)",onion,"(3, 0):empty;(4, 0):empty","(0, 1):soup('onion', 3, 20);(0, 3):dish"
134,"(0, -1)",0,-0.13416000000000014,32.59252000000003,0.0,0.0,"(1, 1)","(0, -1)","soup('onion', 3, 20)","(4, 1)","(0, -1)",onion,"(3, 0):empty;(4, 0):empty","(0, 1):soup('onion', 3, 20);(0, 3):dish"
135,interact,5,3.24696,35.83948000000003,0.0,0.0,"(1, 1)","(0, -1)",,"(4, 1)","(0, -1)",,"(3, 0):empty;(4, 0):soup('onion', 1, 0)","(0, 1):soup('onion', 3, 20);(0, 3):dish;(1, 0):soup('onion', 3, 20);(4, 0):soup('onion', 1, 0)"
136,"(0, 1)",5,-0.04104000000000028,35.79844000000003,0.0,0.0,"(1, 2)","(0, 1)",,"(4, 1)","(0, -1)",,"(3, 0):empty;(4, 0):soup('onion', 1, 0)","(0, 1):soup('onion', 3, 20);(0, 3):dish;(1, 0):soup('onion', 3, 20);(4, 0):soup('onion', 1, 0)"
137,"(1, 0)",2,-0.04104000000000028,35.757400000000025,0.0,0.0,"(1, 2)","(1, 0)",,"(5, 1)","(1, 0)",,"(3, 0):empty;(4, 0):soup('onion', 1, 0)","(0, 1):soup('onion', 3, 20);(0, 3):dish;(1, 0):soup('onion', 3, 20);(4, 0):soup('onion', 1, 0)"
138,"(-1, 0)",2,-0.04104000000000028,35.71636000000002,0.0,0.0,"(1, 2)","(-1, 0)",,"(6, 1)","(1, 0)",,"(3, 0):empty;(4, 0):soup('onion', 1, 0)","(0, 1):soup('onion', 3, 20);(0, 3):dish;(1, 0):soup('onion', 3, 20);(4, 0):soup('onion', 1, 0)"
139,interact,1,-0.04104000000000028,35.67532000000002,0.0,0.0,"(1, 2)","(-1, 0)",dish,"(6, 2)","(0, 1)",,"(3, 0):empty;(4, 0):soup('onion', 1, 0)","(0, 1):soup('onion', 3, 20);(0, 3):dish;(1, 0):soup('onion', 3, 20);(4, 0):soup('onion', 1, 0)"
140,interact,1,-0.04104000000000028,35.63428000000002,0.0,0.0,"(1, 2)","(-1, 0)",dish,"(6, 3)","(0, 1)",,"(3, 0):empty;(4, 0):soup('onion', 1, 0)","(0, 1):soup('onion', 3, 20);(0, 3):dish;(1, 0):soup('onion', 3, 20);(4, 0):soup('onion', 1, 0)"
141,interact,3,-0.04104000000000028,35.593240000000016,0.0,0.0,"(1, 2)","(-1, 0)",dish,"(5, 3)","(-1, 0)",,"(3, 0):empty;(4, 0):soup('onion', 1, 0)","(0, 1):soup('onion', 3, 20);(0, 3):dish;(1, 0):soup('onion', 3, 20);(4, 0):soup('onion', 1, 0)"
142,interact,3,-0.04104000000000028,35.55220000000001,0.0,0.0,"(1, 2)","(-1, 0)",dish,"(4, 3)","(-1, 0)",,"(3, 0):empty;(4, 0):soup('onion', 1, 0)","(0, 1):soup('onion', 3, 20);(0, 3):dish;(1, 0):soup('onion', 3, 20);(4, 0):soup('onion', 1, 0)"
143,"(0, 1)",1,-0.04104000000000028,35.51116000000001,0.0,0.0,"(1, 3)","(0, 1)",dish,"(4, 3)","(0, 1)",,"(3, 0):empty;(4, 0):soup('onion', 1, 0)","(0, 1):soup('onion', 3, 20);(0, 3):dish;(1, 0):soup('onion', 3, 20);(4, 0):soup('onion', 1, 0)"
144,"(-1, 0)",5,-0.04104000000000028,35.47012000000001,0.0,0.0,"(1, 3)","(-1, 0)",dish,"(4, 3)","(0, 1)",onion,"(3, 0):empty;(4, 0):soup('onion', 1, 0)","(0, 1):soup('onion', 3, 20);(0, 3):dish;(1, 0):soup('onion', 3, 20);(4, 0):soup('onion', 1, 0)"
145,interact,2,-0.04104000000000028,35.429080000000006,0.0,0.0,"(1, 3)","(-1, 0)",dish,"(5, 3)","(1, 0)",onion,"(3, 0):empty;(4, 0):soup('onion', 1, 0)","(0, 1):soup('onion', 3, 20);(0, 3):dish;(1, 0):soup('onion', 3, 20);(4, 0):soup('onion', 1, 0)"
146,"(-1, 0)",2,-0.04104000000000028,35.388040000000004,0.0,0.0,"(1, 3)","(-1, 0)",dish,"(6, 3)","(1, 0)",onion,"(3, 0):empty;(4, 0):soup('onion', 1, 0)","(0, 1):soup('onion', 3, 20);(0, 3):dish;(1, 0):soup('onion', 3, 20);(4, 0):soup('onion', 1, 0)"
147,"(-1, 0)",0,-0.04104000000000028,35.347,0.0,0.0,"(1, 3)","(-1, 0)",dish,"(6, 2)","(0, -1)",onion,"(3, 0):empty;(4, 0):soup('onion', 1, 0)","(0, 1):soup('onion', 3, 20);(0, 3):dish;(1, 0):soup('onion', 3, 20);(4, 0):soup('onion', 1, 0)"
148,"(-1, 0)",0,-0.04104000000000028,35.30596,0.0,0.0,"(1, 3)","(-1, 0)",dish,"(6, 1)","(0, -1)",onion,"(3, 0):empty;(4, 0):soup('onion', 1, 0)","(0, 1):soup('onion', 3, 20);(0, 3):dish;(1, 0):soup('onion', 3, 20);(4, 0):soup('onion', 1, 0)"
149,"(-1, 0)",3,-0.04104000000000028,35.26492,0.0,0.0,"(1, 3)","(-1, 0)",dish,"(5, 1)","(-1, 0)",onion,"(3, 0):empty;(4, 0):soup('onion', 1, 0)","(0, 1):soup('onion', 3, 20);(0, 3):dish;(1, 0):soup('onion', 3, 20);(4, 0):soup('onion', 1, 0)"
150,"(-1, 0)",3,-0.04104000000000028,35.223879999999994,0.0,0.0,"(1, 3)","(-1, 0)",dish,"(4, 1)","(-1, 0)",onion,"(3, 0):empty;(4, 0):soup('onion', 1, 0)","(0, 1):soup('onion', 3, 20);(0, 3):dish;(1, 0):soup('onion', 3, 20);(4, 0):soup('onion', 1, 0)"
151,interact,0,-0.04104000000000028,35.18283999999999,0.0,0.0,"(1, 3)","(-1, 0)",dish,"(4, 1)","(0, -1)",onion,"(3, 0):empty;(4, 0):soup('onion', 1, 0)","(0, 1):soup('onion', 3, 20);(0, 3):dish;(1, 0):soup('onion', 3, 20);(4, 0):soup('onion', 1, 0)"
152,interact,5,3.31536,38.49819999999999,0.0,0.0,"(1, 3)","(-1, 0)",dish,"(4, 1)","(0, -1)",,"(3, 0):empty;(4, 0):soup('onion', 2, 0)","(0, 1):soup('onion', 3, 20);(0, 3):dish;(1, 0):soup('onion', 3, 20);(4, 0):soup('onion', 2, 0)"
153,interact,2,-0.04463999999999988,38.45355999999999,0.0,0.0,"(1, 3)","(-1, 0)",dish,"(5, 1)","(1, 0)",,"(3, 0):empty;(4, 0):soup('onion', 2, 0)","(0, 1):soup('onion', 3, 20);(0, 3):dish;(1, 0):soup('onion', 3, 20);(4, 0):soup('onion', 2, 0)"
154,"(0, 1)",2,-0.04463999999999988,38.40891999999999,0.0,0.0,"(1, 3)","(0, 1)",dish,"(6, 1)","(1, 0)",,"(3, 0):empty;(4, 0):soup('onion', 2, 0)","(0, 1):soup('onion', 3, 20);(0, 3):dish;(1, 0):soup('onion', 3, 20);(4, 0):soup('onion', 2, 0)"
155,"(-1, 0)",1,-0.04463999999999988,38.36427999999999,0.0,0.0,"(1, 3)","(-1, 0)",dish,"(6, 2)","(0, 1)",,"(3, 0):empty;(4, 0):soup('onion', 2, 0)","(0, 1):soup('onion', 3, 20);(0, 3):dish;(1, 0):soup('onion', 3, 20);(4, 0):soup('onion', 2, 0)"
156,interact,1,-0.04463999999999988,38.319639999999985,0.0,0.0,"(1, 3)","(-1, 0)",dish,"(6, 3)","(0, 1)",,"(3, 0):empty;(4, 0):soup('onion', 2, 0)","(0, 1):soup('onion', 3, 20);(0, 3):dish;(1, 0):soup('onion', 3, 20);(4, 0):soup('onion', 2, 0)"
157,"(-1, 0)",3,-0.04463999999999988,38.274999999999984,0.0,0.0,"(1, 3)","(-1, 0)",dish,"(5, 3)","(-1, 0)",,"(3, 0):empty;(4, 0):soup('onion', 2, 0)","(0, 1):soup('onion', 3, 20);(0, 3):dish;(1, 0):soup('onion', 3, 20);(4, 0):soup('onion', 2, 0)"
158,"(-1, 0)",3,-0.04463999999999988,38.23035999999998,0.0,0.0,"(1, 3)","(-1, 0)",dish,"(4, 3)","(-1, 0)",,"(3, 0):empty;(4, 0):soup('onion', 2, 0)","(0, 1):soup('onion', 3, 20);(0, 3):dish;(1, 0):soup('onion', 3, 20);(4, 0):soup('onion', 2, 0)"
159,"(-1, 0)",1,-0.04463999999999988,38.18571999999998,0.0,0.0,"(1, 3)","(-1, 0)",dish,"(4, 3)","(0, 1)",,"(3, 0):empty;(4, 0):soup('onion', 2, 0)","(0, 1):soup('onion', 3, 20);(0, 3):dish;(1, 0):soup('onion', 3, 20);(4, 0):soup('onion', 2, 0)"
160,"(0, 1)",5,-0.04463999999999988,38.14107999999998,0.0,0.0,"(1, 3)","(0, 1)",dish,"(4, 3)","(0, 1)",onion,"(3, 0):empty;(4, 0):soup('onion', 2, 0)","(0, 1):soup('onion', 3, 20);(0, 3):dish;(1, 0):soup('onion', 3, 20);(4, 0):soup('onion', 2, 0)"
161,"(-1, 0)",2,-0.04463999999999988,38.09643999999998,0.0,0.0,"(1, 3)","(-1, 0)",dish,"(5, 3)","(1, 0)",onion,"(3, 0):empty;(4, 0):soup('onion', 2, 0)","(0, 1):soup('onion', 3, 20);(0, 3):dish;(1, 0):soup('onion', 3, 20);(4, 0):soup('onion', 2, 0)"
162,"(-1, 0)",2,-0.04463999999999988,38.05179999999998,0.0,0.0,"(1, 3)","(-1, 0)",dish,"(6, 3)","(1, 0)",onion,"(3, 0):empty;(4, 0):soup('onion', 2, 0)","(0, 1):soup('onion', 3, 20);(0, 3):dish;(1, 0):soup('onion', 3, 20);(4, 0):soup('onion', 2, 0)"
163,"(-1, 0)",0,-0.04463999999999988,38.00715999999998,0.0,0.0,"(1, 3)","(-1, 0)",dish,"(6, 2)","(0, -1)",onion,"(3, 0):empty;(4, 0):soup('onion', 2, 0)","(0, 1):soup('onion', 3, 20);(0, 3):dish;(1, 0):soup('onion', 3, 20);(4, 0):soup('onion', 2, 0)"
164,"(-1, 0)",0,-0.04463999999999988,37.96251999999998,0.0,0.0,"(1, 3)","(-1, 0)",dish,"(6, 1)","(0, -1)",onion,"(3, 0):empty;(4, 0):soup('onion', 2, 0)","(0, 1):soup('onion', 3, 20);(0, 3):dish;(1, 0):soup('onion', 3, 20);(4, 0):soup('onion', 2, 0)"
165,"(-1, 0)",3,-0.04463999999999988,37.917879999999975,0.0,0.0,"(1, 3)","(-1, 0)",dish,"(5, 1)","(-1, 0)",onion,"(3, 0):empty;(4, 0):soup('onion', 2, 0)","(0, 1):soup('onion', 3, 20);(0, 3):dish;(1, 0):soup('onion', 3, 20);(4, 0):soup('onion', 2, 0)"
166,"(-1, 0)",3,-0.04463999999999988,37.873239999999974,0.0,0.0,"(1, 3)","(-1, 0)",dish,"(4, 1)","(-1, 0)",onion,"(3, 0):empty;(4, 0):soup('onion', 2, 0)","(0, 1):soup('onion', 3, 20);(0, 3):dish;(1, 0):soup('onion', 3, 20);(4, 0):soup('onion', 2, 0)"
167,interact,0,-0.04463999999999988,37.82859999999997,0.0,0.0,"(1, 3)","(-1, 0)",dish,"(4, 1)","(0, -1)",onion,"(3, 0):empty;(4, 0):soup('onion', 2, 0)","(0, 1):soup('onion', 3, 20);(0, 3):dish;(1, 0):soup('onion', 3, 20);(4, 0):soup('onion', 2, 0)"
168,interact,5,3.4305599999999994,41.25915999999997,0.0,0.0,"(1, 3)","(-1, 0)",dish,"(4, 1)","(0, -1)",,"(3, 0):empty;(4, 0):soup('onion', 3, 1)","(0, 1):soup('onion', 3, 20);(0, 3):dish;(1, 0):soup('onion', 3, 20);(4, 0):soup('onion', 3, 1)"
169,"(0, -1)",2,-0.04943999999999988,41.209719999999976,0.0,0.0,"(1, 2)","(0, -1)",dish,"(5, 1)","(1, 0)",,"(3, 0):empty;(4, 0):soup('onion', 3, 2)","(0, 1):soup('onion', 3, 20);(0, 3):dish;(1, 0):soup('onion', 3, 20);(4, 0):soup('onion', 3, 2)"
170,"(0, 0)",2,-0.04943999999999988,41.16027999999998,0.0,0.0,"(1, 2)","(0, -1)",dish,"(6, 1)","(1, 0)",,"(3, 0):empty;(4, 0):soup('onion', 3, 3)","(0, 1):soup('onion', 3, 20);(0, 3):dish;(1, 0):soup('onion', 3, 20);(4, 0):soup('onion', 3, 3)"
171,"(0, 0)",1,-0.04943999999999988,41.11083999999998,0.0,0.0,"(1, 2)","(0, -1)",dish,"(6, 2)","(0, 1)",,"(3, 0):empty;(4, 0):soup('onion', 3, 4)","(0, 1):soup('onion', 3, 20);(0, 3):dish;(1, 0):soup('onion', 3, 20);(4, 0):soup('onion', 3, 4)"
172,"(-1, 0)",1,-0.04943999999999988,41.061399999999985,0.0,0.0,"(1, 2)","(-1, 0)",dish,"(6, 3)","(0, 1)",,"(3, 0):empty;(4, 0):soup('onion', 3, 5)","(0, 1):soup('onion', 3, 20);(0, 3):dish;(1, 0):soup('onion', 3, 20);(4, 0):soup('onion', 3, 5)"
173,interact,3,-0.04943999999999988,41.01195999999999,0.0,0.0,"(1, 2)","(-1, 0)",dish,"(5, 3)","(-1, 0)",,"(3, 0):empty;(4, 0):soup('onion', 3, 6)","(0, 1):soup('onion', 3, 20);(0, 3):dish;(1, 0):soup('onion', 3, 20);(4, 0):soup('onion', 3, 6)"
174,interact,3,-0.04943999999999988,40.96251999999999,0.0,0.0,"(1, 2)","(-1, 0)",dish,"(4, 3)","(-1, 0)",,"(3, 0):empty;(4, 0):soup('onion', 3, 7)","(0, 1):soup('onion', 3, 20);(0, 3):dish;(1, 0):soup('onion', 3, 20);(4, 0):soup('onion', 3, 7)"
175,interact,1,-0.04943999999999988,40.913079999999994,0.0,0.0,"(1, 2)","(-1, 0)",dish,"(4, 3)","(0, 1)",,"(3, 0):empty;(4, 0):soup('onion', 3, 8)","(0, 1):soup('onion', 3, 20);(0, 3):dish;(1, 0):soup('onion', 3, 20);(4, 0):soup('onion', 3, 8)"
176,"(0, -1)",5,-0.04943999999999988,40.86364,0.0,0.0,"(1, 1)","(0, -1)",dish,"(4, 3)","(0, 1)",onion,"(3, 0):empty;(4, 0):soup('onion', 3, 9)","(0, 1):soup('onion', 3, 20);(0, 3):dish;(1, 0):soup('onion', 3, 20);(4, 0):soup('onion', 3, 9)"
177,"(1, 0)",2,-0.04943999999999988,40.8142,0.0,0.0,"(2, 1)","(1, 0)",dish,"(5, 3)","(1, 0)",onion,"(3, 0):empty;(4, 0):soup('onion', 3, 10)","(0, 1):soup('onion', 3, 20);(0, 3):dish;(1, 0):soup('onion', 3, 20);(4, 0):soup('onion', 3, 10)"
178,"(1, 0)",2,-0.04943999999999988,40.76476,0.0,0.0,"(3, 1)","(1, 0)",dish,"(6, 3)","(1, 0)",onion,"(3, 0):empty;(4, 0):soup('onion', 3, 11)","(0, 1):soup('onion', 3, 20);(0, 3):dish;(1, 0):soup('onion', 3, 20);(4, 0):soup('onion', 3, 11)"
179,"(-1, 0)",0,-0.04943999999999988,40.715320000000006,0.0,0.0,"(2, 1)","(-1, 0)",dish,"(6, 2)","(0, -1)",onion,"(3, 0):empty;(4, 0):soup('onion', 3, 12)","(0, 1):soup('onion', 3, 20);(0, 3):dish;(1, 0):soup('onion', 3, 20);(4, 0):soup('onion', 3, 12)"
180,interact,0,-0.04943999999999988,40.66588000000001,0.0,0.0,"(2, 1)","(-1, 0)",dish,"(6, 1)","(0, -1)",onion,"(3, 0):empty;(4, 0):soup('onion', 3, 13)","(0, 1):soup('onion', 3, 20);(0, 3):dish;(1, 0):soup('onion', 3, 20);(4, 0):soup('onion', 3, 13)"
181,"(1, 0)",0,-0.04943999999999988,40.61644000000001,0.0,0.0,"(3, 1)","(1, 0)",dish,"(6, 1)","(0, -1)",onion,"(3, 0):empty;(4, 0):soup('onion', 3, 14)","(0, 1):soup('onion', 3, 20);(0, 3):dish;(1, 0):soup('onion', 3, 20);(4, 0):soup('onion', 3, 14)"
182,"(1, 0)",3,-0.04943999999999988,40.567000000000014,0.0,0.0,"(4, 1)","(1, 0)",dish,"(5, 1)","(-1, 0)",onion,"(3, 0):empty;(4, 0):soup('onion', 3, 15)","(0, 1):soup('onion', 3, 20);(0, 3):dish;(1, 0):soup('onion', 3, 20);(4, 0):soup('onion', 3, 15)"
183,"(0, -1)",0,-0.04943999999999988,40.51756000000002,0.0,0.0,"(4, 1)","(0, -1)",dish,"(5, 1)","(0, -1)",onion,"(3, 0):empty;(4, 0):soup('onion', 3, 16)","(0, 1):soup('onion', 3, 20);(0, 3):dish;(1, 0):soup('onion', 3, 20);(4, 0):soup('onion', 3, 16)"
184,interact,4,-0.04943999999999988,40.46812000000002,0.0,0.0,"(4, 1)","(0, -1)",dish,"(5, 1)","(0, -1)",onion,"(3, 0):empty;(4, 0):soup('onion', 3, 17)","(0, 1):soup('onion', 3, 20);(0, 3):dish;(1, 0):soup('onion', 3, 20);(4, 0):soup('onion', 3, 17)"
185,interact,4,-0.04943999999999988,40.41868000000002,0.0,0.0,"(4, 1)","(0, -1)",dish,"(5, 1)","(0, -1)",onion,"(3, 0):empty;(4, 0):soup('onion', 3, 18)","(0, 1):soup('onion', 3, 20);(0, 3):dish;(1, 0):soup('onion', 3, 20);(4, 0):soup('onion', 3, 18)"
186,interact,4,-0.04943999999999988,40.369240000000026,0.0,0.0,"(4, 1)","(0, -1)",dish,"(5, 1)","(0, -1)",onion,"(3, 0):empty;(4, 0):soup('onion', 3, 19)","(0, 1):soup('onion', 3, 20);(0, 3):dish;(1, 0):soup('onion', 3, 20);(4, 0):soup('onion', 3, 19)"
187,interact,4,0.5445600000000003,40.91380000000002,0.0,0.0,"(4, 1)","(0, -1)",dish,"(5, 1)","(0, -1)",onion,"(3, 0):empty;(4, 0):soup('onion', 3, 20)","(0, 1):soup('onion', 3, 20);(0, 3):dish;(1, 0):soup('onion', 3, 20);(4, 0):soup('onion', 3, 20)"
188,interact,4,5.300960000000001,46.21476000000003,0.0,0.0,"(4, 1)","(0, -1)","soup('onion', 3, 20)","(5, 1)","(0, -1)",onion,"(3, 0):empty;(4, 0):empty","(0, 1):soup('onion', 3, 20);(0, 3):dish;(1, 0):soup('onion', 3, 20)"
189,"(-1, 0)",2,-0.11844000000000107,46.09632000000003,0.0,0.0,"(3, 1)","(-1, 0)","soup('onion', 3, 20)","(6, 1)","(1, 0)",onion,"(3, 0):empty;(4, 0):empty","(0, 1):soup('onion', 3, 20);(0, 3):dish;(1, 0):soup('onion', 3, 20)"
190,"(-1, 0)",4,-0.11784000000000033,45.978480000000026,0.0,0.0,"(2, 1)","(-1, 0)","soup('onion', 3, 20)","(6, 1)","(1, 0)",onion,"(3, 0):empty;(4, 0):empty","(0, 1):soup('onion', 3, 20);(0, 3):dish;(1, 0):soup('onion', 3, 20)"
191,"(-1, 0)",0,-0.11723999999999961,45.86124000000002,0.0,0.0,"(1, 1)","(-1, 0)","soup('onion', 3, 20)","(6, 1)","(0, -1)",onion,"(3, 0):empty;(4, 0):empty","(0, 1):soup('onion', 3, 20);(0, 3):dish;(1, 0):soup('onion', 3, 20)"
192,interact,3,-0.05723999999999982,45.80400000000002,0.0,0.0,"(1, 1)","(-1, 0)","soup('onion', 3, 20)","(5, 1)","(-1, 0)",onion,"(3, 0):empty;(4, 0):empty","(0, 1):soup('onion', 3, 20);(0, 3):dish;(1, 0):soup('onion', 3, 20)"
193,"(0, 1)",3,0.002159999999999229,45.80616000000002,0.0,0.0,"(1, 2)","(0, 1)","soup('onion', 3, 20)","(4, 1)","(-1, 0)",onion,"(3, 0):empty;(4, 0):empty","(0, 1):soup('onion', 3, 20);(0, 3):dish;(1, 0):soup('onion', 3, 20)"
194,"(0, -1)",0,-0.15287999999999968,45.653280000000024,0.0,0.0,"(1, 1)","(0, -1)","soup('onion', 3, 20)","(4, 1)","(0, -1)",onion,"(3, 0):empty;(4, 0):empty","(0, 1):soup('onion', 3, 20);(0, 3):dish;(1, 0):soup('onion', 3, 20)"
195,interact,5,3.263879999999999,48.917160000000024,0.0,0.0,"(1, 1)","(0, -1)","soup('onion', 3, 20)","(4, 1)","(0, -1)",,"(3, 0):empty;(4, 0):soup('onion', 1, 0)","(0, 1):soup('onion', 3, 20);(0, 3):dish;(1, 0):soup('onion', 3, 20);(4, 0):soup('onion', 1, 0)"
196,"(1, 0)",5,-0.036359999999999455,48.88080000000002,0.0,0.0,"(2, 1)","(1, 0)","soup('onion', 3, 20)","(4, 1)","(0, -1)",,"(3, 0):empty;(4, 0):soup('onion', 1, 0)","(0, 1):soup('onion', 3, 20);(0, 3):dish;(1, 0):soup('onion', 3, 20);(4, 0):soup('onion', 1, 0)"
197,"(0, -1)",2,-0.09600000000000009,48.78480000000002,0.0,0.0,"(2, 1)","(0, -1)","soup('onion', 3, 20)","(5, 1)","(1, 0)",,"(3, 0):empty;(4, 0):soup('onion', 1, 0)","(0, 1):soup('onion', 3, 20);(0, 3):dish;(1, 0):soup('onion', 3, 20);(4, 0):soup('onion', 1, 0)"
198,interact,0,-0.04811999999999976,48.73668000000002,0.0,0.0,"(2, 1)","(0, -1)",,"(5, 1)","(0, -1)",,"(3, 0):empty;(4, 0):soup('onion', 1, 0)","(0, 1):soup('onion', 3, 20);(0, 3):dish;(1, 0):soup('onion', 3, 20);(2, 0):soup('onion', 3, 20);(4, 0):soup('onion', 1, 0)"
199,"(-1, 0)",2,-0.06012000000000057,48.67656000000002,0.0,0.0,"(1, 1)","(-1, 0)",,"(6, 1)","(1, 0)",,"(3, 0):empty;(4, 0):soup('onion', 1, 0)","(0, 1):soup('onion', 3, 20);(0, 3):dish;(1, 0):soup('onion', 3, 20);(2, 0):soup('onion', 3, 20);(4, 0):soup('onion', 1, 0)"
200,"(0, 1)",1,-0.06012000000000057,48.616440000000026,0.0,0.0,"(1, 2)","(0, 1)",,"(6, 2)","(0, 1)",,"(3, 0):empty;(4, 0):soup('onion', 1, 0)","(0, 1):soup('onion', 3, 20);(0, 3):dish;(1, 0):soup('onion', 3, 20);(2, 0):soup('onion', 3, 20);(4, 0):soup('onion', 1, 0)"
201,interact,1,-0.06012000000000057,48.55632000000003,0.0,0.0,"(1, 2)","(0, 1)",,"(6, 3)","(0, 1)",,"(3, 0):empty;(4, 0):soup('onion', 1, 0)","(0, 1):soup('onion', 3, 20);(0, 3):dish;(1, 0):soup('onion', 3, 20);(2, 0):soup('onion', 3, 20);(4, 0):soup('onion', 1, 0)"
202,"(-1, 0)",3,-0.06012000000000057,48.49620000000003,0.0,0.0,"(1, 2)","(-1, 0)",,"(5, 3)","(-1, 0)",,"(3, 0):empty;(4, 0):soup('onion', 1, 0)","(0, 1):soup('onion', 3, 20);(0, 3):dish;(1, 0):soup('onion', 3, 20);(2, 0):soup('onion', 3, 20);(4, 0):soup('onion', 1, 0)"
203,"(0, 1)",3,-0.06012000000000057,48.43608000000003,0.0,0.0,"(1, 3)","(0, 1)",,"(4, 3)","(-1, 0)",,"(3, 0):empty;(4, 0):soup('onion', 1, 0)","(0, 1):soup('onion', 3, 20);(0, 3):dish;(1, 0):soup('onion', 3, 20);(2, 0):soup('onion', 3, 20);(4, 0):soup('onion', 1, 0)"
204,"(-1, 0)",1,-0.06012000000000057,48.375960000000035,0.0,0.0,"(1, 3)","(-1, 0)",,"(4, 3)","(0, 1)",,"(3, 0):empty;(4, 0):soup('onion', 1, 0)","(0, 1):soup('onion', 3, 20);(0, 3):dish;(1, 0):soup('onion', 3, 20);(2, 0):soup('onion', 3, 20);(4, 0):soup('onion', 1, 0)"
205,"(0, 1)",5,-0.06012000000000057,48.31584000000004,0.0,0.0,"(1, 3)","(0, 1)",,"(4, 3)","(0, 1)",onion,"(3, 0):empty;(4, 0):soup('onion', 1, 0)","(0, 1):soup('onion', 3, 20);(0, 3):dish;(1, 0):soup('onion', 3, 20);(2, 0):soup('onion', 3, 20);(4, 0):soup('onion', 1, 0)"
206,"(-1, 0)",2,-0.06012000000000057,48.25572000000004,0.0,0.0,"(1, 3)","(-1, 0)",,"(5, 3)","(1, 0)",onion,"(3, 0):empty;(4, 0):soup('onion', 1, 0)","(0, 1):soup('onion', 3, 20);(0, 3):dish;(1, 0):soup('onion', 3, 20);(2, 0):soup('onion', 3, 20);(4, 0):soup('onion', 1, 0)"
207,"(-1, 0)",2,-0.06012000000000057,48.19560000000004,0.0,0.0,"(1, 3)","(-1, 0)",,"(6, 3)","(1, 0)",onion,"(3, 0):empty;(4, 0):soup('onion', 1, 0)","(0, 1):soup('onion', 3, 20);(0, 3):dish;(1, 0):soup('onion', 3, 20);(2, 0):soup('onion', 3, 20);(4, 0):soup('onion', 1, 0)"
208,"(-1, 0)",0,-0.06012000000000057,48.135480000000044,0.0,0.0,"(1, 3)","(-1, 0)",,"(6, 2)","(0, -1)",onion,"(3, 0):empty;(4, 0):soup('onion', 1, 0)","(0, 1):soup('onion', 3, 20);(0, 3):dish;(1, 0):soup('onion', 3, 20);(2, 0):soup('onion', 3, 20);(4, 0):soup('onion', 1, 0)"
209,"(-1, 0)",0,-0.06012000000000057,48.075360000000046,0.0,0.0,"(1, 3)","(-1, 0)",,"(6, 1)","(0, -1)",onion,"(3, 0):empty;(4, 0):soup('onion', 1, 0)","(0, 1):soup('onion', 3, 20);(0, 3):dish;(1, 0):soup('onion', 3, 20);(2, 0):soup('onion', 3, 20);(4, 0):soup('onion', 1, 0)"
210,"(-1, 0)",3,-0.06012000000000057,48.01524000000005,0.0,0.0,"(1, 3)","(-1, 0)",,"(5, 1)","(-1, 0)",onion,"(3, 0):empty;(4, 0):soup('onion', 1, 0)","(0, 1):soup('onion', 3, 20);(0, 3):dish;(1, 0):soup('onion', 3, 20);(2, 0):soup('onion', 3, 20);(4, 0):soup('onion', 1, 0)"
211,"(0, 1)",3,-0.06012000000000057,47.95512000000005,0.0,0.0,"(1, 3)","(0, 1)",,"(4, 1)","(-1, 0)",onion,"(3, 0):empty;(4, 0):soup('onion', 1, 0)","(0, 1):soup('onion', 3, 20);(0, 3):dish;(1, 0):soup('onion', 3, 20);(2, 0):soup('onion', 3, 20);(4, 0):soup('onion', 1, 0)"
212,"(0, -1)",0,-0.06012000000000057,47.89500000000005,0.0,0.0,"(1, 2)","(0, -1)",,"(4, 1)","(0, -1)",onion,"(3, 0):empty;(4, 0):soup('onion', 1, 0)","(0, 1):soup('onion', 3, 20);(0, 3):dish;(1, 0):soup('onion', 3, 20);(2, 0):soup('onion', 3, 20);(4, 0):soup('onion', 1, 0)"
213,interact,5,3.2962800000000003,51.191280000000056,0.0,0.0,"(1, 2)","(0, -1)",,"(4, 1)","(0, -1)",,"(3, 0):empty;(4, 0):soup('onion', 2, 0)","(0, 1):soup('onion', 3, 20);(0, 3):dish;(1, 0):soup('onion', 3, 20);(2, 0):soup('onion', 3, 20);(4, 0):soup('onion', 2, 0)"
214,interact,2,-0.06371999999999964,51.12756000000006,0.0,0.0,"(1, 2)","(0, -1)",,"(5, 1)","(1, 0)",,"(3, 0):empty;(4, 0):soup('onion', 2, 0)","(0, 1):soup('onion', 3, 20);(0, 3):dish;(1, 0):soup('onion', 3, 20);(2, 0):soup('onion', 3, 20);(4, 0):soup('onion', 2, 0)"
215,"(-1, 0)",2,-0.06371999999999964,51.06384000000006,0.0,0.0,"(1, 2)","(-1, 0)",,"(6, 1)","(1, 0)",,"(3, 0):empty;(4, 0):soup('onion', 2, 0)","(0, 1):soup('onion', 3, 20);(0, 3):dish;(1, 0):soup('onion', 3, 20);(2, 0):soup('onion', 3, 20);(4, 0):soup('onion', 2, 0)"
216,interact,1,-0.06371999999999964,51.00012000000007,0.0,0.0,"(1, 2)","(-1, 0)",dish,"(6, 2)","(0, 1)",,"(3, 0):empty;(4, 0):soup('onion', 2, 0)","(0, 1):soup('onion', 3, 20);(0, 3):dish;(1, 0):soup('onion', 3, 20);(2, 0):soup('onion', 3, 20);(4, 0):soup('onion', 2, 0)"
217,interact,1,-0.06371999999999964,50.93640000000007,0.0,0.0,"(1, 2)","(-1, 0)",dish,"(6, 3)","(0, 1)",,"(3, 0):empty;(4, 0):soup('onion', 2, 0)","(0, 1):soup('onion', 3, 20);(0, 3):dish;(1, 0):soup('onion', 3, 20);(2, 0):soup('onion', 3, 20);(4, 0):soup('onion', 2, 0)"
218,interact,3,-0.06371999999999964,50.872680000000074,0.0,0.0,"(1, 2)","(-1, 0)",dish,"(5, 3)","(-1, 0)",,"(3, 0):empty;(4, 0):soup('onion', 2, 0)","(0, 1):soup('onion', 3, 20);(0, 3):dish;(1, 0):soup('onion', 3, 20);(2, 0):soup('onion', 3, 20);(4, 0):soup('onion', 2, 0)"
219,interact,3,-0.06371999999999964,50.80896000000008,0.0,0.0,"(1, 2)","(-1, 0)",dish,"(4, 3)","(-1, 0)",,"(3, 0):empty;(4, 0):soup('onion', 2, 0)","(0, 1):soup('onion', 3, 20);(0, 3):dish;(1, 0):soup('onion', 3, 20);(2, 0):soup('onion', 3, 20);(4, 0):soup('onion', 2, 0)"
220,"(0, 1)",1,-0.06371999999999964,50.74524000000008,0.0,0.0,"(1, 3)","(0, 1)",dish,"(4, 3)","(0, 1)",,"(3, 0):empty;(4, 0):soup('onion', 2, 0)","(0, 1):soup('onion', 3, 20);(0, 3):dish;(1, 0):soup('onion', 3, 20);(2, 0):soup('onion', 3, 20);(4, 0):soup('onion', 2, 0)"
221,"(-1, 0)",5,-0.06371999999999964,50.681520000000084,0.0,0.0,"(1, 3)","(-1, 0)",dish,"(4, 3)","(0, 1)",onion,"(3, 0):empty;(4, 0):soup('onion', 2, 0)","(0, 1):soup('onion', 3, 20);(0, 3):dish;(1, 0):soup('onion', 3, 20);(2, 0):soup('onion', 3, 20);(4, 0):soup('onion', 2, 0)"
222,interact,2,-0.06371999999999964,50.61780000000009,0.0,0.0,"(1, 3)","(-1, 0)",dish,"(5, 3)","(1, 0)",onion,"(3, 0):empty;(4, 0):soup('onion', 2, 0)","(0, 1):soup('onion', 3, 20);(0, 3):dish;(1, 0):soup('onion', 3, 20);(2, 0):soup('onion', 3, 20);(4, 0):soup('onion', 2, 0)"
223,"(-1, 0)",2,-0.06371999999999964,50.55408000000009,0.0,0.0,"(1, 3)","(-1, 0)",dish,"(6, 3)","(1, 0)",onion,"(3, 0):empty;(4, 0):soup('onion', 2, 0)","(0, 1):soup('onion', 3, 20);(0, 3):dish;(1, 0):soup('onion', 3, 20);(2, 0):soup('onion', 3, 20);(4, 0):soup('onion', 2, 0)"
224,"(-1, 0)",0,-0.06371999999999964,50.490360000000095,0.0,0.0,"(1, 3)","(-1, 0)",dish,"(6, 2)","(0, -1)",onion,"(3, 0):empty;(4, 0):soup('onion', 2, 0)","(0, 1):soup('onion', 3, 20);(0, 3):dish;(1, 0):soup('onion', 3, 20);(2, 0):soup('onion', 3, 20);(4, 0):soup('onion', 2, 0)"
225,"(-1, 0)",0,-0.06371999999999964,50.4266400000001,0.0,0.0,"(1, 3)","(-1, 0)",dish,"(6, 1)","(0, -1)",onion,"(3, 0):empty;(4, 0):soup('onion', 2, 0)","(0, 1):soup('onion', 3, 20);(0, 3):dish;(1, 0):soup('onion', 3, 20);(2, 0):soup('onion', 3, 20);(4, 0):soup('onion', 2, 0)"
226,"(-1, 0)",3,-0.06371999999999964,50.3629200000001,0.0,0.0,"(1, 3)","(-1, 0)",dish,"(5, 1)","(-1, 0)",onion,"(3, 0):empty;(4, 0):soup('onion', 2, 0)","(0, 1):soup('onion', 3, 20);(0, 3):dish;(1, 0):soup('onion', 3, 20);(2, 0):soup('onion', 3, 20);(4, 0):soup('onion', 2, 0)"
227,"(-1, 0)",3,-0.06371999999999964,50.299200000000106,0.0,0.0,"(1, 3)","(-1, 0)",dish,"(4, 1)","(-1, 0)",onion,"(3, 0):empty;(4, 0):soup('onion', 2, 0)","(0, 1):soup('onion', 3, 20);(0, 3):dish;(1, 0):soup('onion', 3, 20);(2, 0):soup('onion', 3, 20);(4, 0):soup('onion', 2, 0)"
228,interact,0,-0.06371999999999964,50.23548000000011,0.0,0.0,"(1, 3)","(-1, 0)",dish,"(4, 1)","(0, -1)",onion,"(3, 0):empty;(4, 0):soup('onion', 2, 0)","(0, 1):soup('onion', 3, 20);(0, 3):dish;(1, 0):soup('onion', 3, 20);(2, 0):soup('onion', 3, 20);(4, 0):soup('onion', 2, 0)"
229,interact,5,3.411479999999999,53.64696000000011,0.0,0.0,"(1, 3)","(-1, 0)",dish,"(4, 1)","(0, -1)",,"(3, 0):empty;(4, 0):soup('onion', 3, 1)","(0, 1):soup('onion', 3, 20);(0, 3):dish;(1, 0):soup('onion', 3, 20);(2, 0):soup('onion', 3, 20);(4, 0):soup('onion', 3, 1)"
230,"(0, -1)",2,-0.06852000000000018,53.57844000000011,0.0,0.0,"(1, 2)","(0, -1)",dish,"(5, 1)","(1, 0)",,"(3, 0):empty;(4, 0):soup('onion', 3, 2)","(0, 1):soup('onion', 3, 20);(0, 3):dish;(1, 0):soup('onion', 3, 20);(2, 0):soup('onion', 3, 20);(4, 0):soup('onion', 3, 2)"
231,"(0, 0)",2,-0.06852000000000018,53.50992000000011,0.0,0.0,"(1, 2)","(0, -1)",dish,"(6, 1)","(1, 0)",,"(3, 0):empty;(4, 0):soup('onion', 3, 3)","(0, 1):soup('onion', 3, 20);(0, 3):dish;(1, 0):soup('onion', 3, 20);(2, 0):soup('onion', 3, 20);(4, 0):soup('onion', 3, 3)"
232,"(0, 0)",1,-0.06852000000000018,53.44140000000011,0.0,0.0,"(1, 2)","(0, -1)",dish,"(6, 2)","(0, 1)",,"(3, 0):empty;(4, 0):soup('onion', 3, 4)","(0, 1):soup('onion', 3, 20);(0, 3):dish;(1, 0):soup('onion', 3, 20);(2, 0):soup('onion', 3, 20);(4, 0):soup('onion', 3, 4)"
233,"(-1, 0)",1,-0.06852000000000018,53.37288000000011,0.0,0.0,"(1, 2)","(-1, 0)",dish,"(6, 3)","(0, 1)",,"(3, 0):empty;(4, 0):soup('onion', 3, 5)","(0, 1):soup('onion', 3, 20);(0, 3):dish;(1, 0):soup('onion', 3, 20);(2, 0):soup('onion', 3, 20);(4, 0):soup('onion', 3, 5)"
234,interact,3,-0.06852000000000018,53.30436000000011,0.0,0.0,"(1, 2)","(-1, 0)",dish,"(5, 3)","(-1, 0)",,"(3, 0):empty;(4, 0):soup('onion', 3, 6)","(0, 1):soup('onion', 3, 20);(0, 3):dish;(1, 0):soup('onion', 3, 20);(2, 0):soup('onion', 3, 20);(4, 0):soup('onion', 3, 6)"
235,interact,3,-0.06852000000000018,53.23584000000011,0.0,0.0,"(1, 2)","(-1, 0)",dish,"(4, 3)","(-1, 0)",,"(3, 0):empty;(4, 0):soup('onion', 3, 7)","(0, 1):soup('onion', 3, 20);(0, 3):dish;(1, 0):soup('onion', 3, 20);(2, 0):soup('onion', 3, 20);(4, 0):soup('onion', 3, 7)"
236,interact,1,-0.06852000000000018,53.16732000000011,0.0,0.0,"(1, 2)","(-1, 0)",dish,"(4, 3)","(0, 1)",,"(3, 0):empty;(4, 0):soup('onion', 3, 8)","(0, 1):soup('onion', 3, 20);(0, 3):dish;(1, 0):soup('onion', 3, 20);(2, 0):soup('onion', 3, 20);(4, 0):soup('onion', 3, 8)"
237,"(0, -1)",5,-0.06852000000000018,53.09880000000011,0.0,0.0,"(1, 1)","(0, -1)",dish,"(4, 3)","(0, 1)",onion,"(3, 0):empty;(4, 0):soup('onion', 3, 9)","(0, 1):soup('onion', 3, 20);(0, 3):dish;(1, 0):soup('onion', 3, 20);(2, 0):soup('onion', 3, 20);(4, 0):soup('onion', 3, 9)"
238,"(1, 0)",2,-0.06852000000000018,53.03028000000011,0.0,0.0,"(2, 1)","(1, 0)",dish,"(5, 3)","(1, 0)",onion,"(3, 0):empty;(4, 0):soup('onion', 3, 10)","(0, 1):soup('onion', 3, 20);(0, 3):dish;(1, 0):soup('onion', 3, 20);(2, 0):soup('onion', 3, 20);(4, 0):soup('onion', 3, 10)"
239,"(1, 0)",2,-0.06852000000000018,52.96176000000011,0.0,0.0,"(3, 1)","(1, 0)",dish,"(6, 3)","(1, 0)",onion,"(3, 0):empty;(4, 0):soup('onion', 3, 11)","(0, 1):soup('onion', 3, 20);(0, 3):dish;(1, 0):soup('onion', 3, 20);(2, 0):soup('onion', 3, 20);(4, 0):soup('onion', 3, 11)"
240,"(-1, 0)",0,-0.06852000000000018,52.89324000000011,0.0,0.0,"(2, 1)","(-1, 0)",dish,"(6, 2)","(0, -1)",onion,"(3, 0):empty;(4, 0):soup('onion', 3, 12)","(0, 1):soup('onion', 3, 20);(0, 3):dish;(1, 0):soup('onion', 3, 20);(2, 0):soup('onion', 3, 20);(4, 0):soup('onion', 3, 12)"
241,interact,0,-0.06852000000000018,52.82472000000011,0.0,0.0,"(2, 1)","(-1, 0)",dish,"(6, 1)","(0, -1)",onion,"(3, 0):empty;(4, 0):soup('onion', 3, 13)","(0, 1):soup('onion', 3, 20);(0, 3):dish;(1, 0):soup('onion', 3, 20);(2, 0):soup('onion', 3, 20);(4, 0):soup('onion', 3, 13)"
242,"(1, 0)",0,-0.06852000000000018,52.75620000000011,0.0,0.0,"(3, 1)","(1, 0)",dish,"(6, 1)","(0, -1)",onion,"(3, 0):empty;(4, 0):soup('onion', 3, 14)","(0, 1):soup('onion', 3, 20);(0, 3):dish;(1, 0):soup('onion', 3, 20);(2, 0):soup('onion', 3, 20);(4, 0):soup('onion', 3, 14)"
243,"(1, 0)",3,-0.06852000000000018,52.687680000000114,0.0,0.0,"(4, 1)","(1, 0)",dish,"(5, 1)","(-1, 0)",onion,"(3, 0):empty;(4, 0):soup('onion', 3, 15)","(0, 1):soup('onion', 3, 20);(0, 3):dish;(1, 0):soup('onion', 3, 20);(2, 0):soup('onion', 3, 20);(4, 0):soup('onion', 3, 15)"
244,"(0, -1)",0,-0.06852000000000018,52.619160000000115,0.0,0.0,"(4, 1)","(0, -1)",dish,"(5, 1)","(0, -1)",onion,"(3, 0):empty;(4, 0):soup('onion', 3, 16)","(0, 1):soup('onion', 3, 20);(0, 3):dish;(1, 0):soup('onion', 3, 20);(2, 0):soup('onion', 3, 20);(4, 0):soup('onion', 3, 16)"
245,interact,4,-0.06852000000000018,52.550640000000115,0.0,0.0,"(4, 1)","(0, -1)",dish,"(5, 1)","(0, -1)",onion,"(3, 0):empty;(4, 0):soup('onion', 3, 17)","(0, 1):soup('onion', 3, 20);(0, 3):dish;(1, 0):soup('onion', 3, 20);(2, 0):soup('onion', 3, 20);(4, 0):soup('onion', 3, 17)"
246,interact,4,-0.06852000000000018,52.482120000000116,0.0,0.0,"(4, 1)","(0, -1)",dish,"(5, 1)","(0, -1)",onion,"(3, 0):empty;(4, 0):soup('onion', 3, 18)","(0, 1):soup('onion', 3, 20);(0, 3):dish;(1, 0):soup('onion', 3, 20);(2, 0):soup('onion', 3, 20);(4, 0):soup('onion', 3, 18)"
247,interact,4,-0.06852000000000018,52.413600000000116,0.0,0.0,"(4, 1)","(0, -1)",dish,"(5, 1)","(0, -1)",onion,"(3, 0):empty;(4, 0):soup('onion', 3, 19)","(0, 1):soup('onion', 3, 20);(0, 3):dish;(1, 0):soup('onion', 3, 20);(2, 0):soup('onion', 3, 20);(4, 0):soup('onion', 3, 19)"
248,interact,4,0.52548,52.93908000000012,0.0,0.0,"(4, 1)","(0, -1)",dish,"(5, 1)","(0, -1)",onion,"(3, 0):empty;(4, 0):soup('onion', 3, 20)","(0, 1):soup('onion', 3, 20);(0, 3):dish;(1, 0):soup('onion', 3, 20);(2, 0):soup('onion', 3, 20);(4, 0):soup('onion', 3, 20)"
249,interact,4,5.281880000000001,58.22096000000012,0.0,0.0,"(4, 1)","(0, -1)","soup('onion', 3, 20)","(5, 1)","(0, -1)",onion,"(3, 0):empty;(4, 0):empty","(0, 1):soup('onion', 3, 20);(0, 3):dish;(1, 0):soup('onion', 3, 20);(2, 0):soup('onion', 3, 20)"
250,"(-1, 0)",2,-0.13752000000000136,58.08344000000012,0.0,0.0,"(3, 1)","(-1, 0)","soup('onion', 3, 20)","(6, 1)","(1, 0)",onion,"(3, 0):empty;(4, 0):empty","(0, 1):soup('onion', 3, 20);(0, 3):dish;(1, 0):soup('onion', 3, 20);(2, 0):soup('onion', 3, 20)"
251,"(-1, 0)",4,-0.13691999999999957,57.94652000000012,0.0,0.0,"(2, 1)","(-1, 0)","soup('onion', 3, 20)","(6, 1)","(1, 0)",onion,"(3, 0):empty;(4, 0):empty","(0, 1):soup('onion', 3, 20);(0, 3):dish;(1, 0):soup('onion', 3, 20);(2, 0):soup('onion', 3, 20)"
252,"(-1, 0)",0,-0.1363199999999999,57.81020000000012,0.0,0.0,"(1, 1)","(-1, 0)","soup('onion', 3, 20)","(6, 1)","(0, -1)",onion,"(3, 0):empty;(4, 0):empty","(0, 1):soup('onion', 3, 20);(0, 3):dish;(1, 0):soup('onion', 3, 20);(2, 0):soup('onion', 3, 20)"
253,interact,3,-0.07632000000000012,57.73388000000012,0.0,0.0,"(1, 1)","(-1, 0)","soup('onion', 3, 20)","(5, 1)","(-1, 0)",onion,"(3, 0):empty;(4, 0):empty","(0, 1):soup('onion', 3, 20);(0, 3):dish;(1, 0):soup('onion', 3, 20);(2, 0):soup('onion', 3, 20)"
254,"(0, 1)",3,-0.01692,57.71696000000012,0.0,0.0,"(1, 2)","(0, 1)","soup('onion', 3, 20)","(4, 1)","(-1, 0)",onion,"(3, 0):empty;(4, 0):empty","(0, 1):soup('onion', 3, 20);(0, 3):dish;(1, 0):soup('onion', 3, 20);(2, 0):soup('onion', 3, 20)"
255,"(0, -1)",0,-0.17195999999999997,57.54500000000012,0.0,0.0,"(1, 1)","(0, -1)","soup('onion', 3, 20)","(4, 1)","(0, -1)",onion,"(3, 0):empty;(4, 0):empty","(0, 1):soup('onion', 3, 20);(0, 3):dish;(1, 0):soup('onion', 3, 20);(2, 0):soup('onion', 3, 20)"
256,interact,5,3.2447999999999997,60.78980000000012,0.0,0.0,"(1, 1)","(0, -1)","soup('onion', 3, 20)","(4, 1)","(0, -1)",,"(3, 0):empty;(4, 0):soup('onion', 1, 0)","(0, 1):soup('onion', 3, 20);(0, 3):dish;(1, 0):soup('onion', 3, 20);(2, 0):soup('onion', 3, 20);(4, 0):soup('onion', 1, 0)"
257,"(1, 0)",5,-0.05543999999999975,60.73436000000012,0.0,0.0,"(2, 1)","(1, 0)","soup('onion', 3, 20)","(4, 1)","(0, -1)",,"(3, 0):empty;(4, 0):soup('onion', 1, 0)","(0, 1):soup('onion', 3, 20);(0, 3):dish;(1, 0):soup('onion', 3, 20);(2, 0):soup('onion', 3, 20);(4, 0):soup('onion', 1, 0)"
258,"(0, -1)",2,-0.11508000000000038,60.619280000000124,0.0,0.0,"(2, 1)","(0, -1)","soup('onion', 3, 20)","(5, 1)","(1, 0)",,"(3, 0):empty;(4, 0):soup('onion', 1, 0)","(0, 1):soup('onion', 3, 20);(0, 3):dish;(1, 0):soup('onion', 3, 20);(2, 0):soup('onion', 3, 20);(4, 0):soup('onion', 1, 0)"
259,interact,0,-0.11471999999999909,60.504560000000126,0.0,0.0,"(2, 1)","(0, -1)","soup('onion', 3, 20)","(5, 1)","(0, -1)",,"(3, 0):empty;(4, 0):soup('onion', 1, 0)","(0, 1):soup('onion', 3, 20);(0, 3):dish;(1, 0):soup('onion', 3, 20);(2, 0):soup('onion', 3, 20);(4, 0):soup('onion', 1, 0)"
260,interact,2,-0.11435999999999992,60.39020000000013,0.0,0.0,"(2, 1)","(0, -1)","soup('onion', 3, 20)","(6, 1)","(1, 0)",,"(3, 0):empty;(4, 0):soup('onion', 1, 0)","(0, 1):soup('onion', 3, 20);(0, 3):dish;(1, 0):soup('onion', 3, 20);(2, 0):soup('onion', 3, 20);(4, 0):soup('onion', 1, 0)"
261,interact,1,-0.11400000000000077,60.27620000000013,0.0,0.0,"(2, 1)","(0, -1)","soup('onion', 3, 20)","(6, 2)","(0, 1)",,"(3, 0):empty;(4, 0):soup('onion', 1, 0)","(0, 1):soup('onion', 3, 20);(0, 3):dish;(1, 0):soup('onion', 3, 20);(2, 0):soup('onion', 3, 20);(4, 0):soup('onion', 1, 0)"
262,"(-1, 0)",1,-0.17304000000000067,60.10316000000013,0.0,0.0,"(1, 1)","(-1, 0)","soup('onion', 3, 20)","(6, 3)","(0, 1)",,"(3, 0):empty;(4, 0):soup('onion', 1, 0)","(0, 1):soup('onion', 3, 20);(0, 3):dish;(1, 0):soup('onion', 3, 20);(2, 0):soup('onion', 3, 20);(4, 0):soup('onion', 1, 0)"
263,"(0, 1)",3,-0.05327999999999946,60.04988000000013,0.0,0.0,"(1, 2)","(0, 1)","soup('onion', 3, 20)","(5, 3)","(-1, 0)",,"(3, 0):empty;(4, 0):soup('onion', 1, 0)","(0, 1):soup('onion', 3, 20);(0, 3):dish;(1, 0):soup('onion', 3, 20);(2, 0):soup('onion', 3, 20);(4, 0):soup('onion', 1, 0)"
264,interact,3,-0.11292000000000008,59.93696000000013,0.0,0.0,"(1, 2)","(0, 1)","soup('onion', 3, 20)","(4, 3)","(-1, 0)",,"(3, 0):empty;(4, 0):soup('onion', 1, 0)","(0, 1):soup('onion', 3, 20);(0, 3):dish;(1, 0):soup('onion', 3, 20);(2, 0):soup('onion', 3, 20);(4, 0):soup('onion', 1, 0)"
265,"(0, 1)",1,-0.17195999999999997,59.76500000000013,0.0,0.0,"(1, 3)","(0, 1)","soup('onion', 3, 20)","(4, 3)","(0, 1)",,"(3, 0):empty;(4, 0):soup('onion', 1, 0)","(0, 1):soup('onion', 3, 20);(0, 3):dish;(1, 0):soup('onion', 3, 20);(2, 0):soup('onion', 3, 20);(4, 0):soup('onion', 1, 0)"
266,interact,5,0.20916000000000068,59.974160000000126,0.0,0.0,"(1, 3)","(0, 1)",,"(4, 3)","(0, 1)",onion,"(3, 0):empty;(4, 0):soup('onion', 1, 0)","(0, 1):soup('onion', 3, 20);(0, 3):dish;(1, 0):soup('onion', 3, 20);(1, 4):soup('onion', 3, 20);(2, 0):soup('onion', 3, 20);(4, 0):soup('onion', 1, 0)"
267,"(-1, 0)",2,-0.07883999999999958,59.895320000000126,0.0,0.0,"(1, 3)","(-1, 0)",,"(5, 3)","(1, 0)",onion,"(3, 0):empty;(4, 0):soup('onion', 1, 0)","(0, 1):soup('onion', 3, 20);(0, 3):dish;(1, 0):soup('onion', 3, 20);(1, 4):soup('onion', 3, 20);(2, 0):soup('onion', 3, 20);(4, 0):soup('onion', 1, 0)"
268,"(-1, 0)",2,-0.07883999999999958,59.816480000000126,0.0,0.0,"(1, 3)","(-1, 0)",,"(6, 3)","(1, 0)",onion,"(3, 0):empty;(4, 0):soup('onion', 1, 0)","(0, 1):soup('onion', 3, 20);(0, 3):dish;(1, 0):soup('onion', 3, 20);(1, 4):soup('onion', 3, 20);(2, 0):soup('onion', 3, 20);(4, 0):soup('onion', 1, 0)"
269,"(-1, 0)",0,-0.07883999999999958,59.73764000000013,0.0,0.0,"(1, 3)","(-1, 0)",,"(6, 2)","(0, -1)",onion,"(3, 0):empty;(4, 0):soup('onion', 1, 0)","(0, 1):soup('onion', 3, 20);(0, 3):dish;(1, 0):soup('onion', 3, 20);(1, 4):soup('onion', 3, 20);(2, 0):soup('onion', 3, 20);(4, 0):soup('onion', 1, 0)"
270,"(-1, 0)",0,-0.07883999999999958,59.65880000000013,0.0,0.0,"(1, 3)","(-1, 0)",,"(6, 1)","(0, -1)",onion,"(3, 0):empty;(4, 0):soup('onion', 1, 0)","(0, 1):soup('onion', 3, 20);(0, 3):dish;(1, 0):soup('onion', 3, 20);(1, 4):soup('onion', 3, 20);(2, 0):soup('onion', 3, 20);(4, 0):soup('onion', 1, 0)"
271,"(-1, 0)",3,-0.07883999999999958,59.57996000000013,0.0,0.0,"(1, 3)","(-1, 0)",,"(5, 1)","(-1, 0)",onion,"(3, 0):empty;(4, 0):soup('onion', 1, 0)","(0, 1):soup('onion', 3, 20);(0, 3):dish;(1, 0):soup('onion', 3, 20);(1, 4):soup('onion', 3, 20);(2, 0):soup('onion', 3, 20);(4, 0):soup('onion', 1, 0)"
272,"(0, 1)",3,-0.07883999999999958,59.50112000000013,0.0,0.0,"(1, 3)","(0, 1)",,"(4, 1)","(-1, 0)",onion,"(3, 0):empty;(4, 0):soup('onion', 1, 0)","(0, 1):soup('onion', 3, 20);(0, 3):dish;(1, 0):soup('onion', 3, 20);(1, 4):soup('onion', 3, 20);(2, 0):soup('onion', 3, 20);(4, 0):soup('onion', 1, 0)"
273,"(0, -1)",0,-0.07883999999999958,59.42228000000013,0.0,0.0,"(1, 2)","(0, -1)",,"(4, 1)","(0, -1)",onion,"(3, 0):empty;(4, 0):soup('onion', 1, 0)","(0, 1):soup('onion', 3, 20);(0, 3):dish;(1, 0):soup('onion', 3, 20);(1, 4):soup('onion', 3, 20);(2, 0):soup('onion', 3, 20);(4, 0):soup('onion', 1, 0)"
274,interact,5,3.2775600000000003,62.69984000000013,0.0,0.0,"(1, 2)","(0, -1)",,"(4, 1)","(0, -1)",,"(3, 0):empty;(4, 0):soup('onion', 2, 0)","(0, 1):soup('onion', 3, 20);(0, 3):dish;(1, 0):soup('onion', 3, 20);(1, 4):soup('onion', 3, 20);(2, 0):soup('onion', 3, 20);(4, 0):soup('onion', 2, 0)"
275,interact,2,-0.08243999999999971,62.61740000000013,0.0,0.0,"(1, 2)","(0, -1)",,"(5, 1)","(1, 0)",,"(3, 0):empty;(4, 0):soup('onion', 2, 0)","(0, 1):soup('onion', 3, 20);(0, 3):dish;(1, 0):soup('onion', 3, 20);(1, 4):soup('onion', 3, 20);(2, 0):soup('onion', 3, 20);(4, 0):soup('onion', 2, 0)"
276,"(-1, 0)",2,-0.08243999999999971,62.53496000000013,0.0,0.0,"(1, 2)","(-1, 0)",,"(6, 1)","(1, 0)",,"(3, 0):empty;(4, 0):soup('onion', 2, 0)","(0, 1):soup('onion', 3, 20);(0, 3):dish;(1, 0):soup('onion', 3, 20);(1, 4):soup('onion', 3, 20);(2, 0):soup('onion', 3, 20);(4, 0):soup('onion', 2, 0)"
277,interact,1,-0.08243999999999971,62.452520000000135,0.0,0.0,"(1, 2)","(-1, 0)",dish,"(6, 2)","(0, 1)",,"(3, 0):empty;(4, 0):soup('onion', 2, 0)","(0, 1):soup('onion', 3, 20);(0, 3):dish;(1, 0):soup('onion', 3, 20);(1, 4):soup('onion', 3, 20);(2, 0):soup('onion', 3, 20);(4, 0):soup('onion', 2, 0)"
278,interact,1,-0.08243999999999971,62.37008000000014,0.0,0.0,"(1, 2)","(-1, 0)",dish,"(6, 3)","(0, 1)",,"(3, 0):empty;(4, 0):soup('onion', 2, 0)","(0, 1):soup('onion', 3, 20);(0, 3):dish;(1, 0):soup('onion', 3, 20);(1, 4):soup('onion', 3, 20);(2, 0):soup('onion', 3, 20);(4, 0):soup('onion', 2, 0)"
279,interact,3,-0.08243999999999971,62.28764000000014,0.0,0.0,"(1, 2)","(-1, 0)",dish,"(5, 3)","(-1, 0)",,"(3, 0):empty;(4, 0):soup('onion', 2, 0)","(0, 1):soup('onion', 3, 20);(0, 3):dish;(1, 0):soup('onion', 3, 20);(1, 4):soup('onion', 3, 20);(2, 0):soup('onion', 3, 20);(4, 0):soup('onion', 2, 0)"
280,interact,3,-0.08243999999999971,62.20520000000014,0.0,0.0,"(1, 2)","(-1, 0)",dish,"(4, 3)","(-1, 0)",,"(3, 0):empty;(4, 0):soup('onion', 2, 0)","(0, 1):soup('onion', 3, 20);(0, 3):dish;(1, 0):soup('onion', 3, 20);(1, 4):soup('onion', 3, 20);(2, 0):soup('onion', 3, 20);(4, 0):soup('onion', 2, 0)"
281,"(0, 1)",1,-0.08243999999999971,62.12276000000014,0.0,0.0,"(1, 3)","(0, 1)",dish,"(4, 3)","(0, 1)",,"(3, 0):empty;(4, 0):soup('onion', 2, 0)","(0, 1):soup('onion', 3, 20);(0, 3):dish;(1, 0):soup('onion', 3, 20);(1, 4):soup('onion', 3, 20);(2, 0):soup('onion', 3, 20);(4, 0):soup('onion', 2, 0)"
282,"(-1, 0)",5,-0.08243999999999971,62.04032000000014,0.0,0.0,"(1, 3)","(-1, 0)",dish,"(4, 3)","(0, 1)",onion,"(3, 0):empty;(4, 0):soup('onion', 2, 0)","(0, 1):soup('onion', 3, 20);(0, 3):dish;(1, 0):soup('onion', 3, 20);(1, 4):soup('onion', 3, 20);(2, 0):soup('onion', 3, 20);(4, 0):soup('onion', 2, 0)"
283,interact,2,-0.08243999999999971,61.957880000000145,0.0,0.0,"(1, 3)","(-1, 0)",dish,"(5, 3)","(1, 0)",onion,"(3, 0):empty;(4, 0):soup('onion', 2, 0)","(0, 1):soup('onion', 3, 20);(0, 3):dish;(1, 0):soup('onion', 3, 20);(1, 4):soup('onion', 3, 20);(2, 0):soup('onion', 3, 20);(4, 0):soup('onion', 2, 0)"
284,"(-1, 0)",2,-0.08243999999999971,61.87544000000015,0.0,0.0,"(1, 3)","(-1, 0)",dish,"(6, 3)","(1, 0)",onion,"(3, 0):empty;(4, 0):soup('onion', 2, 0)","(0, 1):soup('onion', 3, 20);(0, 3):dish;(1, 0):soup('onion', 3, 20);(1, 4):soup('onion', 3, 20);(2, 0):soup('onion', 3, 20);(4, 0):soup('onion', 2, 0)"
285,"(-1, 0)",0,-0.08243999999999971,61.79300000000015,0.0,0.0,"(1, 3)","(-1, 0)",dish,"(6, 2)","(0, -1)",onion,"(3, 0):empty;(4, 0):soup('onion', 2, 0)","(0, 1):soup('onion', 3, 20);(0, 3):dish;(1, 0):soup('onion', 3, 20);(1, 4):soup('onion', 3, 20);(2, 0):soup('onion', 3, 20);(4, 0):soup('onion', 2, 0)"
286,"(-1, 0)",0,-0.08243999999999971,61.71056000000015,0.0,0.0,"(1, 3)","(-1, 0)",dish,"(6, 1)","(0, -1)",onion,"(3, 0):empty;(4, 0):soup('onion', 2, 0)","(0, 1):soup('onion', 3, 20);(0, 3):dish;(1, 0):soup('onion', 3, 20);(1, 4):soup('onion', 3, 20);(2, 0):soup('onion', 3, 20);(4, 0):soup('onion', 2, 0)"
287,"(-1, 0)",3,-0.08243999999999971,61.62812000000015,0.0,0.0,"(1, 3)","(-1, 0)",dish,"(5, 1)","(-1, 0)",onion,"(3, 0):empty;(4, 0):soup('onion', 2, 0)","(0, 1):soup('onion', 3, 20);(0, 3):dish;(1, 0):soup('onion', 3, 20);(1, 4):soup('onion', 3, 20);(2, 0):soup('onion', 3, 20);(4, 0):soup('onion', 2, 0)"
288,"(-1, 0)",3,-0.08243999999999971,61.545680000000154,0.0,0.0,"(1, 3)","(-1, 0)",dish,"(4, 1)","(-1, 0)",onion,"(3, 0):empty;(4, 0):soup('onion', 2, 0)","(0, 1):soup('onion', 3, 20);(0, 3):dish;(1, 0):soup('onion', 3, 20);(1, 4):soup('onion', 3, 20);(2, 0):soup('onion', 3, 20);(4, 0):soup('onion', 2, 0)"
289,interact,0,-0.08243999999999971,61.463240000000155,0.0,0.0,"(1, 3)","(-1, 0)",dish,"(4, 1)","(0, -1)",onion,"(3, 0):empty;(4, 0):soup('onion', 2, 0)","(0, 1):soup('onion', 3, 20);(0, 3):dish;(1, 0):soup('onion', 3, 20);(1, 4):soup('onion', 3, 20);(2, 0):soup('onion', 3, 20);(4, 0):soup('onion', 2, 0)"
290,interact,5,3.392759999999999,64.85600000000015,0.0,0.0,"(1, 3)","(-1, 0)",dish,"(4, 1)","(0, -1)",,"(3, 0):empty;(4, 0):soup('onion', 3, 1)","(0, 1):soup('onion', 3, 20);(0, 3):dish;(1, 0):soup('onion', 3, 20);(1, 4):soup('onion', 3, 20);(2, 0):soup('onion', 3, 20);(4, 0):soup('onion', 3, 1)"
291,"(0, -1)",2,-0.08724000000000025,64.76876000000016,0.0,0.0,"(1, 2)","(0, -1)",dish,"(5, 1)","(1, 0)",,"(3, 0):empty;(4, 0):soup('onion', 3, 2)","(0, 1):soup('onion', 3, 20);(0, 3):dish;(1, 0):soup('onion', 3, 20);(1, 4):soup('onion', 3, 20);(2, 0):soup('onion', 3, 20);(4, 0):soup('onion', 3, 2)"
292,"(0, 0)",2,-0.08724000000000025,64.68152000000016,0.0,0.0,"(1, 2)","(0, -1)",dish,"(6, 1)","(1, 0)",,"(3, 0):empty;(4, 0):soup('onion', 3, 3)","(0, 1):soup('onion', 3, 20);(0, 3):dish;(1, 0):soup('onion', 3, 20);(1, 4):soup('onion', 3, 20);(2, 0):soup('onion', 3, 20);(4, 0):soup('onion', 3, 3)"
293,"(0, 0)",1,-0.08724000000000025,64.59428000000017,0.0,0.0,"(1, 2)","(0, -1)",dish,"(6, 2)","(0, 1)",,"(3, 0):empty;(4, 0):soup('onion', 3, 4)","(0, 1):soup('onion', 3, 20);(0, 3):dish;(1, 0):soup('onion', 3, 20);(1, 4):soup('onion', 3, 20);(2, 0):soup('onion', 3, 20);(4, 0):soup('onion', 3, 4)"
294,"(-1, 0)",1,-0.08724000000000025,64.50704000000017,0.0,0.0,"(1, 2)","(-1, 0)",dish,"(6, 3)","(0, 1)",,"(3, 0):empty;(4, 0):soup('onion', 3, 5)","(0, 1):soup('onion', 3, 20);(0, 3):dish;(1, 0):soup('onion', 3, 20);(1, 4):soup('onion', 3, 20);(2, 0):soup('onion', 3, 20);(4, 0):soup('onion', 3, 5)"
295,interact,3,-0.08724000000000025,64.41980000000018,0.0,0.0,"(1, 2)","(-1, 0)",dish,"(5, 3)","(-1, 0)",,"(3, 0):empty;(4, 0):soup('onion', 3, 6)","(0, 1):soup('onion', 3, 20);(0, 3):dish;(1, 0):soup('onion', 3, 20);(1, 4):soup('onion', 3, 20);(2, 0):soup('onion', 3, 20);(4, 0):soup('onion', 3, 6)"
296,interact,3,-0.08724000000000025,64.33256000000019,0.0,0.0,"(1, 2)","(-1, 0)",dish,"(4, 3)","(-1, 0)",,"(3, 0):empty;(4, 0):soup('onion', 3, 7)","(0, 1):soup('onion', 3, 20);(0, 3):dish;(1, 0):soup('onion', 3, 20);(1, 4):soup('onion', 3, 20);(2, 0):soup('onion', 3, 20);(4, 0):soup('onion', 3, 7)"
297,interact,1,-0.08724000000000025,64.24532000000019,0.0,0.0,"(1, 2)","(-1, 0)",dish,"(4, 3)","(0, 1)",,"(3, 0):empty;(4, 0):soup('onion', 3, 8)","(0, 1):soup('onion', 3, 20);(0, 3):dish;(1, 0):soup('onion', 3, 20);(1, 4):soup('onion', 3, 20);(2, 0):soup('onion', 3, 20);(4, 0):soup('onion', 3, 8)"
298,"(0, -1)",5,-0.08724000000000025,64.1580800000002,0.0,0.0,"(1, 1)","(0, -1)",dish,"(4, 3)","(0, 1)",onion,"(3, 0):empty;(4, 0):soup('onion', 3, 9)","(0, 1):soup('onion', 3, 20);(0, 3):dish;(1, 0):soup('onion', 3, 20);(1, 4):soup('onion', 3, 20);(2, 0):soup('onion', 3, 20);(4, 0):soup('onion', 3, 9)"
299,"(1, 0)",2,-0.08724000000000025,64.0708400000002,0.0,0.0,"(2, 1)","(1, 0)",dish,"(5, 3)","(1, 0)",onion,"(3, 0):empty;(4, 0):soup('onion', 3, 10)","(0, 1):soup('onion', 3, 20);(0, 3):dish;(1, 0):soup('onion', 3, 20);(1, 4):soup('onion', 3, 20);(2, 0):soup('onion', 3, 20);(4, 0):soup('onion', 3, 10)"
300,"(1, 0)",2,-0.08724000000000025,63.9836000000002,0.0,0.0,"(3, 1)","(1, 0)",dish,"(6, 3)","(1, 0)",onion,"(3, 0):empty;(4, 0):soup('onion', 3, 11)","(0, 1):soup('onion', 3, 20);(0, 3):dish;(1, 0):soup('onion', 3, 20);(1, 4):soup('onion', 3, 20);(2, 0):soup('onion', 3, 20);(4, 0):soup('onion', 3, 11)"
301,"(-1, 0)",0,-0.08724000000000025,63.8963600000002,0.0,0.0,"(2, 1)","(-1, 0)",dish,"(6, 2)","(0, -1)",onion,"(3, 0):empty;(4, 0):soup('onion', 3, 12)","(0, 1):soup('onion', 3, 20);(0, 3):dish;(1, 0):soup('onion', 3, 20);(1, 4):soup('onion', 3, 20);(2, 0):soup('onion', 3, 20);(4, 0):soup('onion', 3, 12)"
302,interact,0,-0.08724000000000025,63.8091200000002,0.0,0.0,"(2, 1)","(-1, 0)",dish,"(6, 1)","(0, -1)",onion,"(3, 0):empty;(4, 0):soup('onion', 3, 13)","(0, 1):soup('onion', 3, 20);(0, 3):dish;(1, 0):soup('onion', 3, 20);(1, 4):soup('onion', 3, 20);(2, 0):soup('onion', 3, 20);(4, 0):soup('onion', 3, 13)"
303,"(1, 0)",0,-0.08724000000000025,63.7218800000002,0.0,0.0,"(3, 1)","(1, 0)",dish,"(6, 1)","(0, -1)",onion,"(3, 0):empty;(4, 0):soup('onion', 3, 14)","(0, 1):soup('onion', 3, 20);(0, 3):dish;(1, 0):soup('onion', 3, 20);(1, 4):soup('onion', 3, 20);(2, 0):soup('onion', 3, 20);(4, 0):soup('onion', 3, 14)"
304,"(1, 0)",3,-0.08724000000000025,63.634640000000196,0.0,0.0,"(4, 1)","(1, 0)",dish,"(5, 1)","(-1, 0)",onion,"(3, 0):empty;(4, 0):soup('onion', 3, 15)","(0, 1):soup('onion', 3, 20);(0, 3):dish;(1, 0):soup('onion', 3, 20);(1, 4):soup('onion', 3, 20);(2, 0):soup('onion', 3, 20);(4, 0):soup('onion', 3, 15)"
305,"(0, -1)",0,-0.08724000000000025,63.547400000000195,0.0,0.0,"(4, 1)","(0, -1)",dish,"(5, 1)","(0, -1)",onion,"(3, 0):empty;(4, 0):soup('onion', 3, 16)","(0, 1):soup('onion', 3, 20);(0, 3):dish;(1, 0):soup('onion', 3, 20);(1, 4):soup('onion', 3, 20);(2, 0):soup('onion', 3, 20);(4, 0):soup('onion', 3, 16)"
306,interact,4,-0.08724000000000025,63.460160000000194,0.0,0.0,"(4, 1)","(0, -1)",dish,"(5, 1)","(0, -1)",onion,"(3, 0):empty;(4, 0):soup('onion', 3, 17)","(0, 1):soup('onion', 3, 20);(0, 3):dish;(1, 0):soup('onion', 3, 20);(1, 4):soup('onion', 3, 20);(2, 0):soup('onion', 3, 20);(4, 0):soup('onion', 3, 17)"
307,interact,4,-0.08724000000000025,63.37292000000019,0.0,0.0,"(4, 1)","(0, -1)",dish,"(5, 1)","(0, -1)",onion,"(3, 0):empty;(4, 0):soup('onion', 3, 18)","(0, 1):soup('onion', 3, 20);(0, 3):dish;(1, 0):soup('onion', 3, 20);(1, 4):soup('onion', 3, 20);(2, 0):soup('onion', 3, 20);(4, 0):soup('onion', 3, 18)"
308,interact,4,-0.08724000000000025,63.28568000000019,0.0,0.0,"(4, 1)","(0, -1)",dish,"(5, 1)","(0, -1)",onion,"(3, 0):empty;(4, 0):soup('onion', 3, 19)","(0, 1):soup('onion', 3, 20);(0, 3):dish;(1, 0):soup('onion', 3, 20);(1, 4):soup('onion', 3, 20);(2, 0):soup('onion', 3, 20);(4, 0):soup('onion', 3, 19)"
309,interact,4,0.5067600000000009,63.79244000000019,0.0,0.0,"(4, 1)","(0, -1)",dish,"(5, 1)","(0, -1)",onion,"(3, 0):empty;(4, 0):soup('onion', 3, 20)","(0, 1):soup('onion', 3, 20);(0, 3):dish;(1, 0):soup('onion', 3, 20);(1, 4):soup('onion', 3, 20);(2, 0):soup('onion', 3, 20);(4, 0):soup('onion', 3, 20)"
310,interact,4,5.263160000000001,69.0556000000002,0.0,0.0,"(4, 1)","(0, -1)","soup('onion', 3, 20)","(5, 1)","(0, -1)",onion,"(3, 0):empty;(4, 0):empty","(0, 1):soup('onion', 3, 20);(0, 3):dish;(1, 0):soup('onion', 3, 20);(1, 4):soup('onion', 3, 20);(2, 0):soup('onion', 3, 20)"
311,"(-1, 0)",2,-0.15624000000000143,68.8993600000002,0.0,0.0,"(3, 1)","(-1, 0)","soup('onion', 3, 20)","(6, 1)","(1, 0)",onion,"(3, 0):empty;(4, 0):empty","(0, 1):soup('onion', 3, 20);(0, 3):dish;(1, 0):soup('onion', 3, 20);(1, 4):soup('onion', 3, 20);(2, 0):soup('onion', 3, 20)"
312,"(-1, 0)",4,-0.1556400000000007,68.7437200000002,0.0,0.0,"(2, 1)","(-1, 0)","soup('onion', 3, 20)","(6, 1)","(1, 0)",onion,"(3, 0):empty;(4, 0):empty","(0, 1):soup('onion', 3, 20);(0, 3):dish;(1, 0):soup('onion', 3, 20);(1, 4):soup('onion', 3, 20);(2, 0):soup('onion', 3, 20)"
313,"(-1, 0)",0,-0.1550399999999989,68.5886800000002,0.0,0.0,"(1, 1)","(-1, 0)","soup('onion', 3, 20)","(6, 1)","(0, -1)",onion,"(3, 0):empty;(4, 0):empty","(0, 1):soup('onion', 3, 20);(0, 3):dish;(1, 0):soup('onion', 3, 20);(1, 4):soup('onion', 3, 20);(2, 0):soup('onion', 3, 20)"
314,interact,3,-0.0950400000000002,68.4936400000002,0.0,0.0,"(1, 1)","(-1, 0)","soup('onion', 3, 20)","(5, 1)","(-1, 0)",onion,"(3, 0):empty;(4, 0):empty","(0, 1):soup('onion', 3, 20);(0, 3):dish;(1, 0):soup('onion', 3, 20);(1, 4):soup('onion', 3, 20);(2, 0):soup('onion', 3, 20)"
315,"(0, 1)",3,-0.035640000000001136,68.4580000000002,0.0,0.0,"(1, 2)","(0, 1)","soup('onion', 3, 20)","(4, 1)","(-1, 0)",onion,"(3, 0):empty;(4, 0):empty","(0, 1):soup('onion', 3, 20);(0, 3):dish;(1, 0):soup('onion', 3, 20);(1, 4):soup('onion', 3, 20);(2, 0):soup('onion', 3, 20)"
316,"(0, -1)",0,-0.19068000000000004,68.2673200000002,0.0,0.0,"(1, 1)","(0, -1)","soup('onion', 3, 20)","(4, 1)","(0, -1)",onion,"(3, 0):empty;(4, 0):empty","(0, 1):soup('onion', 3, 20);(0, 3):dish;(1, 0):soup('onion', 3, 20);(1, 4):soup('onion', 3, 20);(2, 0):soup('onion', 3, 20)"
317,interact,5,3.2260799999999996,71.4934000000002,0.0,0.0,"(1, 1)","(0, -1)","soup('onion', 3, 20)","(4, 1)","(0, -1)",,"(3, 0):empty;(4, 0):soup('onion', 1, 0)","(0, 1):soup('onion', 3, 20);(0, 3):dish;(1, 0):soup('onion', 3, 20);(1, 4):soup('onion', 3, 20);(2, 0):soup('onion', 3, 20);(4, 0):soup('onion', 1, 0)"
318,"(1, 0)",5,-0.07415999999999769,71.4192400000002,0.0,0.0,"(2, 1)","(1, 0)","soup('onion', 3, 20)","(4, 1)","(0, -1)",,"(3, 0):empty;(4, 0):soup('onion', 1, 0)","(0, 1):soup('onion', 3, 20);(0, 3):dish;(1, 0):soup('onion', 3, 20);(1, 4):soup('onion', 3, 20);(2, 0):soup('onion', 3, 20);(4, 0):soup('onion', 1, 0)"
319,"(0, -1)",2,-0.1338000000000015,71.2854400000002,0.0,0.0,"(2, 1)","(0, -1)","soup('onion', 3, 20)","(5, 1)","(1, 0)",,"(3, 0):empty;(4, 0):soup('onion', 1, 0)","(0, 1):soup('onion', 3, 20);(0, 3):dish;(1, 0):soup('onion', 3, 20);(1, 4):soup('onion', 3, 20);(2, 0):soup('onion', 3, 20);(4, 0):soup('onion', 1, 0)"
320,interact,0,-0.13344000000000023,71.15200000000019,0.0,0.0,"(2, 1)","(0, -1)","soup('onion', 3, 20)","(5, 1)","(0, -1)",,"(3, 0):empty;(4, 0):soup('onion', 1, 0)","(0, 1):soup('onion', 3, 20);(0, 3):dish;(1, 0):soup('onion', 3, 20);(1, 4):soup('onion', 3, 20);(2, 0):soup('onion', 3, 20);(4, 0):soup('onion', 1, 0)"
321,interact,2,-0.13307999999999892,71.0189200000002,0.0,0.0,"(2, 1)","(0, -1)","soup('onion', 3, 20)","(6, 1)","(1, 0)",,"(3, 0):empty;(4, 0):soup('onion', 1, 0)","(0, 1):soup('onion', 3, 20);(0, 3):dish;(1, 0):soup('onion', 3, 20);(1, 4):soup('onion', 3, 20);(2, 0):soup('onion', 3, 20);(4, 0):soup('onion', 1, 0)"
322,interact,1,-0.1327200000000019,70.88620000000019,0.0,0.0,"(2, 1)","(0, -1)","soup('onion', 3, 20)","(6, 2)","(0, 1)",,"(3, 0):empty;(4, 0):soup('onion', 1, 0)","(0, 1):soup('onion', 3, 20);(0, 3):dish;(1, 0):soup('onion', 3, 20);(1, 4):soup('onion', 3, 20);(2, 0):soup('onion', 3, 20);(4, 0):soup('onion', 1, 0)"
323,"(-1, 0)",1,-0.19175999999999965,70.69444000000018,0.0,0.0,"(1, 1)","(-1, 0)","soup('onion', 3, 20)","(6, 3)","(0, 1)",,"(3, 0):empty;(4, 0):soup('onion', 1, 0)","(0, 1):soup('onion', 3, 20);(0, 3):dish;(1, 0):soup('onion', 3, 20);(1, 4):soup('onion', 3, 20);(2, 0):soup('onion', 3, 20);(4, 0):soup('onion', 1, 0)"
324,"(0, 1)",3,-0.07199999999999847,70.62244000000018,0.0,0.0,"(1, 2)","(0, 1)","soup('onion', 3, 20)","(5, 3)","(-1, 0)",,"(3, 0):empty;(4, 0):soup('onion', 1, 0)","(0, 1):soup('onion', 3, 20);(0, 3):dish;(1, 0):soup('onion', 3, 20);(1, 4):soup('onion', 3, 20);(2, 0):soup('onion', 3, 20);(4, 0):soup('onion', 1, 0)"
325,interact,3,-0.13164000000000123,70.49080000000018,0.0,0.0,"(1, 2)","(0, 1)","soup('onion', 3, 20)","(4, 3)","(-1, 0)",,"(3, 0):empty;(4, 0):soup('onion', 1, 0)","(0, 1):soup('onion', 3, 20);(0, 3):dish;(1, 0):soup('onion', 3, 20);(1, 4):soup('onion', 3, 20);(2, 0):soup('onion', 3, 20);(4, 0):soup('onion', 1, 0)"
326,"(0, 1)",1,-0.19068000000000004,70.30012000000018,0.0,0.0,"(1, 3)","(0, 1)","soup('onion', 3, 20)","(4, 3)","(0, 1)",,"(3, 0):empty;(4, 0):soup('onion', 1, 0)","(0, 1):soup('onion', 3, 20);(0, 3):dish;(1, 0):soup('onion', 3, 20);(1, 4):soup('onion', 3, 20);(2, 0):soup('onion', 3, 20);(4, 0):soup('onion', 1, 0)"
327,interact,5,-0.13031999999999896,70.16980000000018,0.0,0.0,"(1, 3)","(0, 1)","soup('onion', 3, 20)","(4, 3)","(0, 1)",onion,"(3, 0):empty;(4, 0):soup('onion', 1, 0)","(0, 1):soup('onion', 3, 20);(0, 3):dish;(1, 0):soup('onion', 3, 20);(1, 4):soup('onion', 3, 20);(2, 0):soup('onion', 3, 20);(4, 0):soup('onion', 1, 0)"
328,interact,2,-0.12996000000000194,70.03984000000018,0.0,0.0,"(1, 3)","(0, 1)","soup('onion', 3, 20)","(5, 3)","(1, 0)",onion,"(3, 0):empty;(4, 0):soup('onion', 1, 0)","(0, 1):soup('onion', 3, 20);(0, 3):dish;(1, 0):soup('onion', 3, 20);(1, 4):soup('onion', 3, 20);(2, 0):soup('onion', 3, 20);(4, 0):soup('onion', 1, 0)"
329,"(-1, 0)",2,-0.10583999999999953,69.93400000000018,0.0,0.0,"(1, 3)","(-1, 0)","soup('onion', 3, 20)","(6, 3)","(1, 0)",onion,"(3, 0):empty;(4, 0):soup('onion', 1, 0)","(0, 1):soup('onion', 3, 20);(0, 3):dish;(1, 0):soup('onion', 3, 20);(1, 4):soup('onion', 3, 20);(2, 0):soup('onion', 3, 20);(4, 0):soup('onion', 1, 0)"
330,"(-1, 0)",0,-0.09383999999999978,69.84016000000018,0.0,0.0,"(1, 3)","(-1, 0)","soup('onion', 3, 20)","(6, 2)","(0, -1)",onion,"(3, 0):empty;(4, 0):soup('onion', 1, 0)","(0, 1):soup('onion', 3, 20);(0, 3):dish;(1, 0):soup('onion', 3, 20);(1, 4):soup('onion', 3, 20);(2, 0):soup('onion', 3, 20);(4, 0):soup('onion', 1, 0)"
331,interact,0,-0.09383999999999978,69.74632000000018,0.0,0.0,"(1, 3)","(-1, 0)","soup('onion', 3, 20)","(6, 1)","(0, -1)",onion,"(3, 0):empty;(4, 0):soup('onion', 1, 0)","(0, 1):soup('onion', 3, 20);(0, 3):dish;(1, 0):soup('onion', 3, 20);(1, 4):soup('onion', 3, 20);(2, 0):soup('onion', 3, 20);(4, 0):soup('onion', 1, 0)"
332,"(0, 1)",3,-0.09383999999999978,69.65248000000018,0.0,0.0,"(1, 3)","(0, 1)","soup('onion', 3, 20)","(5, 1)","(-1, 0)",onion,"(3, 0):empty;(4, 0):soup('onion', 1, 0)","(0, 1):soup('onion', 3, 20);(0, 3):dish;(1, 0):soup('onion', 3, 20);(1, 4):soup('onion', 3, 20);(2, 0):soup('onion', 3, 20);(4, 0):soup('onion', 1, 0)"
333,interact,3,-0.09383999999999978,69.55864000000018,0.0,0.0,"(1, 3)","(0, 1)","soup('onion', 3, 20)","(4, 1)","(-1, 0)",onion,"(3, 0):empty;(4, 0):soup('onion', 1, 0)","(0, 1):soup('onion', 3, 20);(0, 3):dish;(1, 0):soup('onion', 3, 20);(1, 4):soup('onion', 3, 20);(2, 0):soup('onion', 3, 20);(4, 0):soup('onion', 1, 0)"
334,interact,0,-0.09383999999999978,69.46480000000018,0.0,0.0,"(1, 3)","(0, 1)","soup('onion', 3, 20)","(4, 1)","(0, -1)",onion,"(3, 0):empty;(4, 0):soup('onion', 1, 0)","(0, 1):soup('onion', 3, 20);(0, 3):dish;(1, 0):soup('onion', 3, 20);(1, 4):soup('onion', 3, 20);(2, 0):soup('onion', 3, 20);(4, 0):soup('onion', 1, 0)"
335,interact,5,3.2625599999999997,72.72736000000017,0.0,0.0,"(1, 3)","(0, 1)","soup('onion', 3, 20)","(4, 1)","(0, -1)",,"(3, 0):empty;(4, 0):soup('onion', 2, 0)","(0, 1):soup('onion', 3, 20);(0, 3):dish;(1, 0):soup('onion', 3, 20);(1, 4):soup('onion', 3, 20);(2, 0):soup('onion', 3, 20);(4, 0):soup('onion', 2, 0)"
336,interact,2,-0.09744000000000098,72.62992000000017,0.0,0.0,"(1, 3)","(0, 1)","soup('onion', 3, 20)","(5, 1)","(1, 0)",,"(3, 0):empty;(4, 0):soup('onion', 2, 0)","(0, 1):soup('onion', 3, 20);(0, 3):dish;(1, 0):soup('onion', 3, 20);(1, 4):soup('onion', 3, 20);(2, 0):soup('onion', 3, 20);(4, 0):soup('onion', 2, 0)"
337,"(0, 1)",2,-0.09744000000000098,72.53248000000016,0.0,0.0,"(1, 3)","(0, 1)","soup('onion', 3, 20)","(6, 1)","(1, 0)",,"(3, 0):empty;(4, 0):soup('onion', 2, 0)","(0, 1):soup('onion', 3, 20);(0, 3):dish;(1, 0):soup('onion', 3, 20);(1, 4):soup('onion', 3, 20);(2, 0):soup('onion', 3, 20);(4, 0):soup('onion', 2, 0)"
338,interact,1,-0.09744000000000098,72.43504000000016,0.0,0.0,"(1, 3)","(0, 1)","soup('onion', 3, 20)","(6, 2)","(0, 1)",,"(3, 0):empty;(4, 0):soup('onion', 2, 0)","(0, 1):soup('onion', 3, 20);(0, 3):dish;(1, 0):soup('onion', 3, 20);(1, 4):soup('onion', 3, 20);(2, 0):soup('onion', 3, 20);(4, 0):soup('onion', 2, 0)"
339,interact,1,-0.09744000000000098,72.33760000000015,0.0,0.0,"(1, 3)","(0, 1)","soup('onion', 3, 20)","(6, 3)","(0, 1)",,"(3, 0):empty;(4, 0):soup('onion', 2, 0)","(0, 1):soup('onion', 3, 20);(0, 3):dish;(1, 0):soup('onion', 3, 20);(1, 4):soup('onion', 3, 20);(2, 0):soup('onion', 3, 20);(4, 0):soup('onion', 2, 0)"
340,"(-1, 0)",3,-0.09744000000000098,72.24016000000015,0.0,0.0,"(1, 3)","(-1, 0)","soup('onion', 3, 20)","(5, 3)","(-1, 0)",,"(3, 0):empty;(4, 0):soup('onion', 2, 0)","(0, 1):soup('onion', 3, 20);(0, 3):dish;(1, 0):soup('onion', 3, 20);(1, 4):soup('onion', 3, 20);(2, 0):soup('onion', 3, 20);(4, 0):soup('onion', 2, 0)"
341,"(0, 1)",3,-0.09744000000000098,72.14272000000014,0.0,0.0,"(1, 3)","(0, 1)","soup('onion', 3, 20)","(4, 3)","(-1, 0)",,"(3, 0):empty;(4, 0):soup('onion', 2, 0)","(0, 1):soup('onion', 3, 20);(0, 3):dish;(1, 0):soup('onion', 3, 20);(1, 4):soup('onion', 3, 20);(2, 0):soup('onion', 3, 20);(4, 0):soup('onion', 2, 0)"
342,interact,1,-0.09744000000000098,72.04528000000013,0.0,0.0,"(1, 3)","(0, 1)","soup('onion', 3, 20)","(4, 3)","(0, 1)",,"(3, 0):empty;(4, 0):soup('onion', 2, 0)","(0, 1):soup('onion', 3, 20);(0, 3):dish;(1, 0):soup('onion', 3, 20);(1, 4):soup('onion', 3, 20);(2, 0):soup('onion', 3, 20);(4, 0):soup('onion', 2, 0)"
343,interact,5,-0.09744000000000098,71.94784000000013,0.0,0.0,"(1, 3)","(0, 1)","soup('onion', 3, 20)","(4, 3)","(0, 1)",onion,"(3, 0):empty;(4, 0):soup('onion', 2, 0)","(0, 1):soup('onion', 3, 20);(0, 3):dish;(1, 0):soup('onion', 3, 20);(1, 4):soup('onion', 3, 20);(2, 0):soup('onion', 3, 20);(4, 0):soup('onion', 2, 0)"
344,interact,2,-0.09744000000000098,71.85040000000012,0.0,0.0,"(1, 3)","(0, 1)","soup('onion', 3, 20)","(5, 3)","(1, 0)",onion,"(3, 0):empty;(4, 0):soup('onion', 2, 0)","(0, 1):soup('onion', 3, 20);(0, 3):dish;(1, 0):soup('onion', 3, 20);(1, 4):soup('onion', 3, 20);(2, 0):soup('onion', 3, 20);(4, 0):soup('onion', 2, 0)"
345,"(-1, 0)",2,-0.09744000000000098,71.75296000000012,0.0,0.0,"(1, 3)","(-1, 0)","soup('onion', 3, 20)","(6, 3)","(1, 0)",onion,"(3, 0):empty;(4, 0):soup('onion', 2, 0)","(0, 1):soup('onion', 3, 20);(0, 3):dish;(1, 0):soup('onion', 3, 20);(1, 4):soup('onion', 3, 20);(2, 0):soup('onion', 3, 20);(4, 0):soup('onion', 2, 0)"
346,"(-1, 0)",0,-0.09744000000000098,71.65552000000011,0.0,0.0,"(1, 3)","(-1, 0)","soup('onion', 3, 20)","(6, 2)","(0, -1)",onion,"(3, 0):empty;(4, 0):soup('onion', 2, 0)","(0, 1):soup('onion', 3, 20);(0, 3):dish;(1, 0):soup('onion', 3, 20);(1, 4):soup('onion', 3, 20);(2, 0):soup('onion', 3, 20);(4, 0):soup('onion', 2, 0)"
347,interact,0,-0.09744000000000098,71.5580800000001,0.0,0.0,"(1, 3)","(-1, 0)","soup('onion', 3, 20)","(6, 1)","(0, -1)",onion,"(3, 0):empty;(4, 0):soup('onion', 2, 0)","(0, 1):soup('onion', 3, 20);(0, 3):dish;(1, 0):soup('onion', 3, 20);(1, 4):soup('onion', 3, 20);(2, 0):soup('onion', 3, 20);(4, 0):soup('onion', 2, 0)"
348,"(0, 1)",3,-0.09744000000000098,71.4606400000001,0.0,0.0,"(1, 3)","(0, 1)","soup('onion', 3, 20)","(5, 1)","(-1, 0)",onion,"(3, 0):empty;(4, 0):soup('onion', 2, 0)","(0, 1):soup('onion', 3, 20);(0, 3):dish;(1, 0):soup('onion', 3, 20);(1, 4):soup('onion', 3, 20);(2, 0):soup('onion', 3, 20);(4, 0):soup('onion', 2, 0)"
349,interact,3,-0.09744000000000098,71.36320000000009,0.0,0.0,"(1, 3)","(0, 1)","soup('onion', 3, 20)","(4, 1)","(-1, 0)",onion,"(3, 0):empty;(4, 0):soup('onion', 2, 0)","(0, 1):soup('onion', 3, 20);(0, 3):dish;(1, 0):soup('onion', 3, 20);(1, 4):soup('onion', 3, 20);(2, 0):soup('onion', 3, 20);(4, 0):soup('onion', 2, 0)"
350,interact,0,-0.09744000000000098,71.26576000000009,0.0,0.0,"(1, 3)","(0, 1)","soup('onion', 3, 20)","(4, 1)","(0, -1)",onion,"(3, 0):empty;(4, 0):soup('onion', 2, 0)","(0, 1):soup('onion', 3, 20);(0, 3):dish;(1, 0):soup('onion', 3, 20);(1, 4):soup('onion', 3, 20);(2, 0):soup('onion', 3, 20);(4, 0):soup('onion', 2, 0)"
351,interact,5,3.37776,74.64352000000008,0.0,0.0,"(1, 3)","(0, 1)","soup('onion', 3, 20)","(4, 1)","(0, -1)",,"(3, 0):empty;(4, 0):soup('onion', 3, 1)","(0, 1):soup('onion', 3, 20);(0, 3):dish;(1, 0):soup('onion', 3, 20);(1, 4):soup('onion', 3, 20);(2, 0):soup('onion', 3, 20);(4, 0):soup('onion', 3, 1)"
352,"(0, -1)",2,-0.04283999999999821,74.60068000000008,0.0,0.0,"(1, 2)","(0, -1)","soup('onion', 3, 20)","(5, 1)","(1, 0)",,"(3, 0):empty;(4, 0):soup('onion', 3, 2)","(0, 1):soup('onion', 3, 20);(0, 3):dish;(1, 0):soup('onion', 3, 20);(1, 4):soup('onion', 3, 20);(2, 0):soup('onion', 3, 20);(4, 0):soup('onion', 3, 2)"
353,"(1, 0)",3,-0.10283999999999906,74.49784000000008,0.0,0.0,"(1, 2)","(1, 0)","soup('onion', 3, 20)","(4, 1)","(-1, 0)",,"(3, 0):empty;(4, 0):soup('onion', 3, 3)","(0, 1):soup('onion', 3, 20);(0, 3):dish;(1, 0):soup('onion', 3, 20);(1, 4):soup('onion', 3, 20);(2, 0):soup('onion', 3, 20);(4, 0):soup('onion', 3, 3)"
354,"(1, 0)",0,-0.10283999999999906,74.39500000000008,0.0,0.0,"(1, 2)","(1, 0)","soup('onion', 3, 20)","(4, 1)","(0, -1)",,"(3, 0):empty;(4, 0):soup('onion', 3, 4)","(0, 1):soup('onion', 3, 20);(0, 3):dish;(1, 0):soup('onion', 3, 20);(1, 4):soup('onion', 3, 20);(2, 0):soup('onion', 3, 20);(4, 0):soup('onion', 3, 4)"
355,"(1, 0)",2,-0.10283999999999906,74.29216000000008,0.0,0.0,"(1, 2)","(1, 0)","soup('onion', 3, 20)","(5, 1)","(1, 0)",,"(3, 0):empty;(4, 0):soup('onion', 3, 5)","(0, 1):soup('onion', 3, 20);(0, 3):dish;(1, 0):soup('onion', 3, 20);(1, 4):soup('onion', 3, 20);(2, 0):soup('onion', 3, 20);(4, 0):soup('onion', 3, 5)"
356,"(1, 0)",3,-0.10283999999999906,74.18932000000008,0.0,0.0,"(1, 2)","(1, 0)","soup('onion', 3, 20)","(4, 1)","(-1, 0)",,"(3, 0):empty;(4, 0):soup('onion', 3, 6)","(0, 1):soup('onion', 3, 20);(0, 3):dish;(1, 0):soup('onion', 3, 20);(1, 4):soup('onion', 3, 20);(2, 0):soup('onion', 3, 20);(4, 0):soup('onion', 3, 6)"
357,"(1, 0)",0,-0.10283999999999906,74.08648000000008,0.0,0.0,"(1, 2)","(1, 0)","soup('onion', 3, 20)","(4, 1)","(0, -1)",,"(3, 0):empty;(4, 0):soup('onion', 3, 7)","(0, 1):soup('onion', 3, 20);(0, 3):dish;(1, 0):soup('onion', 3, 20);(1, 4):soup('onion', 3, 20);(2, 0):soup('onion', 3, 20);(4, 0):soup('onion', 3, 7)"
358,"(1, 0)",2,-0.10283999999999906,73.98364000000008,0.0,0.0,"(1, 2)","(1, 0)","soup('onion', 3, 20)","(5, 1)","(1, 0)",,"(3, 0):empty;(4, 0):soup('onion', 3, 8)","(0, 1):soup('onion', 3, 20);(0, 3):dish;(1, 0):soup('onion', 3, 20);(1, 4):soup('onion', 3, 20);(2, 0):soup('onion', 3, 20);(4, 0):soup('onion', 3, 8)"
359,"(1, 0)",3,-0.10283999999999906,73.88080000000008,0.0,0.0,"(1, 2)","(1, 0)","soup('onion', 3, 20)","(4, 1)","(-1, 0)",,"(3, 0):empty;(4, 0):soup('onion', 3, 9)","(0, 1):soup('onion', 3, 20);(0, 3):dish;(1, 0):soup('onion', 3, 20);(1, 4):soup('onion', 3, 20);(2, 0):soup('onion', 3, 20);(4, 0):soup('onion', 3, 9)"
360,"(1, 0)",0,-0.10283999999999906,73.77796000000008,0.0,0.0,"(1, 2)","(1, 0)","soup('onion', 3, 20)","(4, 1)","(0, -1)",,"(3, 0):empty;(4, 0):soup('onion', 3, 10)","(0, 1):soup('onion', 3, 20);(0, 3):dish;(1, 0):soup('onion', 3, 20);(1, 4):soup('onion', 3, 20);(2, 0):soup('onion', 3, 20);(4, 0):soup('onion', 3, 10)"
361,"(1, 0)",2,-0.10283999999999906,73.67512000000008,0.0,0.0,"(1, 2)","(1, 0)","soup('onion', 3, 20)","(5, 1)","(1, 0)",,"(3, 0):empty;(4, 0):soup('onion', 3, 11)","(0, 1):soup('onion', 3, 20);(0, 3):dish;(1, 0):soup('onion', 3, 20);(1, 4):soup('onion', 3, 20);(2, 0):soup('onion', 3, 20);(4, 0):soup('onion', 3, 11)"
362,"(1, 0)",3,-0.10283999999999906,73.57228000000008,0.0,0.0,"(1, 2)","(1, 0)","soup('onion', 3, 20)","(4, 1)","(-1, 0)",,"(3, 0):empty;(4, 0):soup('onion', 3, 12)","(0, 1):soup('onion', 3, 20);(0, 3):dish;(1, 0):soup('onion', 3, 20);(1, 4):soup('onion', 3, 20);(2, 0):soup('onion', 3, 20);(4, 0):soup('onion', 3, 12)"
363,"(1, 0)",0,-0.10283999999999906,73.46944000000008,0.0,0.0,"(1, 2)","(1, 0)","soup('onion', 3, 20)","(4, 1)","(0, -1)",,"(3, 0):empty;(4, 0):soup('onion', 3, 13)","(0, 1):soup('onion', 3, 20);(0, 3):dish;(1, 0):soup('onion', 3, 20);(1, 4):soup('onion', 3, 20);(2, 0):soup('onion', 3, 20);(4, 0):soup('onion', 3, 13)"
364,"(1, 0)",2,-0.10283999999999906,73.36660000000008,0.0,0.0,"(1, 2)","(1, 0)","soup('onion', 3, 20)","(5, 1)","(1, 0)",,"(3, 0):empty;(4, 0):soup('onion', 3, 14)","(0, 1):soup('onion', 3, 20);(0, 3):dish;(1, 0):soup('onion', 3, 20);(1, 4):soup('onion', 3, 20);(2, 0):soup('onion', 3, 20);(4, 0):soup('onion', 3, 14)"
365,"(1, 0)",3,-0.10283999999999906,73.26376000000008,0.0,0.0,"(1, 2)","(1, 0)","soup('onion', 3, 20)","(4, 1)","(-1, 0)",,"(3, 0):empty;(4, 0):soup('onion', 3, 15)","(0, 1):soup('onion', 3, 20);(0, 3):dish;(1, 0):soup('onion', 3, 20);(1, 4):soup('onion', 3, 20);(2, 0):soup('onion', 3, 20);(4, 0):soup('onion', 3, 15)"
366,"(1, 0)",0,-0.10283999999999906,73.16092000000008,0.0,0.0,"(1, 2)","(1, 0)","soup('onion', 3, 20)","(4, 1)","(0, -1)",,"(3, 0):empty;(4, 0):soup('onion', 3, 16)","(0, 1):soup('onion', 3, 20);(0, 3):dish;(1, 0):soup('onion', 3, 20);(1, 4):soup('onion', 3, 20);(2, 0):soup('onion', 3, 20);(4, 0):soup('onion', 3, 16)"
367,"(1, 0)",2,-0.10283999999999906,73.05808000000007,0.0,0.0,"(1, 2)","(1, 0)","soup('onion', 3, 20)","(5, 1)","(1, 0)",,"(3, 0):empty;(4, 0):soup('onion', 3, 17)","(0, 1):soup('onion', 3, 20);(0, 3):dish;(1, 0):soup('onion', 3, 20);(1, 4):soup('onion', 3, 20);(2, 0):soup('onion', 3, 20);(4, 0):soup('onion', 3, 17)"
368,"(1, 0)",3,-0.10283999999999906,72.95524000000007,0.0,0.0,"(1, 2)","(1, 0)","soup('onion', 3, 20)","(4, 1)","(-1, 0)",,"(3, 0):empty;(4, 0):soup('onion', 3, 18)","(0, 1):soup('onion', 3, 20);(0, 3):dish;(1, 0):soup('onion', 3, 20);(1, 4):soup('onion', 3, 20);(2, 0):soup('onion', 3, 20);(4, 0):soup('onion', 3, 18)"
369,"(1, 0)",0,-0.10283999999999906,72.85240000000007,0.0,0.0,"(1, 2)","(1, 0)","soup('onion', 3, 20)","(4, 1)","(0, -1)",,"(3, 0):empty;(4, 0):soup('onion', 3, 19)","(0, 1):soup('onion', 3, 20);(0, 3):dish;(1, 0):soup('onion', 3, 20);(1, 4):soup('onion', 3, 20);(2, 0):soup('onion', 3, 20);(4, 0):soup('onion', 3, 19)"
370,"(1, 0)",2,0.49116,73.34356000000007,0.0,0.0,"(1, 2)","(1, 0)","soup('onion', 3, 20)","(5, 1)","(1, 0)",,"(3, 0):empty;(4, 0):soup('onion', 3, 20)","(0, 1):soup('onion', 3, 20);(0, 3):dish;(1, 0):soup('onion', 3, 20);(1, 4):soup('onion', 3, 20);(2, 0):soup('onion', 3, 20);(4, 0):soup('onion', 3, 20)"
371,"(1, 0)",2,-0.10884,73.23472000000007,0.0,0.0,"(1, 2)","(1, 0)","soup('onion', 3, 20)","(6, 1)","(1, 0)",,"(3, 0):empty;(4, 0):soup('onion', 3, 20)","(0, 1):soup('onion', 3, 20);(0, 3):dish;(1, 0):soup('onion', 3, 20);(1, 4):soup('onion', 3, 20);(2, 0):soup('onion', 3, 20);(4, 0):soup('onion', 3, 20)"
372,interact,1,0.3069599999999987,73.54168000000007,0.0,0.0,"(1, 2)","(1, 0)",,"(6, 2)","(0, 1)",,"(3, 0):empty;(4, 0):soup('onion', 3, 20)","(0, 1):soup('onion', 3, 20);(0, 3):dish;(1, 0):soup('onion', 3, 20);(1, 4):soup('onion', 3, 20);(2, 0):soup('onion', 3, 20);(2, 2):soup('onion', 3, 20);(4, 0):soup('onion', 3, 20)"
373,"(-1, 0)",1,-0.11304000000000086,73.42864000000007,0.0,0.0,"(1, 2)","(-1, 0)",,"(6, 3)","(0, 1)",,"(3, 0):empty;(4, 0):soup('onion', 3, 20)","(0, 1):soup('onion', 3, 20);(0, 3):dish;(1, 0):soup('onion', 3, 20);(1, 4):soup('onion', 3, 20);(2, 0):soup('onion', 3, 20);(2, 2):soup('onion', 3, 20);(4, 0):soup('onion', 3, 20)"
374,"(-1, 0)",3,-0.11304000000000086,73.31560000000007,0.0,0.0,"(1, 2)","(-1, 0)",,"(5, 3)","(-1, 0)",,"(3, 0):empty;(4, 0):soup('onion', 3, 20)","(0, 1):soup('onion', 3, 20);(0, 3):dish;(1, 0):soup('onion', 3, 20);(1, 4):soup('onion', 3, 20);(2, 0):soup('onion', 3, 20);(2, 2):soup('onion', 3, 20);(4, 0):soup('onion', 3, 20)"
375,"(-1, 0)",3,-0.11304000000000086,73.20256000000008,0.0,0.0,"(1, 2)","(-1, 0)",,"(4, 3)","(-1, 0)",,"(3, 0):empty;(4, 0):soup('onion', 3, 20)","(0, 1):soup('onion', 3, 20);(0, 3):dish;(1, 0):soup('onion', 3, 20);(1, 4):soup('onion', 3, 20);(2, 0):soup('onion', 3, 20);(2, 2):soup('onion', 3, 20);(4, 0):soup('onion', 3, 20)"
376,interact,1,-0.17244000000000098,73.03012000000008,0.0,0.0,"(1, 2)","(-1, 0)",dish,"(4, 3)","(0, 1)",,"(3, 0):empty;(4, 0):soup('onion', 3, 20)","(0, 1):soup('onion', 3, 20);(0, 3):dish;(1, 0):soup('onion', 3, 20);(1, 4):soup('onion', 3, 20);(2, 0):soup('onion', 3, 20);(2, 2):soup('onion', 3, 20);(4, 0):soup('onion', 3, 20)"
377,interact,5,-0.17184000000000024,72.85828000000008,0.0,0.0,"(1, 2)","(-1, 0)",dish,"(4, 3)","(0, 1)",onion,"(3, 0):empty;(4, 0):soup('onion', 3, 20)","(0, 1):soup('onion', 3, 20);(0, 3):dish;(1, 0):soup('onion', 3, 20);(1, 4):soup('onion', 3, 20);(2, 0):soup('onion', 3, 20);(2, 2):soup('onion', 3, 20);(4, 0):soup('onion', 3, 20)"
378,interact,2,-0.17123999999999953,72.68704000000008,0.0,0.0,"(1, 2)","(-1, 0)",dish,"(5, 3)","(1, 0)",onion,"(3, 0):empty;(4, 0):soup('onion', 3, 20)","(0, 1):soup('onion', 3, 20);(0, 3):dish;(1, 0):soup('onion', 3, 20);(1, 4):soup('onion', 3, 20);(2, 0):soup('onion', 3, 20);(2, 2):soup('onion', 3, 20);(4, 0):soup('onion', 3, 20)"
379,"(-1, 0)",2,-0.17064000000000093,72.51640000000008,0.0,0.0,"(1, 2)","(-1, 0)",dish,"(6, 3)","(1, 0)",onion,"(3, 0):empty;(4, 0):soup('onion', 3, 20)","(0, 1):soup('onion', 3, 20);(0, 3):dish;(1, 0):soup('onion', 3, 20);(1, 4):soup('onion', 3, 20);(2, 0):soup('onion', 3, 20);(2, 2):soup('onion', 3, 20);(4, 0):soup('onion', 3, 20)"
380,"(-1, 0)",0,-0.1700400000000002,72.34636000000008,0.0,0.0,"(1, 2)","(-1, 0)",dish,"(6, 2)","(0, -1)",onion,"(3, 0):empty;(4, 0):soup('onion', 3, 20)","(0, 1):soup('onion', 3, 20);(0, 3):dish;(1, 0):soup('onion', 3, 20);(1, 4):soup('onion', 3, 20);(2, 0):soup('onion', 3, 20);(2, 2):soup('onion', 3, 20);(4, 0):soup('onion', 3, 20)"
381,interact,0,-0.16943999999999945,72.17692000000008,0.0,0.0,"(1, 2)","(-1, 0)",dish,"(6, 1)","(0, -1)",onion,"(3, 0):empty;(4, 0):soup('onion', 3, 20)","(0, 1):soup('onion', 3, 20);(0, 3):dish;(1, 0):soup('onion', 3, 20);(1, 4):soup('onion', 3, 20);(2, 0):soup('onion', 3, 20);(2, 2):soup('onion', 3, 20);(4, 0):soup('onion', 3, 20)"
382,interact,3,-0.16884000000000085,72.00808000000008,0.0,0.0,"(1, 2)","(-1, 0)",dish,"(5, 1)","(-1, 0)",onion,"(3, 0):empty;(4, 0):soup('onion', 3, 20)","(0, 1):soup('onion', 3, 20);(0, 3):dish;(1, 0):soup('onion', 3, 20);(1, 4):soup('onion', 3, 20);(2, 0):soup('onion', 3, 20);(2, 2):soup('onion', 3, 20);(4, 0):soup('onion', 3, 20)"
383,interact,0,-0.16823999999999797,71.83984000000008,0.0,0.0,"(1, 2)","(-1, 0)",dish,"(5, 1)","(0, -1)",onion,"(3, 0):empty;(4, 0):soup('onion', 3, 20)","(0, 1):soup('onion', 3, 20);(0, 3):dish;(1, 0):soup('onion', 3, 20);(1, 4):soup('onion', 3, 20);(2, 0):soup('onion', 3, 20);(2, 2):soup('onion', 3, 20);(4, 0):soup('onion', 3, 20)"
384,interact,3,-0.1676400000000015,71.67220000000007,0.0,0.0,"(1, 2)","(-1, 0)",dish,"(4, 1)","(-1, 0)",onion,"(3, 0):empty;(4, 0):soup('onion', 3, 20)","(0, 1):soup('onion', 3, 20);(0, 3):dish;(1, 0):soup('onion', 3, 20);(1, 4):soup('onion', 3, 20);(2, 0):soup('onion', 3, 20);(2, 2):soup('onion', 3, 20);(4, 0):soup('onion', 3, 20)"
385,interact,0,-0.16704000000000077,71.50516000000007,0.0,0.0,"(1, 2)","(-1, 0)",dish,"(4, 1)","(0, -1)",onion,"(3, 0):empty;(4, 0):soup('onion', 3, 20)","(0, 1):soup('onion', 3, 20);(0, 3):dish;(1, 0):soup('onion', 3, 20);(1, 4):soup('onion', 3, 20);(2, 0):soup('onion', 3, 20);(2, 2):soup('onion', 3, 20);(4, 0):soup('onion', 3, 20)"
386,"(0, -1)",0,-0.16643999999999792,71.33872000000008,0.0,0.0,"(1, 1)","(0, -1)",dish,"(4, 1)","(0, -1)",onion,"(3, 0):empty;(4, 0):soup('onion', 3, 20)","(0, 1):soup('onion', 3, 20);(0, 3):dish;(1, 0):soup('onion', 3, 20);(1, 4):soup('onion', 3, 20);(2, 0):soup('onion', 3, 20);(2, 2):soup('onion', 3, 20);(4, 0):soup('onion', 3, 20)"
387,"(1, 0)",0,-0.16584000000000146,71.17288000000008,0.0,0.0,"(2, 1)","(1, 0)",dish,"(4, 1)","(0, -1)",onion,"(3, 0):empty;(4, 0):soup('onion', 3, 20)","(0, 1):soup('onion', 3, 20);(0, 3):dish;(1, 0):soup('onion', 3, 20);(1, 4):soup('onion', 3, 20);(2, 0):soup('onion', 3, 20);(2, 2):soup('onion', 3, 20);(4, 0):soup('onion', 3, 20)"
388,"(1, 0)",5,-0.1058400000000006,71.06704000000008,0.0,0.0,"(3, 1)","(1, 0)",dish,"(4, 1)","(0, -1)",onion,"(3, 0):empty;(4, 0):soup('onion', 3, 20)","(0, 1):soup('onion', 3, 20);(0, 3):dish;(1, 0):soup('onion', 3, 20);(1, 4):soup('onion', 3, 20);(2, 0):soup('onion', 3, 20);(2, 2):soup('onion', 3, 20);(4, 0):soup('onion', 3, 20)"
389,"(1, 0)",5,-0.1058400000000006,70.96120000000008,0.0,0.0,"(3, 1)","(1, 0)",dish,"(4, 1)","(0, -1)",onion,"(3, 0):empty;(4, 0):soup('onion', 3, 20)","(0, 1):soup('onion', 3, 20);(0, 3):dish;(1, 0):soup('onion', 3, 20);(1, 4):soup('onion', 3, 20);(2, 0):soup('onion', 3, 20);(2, 2):soup('onion', 3, 20);(4, 0):soup('onion', 3, 20)"
390,"(1, 0)",5,-0.1058400000000006,70.85536000000008,0.0,0.0,"(3, 1)","(1, 0)",dish,"(4, 1)","(0, -1)",onion,"(3, 0):empty;(4, 0):soup('onion', 3, 20)","(0, 1):soup('onion', 3, 20);(0, 3):dish;(1, 0):soup('onion', 3, 20);(1, 4):soup('onion', 3, 20);(2, 0):soup('onion', 3, 20);(2, 2):soup('onion', 3, 20);(4, 0):soup('onion', 3, 20)"
391,"(1, 0)",5,-0.1058400000000006,70.74952000000008,0.0,0.0,"(3, 1)","(1, 0)",dish,"(4, 1)","(0, -1)",onion,"(3, 0):empty;(4, 0):soup('onion', 3, 20)","(0, 1):soup('onion', 3, 20);(0, 3):dish;(1, 0):soup('onion', 3, 20);(1, 4):soup('onion', 3, 20);(2, 0):soup('onion', 3, 20);(2, 2):soup('onion', 3, 20);(4, 0):soup('onion', 3, 20)"
392,"(1, 0)",5,-0.1058400000000006,70.64368000000007,0.0,0.0,"(3, 1)","(1, 0)",dish,"(4, 1)","(0, -1)",onion,"(3, 0):empty;(4, 0):soup('onion', 3, 20)","(0, 1):soup('onion', 3, 20);(0, 3):dish;(1, 0):soup('onion', 3, 20);(1, 4):soup('onion', 3, 20);(2, 0):soup('onion', 3, 20);(2, 2):soup('onion', 3, 20);(4, 0):soup('onion', 3, 20)"
393,"(1, 0)",5,-0.1058400000000006,70.53784000000007,0.0,0.0,"(3, 1)","(1, 0)",dish,"(4, 1)","(0, -1)",onion,"(3, 0):empty;(4, 0):soup('onion', 3, 20)","(0, 1):soup('onion', 3, 20);(0, 3):dish;(1, 0):soup('onion', 3, 20);(1, 4):soup('onion', 3, 20);(2, 0):soup('onion', 3, 20);(2, 2):soup('onion', 3, 20);(4, 0):soup('onion', 3, 20)"
394,"(1, 0)",5,-0.1058400000000006,70.43200000000007,0.0,0.0,"(3, 1)","(1, 0)",dish,"(4, 1)","(0, -1)",onion,"(3, 0):empty;(4, 0):soup('onion', 3, 20)","(0, 1):soup('onion', 3, 20);(0, 3):dish;(1, 0):soup('onion', 3, 20);(1, 4):soup('onion', 3, 20);(2, 0):soup('onion', 3, 20);(2, 2):soup('onion', 3, 20);(4, 0):soup('onion', 3, 20)"
395,"(1, 0)",5,-0.1058400000000006,70.32616000000007,0.0,0.0,"(3, 1)","(1, 0)",dish,"(4, 1)","(0, -1)",onion,"(3, 0):empty;(4, 0):soup('onion', 3, 20)","(0, 1):soup('onion', 3, 20);(0, 3):dish;(1, 0):soup('onion', 3, 20);(1, 4):soup('onion', 3, 20);(2, 0):soup('onion', 3, 20);(2, 2):soup('onion', 3, 20);(4, 0):soup('onion', 3, 20)"
396,"(1, 0)",5,-0.1058400000000006,70.22032000000007,0.0,0.0,"(3, 1)","(1, 0)",dish,"(4, 1)","(0, -1)",onion,"(3, 0):empty;(4, 0):soup('onion', 3, 20)","(0, 1):soup('onion', 3, 20);(0, 3):dish;(1, 0):soup('onion', 3, 20);(1, 4):soup('onion', 3, 20);(2, 0):soup('onion', 3, 20);(2, 2):soup('onion', 3, 20);(4, 0):soup('onion', 3, 20)"
397,"(1, 0)",5,-0.1058400000000006,70.11448000000007,0.0,0.0,"(3, 1)","(1, 0)",dish,"(4, 1)","(0, -1)",onion,"(3, 0):empty;(4, 0):soup('onion', 3, 20)","(0, 1):soup('onion', 3, 20);(0, 3):dish;(1, 0):soup('onion', 3, 20);(1, 4):soup('onion', 3, 20);(2, 0):soup('onion', 3, 20);(2, 2):soup('onion', 3, 20);(4, 0):soup('onion', 3, 20)"
398,"(1, 0)",5,-0.1058400000000006,70.00864000000007,0.0,0.0,"(3, 1)","(1, 0)",dish,"(4, 1)","(0, -1)",onion,"(3, 0):empty;(4, 0):soup('onion', 3, 20)","(0, 1):soup('onion', 3, 20);(0, 3):dish;(1, 0):soup('onion', 3, 20);(1, 4):soup('onion', 3, 20);(2, 0):soup('onion', 3, 20);(2, 2):soup('onion', 3, 20);(4, 0):soup('onion', 3, 20)"
399,"(1, 0)",5,-0.1058400000000006,69.90280000000007,0.0,0.0,"(3, 1)","(1, 0)",dish,"(4, 1)","(0, -1)",onion,"(3, 0):empty;(4, 0):soup('onion', 3, 20)","(0, 1):soup('onion', 3, 20);(0, 3):dish;(1, 0):soup('onion', 3, 20);(1, 4):soup('onion', 3, 20);(2, 0):soup('onion', 3, 20);(2, 2):soup('onion', 3, 20);(4, 0):soup('onion', 3, 20)"
400,"(1, 0)",5,-0.1058400000000006,69.79696000000007,0.0,0.0,"(3, 1)","(1, 0)",dish,"(4, 1)","(0, -1)",onion,"(3, 0):empty;(4, 0):soup('onion', 3, 20)","(0, 1):soup('onion', 3, 20);(0, 3):dish;(1, 0):soup('onion', 3, 20);(1, 4):soup('onion', 3, 20);(2, 0):soup('onion', 3, 20);(2, 2):soup('onion', 3, 20);(4, 0):soup('onion', 3, 20)"
