step,ego_action_idx,ego_action,p0_pos,p0_orient,p0_held,p1_pos,p1_orient,p1_held,objects_before,pots_before,cum_sparse_before,cum_shaped_before,partner_action_idx,partner_action,reward,sparse_reward,built_in_shaped_reward,custom_shaped_reward,cum_sparse_after,cum_shaped_after,delivery_event,p0_pos_after,p0_held_after,p1_pos_after,p1_held_after,objects_after,pots_after
0,1,"(0, 1)","(3, 3)","(0, -1)",,"(3, 1)","(0, -1)",,,"(3, 0):empty;(4, 0):empty",0.0,0.0,1,"(0, 1)",0.0,0.0,0.0,0.0,0.0,0.0,False,"(3, 3)",,"(3, 1)",,,"(3, 0):empty;(4, 0):empty"
1,5,interact,"(3, 3)","(0, 1)",,"(3, 1)","(0, 1)",,,"(3, 0):empty;(4, 0):empty",0.0,0.0,5,interact,0.0,0.0,0.0,0.0,0.0,0.0,False,"(3, 3)",onion,"(3, 1)",,,"(3, 0):empty;(4, 0):empty"
2,0,"(0, -1)","(3, 3)","(0, 1)",onion,"(3, 1)","(0, 1)",,,"(3, 0):empty;(4, 0):empty",0.0,0.0,5,interact,0.0,0.0,0.0,0.0,0.0,0.0,False,"(3, 3)",onion,"(3, 1)",,,"(3, 0):empty;(4, 0):empty"
3,5,interact,"(3, 3)","(0, -1)",onion,"(3, 1)","(0, 1)",,,"(3, 0):empty;(4, 0):empty",0.0,0.0,5,interact,0.0,0.0,0.0,0.0,0.0,0.0,False,"(3, 3)",,"(3, 1)",onion,,"(3, 0):empty;(4, 0):empty"
4,1,"(0, 1)","(3, 3)","(0, -1)",,"(3, 1)","(0, 1)",onion,,"(3, 0):empty;(4, 0):empty",0.0,0.0,2,"(1, 0)",0.0,0.0,0.0,0.0,0.0,0.0,False,"(3, 3)",,"(4, 1)",onion,,"(3, 0):empty;(4, 0):empty"
5,5,interact,"(3, 3)","(0, 1)",,"(4, 1)","(1, 0)",onion,,"(3, 0):empty;(4, 0):empty",0.0,0.0,0,"(0, -1)",0.0,0.0,0.0,0.0,0.0,0.0,False,"(3, 3)",onion,"(4, 1)",onion,,"(3, 0):empty;(4, 0):empty"
6,5,interact,"(3, 3)","(0, 1)",onion,"(4, 1)","(0, -1)",onion,,"(3, 0):empty;(4, 0):empty",0.0,0.0,5,interact,3.0594,0.0,3.0,0.0594,0.0,3.0,False,"(3, 3)",onion,"(4, 1)",,"(4, 0):soup('onion', 1, 0)","(3, 0):empty;(4, 0):soup('onion', 1, 0)"
7,5,interact,"(3, 3)","(0, 1)",onion,"(4, 1)","(0, -1)",,"(4, 0):soup('onion', 1, 0)","(3, 0):empty;(4, 0):soup('onion', 1, 0)",0.0,3.0,3,"(-1, 0)",-0.0006000000000000006,0.0,0.0,-0.0006000000000000006,0.0,3.0,False,"(3, 3)",onion,"(3, 1)",,"(4, 0):soup('onion', 1, 0)","(3, 0):empty;(4, 0):soup('onion', 1, 0)"
8,0,"(0, -1)","(3, 3)","(0, 1)",onion,"(3, 1)","(-1, 0)",,"(4, 0):soup('onion', 1, 0)","(3, 0):empty;(4, 0):soup('onion', 1, 0)",0.0,3.0,1,"(0, 1)",-0.0006000000000000006,0.0,0.0,-0.0006000000000000006,0.0,3.0,False,"(3, 3)",onion,"(3, 1)",,"(4, 0):soup('onion', 1, 0)","(3, 0):empty;(4, 0):soup('onion', 1, 0)"
9,5,interact,"(3, 3)","(0, -1)",onion,"(3, 1)","(0, 1)",,"(4, 0):soup('onion', 1, 0)","(3, 0):empty;(4, 0):soup('onion', 1, 0)",0.0,3.0,5,interact,-0.0006000000000000006,0.0,0.0,-0.0006000000000000006,0.0,3.0,False,"(3, 3)",,"(3, 1)",onion,"(4, 0):soup('onion', 1, 0)","(3, 0):empty;(4, 0):soup('onion', 1, 0)"
10,1,"(0, 1)","(3, 3)","(0, -1)",,"(3, 1)","(0, 1)",onion,"(4, 0):soup('onion', 1, 0)","(3, 0):empty;(4, 0):soup('onion', 1, 0)",0.0,3.0,2,"(1, 0)",-0.0006000000000000006,0.0,0.0,-0.0006000000000000006,0.0,3.0,False,"(3, 3)",,"(4, 1)",onion,"(4, 0):soup('onion', 1, 0)","(3, 0):empty;(4, 0):soup('onion', 1, 0)"
11,5,interact,"(3, 3)","(0, 1)",,"(4, 1)","(1, 0)",onion,"(4, 0):soup('onion', 1, 0)","(3, 0):empty;(4, 0):soup('onion', 1, 0)",0.0,3.0,0,"(0, -1)",-0.0006000000000000006,0.0,0.0,-0.0006000000000000006,0.0,3.0,False,"(3, 3)",onion,"(4, 1)",onion,"(4, 0):soup('onion', 1, 0)","(3, 0):empty;(4, 0):soup('onion', 1, 0)"
12,5,interact,"(3, 3)","(0, 1)",onion,"(4, 1)","(0, -1)",onion,"(4, 0):soup('onion', 1, 0)","(3, 0):empty;(4, 0):soup('onion', 1, 0)",0.0,3.0,5,interact,3.0588,0.0,3.0,0.0588,0.0,6.0,False,"(3, 3)",onion,"(4, 1)",,"(4, 0):soup('onion', 2, 0)","(3, 0):empty;(4, 0):soup('onion', 2, 0)"
13,5,interact,"(3, 3)","(0, 1)",onion,"(4, 1)","(0, -1)",,"(4, 0):soup('onion', 2, 0)","(3, 0):empty;(4, 0):soup('onion', 2, 0)",0.0,6.0,3,"(-1, 0)",-0.0012000000000000012,0.0,0.0,-0.0012000000000000012,0.0,6.0,False,"(3, 3)",onion,"(3, 1)",,"(4, 0):soup('onion', 2, 0)","(3, 0):empty;(4, 0):soup('onion', 2, 0)"
14,0,"(0, -1)","(3, 3)","(0, 1)",onion,"(3, 1)","(-1, 0)",,"(4, 0):soup('onion', 2, 0)","(3, 0):empty;(4, 0):soup('onion', 2, 0)",0.0,6.0,1,"(0, 1)",-0.0012000000000000012,0.0,0.0,-0.0012000000000000012,0.0,6.0,False,"(3, 3)",onion,"(3, 1)",,"(4, 0):soup('onion', 2, 0)","(3, 0):empty;(4, 0):soup('onion', 2, 0)"
15,5,interact,"(3, 3)","(0, -1)",onion,"(3, 1)","(0, 1)",,"(4, 0):soup('onion', 2, 0)","(3, 0):empty;(4, 0):soup('onion', 2, 0)",0.0,6.0,5,interact,-0.0012000000000000012,0.0,0.0,-0.0012000000000000012,0.0,6.0,False,"(3, 3)",,"(3, 1)",onion,"(4, 0):soup('onion', 2, 0)","(3, 0):empty;(4, 0):soup('onion', 2, 0)"
16,1,"(0, 1)","(3, 3)","(0, -1)",,"(3, 1)","(0, 1)",onion,"(4, 0):soup('onion', 2, 0)","(3, 0):empty;(4, 0):soup('onion', 2, 0)",0.0,6.0,2,"(1, 0)",-0.0012000000000000012,0.0,0.0,-0.0012000000000000012,0.0,6.0,False,"(3, 3)",,"(4, 1)",onion,"(4, 0):soup('onion', 2, 0)","(3, 0):empty;(4, 0):soup('onion', 2, 0)"
17,5,interact,"(3, 3)","(0, 1)",,"(4, 1)","(1, 0)",onion,"(4, 0):soup('onion', 2, 0)","(3, 0):empty;(4, 0):soup('onion', 2, 0)",0.0,6.0,0,"(0, -1)",-0.0012000000000000012,0.0,0.0,-0.0012000000000000012,0.0,6.0,False,"(3, 3)",onion,"(4, 1)",onion,"(4, 0):soup('onion', 2, 0)","(3, 0):empty;(4, 0):soup('onion', 2, 0)"
18,5,interact,"(3, 3)","(0, 1)",onion,"(4, 1)","(0, -1)",onion,"(4, 0):soup('onion', 2, 0)","(3, 0):empty;(4, 0):soup('onion', 2, 0)",0.0,6.0,5,interact,3.078,0.0,3.0,0.07800000000000001,0.0,9.0,False,"(3, 3)",onion,"(4, 1)",,"(4, 0):soup('onion', 3, 1)","(3, 0):empty;(4, 0):soup('onion', 3, 1)"
19,5,interact,"(3, 3)","(0, 1)",onion,"(4, 1)","(0, -1)",,"(4, 0):soup('onion', 3, 1)","(3, 0):empty;(4, 0):soup('onion', 3, 1)",0.0,9.0,3,"(-1, 0)",-0.0020000000000000018,0.0,0.0,-0.0020000000000000018,0.0,9.0,False,"(3, 3)",onion,"(3, 1)",,"(4, 0):soup('onion', 3, 2)","(3, 0):empty;(4, 0):soup('onion', 3, 2)"
20,0,"(0, -1)","(3, 3)","(0, 1)",onion,"(3, 1)","(-1, 0)",,"(4, 0):soup('onion', 3, 2)","(3, 0):empty;(4, 0):soup('onion', 3, 2)",0.0,9.0,1,"(0, 1)",-0.0020000000000000018,0.0,0.0,-0.0020000000000000018,0.0,9.0,False,"(3, 3)",onion,"(3, 1)",,"(4, 0):soup('onion', 3, 3)","(3, 0):empty;(4, 0):soup('onion', 3, 3)"
21,5,interact,"(3, 3)","(0, -1)",onion,"(3, 1)","(0, 1)",,"(4, 0):soup('onion', 3, 3)","(3, 0):empty;(4, 0):soup('onion', 3, 3)",0.0,9.0,5,interact,-0.0020000000000000018,0.0,0.0,-0.0020000000000000018,0.0,9.0,False,"(3, 3)",,"(3, 1)",onion,"(4, 0):soup('onion', 3, 4)","(3, 0):empty;(4, 0):soup('onion', 3, 4)"
22,1,"(0, 1)","(3, 3)","(0, -1)",,"(3, 1)","(0, 1)",onion,"(4, 0):soup('onion', 3, 4)","(3, 0):empty;(4, 0):soup('onion', 3, 4)",0.0,9.0,0,"(0, -1)",-0.0020000000000000018,0.0,0.0,-0.0020000000000000018,0.0,9.0,False,"(3, 3)",,"(3, 1)",onion,"(4, 0):soup('onion', 3, 5)","(3, 0):empty;(4, 0):soup('onion', 3, 5)"
23,1,"(0, 1)","(3, 3)","(0, 1)",,"(3, 1)","(0, -1)",onion,"(4, 0):soup('onion', 3, 5)","(3, 0):empty;(4, 0):soup('onion', 3, 5)",0.0,9.0,5,interact,3.0574,0.0,3.0,0.057399999999999986,0.0,12.0,False,"(3, 3)",,"(3, 1)",,"(3, 0):soup('onion', 1, 0);(4, 0):soup('onion', 3, 6)","(3, 0):soup('onion', 1, 0);(4, 0):soup('onion', 3, 6)"
24,5,interact,"(3, 3)","(0, 1)",,"(3, 1)","(0, -1)",,"(3, 0):soup('onion', 1, 0);(4, 0):soup('onion', 3, 6)","(3, 0):soup('onion', 1, 0);(4, 0):soup('onion', 3, 6)",0.0,12.0,1,"(0, 1)",-0.0026000000000000246,0.0,0.0,-0.0026000000000000246,0.0,12.0,False,"(3, 3)",onion,"(3, 1)",,"(3, 0):soup('onion', 1, 0);(4, 0):soup('onion', 3, 7)","(3, 0):soup('onion', 1, 0);(4, 0):soup('onion', 3, 7)"
25,0,"(0, -1)","(3, 3)","(0, 1)",onion,"(3, 1)","(0, 1)",,"(3, 0):soup('onion', 1, 0);(4, 0):soup('onion', 3, 7)","(3, 0):soup('onion', 1, 0);(4, 0):soup('onion', 3, 7)",0.0,12.0,5,interact,-0.0026000000000000246,0.0,0.0,-0.0026000000000000246,0.0,12.0,False,"(3, 3)",onion,"(3, 1)",,"(3, 0):soup('onion', 1, 0);(4, 0):soup('onion', 3, 8)","(3, 0):soup('onion', 1, 0);(4, 0):soup('onion', 3, 8)"
26,5,interact,"(3, 3)","(0, -1)",onion,"(3, 1)","(0, 1)",,"(3, 0):soup('onion', 1, 0);(4, 0):soup('onion', 3, 8)","(3, 0):soup('onion', 1, 0);(4, 0):soup('onion', 3, 8)",0.0,12.0,5,interact,-0.0026000000000000246,0.0,0.0,-0.0026000000000000246,0.0,12.0,False,"(3, 3)",,"(3, 1)",onion,"(3, 0):soup('onion', 1, 0);(4, 0):soup('onion', 3, 9)","(3, 0):soup('onion', 1, 0);(4, 0):soup('onion', 3, 9)"
27,1,"(0, 1)","(3, 3)","(0, -1)",,"(3, 1)","(0, 1)",onion,"(3, 0):soup('onion', 1, 0);(4, 0):soup('onion', 3, 9)","(3, 0):soup('onion', 1, 0);(4, 0):soup('onion', 3, 9)",0.0,12.0,0,"(0, -1)",-0.0026000000000000246,0.0,0.0,-0.0026000000000000246,0.0,12.0,False,"(3, 3)",,"(3, 1)",onion,"(3, 0):soup('onion', 1, 0);(4, 0):soup('onion', 3, 10)","(3, 0):soup('onion', 1, 0);(4, 0):soup('onion', 3, 10)"
28,5,interact,"(3, 3)","(0, 1)",,"(3, 1)","(0, -1)",onion,"(3, 0):soup('onion', 1, 0);(4, 0):soup('onion', 3, 10)","(3, 0):soup('onion', 1, 0);(4, 0):soup('onion', 3, 10)",0.0,12.0,5,interact,3.0568,0.0,3.0,0.05680000000000001,0.0,15.0,False,"(3, 3)",onion,"(3, 1)",,"(3, 0):soup('onion', 2, 0);(4, 0):soup('onion', 3, 11)","(3, 0):soup('onion', 2, 0);(4, 0):soup('onion', 3, 11)"
29,0,"(0, -1)","(3, 3)","(0, 1)",onion,"(3, 1)","(0, -1)",,"(3, 0):soup('onion', 2, 0);(4, 0):soup('onion', 3, 11)","(3, 0):soup('onion', 2, 0);(4, 0):soup('onion', 3, 11)",0.0,15.0,1,"(0, 1)",-0.003200000000000003,0.0,0.0,-0.003200000000000003,0.0,15.0,False,"(3, 3)",onion,"(3, 1)",,"(3, 0):soup('onion', 2, 0);(4, 0):soup('onion', 3, 12)","(3, 0):soup('onion', 2, 0);(4, 0):soup('onion', 3, 12)"
30,5,interact,"(3, 3)","(0, -1)",onion,"(3, 1)","(0, 1)",,"(3, 0):soup('onion', 2, 0);(4, 0):soup('onion', 3, 12)","(3, 0):soup('onion', 2, 0);(4, 0):soup('onion', 3, 12)",0.0,15.0,5,interact,-0.003200000000000003,0.0,0.0,-0.003200000000000003,0.0,15.0,False,"(3, 3)",,"(3, 1)",onion,"(3, 0):soup('onion', 2, 0);(4, 0):soup('onion', 3, 13)","(3, 0):soup('onion', 2, 0);(4, 0):soup('onion', 3, 13)"
31,1,"(0, 1)","(3, 3)","(0, -1)",,"(3, 1)","(0, 1)",onion,"(3, 0):soup('onion', 2, 0);(4, 0):soup('onion', 3, 13)","(3, 0):soup('onion', 2, 0);(4, 0):soup('onion', 3, 13)",0.0,15.0,0,"(0, -1)",-0.003200000000000003,0.0,0.0,-0.003200000000000003,0.0,15.0,False,"(3, 3)",,"(3, 1)",onion,"(3, 0):soup('onion', 2, 0);(4, 0):soup('onion', 3, 14)","(3, 0):soup('onion', 2, 0);(4, 0):soup('onion', 3, 14)"
32,5,interact,"(3, 3)","(0, 1)",,"(3, 1)","(0, -1)",onion,"(3, 0):soup('onion', 2, 0);(4, 0):soup('onion', 3, 14)","(3, 0):soup('onion', 2, 0);(4, 0):soup('onion', 3, 14)",0.0,15.0,5,interact,3.076,0.0,3.0,0.07599999999999998,0.0,18.0,False,"(3, 3)",onion,"(3, 1)",,"(3, 0):soup('onion', 3, 1);(4, 0):soup('onion', 3, 15)","(3, 0):soup('onion', 3, 1);(4, 0):soup('onion', 3, 15)"
33,0,"(0, -1)","(3, 3)","(0, 1)",onion,"(3, 1)","(0, -1)",,"(3, 0):soup('onion', 3, 1);(4, 0):soup('onion', 3, 15)","(3, 0):soup('onion', 3, 1);(4, 0):soup('onion', 3, 15)",0.0,18.0,1,"(0, 1)",-0.0040000000000000036,0.0,0.0,-0.0040000000000000036,0.0,18.0,False,"(3, 3)",onion,"(3, 1)",,"(3, 0):soup('onion', 3, 2);(4, 0):soup('onion', 3, 16)","(3, 0):soup('onion', 3, 2);(4, 0):soup('onion', 3, 16)"
34,5,interact,"(3, 3)","(0, -1)",onion,"(3, 1)","(0, 1)",,"(3, 0):soup('onion', 3, 2);(4, 0):soup('onion', 3, 16)","(3, 0):soup('onion', 3, 2);(4, 0):soup('onion', 3, 16)",0.0,18.0,5,interact,-0.0040000000000000036,0.0,0.0,-0.0040000000000000036,0.0,18.0,False,"(3, 3)",,"(3, 1)",onion,"(3, 0):soup('onion', 3, 3);(4, 0):soup('onion', 3, 17)","(3, 0):soup('onion', 3, 3);(4, 0):soup('onion', 3, 17)"
35,1,"(0, 1)","(3, 3)","(0, -1)",,"(3, 1)","(0, 1)",onion,"(3, 0):soup('onion', 3, 3);(4, 0):soup('onion', 3, 17)","(3, 0):soup('onion', 3, 3);(4, 0):soup('onion', 3, 17)",0.0,18.0,0,"(0, -1)",-0.0040000000000000036,0.0,0.0,-0.0040000000000000036,0.0,18.0,False,"(3, 3)",,"(3, 1)",onion,"(3, 0):soup('onion', 3, 4);(4, 0):soup('onion', 3, 18)","(3, 0):soup('onion', 3, 4);(4, 0):soup('onion', 3, 18)"
36,1,"(0, 1)","(3, 3)","(0, 1)",,"(3, 1)","(0, -1)",onion,"(3, 0):soup('onion', 3, 4);(4, 0):soup('onion', 3, 18)","(3, 0):soup('onion', 3, 4);(4, 0):soup('onion', 3, 18)",0.0,18.0,5,interact,-0.0040000000000000036,0.0,0.0,-0.0040000000000000036,0.0,18.0,False,"(3, 3)",,"(3, 1)",onion,"(3, 0):soup('onion', 3, 5);(4, 0):soup('onion', 3, 19)","(3, 0):soup('onion', 3, 5);(4, 0):soup('onion', 3, 19)"
37,1,"(0, 1)","(3, 3)","(0, 1)",,"(3, 1)","(0, -1)",onion,"(3, 0):soup('onion', 3, 5);(4, 0):soup('onion', 3, 19)","(3, 0):soup('onion', 3, 5);(4, 0):soup('onion', 3, 19)",0.0,18.0,5,interact,0.035599999999999986,0.0,0.0,0.035599999999999986,0.0,18.0,False,"(3, 3)",,"(3, 1)",onion,"(3, 0):soup('onion', 3, 6);(4, 0):soup('onion', 3, 20)","(3, 0):soup('onion', 3, 6);(4, 0):soup('onion', 3, 20)"
38,1,"(0, 1)","(3, 3)","(0, 1)",,"(3, 1)","(0, -1)",onion,"(3, 0):soup('onion', 3, 6);(4, 0):soup('onion', 3, 20)","(3, 0):soup('onion', 3, 6);(4, 0):soup('onion', 3, 20)",0.0,18.0,3,"(-1, 0)",-0.004400000000000049,0.0,0.0,-0.004400000000000049,0.0,18.0,False,"(3, 3)",,"(2, 1)",onion,"(3, 0):soup('onion', 3, 7);(4, 0):soup('onion', 3, 20)","(3, 0):soup('onion', 3, 7);(4, 0):soup('onion', 3, 20)"
39,1,"(0, 1)","(3, 3)","(0, 1)",,"(2, 1)","(-1, 0)",onion,"(3, 0):soup('onion', 3, 7);(4, 0):soup('onion', 3, 20)","(3, 0):soup('onion', 3, 7);(4, 0):soup('onion', 3, 20)",0.0,18.0,1,"(0, 1)",-0.004400000000000049,0.0,0.0,-0.004400000000000049,0.0,18.0,False,"(3, 3)",,"(2, 1)",onion,"(3, 0):soup('onion', 3, 8);(4, 0):soup('onion', 3, 20)","(3, 0):soup('onion', 3, 8);(4, 0):soup('onion', 3, 20)"
40,1,"(0, 1)","(3, 3)","(0, 1)",,"(2, 1)","(0, 1)",onion,"(3, 0):soup('onion', 3, 8);(4, 0):soup('onion', 3, 20)","(3, 0):soup('onion', 3, 8);(4, 0):soup('onion', 3, 20)",0.0,18.0,0,"(0, -1)",-0.004400000000000049,0.0,0.0,-0.004400000000000049,0.0,18.0,False,"(3, 3)",,"(2, 1)",onion,"(3, 0):soup('onion', 3, 9);(4, 0):soup('onion', 3, 20)","(3, 0):soup('onion', 3, 9);(4, 0):soup('onion', 3, 20)"
41,1,"(0, 1)","(3, 3)","(0, 1)",,"(2, 1)","(0, -1)",onion,"(3, 0):soup('onion', 3, 9);(4, 0):soup('onion', 3, 20)","(3, 0):soup('onion', 3, 9);(4, 0):soup('onion', 3, 20)",0.0,18.0,5,interact,-0.004400000000000049,0.0,0.0,-0.004400000000000049,0.0,18.0,False,"(3, 3)",,"(2, 1)",,"(2, 0):onion;(3, 0):soup('onion', 3, 10);(4, 0):soup('onion', 3, 20)","(3, 0):soup('onion', 3, 10);(4, 0):soup('onion', 3, 20)"
42,1,"(0, 1)","(3, 3)","(0, 1)",,"(2, 1)","(0, -1)",,"(2, 0):onion;(3, 0):soup('onion', 3, 10);(4, 0):soup('onion', 3, 20)","(3, 0):soup('onion', 3, 10);(4, 0):soup('onion', 3, 20)",0.0,18.0,3,"(-1, 0)",-0.004400000000000049,0.0,0.0,-0.004400000000000049,0.0,18.0,False,"(3, 3)",,"(1, 1)",,"(2, 0):onion;(3, 0):soup('onion', 3, 11);(4, 0):soup('onion', 3, 20)","(3, 0):soup('onion', 3, 11);(4, 0):soup('onion', 3, 20)"
43,1,"(0, 1)","(3, 3)","(0, 1)",,"(1, 1)","(-1, 0)",,"(2, 0):onion;(3, 0):soup('onion', 3, 11);(4, 0):soup('onion', 3, 20)","(3, 0):soup('onion', 3, 11);(4, 0):soup('onion', 3, 20)",0.0,18.0,1,"(0, 1)",-0.01429999999999998,0.0,0.0,-0.01429999999999998,0.0,18.0,False,"(3, 3)",,"(1, 2)",,"(2, 0):onion;(3, 0):soup('onion', 3, 12);(4, 0):soup('onion', 3, 20)","(3, 0):soup('onion', 3, 12);(4, 0):soup('onion', 3, 20)"
44,1,"(0, 1)","(3, 3)","(0, 1)",,"(1, 2)","(0, 1)",,"(2, 0):onion;(3, 0):soup('onion', 3, 12);(4, 0):soup('onion', 3, 20)","(3, 0):soup('onion', 3, 12);(4, 0):soup('onion', 3, 20)",0.0,18.0,3,"(-1, 0)",-0.014200000000000036,0.0,0.0,-0.014200000000000036,0.0,18.0,False,"(3, 3)",,"(1, 2)",,"(2, 0):onion;(3, 0):soup('onion', 3, 13);(4, 0):soup('onion', 3, 20)","(3, 0):soup('onion', 3, 13);(4, 0):soup('onion', 3, 20)"
45,1,"(0, 1)","(3, 3)","(0, 1)",,"(1, 2)","(-1, 0)",,"(2, 0):onion;(3, 0):soup('onion', 3, 13);(4, 0):soup('onion', 3, 20)","(3, 0):soup('onion', 3, 13);(4, 0):soup('onion', 3, 20)",0.0,18.0,5,interact,3.0453,0.0,3.0,0.045300000000000035,0.0,21.0,False,"(3, 3)",,"(1, 2)",dish,"(2, 0):onion;(3, 0):soup('onion', 3, 14);(4, 0):soup('onion', 3, 20)","(3, 0):soup('onion', 3, 14);(4, 0):soup('onion', 3, 20)"
46,1,"(0, 1)","(3, 3)","(0, 1)",,"(1, 2)","(-1, 0)",dish,"(2, 0):onion;(3, 0):soup('onion', 3, 14);(4, 0):soup('onion', 3, 20)","(3, 0):soup('onion', 3, 14);(4, 0):soup('onion', 3, 20)",0.0,21.0,5,interact,-0.01460000000000008,0.0,0.0,-0.01460000000000008,0.0,21.0,False,"(3, 3)",,"(1, 2)",dish,"(2, 0):onion;(3, 0):soup('onion', 3, 15);(4, 0):soup('onion', 3, 20)","(3, 0):soup('onion', 3, 15);(4, 0):soup('onion', 3, 20)"
47,1,"(0, 1)","(3, 3)","(0, 1)",,"(1, 2)","(-1, 0)",dish,"(2, 0):onion;(3, 0):soup('onion', 3, 15);(4, 0):soup('onion', 3, 20)","(3, 0):soup('onion', 3, 15);(4, 0):soup('onion', 3, 20)",0.0,21.0,5,interact,-0.014499999999999957,0.0,0.0,-0.014499999999999957,0.0,21.0,False,"(3, 3)",,"(1, 2)",dish,"(2, 0):onion;(3, 0):soup('onion', 3, 16);(4, 0):soup('onion', 3, 20)","(3, 0):soup('onion', 3, 16);(4, 0):soup('onion', 3, 20)"
48,1,"(0, 1)","(3, 3)","(0, 1)",,"(1, 2)","(-1, 0)",dish,"(2, 0):onion;(3, 0):soup('onion', 3, 16);(4, 0):soup('onion', 3, 20)","(3, 0):soup('onion', 3, 16);(4, 0):soup('onion', 3, 20)",0.0,21.0,5,interact,-0.014400000000000013,0.0,0.0,-0.014400000000000013,0.0,21.0,False,"(3, 3)",,"(1, 2)",dish,"(2, 0):onion;(3, 0):soup('onion', 3, 17);(4, 0):soup('onion', 3, 20)","(3, 0):soup('onion', 3, 17);(4, 0):soup('onion', 3, 20)"
49,1,"(0, 1)","(3, 3)","(0, 1)",,"(1, 2)","(-1, 0)",dish,"(2, 0):onion;(3, 0):soup('onion', 3, 17);(4, 0):soup('onion', 3, 20)","(3, 0):soup('onion', 3, 17);(4, 0):soup('onion', 3, 20)",0.0,21.0,5,interact,-0.01430000000000007,0.0,0.0,-0.01430000000000007,0.0,21.0,False,"(3, 3)",,"(1, 2)",dish,"(2, 0):onion;(3, 0):soup('onion', 3, 18);(4, 0):soup('onion', 3, 20)","(3, 0):soup('onion', 3, 18);(4, 0):soup('onion', 3, 20)"
50,1,"(0, 1)","(3, 3)","(0, 1)",,"(1, 2)","(-1, 0)",dish,"(2, 0):onion;(3, 0):soup('onion', 3, 18);(4, 0):soup('onion', 3, 20)","(3, 0):soup('onion', 3, 18);(4, 0):soup('onion', 3, 20)",0.0,21.0,5,interact,-0.014199999999999947,0.0,0.0,-0.014199999999999947,0.0,21.0,False,"(3, 3)",,"(1, 2)",dish,"(2, 0):onion;(3, 0):soup('onion', 3, 19);(4, 0):soup('onion', 3, 20)","(3, 0):soup('onion', 3, 19);(4, 0):soup('onion', 3, 20)"
51,1,"(0, 1)","(3, 3)","(0, 1)",,"(1, 2)","(-1, 0)",dish,"(2, 0):onion;(3, 0):soup('onion', 3, 19);(4, 0):soup('onion', 3, 20)","(3, 0):soup('onion', 3, 19);(4, 0):soup('onion', 3, 20)",0.0,21.0,5,interact,0.02549999999999999,0.0,0.0,0.02549999999999999,0.0,21.0,False,"(3, 3)",,"(1, 2)",dish,"(2, 0):onion;(3, 0):soup('onion', 3, 20);(4, 0):soup('onion', 3, 20)","(3, 0):soup('onion', 3, 20);(4, 0):soup('onion', 3, 20)"
52,1,"(0, 1)","(3, 3)","(0, 1)",,"(1, 2)","(-1, 0)",dish,"(2, 0):onion;(3, 0):soup('onion', 3, 20);(4, 0):soup('onion', 3, 20)","(3, 0):soup('onion', 3, 20);(4, 0):soup('onion', 3, 20)",0.0,21.0,0,"(0, -1)",-0.014400000000000013,0.0,0.0,-0.014400000000000013,0.0,21.0,False,"(3, 3)",,"(1, 1)",dish,"(2, 0):onion;(3, 0):soup('onion', 3, 20);(4, 0):soup('onion', 3, 20)","(3, 0):soup('onion', 3, 20);(4, 0):soup('onion', 3, 20)"
53,1,"(0, 1)","(3, 3)","(0, 1)",,"(1, 1)","(0, -1)",dish,"(2, 0):onion;(3, 0):soup('onion', 3, 20);(4, 0):soup('onion', 3, 20)","(3, 0):soup('onion', 3, 20);(4, 0):soup('onion', 3, 20)",0.0,21.0,2,"(1, 0)",-0.01429999999999998,0.0,0.0,-0.01429999999999998,0.0,21.0,False,"(3, 3)",,"(2, 1)",dish,"(2, 0):onion;(3, 0):soup('onion', 3, 20);(4, 0):soup('onion', 3, 20)","(3, 0):soup('onion', 3, 20);(4, 0):soup('onion', 3, 20)"
54,1,"(0, 1)","(3, 3)","(0, 1)",,"(2, 1)","(1, 0)",dish,"(2, 0):onion;(3, 0):soup('onion', 3, 20);(4, 0):soup('onion', 3, 20)","(3, 0):soup('onion', 3, 20);(4, 0):soup('onion', 3, 20)",0.0,21.0,2,"(1, 0)",-0.014200000000000036,0.0,0.0,-0.014200000000000036,0.0,21.0,False,"(3, 3)",,"(3, 1)",dish,"(2, 0):onion;(3, 0):soup('onion', 3, 20);(4, 0):soup('onion', 3, 20)","(3, 0):soup('onion', 3, 20);(4, 0):soup('onion', 3, 20)"
55,1,"(0, 1)","(3, 3)","(0, 1)",,"(3, 1)","(1, 0)",dish,"(2, 0):onion;(3, 0):soup('onion', 3, 20);(4, 0):soup('onion', 3, 20)","(3, 0):soup('onion', 3, 20);(4, 0):soup('onion', 3, 20)",0.0,21.0,0,"(0, -1)",-0.0041999999999999815,0.0,0.0,-0.0041999999999999815,0.0,21.0,False,"(3, 3)",,"(3, 1)",dish,"(2, 0):onion;(3, 0):soup('onion', 3, 20);(4, 0):soup('onion', 3, 20)","(3, 0):soup('onion', 3, 20);(4, 0):soup('onion', 3, 20)"
56,1,"(0, 1)","(3, 3)","(0, 1)",,"(3, 1)","(0, -1)",dish,"(2, 0):onion;(3, 0):soup('onion', 3, 20);(4, 0):soup('onion', 3, 20)","(3, 0):soup('onion', 3, 20);(4, 0):soup('onion', 3, 20)",0.0,21.0,5,interact,5.0453,0.0,5.0,0.04530000000000012,0.0,26.0,False,"(3, 3)",,"(3, 1)","soup('onion', 3, 20)","(2, 0):onion;(4, 0):soup('onion', 3, 20)","(3, 0):empty;(4, 0):soup('onion', 3, 20)"
57,1,"(0, 1)","(3, 3)","(0, 1)",,"(3, 1)","(0, -1)","soup('onion', 3, 20)","(2, 0):onion;(4, 0):soup('onion', 3, 20)","(3, 0):empty;(4, 0):soup('onion', 3, 20)",0.0,26.0,3,"(-1, 0)",-0.01460000000000008,0.0,0.0,-0.01460000000000008,0.0,26.0,False,"(3, 3)",,"(2, 1)","soup('onion', 3, 20)","(2, 0):onion;(4, 0):soup('onion', 3, 20)","(3, 0):empty;(4, 0):soup('onion', 3, 20)"
58,3,"(-1, 0)","(3, 3)","(0, 1)",,"(2, 1)","(-1, 0)","soup('onion', 3, 20)","(2, 0):onion;(4, 0):soup('onion', 3, 20)","(3, 0):empty;(4, 0):soup('onion', 3, 20)",0.0,26.0,1,"(0, 1)",-0.004600000000000027,0.0,0.0,-0.004600000000000027,0.0,26.0,False,"(2, 3)",,"(2, 1)","soup('onion', 3, 20)","(2, 0):onion;(4, 0):soup('onion', 3, 20)","(3, 0):empty;(4, 0):soup('onion', 3, 20)"
59,2,"(1, 0)","(2, 3)","(-1, 0)",,"(2, 1)","(0, 1)","soup('onion', 3, 20)","(2, 0):onion;(4, 0):soup('onion', 3, 20)","(3, 0):empty;(4, 0):soup('onion', 3, 20)",0.0,26.0,5,interact,-0.014499999999999957,0.0,0.0,-0.014499999999999957,0.0,26.0,False,"(3, 3)",,"(2, 1)",,"(2, 0):onion;(2, 2):soup('onion', 3, 20);(4, 0):soup('onion', 3, 20)","(3, 0):empty;(4, 0):soup('onion', 3, 20)"
60,1,"(0, 1)","(3, 3)","(1, 0)",,"(2, 1)","(0, 1)",,"(2, 0):onion;(2, 2):soup('onion', 3, 20);(4, 0):soup('onion', 3, 20)","(3, 0):empty;(4, 0):soup('onion', 3, 20)",0.0,26.0,2,"(1, 0)",-0.004499999999999993,0.0,0.0,-0.004499999999999993,0.0,26.0,False,"(3, 3)",,"(3, 1)",,"(2, 0):onion;(2, 2):soup('onion', 3, 20);(4, 0):soup('onion', 3, 20)","(3, 0):empty;(4, 0):soup('onion', 3, 20)"
61,5,interact,"(3, 3)","(0, 1)",,"(3, 1)","(1, 0)",,"(2, 0):onion;(2, 2):soup('onion', 3, 20);(4, 0):soup('onion', 3, 20)","(3, 0):empty;(4, 0):soup('onion', 3, 20)",0.0,26.0,1,"(0, 1)",-0.004499999999999993,0.0,0.0,-0.004499999999999993,0.0,26.0,False,"(3, 3)",onion,"(3, 1)",,"(2, 0):onion;(2, 2):soup('onion', 3, 20);(4, 0):soup('onion', 3, 20)","(3, 0):empty;(4, 0):soup('onion', 3, 20)"
62,0,"(0, -1)","(3, 3)","(0, 1)",onion,"(3, 1)","(0, 1)",,"(2, 0):onion;(2, 2):soup('onion', 3, 20);(4, 0):soup('onion', 3, 20)","(3, 0):empty;(4, 0):soup('onion', 3, 20)",0.0,26.0,5,interact,-0.004499999999999993,0.0,0.0,-0.004499999999999993,0.0,26.0,False,"(3, 3)",onion,"(3, 1)",,"(2, 0):onion;(2, 2):soup('onion', 3, 20);(4, 0):soup('onion', 3, 20)","(3, 0):empty;(4, 0):soup('onion', 3, 20)"
63,5,interact,"(3, 3)","(0, -1)",onion,"(3, 1)","(0, 1)",,"(2, 0):onion;(2, 2):soup('onion', 3, 20);(4, 0):soup('onion', 3, 20)","(3, 0):empty;(4, 0):soup('onion', 3, 20)",0.0,26.0,5,interact,-0.004499999999999993,0.0,0.0,-0.004499999999999993,0.0,26.0,False,"(3, 3)",,"(3, 1)",onion,"(2, 0):onion;(2, 2):soup('onion', 3, 20);(4, 0):soup('onion', 3, 20)","(3, 0):empty;(4, 0):soup('onion', 3, 20)"
64,1,"(0, 1)","(3, 3)","(0, -1)",,"(3, 1)","(0, 1)",onion,"(2, 0):onion;(2, 2):soup('onion', 3, 20);(4, 0):soup('onion', 3, 20)","(3, 0):empty;(4, 0):soup('onion', 3, 20)",0.0,26.0,0,"(0, -1)",-0.004499999999999993,0.0,0.0,-0.004499999999999993,0.0,26.0,False,"(3, 3)",,"(3, 1)",onion,"(2, 0):onion;(2, 2):soup('onion', 3, 20);(4, 0):soup('onion', 3, 20)","(3, 0):empty;(4, 0):soup('onion', 3, 20)"
65,1,"(0, 1)","(3, 3)","(0, 1)",,"(3, 1)","(0, -1)",onion,"(2, 0):onion;(2, 2):soup('onion', 3, 20);(4, 0):soup('onion', 3, 20)","(3, 0):empty;(4, 0):soup('onion', 3, 20)",0.0,26.0,5,interact,3.0549,0.0,3.0,0.05490000000000004,0.0,29.0,False,"(3, 3)",,"(3, 1)",,"(2, 0):onion;(2, 2):soup('onion', 3, 20);(3, 0):soup('onion', 1, 0);(4, 0):soup('onion', 3, 20)","(3, 0):soup('onion', 1, 0);(4, 0):soup('onion', 3, 20)"
66,5,interact,"(3, 3)","(0, 1)",,"(3, 1)","(0, -1)",,"(2, 0):onion;(2, 2):soup('onion', 3, 20);(3, 0):soup('onion', 1, 0);(4, 0):soup('onion', 3, 20)","(3, 0):soup('onion', 1, 0);(4, 0):soup('onion', 3, 20)",0.0,29.0,1,"(0, 1)",-0.005100000000000016,0.0,0.0,-0.005100000000000016,0.0,29.0,False,"(3, 3)",onion,"(3, 1)",,"(2, 0):onion;(2, 2):soup('onion', 3, 20);(3, 0):soup('onion', 1, 0);(4, 0):soup('onion', 3, 20)","(3, 0):soup('onion', 1, 0);(4, 0):soup('onion', 3, 20)"
67,0,"(0, -1)","(3, 3)","(0, 1)",onion,"(3, 1)","(0, 1)",,"(2, 0):onion;(2, 2):soup('onion', 3, 20);(3, 0):soup('onion', 1, 0);(4, 0):soup('onion', 3, 20)","(3, 0):soup('onion', 1, 0);(4, 0):soup('onion', 3, 20)",0.0,29.0,5,interact,-0.005100000000000016,0.0,0.0,-0.005100000000000016,0.0,29.0,False,"(3, 3)",onion,"(3, 1)",,"(2, 0):onion;(2, 2):soup('onion', 3, 20);(3, 0):soup('onion', 1, 0);(4, 0):soup('onion', 3, 20)","(3, 0):soup('onion', 1, 0);(4, 0):soup('onion', 3, 20)"
68,5,interact,"(3, 3)","(0, -1)",onion,"(3, 1)","(0, 1)",,"(2, 0):onion;(2, 2):soup('onion', 3, 20);(3, 0):soup('onion', 1, 0);(4, 0):soup('onion', 3, 20)","(3, 0):soup('onion', 1, 0);(4, 0):soup('onion', 3, 20)",0.0,29.0,5,interact,-0.005100000000000016,0.0,0.0,-0.005100000000000016,0.0,29.0,False,"(3, 3)",,"(3, 1)",onion,"(2, 0):onion;(2, 2):soup('onion', 3, 20);(3, 0):soup('onion', 1, 0);(4, 0):soup('onion', 3, 20)","(3, 0):soup('onion', 1, 0);(4, 0):soup('onion', 3, 20)"
69,1,"(0, 1)","(3, 3)","(0, -1)",,"(3, 1)","(0, 1)",onion,"(2, 0):onion;(2, 2):soup('onion', 3, 20);(3, 0):soup('onion', 1, 0);(4, 0):soup('onion', 3, 20)","(3, 0):soup('onion', 1, 0);(4, 0):soup('onion', 3, 20)",0.0,29.0,0,"(0, -1)",-0.005100000000000016,0.0,0.0,-0.005100000000000016,0.0,29.0,False,"(3, 3)",,"(3, 1)",onion,"(2, 0):onion;(2, 2):soup('onion', 3, 20);(3, 0):soup('onion', 1, 0);(4, 0):soup('onion', 3, 20)","(3, 0):soup('onion', 1, 0);(4, 0):soup('onion', 3, 20)"
70,1,"(0, 1)","(3, 3)","(0, 1)",,"(3, 1)","(0, -1)",onion,"(2, 0):onion;(2, 2):soup('onion', 3, 20);(3, 0):soup('onion', 1, 0);(4, 0):soup('onion', 3, 20)","(3, 0):soup('onion', 1, 0);(4, 0):soup('onion', 3, 20)",0.0,29.0,5,interact,3.0543,0.0,3.0,0.05429999999999993,0.0,32.0,False,"(3, 3)",,"(3, 1)",,"(2, 0):onion;(2, 2):soup('onion', 3, 20);(3, 0):soup('onion', 2, 0);(4, 0):soup('onion', 3, 20)","(3, 0):soup('onion', 2, 0);(4, 0):soup('onion', 3, 20)"
71,5,interact,"(3, 3)","(0, 1)",,"(3, 1)","(0, -1)",,"(2, 0):onion;(2, 2):soup('onion', 3, 20);(3, 0):soup('onion', 2, 0);(4, 0):soup('onion', 3, 20)","(3, 0):soup('onion', 2, 0);(4, 0):soup('onion', 3, 20)",0.0,32.0,1,"(0, 1)",-0.005700000000000038,0.0,0.0,-0.005700000000000038,0.0,32.0,False,"(3, 3)",onion,"(3, 1)",,"(2, 0):onion;(2, 2):soup('onion', 3, 20);(3, 0):soup('onion', 2, 0);(4, 0):soup('onion', 3, 20)","(3, 0):soup('onion', 2, 0);(4, 0):soup('onion', 3, 20)"
72,0,"(0, -1)","(3, 3)","(0, 1)",onion,"(3, 1)","(0, 1)",,"(2, 0):onion;(2, 2):soup('onion', 3, 20);(3, 0):soup('onion', 2, 0);(4, 0):soup('onion', 3, 20)","(3, 0):soup('onion', 2, 0);(4, 0):soup('onion', 3, 20)",0.0,32.0,5,interact,-0.005700000000000038,0.0,0.0,-0.005700000000000038,0.0,32.0,False,"(3, 3)",onion,"(3, 1)",,"(2, 0):onion;(2, 2):soup('onion', 3, 20);(3, 0):soup('onion', 2, 0);(4, 0):soup('onion', 3, 20)","(3, 0):soup('onion', 2, 0);(4, 0):soup('onion', 3, 20)"
73,5,interact,"(3, 3)","(0, -1)",onion,"(3, 1)","(0, 1)",,"(2, 0):onion;(2, 2):soup('onion', 3, 20);(3, 0):soup('onion', 2, 0);(4, 0):soup('onion', 3, 20)","(3, 0):soup('onion', 2, 0);(4, 0):soup('onion', 3, 20)",0.0,32.0,5,interact,-0.005700000000000038,0.0,0.0,-0.005700000000000038,0.0,32.0,False,"(3, 3)",,"(3, 1)",onion,"(2, 0):onion;(2, 2):soup('onion', 3, 20);(3, 0):soup('onion', 2, 0);(4, 0):soup('onion', 3, 20)","(3, 0):soup('onion', 2, 0);(4, 0):soup('onion', 3, 20)"
74,1,"(0, 1)","(3, 3)","(0, -1)",,"(3, 1)","(0, 1)",onion,"(2, 0):onion;(2, 2):soup('onion', 3, 20);(3, 0):soup('onion', 2, 0);(4, 0):soup('onion', 3, 20)","(3, 0):soup('onion', 2, 0);(4, 0):soup('onion', 3, 20)",0.0,32.0,0,"(0, -1)",-0.005700000000000038,0.0,0.0,-0.005700000000000038,0.0,32.0,False,"(3, 3)",,"(3, 1)",onion,"(2, 0):onion;(2, 2):soup('onion', 3, 20);(3, 0):soup('onion', 2, 0);(4, 0):soup('onion', 3, 20)","(3, 0):soup('onion', 2, 0);(4, 0):soup('onion', 3, 20)"
75,1,"(0, 1)","(3, 3)","(0, 1)",,"(3, 1)","(0, -1)",onion,"(2, 0):onion;(2, 2):soup('onion', 3, 20);(3, 0):soup('onion', 2, 0);(4, 0):soup('onion', 3, 20)","(3, 0):soup('onion', 2, 0);(4, 0):soup('onion', 3, 20)",0.0,32.0,5,interact,3.0735,0.0,3.0,0.07350000000000004,0.0,35.0,False,"(3, 3)",,"(3, 1)",,"(2, 0):onion;(2, 2):soup('onion', 3, 20);(3, 0):soup('onion', 3, 1);(4, 0):soup('onion', 3, 20)","(3, 0):soup('onion', 3, 1);(4, 0):soup('onion', 3, 20)"
76,1,"(0, 1)","(3, 3)","(0, 1)",,"(3, 1)","(0, -1)",,"(2, 0):onion;(2, 2):soup('onion', 3, 20);(3, 0):soup('onion', 3, 1);(4, 0):soup('onion', 3, 20)","(3, 0):soup('onion', 3, 1);(4, 0):soup('onion', 3, 20)",0.0,35.0,3,"(-1, 0)",-0.00650000000000004,0.0,0.0,-0.00650000000000004,0.0,35.0,False,"(3, 3)",,"(2, 1)",,"(2, 0):onion;(2, 2):soup('onion', 3, 20);(3, 0):soup('onion', 3, 2);(4, 0):soup('onion', 3, 20)","(3, 0):soup('onion', 3, 2);(4, 0):soup('onion', 3, 20)"
77,1,"(0, 1)","(3, 3)","(0, 1)",,"(2, 1)","(-1, 0)",,"(2, 0):onion;(2, 2):soup('onion', 3, 20);(3, 0):soup('onion', 3, 2);(4, 0):soup('onion', 3, 20)","(3, 0):soup('onion', 3, 2);(4, 0):soup('onion', 3, 20)",0.0,35.0,1,"(0, 1)",-0.00650000000000004,0.0,0.0,-0.00650000000000004,0.0,35.0,False,"(3, 3)",,"(2, 1)",,"(2, 0):onion;(2, 2):soup('onion', 3, 20);(3, 0):soup('onion', 3, 3);(4, 0):soup('onion', 3, 20)","(3, 0):soup('onion', 3, 3);(4, 0):soup('onion', 3, 20)"
78,1,"(0, 1)","(3, 3)","(0, 1)",,"(2, 1)","(0, 1)",,"(2, 0):onion;(2, 2):soup('onion', 3, 20);(3, 0):soup('onion', 3, 3);(4, 0):soup('onion', 3, 20)","(3, 0):soup('onion', 3, 3);(4, 0):soup('onion', 3, 20)",0.0,35.0,3,"(-1, 0)",-0.00650000000000004,0.0,0.0,-0.00650000000000004,0.0,35.0,False,"(3, 3)",,"(1, 1)",,"(2, 0):onion;(2, 2):soup('onion', 3, 20);(3, 0):soup('onion', 3, 4);(4, 0):soup('onion', 3, 20)","(3, 0):soup('onion', 3, 4);(4, 0):soup('onion', 3, 20)"
79,1,"(0, 1)","(3, 3)","(0, 1)",,"(1, 1)","(-1, 0)",,"(2, 0):onion;(2, 2):soup('onion', 3, 20);(3, 0):soup('onion', 3, 4);(4, 0):soup('onion', 3, 20)","(3, 0):soup('onion', 3, 4);(4, 0):soup('onion', 3, 20)",0.0,35.0,1,"(0, 1)",-0.00650000000000004,0.0,0.0,-0.00650000000000004,0.0,35.0,False,"(3, 3)",,"(1, 2)",,"(2, 0):onion;(2, 2):soup('onion', 3, 20);(3, 0):soup('onion', 3, 5);(4, 0):soup('onion', 3, 20)","(3, 0):soup('onion', 3, 5);(4, 0):soup('onion', 3, 20)"
80,1,"(0, 1)","(3, 3)","(0, 1)",,"(1, 2)","(0, 1)",,"(2, 0):onion;(2, 2):soup('onion', 3, 20);(3, 0):soup('onion', 3, 5);(4, 0):soup('onion', 3, 20)","(3, 0):soup('onion', 3, 5);(4, 0):soup('onion', 3, 20)",0.0,35.0,3,"(-1, 0)",-0.00650000000000004,0.0,0.0,-0.00650000000000004,0.0,35.0,False,"(3, 3)",,"(1, 2)",,"(2, 0):onion;(2, 2):soup('onion', 3, 20);(3, 0):soup('onion', 3, 6);(4, 0):soup('onion', 3, 20)","(3, 0):soup('onion', 3, 6);(4, 0):soup('onion', 3, 20)"
81,1,"(0, 1)","(3, 3)","(0, 1)",,"(1, 2)","(-1, 0)",,"(2, 0):onion;(2, 2):soup('onion', 3, 20);(3, 0):soup('onion', 3, 6);(4, 0):soup('onion', 3, 20)","(3, 0):soup('onion', 3, 6);(4, 0):soup('onion', 3, 20)",0.0,35.0,5,interact,3.0529,0.0,3.0,0.052899999999999996,0.0,38.0,False,"(3, 3)",,"(1, 2)",dish,"(2, 0):onion;(2, 2):soup('onion', 3, 20);(3, 0):soup('onion', 3, 7);(4, 0):soup('onion', 3, 20)","(3, 0):soup('onion', 3, 7);(4, 0):soup('onion', 3, 20)"
82,1,"(0, 1)","(3, 3)","(0, 1)",,"(1, 2)","(-1, 0)",dish,"(2, 0):onion;(2, 2):soup('onion', 3, 20);(3, 0):soup('onion', 3, 7);(4, 0):soup('onion', 3, 20)","(3, 0):soup('onion', 3, 7);(4, 0):soup('onion', 3, 20)",0.0,38.0,5,interact,-0.0070999999999999735,0.0,0.0,-0.0070999999999999735,0.0,38.0,False,"(3, 3)",,"(1, 2)",dish,"(2, 0):onion;(2, 2):soup('onion', 3, 20);(3, 0):soup('onion', 3, 8);(4, 0):soup('onion', 3, 20)","(3, 0):soup('onion', 3, 8);(4, 0):soup('onion', 3, 20)"
83,1,"(0, 1)","(3, 3)","(0, 1)",,"(1, 2)","(-1, 0)",dish,"(2, 0):onion;(2, 2):soup('onion', 3, 20);(3, 0):soup('onion', 3, 8);(4, 0):soup('onion', 3, 20)","(3, 0):soup('onion', 3, 8);(4, 0):soup('onion', 3, 20)",0.0,38.0,5,interact,-0.0070999999999999735,0.0,0.0,-0.0070999999999999735,0.0,38.0,False,"(3, 3)",,"(1, 2)",dish,"(2, 0):onion;(2, 2):soup('onion', 3, 20);(3, 0):soup('onion', 3, 9);(4, 0):soup('onion', 3, 20)","(3, 0):soup('onion', 3, 9);(4, 0):soup('onion', 3, 20)"
84,1,"(0, 1)","(3, 3)","(0, 1)",,"(1, 2)","(-1, 0)",dish,"(2, 0):onion;(2, 2):soup('onion', 3, 20);(3, 0):soup('onion', 3, 9);(4, 0):soup('onion', 3, 20)","(3, 0):soup('onion', 3, 9);(4, 0):soup('onion', 3, 20)",0.0,38.0,5,interact,-0.0070999999999999735,0.0,0.0,-0.0070999999999999735,0.0,38.0,False,"(3, 3)",,"(1, 2)",dish,"(2, 0):onion;(2, 2):soup('onion', 3, 20);(3, 0):soup('onion', 3, 10);(4, 0):soup('onion', 3, 20)","(3, 0):soup('onion', 3, 10);(4, 0):soup('onion', 3, 20)"
85,1,"(0, 1)","(3, 3)","(0, 1)",,"(1, 2)","(-1, 0)",dish,"(2, 0):onion;(2, 2):soup('onion', 3, 20);(3, 0):soup('onion', 3, 10);(4, 0):soup('onion', 3, 20)","(3, 0):soup('onion', 3, 10);(4, 0):soup('onion', 3, 20)",0.0,38.0,5,interact,-0.0070999999999999735,0.0,0.0,-0.0070999999999999735,0.0,38.0,False,"(3, 3)",,"(1, 2)",dish,"(2, 0):onion;(2, 2):soup('onion', 3, 20);(3, 0):soup('onion', 3, 11);(4, 0):soup('onion', 3, 20)","(3, 0):soup('onion', 3, 11);(4, 0):soup('onion', 3, 20)"
86,1,"(0, 1)","(3, 3)","(0, 1)",,"(1, 2)","(-1, 0)",dish,"(2, 0):onion;(2, 2):soup('onion', 3, 20);(3, 0):soup('onion', 3, 11);(4, 0):soup('onion', 3, 20)","(3, 0):soup('onion', 3, 11);(4, 0):soup('onion', 3, 20)",0.0,38.0,5,interact,-0.0070999999999999735,0.0,0.0,-0.0070999999999999735,0.0,38.0,False,"(3, 3)",,"(1, 2)",dish,"(2, 0):onion;(2, 2):soup('onion', 3, 20);(3, 0):soup('onion', 3, 12);(4, 0):soup('onion', 3, 20)","(3, 0):soup('onion', 3, 12);(4, 0):soup('onion', 3, 20)"
87,1,"(0, 1)","(3, 3)","(0, 1)",,"(1, 2)","(-1, 0)",dish,"(2, 0):onion;(2, 2):soup('onion', 3, 20);(3, 0):soup('onion', 3, 12);(4, 0):soup('onion', 3, 20)","(3, 0):soup('onion', 3, 12);(4, 0):soup('onion', 3, 20)",0.0,38.0,5,interact,-0.0070999999999999735,0.0,0.0,-0.0070999999999999735,0.0,38.0,False,"(3, 3)",,"(1, 2)",dish,"(2, 0):onion;(2, 2):soup('onion', 3, 20);(3, 0):soup('onion', 3, 13);(4, 0):soup('onion', 3, 20)","(3, 0):soup('onion', 3, 13);(4, 0):soup('onion', 3, 20)"
88,1,"(0, 1)","(3, 3)","(0, 1)",,"(1, 2)","(-1, 0)",dish,"(2, 0):onion;(2, 2):soup('onion', 3, 20);(3, 0):soup('onion', 3, 13);(4, 0):soup('onion', 3, 20)","(3, 0):soup('onion', 3, 13);(4, 0):soup('onion', 3, 20)",0.0,38.0,5,interact,-0.0070999999999999735,0.0,0.0,-0.0070999999999999735,0.0,38.0,False,"(3, 3)",,"(1, 2)",dish,"(2, 0):onion;(2, 2):soup('onion', 3, 20);(3, 0):soup('onion', 3, 14);(4, 0):soup('onion', 3, 20)","(3, 0):soup('onion', 3, 14);(4, 0):soup('onion', 3, 20)"
89,1,"(0, 1)","(3, 3)","(0, 1)",,"(1, 2)","(-1, 0)",dish,"(2, 0):onion;(2, 2):soup('onion', 3, 20);(3, 0):soup('onion', 3, 14);(4, 0):soup('onion', 3, 20)","(3, 0):soup('onion', 3, 14);(4, 0):soup('onion', 3, 20)",0.0,38.0,5,interact,-0.0070999999999999735,0.0,0.0,-0.0070999999999999735,0.0,38.0,False,"(3, 3)",,"(1, 2)",dish,"(2, 0):onion;(2, 2):soup('onion', 3, 20);(3, 0):soup('onion', 3, 15);(4, 0):soup('onion', 3, 20)","(3, 0):soup('onion', 3, 15);(4, 0):soup('onion', 3, 20)"
90,1,"(0, 1)","(3, 3)","(0, 1)",,"(1, 2)","(-1, 0)",dish,"(2, 0):onion;(2, 2):soup('onion', 3, 20);(3, 0):soup('onion', 3, 15);(4, 0):soup('onion', 3, 20)","(3, 0):soup('onion', 3, 15);(4, 0):soup('onion', 3, 20)",0.0,38.0,5,interact,-0.0070999999999999735,0.0,0.0,-0.0070999999999999735,0.0,38.0,False,"(3, 3)",,"(1, 2)",dish,"(2, 0):onion;(2, 2):soup('onion', 3, 20);(3, 0):soup('onion', 3, 16);(4, 0):soup('onion', 3, 20)","(3, 0):soup('onion', 3, 16);(4, 0):soup('onion', 3, 20)"
91,1,"(0, 1)","(3, 3)","(0, 1)",,"(1, 2)","(-1, 0)",dish,"(2, 0):onion;(2, 2):soup('onion', 3, 20);(3, 0):soup('onion', 3, 16);(4, 0):soup('onion', 3, 20)","(3, 0):soup('onion', 3, 16);(4, 0):soup('onion', 3, 20)",0.0,38.0,5,interact,-0.0070999999999999735,0.0,0.0,-0.0070999999999999735,0.0,38.0,False,"(3, 3)",,"(1, 2)",dish,"(2, 0):onion;(2, 2):soup('onion', 3, 20);(3, 0):soup('onion', 3, 17);(4, 0):soup('onion', 3, 20)","(3, 0):soup('onion', 3, 17);(4, 0):soup('onion', 3, 20)"
92,1,"(0, 1)","(3, 3)","(0, 1)",,"(1, 2)","(-1, 0)",dish,"(2, 0):onion;(2, 2):soup('onion', 3, 20);(3, 0):soup('onion', 3, 17);(4, 0):soup('onion', 3, 20)","(3, 0):soup('onion', 3, 17);(4, 0):soup('onion', 3, 20)",0.0,38.0,5,interact,-0.0070999999999999735,0.0,0.0,-0.0070999999999999735,0.0,38.0,False,"(3, 3)",,"(1, 2)",dish,"(2, 0):onion;(2, 2):soup('onion', 3, 20);(3, 0):soup('onion', 3, 18);(4, 0):soup('onion', 3, 20)","(3, 0):soup('onion', 3, 18);(4, 0):soup('onion', 3, 20)"
93,1,"(0, 1)","(3, 3)","(0, 1)",,"(1, 2)","(-1, 0)",dish,"(2, 0):onion;(2, 2):soup('onion', 3, 20);(3, 0):soup('onion', 3, 18);(4, 0):soup('onion', 3, 20)","(3, 0):soup('onion', 3, 18);(4, 0):soup('onion', 3, 20)",0.0,38.0,5,interact,-0.0070999999999999735,0.0,0.0,-0.0070999999999999735,0.0,38.0,False,"(3, 3)",,"(1, 2)",dish,"(2, 0):onion;(2, 2):soup('onion', 3, 20);(3, 0):soup('onion', 3, 19);(4, 0):soup('onion', 3, 20)","(3, 0):soup('onion', 3, 19);(4, 0):soup('onion', 3, 20)"
94,1,"(0, 1)","(3, 3)","(0, 1)",,"(1, 2)","(-1, 0)",dish,"(2, 0):onion;(2, 2):soup('onion', 3, 20);(3, 0):soup('onion', 3, 19);(4, 0):soup('onion', 3, 20)","(3, 0):soup('onion', 3, 19);(4, 0):soup('onion', 3, 20)",0.0,38.0,5,interact,0.03249999999999984,0.0,0.0,0.03249999999999984,0.0,38.0,False,"(3, 3)",,"(1, 2)",dish,"(2, 0):onion;(2, 2):soup('onion', 3, 20);(3, 0):soup('onion', 3, 20);(4, 0):soup('onion', 3, 20)","(3, 0):soup('onion', 3, 20);(4, 0):soup('onion', 3, 20)"
95,1,"(0, 1)","(3, 3)","(0, 1)",,"(1, 2)","(-1, 0)",dish,"(2, 0):onion;(2, 2):soup('onion', 3, 20);(3, 0):soup('onion', 3, 20);(4, 0):soup('onion', 3, 20)","(3, 0):soup('onion', 3, 20);(4, 0):soup('onion', 3, 20)",0.0,38.0,0,"(0, -1)",-0.007500000000000018,0.0,0.0,-0.007500000000000018,0.0,38.0,False,"(3, 3)",,"(1, 1)",dish,"(2, 0):onion;(2, 2):soup('onion', 3, 20);(3, 0):soup('onion', 3, 20);(4, 0):soup('onion', 3, 20)","(3, 0):soup('onion', 3, 20);(4, 0):soup('onion', 3, 20)"
96,1,"(0, 1)","(3, 3)","(0, 1)",,"(1, 1)","(0, -1)",dish,"(2, 0):onion;(2, 2):soup('onion', 3, 20);(3, 0):soup('onion', 3, 20);(4, 0):soup('onion', 3, 20)","(3, 0):soup('onion', 3, 20);(4, 0):soup('onion', 3, 20)",0.0,38.0,2,"(1, 0)",-0.007500000000000018,0.0,0.0,-0.007500000000000018,0.0,38.0,False,"(3, 3)",,"(2, 1)",dish,"(2, 0):onion;(2, 2):soup('onion', 3, 20);(3, 0):soup('onion', 3, 20);(4, 0):soup('onion', 3, 20)","(3, 0):soup('onion', 3, 20);(4, 0):soup('onion', 3, 20)"
97,1,"(0, 1)","(3, 3)","(0, 1)",,"(2, 1)","(1, 0)",dish,"(2, 0):onion;(2, 2):soup('onion', 3, 20);(3, 0):soup('onion', 3, 20);(4, 0):soup('onion', 3, 20)","(3, 0):soup('onion', 3, 20);(4, 0):soup('onion', 3, 20)",0.0,38.0,2,"(1, 0)",-0.007500000000000018,0.0,0.0,-0.007500000000000018,0.0,38.0,False,"(3, 3)",,"(3, 1)",dish,"(2, 0):onion;(2, 2):soup('onion', 3, 20);(3, 0):soup('onion', 3, 20);(4, 0):soup('onion', 3, 20)","(3, 0):soup('onion', 3, 20);(4, 0):soup('onion', 3, 20)"
98,1,"(0, 1)","(3, 3)","(0, 1)",,"(3, 1)","(1, 0)",dish,"(2, 0):onion;(2, 2):soup('onion', 3, 20);(3, 0):soup('onion', 3, 20);(4, 0):soup('onion', 3, 20)","(3, 0):soup('onion', 3, 20);(4, 0):soup('onion', 3, 20)",0.0,38.0,0,"(0, -1)",-0.007500000000000018,0.0,0.0,-0.007500000000000018,0.0,38.0,False,"(3, 3)",,"(3, 1)",dish,"(2, 0):onion;(2, 2):soup('onion', 3, 20);(3, 0):soup('onion', 3, 20);(4, 0):soup('onion', 3, 20)","(3, 0):soup('onion', 3, 20);(4, 0):soup('onion', 3, 20)"
99,1,"(0, 1)","(3, 3)","(0, 1)",,"(3, 1)","(0, -1)",dish,"(2, 0):onion;(2, 2):soup('onion', 3, 20);(3, 0):soup('onion', 3, 20);(4, 0):soup('onion', 3, 20)","(3, 0):soup('onion', 3, 20);(4, 0):soup('onion', 3, 20)",0.0,38.0,5,interact,5.042,0.0,5.0,0.042000000000000086,0.0,43.0,False,"(3, 3)",,"(3, 1)","soup('onion', 3, 20)","(2, 0):onion;(2, 2):soup('onion', 3, 20);(4, 0):soup('onion', 3, 20)","(3, 0):empty;(4, 0):soup('onion', 3, 20)"
100,1,"(0, 1)","(3, 3)","(0, 1)",,"(3, 1)","(0, -1)","soup('onion', 3, 20)","(2, 0):onion;(2, 2):soup('onion', 3, 20);(4, 0):soup('onion', 3, 20)","(3, 0):empty;(4, 0):soup('onion', 3, 20)",0.0,43.0,3,"(-1, 0)",-0.017900000000000027,0.0,0.0,-0.017900000000000027,0.0,43.0,False,"(3, 3)",,"(2, 1)","soup('onion', 3, 20)","(2, 0):onion;(2, 2):soup('onion', 3, 20);(4, 0):soup('onion', 3, 20)","(3, 0):empty;(4, 0):soup('onion', 3, 20)"
101,3,"(-1, 0)","(3, 3)","(0, 1)",,"(2, 1)","(-1, 0)","soup('onion', 3, 20)","(2, 0):onion;(2, 2):soup('onion', 3, 20);(4, 0):soup('onion', 3, 20)","(3, 0):empty;(4, 0):soup('onion', 3, 20)",0.0,43.0,1,"(0, 1)",-0.007899999999999975,0.0,0.0,-0.007899999999999975,0.0,43.0,False,"(2, 3)",,"(2, 1)","soup('onion', 3, 20)","(2, 0):onion;(2, 2):soup('onion', 3, 20);(4, 0):soup('onion', 3, 20)","(3, 0):empty;(4, 0):soup('onion', 3, 20)"
102,2,"(1, 0)","(2, 3)","(-1, 0)",,"(2, 1)","(0, 1)","soup('onion', 3, 20)","(2, 0):onion;(2, 2):soup('onion', 3, 20);(4, 0):soup('onion', 3, 20)","(3, 0):empty;(4, 0):soup('onion', 3, 20)",0.0,43.0,5,interact,-0.007899999999999975,0.0,0.0,-0.007899999999999975,0.0,43.0,False,"(3, 3)",,"(2, 1)","soup('onion', 3, 20)","(2, 0):onion;(2, 2):soup('onion', 3, 20);(4, 0):soup('onion', 3, 20)","(3, 0):empty;(4, 0):soup('onion', 3, 20)"
103,1,"(0, 1)","(3, 3)","(1, 0)",,"(2, 1)","(0, 1)","soup('onion', 3, 20)","(2, 0):onion;(2, 2):soup('onion', 3, 20);(4, 0):soup('onion', 3, 20)","(3, 0):empty;(4, 0):soup('onion', 3, 20)",0.0,43.0,1,"(0, 1)",-0.007899999999999975,0.0,0.0,-0.007899999999999975,0.0,43.0,False,"(3, 3)",,"(2, 1)","soup('onion', 3, 20)","(2, 0):onion;(2, 2):soup('onion', 3, 20);(4, 0):soup('onion', 3, 20)","(3, 0):empty;(4, 0):soup('onion', 3, 20)"
104,1,"(0, 1)","(3, 3)","(0, 1)",,"(2, 1)","(0, 1)","soup('onion', 3, 20)","(2, 0):onion;(2, 2):soup('onion', 3, 20);(4, 0):soup('onion', 3, 20)","(3, 0):empty;(4, 0):soup('onion', 3, 20)",0.0,43.0,0,"(0, -1)",-0.007899999999999975,0.0,0.0,-0.007899999999999975,0.0,43.0,False,"(3, 3)",,"(2, 1)","soup('onion', 3, 20)","(2, 0):onion;(2, 2):soup('onion', 3, 20);(4, 0):soup('onion', 3, 20)","(3, 0):empty;(4, 0):soup('onion', 3, 20)"
105,1,"(0, 1)","(3, 3)","(0, 1)",,"(2, 1)","(0, -1)","soup('onion', 3, 20)","(2, 0):onion;(2, 2):soup('onion', 3, 20);(4, 0):soup('onion', 3, 20)","(3, 0):empty;(4, 0):soup('onion', 3, 20)",0.0,43.0,5,interact,-0.013839999999999898,0.0,0.0,-0.013839999999999898,0.0,43.0,False,"(3, 3)",,"(2, 1)","soup('onion', 3, 20)","(2, 0):onion;(2, 2):soup('onion', 3, 20);(4, 0):soup('onion', 3, 20)","(3, 0):empty;(4, 0):soup('onion', 3, 20)"
106,1,"(0, 1)","(3, 3)","(0, 1)",,"(2, 1)","(0, -1)","soup('onion', 3, 20)","(2, 0):onion;(2, 2):soup('onion', 3, 20);(4, 0):soup('onion', 3, 20)","(3, 0):empty;(4, 0):soup('onion', 3, 20)",0.0,43.0,5,interact,-0.013780000000000037,0.0,0.0,-0.013780000000000037,0.0,43.0,False,"(3, 3)",,"(2, 1)","soup('onion', 3, 20)","(2, 0):onion;(2, 2):soup('onion', 3, 20);(4, 0):soup('onion', 3, 20)","(3, 0):empty;(4, 0):soup('onion', 3, 20)"
107,1,"(0, 1)","(3, 3)","(0, 1)",,"(2, 1)","(0, -1)","soup('onion', 3, 20)","(2, 0):onion;(2, 2):soup('onion', 3, 20);(4, 0):soup('onion', 3, 20)","(3, 0):empty;(4, 0):soup('onion', 3, 20)",0.0,43.0,5,interact,-0.013720000000000088,0.0,0.0,-0.013720000000000088,0.0,43.0,False,"(3, 3)",,"(2, 1)","soup('onion', 3, 20)","(2, 0):onion;(2, 2):soup('onion', 3, 20);(4, 0):soup('onion', 3, 20)","(3, 0):empty;(4, 0):soup('onion', 3, 20)"
108,1,"(0, 1)","(3, 3)","(0, 1)",,"(2, 1)","(0, -1)","soup('onion', 3, 20)","(2, 0):onion;(2, 2):soup('onion', 3, 20);(4, 0):soup('onion', 3, 20)","(3, 0):empty;(4, 0):soup('onion', 3, 20)",0.0,43.0,5,interact,-0.01366000000000005,0.0,0.0,-0.01366000000000005,0.0,43.0,False,"(3, 3)",,"(2, 1)","soup('onion', 3, 20)","(2, 0):onion;(2, 2):soup('onion', 3, 20);(4, 0):soup('onion', 3, 20)","(3, 0):empty;(4, 0):soup('onion', 3, 20)"
109,1,"(0, 1)","(3, 3)","(0, 1)",,"(2, 1)","(0, -1)","soup('onion', 3, 20)","(2, 0):onion;(2, 2):soup('onion', 3, 20);(4, 0):soup('onion', 3, 20)","(3, 0):empty;(4, 0):soup('onion', 3, 20)",0.0,43.0,5,interact,-0.013599999999999925,0.0,0.0,-0.013599999999999925,0.0,43.0,False,"(3, 3)",,"(2, 1)","soup('onion', 3, 20)","(2, 0):onion;(2, 2):soup('onion', 3, 20);(4, 0):soup('onion', 3, 20)","(3, 0):empty;(4, 0):soup('onion', 3, 20)"
110,1,"(0, 1)","(3, 3)","(0, 1)",,"(2, 1)","(0, -1)","soup('onion', 3, 20)","(2, 0):onion;(2, 2):soup('onion', 3, 20);(4, 0):soup('onion', 3, 20)","(3, 0):empty;(4, 0):soup('onion', 3, 20)",0.0,43.0,5,interact,-0.013540000000000064,0.0,0.0,-0.013540000000000064,0.0,43.0,False,"(3, 3)",,"(2, 1)","soup('onion', 3, 20)","(2, 0):onion;(2, 2):soup('onion', 3, 20);(4, 0):soup('onion', 3, 20)","(3, 0):empty;(4, 0):soup('onion', 3, 20)"
111,1,"(0, 1)","(3, 3)","(0, 1)",,"(2, 1)","(0, -1)","soup('onion', 3, 20)","(2, 0):onion;(2, 2):soup('onion', 3, 20);(4, 0):soup('onion', 3, 20)","(3, 0):empty;(4, 0):soup('onion', 3, 20)",0.0,43.0,5,interact,-0.013480000000000027,0.0,0.0,-0.013480000000000027,0.0,43.0,False,"(3, 3)",,"(2, 1)","soup('onion', 3, 20)","(2, 0):onion;(2, 2):soup('onion', 3, 20);(4, 0):soup('onion', 3, 20)","(3, 0):empty;(4, 0):soup('onion', 3, 20)"
112,1,"(0, 1)","(3, 3)","(0, 1)",,"(2, 1)","(0, -1)","soup('onion', 3, 20)","(2, 0):onion;(2, 2):soup('onion', 3, 20);(4, 0):soup('onion', 3, 20)","(3, 0):empty;(4, 0):soup('onion', 3, 20)",0.0,43.0,5,interact,-0.013420000000000078,0.0,0.0,-0.013420000000000078,0.0,43.0,False,"(3, 3)",,"(2, 1)","soup('onion', 3, 20)","(2, 0):onion;(2, 2):soup('onion', 3, 20);(4, 0):soup('onion', 3, 20)","(3, 0):empty;(4, 0):soup('onion', 3, 20)"
113,1,"(0, 1)","(3, 3)","(0, 1)",,"(2, 1)","(0, -1)","soup('onion', 3, 20)","(2, 0):onion;(2, 2):soup('onion', 3, 20);(4, 0):soup('onion', 3, 20)","(3, 0):empty;(4, 0):soup('onion', 3, 20)",0.0,43.0,5,interact,-0.013359999999999862,0.0,0.0,-0.013359999999999862,0.0,43.0,False,"(3, 3)",,"(2, 1)","soup('onion', 3, 20)","(2, 0):onion;(2, 2):soup('onion', 3, 20);(4, 0):soup('onion', 3, 20)","(3, 0):empty;(4, 0):soup('onion', 3, 20)"
114,1,"(0, 1)","(3, 3)","(0, 1)",,"(2, 1)","(0, -1)","soup('onion', 3, 20)","(2, 0):onion;(2, 2):soup('onion', 3, 20);(4, 0):soup('onion', 3, 20)","(3, 0):empty;(4, 0):soup('onion', 3, 20)",0.0,43.0,5,interact,-0.01330000000000009,0.0,0.0,-0.01330000000000009,0.0,43.0,False,"(3, 3)",,"(2, 1)","soup('onion', 3, 20)","(2, 0):onion;(2, 2):soup('onion', 3, 20);(4, 0):soup('onion', 3, 20)","(3, 0):empty;(4, 0):soup('onion', 3, 20)"
115,1,"(0, 1)","(3, 3)","(0, 1)",,"(2, 1)","(0, -1)","soup('onion', 3, 20)","(2, 0):onion;(2, 2):soup('onion', 3, 20);(4, 0):soup('onion', 3, 20)","(3, 0):empty;(4, 0):soup('onion', 3, 20)",0.0,43.0,5,interact,-0.013240000000000052,0.0,0.0,-0.013240000000000052,0.0,43.0,False,"(3, 3)",,"(2, 1)","soup('onion', 3, 20)","(2, 0):onion;(2, 2):soup('onion', 3, 20);(4, 0):soup('onion', 3, 20)","(3, 0):empty;(4, 0):soup('onion', 3, 20)"
116,1,"(0, 1)","(3, 3)","(0, 1)",,"(2, 1)","(0, -1)","soup('onion', 3, 20)","(2, 0):onion;(2, 2):soup('onion', 3, 20);(4, 0):soup('onion', 3, 20)","(3, 0):empty;(4, 0):soup('onion', 3, 20)",0.0,43.0,5,interact,-0.013179999999999838,0.0,0.0,-0.013179999999999838,0.0,43.0,False,"(3, 3)",,"(2, 1)","soup('onion', 3, 20)","(2, 0):onion;(2, 2):soup('onion', 3, 20);(4, 0):soup('onion', 3, 20)","(3, 0):empty;(4, 0):soup('onion', 3, 20)"
117,1,"(0, 1)","(3, 3)","(0, 1)",,"(2, 1)","(0, -1)","soup('onion', 3, 20)","(2, 0):onion;(2, 2):soup('onion', 3, 20);(4, 0):soup('onion', 3, 20)","(3, 0):empty;(4, 0):soup('onion', 3, 20)",0.0,43.0,5,interact,-0.013120000000000066,0.0,0.0,-0.013120000000000066,0.0,43.0,False,"(3, 3)",,"(2, 1)","soup('onion', 3, 20)","(2, 0):onion;(2, 2):soup('onion', 3, 20);(4, 0):soup('onion', 3, 20)","(3, 0):empty;(4, 0):soup('onion', 3, 20)"
118,1,"(0, 1)","(3, 3)","(0, 1)",,"(2, 1)","(0, -1)","soup('onion', 3, 20)","(2, 0):onion;(2, 2):soup('onion', 3, 20);(4, 0):soup('onion', 3, 20)","(3, 0):empty;(4, 0):soup('onion', 3, 20)",0.0,43.0,5,interact,-0.009099999999999931,0.0,0.0,-0.009099999999999931,0.0,43.0,False,"(3, 3)",,"(2, 1)","soup('onion', 3, 20)","(2, 0):onion;(2, 2):soup('onion', 3, 20);(4, 0):soup('onion', 3, 20)","(3, 0):empty;(4, 0):soup('onion', 3, 20)"
119,1,"(0, 1)","(3, 3)","(0, 1)",,"(2, 1)","(0, -1)","soup('onion', 3, 20)","(2, 0):onion;(2, 2):soup('onion', 3, 20);(4, 0):soup('onion', 3, 20)","(3, 0):empty;(4, 0):soup('onion', 3, 20)",0.0,43.0,5,interact,-0.0070999999999999735,0.0,0.0,-0.0070999999999999735,0.0,43.0,False,"(3, 3)",,"(2, 1)","soup('onion', 3, 20)","(2, 0):onion;(2, 2):soup('onion', 3, 20);(4, 0):soup('onion', 3, 20)","(3, 0):empty;(4, 0):soup('onion', 3, 20)"
120,1,"(0, 1)","(3, 3)","(0, 1)",,"(2, 1)","(0, -1)","soup('onion', 3, 20)","(2, 0):onion;(2, 2):soup('onion', 3, 20);(4, 0):soup('onion', 3, 20)","(3, 0):empty;(4, 0):soup('onion', 3, 20)",0.0,43.0,5,interact,-0.0070999999999999735,0.0,0.0,-0.0070999999999999735,0.0,43.0,False,"(3, 3)",,"(2, 1)","soup('onion', 3, 20)","(2, 0):onion;(2, 2):soup('onion', 3, 20);(4, 0):soup('onion', 3, 20)","(3, 0):empty;(4, 0):soup('onion', 3, 20)"
121,1,"(0, 1)","(3, 3)","(0, 1)",,"(2, 1)","(0, -1)","soup('onion', 3, 20)","(2, 0):onion;(2, 2):soup('onion', 3, 20);(4, 0):soup('onion', 3, 20)","(3, 0):empty;(4, 0):soup('onion', 3, 20)",0.0,43.0,5,interact,-0.0070999999999999735,0.0,0.0,-0.0070999999999999735,0.0,43.0,False,"(3, 3)",,"(2, 1)","soup('onion', 3, 20)","(2, 0):onion;(2, 2):soup('onion', 3, 20);(4, 0):soup('onion', 3, 20)","(3, 0):empty;(4, 0):soup('onion', 3, 20)"
122,1,"(0, 1)","(3, 3)","(0, 1)",,"(2, 1)","(0, -1)","soup('onion', 3, 20)","(2, 0):onion;(2, 2):soup('onion', 3, 20);(4, 0):soup('onion', 3, 20)","(3, 0):empty;(4, 0):soup('onion', 3, 20)",0.0,43.0,5,interact,-0.0070999999999999735,0.0,0.0,-0.0070999999999999735,0.0,43.0,False,"(3, 3)",,"(2, 1)","soup('onion', 3, 20)","(2, 0):onion;(2, 2):soup('onion', 3, 20);(4, 0):soup('onion', 3, 20)","(3, 0):empty;(4, 0):soup('onion', 3, 20)"
123,1,"(0, 1)","(3, 3)","(0, 1)",,"(2, 1)","(0, -1)","soup('onion', 3, 20)","(2, 0):onion;(2, 2):soup('onion', 3, 20);(4, 0):soup('onion', 3, 20)","(3, 0):empty;(4, 0):soup('onion', 3, 20)",0.0,43.0,5,interact,-0.0070999999999999735,0.0,0.0,-0.0070999999999999735,0.0,43.0,False,"(3, 3)",,"(2, 1)","soup('onion', 3, 20)","(2, 0):onion;(2, 2):soup('onion', 3, 20);(4, 0):soup('onion', 3, 20)","(3, 0):empty;(4, 0):soup('onion', 3, 20)"
124,1,"(0, 1)","(3, 3)","(0, 1)",,"(2, 1)","(0, -1)","soup('onion', 3, 20)","(2, 0):onion;(2, 2):soup('onion', 3, 20);(4, 0):soup('onion', 3, 20)","(3, 0):empty;(4, 0):soup('onion', 3, 20)",0.0,43.0,5,interact,-0.0070999999999999735,0.0,0.0,-0.0070999999999999735,0.0,43.0,False,"(3, 3)",,"(2, 1)","soup('onion', 3, 20)","(2, 0):onion;(2, 2):soup('onion', 3, 20);(4, 0):soup('onion', 3, 20)","(3, 0):empty;(4, 0):soup('onion', 3, 20)"
125,1,"(0, 1)","(3, 3)","(0, 1)",,"(2, 1)","(0, -1)","soup('onion', 3, 20)","(2, 0):onion;(2, 2):soup('onion', 3, 20);(4, 0):soup('onion', 3, 20)","(3, 0):empty;(4, 0):soup('onion', 3, 20)",0.0,43.0,5,interact,-0.0070999999999999735,0.0,0.0,-0.0070999999999999735,0.0,43.0,False,"(3, 3)",,"(2, 1)","soup('onion', 3, 20)","(2, 0):onion;(2, 2):soup('onion', 3, 20);(4, 0):soup('onion', 3, 20)","(3, 0):empty;(4, 0):soup('onion', 3, 20)"
126,1,"(0, 1)","(3, 3)","(0, 1)",,"(2, 1)","(0, -1)","soup('onion', 3, 20)","(2, 0):onion;(2, 2):soup('onion', 3, 20);(4, 0):soup('onion', 3, 20)","(3, 0):empty;(4, 0):soup('onion', 3, 20)",0.0,43.0,5,interact,-0.0070999999999999735,0.0,0.0,-0.0070999999999999735,0.0,43.0,False,"(3, 3)",,"(2, 1)","soup('onion', 3, 20)","(2, 0):onion;(2, 2):soup('onion', 3, 20);(4, 0):soup('onion', 3, 20)","(3, 0):empty;(4, 0):soup('onion', 3, 20)"
127,1,"(0, 1)","(3, 3)","(0, 1)",,"(2, 1)","(0, -1)","soup('onion', 3, 20)","(2, 0):onion;(2, 2):soup('onion', 3, 20);(4, 0):soup('onion', 3, 20)","(3, 0):empty;(4, 0):soup('onion', 3, 20)",0.0,43.0,5,interact,-0.0070999999999999735,0.0,0.0,-0.0070999999999999735,0.0,43.0,False,"(3, 3)",,"(2, 1)","soup('onion', 3, 20)","(2, 0):onion;(2, 2):soup('onion', 3, 20);(4, 0):soup('onion', 3, 20)","(3, 0):empty;(4, 0):soup('onion', 3, 20)"
128,1,"(0, 1)","(3, 3)","(0, 1)",,"(2, 1)","(0, -1)","soup('onion', 3, 20)","(2, 0):onion;(2, 2):soup('onion', 3, 20);(4, 0):soup('onion', 3, 20)","(3, 0):empty;(4, 0):soup('onion', 3, 20)",0.0,43.0,5,interact,-0.0070999999999999735,0.0,0.0,-0.0070999999999999735,0.0,43.0,False,"(3, 3)",,"(2, 1)","soup('onion', 3, 20)","(2, 0):onion;(2, 2):soup('onion', 3, 20);(4, 0):soup('onion', 3, 20)","(3, 0):empty;(4, 0):soup('onion', 3, 20)"
129,1,"(0, 1)","(3, 3)","(0, 1)",,"(2, 1)","(0, -1)","soup('onion', 3, 20)","(2, 0):onion;(2, 2):soup('onion', 3, 20);(4, 0):soup('onion', 3, 20)","(3, 0):empty;(4, 0):soup('onion', 3, 20)",0.0,43.0,5,interact,-0.0070999999999999735,0.0,0.0,-0.0070999999999999735,0.0,43.0,False,"(3, 3)",,"(2, 1)","soup('onion', 3, 20)","(2, 0):onion;(2, 2):soup('onion', 3, 20);(4, 0):soup('onion', 3, 20)","(3, 0):empty;(4, 0):soup('onion', 3, 20)"
130,1,"(0, 1)","(3, 3)","(0, 1)",,"(2, 1)","(0, -1)","soup('onion', 3, 20)","(2, 0):onion;(2, 2):soup('onion', 3, 20);(4, 0):soup('onion', 3, 20)","(3, 0):empty;(4, 0):soup('onion', 3, 20)",0.0,43.0,5,interact,-0.0070999999999999735,0.0,0.0,-0.0070999999999999735,0.0,43.0,False,"(3, 3)",,"(2, 1)","soup('onion', 3, 20)","(2, 0):onion;(2, 2):soup('onion', 3, 20);(4, 0):soup('onion', 3, 20)","(3, 0):empty;(4, 0):soup('onion', 3, 20)"
131,1,"(0, 1)","(3, 3)","(0, 1)",,"(2, 1)","(0, -1)","soup('onion', 3, 20)","(2, 0):onion;(2, 2):soup('onion', 3, 20);(4, 0):soup('onion', 3, 20)","(3, 0):empty;(4, 0):soup('onion', 3, 20)",0.0,43.0,5,interact,-0.0070999999999999735,0.0,0.0,-0.0070999999999999735,0.0,43.0,False,"(3, 3)",,"(2, 1)","soup('onion', 3, 20)","(2, 0):onion;(2, 2):soup('onion', 3, 20);(4, 0):soup('onion', 3, 20)","(3, 0):empty;(4, 0):soup('onion', 3, 20)"
132,1,"(0, 1)","(3, 3)","(0, 1)",,"(2, 1)","(0, -1)","soup('onion', 3, 20)","(2, 0):onion;(2, 2):soup('onion', 3, 20);(4, 0):soup('onion', 3, 20)","(3, 0):empty;(4, 0):soup('onion', 3, 20)",0.0,43.0,5,interact,-0.0070999999999999735,0.0,0.0,-0.0070999999999999735,0.0,43.0,False,"(3, 3)",,"(2, 1)","soup('onion', 3, 20)","(2, 0):onion;(2, 2):soup('onion', 3, 20);(4, 0):soup('onion', 3, 20)","(3, 0):empty;(4, 0):soup('onion', 3, 20)"
133,1,"(0, 1)","(3, 3)","(0, 1)",,"(2, 1)","(0, -1)","soup('onion', 3, 20)","(2, 0):onion;(2, 2):soup('onion', 3, 20);(4, 0):soup('onion', 3, 20)","(3, 0):empty;(4, 0):soup('onion', 3, 20)",0.0,43.0,5,interact,-0.0070999999999999735,0.0,0.0,-0.0070999999999999735,0.0,43.0,False,"(3, 3)",,"(2, 1)","soup('onion', 3, 20)","(2, 0):onion;(2, 2):soup('onion', 3, 20);(4, 0):soup('onion', 3, 20)","(3, 0):empty;(4, 0):soup('onion', 3, 20)"
134,1,"(0, 1)","(3, 3)","(0, 1)",,"(2, 1)","(0, -1)","soup('onion', 3, 20)","(2, 0):onion;(2, 2):soup('onion', 3, 20);(4, 0):soup('onion', 3, 20)","(3, 0):empty;(4, 0):soup('onion', 3, 20)",0.0,43.0,5,interact,-0.0070999999999999735,0.0,0.0,-0.0070999999999999735,0.0,43.0,False,"(3, 3)",,"(2, 1)","soup('onion', 3, 20)","(2, 0):onion;(2, 2):soup('onion', 3, 20);(4, 0):soup('onion', 3, 20)","(3, 0):empty;(4, 0):soup('onion', 3, 20)"
135,1,"(0, 1)","(3, 3)","(0, 1)",,"(2, 1)","(0, -1)","soup('onion', 3, 20)","(2, 0):onion;(2, 2):soup('onion', 3, 20);(4, 0):soup('onion', 3, 20)","(3, 0):empty;(4, 0):soup('onion', 3, 20)",0.0,43.0,5,interact,-0.0070999999999999735,0.0,0.0,-0.0070999999999999735,0.0,43.0,False,"(3, 3)",,"(2, 1)","soup('onion', 3, 20)","(2, 0):onion;(2, 2):soup('onion', 3, 20);(4, 0):soup('onion', 3, 20)","(3, 0):empty;(4, 0):soup('onion', 3, 20)"
136,1,"(0, 1)","(3, 3)","(0, 1)",,"(2, 1)","(0, -1)","soup('onion', 3, 20)","(2, 0):onion;(2, 2):soup('onion', 3, 20);(4, 0):soup('onion', 3, 20)","(3, 0):empty;(4, 0):soup('onion', 3, 20)",0.0,43.0,5,interact,-0.0070999999999999735,0.0,0.0,-0.0070999999999999735,0.0,43.0,False,"(3, 3)",,"(2, 1)","soup('onion', 3, 20)","(2, 0):onion;(2, 2):soup('onion', 3, 20);(4, 0):soup('onion', 3, 20)","(3, 0):empty;(4, 0):soup('onion', 3, 20)"
137,1,"(0, 1)","(3, 3)","(0, 1)",,"(2, 1)","(0, -1)","soup('onion', 3, 20)","(2, 0):onion;(2, 2):soup('onion', 3, 20);(4, 0):soup('onion', 3, 20)","(3, 0):empty;(4, 0):soup('onion', 3, 20)",0.0,43.0,5,interact,-0.0070999999999999735,0.0,0.0,-0.0070999999999999735,0.0,43.0,False,"(3, 3)",,"(2, 1)","soup('onion', 3, 20)","(2, 0):onion;(2, 2):soup('onion', 3, 20);(4, 0):soup('onion', 3, 20)","(3, 0):empty;(4, 0):soup('onion', 3, 20)"
138,1,"(0, 1)","(3, 3)","(0, 1)",,"(2, 1)","(0, -1)","soup('onion', 3, 20)","(2, 0):onion;(2, 2):soup('onion', 3, 20);(4, 0):soup('onion', 3, 20)","(3, 0):empty;(4, 0):soup('onion', 3, 20)",0.0,43.0,5,interact,-0.0070999999999999735,0.0,0.0,-0.0070999999999999735,0.0,43.0,False,"(3, 3)",,"(2, 1)","soup('onion', 3, 20)","(2, 0):onion;(2, 2):soup('onion', 3, 20);(4, 0):soup('onion', 3, 20)","(3, 0):empty;(4, 0):soup('onion', 3, 20)"
139,1,"(0, 1)","(3, 3)","(0, 1)",,"(2, 1)","(0, -1)","soup('onion', 3, 20)","(2, 0):onion;(2, 2):soup('onion', 3, 20);(4, 0):soup('onion', 3, 20)","(3, 0):empty;(4, 0):soup('onion', 3, 20)",0.0,43.0,5,interact,-0.0070999999999999735,0.0,0.0,-0.0070999999999999735,0.0,43.0,False,"(3, 3)",,"(2, 1)","soup('onion', 3, 20)","(2, 0):onion;(2, 2):soup('onion', 3, 20);(4, 0):soup('onion', 3, 20)","(3, 0):empty;(4, 0):soup('onion', 3, 20)"
140,1,"(0, 1)","(3, 3)","(0, 1)",,"(2, 1)","(0, -1)","soup('onion', 3, 20)","(2, 0):onion;(2, 2):soup('onion', 3, 20);(4, 0):soup('onion', 3, 20)","(3, 0):empty;(4, 0):soup('onion', 3, 20)",0.0,43.0,5,interact,-0.0070999999999999735,0.0,0.0,-0.0070999999999999735,0.0,43.0,False,"(3, 3)",,"(2, 1)","soup('onion', 3, 20)","(2, 0):onion;(2, 2):soup('onion', 3, 20);(4, 0):soup('onion', 3, 20)","(3, 0):empty;(4, 0):soup('onion', 3, 20)"
141,1,"(0, 1)","(3, 3)","(0, 1)",,"(2, 1)","(0, -1)","soup('onion', 3, 20)","(2, 0):onion;(2, 2):soup('onion', 3, 20);(4, 0):soup('onion', 3, 20)","(3, 0):empty;(4, 0):soup('onion', 3, 20)",0.0,43.0,5,interact,-0.0070999999999999735,0.0,0.0,-0.0070999999999999735,0.0,43.0,False,"(3, 3)",,"(2, 1)","soup('onion', 3, 20)","(2, 0):onion;(2, 2):soup('onion', 3, 20);(4, 0):soup('onion', 3, 20)","(3, 0):empty;(4, 0):soup('onion', 3, 20)"
142,1,"(0, 1)","(3, 3)","(0, 1)",,"(2, 1)","(0, -1)","soup('onion', 3, 20)","(2, 0):onion;(2, 2):soup('onion', 3, 20);(4, 0):soup('onion', 3, 20)","(3, 0):empty;(4, 0):soup('onion', 3, 20)",0.0,43.0,5,interact,-0.0070999999999999735,0.0,0.0,-0.0070999999999999735,0.0,43.0,False,"(3, 3)",,"(2, 1)","soup('onion', 3, 20)","(2, 0):onion;(2, 2):soup('onion', 3, 20);(4, 0):soup('onion', 3, 20)","(3, 0):empty;(4, 0):soup('onion', 3, 20)"
143,1,"(0, 1)","(3, 3)","(0, 1)",,"(2, 1)","(0, -1)","soup('onion', 3, 20)","(2, 0):onion;(2, 2):soup('onion', 3, 20);(4, 0):soup('onion', 3, 20)","(3, 0):empty;(4, 0):soup('onion', 3, 20)",0.0,43.0,5,interact,-0.0070999999999999735,0.0,0.0,-0.0070999999999999735,0.0,43.0,False,"(3, 3)",,"(2, 1)","soup('onion', 3, 20)","(2, 0):onion;(2, 2):soup('onion', 3, 20);(4, 0):soup('onion', 3, 20)","(3, 0):empty;(4, 0):soup('onion', 3, 20)"
144,1,"(0, 1)","(3, 3)","(0, 1)",,"(2, 1)","(0, -1)","soup('onion', 3, 20)","(2, 0):onion;(2, 2):soup('onion', 3, 20);(4, 0):soup('onion', 3, 20)","(3, 0):empty;(4, 0):soup('onion', 3, 20)",0.0,43.0,5,interact,-0.0070999999999999735,0.0,0.0,-0.0070999999999999735,0.0,43.0,False,"(3, 3)",,"(2, 1)","soup('onion', 3, 20)","(2, 0):onion;(2, 2):soup('onion', 3, 20);(4, 0):soup('onion', 3, 20)","(3, 0):empty;(4, 0):soup('onion', 3, 20)"
145,1,"(0, 1)","(3, 3)","(0, 1)",,"(2, 1)","(0, -1)","soup('onion', 3, 20)","(2, 0):onion;(2, 2):soup('onion', 3, 20);(4, 0):soup('onion', 3, 20)","(3, 0):empty;(4, 0):soup('onion', 3, 20)",0.0,43.0,5,interact,-0.0070999999999999735,0.0,0.0,-0.0070999999999999735,0.0,43.0,False,"(3, 3)",,"(2, 1)","soup('onion', 3, 20)","(2, 0):onion;(2, 2):soup('onion', 3, 20);(4, 0):soup('onion', 3, 20)","(3, 0):empty;(4, 0):soup('onion', 3, 20)"
146,1,"(0, 1)","(3, 3)","(0, 1)",,"(2, 1)","(0, -1)","soup('onion', 3, 20)","(2, 0):onion;(2, 2):soup('onion', 3, 20);(4, 0):soup('onion', 3, 20)","(3, 0):empty;(4, 0):soup('onion', 3, 20)",0.0,43.0,5,interact,-0.0070999999999999735,0.0,0.0,-0.0070999999999999735,0.0,43.0,False,"(3, 3)",,"(2, 1)","soup('onion', 3, 20)","(2, 0):onion;(2, 2):soup('onion', 3, 20);(4, 0):soup('onion', 3, 20)","(3, 0):empty;(4, 0):soup('onion', 3, 20)"
147,1,"(0, 1)","(3, 3)","(0, 1)",,"(2, 1)","(0, -1)","soup('onion', 3, 20)","(2, 0):onion;(2, 2):soup('onion', 3, 20);(4, 0):soup('onion', 3, 20)","(3, 0):empty;(4, 0):soup('onion', 3, 20)",0.0,43.0,5,interact,-0.0070999999999999735,0.0,0.0,-0.0070999999999999735,0.0,43.0,False,"(3, 3)",,"(2, 1)","soup('onion', 3, 20)","(2, 0):onion;(2, 2):soup('onion', 3, 20);(4, 0):soup('onion', 3, 20)","(3, 0):empty;(4, 0):soup('onion', 3, 20)"
148,1,"(0, 1)","(3, 3)","(0, 1)",,"(2, 1)","(0, -1)","soup('onion', 3, 20)","(2, 0):onion;(2, 2):soup('onion', 3, 20);(4, 0):soup('onion', 3, 20)","(3, 0):empty;(4, 0):soup('onion', 3, 20)",0.0,43.0,5,interact,-0.0070999999999999735,0.0,0.0,-0.0070999999999999735,0.0,43.0,False,"(3, 3)",,"(2, 1)","soup('onion', 3, 20)","(2, 0):onion;(2, 2):soup('onion', 3, 20);(4, 0):soup('onion', 3, 20)","(3, 0):empty;(4, 0):soup('onion', 3, 20)"
149,1,"(0, 1)","(3, 3)","(0, 1)",,"(2, 1)","(0, -1)","soup('onion', 3, 20)","(2, 0):onion;(2, 2):soup('onion', 3, 20);(4, 0):soup('onion', 3, 20)","(3, 0):empty;(4, 0):soup('onion', 3, 20)",0.0,43.0,5,interact,-0.0070999999999999735,0.0,0.0,-0.0070999999999999735,0.0,43.0,False,"(3, 3)",,"(2, 1)","soup('onion', 3, 20)","(2, 0):onion;(2, 2):soup('onion', 3, 20);(4, 0):soup('onion', 3, 20)","(3, 0):empty;(4, 0):soup('onion', 3, 20)"
150,1,"(0, 1)","(3, 3)","(0, 1)",,"(2, 1)","(0, -1)","soup('onion', 3, 20)","(2, 0):onion;(2, 2):soup('onion', 3, 20);(4, 0):soup('onion', 3, 20)","(3, 0):empty;(4, 0):soup('onion', 3, 20)",0.0,43.0,5,interact,-0.0070999999999999735,0.0,0.0,-0.0070999999999999735,0.0,43.0,False,"(3, 3)",,"(2, 1)","soup('onion', 3, 20)","(2, 0):onion;(2, 2):soup('onion', 3, 20);(4, 0):soup('onion', 3, 20)","(3, 0):empty;(4, 0):soup('onion', 3, 20)"
151,1,"(0, 1)","(3, 3)","(0, 1)",,"(2, 1)","(0, -1)","soup('onion', 3, 20)","(2, 0):onion;(2, 2):soup('onion', 3, 20);(4, 0):soup('onion', 3, 20)","(3, 0):empty;(4, 0):soup('onion', 3, 20)",0.0,43.0,5,interact,-0.0070999999999999735,0.0,0.0,-0.0070999999999999735,0.0,43.0,False,"(3, 3)",,"(2, 1)","soup('onion', 3, 20)","(2, 0):onion;(2, 2):soup('onion', 3, 20);(4, 0):soup('onion', 3, 20)","(3, 0):empty;(4, 0):soup('onion', 3, 20)"
152,1,"(0, 1)","(3, 3)","(0, 1)",,"(2, 1)","(0, -1)","soup('onion', 3, 20)","(2, 0):onion;(2, 2):soup('onion', 3, 20);(4, 0):soup('onion', 3, 20)","(3, 0):empty;(4, 0):soup('onion', 3, 20)",0.0,43.0,5,interact,-0.0070999999999999735,0.0,0.0,-0.0070999999999999735,0.0,43.0,False,"(3, 3)",,"(2, 1)","soup('onion', 3, 20)","(2, 0):onion;(2, 2):soup('onion', 3, 20);(4, 0):soup('onion', 3, 20)","(3, 0):empty;(4, 0):soup('onion', 3, 20)"
153,1,"(0, 1)","(3, 3)","(0, 1)",,"(2, 1)","(0, -1)","soup('onion', 3, 20)","(2, 0):onion;(2, 2):soup('onion', 3, 20);(4, 0):soup('onion', 3, 20)","(3, 0):empty;(4, 0):soup('onion', 3, 20)",0.0,43.0,5,interact,-0.0070999999999999735,0.0,0.0,-0.0070999999999999735,0.0,43.0,False,"(3, 3)",,"(2, 1)","soup('onion', 3, 20)","(2, 0):onion;(2, 2):soup('onion', 3, 20);(4, 0):soup('onion', 3, 20)","(3, 0):empty;(4, 0):soup('onion', 3, 20)"
154,1,"(0, 1)","(3, 3)","(0, 1)",,"(2, 1)","(0, -1)","soup('onion', 3, 20)","(2, 0):onion;(2, 2):soup('onion', 3, 20);(4, 0):soup('onion', 3, 20)","(3, 0):empty;(4, 0):soup('onion', 3, 20)",0.0,43.0,5,interact,-0.0070999999999999735,0.0,0.0,-0.0070999999999999735,0.0,43.0,False,"(3, 3)",,"(2, 1)","soup('onion', 3, 20)","(2, 0):onion;(2, 2):soup('onion', 3, 20);(4, 0):soup('onion', 3, 20)","(3, 0):empty;(4, 0):soup('onion', 3, 20)"
155,1,"(0, 1)","(3, 3)","(0, 1)",,"(2, 1)","(0, -1)","soup('onion', 3, 20)","(2, 0):onion;(2, 2):soup('onion', 3, 20);(4, 0):soup('onion', 3, 20)","(3, 0):empty;(4, 0):soup('onion', 3, 20)",0.0,43.0,5,interact,-0.0070999999999999735,0.0,0.0,-0.0070999999999999735,0.0,43.0,False,"(3, 3)",,"(2, 1)","soup('onion', 3, 20)","(2, 0):onion;(2, 2):soup('onion', 3, 20);(4, 0):soup('onion', 3, 20)","(3, 0):empty;(4, 0):soup('onion', 3, 20)"
156,1,"(0, 1)","(3, 3)","(0, 1)",,"(2, 1)","(0, -1)","soup('onion', 3, 20)","(2, 0):onion;(2, 2):soup('onion', 3, 20);(4, 0):soup('onion', 3, 20)","(3, 0):empty;(4, 0):soup('onion', 3, 20)",0.0,43.0,5,interact,-0.0070999999999999735,0.0,0.0,-0.0070999999999999735,0.0,43.0,False,"(3, 3)",,"(2, 1)","soup('onion', 3, 20)","(2, 0):onion;(2, 2):soup('onion', 3, 20);(4, 0):soup('onion', 3, 20)","(3, 0):empty;(4, 0):soup('onion', 3, 20)"
157,1,"(0, 1)","(3, 3)","(0, 1)",,"(2, 1)","(0, -1)","soup('onion', 3, 20)","(2, 0):onion;(2, 2):soup('onion', 3, 20);(4, 0):soup('onion', 3, 20)","(3, 0):empty;(4, 0):soup('onion', 3, 20)",0.0,43.0,5,interact,-0.0070999999999999735,0.0,0.0,-0.0070999999999999735,0.0,43.0,False,"(3, 3)",,"(2, 1)","soup('onion', 3, 20)","(2, 0):onion;(2, 2):soup('onion', 3, 20);(4, 0):soup('onion', 3, 20)","(3, 0):empty;(4, 0):soup('onion', 3, 20)"
158,1,"(0, 1)","(3, 3)","(0, 1)",,"(2, 1)","(0, -1)","soup('onion', 3, 20)","(2, 0):onion;(2, 2):soup('onion', 3, 20);(4, 0):soup('onion', 3, 20)","(3, 0):empty;(4, 0):soup('onion', 3, 20)",0.0,43.0,5,interact,-0.0070999999999999735,0.0,0.0,-0.0070999999999999735,0.0,43.0,False,"(3, 3)",,"(2, 1)","soup('onion', 3, 20)","(2, 0):onion;(2, 2):soup('onion', 3, 20);(4, 0):soup('onion', 3, 20)","(3, 0):empty;(4, 0):soup('onion', 3, 20)"
159,1,"(0, 1)","(3, 3)","(0, 1)",,"(2, 1)","(0, -1)","soup('onion', 3, 20)","(2, 0):onion;(2, 2):soup('onion', 3, 20);(4, 0):soup('onion', 3, 20)","(3, 0):empty;(4, 0):soup('onion', 3, 20)",0.0,43.0,5,interact,-0.0070999999999999735,0.0,0.0,-0.0070999999999999735,0.0,43.0,False,"(3, 3)",,"(2, 1)","soup('onion', 3, 20)","(2, 0):onion;(2, 2):soup('onion', 3, 20);(4, 0):soup('onion', 3, 20)","(3, 0):empty;(4, 0):soup('onion', 3, 20)"
160,1,"(0, 1)","(3, 3)","(0, 1)",,"(2, 1)","(0, -1)","soup('onion', 3, 20)","(2, 0):onion;(2, 2):soup('onion', 3, 20);(4, 0):soup('onion', 3, 20)","(3, 0):empty;(4, 0):soup('onion', 3, 20)",0.0,43.0,5,interact,-0.0070999999999999735,0.0,0.0,-0.0070999999999999735,0.0,43.0,False,"(3, 3)",,"(2, 1)","soup('onion', 3, 20)","(2, 0):onion;(2, 2):soup('onion', 3, 20);(4, 0):soup('onion', 3, 20)","(3, 0):empty;(4, 0):soup('onion', 3, 20)"
161,1,"(0, 1)","(3, 3)","(0, 1)",,"(2, 1)","(0, -1)","soup('onion', 3, 20)","(2, 0):onion;(2, 2):soup('onion', 3, 20);(4, 0):soup('onion', 3, 20)","(3, 0):empty;(4, 0):soup('onion', 3, 20)",0.0,43.0,5,interact,-0.0070999999999999735,0.0,0.0,-0.0070999999999999735,0.0,43.0,False,"(3, 3)",,"(2, 1)","soup('onion', 3, 20)","(2, 0):onion;(2, 2):soup('onion', 3, 20);(4, 0):soup('onion', 3, 20)","(3, 0):empty;(4, 0):soup('onion', 3, 20)"
162,1,"(0, 1)","(3, 3)","(0, 1)",,"(2, 1)","(0, -1)","soup('onion', 3, 20)","(2, 0):onion;(2, 2):soup('onion', 3, 20);(4, 0):soup('onion', 3, 20)","(3, 0):empty;(4, 0):soup('onion', 3, 20)",0.0,43.0,5,interact,-0.0070999999999999735,0.0,0.0,-0.0070999999999999735,0.0,43.0,False,"(3, 3)",,"(2, 1)","soup('onion', 3, 20)","(2, 0):onion;(2, 2):soup('onion', 3, 20);(4, 0):soup('onion', 3, 20)","(3, 0):empty;(4, 0):soup('onion', 3, 20)"
163,1,"(0, 1)","(3, 3)","(0, 1)",,"(2, 1)","(0, -1)","soup('onion', 3, 20)","(2, 0):onion;(2, 2):soup('onion', 3, 20);(4, 0):soup('onion', 3, 20)","(3, 0):empty;(4, 0):soup('onion', 3, 20)",0.0,43.0,5,interact,-0.0070999999999999735,0.0,0.0,-0.0070999999999999735,0.0,43.0,False,"(3, 3)",,"(2, 1)","soup('onion', 3, 20)","(2, 0):onion;(2, 2):soup('onion', 3, 20);(4, 0):soup('onion', 3, 20)","(3, 0):empty;(4, 0):soup('onion', 3, 20)"
164,1,"(0, 1)","(3, 3)","(0, 1)",,"(2, 1)","(0, -1)","soup('onion', 3, 20)","(2, 0):onion;(2, 2):soup('onion', 3, 20);(4, 0):soup('onion', 3, 20)","(3, 0):empty;(4, 0):soup('onion', 3, 20)",0.0,43.0,5,interact,-0.0070999999999999735,0.0,0.0,-0.0070999999999999735,0.0,43.0,False,"(3, 3)",,"(2, 1)","soup('onion', 3, 20)","(2, 0):onion;(2, 2):soup('onion', 3, 20);(4, 0):soup('onion', 3, 20)","(3, 0):empty;(4, 0):soup('onion', 3, 20)"
165,1,"(0, 1)","(3, 3)","(0, 1)",,"(2, 1)","(0, -1)","soup('onion', 3, 20)","(2, 0):onion;(2, 2):soup('onion', 3, 20);(4, 0):soup('onion', 3, 20)","(3, 0):empty;(4, 0):soup('onion', 3, 20)",0.0,43.0,5,interact,-0.0070999999999999735,0.0,0.0,-0.0070999999999999735,0.0,43.0,False,"(3, 3)",,"(2, 1)","soup('onion', 3, 20)","(2, 0):onion;(2, 2):soup('onion', 3, 20);(4, 0):soup('onion', 3, 20)","(3, 0):empty;(4, 0):soup('onion', 3, 20)"
166,1,"(0, 1)","(3, 3)","(0, 1)",,"(2, 1)","(0, -1)","soup('onion', 3, 20)","(2, 0):onion;(2, 2):soup('onion', 3, 20);(4, 0):soup('onion', 3, 20)","(3, 0):empty;(4, 0):soup('onion', 3, 20)",0.0,43.0,5,interact,-0.0070999999999999735,0.0,0.0,-0.0070999999999999735,0.0,43.0,False,"(3, 3)",,"(2, 1)","soup('onion', 3, 20)","(2, 0):onion;(2, 2):soup('onion', 3, 20);(4, 0):soup('onion', 3, 20)","(3, 0):empty;(4, 0):soup('onion', 3, 20)"
167,1,"(0, 1)","(3, 3)","(0, 1)",,"(2, 1)","(0, -1)","soup('onion', 3, 20)","(2, 0):onion;(2, 2):soup('onion', 3, 20);(4, 0):soup('onion', 3, 20)","(3, 0):empty;(4, 0):soup('onion', 3, 20)",0.0,43.0,5,interact,-0.0070999999999999735,0.0,0.0,-0.0070999999999999735,0.0,43.0,False,"(3, 3)",,"(2, 1)","soup('onion', 3, 20)","(2, 0):onion;(2, 2):soup('onion', 3, 20);(4, 0):soup('onion', 3, 20)","(3, 0):empty;(4, 0):soup('onion', 3, 20)"
168,1,"(0, 1)","(3, 3)","(0, 1)",,"(2, 1)","(0, -1)","soup('onion', 3, 20)","(2, 0):onion;(2, 2):soup('onion', 3, 20);(4, 0):soup('onion', 3, 20)","(3, 0):empty;(4, 0):soup('onion', 3, 20)",0.0,43.0,5,interact,-0.0070999999999999735,0.0,0.0,-0.0070999999999999735,0.0,43.0,False,"(3, 3)",,"(2, 1)","soup('onion', 3, 20)","(2, 0):onion;(2, 2):soup('onion', 3, 20);(4, 0):soup('onion', 3, 20)","(3, 0):empty;(4, 0):soup('onion', 3, 20)"
169,1,"(0, 1)","(3, 3)","(0, 1)",,"(2, 1)","(0, -1)","soup('onion', 3, 20)","(2, 0):onion;(2, 2):soup('onion', 3, 20);(4, 0):soup('onion', 3, 20)","(3, 0):empty;(4, 0):soup('onion', 3, 20)",0.0,43.0,5,interact,-0.0070999999999999735,0.0,0.0,-0.0070999999999999735,0.0,43.0,False,"(3, 3)",,"(2, 1)","soup('onion', 3, 20)","(2, 0):onion;(2, 2):soup('onion', 3, 20);(4, 0):soup('onion', 3, 20)","(3, 0):empty;(4, 0):soup('onion', 3, 20)"
170,1,"(0, 1)","(3, 3)","(0, 1)",,"(2, 1)","(0, -1)","soup('onion', 3, 20)","(2, 0):onion;(2, 2):soup('onion', 3, 20);(4, 0):soup('onion', 3, 20)","(3, 0):empty;(4, 0):soup('onion', 3, 20)",0.0,43.0,5,interact,-0.0070999999999999735,0.0,0.0,-0.0070999999999999735,0.0,43.0,False,"(3, 3)",,"(2, 1)","soup('onion', 3, 20)","(2, 0):onion;(2, 2):soup('onion', 3, 20);(4, 0):soup('onion', 3, 20)","(3, 0):empty;(4, 0):soup('onion', 3, 20)"
171,1,"(0, 1)","(3, 3)","(0, 1)",,"(2, 1)","(0, -1)","soup('onion', 3, 20)","(2, 0):onion;(2, 2):soup('onion', 3, 20);(4, 0):soup('onion', 3, 20)","(3, 0):empty;(4, 0):soup('onion', 3, 20)",0.0,43.0,5,interact,-0.0070999999999999735,0.0,0.0,-0.0070999999999999735,0.0,43.0,False,"(3, 3)",,"(2, 1)","soup('onion', 3, 20)","(2, 0):onion;(2, 2):soup('onion', 3, 20);(4, 0):soup('onion', 3, 20)","(3, 0):empty;(4, 0):soup('onion', 3, 20)"
172,1,"(0, 1)","(3, 3)","(0, 1)",,"(2, 1)","(0, -1)","soup('onion', 3, 20)","(2, 0):onion;(2, 2):soup('onion', 3, 20);(4, 0):soup('onion', 3, 20)","(3, 0):empty;(4, 0):soup('onion', 3, 20)",0.0,43.0,5,interact,-0.0070999999999999735,0.0,0.0,-0.0070999999999999735,0.0,43.0,False,"(3, 3)",,"(2, 1)","soup('onion', 3, 20)","(2, 0):onion;(2, 2):soup('onion', 3, 20);(4, 0):soup('onion', 3, 20)","(3, 0):empty;(4, 0):soup('onion', 3, 20)"
173,1,"(0, 1)","(3, 3)","(0, 1)",,"(2, 1)","(0, -1)","soup('onion', 3, 20)","(2, 0):onion;(2, 2):soup('onion', 3, 20);(4, 0):soup('onion', 3, 20)","(3, 0):empty;(4, 0):soup('onion', 3, 20)",0.0,43.0,5,interact,-0.0070999999999999735,0.0,0.0,-0.0070999999999999735,0.0,43.0,False,"(3, 3)",,"(2, 1)","soup('onion', 3, 20)","(2, 0):onion;(2, 2):soup('onion', 3, 20);(4, 0):soup('onion', 3, 20)","(3, 0):empty;(4, 0):soup('onion', 3, 20)"
174,1,"(0, 1)","(3, 3)","(0, 1)",,"(2, 1)","(0, -1)","soup('onion', 3, 20)","(2, 0):onion;(2, 2):soup('onion', 3, 20);(4, 0):soup('onion', 3, 20)","(3, 0):empty;(4, 0):soup('onion', 3, 20)",0.0,43.0,5,interact,-0.0070999999999999735,0.0,0.0,-0.0070999999999999735,0.0,43.0,False,"(3, 3)",,"(2, 1)","soup('onion', 3, 20)","(2, 0):onion;(2, 2):soup('onion', 3, 20);(4, 0):soup('onion', 3, 20)","(3, 0):empty;(4, 0):soup('onion', 3, 20)"
175,1,"(0, 1)","(3, 3)","(0, 1)",,"(2, 1)","(0, -1)","soup('onion', 3, 20)","(2, 0):onion;(2, 2):soup('onion', 3, 20);(4, 0):soup('onion', 3, 20)","(3, 0):empty;(4, 0):soup('onion', 3, 20)",0.0,43.0,5,interact,-0.0070999999999999735,0.0,0.0,-0.0070999999999999735,0.0,43.0,False,"(3, 3)",,"(2, 1)","soup('onion', 3, 20)","(2, 0):onion;(2, 2):soup('onion', 3, 20);(4, 0):soup('onion', 3, 20)","(3, 0):empty;(4, 0):soup('onion', 3, 20)"
176,1,"(0, 1)","(3, 3)","(0, 1)",,"(2, 1)","(0, -1)","soup('onion', 3, 20)","(2, 0):onion;(2, 2):soup('onion', 3, 20);(4, 0):soup('onion', 3, 20)","(3, 0):empty;(4, 0):soup('onion', 3, 20)",0.0,43.0,5,interact,-0.0070999999999999735,0.0,0.0,-0.0070999999999999735,0.0,43.0,False,"(3, 3)",,"(2, 1)","soup('onion', 3, 20)","(2, 0):onion;(2, 2):soup('onion', 3, 20);(4, 0):soup('onion', 3, 20)","(3, 0):empty;(4, 0):soup('onion', 3, 20)"
177,1,"(0, 1)","(3, 3)","(0, 1)",,"(2, 1)","(0, -1)","soup('onion', 3, 20)","(2, 0):onion;(2, 2):soup('onion', 3, 20);(4, 0):soup('onion', 3, 20)","(3, 0):empty;(4, 0):soup('onion', 3, 20)",0.0,43.0,5,interact,-0.0070999999999999735,0.0,0.0,-0.0070999999999999735,0.0,43.0,False,"(3, 3)",,"(2, 1)","soup('onion', 3, 20)","(2, 0):onion;(2, 2):soup('onion', 3, 20);(4, 0):soup('onion', 3, 20)","(3, 0):empty;(4, 0):soup('onion', 3, 20)"
178,1,"(0, 1)","(3, 3)","(0, 1)",,"(2, 1)","(0, -1)","soup('onion', 3, 20)","(2, 0):onion;(2, 2):soup('onion', 3, 20);(4, 0):soup('onion', 3, 20)","(3, 0):empty;(4, 0):soup('onion', 3, 20)",0.0,43.0,5,interact,-0.0070999999999999735,0.0,0.0,-0.0070999999999999735,0.0,43.0,False,"(3, 3)",,"(2, 1)","soup('onion', 3, 20)","(2, 0):onion;(2, 2):soup('onion', 3, 20);(4, 0):soup('onion', 3, 20)","(3, 0):empty;(4, 0):soup('onion', 3, 20)"
179,1,"(0, 1)","(3, 3)","(0, 1)",,"(2, 1)","(0, -1)","soup('onion', 3, 20)","(2, 0):onion;(2, 2):soup('onion', 3, 20);(4, 0):soup('onion', 3, 20)","(3, 0):empty;(4, 0):soup('onion', 3, 20)",0.0,43.0,5,interact,-0.0070999999999999735,0.0,0.0,-0.0070999999999999735,0.0,43.0,False,"(3, 3)",,"(2, 1)","soup('onion', 3, 20)","(2, 0):onion;(2, 2):soup('onion', 3, 20);(4, 0):soup('onion', 3, 20)","(3, 0):empty;(4, 0):soup('onion', 3, 20)"
180,1,"(0, 1)","(3, 3)","(0, 1)",,"(2, 1)","(0, -1)","soup('onion', 3, 20)","(2, 0):onion;(2, 2):soup('onion', 3, 20);(4, 0):soup('onion', 3, 20)","(3, 0):empty;(4, 0):soup('onion', 3, 20)",0.0,43.0,5,interact,-0.0070999999999999735,0.0,0.0,-0.0070999999999999735,0.0,43.0,False,"(3, 3)",,"(2, 1)","soup('onion', 3, 20)","(2, 0):onion;(2, 2):soup('onion', 3, 20);(4, 0):soup('onion', 3, 20)","(3, 0):empty;(4, 0):soup('onion', 3, 20)"
181,1,"(0, 1)","(3, 3)","(0, 1)",,"(2, 1)","(0, -1)","soup('onion', 3, 20)","(2, 0):onion;(2, 2):soup('onion', 3, 20);(4, 0):soup('onion', 3, 20)","(3, 0):empty;(4, 0):soup('onion', 3, 20)",0.0,43.0,5,interact,-0.0070999999999999735,0.0,0.0,-0.0070999999999999735,0.0,43.0,False,"(3, 3)",,"(2, 1)","soup('onion', 3, 20)","(2, 0):onion;(2, 2):soup('onion', 3, 20);(4, 0):soup('onion', 3, 20)","(3, 0):empty;(4, 0):soup('onion', 3, 20)"
182,1,"(0, 1)","(3, 3)","(0, 1)",,"(2, 1)","(0, -1)","soup('onion', 3, 20)","(2, 0):onion;(2, 2):soup('onion', 3, 20);(4, 0):soup('onion', 3, 20)","(3, 0):empty;(4, 0):soup('onion', 3, 20)",0.0,43.0,5,interact,-0.0070999999999999735,0.0,0.0,-0.0070999999999999735,0.0,43.0,False,"(3, 3)",,"(2, 1)","soup('onion', 3, 20)","(2, 0):onion;(2, 2):soup('onion', 3, 20);(4, 0):soup('onion', 3, 20)","(3, 0):empty;(4, 0):soup('onion', 3, 20)"
183,1,"(0, 1)","(3, 3)","(0, 1)",,"(2, 1)","(0, -1)","soup('onion', 3, 20)","(2, 0):onion;(2, 2):soup('onion', 3, 20);(4, 0):soup('onion', 3, 20)","(3, 0):empty;(4, 0):soup('onion', 3, 20)",0.0,43.0,5,interact,-0.0070999999999999735,0.0,0.0,-0.0070999999999999735,0.0,43.0,False,"(3, 3)",,"(2, 1)","soup('onion', 3, 20)","(2, 0):onion;(2, 2):soup('onion', 3, 20);(4, 0):soup('onion', 3, 20)","(3, 0):empty;(4, 0):soup('onion', 3, 20)"
184,1,"(0, 1)","(3, 3)","(0, 1)",,"(2, 1)","(0, -1)","soup('onion', 3, 20)","(2, 0):onion;(2, 2):soup('onion', 3, 20);(4, 0):soup('onion', 3, 20)","(3, 0):empty;(4, 0):soup('onion', 3, 20)",0.0,43.0,5,interact,-0.0070999999999999735,0.0,0.0,-0.0070999999999999735,0.0,43.0,False,"(3, 3)",,"(2, 1)","soup('onion', 3, 20)","(2, 0):onion;(2, 2):soup('onion', 3, 20);(4, 0):soup('onion', 3, 20)","(3, 0):empty;(4, 0):soup('onion', 3, 20)"
185,1,"(0, 1)","(3, 3)","(0, 1)",,"(2, 1)","(0, -1)","soup('onion', 3, 20)","(2, 0):onion;(2, 2):soup('onion', 3, 20);(4, 0):soup('onion', 3, 20)","(3, 0):empty;(4, 0):soup('onion', 3, 20)",0.0,43.0,5,interact,-0.0070999999999999735,0.0,0.0,-0.0070999999999999735,0.0,43.0,False,"(3, 3)",,"(2, 1)","soup('onion', 3, 20)","(2, 0):onion;(2, 2):soup('onion', 3, 20);(4, 0):soup('onion', 3, 20)","(3, 0):empty;(4, 0):soup('onion', 3, 20)"
186,1,"(0, 1)","(3, 3)","(0, 1)",,"(2, 1)","(0, -1)","soup('onion', 3, 20)","(2, 0):onion;(2, 2):soup('onion', 3, 20);(4, 0):soup('onion', 3, 20)","(3, 0):empty;(4, 0):soup('onion', 3, 20)",0.0,43.0,5,interact,-0.0070999999999999735,0.0,0.0,-0.0070999999999999735,0.0,43.0,False,"(3, 3)",,"(2, 1)","soup('onion', 3, 20)","(2, 0):onion;(2, 2):soup('onion', 3, 20);(4, 0):soup('onion', 3, 20)","(3, 0):empty;(4, 0):soup('onion', 3, 20)"
187,1,"(0, 1)","(3, 3)","(0, 1)",,"(2, 1)","(0, -1)","soup('onion', 3, 20)","(2, 0):onion;(2, 2):soup('onion', 3, 20);(4, 0):soup('onion', 3, 20)","(3, 0):empty;(4, 0):soup('onion', 3, 20)",0.0,43.0,5,interact,-0.0070999999999999735,0.0,0.0,-0.0070999999999999735,0.0,43.0,False,"(3, 3)",,"(2, 1)","soup('onion', 3, 20)","(2, 0):onion;(2, 2):soup('onion', 3, 20);(4, 0):soup('onion', 3, 20)","(3, 0):empty;(4, 0):soup('onion', 3, 20)"
188,1,"(0, 1)","(3, 3)","(0, 1)",,"(2, 1)","(0, -1)","soup('onion', 3, 20)","(2, 0):onion;(2, 2):soup('onion', 3, 20);(4, 0):soup('onion', 3, 20)","(3, 0):empty;(4, 0):soup('onion', 3, 20)",0.0,43.0,5,interact,-0.0070999999999999735,0.0,0.0,-0.0070999999999999735,0.0,43.0,False,"(3, 3)",,"(2, 1)","soup('onion', 3, 20)","(2, 0):onion;(2, 2):soup('onion', 3, 20);(4, 0):soup('onion', 3, 20)","(3, 0):empty;(4, 0):soup('onion', 3, 20)"
189,1,"(0, 1)","(3, 3)","(0, 1)",,"(2, 1)","(0, -1)","soup('onion', 3, 20)","(2, 0):onion;(2, 2):soup('onion', 3, 20);(4, 0):soup('onion', 3, 20)","(3, 0):empty;(4, 0):soup('onion', 3, 20)",0.0,43.0,5,interact,-0.0070999999999999735,0.0,0.0,-0.0070999999999999735,0.0,43.0,False,"(3, 3)",,"(2, 1)","soup('onion', 3, 20)","(2, 0):onion;(2, 2):soup('onion', 3, 20);(4, 0):soup('onion', 3, 20)","(3, 0):empty;(4, 0):soup('onion', 3, 20)"
190,1,"(0, 1)","(3, 3)","(0, 1)",,"(2, 1)","(0, -1)","soup('onion', 3, 20)","(2, 0):onion;(2, 2):soup('onion', 3, 20);(4, 0):soup('onion', 3, 20)","(3, 0):empty;(4, 0):soup('onion', 3, 20)",0.0,43.0,5,interact,-0.0070999999999999735,0.0,0.0,-0.0070999999999999735,0.0,43.0,False,"(3, 3)",,"(2, 1)","soup('onion', 3, 20)","(2, 0):onion;(2, 2):soup('onion', 3, 20);(4, 0):soup('onion', 3, 20)","(3, 0):empty;(4, 0):soup('onion', 3, 20)"
191,1,"(0, 1)","(3, 3)","(0, 1)",,"(2, 1)","(0, -1)","soup('onion', 3, 20)","(2, 0):onion;(2, 2):soup('onion', 3, 20);(4, 0):soup('onion', 3, 20)","(3, 0):empty;(4, 0):soup('onion', 3, 20)",0.0,43.0,5,interact,-0.0070999999999999735,0.0,0.0,-0.0070999999999999735,0.0,43.0,False,"(3, 3)",,"(2, 1)","soup('onion', 3, 20)","(2, 0):onion;(2, 2):soup('onion', 3, 20);(4, 0):soup('onion', 3, 20)","(3, 0):empty;(4, 0):soup('onion', 3, 20)"
192,1,"(0, 1)","(3, 3)","(0, 1)",,"(2, 1)","(0, -1)","soup('onion', 3, 20)","(2, 0):onion;(2, 2):soup('onion', 3, 20);(4, 0):soup('onion', 3, 20)","(3, 0):empty;(4, 0):soup('onion', 3, 20)",0.0,43.0,5,interact,-0.0070999999999999735,0.0,0.0,-0.0070999999999999735,0.0,43.0,False,"(3, 3)",,"(2, 1)","soup('onion', 3, 20)","(2, 0):onion;(2, 2):soup('onion', 3, 20);(4, 0):soup('onion', 3, 20)","(3, 0):empty;(4, 0):soup('onion', 3, 20)"
193,1,"(0, 1)","(3, 3)","(0, 1)",,"(2, 1)","(0, -1)","soup('onion', 3, 20)","(2, 0):onion;(2, 2):soup('onion', 3, 20);(4, 0):soup('onion', 3, 20)","(3, 0):empty;(4, 0):soup('onion', 3, 20)",0.0,43.0,5,interact,-0.0070999999999999735,0.0,0.0,-0.0070999999999999735,0.0,43.0,False,"(3, 3)",,"(2, 1)","soup('onion', 3, 20)","(2, 0):onion;(2, 2):soup('onion', 3, 20);(4, 0):soup('onion', 3, 20)","(3, 0):empty;(4, 0):soup('onion', 3, 20)"
194,1,"(0, 1)","(3, 3)","(0, 1)",,"(2, 1)","(0, -1)","soup('onion', 3, 20)","(2, 0):onion;(2, 2):soup('onion', 3, 20);(4, 0):soup('onion', 3, 20)","(3, 0):empty;(4, 0):soup('onion', 3, 20)",0.0,43.0,5,interact,-0.0070999999999999735,0.0,0.0,-0.0070999999999999735,0.0,43.0,False,"(3, 3)",,"(2, 1)","soup('onion', 3, 20)","(2, 0):onion;(2, 2):soup('onion', 3, 20);(4, 0):soup('onion', 3, 20)","(3, 0):empty;(4, 0):soup('onion', 3, 20)"
195,1,"(0, 1)","(3, 3)","(0, 1)",,"(2, 1)","(0, -1)","soup('onion', 3, 20)","(2, 0):onion;(2, 2):soup('onion', 3, 20);(4, 0):soup('onion', 3, 20)","(3, 0):empty;(4, 0):soup('onion', 3, 20)",0.0,43.0,5,interact,-0.0070999999999999735,0.0,0.0,-0.0070999999999999735,0.0,43.0,False,"(3, 3)",,"(2, 1)","soup('onion', 3, 20)","(2, 0):onion;(2, 2):soup('onion', 3, 20);(4, 0):soup('onion', 3, 20)","(3, 0):empty;(4, 0):soup('onion', 3, 20)"
196,1,"(0, 1)","(3, 3)","(0, 1)",,"(2, 1)","(0, -1)","soup('onion', 3, 20)","(2, 0):onion;(2, 2):soup('onion', 3, 20);(4, 0):soup('onion', 3, 20)","(3, 0):empty;(4, 0):soup('onion', 3, 20)",0.0,43.0,5,interact,-0.0070999999999999735,0.0,0.0,-0.0070999999999999735,0.0,43.0,False,"(3, 3)",,"(2, 1)","soup('onion', 3, 20)","(2, 0):onion;(2, 2):soup('onion', 3, 20);(4, 0):soup('onion', 3, 20)","(3, 0):empty;(4, 0):soup('onion', 3, 20)"
197,1,"(0, 1)","(3, 3)","(0, 1)",,"(2, 1)","(0, -1)","soup('onion', 3, 20)","(2, 0):onion;(2, 2):soup('onion', 3, 20);(4, 0):soup('onion', 3, 20)","(3, 0):empty;(4, 0):soup('onion', 3, 20)",0.0,43.0,5,interact,-0.0070999999999999735,0.0,0.0,-0.0070999999999999735,0.0,43.0,False,"(3, 3)",,"(2, 1)","soup('onion', 3, 20)","(2, 0):onion;(2, 2):soup('onion', 3, 20);(4, 0):soup('onion', 3, 20)","(3, 0):empty;(4, 0):soup('onion', 3, 20)"
198,1,"(0, 1)","(3, 3)","(0, 1)",,"(2, 1)","(0, -1)","soup('onion', 3, 20)","(2, 0):onion;(2, 2):soup('onion', 3, 20);(4, 0):soup('onion', 3, 20)","(3, 0):empty;(4, 0):soup('onion', 3, 20)",0.0,43.0,5,interact,-0.0070999999999999735,0.0,0.0,-0.0070999999999999735,0.0,43.0,False,"(3, 3)",,"(2, 1)","soup('onion', 3, 20)","(2, 0):onion;(2, 2):soup('onion', 3, 20);(4, 0):soup('onion', 3, 20)","(3, 0):empty;(4, 0):soup('onion', 3, 20)"
199,1,"(0, 1)","(3, 3)","(0, 1)",,"(2, 1)","(0, -1)","soup('onion', 3, 20)","(2, 0):onion;(2, 2):soup('onion', 3, 20);(4, 0):soup('onion', 3, 20)","(3, 0):empty;(4, 0):soup('onion', 3, 20)",0.0,43.0,5,interact,-0.0070999999999999735,0.0,0.0,-0.0070999999999999735,0.0,43.0,False,"(3, 3)",,"(2, 1)","soup('onion', 3, 20)","(2, 0):onion;(2, 2):soup('onion', 3, 20);(4, 0):soup('onion', 3, 20)","(3, 0):empty;(4, 0):soup('onion', 3, 20)"
200,1,"(0, 1)","(3, 3)","(0, 1)",,"(2, 1)","(0, -1)","soup('onion', 3, 20)","(2, 0):onion;(2, 2):soup('onion', 3, 20);(4, 0):soup('onion', 3, 20)","(3, 0):empty;(4, 0):soup('onion', 3, 20)",0.0,43.0,5,interact,-0.0070999999999999735,0.0,0.0,-0.0070999999999999735,0.0,43.0,False,"(3, 3)",,"(2, 1)","soup('onion', 3, 20)","(2, 0):onion;(2, 2):soup('onion', 3, 20);(4, 0):soup('onion', 3, 20)","(3, 0):empty;(4, 0):soup('onion', 3, 20)"
201,1,"(0, 1)","(3, 3)","(0, 1)",,"(2, 1)","(0, -1)","soup('onion', 3, 20)","(2, 0):onion;(2, 2):soup('onion', 3, 20);(4, 0):soup('onion', 3, 20)","(3, 0):empty;(4, 0):soup('onion', 3, 20)",0.0,43.0,5,interact,-0.0070999999999999735,0.0,0.0,-0.0070999999999999735,0.0,43.0,False,"(3, 3)",,"(2, 1)","soup('onion', 3, 20)","(2, 0):onion;(2, 2):soup('onion', 3, 20);(4, 0):soup('onion', 3, 20)","(3, 0):empty;(4, 0):soup('onion', 3, 20)"
202,1,"(0, 1)","(3, 3)","(0, 1)",,"(2, 1)","(0, -1)","soup('onion', 3, 20)","(2, 0):onion;(2, 2):soup('onion', 3, 20);(4, 0):soup('onion', 3, 20)","(3, 0):empty;(4, 0):soup('onion', 3, 20)",0.0,43.0,5,interact,-0.0070999999999999735,0.0,0.0,-0.0070999999999999735,0.0,43.0,False,"(3, 3)",,"(2, 1)","soup('onion', 3, 20)","(2, 0):onion;(2, 2):soup('onion', 3, 20);(4, 0):soup('onion', 3, 20)","(3, 0):empty;(4, 0):soup('onion', 3, 20)"
203,1,"(0, 1)","(3, 3)","(0, 1)",,"(2, 1)","(0, -1)","soup('onion', 3, 20)","(2, 0):onion;(2, 2):soup('onion', 3, 20);(4, 0):soup('onion', 3, 20)","(3, 0):empty;(4, 0):soup('onion', 3, 20)",0.0,43.0,5,interact,-0.0070999999999999735,0.0,0.0,-0.0070999999999999735,0.0,43.0,False,"(3, 3)",,"(2, 1)","soup('onion', 3, 20)","(2, 0):onion;(2, 2):soup('onion', 3, 20);(4, 0):soup('onion', 3, 20)","(3, 0):empty;(4, 0):soup('onion', 3, 20)"
204,1,"(0, 1)","(3, 3)","(0, 1)",,"(2, 1)","(0, -1)","soup('onion', 3, 20)","(2, 0):onion;(2, 2):soup('onion', 3, 20);(4, 0):soup('onion', 3, 20)","(3, 0):empty;(4, 0):soup('onion', 3, 20)",0.0,43.0,5,interact,-0.0070999999999999735,0.0,0.0,-0.0070999999999999735,0.0,43.0,False,"(3, 3)",,"(2, 1)","soup('onion', 3, 20)","(2, 0):onion;(2, 2):soup('onion', 3, 20);(4, 0):soup('onion', 3, 20)","(3, 0):empty;(4, 0):soup('onion', 3, 20)"
205,1,"(0, 1)","(3, 3)","(0, 1)",,"(2, 1)","(0, -1)","soup('onion', 3, 20)","(2, 0):onion;(2, 2):soup('onion', 3, 20);(4, 0):soup('onion', 3, 20)","(3, 0):empty;(4, 0):soup('onion', 3, 20)",0.0,43.0,5,interact,-0.0070999999999999735,0.0,0.0,-0.0070999999999999735,0.0,43.0,False,"(3, 3)",,"(2, 1)","soup('onion', 3, 20)","(2, 0):onion;(2, 2):soup('onion', 3, 20);(4, 0):soup('onion', 3, 20)","(3, 0):empty;(4, 0):soup('onion', 3, 20)"
206,1,"(0, 1)","(3, 3)","(0, 1)",,"(2, 1)","(0, -1)","soup('onion', 3, 20)","(2, 0):onion;(2, 2):soup('onion', 3, 20);(4, 0):soup('onion', 3, 20)","(3, 0):empty;(4, 0):soup('onion', 3, 20)",0.0,43.0,5,interact,-0.0070999999999999735,0.0,0.0,-0.0070999999999999735,0.0,43.0,False,"(3, 3)",,"(2, 1)","soup('onion', 3, 20)","(2, 0):onion;(2, 2):soup('onion', 3, 20);(4, 0):soup('onion', 3, 20)","(3, 0):empty;(4, 0):soup('onion', 3, 20)"
207,1,"(0, 1)","(3, 3)","(0, 1)",,"(2, 1)","(0, -1)","soup('onion', 3, 20)","(2, 0):onion;(2, 2):soup('onion', 3, 20);(4, 0):soup('onion', 3, 20)","(3, 0):empty;(4, 0):soup('onion', 3, 20)",0.0,43.0,5,interact,-0.0070999999999999735,0.0,0.0,-0.0070999999999999735,0.0,43.0,False,"(3, 3)",,"(2, 1)","soup('onion', 3, 20)","(2, 0):onion;(2, 2):soup('onion', 3, 20);(4, 0):soup('onion', 3, 20)","(3, 0):empty;(4, 0):soup('onion', 3, 20)"
208,1,"(0, 1)","(3, 3)","(0, 1)",,"(2, 1)","(0, -1)","soup('onion', 3, 20)","(2, 0):onion;(2, 2):soup('onion', 3, 20);(4, 0):soup('onion', 3, 20)","(3, 0):empty;(4, 0):soup('onion', 3, 20)",0.0,43.0,5,interact,-0.0070999999999999735,0.0,0.0,-0.0070999999999999735,0.0,43.0,False,"(3, 3)",,"(2, 1)","soup('onion', 3, 20)","(2, 0):onion;(2, 2):soup('onion', 3, 20);(4, 0):soup('onion', 3, 20)","(3, 0):empty;(4, 0):soup('onion', 3, 20)"
209,1,"(0, 1)","(3, 3)","(0, 1)",,"(2, 1)","(0, -1)","soup('onion', 3, 20)","(2, 0):onion;(2, 2):soup('onion', 3, 20);(4, 0):soup('onion', 3, 20)","(3, 0):empty;(4, 0):soup('onion', 3, 20)",0.0,43.0,5,interact,-0.0070999999999999735,0.0,0.0,-0.0070999999999999735,0.0,43.0,False,"(3, 3)",,"(2, 1)","soup('onion', 3, 20)","(2, 0):onion;(2, 2):soup('onion', 3, 20);(4, 0):soup('onion', 3, 20)","(3, 0):empty;(4, 0):soup('onion', 3, 20)"
210,1,"(0, 1)","(3, 3)","(0, 1)",,"(2, 1)","(0, -1)","soup('onion', 3, 20)","(2, 0):onion;(2, 2):soup('onion', 3, 20);(4, 0):soup('onion', 3, 20)","(3, 0):empty;(4, 0):soup('onion', 3, 20)",0.0,43.0,5,interact,-0.0070999999999999735,0.0,0.0,-0.0070999999999999735,0.0,43.0,False,"(3, 3)",,"(2, 1)","soup('onion', 3, 20)","(2, 0):onion;(2, 2):soup('onion', 3, 20);(4, 0):soup('onion', 3, 20)","(3, 0):empty;(4, 0):soup('onion', 3, 20)"
211,1,"(0, 1)","(3, 3)","(0, 1)",,"(2, 1)","(0, -1)","soup('onion', 3, 20)","(2, 0):onion;(2, 2):soup('onion', 3, 20);(4, 0):soup('onion', 3, 20)","(3, 0):empty;(4, 0):soup('onion', 3, 20)",0.0,43.0,5,interact,-0.0070999999999999735,0.0,0.0,-0.0070999999999999735,0.0,43.0,False,"(3, 3)",,"(2, 1)","soup('onion', 3, 20)","(2, 0):onion;(2, 2):soup('onion', 3, 20);(4, 0):soup('onion', 3, 20)","(3, 0):empty;(4, 0):soup('onion', 3, 20)"
212,1,"(0, 1)","(3, 3)","(0, 1)",,"(2, 1)","(0, -1)","soup('onion', 3, 20)","(2, 0):onion;(2, 2):soup('onion', 3, 20);(4, 0):soup('onion', 3, 20)","(3, 0):empty;(4, 0):soup('onion', 3, 20)",0.0,43.0,5,interact,-0.0070999999999999735,0.0,0.0,-0.0070999999999999735,0.0,43.0,False,"(3, 3)",,"(2, 1)","soup('onion', 3, 20)","(2, 0):onion;(2, 2):soup('onion', 3, 20);(4, 0):soup('onion', 3, 20)","(3, 0):empty;(4, 0):soup('onion', 3, 20)"
213,1,"(0, 1)","(3, 3)","(0, 1)",,"(2, 1)","(0, -1)","soup('onion', 3, 20)","(2, 0):onion;(2, 2):soup('onion', 3, 20);(4, 0):soup('onion', 3, 20)","(3, 0):empty;(4, 0):soup('onion', 3, 20)",0.0,43.0,5,interact,-0.0070999999999999735,0.0,0.0,-0.0070999999999999735,0.0,43.0,False,"(3, 3)",,"(2, 1)","soup('onion', 3, 20)","(2, 0):onion;(2, 2):soup('onion', 3, 20);(4, 0):soup('onion', 3, 20)","(3, 0):empty;(4, 0):soup('onion', 3, 20)"
214,1,"(0, 1)","(3, 3)","(0, 1)",,"(2, 1)","(0, -1)","soup('onion', 3, 20)","(2, 0):onion;(2, 2):soup('onion', 3, 20);(4, 0):soup('onion', 3, 20)","(3, 0):empty;(4, 0):soup('onion', 3, 20)",0.0,43.0,5,interact,-0.0070999999999999735,0.0,0.0,-0.0070999999999999735,0.0,43.0,False,"(3, 3)",,"(2, 1)","soup('onion', 3, 20)","(2, 0):onion;(2, 2):soup('onion', 3, 20);(4, 0):soup('onion', 3, 20)","(3, 0):empty;(4, 0):soup('onion', 3, 20)"
215,1,"(0, 1)","(3, 3)","(0, 1)",,"(2, 1)","(0, -1)","soup('onion', 3, 20)","(2, 0):onion;(2, 2):soup('onion', 3, 20);(4, 0):soup('onion', 3, 20)","(3, 0):empty;(4, 0):soup('onion', 3, 20)",0.0,43.0,5,interact,-0.0070999999999999735,0.0,0.0,-0.0070999999999999735,0.0,43.0,False,"(3, 3)",,"(2, 1)","soup('onion', 3, 20)","(2, 0):onion;(2, 2):soup('onion', 3, 20);(4, 0):soup('onion', 3, 20)","(3, 0):empty;(4, 0):soup('onion', 3, 20)"
216,1,"(0, 1)","(3, 3)","(0, 1)",,"(2, 1)","(0, -1)","soup('onion', 3, 20)","(2, 0):onion;(2, 2):soup('onion', 3, 20);(4, 0):soup('onion', 3, 20)","(3, 0):empty;(4, 0):soup('onion', 3, 20)",0.0,43.0,5,interact,-0.0070999999999999735,0.0,0.0,-0.0070999999999999735,0.0,43.0,False,"(3, 3)",,"(2, 1)","soup('onion', 3, 20)","(2, 0):onion;(2, 2):soup('onion', 3, 20);(4, 0):soup('onion', 3, 20)","(3, 0):empty;(4, 0):soup('onion', 3, 20)"
217,1,"(0, 1)","(3, 3)","(0, 1)",,"(2, 1)","(0, -1)","soup('onion', 3, 20)","(2, 0):onion;(2, 2):soup('onion', 3, 20);(4, 0):soup('onion', 3, 20)","(3, 0):empty;(4, 0):soup('onion', 3, 20)",0.0,43.0,5,interact,-0.0070999999999999735,0.0,0.0,-0.0070999999999999735,0.0,43.0,False,"(3, 3)",,"(2, 1)","soup('onion', 3, 20)","(2, 0):onion;(2, 2):soup('onion', 3, 20);(4, 0):soup('onion', 3, 20)","(3, 0):empty;(4, 0):soup('onion', 3, 20)"
218,1,"(0, 1)","(3, 3)","(0, 1)",,"(2, 1)","(0, -1)","soup('onion', 3, 20)","(2, 0):onion;(2, 2):soup('onion', 3, 20);(4, 0):soup('onion', 3, 20)","(3, 0):empty;(4, 0):soup('onion', 3, 20)",0.0,43.0,5,interact,-0.0070999999999999735,0.0,0.0,-0.0070999999999999735,0.0,43.0,False,"(3, 3)",,"(2, 1)","soup('onion', 3, 20)","(2, 0):onion;(2, 2):soup('onion', 3, 20);(4, 0):soup('onion', 3, 20)","(3, 0):empty;(4, 0):soup('onion', 3, 20)"
219,1,"(0, 1)","(3, 3)","(0, 1)",,"(2, 1)","(0, -1)","soup('onion', 3, 20)","(2, 0):onion;(2, 2):soup('onion', 3, 20);(4, 0):soup('onion', 3, 20)","(3, 0):empty;(4, 0):soup('onion', 3, 20)",0.0,43.0,5,interact,-0.0070999999999999735,0.0,0.0,-0.0070999999999999735,0.0,43.0,False,"(3, 3)",,"(2, 1)","soup('onion', 3, 20)","(2, 0):onion;(2, 2):soup('onion', 3, 20);(4, 0):soup('onion', 3, 20)","(3, 0):empty;(4, 0):soup('onion', 3, 20)"
220,1,"(0, 1)","(3, 3)","(0, 1)",,"(2, 1)","(0, -1)","soup('onion', 3, 20)","(2, 0):onion;(2, 2):soup('onion', 3, 20);(4, 0):soup('onion', 3, 20)","(3, 0):empty;(4, 0):soup('onion', 3, 20)",0.0,43.0,5,interact,-0.0070999999999999735,0.0,0.0,-0.0070999999999999735,0.0,43.0,False,"(3, 3)",,"(2, 1)","soup('onion', 3, 20)","(2, 0):onion;(2, 2):soup('onion', 3, 20);(4, 0):soup('onion', 3, 20)","(3, 0):empty;(4, 0):soup('onion', 3, 20)"
221,1,"(0, 1)","(3, 3)","(0, 1)",,"(2, 1)","(0, -1)","soup('onion', 3, 20)","(2, 0):onion;(2, 2):soup('onion', 3, 20);(4, 0):soup('onion', 3, 20)","(3, 0):empty;(4, 0):soup('onion', 3, 20)",0.0,43.0,5,interact,-0.0070999999999999735,0.0,0.0,-0.0070999999999999735,0.0,43.0,False,"(3, 3)",,"(2, 1)","soup('onion', 3, 20)","(2, 0):onion;(2, 2):soup('onion', 3, 20);(4, 0):soup('onion', 3, 20)","(3, 0):empty;(4, 0):soup('onion', 3, 20)"
222,1,"(0, 1)","(3, 3)","(0, 1)",,"(2, 1)","(0, -1)","soup('onion', 3, 20)","(2, 0):onion;(2, 2):soup('onion', 3, 20);(4, 0):soup('onion', 3, 20)","(3, 0):empty;(4, 0):soup('onion', 3, 20)",0.0,43.0,5,interact,-0.0070999999999999735,0.0,0.0,-0.0070999999999999735,0.0,43.0,False,"(3, 3)",,"(2, 1)","soup('onion', 3, 20)","(2, 0):onion;(2, 2):soup('onion', 3, 20);(4, 0):soup('onion', 3, 20)","(3, 0):empty;(4, 0):soup('onion', 3, 20)"
223,1,"(0, 1)","(3, 3)","(0, 1)",,"(2, 1)","(0, -1)","soup('onion', 3, 20)","(2, 0):onion;(2, 2):soup('onion', 3, 20);(4, 0):soup('onion', 3, 20)","(3, 0):empty;(4, 0):soup('onion', 3, 20)",0.0,43.0,5,interact,-0.0070999999999999735,0.0,0.0,-0.0070999999999999735,0.0,43.0,False,"(3, 3)",,"(2, 1)","soup('onion', 3, 20)","(2, 0):onion;(2, 2):soup('onion', 3, 20);(4, 0):soup('onion', 3, 20)","(3, 0):empty;(4, 0):soup('onion', 3, 20)"
224,1,"(0, 1)","(3, 3)","(0, 1)",,"(2, 1)","(0, -1)","soup('onion', 3, 20)","(2, 0):onion;(2, 2):soup('onion', 3, 20);(4, 0):soup('onion', 3, 20)","(3, 0):empty;(4, 0):soup('onion', 3, 20)",0.0,43.0,5,interact,-0.0070999999999999735,0.0,0.0,-0.0070999999999999735,0.0,43.0,False,"(3, 3)",,"(2, 1)","soup('onion', 3, 20)","(2, 0):onion;(2, 2):soup('onion', 3, 20);(4, 0):soup('onion', 3, 20)","(3, 0):empty;(4, 0):soup('onion', 3, 20)"
225,1,"(0, 1)","(3, 3)","(0, 1)",,"(2, 1)","(0, -1)","soup('onion', 3, 20)","(2, 0):onion;(2, 2):soup('onion', 3, 20);(4, 0):soup('onion', 3, 20)","(3, 0):empty;(4, 0):soup('onion', 3, 20)",0.0,43.0,5,interact,-0.0070999999999999735,0.0,0.0,-0.0070999999999999735,0.0,43.0,False,"(3, 3)",,"(2, 1)","soup('onion', 3, 20)","(2, 0):onion;(2, 2):soup('onion', 3, 20);(4, 0):soup('onion', 3, 20)","(3, 0):empty;(4, 0):soup('onion', 3, 20)"
226,1,"(0, 1)","(3, 3)","(0, 1)",,"(2, 1)","(0, -1)","soup('onion', 3, 20)","(2, 0):onion;(2, 2):soup('onion', 3, 20);(4, 0):soup('onion', 3, 20)","(3, 0):empty;(4, 0):soup('onion', 3, 20)",0.0,43.0,5,interact,-0.0070999999999999735,0.0,0.0,-0.0070999999999999735,0.0,43.0,False,"(3, 3)",,"(2, 1)","soup('onion', 3, 20)","(2, 0):onion;(2, 2):soup('onion', 3, 20);(4, 0):soup('onion', 3, 20)","(3, 0):empty;(4, 0):soup('onion', 3, 20)"
227,1,"(0, 1)","(3, 3)","(0, 1)",,"(2, 1)","(0, -1)","soup('onion', 3, 20)","(2, 0):onion;(2, 2):soup('onion', 3, 20);(4, 0):soup('onion', 3, 20)","(3, 0):empty;(4, 0):soup('onion', 3, 20)",0.0,43.0,5,interact,-0.0070999999999999735,0.0,0.0,-0.0070999999999999735,0.0,43.0,False,"(3, 3)",,"(2, 1)","soup('onion', 3, 20)","(2, 0):onion;(2, 2):soup('onion', 3, 20);(4, 0):soup('onion', 3, 20)","(3, 0):empty;(4, 0):soup('onion', 3, 20)"
228,1,"(0, 1)","(3, 3)","(0, 1)",,"(2, 1)","(0, -1)","soup('onion', 3, 20)","(2, 0):onion;(2, 2):soup('onion', 3, 20);(4, 0):soup('onion', 3, 20)","(3, 0):empty;(4, 0):soup('onion', 3, 20)",0.0,43.0,5,interact,-0.0070999999999999735,0.0,0.0,-0.0070999999999999735,0.0,43.0,False,"(3, 3)",,"(2, 1)","soup('onion', 3, 20)","(2, 0):onion;(2, 2):soup('onion', 3, 20);(4, 0):soup('onion', 3, 20)","(3, 0):empty;(4, 0):soup('onion', 3, 20)"
229,1,"(0, 1)","(3, 3)","(0, 1)",,"(2, 1)","(0, -1)","soup('onion', 3, 20)","(2, 0):onion;(2, 2):soup('onion', 3, 20);(4, 0):soup('onion', 3, 20)","(3, 0):empty;(4, 0):soup('onion', 3, 20)",0.0,43.0,5,interact,-0.0070999999999999735,0.0,0.0,-0.0070999999999999735,0.0,43.0,False,"(3, 3)",,"(2, 1)","soup('onion', 3, 20)","(2, 0):onion;(2, 2):soup('onion', 3, 20);(4, 0):soup('onion', 3, 20)","(3, 0):empty;(4, 0):soup('onion', 3, 20)"
230,1,"(0, 1)","(3, 3)","(0, 1)",,"(2, 1)","(0, -1)","soup('onion', 3, 20)","(2, 0):onion;(2, 2):soup('onion', 3, 20);(4, 0):soup('onion', 3, 20)","(3, 0):empty;(4, 0):soup('onion', 3, 20)",0.0,43.0,5,interact,-0.0070999999999999735,0.0,0.0,-0.0070999999999999735,0.0,43.0,False,"(3, 3)",,"(2, 1)","soup('onion', 3, 20)","(2, 0):onion;(2, 2):soup('onion', 3, 20);(4, 0):soup('onion', 3, 20)","(3, 0):empty;(4, 0):soup('onion', 3, 20)"
231,1,"(0, 1)","(3, 3)","(0, 1)",,"(2, 1)","(0, -1)","soup('onion', 3, 20)","(2, 0):onion;(2, 2):soup('onion', 3, 20);(4, 0):soup('onion', 3, 20)","(3, 0):empty;(4, 0):soup('onion', 3, 20)",0.0,43.0,5,interact,-0.0070999999999999735,0.0,0.0,-0.0070999999999999735,0.0,43.0,False,"(3, 3)",,"(2, 1)","soup('onion', 3, 20)","(2, 0):onion;(2, 2):soup('onion', 3, 20);(4, 0):soup('onion', 3, 20)","(3, 0):empty;(4, 0):soup('onion', 3, 20)"
232,1,"(0, 1)","(3, 3)","(0, 1)",,"(2, 1)","(0, -1)","soup('onion', 3, 20)","(2, 0):onion;(2, 2):soup('onion', 3, 20);(4, 0):soup('onion', 3, 20)","(3, 0):empty;(4, 0):soup('onion', 3, 20)",0.0,43.0,5,interact,-0.0070999999999999735,0.0,0.0,-0.0070999999999999735,0.0,43.0,False,"(3, 3)",,"(2, 1)","soup('onion', 3, 20)","(2, 0):onion;(2, 2):soup('onion', 3, 20);(4, 0):soup('onion', 3, 20)","(3, 0):empty;(4, 0):soup('onion', 3, 20)"
233,1,"(0, 1)","(3, 3)","(0, 1)",,"(2, 1)","(0, -1)","soup('onion', 3, 20)","(2, 0):onion;(2, 2):soup('onion', 3, 20);(4, 0):soup('onion', 3, 20)","(3, 0):empty;(4, 0):soup('onion', 3, 20)",0.0,43.0,5,interact,-0.0070999999999999735,0.0,0.0,-0.0070999999999999735,0.0,43.0,False,"(3, 3)",,"(2, 1)","soup('onion', 3, 20)","(2, 0):onion;(2, 2):soup('onion', 3, 20);(4, 0):soup('onion', 3, 20)","(3, 0):empty;(4, 0):soup('onion', 3, 20)"
234,1,"(0, 1)","(3, 3)","(0, 1)",,"(2, 1)","(0, -1)","soup('onion', 3, 20)","(2, 0):onion;(2, 2):soup('onion', 3, 20);(4, 0):soup('onion', 3, 20)","(3, 0):empty;(4, 0):soup('onion', 3, 20)",0.0,43.0,5,interact,-0.0070999999999999735,0.0,0.0,-0.0070999999999999735,0.0,43.0,False,"(3, 3)",,"(2, 1)","soup('onion', 3, 20)","(2, 0):onion;(2, 2):soup('onion', 3, 20);(4, 0):soup('onion', 3, 20)","(3, 0):empty;(4, 0):soup('onion', 3, 20)"
235,1,"(0, 1)","(3, 3)","(0, 1)",,"(2, 1)","(0, -1)","soup('onion', 3, 20)","(2, 0):onion;(2, 2):soup('onion', 3, 20);(4, 0):soup('onion', 3, 20)","(3, 0):empty;(4, 0):soup('onion', 3, 20)",0.0,43.0,5,interact,-0.0070999999999999735,0.0,0.0,-0.0070999999999999735,0.0,43.0,False,"(3, 3)",,"(2, 1)","soup('onion', 3, 20)","(2, 0):onion;(2, 2):soup('onion', 3, 20);(4, 0):soup('onion', 3, 20)","(3, 0):empty;(4, 0):soup('onion', 3, 20)"
236,1,"(0, 1)","(3, 3)","(0, 1)",,"(2, 1)","(0, -1)","soup('onion', 3, 20)","(2, 0):onion;(2, 2):soup('onion', 3, 20);(4, 0):soup('onion', 3, 20)","(3, 0):empty;(4, 0):soup('onion', 3, 20)",0.0,43.0,5,interact,-0.0070999999999999735,0.0,0.0,-0.0070999999999999735,0.0,43.0,False,"(3, 3)",,"(2, 1)","soup('onion', 3, 20)","(2, 0):onion;(2, 2):soup('onion', 3, 20);(4, 0):soup('onion', 3, 20)","(3, 0):empty;(4, 0):soup('onion', 3, 20)"
237,1,"(0, 1)","(3, 3)","(0, 1)",,"(2, 1)","(0, -1)","soup('onion', 3, 20)","(2, 0):onion;(2, 2):soup('onion', 3, 20);(4, 0):soup('onion', 3, 20)","(3, 0):empty;(4, 0):soup('onion', 3, 20)",0.0,43.0,5,interact,-0.0070999999999999735,0.0,0.0,-0.0070999999999999735,0.0,43.0,False,"(3, 3)",,"(2, 1)","soup('onion', 3, 20)","(2, 0):onion;(2, 2):soup('onion', 3, 20);(4, 0):soup('onion', 3, 20)","(3, 0):empty;(4, 0):soup('onion', 3, 20)"
238,1,"(0, 1)","(3, 3)","(0, 1)",,"(2, 1)","(0, -1)","soup('onion', 3, 20)","(2, 0):onion;(2, 2):soup('onion', 3, 20);(4, 0):soup('onion', 3, 20)","(3, 0):empty;(4, 0):soup('onion', 3, 20)",0.0,43.0,5,interact,-0.0070999999999999735,0.0,0.0,-0.0070999999999999735,0.0,43.0,False,"(3, 3)",,"(2, 1)","soup('onion', 3, 20)","(2, 0):onion;(2, 2):soup('onion', 3, 20);(4, 0):soup('onion', 3, 20)","(3, 0):empty;(4, 0):soup('onion', 3, 20)"
239,1,"(0, 1)","(3, 3)","(0, 1)",,"(2, 1)","(0, -1)","soup('onion', 3, 20)","(2, 0):onion;(2, 2):soup('onion', 3, 20);(4, 0):soup('onion', 3, 20)","(3, 0):empty;(4, 0):soup('onion', 3, 20)",0.0,43.0,5,interact,-0.0070999999999999735,0.0,0.0,-0.0070999999999999735,0.0,43.0,False,"(3, 3)",,"(2, 1)","soup('onion', 3, 20)","(2, 0):onion;(2, 2):soup('onion', 3, 20);(4, 0):soup('onion', 3, 20)","(3, 0):empty;(4, 0):soup('onion', 3, 20)"
240,1,"(0, 1)","(3, 3)","(0, 1)",,"(2, 1)","(0, -1)","soup('onion', 3, 20)","(2, 0):onion;(2, 2):soup('onion', 3, 20);(4, 0):soup('onion', 3, 20)","(3, 0):empty;(4, 0):soup('onion', 3, 20)",0.0,43.0,5,interact,-0.0070999999999999735,0.0,0.0,-0.0070999999999999735,0.0,43.0,False,"(3, 3)",,"(2, 1)","soup('onion', 3, 20)","(2, 0):onion;(2, 2):soup('onion', 3, 20);(4, 0):soup('onion', 3, 20)","(3, 0):empty;(4, 0):soup('onion', 3, 20)"
241,1,"(0, 1)","(3, 3)","(0, 1)",,"(2, 1)","(0, -1)","soup('onion', 3, 20)","(2, 0):onion;(2, 2):soup('onion', 3, 20);(4, 0):soup('onion', 3, 20)","(3, 0):empty;(4, 0):soup('onion', 3, 20)",0.0,43.0,5,interact,-0.0070999999999999735,0.0,0.0,-0.0070999999999999735,0.0,43.0,False,"(3, 3)",,"(2, 1)","soup('onion', 3, 20)","(2, 0):onion;(2, 2):soup('onion', 3, 20);(4, 0):soup('onion', 3, 20)","(3, 0):empty;(4, 0):soup('onion', 3, 20)"
242,1,"(0, 1)","(3, 3)","(0, 1)",,"(2, 1)","(0, -1)","soup('onion', 3, 20)","(2, 0):onion;(2, 2):soup('onion', 3, 20);(4, 0):soup('onion', 3, 20)","(3, 0):empty;(4, 0):soup('onion', 3, 20)",0.0,43.0,5,interact,-0.0070999999999999735,0.0,0.0,-0.0070999999999999735,0.0,43.0,False,"(3, 3)",,"(2, 1)","soup('onion', 3, 20)","(2, 0):onion;(2, 2):soup('onion', 3, 20);(4, 0):soup('onion', 3, 20)","(3, 0):empty;(4, 0):soup('onion', 3, 20)"
243,1,"(0, 1)","(3, 3)","(0, 1)",,"(2, 1)","(0, -1)","soup('onion', 3, 20)","(2, 0):onion;(2, 2):soup('onion', 3, 20);(4, 0):soup('onion', 3, 20)","(3, 0):empty;(4, 0):soup('onion', 3, 20)",0.0,43.0,5,interact,-0.0070999999999999735,0.0,0.0,-0.0070999999999999735,0.0,43.0,False,"(3, 3)",,"(2, 1)","soup('onion', 3, 20)","(2, 0):onion;(2, 2):soup('onion', 3, 20);(4, 0):soup('onion', 3, 20)","(3, 0):empty;(4, 0):soup('onion', 3, 20)"
244,1,"(0, 1)","(3, 3)","(0, 1)",,"(2, 1)","(0, -1)","soup('onion', 3, 20)","(2, 0):onion;(2, 2):soup('onion', 3, 20);(4, 0):soup('onion', 3, 20)","(3, 0):empty;(4, 0):soup('onion', 3, 20)",0.0,43.0,5,interact,-0.0070999999999999735,0.0,0.0,-0.0070999999999999735,0.0,43.0,False,"(3, 3)",,"(2, 1)","soup('onion', 3, 20)","(2, 0):onion;(2, 2):soup('onion', 3, 20);(4, 0):soup('onion', 3, 20)","(3, 0):empty;(4, 0):soup('onion', 3, 20)"
245,1,"(0, 1)","(3, 3)","(0, 1)",,"(2, 1)","(0, -1)","soup('onion', 3, 20)","(2, 0):onion;(2, 2):soup('onion', 3, 20);(4, 0):soup('onion', 3, 20)","(3, 0):empty;(4, 0):soup('onion', 3, 20)",0.0,43.0,5,interact,-0.0070999999999999735,0.0,0.0,-0.0070999999999999735,0.0,43.0,False,"(3, 3)",,"(2, 1)","soup('onion', 3, 20)","(2, 0):onion;(2, 2):soup('onion', 3, 20);(4, 0):soup('onion', 3, 20)","(3, 0):empty;(4, 0):soup('onion', 3, 20)"
246,1,"(0, 1)","(3, 3)","(0, 1)",,"(2, 1)","(0, -1)","soup('onion', 3, 20)","(2, 0):onion;(2, 2):soup('onion', 3, 20);(4, 0):soup('onion', 3, 20)","(3, 0):empty;(4, 0):soup('onion', 3, 20)",0.0,43.0,5,interact,-0.0070999999999999735,0.0,0.0,-0.0070999999999999735,0.0,43.0,False,"(3, 3)",,"(2, 1)","soup('onion', 3, 20)","(2, 0):onion;(2, 2):soup('onion', 3, 20);(4, 0):soup('onion', 3, 20)","(3, 0):empty;(4, 0):soup('onion', 3, 20)"
247,1,"(0, 1)","(3, 3)","(0, 1)",,"(2, 1)","(0, -1)","soup('onion', 3, 20)","(2, 0):onion;(2, 2):soup('onion', 3, 20);(4, 0):soup('onion', 3, 20)","(3, 0):empty;(4, 0):soup('onion', 3, 20)",0.0,43.0,5,interact,-0.0070999999999999735,0.0,0.0,-0.0070999999999999735,0.0,43.0,False,"(3, 3)",,"(2, 1)","soup('onion', 3, 20)","(2, 0):onion;(2, 2):soup('onion', 3, 20);(4, 0):soup('onion', 3, 20)","(3, 0):empty;(4, 0):soup('onion', 3, 20)"
248,1,"(0, 1)","(3, 3)","(0, 1)",,"(2, 1)","(0, -1)","soup('onion', 3, 20)","(2, 0):onion;(2, 2):soup('onion', 3, 20);(4, 0):soup('onion', 3, 20)","(3, 0):empty;(4, 0):soup('onion', 3, 20)",0.0,43.0,5,interact,-0.0070999999999999735,0.0,0.0,-0.0070999999999999735,0.0,43.0,False,"(3, 3)",,"(2, 1)","soup('onion', 3, 20)","(2, 0):onion;(2, 2):soup('onion', 3, 20);(4, 0):soup('onion', 3, 20)","(3, 0):empty;(4, 0):soup('onion', 3, 20)"
249,1,"(0, 1)","(3, 3)","(0, 1)",,"(2, 1)","(0, -1)","soup('onion', 3, 20)","(2, 0):onion;(2, 2):soup('onion', 3, 20);(4, 0):soup('onion', 3, 20)","(3, 0):empty;(4, 0):soup('onion', 3, 20)",0.0,43.0,5,interact,-0.0070999999999999735,0.0,0.0,-0.0070999999999999735,0.0,43.0,False,"(3, 3)",,"(2, 1)","soup('onion', 3, 20)","(2, 0):onion;(2, 2):soup('onion', 3, 20);(4, 0):soup('onion', 3, 20)","(3, 0):empty;(4, 0):soup('onion', 3, 20)"
250,1,"(0, 1)","(3, 3)","(0, 1)",,"(2, 1)","(0, -1)","soup('onion', 3, 20)","(2, 0):onion;(2, 2):soup('onion', 3, 20);(4, 0):soup('onion', 3, 20)","(3, 0):empty;(4, 0):soup('onion', 3, 20)",0.0,43.0,5,interact,-0.0070999999999999735,0.0,0.0,-0.0070999999999999735,0.0,43.0,False,"(3, 3)",,"(2, 1)","soup('onion', 3, 20)","(2, 0):onion;(2, 2):soup('onion', 3, 20);(4, 0):soup('onion', 3, 20)","(3, 0):empty;(4, 0):soup('onion', 3, 20)"
251,1,"(0, 1)","(3, 3)","(0, 1)",,"(2, 1)","(0, -1)","soup('onion', 3, 20)","(2, 0):onion;(2, 2):soup('onion', 3, 20);(4, 0):soup('onion', 3, 20)","(3, 0):empty;(4, 0):soup('onion', 3, 20)",0.0,43.0,5,interact,-0.0070999999999999735,0.0,0.0,-0.0070999999999999735,0.0,43.0,False,"(3, 3)",,"(2, 1)","soup('onion', 3, 20)","(2, 0):onion;(2, 2):soup('onion', 3, 20);(4, 0):soup('onion', 3, 20)","(3, 0):empty;(4, 0):soup('onion', 3, 20)"
252,1,"(0, 1)","(3, 3)","(0, 1)",,"(2, 1)","(0, -1)","soup('onion', 3, 20)","(2, 0):onion;(2, 2):soup('onion', 3, 20);(4, 0):soup('onion', 3, 20)","(3, 0):empty;(4, 0):soup('onion', 3, 20)",0.0,43.0,5,interact,-0.0070999999999999735,0.0,0.0,-0.0070999999999999735,0.0,43.0,False,"(3, 3)",,"(2, 1)","soup('onion', 3, 20)","(2, 0):onion;(2, 2):soup('onion', 3, 20);(4, 0):soup('onion', 3, 20)","(3, 0):empty;(4, 0):soup('onion', 3, 20)"
253,1,"(0, 1)","(3, 3)","(0, 1)",,"(2, 1)","(0, -1)","soup('onion', 3, 20)","(2, 0):onion;(2, 2):soup('onion', 3, 20);(4, 0):soup('onion', 3, 20)","(3, 0):empty;(4, 0):soup('onion', 3, 20)",0.0,43.0,5,interact,-0.0070999999999999735,0.0,0.0,-0.0070999999999999735,0.0,43.0,False,"(3, 3)",,"(2, 1)","soup('onion', 3, 20)","(2, 0):onion;(2, 2):soup('onion', 3, 20);(4, 0):soup('onion', 3, 20)","(3, 0):empty;(4, 0):soup('onion', 3, 20)"
254,1,"(0, 1)","(3, 3)","(0, 1)",,"(2, 1)","(0, -1)","soup('onion', 3, 20)","(2, 0):onion;(2, 2):soup('onion', 3, 20);(4, 0):soup('onion', 3, 20)","(3, 0):empty;(4, 0):soup('onion', 3, 20)",0.0,43.0,5,interact,-0.0070999999999999735,0.0,0.0,-0.0070999999999999735,0.0,43.0,False,"(3, 3)",,"(2, 1)","soup('onion', 3, 20)","(2, 0):onion;(2, 2):soup('onion', 3, 20);(4, 0):soup('onion', 3, 20)","(3, 0):empty;(4, 0):soup('onion', 3, 20)"
255,1,"(0, 1)","(3, 3)","(0, 1)",,"(2, 1)","(0, -1)","soup('onion', 3, 20)","(2, 0):onion;(2, 2):soup('onion', 3, 20);(4, 0):soup('onion', 3, 20)","(3, 0):empty;(4, 0):soup('onion', 3, 20)",0.0,43.0,5,interact,-0.0070999999999999735,0.0,0.0,-0.0070999999999999735,0.0,43.0,False,"(3, 3)",,"(2, 1)","soup('onion', 3, 20)","(2, 0):onion;(2, 2):soup('onion', 3, 20);(4, 0):soup('onion', 3, 20)","(3, 0):empty;(4, 0):soup('onion', 3, 20)"
256,1,"(0, 1)","(3, 3)","(0, 1)",,"(2, 1)","(0, -1)","soup('onion', 3, 20)","(2, 0):onion;(2, 2):soup('onion', 3, 20);(4, 0):soup('onion', 3, 20)","(3, 0):empty;(4, 0):soup('onion', 3, 20)",0.0,43.0,5,interact,-0.0070999999999999735,0.0,0.0,-0.0070999999999999735,0.0,43.0,False,"(3, 3)",,"(2, 1)","soup('onion', 3, 20)","(2, 0):onion;(2, 2):soup('onion', 3, 20);(4, 0):soup('onion', 3, 20)","(3, 0):empty;(4, 0):soup('onion', 3, 20)"
257,1,"(0, 1)","(3, 3)","(0, 1)",,"(2, 1)","(0, -1)","soup('onion', 3, 20)","(2, 0):onion;(2, 2):soup('onion', 3, 20);(4, 0):soup('onion', 3, 20)","(3, 0):empty;(4, 0):soup('onion', 3, 20)",0.0,43.0,5,interact,-0.0070999999999999735,0.0,0.0,-0.0070999999999999735,0.0,43.0,False,"(3, 3)",,"(2, 1)","soup('onion', 3, 20)","(2, 0):onion;(2, 2):soup('onion', 3, 20);(4, 0):soup('onion', 3, 20)","(3, 0):empty;(4, 0):soup('onion', 3, 20)"
258,1,"(0, 1)","(3, 3)","(0, 1)",,"(2, 1)","(0, -1)","soup('onion', 3, 20)","(2, 0):onion;(2, 2):soup('onion', 3, 20);(4, 0):soup('onion', 3, 20)","(3, 0):empty;(4, 0):soup('onion', 3, 20)",0.0,43.0,5,interact,-0.0070999999999999735,0.0,0.0,-0.0070999999999999735,0.0,43.0,False,"(3, 3)",,"(2, 1)","soup('onion', 3, 20)","(2, 0):onion;(2, 2):soup('onion', 3, 20);(4, 0):soup('onion', 3, 20)","(3, 0):empty;(4, 0):soup('onion', 3, 20)"
259,1,"(0, 1)","(3, 3)","(0, 1)",,"(2, 1)","(0, -1)","soup('onion', 3, 20)","(2, 0):onion;(2, 2):soup('onion', 3, 20);(4, 0):soup('onion', 3, 20)","(3, 0):empty;(4, 0):soup('onion', 3, 20)",0.0,43.0,5,interact,-0.0070999999999999735,0.0,0.0,-0.0070999999999999735,0.0,43.0,False,"(3, 3)",,"(2, 1)","soup('onion', 3, 20)","(2, 0):onion;(2, 2):soup('onion', 3, 20);(4, 0):soup('onion', 3, 20)","(3, 0):empty;(4, 0):soup('onion', 3, 20)"
260,1,"(0, 1)","(3, 3)","(0, 1)",,"(2, 1)","(0, -1)","soup('onion', 3, 20)","(2, 0):onion;(2, 2):soup('onion', 3, 20);(4, 0):soup('onion', 3, 20)","(3, 0):empty;(4, 0):soup('onion', 3, 20)",0.0,43.0,5,interact,-0.0070999999999999735,0.0,0.0,-0.0070999999999999735,0.0,43.0,False,"(3, 3)",,"(2, 1)","soup('onion', 3, 20)","(2, 0):onion;(2, 2):soup('onion', 3, 20);(4, 0):soup('onion', 3, 20)","(3, 0):empty;(4, 0):soup('onion', 3, 20)"
261,1,"(0, 1)","(3, 3)","(0, 1)",,"(2, 1)","(0, -1)","soup('onion', 3, 20)","(2, 0):onion;(2, 2):soup('onion', 3, 20);(4, 0):soup('onion', 3, 20)","(3, 0):empty;(4, 0):soup('onion', 3, 20)",0.0,43.0,5,interact,-0.0070999999999999735,0.0,0.0,-0.0070999999999999735,0.0,43.0,False,"(3, 3)",,"(2, 1)","soup('onion', 3, 20)","(2, 0):onion;(2, 2):soup('onion', 3, 20);(4, 0):soup('onion', 3, 20)","(3, 0):empty;(4, 0):soup('onion', 3, 20)"
262,1,"(0, 1)","(3, 3)","(0, 1)",,"(2, 1)","(0, -1)","soup('onion', 3, 20)","(2, 0):onion;(2, 2):soup('onion', 3, 20);(4, 0):soup('onion', 3, 20)","(3, 0):empty;(4, 0):soup('onion', 3, 20)",0.0,43.0,5,interact,-0.0070999999999999735,0.0,0.0,-0.0070999999999999735,0.0,43.0,False,"(3, 3)",,"(2, 1)","soup('onion', 3, 20)","(2, 0):onion;(2, 2):soup('onion', 3, 20);(4, 0):soup('onion', 3, 20)","(3, 0):empty;(4, 0):soup('onion', 3, 20)"
263,1,"(0, 1)","(3, 3)","(0, 1)",,"(2, 1)","(0, -1)","soup('onion', 3, 20)","(2, 0):onion;(2, 2):soup('onion', 3, 20);(4, 0):soup('onion', 3, 20)","(3, 0):empty;(4, 0):soup('onion', 3, 20)",0.0,43.0,5,interact,-0.0070999999999999735,0.0,0.0,-0.0070999999999999735,0.0,43.0,False,"(3, 3)",,"(2, 1)","soup('onion', 3, 20)","(2, 0):onion;(2, 2):soup('onion', 3, 20);(4, 0):soup('onion', 3, 20)","(3, 0):empty;(4, 0):soup('onion', 3, 20)"
264,1,"(0, 1)","(3, 3)","(0, 1)",,"(2, 1)","(0, -1)","soup('onion', 3, 20)","(2, 0):onion;(2, 2):soup('onion', 3, 20);(4, 0):soup('onion', 3, 20)","(3, 0):empty;(4, 0):soup('onion', 3, 20)",0.0,43.0,5,interact,-0.0070999999999999735,0.0,0.0,-0.0070999999999999735,0.0,43.0,False,"(3, 3)",,"(2, 1)","soup('onion', 3, 20)","(2, 0):onion;(2, 2):soup('onion', 3, 20);(4, 0):soup('onion', 3, 20)","(3, 0):empty;(4, 0):soup('onion', 3, 20)"
265,1,"(0, 1)","(3, 3)","(0, 1)",,"(2, 1)","(0, -1)","soup('onion', 3, 20)","(2, 0):onion;(2, 2):soup('onion', 3, 20);(4, 0):soup('onion', 3, 20)","(3, 0):empty;(4, 0):soup('onion', 3, 20)",0.0,43.0,5,interact,-0.0070999999999999735,0.0,0.0,-0.0070999999999999735,0.0,43.0,False,"(3, 3)",,"(2, 1)","soup('onion', 3, 20)","(2, 0):onion;(2, 2):soup('onion', 3, 20);(4, 0):soup('onion', 3, 20)","(3, 0):empty;(4, 0):soup('onion', 3, 20)"
266,1,"(0, 1)","(3, 3)","(0, 1)",,"(2, 1)","(0, -1)","soup('onion', 3, 20)","(2, 0):onion;(2, 2):soup('onion', 3, 20);(4, 0):soup('onion', 3, 20)","(3, 0):empty;(4, 0):soup('onion', 3, 20)",0.0,43.0,5,interact,-0.0070999999999999735,0.0,0.0,-0.0070999999999999735,0.0,43.0,False,"(3, 3)",,"(2, 1)","soup('onion', 3, 20)","(2, 0):onion;(2, 2):soup('onion', 3, 20);(4, 0):soup('onion', 3, 20)","(3, 0):empty;(4, 0):soup('onion', 3, 20)"
267,1,"(0, 1)","(3, 3)","(0, 1)",,"(2, 1)","(0, -1)","soup('onion', 3, 20)","(2, 0):onion;(2, 2):soup('onion', 3, 20);(4, 0):soup('onion', 3, 20)","(3, 0):empty;(4, 0):soup('onion', 3, 20)",0.0,43.0,5,interact,-0.0070999999999999735,0.0,0.0,-0.0070999999999999735,0.0,43.0,False,"(3, 3)",,"(2, 1)","soup('onion', 3, 20)","(2, 0):onion;(2, 2):soup('onion', 3, 20);(4, 0):soup('onion', 3, 20)","(3, 0):empty;(4, 0):soup('onion', 3, 20)"
268,1,"(0, 1)","(3, 3)","(0, 1)",,"(2, 1)","(0, -1)","soup('onion', 3, 20)","(2, 0):onion;(2, 2):soup('onion', 3, 20);(4, 0):soup('onion', 3, 20)","(3, 0):empty;(4, 0):soup('onion', 3, 20)",0.0,43.0,5,interact,-0.0070999999999999735,0.0,0.0,-0.0070999999999999735,0.0,43.0,False,"(3, 3)",,"(2, 1)","soup('onion', 3, 20)","(2, 0):onion;(2, 2):soup('onion', 3, 20);(4, 0):soup('onion', 3, 20)","(3, 0):empty;(4, 0):soup('onion', 3, 20)"
269,1,"(0, 1)","(3, 3)","(0, 1)",,"(2, 1)","(0, -1)","soup('onion', 3, 20)","(2, 0):onion;(2, 2):soup('onion', 3, 20);(4, 0):soup('onion', 3, 20)","(3, 0):empty;(4, 0):soup('onion', 3, 20)",0.0,43.0,5,interact,-0.0070999999999999735,0.0,0.0,-0.0070999999999999735,0.0,43.0,False,"(3, 3)",,"(2, 1)","soup('onion', 3, 20)","(2, 0):onion;(2, 2):soup('onion', 3, 20);(4, 0):soup('onion', 3, 20)","(3, 0):empty;(4, 0):soup('onion', 3, 20)"
270,1,"(0, 1)","(3, 3)","(0, 1)",,"(2, 1)","(0, -1)","soup('onion', 3, 20)","(2, 0):onion;(2, 2):soup('onion', 3, 20);(4, 0):soup('onion', 3, 20)","(3, 0):empty;(4, 0):soup('onion', 3, 20)",0.0,43.0,5,interact,-0.0070999999999999735,0.0,0.0,-0.0070999999999999735,0.0,43.0,False,"(3, 3)",,"(2, 1)","soup('onion', 3, 20)","(2, 0):onion;(2, 2):soup('onion', 3, 20);(4, 0):soup('onion', 3, 20)","(3, 0):empty;(4, 0):soup('onion', 3, 20)"
271,1,"(0, 1)","(3, 3)","(0, 1)",,"(2, 1)","(0, -1)","soup('onion', 3, 20)","(2, 0):onion;(2, 2):soup('onion', 3, 20);(4, 0):soup('onion', 3, 20)","(3, 0):empty;(4, 0):soup('onion', 3, 20)",0.0,43.0,5,interact,-0.0070999999999999735,0.0,0.0,-0.0070999999999999735,0.0,43.0,False,"(3, 3)",,"(2, 1)","soup('onion', 3, 20)","(2, 0):onion;(2, 2):soup('onion', 3, 20);(4, 0):soup('onion', 3, 20)","(3, 0):empty;(4, 0):soup('onion', 3, 20)"
272,1,"(0, 1)","(3, 3)","(0, 1)",,"(2, 1)","(0, -1)","soup('onion', 3, 20)","(2, 0):onion;(2, 2):soup('onion', 3, 20);(4, 0):soup('onion', 3, 20)","(3, 0):empty;(4, 0):soup('onion', 3, 20)",0.0,43.0,5,interact,-0.0070999999999999735,0.0,0.0,-0.0070999999999999735,0.0,43.0,False,"(3, 3)",,"(2, 1)","soup('onion', 3, 20)","(2, 0):onion;(2, 2):soup('onion', 3, 20);(4, 0):soup('onion', 3, 20)","(3, 0):empty;(4, 0):soup('onion', 3, 20)"
273,1,"(0, 1)","(3, 3)","(0, 1)",,"(2, 1)","(0, -1)","soup('onion', 3, 20)","(2, 0):onion;(2, 2):soup('onion', 3, 20);(4, 0):soup('onion', 3, 20)","(3, 0):empty;(4, 0):soup('onion', 3, 20)",0.0,43.0,5,interact,-0.0070999999999999735,0.0,0.0,-0.0070999999999999735,0.0,43.0,False,"(3, 3)",,"(2, 1)","soup('onion', 3, 20)","(2, 0):onion;(2, 2):soup('onion', 3, 20);(4, 0):soup('onion', 3, 20)","(3, 0):empty;(4, 0):soup('onion', 3, 20)"
274,1,"(0, 1)","(3, 3)","(0, 1)",,"(2, 1)","(0, -1)","soup('onion', 3, 20)","(2, 0):onion;(2, 2):soup('onion', 3, 20);(4, 0):soup('onion', 3, 20)","(3, 0):empty;(4, 0):soup('onion', 3, 20)",0.0,43.0,5,interact,-0.0070999999999999735,0.0,0.0,-0.0070999999999999735,0.0,43.0,False,"(3, 3)",,"(2, 1)","soup('onion', 3, 20)","(2, 0):onion;(2, 2):soup('onion', 3, 20);(4, 0):soup('onion', 3, 20)","(3, 0):empty;(4, 0):soup('onion', 3, 20)"
275,1,"(0, 1)","(3, 3)","(0, 1)",,"(2, 1)","(0, -1)","soup('onion', 3, 20)","(2, 0):onion;(2, 2):soup('onion', 3, 20);(4, 0):soup('onion', 3, 20)","(3, 0):empty;(4, 0):soup('onion', 3, 20)",0.0,43.0,5,interact,-0.0070999999999999735,0.0,0.0,-0.0070999999999999735,0.0,43.0,False,"(3, 3)",,"(2, 1)","soup('onion', 3, 20)","(2, 0):onion;(2, 2):soup('onion', 3, 20);(4, 0):soup('onion', 3, 20)","(3, 0):empty;(4, 0):soup('onion', 3, 20)"
276,1,"(0, 1)","(3, 3)","(0, 1)",,"(2, 1)","(0, -1)","soup('onion', 3, 20)","(2, 0):onion;(2, 2):soup('onion', 3, 20);(4, 0):soup('onion', 3, 20)","(3, 0):empty;(4, 0):soup('onion', 3, 20)",0.0,43.0,5,interact,-0.0070999999999999735,0.0,0.0,-0.0070999999999999735,0.0,43.0,False,"(3, 3)",,"(2, 1)","soup('onion', 3, 20)","(2, 0):onion;(2, 2):soup('onion', 3, 20);(4, 0):soup('onion', 3, 20)","(3, 0):empty;(4, 0):soup('onion', 3, 20)"
277,1,"(0, 1)","(3, 3)","(0, 1)",,"(2, 1)","(0, -1)","soup('onion', 3, 20)","(2, 0):onion;(2, 2):soup('onion', 3, 20);(4, 0):soup('onion', 3, 20)","(3, 0):empty;(4, 0):soup('onion', 3, 20)",0.0,43.0,5,interact,-0.0070999999999999735,0.0,0.0,-0.0070999999999999735,0.0,43.0,False,"(3, 3)",,"(2, 1)","soup('onion', 3, 20)","(2, 0):onion;(2, 2):soup('onion', 3, 20);(4, 0):soup('onion', 3, 20)","(3, 0):empty;(4, 0):soup('onion', 3, 20)"
278,1,"(0, 1)","(3, 3)","(0, 1)",,"(2, 1)","(0, -1)","soup('onion', 3, 20)","(2, 0):onion;(2, 2):soup('onion', 3, 20);(4, 0):soup('onion', 3, 20)","(3, 0):empty;(4, 0):soup('onion', 3, 20)",0.0,43.0,5,interact,-0.0070999999999999735,0.0,0.0,-0.0070999999999999735,0.0,43.0,False,"(3, 3)",,"(2, 1)","soup('onion', 3, 20)","(2, 0):onion;(2, 2):soup('onion', 3, 20);(4, 0):soup('onion', 3, 20)","(3, 0):empty;(4, 0):soup('onion', 3, 20)"
279,1,"(0, 1)","(3, 3)","(0, 1)",,"(2, 1)","(0, -1)","soup('onion', 3, 20)","(2, 0):onion;(2, 2):soup('onion', 3, 20);(4, 0):soup('onion', 3, 20)","(3, 0):empty;(4, 0):soup('onion', 3, 20)",0.0,43.0,5,interact,-0.0070999999999999735,0.0,0.0,-0.0070999999999999735,0.0,43.0,False,"(3, 3)",,"(2, 1)","soup('onion', 3, 20)","(2, 0):onion;(2, 2):soup('onion', 3, 20);(4, 0):soup('onion', 3, 20)","(3, 0):empty;(4, 0):soup('onion', 3, 20)"
280,1,"(0, 1)","(3, 3)","(0, 1)",,"(2, 1)","(0, -1)","soup('onion', 3, 20)","(2, 0):onion;(2, 2):soup('onion', 3, 20);(4, 0):soup('onion', 3, 20)","(3, 0):empty;(4, 0):soup('onion', 3, 20)",0.0,43.0,5,interact,-0.0070999999999999735,0.0,0.0,-0.0070999999999999735,0.0,43.0,False,"(3, 3)",,"(2, 1)","soup('onion', 3, 20)","(2, 0):onion;(2, 2):soup('onion', 3, 20);(4, 0):soup('onion', 3, 20)","(3, 0):empty;(4, 0):soup('onion', 3, 20)"
281,1,"(0, 1)","(3, 3)","(0, 1)",,"(2, 1)","(0, -1)","soup('onion', 3, 20)","(2, 0):onion;(2, 2):soup('onion', 3, 20);(4, 0):soup('onion', 3, 20)","(3, 0):empty;(4, 0):soup('onion', 3, 20)",0.0,43.0,5,interact,-0.0070999999999999735,0.0,0.0,-0.0070999999999999735,0.0,43.0,False,"(3, 3)",,"(2, 1)","soup('onion', 3, 20)","(2, 0):onion;(2, 2):soup('onion', 3, 20);(4, 0):soup('onion', 3, 20)","(3, 0):empty;(4, 0):soup('onion', 3, 20)"
282,1,"(0, 1)","(3, 3)","(0, 1)",,"(2, 1)","(0, -1)","soup('onion', 3, 20)","(2, 0):onion;(2, 2):soup('onion', 3, 20);(4, 0):soup('onion', 3, 20)","(3, 0):empty;(4, 0):soup('onion', 3, 20)",0.0,43.0,5,interact,-0.0070999999999999735,0.0,0.0,-0.0070999999999999735,0.0,43.0,False,"(3, 3)",,"(2, 1)","soup('onion', 3, 20)","(2, 0):onion;(2, 2):soup('onion', 3, 20);(4, 0):soup('onion', 3, 20)","(3, 0):empty;(4, 0):soup('onion', 3, 20)"
283,1,"(0, 1)","(3, 3)","(0, 1)",,"(2, 1)","(0, -1)","soup('onion', 3, 20)","(2, 0):onion;(2, 2):soup('onion', 3, 20);(4, 0):soup('onion', 3, 20)","(3, 0):empty;(4, 0):soup('onion', 3, 20)",0.0,43.0,5,interact,-0.0070999999999999735,0.0,0.0,-0.0070999999999999735,0.0,43.0,False,"(3, 3)",,"(2, 1)","soup('onion', 3, 20)","(2, 0):onion;(2, 2):soup('onion', 3, 20);(4, 0):soup('onion', 3, 20)","(3, 0):empty;(4, 0):soup('onion', 3, 20)"
284,1,"(0, 1)","(3, 3)","(0, 1)",,"(2, 1)","(0, -1)","soup('onion', 3, 20)","(2, 0):onion;(2, 2):soup('onion', 3, 20);(4, 0):soup('onion', 3, 20)","(3, 0):empty;(4, 0):soup('onion', 3, 20)",0.0,43.0,5,interact,-0.0070999999999999735,0.0,0.0,-0.0070999999999999735,0.0,43.0,False,"(3, 3)",,"(2, 1)","soup('onion', 3, 20)","(2, 0):onion;(2, 2):soup('onion', 3, 20);(4, 0):soup('onion', 3, 20)","(3, 0):empty;(4, 0):soup('onion', 3, 20)"
285,1,"(0, 1)","(3, 3)","(0, 1)",,"(2, 1)","(0, -1)","soup('onion', 3, 20)","(2, 0):onion;(2, 2):soup('onion', 3, 20);(4, 0):soup('onion', 3, 20)","(3, 0):empty;(4, 0):soup('onion', 3, 20)",0.0,43.0,5,interact,-0.0070999999999999735,0.0,0.0,-0.0070999999999999735,0.0,43.0,False,"(3, 3)",,"(2, 1)","soup('onion', 3, 20)","(2, 0):onion;(2, 2):soup('onion', 3, 20);(4, 0):soup('onion', 3, 20)","(3, 0):empty;(4, 0):soup('onion', 3, 20)"
286,1,"(0, 1)","(3, 3)","(0, 1)",,"(2, 1)","(0, -1)","soup('onion', 3, 20)","(2, 0):onion;(2, 2):soup('onion', 3, 20);(4, 0):soup('onion', 3, 20)","(3, 0):empty;(4, 0):soup('onion', 3, 20)",0.0,43.0,5,interact,-0.0070999999999999735,0.0,0.0,-0.0070999999999999735,0.0,43.0,False,"(3, 3)",,"(2, 1)","soup('onion', 3, 20)","(2, 0):onion;(2, 2):soup('onion', 3, 20);(4, 0):soup('onion', 3, 20)","(3, 0):empty;(4, 0):soup('onion', 3, 20)"
287,1,"(0, 1)","(3, 3)","(0, 1)",,"(2, 1)","(0, -1)","soup('onion', 3, 20)","(2, 0):onion;(2, 2):soup('onion', 3, 20);(4, 0):soup('onion', 3, 20)","(3, 0):empty;(4, 0):soup('onion', 3, 20)",0.0,43.0,5,interact,-0.0070999999999999735,0.0,0.0,-0.0070999999999999735,0.0,43.0,False,"(3, 3)",,"(2, 1)","soup('onion', 3, 20)","(2, 0):onion;(2, 2):soup('onion', 3, 20);(4, 0):soup('onion', 3, 20)","(3, 0):empty;(4, 0):soup('onion', 3, 20)"
288,1,"(0, 1)","(3, 3)","(0, 1)",,"(2, 1)","(0, -1)","soup('onion', 3, 20)","(2, 0):onion;(2, 2):soup('onion', 3, 20);(4, 0):soup('onion', 3, 20)","(3, 0):empty;(4, 0):soup('onion', 3, 20)",0.0,43.0,5,interact,-0.0070999999999999735,0.0,0.0,-0.0070999999999999735,0.0,43.0,False,"(3, 3)",,"(2, 1)","soup('onion', 3, 20)","(2, 0):onion;(2, 2):soup('onion', 3, 20);(4, 0):soup('onion', 3, 20)","(3, 0):empty;(4, 0):soup('onion', 3, 20)"
289,1,"(0, 1)","(3, 3)","(0, 1)",,"(2, 1)","(0, -1)","soup('onion', 3, 20)","(2, 0):onion;(2, 2):soup('onion', 3, 20);(4, 0):soup('onion', 3, 20)","(3, 0):empty;(4, 0):soup('onion', 3, 20)",0.0,43.0,5,interact,-0.0070999999999999735,0.0,0.0,-0.0070999999999999735,0.0,43.0,False,"(3, 3)",,"(2, 1)","soup('onion', 3, 20)","(2, 0):onion;(2, 2):soup('onion', 3, 20);(4, 0):soup('onion', 3, 20)","(3, 0):empty;(4, 0):soup('onion', 3, 20)"
290,1,"(0, 1)","(3, 3)","(0, 1)",,"(2, 1)","(0, -1)","soup('onion', 3, 20)","(2, 0):onion;(2, 2):soup('onion', 3, 20);(4, 0):soup('onion', 3, 20)","(3, 0):empty;(4, 0):soup('onion', 3, 20)",0.0,43.0,5,interact,-0.0070999999999999735,0.0,0.0,-0.0070999999999999735,0.0,43.0,False,"(3, 3)",,"(2, 1)","soup('onion', 3, 20)","(2, 0):onion;(2, 2):soup('onion', 3, 20);(4, 0):soup('onion', 3, 20)","(3, 0):empty;(4, 0):soup('onion', 3, 20)"
291,1,"(0, 1)","(3, 3)","(0, 1)",,"(2, 1)","(0, -1)","soup('onion', 3, 20)","(2, 0):onion;(2, 2):soup('onion', 3, 20);(4, 0):soup('onion', 3, 20)","(3, 0):empty;(4, 0):soup('onion', 3, 20)",0.0,43.0,5,interact,-0.0070999999999999735,0.0,0.0,-0.0070999999999999735,0.0,43.0,False,"(3, 3)",,"(2, 1)","soup('onion', 3, 20)","(2, 0):onion;(2, 2):soup('onion', 3, 20);(4, 0):soup('onion', 3, 20)","(3, 0):empty;(4, 0):soup('onion', 3, 20)"
292,1,"(0, 1)","(3, 3)","(0, 1)",,"(2, 1)","(0, -1)","soup('onion', 3, 20)","(2, 0):onion;(2, 2):soup('onion', 3, 20);(4, 0):soup('onion', 3, 20)","(3, 0):empty;(4, 0):soup('onion', 3, 20)",0.0,43.0,5,interact,-0.0070999999999999735,0.0,0.0,-0.0070999999999999735,0.0,43.0,False,"(3, 3)",,"(2, 1)","soup('onion', 3, 20)","(2, 0):onion;(2, 2):soup('onion', 3, 20);(4, 0):soup('onion', 3, 20)","(3, 0):empty;(4, 0):soup('onion', 3, 20)"
293,1,"(0, 1)","(3, 3)","(0, 1)",,"(2, 1)","(0, -1)","soup('onion', 3, 20)","(2, 0):onion;(2, 2):soup('onion', 3, 20);(4, 0):soup('onion', 3, 20)","(3, 0):empty;(4, 0):soup('onion', 3, 20)",0.0,43.0,5,interact,-0.0070999999999999735,0.0,0.0,-0.0070999999999999735,0.0,43.0,False,"(3, 3)",,"(2, 1)","soup('onion', 3, 20)","(2, 0):onion;(2, 2):soup('onion', 3, 20);(4, 0):soup('onion', 3, 20)","(3, 0):empty;(4, 0):soup('onion', 3, 20)"
294,1,"(0, 1)","(3, 3)","(0, 1)",,"(2, 1)","(0, -1)","soup('onion', 3, 20)","(2, 0):onion;(2, 2):soup('onion', 3, 20);(4, 0):soup('onion', 3, 20)","(3, 0):empty;(4, 0):soup('onion', 3, 20)",0.0,43.0,5,interact,-0.0070999999999999735,0.0,0.0,-0.0070999999999999735,0.0,43.0,False,"(3, 3)",,"(2, 1)","soup('onion', 3, 20)","(2, 0):onion;(2, 2):soup('onion', 3, 20);(4, 0):soup('onion', 3, 20)","(3, 0):empty;(4, 0):soup('onion', 3, 20)"
295,1,"(0, 1)","(3, 3)","(0, 1)",,"(2, 1)","(0, -1)","soup('onion', 3, 20)","(2, 0):onion;(2, 2):soup('onion', 3, 20);(4, 0):soup('onion', 3, 20)","(3, 0):empty;(4, 0):soup('onion', 3, 20)",0.0,43.0,5,interact,-0.0070999999999999735,0.0,0.0,-0.0070999999999999735,0.0,43.0,False,"(3, 3)",,"(2, 1)","soup('onion', 3, 20)","(2, 0):onion;(2, 2):soup('onion', 3, 20);(4, 0):soup('onion', 3, 20)","(3, 0):empty;(4, 0):soup('onion', 3, 20)"
296,1,"(0, 1)","(3, 3)","(0, 1)",,"(2, 1)","(0, -1)","soup('onion', 3, 20)","(2, 0):onion;(2, 2):soup('onion', 3, 20);(4, 0):soup('onion', 3, 20)","(3, 0):empty;(4, 0):soup('onion', 3, 20)",0.0,43.0,5,interact,-0.0070999999999999735,0.0,0.0,-0.0070999999999999735,0.0,43.0,False,"(3, 3)",,"(2, 1)","soup('onion', 3, 20)","(2, 0):onion;(2, 2):soup('onion', 3, 20);(4, 0):soup('onion', 3, 20)","(3, 0):empty;(4, 0):soup('onion', 3, 20)"
297,1,"(0, 1)","(3, 3)","(0, 1)",,"(2, 1)","(0, -1)","soup('onion', 3, 20)","(2, 0):onion;(2, 2):soup('onion', 3, 20);(4, 0):soup('onion', 3, 20)","(3, 0):empty;(4, 0):soup('onion', 3, 20)",0.0,43.0,5,interact,-0.0070999999999999735,0.0,0.0,-0.0070999999999999735,0.0,43.0,False,"(3, 3)",,"(2, 1)","soup('onion', 3, 20)","(2, 0):onion;(2, 2):soup('onion', 3, 20);(4, 0):soup('onion', 3, 20)","(3, 0):empty;(4, 0):soup('onion', 3, 20)"
298,1,"(0, 1)","(3, 3)","(0, 1)",,"(2, 1)","(0, -1)","soup('onion', 3, 20)","(2, 0):onion;(2, 2):soup('onion', 3, 20);(4, 0):soup('onion', 3, 20)","(3, 0):empty;(4, 0):soup('onion', 3, 20)",0.0,43.0,5,interact,-0.0070999999999999735,0.0,0.0,-0.0070999999999999735,0.0,43.0,False,"(3, 3)",,"(2, 1)","soup('onion', 3, 20)","(2, 0):onion;(2, 2):soup('onion', 3, 20);(4, 0):soup('onion', 3, 20)","(3, 0):empty;(4, 0):soup('onion', 3, 20)"
299,1,"(0, 1)","(3, 3)","(0, 1)",,"(2, 1)","(0, -1)","soup('onion', 3, 20)","(2, 0):onion;(2, 2):soup('onion', 3, 20);(4, 0):soup('onion', 3, 20)","(3, 0):empty;(4, 0):soup('onion', 3, 20)",0.0,43.0,5,interact,-0.0070999999999999735,0.0,0.0,-0.0070999999999999735,0.0,43.0,False,"(3, 3)",,"(2, 1)","soup('onion', 3, 20)","(2, 0):onion;(2, 2):soup('onion', 3, 20);(4, 0):soup('onion', 3, 20)","(3, 0):empty;(4, 0):soup('onion', 3, 20)"
300,1,"(0, 1)","(3, 3)","(0, 1)",,"(2, 1)","(0, -1)","soup('onion', 3, 20)","(2, 0):onion;(2, 2):soup('onion', 3, 20);(4, 0):soup('onion', 3, 20)","(3, 0):empty;(4, 0):soup('onion', 3, 20)",0.0,43.0,5,interact,-0.0070999999999999735,0.0,0.0,-0.0070999999999999735,0.0,43.0,False,"(3, 3)",,"(2, 1)","soup('onion', 3, 20)","(2, 0):onion;(2, 2):soup('onion', 3, 20);(4, 0):soup('onion', 3, 20)","(3, 0):empty;(4, 0):soup('onion', 3, 20)"
301,1,"(0, 1)","(3, 3)","(0, 1)",,"(2, 1)","(0, -1)","soup('onion', 3, 20)","(2, 0):onion;(2, 2):soup('onion', 3, 20);(4, 0):soup('onion', 3, 20)","(3, 0):empty;(4, 0):soup('onion', 3, 20)",0.0,43.0,5,interact,-0.0070999999999999735,0.0,0.0,-0.0070999999999999735,0.0,43.0,False,"(3, 3)",,"(2, 1)","soup('onion', 3, 20)","(2, 0):onion;(2, 2):soup('onion', 3, 20);(4, 0):soup('onion', 3, 20)","(3, 0):empty;(4, 0):soup('onion', 3, 20)"
302,1,"(0, 1)","(3, 3)","(0, 1)",,"(2, 1)","(0, -1)","soup('onion', 3, 20)","(2, 0):onion;(2, 2):soup('onion', 3, 20);(4, 0):soup('onion', 3, 20)","(3, 0):empty;(4, 0):soup('onion', 3, 20)",0.0,43.0,5,interact,-0.0070999999999999735,0.0,0.0,-0.0070999999999999735,0.0,43.0,False,"(3, 3)",,"(2, 1)","soup('onion', 3, 20)","(2, 0):onion;(2, 2):soup('onion', 3, 20);(4, 0):soup('onion', 3, 20)","(3, 0):empty;(4, 0):soup('onion', 3, 20)"
303,1,"(0, 1)","(3, 3)","(0, 1)",,"(2, 1)","(0, -1)","soup('onion', 3, 20)","(2, 0):onion;(2, 2):soup('onion', 3, 20);(4, 0):soup('onion', 3, 20)","(3, 0):empty;(4, 0):soup('onion', 3, 20)",0.0,43.0,5,interact,-0.0070999999999999735,0.0,0.0,-0.0070999999999999735,0.0,43.0,False,"(3, 3)",,"(2, 1)","soup('onion', 3, 20)","(2, 0):onion;(2, 2):soup('onion', 3, 20);(4, 0):soup('onion', 3, 20)","(3, 0):empty;(4, 0):soup('onion', 3, 20)"
304,1,"(0, 1)","(3, 3)","(0, 1)",,"(2, 1)","(0, -1)","soup('onion', 3, 20)","(2, 0):onion;(2, 2):soup('onion', 3, 20);(4, 0):soup('onion', 3, 20)","(3, 0):empty;(4, 0):soup('onion', 3, 20)",0.0,43.0,5,interact,-0.0070999999999999735,0.0,0.0,-0.0070999999999999735,0.0,43.0,False,"(3, 3)",,"(2, 1)","soup('onion', 3, 20)","(2, 0):onion;(2, 2):soup('onion', 3, 20);(4, 0):soup('onion', 3, 20)","(3, 0):empty;(4, 0):soup('onion', 3, 20)"
305,1,"(0, 1)","(3, 3)","(0, 1)",,"(2, 1)","(0, -1)","soup('onion', 3, 20)","(2, 0):onion;(2, 2):soup('onion', 3, 20);(4, 0):soup('onion', 3, 20)","(3, 0):empty;(4, 0):soup('onion', 3, 20)",0.0,43.0,5,interact,-0.0070999999999999735,0.0,0.0,-0.0070999999999999735,0.0,43.0,False,"(3, 3)",,"(2, 1)","soup('onion', 3, 20)","(2, 0):onion;(2, 2):soup('onion', 3, 20);(4, 0):soup('onion', 3, 20)","(3, 0):empty;(4, 0):soup('onion', 3, 20)"
306,1,"(0, 1)","(3, 3)","(0, 1)",,"(2, 1)","(0, -1)","soup('onion', 3, 20)","(2, 0):onion;(2, 2):soup('onion', 3, 20);(4, 0):soup('onion', 3, 20)","(3, 0):empty;(4, 0):soup('onion', 3, 20)",0.0,43.0,5,interact,-0.0070999999999999735,0.0,0.0,-0.0070999999999999735,0.0,43.0,False,"(3, 3)",,"(2, 1)","soup('onion', 3, 20)","(2, 0):onion;(2, 2):soup('onion', 3, 20);(4, 0):soup('onion', 3, 20)","(3, 0):empty;(4, 0):soup('onion', 3, 20)"
307,1,"(0, 1)","(3, 3)","(0, 1)",,"(2, 1)","(0, -1)","soup('onion', 3, 20)","(2, 0):onion;(2, 2):soup('onion', 3, 20);(4, 0):soup('onion', 3, 20)","(3, 0):empty;(4, 0):soup('onion', 3, 20)",0.0,43.0,5,interact,-0.0070999999999999735,0.0,0.0,-0.0070999999999999735,0.0,43.0,False,"(3, 3)",,"(2, 1)","soup('onion', 3, 20)","(2, 0):onion;(2, 2):soup('onion', 3, 20);(4, 0):soup('onion', 3, 20)","(3, 0):empty;(4, 0):soup('onion', 3, 20)"
308,1,"(0, 1)","(3, 3)","(0, 1)",,"(2, 1)","(0, -1)","soup('onion', 3, 20)","(2, 0):onion;(2, 2):soup('onion', 3, 20);(4, 0):soup('onion', 3, 20)","(3, 0):empty;(4, 0):soup('onion', 3, 20)",0.0,43.0,5,interact,-0.0070999999999999735,0.0,0.0,-0.0070999999999999735,0.0,43.0,False,"(3, 3)",,"(2, 1)","soup('onion', 3, 20)","(2, 0):onion;(2, 2):soup('onion', 3, 20);(4, 0):soup('onion', 3, 20)","(3, 0):empty;(4, 0):soup('onion', 3, 20)"
309,1,"(0, 1)","(3, 3)","(0, 1)",,"(2, 1)","(0, -1)","soup('onion', 3, 20)","(2, 0):onion;(2, 2):soup('onion', 3, 20);(4, 0):soup('onion', 3, 20)","(3, 0):empty;(4, 0):soup('onion', 3, 20)",0.0,43.0,5,interact,-0.0070999999999999735,0.0,0.0,-0.0070999999999999735,0.0,43.0,False,"(3, 3)",,"(2, 1)","soup('onion', 3, 20)","(2, 0):onion;(2, 2):soup('onion', 3, 20);(4, 0):soup('onion', 3, 20)","(3, 0):empty;(4, 0):soup('onion', 3, 20)"
310,1,"(0, 1)","(3, 3)","(0, 1)",,"(2, 1)","(0, -1)","soup('onion', 3, 20)","(2, 0):onion;(2, 2):soup('onion', 3, 20);(4, 0):soup('onion', 3, 20)","(3, 0):empty;(4, 0):soup('onion', 3, 20)",0.0,43.0,5,interact,-0.0070999999999999735,0.0,0.0,-0.0070999999999999735,0.0,43.0,False,"(3, 3)",,"(2, 1)","soup('onion', 3, 20)","(2, 0):onion;(2, 2):soup('onion', 3, 20);(4, 0):soup('onion', 3, 20)","(3, 0):empty;(4, 0):soup('onion', 3, 20)"
311,1,"(0, 1)","(3, 3)","(0, 1)",,"(2, 1)","(0, -1)","soup('onion', 3, 20)","(2, 0):onion;(2, 2):soup('onion', 3, 20);(4, 0):soup('onion', 3, 20)","(3, 0):empty;(4, 0):soup('onion', 3, 20)",0.0,43.0,5,interact,-0.0070999999999999735,0.0,0.0,-0.0070999999999999735,0.0,43.0,False,"(3, 3)",,"(2, 1)","soup('onion', 3, 20)","(2, 0):onion;(2, 2):soup('onion', 3, 20);(4, 0):soup('onion', 3, 20)","(3, 0):empty;(4, 0):soup('onion', 3, 20)"
312,1,"(0, 1)","(3, 3)","(0, 1)",,"(2, 1)","(0, -1)","soup('onion', 3, 20)","(2, 0):onion;(2, 2):soup('onion', 3, 20);(4, 0):soup('onion', 3, 20)","(3, 0):empty;(4, 0):soup('onion', 3, 20)",0.0,43.0,5,interact,-0.0070999999999999735,0.0,0.0,-0.0070999999999999735,0.0,43.0,False,"(3, 3)",,"(2, 1)","soup('onion', 3, 20)","(2, 0):onion;(2, 2):soup('onion', 3, 20);(4, 0):soup('onion', 3, 20)","(3, 0):empty;(4, 0):soup('onion', 3, 20)"
313,1,"(0, 1)","(3, 3)","(0, 1)",,"(2, 1)","(0, -1)","soup('onion', 3, 20)","(2, 0):onion;(2, 2):soup('onion', 3, 20);(4, 0):soup('onion', 3, 20)","(3, 0):empty;(4, 0):soup('onion', 3, 20)",0.0,43.0,5,interact,-0.0070999999999999735,0.0,0.0,-0.0070999999999999735,0.0,43.0,False,"(3, 3)",,"(2, 1)","soup('onion', 3, 20)","(2, 0):onion;(2, 2):soup('onion', 3, 20);(4, 0):soup('onion', 3, 20)","(3, 0):empty;(4, 0):soup('onion', 3, 20)"
314,1,"(0, 1)","(3, 3)","(0, 1)",,"(2, 1)","(0, -1)","soup('onion', 3, 20)","(2, 0):onion;(2, 2):soup('onion', 3, 20);(4, 0):soup('onion', 3, 20)","(3, 0):empty;(4, 0):soup('onion', 3, 20)",0.0,43.0,5,interact,-0.0070999999999999735,0.0,0.0,-0.0070999999999999735,0.0,43.0,False,"(3, 3)",,"(2, 1)","soup('onion', 3, 20)","(2, 0):onion;(2, 2):soup('onion', 3, 20);(4, 0):soup('onion', 3, 20)","(3, 0):empty;(4, 0):soup('onion', 3, 20)"
315,1,"(0, 1)","(3, 3)","(0, 1)",,"(2, 1)","(0, -1)","soup('onion', 3, 20)","(2, 0):onion;(2, 2):soup('onion', 3, 20);(4, 0):soup('onion', 3, 20)","(3, 0):empty;(4, 0):soup('onion', 3, 20)",0.0,43.0,5,interact,-0.0070999999999999735,0.0,0.0,-0.0070999999999999735,0.0,43.0,False,"(3, 3)",,"(2, 1)","soup('onion', 3, 20)","(2, 0):onion;(2, 2):soup('onion', 3, 20);(4, 0):soup('onion', 3, 20)","(3, 0):empty;(4, 0):soup('onion', 3, 20)"
316,1,"(0, 1)","(3, 3)","(0, 1)",,"(2, 1)","(0, -1)","soup('onion', 3, 20)","(2, 0):onion;(2, 2):soup('onion', 3, 20);(4, 0):soup('onion', 3, 20)","(3, 0):empty;(4, 0):soup('onion', 3, 20)",0.0,43.0,5,interact,-0.0070999999999999735,0.0,0.0,-0.0070999999999999735,0.0,43.0,False,"(3, 3)",,"(2, 1)","soup('onion', 3, 20)","(2, 0):onion;(2, 2):soup('onion', 3, 20);(4, 0):soup('onion', 3, 20)","(3, 0):empty;(4, 0):soup('onion', 3, 20)"
317,1,"(0, 1)","(3, 3)","(0, 1)",,"(2, 1)","(0, -1)","soup('onion', 3, 20)","(2, 0):onion;(2, 2):soup('onion', 3, 20);(4, 0):soup('onion', 3, 20)","(3, 0):empty;(4, 0):soup('onion', 3, 20)",0.0,43.0,5,interact,-0.0070999999999999735,0.0,0.0,-0.0070999999999999735,0.0,43.0,False,"(3, 3)",,"(2, 1)","soup('onion', 3, 20)","(2, 0):onion;(2, 2):soup('onion', 3, 20);(4, 0):soup('onion', 3, 20)","(3, 0):empty;(4, 0):soup('onion', 3, 20)"
318,1,"(0, 1)","(3, 3)","(0, 1)",,"(2, 1)","(0, -1)","soup('onion', 3, 20)","(2, 0):onion;(2, 2):soup('onion', 3, 20);(4, 0):soup('onion', 3, 20)","(3, 0):empty;(4, 0):soup('onion', 3, 20)",0.0,43.0,5,interact,-0.0070999999999999735,0.0,0.0,-0.0070999999999999735,0.0,43.0,False,"(3, 3)",,"(2, 1)","soup('onion', 3, 20)","(2, 0):onion;(2, 2):soup('onion', 3, 20);(4, 0):soup('onion', 3, 20)","(3, 0):empty;(4, 0):soup('onion', 3, 20)"
319,1,"(0, 1)","(3, 3)","(0, 1)",,"(2, 1)","(0, -1)","soup('onion', 3, 20)","(2, 0):onion;(2, 2):soup('onion', 3, 20);(4, 0):soup('onion', 3, 20)","(3, 0):empty;(4, 0):soup('onion', 3, 20)",0.0,43.0,5,interact,-0.0070999999999999735,0.0,0.0,-0.0070999999999999735,0.0,43.0,False,"(3, 3)",,"(2, 1)","soup('onion', 3, 20)","(2, 0):onion;(2, 2):soup('onion', 3, 20);(4, 0):soup('onion', 3, 20)","(3, 0):empty;(4, 0):soup('onion', 3, 20)"
320,1,"(0, 1)","(3, 3)","(0, 1)",,"(2, 1)","(0, -1)","soup('onion', 3, 20)","(2, 0):onion;(2, 2):soup('onion', 3, 20);(4, 0):soup('onion', 3, 20)","(3, 0):empty;(4, 0):soup('onion', 3, 20)",0.0,43.0,5,interact,-0.0070999999999999735,0.0,0.0,-0.0070999999999999735,0.0,43.0,False,"(3, 3)",,"(2, 1)","soup('onion', 3, 20)","(2, 0):onion;(2, 2):soup('onion', 3, 20);(4, 0):soup('onion', 3, 20)","(3, 0):empty;(4, 0):soup('onion', 3, 20)"
321,1,"(0, 1)","(3, 3)","(0, 1)",,"(2, 1)","(0, -1)","soup('onion', 3, 20)","(2, 0):onion;(2, 2):soup('onion', 3, 20);(4, 0):soup('onion', 3, 20)","(3, 0):empty;(4, 0):soup('onion', 3, 20)",0.0,43.0,5,interact,-0.0070999999999999735,0.0,0.0,-0.0070999999999999735,0.0,43.0,False,"(3, 3)",,"(2, 1)","soup('onion', 3, 20)","(2, 0):onion;(2, 2):soup('onion', 3, 20);(4, 0):soup('onion', 3, 20)","(3, 0):empty;(4, 0):soup('onion', 3, 20)"
322,1,"(0, 1)","(3, 3)","(0, 1)",,"(2, 1)","(0, -1)","soup('onion', 3, 20)","(2, 0):onion;(2, 2):soup('onion', 3, 20);(4, 0):soup('onion', 3, 20)","(3, 0):empty;(4, 0):soup('onion', 3, 20)",0.0,43.0,5,interact,-0.0070999999999999735,0.0,0.0,-0.0070999999999999735,0.0,43.0,False,"(3, 3)",,"(2, 1)","soup('onion', 3, 20)","(2, 0):onion;(2, 2):soup('onion', 3, 20);(4, 0):soup('onion', 3, 20)","(3, 0):empty;(4, 0):soup('onion', 3, 20)"
323,1,"(0, 1)","(3, 3)","(0, 1)",,"(2, 1)","(0, -1)","soup('onion', 3, 20)","(2, 0):onion;(2, 2):soup('onion', 3, 20);(4, 0):soup('onion', 3, 20)","(3, 0):empty;(4, 0):soup('onion', 3, 20)",0.0,43.0,5,interact,-0.0070999999999999735,0.0,0.0,-0.0070999999999999735,0.0,43.0,False,"(3, 3)",,"(2, 1)","soup('onion', 3, 20)","(2, 0):onion;(2, 2):soup('onion', 3, 20);(4, 0):soup('onion', 3, 20)","(3, 0):empty;(4, 0):soup('onion', 3, 20)"
324,1,"(0, 1)","(3, 3)","(0, 1)",,"(2, 1)","(0, -1)","soup('onion', 3, 20)","(2, 0):onion;(2, 2):soup('onion', 3, 20);(4, 0):soup('onion', 3, 20)","(3, 0):empty;(4, 0):soup('onion', 3, 20)",0.0,43.0,5,interact,-0.0070999999999999735,0.0,0.0,-0.0070999999999999735,0.0,43.0,False,"(3, 3)",,"(2, 1)","soup('onion', 3, 20)","(2, 0):onion;(2, 2):soup('onion', 3, 20);(4, 0):soup('onion', 3, 20)","(3, 0):empty;(4, 0):soup('onion', 3, 20)"
325,1,"(0, 1)","(3, 3)","(0, 1)",,"(2, 1)","(0, -1)","soup('onion', 3, 20)","(2, 0):onion;(2, 2):soup('onion', 3, 20);(4, 0):soup('onion', 3, 20)","(3, 0):empty;(4, 0):soup('onion', 3, 20)",0.0,43.0,5,interact,-0.0070999999999999735,0.0,0.0,-0.0070999999999999735,0.0,43.0,False,"(3, 3)",,"(2, 1)","soup('onion', 3, 20)","(2, 0):onion;(2, 2):soup('onion', 3, 20);(4, 0):soup('onion', 3, 20)","(3, 0):empty;(4, 0):soup('onion', 3, 20)"
326,1,"(0, 1)","(3, 3)","(0, 1)",,"(2, 1)","(0, -1)","soup('onion', 3, 20)","(2, 0):onion;(2, 2):soup('onion', 3, 20);(4, 0):soup('onion', 3, 20)","(3, 0):empty;(4, 0):soup('onion', 3, 20)",0.0,43.0,5,interact,-0.0070999999999999735,0.0,0.0,-0.0070999999999999735,0.0,43.0,False,"(3, 3)",,"(2, 1)","soup('onion', 3, 20)","(2, 0):onion;(2, 2):soup('onion', 3, 20);(4, 0):soup('onion', 3, 20)","(3, 0):empty;(4, 0):soup('onion', 3, 20)"
327,1,"(0, 1)","(3, 3)","(0, 1)",,"(2, 1)","(0, -1)","soup('onion', 3, 20)","(2, 0):onion;(2, 2):soup('onion', 3, 20);(4, 0):soup('onion', 3, 20)","(3, 0):empty;(4, 0):soup('onion', 3, 20)",0.0,43.0,5,interact,-0.0070999999999999735,0.0,0.0,-0.0070999999999999735,0.0,43.0,False,"(3, 3)",,"(2, 1)","soup('onion', 3, 20)","(2, 0):onion;(2, 2):soup('onion', 3, 20);(4, 0):soup('onion', 3, 20)","(3, 0):empty;(4, 0):soup('onion', 3, 20)"
328,1,"(0, 1)","(3, 3)","(0, 1)",,"(2, 1)","(0, -1)","soup('onion', 3, 20)","(2, 0):onion;(2, 2):soup('onion', 3, 20);(4, 0):soup('onion', 3, 20)","(3, 0):empty;(4, 0):soup('onion', 3, 20)",0.0,43.0,5,interact,-0.0070999999999999735,0.0,0.0,-0.0070999999999999735,0.0,43.0,False,"(3, 3)",,"(2, 1)","soup('onion', 3, 20)","(2, 0):onion;(2, 2):soup('onion', 3, 20);(4, 0):soup('onion', 3, 20)","(3, 0):empty;(4, 0):soup('onion', 3, 20)"
329,1,"(0, 1)","(3, 3)","(0, 1)",,"(2, 1)","(0, -1)","soup('onion', 3, 20)","(2, 0):onion;(2, 2):soup('onion', 3, 20);(4, 0):soup('onion', 3, 20)","(3, 0):empty;(4, 0):soup('onion', 3, 20)",0.0,43.0,5,interact,-0.0070999999999999735,0.0,0.0,-0.0070999999999999735,0.0,43.0,False,"(3, 3)",,"(2, 1)","soup('onion', 3, 20)","(2, 0):onion;(2, 2):soup('onion', 3, 20);(4, 0):soup('onion', 3, 20)","(3, 0):empty;(4, 0):soup('onion', 3, 20)"
330,1,"(0, 1)","(3, 3)","(0, 1)",,"(2, 1)","(0, -1)","soup('onion', 3, 20)","(2, 0):onion;(2, 2):soup('onion', 3, 20);(4, 0):soup('onion', 3, 20)","(3, 0):empty;(4, 0):soup('onion', 3, 20)",0.0,43.0,5,interact,-0.0070999999999999735,0.0,0.0,-0.0070999999999999735,0.0,43.0,False,"(3, 3)",,"(2, 1)","soup('onion', 3, 20)","(2, 0):onion;(2, 2):soup('onion', 3, 20);(4, 0):soup('onion', 3, 20)","(3, 0):empty;(4, 0):soup('onion', 3, 20)"
331,1,"(0, 1)","(3, 3)","(0, 1)",,"(2, 1)","(0, -1)","soup('onion', 3, 20)","(2, 0):onion;(2, 2):soup('onion', 3, 20);(4, 0):soup('onion', 3, 20)","(3, 0):empty;(4, 0):soup('onion', 3, 20)",0.0,43.0,5,interact,-0.0070999999999999735,0.0,0.0,-0.0070999999999999735,0.0,43.0,False,"(3, 3)",,"(2, 1)","soup('onion', 3, 20)","(2, 0):onion;(2, 2):soup('onion', 3, 20);(4, 0):soup('onion', 3, 20)","(3, 0):empty;(4, 0):soup('onion', 3, 20)"
332,1,"(0, 1)","(3, 3)","(0, 1)",,"(2, 1)","(0, -1)","soup('onion', 3, 20)","(2, 0):onion;(2, 2):soup('onion', 3, 20);(4, 0):soup('onion', 3, 20)","(3, 0):empty;(4, 0):soup('onion', 3, 20)",0.0,43.0,5,interact,-0.0070999999999999735,0.0,0.0,-0.0070999999999999735,0.0,43.0,False,"(3, 3)",,"(2, 1)","soup('onion', 3, 20)","(2, 0):onion;(2, 2):soup('onion', 3, 20);(4, 0):soup('onion', 3, 20)","(3, 0):empty;(4, 0):soup('onion', 3, 20)"
333,1,"(0, 1)","(3, 3)","(0, 1)",,"(2, 1)","(0, -1)","soup('onion', 3, 20)","(2, 0):onion;(2, 2):soup('onion', 3, 20);(4, 0):soup('onion', 3, 20)","(3, 0):empty;(4, 0):soup('onion', 3, 20)",0.0,43.0,5,interact,-0.0070999999999999735,0.0,0.0,-0.0070999999999999735,0.0,43.0,False,"(3, 3)",,"(2, 1)","soup('onion', 3, 20)","(2, 0):onion;(2, 2):soup('onion', 3, 20);(4, 0):soup('onion', 3, 20)","(3, 0):empty;(4, 0):soup('onion', 3, 20)"
334,1,"(0, 1)","(3, 3)","(0, 1)",,"(2, 1)","(0, -1)","soup('onion', 3, 20)","(2, 0):onion;(2, 2):soup('onion', 3, 20);(4, 0):soup('onion', 3, 20)","(3, 0):empty;(4, 0):soup('onion', 3, 20)",0.0,43.0,5,interact,-0.0070999999999999735,0.0,0.0,-0.0070999999999999735,0.0,43.0,False,"(3, 3)",,"(2, 1)","soup('onion', 3, 20)","(2, 0):onion;(2, 2):soup('onion', 3, 20);(4, 0):soup('onion', 3, 20)","(3, 0):empty;(4, 0):soup('onion', 3, 20)"
335,1,"(0, 1)","(3, 3)","(0, 1)",,"(2, 1)","(0, -1)","soup('onion', 3, 20)","(2, 0):onion;(2, 2):soup('onion', 3, 20);(4, 0):soup('onion', 3, 20)","(3, 0):empty;(4, 0):soup('onion', 3, 20)",0.0,43.0,5,interact,-0.0070999999999999735,0.0,0.0,-0.0070999999999999735,0.0,43.0,False,"(3, 3)",,"(2, 1)","soup('onion', 3, 20)","(2, 0):onion;(2, 2):soup('onion', 3, 20);(4, 0):soup('onion', 3, 20)","(3, 0):empty;(4, 0):soup('onion', 3, 20)"
336,1,"(0, 1)","(3, 3)","(0, 1)",,"(2, 1)","(0, -1)","soup('onion', 3, 20)","(2, 0):onion;(2, 2):soup('onion', 3, 20);(4, 0):soup('onion', 3, 20)","(3, 0):empty;(4, 0):soup('onion', 3, 20)",0.0,43.0,5,interact,-0.0070999999999999735,0.0,0.0,-0.0070999999999999735,0.0,43.0,False,"(3, 3)",,"(2, 1)","soup('onion', 3, 20)","(2, 0):onion;(2, 2):soup('onion', 3, 20);(4, 0):soup('onion', 3, 20)","(3, 0):empty;(4, 0):soup('onion', 3, 20)"
337,1,"(0, 1)","(3, 3)","(0, 1)",,"(2, 1)","(0, -1)","soup('onion', 3, 20)","(2, 0):onion;(2, 2):soup('onion', 3, 20);(4, 0):soup('onion', 3, 20)","(3, 0):empty;(4, 0):soup('onion', 3, 20)",0.0,43.0,5,interact,-0.0070999999999999735,0.0,0.0,-0.0070999999999999735,0.0,43.0,False,"(3, 3)",,"(2, 1)","soup('onion', 3, 20)","(2, 0):onion;(2, 2):soup('onion', 3, 20);(4, 0):soup('onion', 3, 20)","(3, 0):empty;(4, 0):soup('onion', 3, 20)"
338,1,"(0, 1)","(3, 3)","(0, 1)",,"(2, 1)","(0, -1)","soup('onion', 3, 20)","(2, 0):onion;(2, 2):soup('onion', 3, 20);(4, 0):soup('onion', 3, 20)","(3, 0):empty;(4, 0):soup('onion', 3, 20)",0.0,43.0,5,interact,-0.0070999999999999735,0.0,0.0,-0.0070999999999999735,0.0,43.0,False,"(3, 3)",,"(2, 1)","soup('onion', 3, 20)","(2, 0):onion;(2, 2):soup('onion', 3, 20);(4, 0):soup('onion', 3, 20)","(3, 0):empty;(4, 0):soup('onion', 3, 20)"
339,1,"(0, 1)","(3, 3)","(0, 1)",,"(2, 1)","(0, -1)","soup('onion', 3, 20)","(2, 0):onion;(2, 2):soup('onion', 3, 20);(4, 0):soup('onion', 3, 20)","(3, 0):empty;(4, 0):soup('onion', 3, 20)",0.0,43.0,5,interact,-0.0070999999999999735,0.0,0.0,-0.0070999999999999735,0.0,43.0,False,"(3, 3)",,"(2, 1)","soup('onion', 3, 20)","(2, 0):onion;(2, 2):soup('onion', 3, 20);(4, 0):soup('onion', 3, 20)","(3, 0):empty;(4, 0):soup('onion', 3, 20)"
340,1,"(0, 1)","(3, 3)","(0, 1)",,"(2, 1)","(0, -1)","soup('onion', 3, 20)","(2, 0):onion;(2, 2):soup('onion', 3, 20);(4, 0):soup('onion', 3, 20)","(3, 0):empty;(4, 0):soup('onion', 3, 20)",0.0,43.0,5,interact,-0.0070999999999999735,0.0,0.0,-0.0070999999999999735,0.0,43.0,False,"(3, 3)",,"(2, 1)","soup('onion', 3, 20)","(2, 0):onion;(2, 2):soup('onion', 3, 20);(4, 0):soup('onion', 3, 20)","(3, 0):empty;(4, 0):soup('onion', 3, 20)"
341,1,"(0, 1)","(3, 3)","(0, 1)",,"(2, 1)","(0, -1)","soup('onion', 3, 20)","(2, 0):onion;(2, 2):soup('onion', 3, 20);(4, 0):soup('onion', 3, 20)","(3, 0):empty;(4, 0):soup('onion', 3, 20)",0.0,43.0,5,interact,-0.0070999999999999735,0.0,0.0,-0.0070999999999999735,0.0,43.0,False,"(3, 3)",,"(2, 1)","soup('onion', 3, 20)","(2, 0):onion;(2, 2):soup('onion', 3, 20);(4, 0):soup('onion', 3, 20)","(3, 0):empty;(4, 0):soup('onion', 3, 20)"
342,1,"(0, 1)","(3, 3)","(0, 1)",,"(2, 1)","(0, -1)","soup('onion', 3, 20)","(2, 0):onion;(2, 2):soup('onion', 3, 20);(4, 0):soup('onion', 3, 20)","(3, 0):empty;(4, 0):soup('onion', 3, 20)",0.0,43.0,5,interact,-0.0070999999999999735,0.0,0.0,-0.0070999999999999735,0.0,43.0,False,"(3, 3)",,"(2, 1)","soup('onion', 3, 20)","(2, 0):onion;(2, 2):soup('onion', 3, 20);(4, 0):soup('onion', 3, 20)","(3, 0):empty;(4, 0):soup('onion', 3, 20)"
343,1,"(0, 1)","(3, 3)","(0, 1)",,"(2, 1)","(0, -1)","soup('onion', 3, 20)","(2, 0):onion;(2, 2):soup('onion', 3, 20);(4, 0):soup('onion', 3, 20)","(3, 0):empty;(4, 0):soup('onion', 3, 20)",0.0,43.0,5,interact,-0.0070999999999999735,0.0,0.0,-0.0070999999999999735,0.0,43.0,False,"(3, 3)",,"(2, 1)","soup('onion', 3, 20)","(2, 0):onion;(2, 2):soup('onion', 3, 20);(4, 0):soup('onion', 3, 20)","(3, 0):empty;(4, 0):soup('onion', 3, 20)"
344,1,"(0, 1)","(3, 3)","(0, 1)",,"(2, 1)","(0, -1)","soup('onion', 3, 20)","(2, 0):onion;(2, 2):soup('onion', 3, 20);(4, 0):soup('onion', 3, 20)","(3, 0):empty;(4, 0):soup('onion', 3, 20)",0.0,43.0,5,interact,-0.0070999999999999735,0.0,0.0,-0.0070999999999999735,0.0,43.0,False,"(3, 3)",,"(2, 1)","soup('onion', 3, 20)","(2, 0):onion;(2, 2):soup('onion', 3, 20);(4, 0):soup('onion', 3, 20)","(3, 0):empty;(4, 0):soup('onion', 3, 20)"
345,1,"(0, 1)","(3, 3)","(0, 1)",,"(2, 1)","(0, -1)","soup('onion', 3, 20)","(2, 0):onion;(2, 2):soup('onion', 3, 20);(4, 0):soup('onion', 3, 20)","(3, 0):empty;(4, 0):soup('onion', 3, 20)",0.0,43.0,5,interact,-0.0070999999999999735,0.0,0.0,-0.0070999999999999735,0.0,43.0,False,"(3, 3)",,"(2, 1)","soup('onion', 3, 20)","(2, 0):onion;(2, 2):soup('onion', 3, 20);(4, 0):soup('onion', 3, 20)","(3, 0):empty;(4, 0):soup('onion', 3, 20)"
346,1,"(0, 1)","(3, 3)","(0, 1)",,"(2, 1)","(0, -1)","soup('onion', 3, 20)","(2, 0):onion;(2, 2):soup('onion', 3, 20);(4, 0):soup('onion', 3, 20)","(3, 0):empty;(4, 0):soup('onion', 3, 20)",0.0,43.0,5,interact,-0.0070999999999999735,0.0,0.0,-0.0070999999999999735,0.0,43.0,False,"(3, 3)",,"(2, 1)","soup('onion', 3, 20)","(2, 0):onion;(2, 2):soup('onion', 3, 20);(4, 0):soup('onion', 3, 20)","(3, 0):empty;(4, 0):soup('onion', 3, 20)"
347,1,"(0, 1)","(3, 3)","(0, 1)",,"(2, 1)","(0, -1)","soup('onion', 3, 20)","(2, 0):onion;(2, 2):soup('onion', 3, 20);(4, 0):soup('onion', 3, 20)","(3, 0):empty;(4, 0):soup('onion', 3, 20)",0.0,43.0,5,interact,-0.0070999999999999735,0.0,0.0,-0.0070999999999999735,0.0,43.0,False,"(3, 3)",,"(2, 1)","soup('onion', 3, 20)","(2, 0):onion;(2, 2):soup('onion', 3, 20);(4, 0):soup('onion', 3, 20)","(3, 0):empty;(4, 0):soup('onion', 3, 20)"
348,1,"(0, 1)","(3, 3)","(0, 1)",,"(2, 1)","(0, -1)","soup('onion', 3, 20)","(2, 0):onion;(2, 2):soup('onion', 3, 20);(4, 0):soup('onion', 3, 20)","(3, 0):empty;(4, 0):soup('onion', 3, 20)",0.0,43.0,5,interact,-0.0070999999999999735,0.0,0.0,-0.0070999999999999735,0.0,43.0,False,"(3, 3)",,"(2, 1)","soup('onion', 3, 20)","(2, 0):onion;(2, 2):soup('onion', 3, 20);(4, 0):soup('onion', 3, 20)","(3, 0):empty;(4, 0):soup('onion', 3, 20)"
349,1,"(0, 1)","(3, 3)","(0, 1)",,"(2, 1)","(0, -1)","soup('onion', 3, 20)","(2, 0):onion;(2, 2):soup('onion', 3, 20);(4, 0):soup('onion', 3, 20)","(3, 0):empty;(4, 0):soup('onion', 3, 20)",0.0,43.0,5,interact,-0.0070999999999999735,0.0,0.0,-0.0070999999999999735,0.0,43.0,False,"(3, 3)",,"(2, 1)","soup('onion', 3, 20)","(2, 0):onion;(2, 2):soup('onion', 3, 20);(4, 0):soup('onion', 3, 20)","(3, 0):empty;(4, 0):soup('onion', 3, 20)"
350,1,"(0, 1)","(3, 3)","(0, 1)",,"(2, 1)","(0, -1)","soup('onion', 3, 20)","(2, 0):onion;(2, 2):soup('onion', 3, 20);(4, 0):soup('onion', 3, 20)","(3, 0):empty;(4, 0):soup('onion', 3, 20)",0.0,43.0,5,interact,-0.0070999999999999735,0.0,0.0,-0.0070999999999999735,0.0,43.0,False,"(3, 3)",,"(2, 1)","soup('onion', 3, 20)","(2, 0):onion;(2, 2):soup('onion', 3, 20);(4, 0):soup('onion', 3, 20)","(3, 0):empty;(4, 0):soup('onion', 3, 20)"
351,1,"(0, 1)","(3, 3)","(0, 1)",,"(2, 1)","(0, -1)","soup('onion', 3, 20)","(2, 0):onion;(2, 2):soup('onion', 3, 20);(4, 0):soup('onion', 3, 20)","(3, 0):empty;(4, 0):soup('onion', 3, 20)",0.0,43.0,5,interact,-0.0070999999999999735,0.0,0.0,-0.0070999999999999735,0.0,43.0,False,"(3, 3)",,"(2, 1)","soup('onion', 3, 20)","(2, 0):onion;(2, 2):soup('onion', 3, 20);(4, 0):soup('onion', 3, 20)","(3, 0):empty;(4, 0):soup('onion', 3, 20)"
352,1,"(0, 1)","(3, 3)","(0, 1)",,"(2, 1)","(0, -1)","soup('onion', 3, 20)","(2, 0):onion;(2, 2):soup('onion', 3, 20);(4, 0):soup('onion', 3, 20)","(3, 0):empty;(4, 0):soup('onion', 3, 20)",0.0,43.0,5,interact,-0.0070999999999999735,0.0,0.0,-0.0070999999999999735,0.0,43.0,False,"(3, 3)",,"(2, 1)","soup('onion', 3, 20)","(2, 0):onion;(2, 2):soup('onion', 3, 20);(4, 0):soup('onion', 3, 20)","(3, 0):empty;(4, 0):soup('onion', 3, 20)"
353,1,"(0, 1)","(3, 3)","(0, 1)",,"(2, 1)","(0, -1)","soup('onion', 3, 20)","(2, 0):onion;(2, 2):soup('onion', 3, 20);(4, 0):soup('onion', 3, 20)","(3, 0):empty;(4, 0):soup('onion', 3, 20)",0.0,43.0,5,interact,-0.0070999999999999735,0.0,0.0,-0.0070999999999999735,0.0,43.0,False,"(3, 3)",,"(2, 1)","soup('onion', 3, 20)","(2, 0):onion;(2, 2):soup('onion', 3, 20);(4, 0):soup('onion', 3, 20)","(3, 0):empty;(4, 0):soup('onion', 3, 20)"
354,1,"(0, 1)","(3, 3)","(0, 1)",,"(2, 1)","(0, -1)","soup('onion', 3, 20)","(2, 0):onion;(2, 2):soup('onion', 3, 20);(4, 0):soup('onion', 3, 20)","(3, 0):empty;(4, 0):soup('onion', 3, 20)",0.0,43.0,5,interact,-0.0070999999999999735,0.0,0.0,-0.0070999999999999735,0.0,43.0,False,"(3, 3)",,"(2, 1)","soup('onion', 3, 20)","(2, 0):onion;(2, 2):soup('onion', 3, 20);(4, 0):soup('onion', 3, 20)","(3, 0):empty;(4, 0):soup('onion', 3, 20)"
355,1,"(0, 1)","(3, 3)","(0, 1)",,"(2, 1)","(0, -1)","soup('onion', 3, 20)","(2, 0):onion;(2, 2):soup('onion', 3, 20);(4, 0):soup('onion', 3, 20)","(3, 0):empty;(4, 0):soup('onion', 3, 20)",0.0,43.0,5,interact,-0.0070999999999999735,0.0,0.0,-0.0070999999999999735,0.0,43.0,False,"(3, 3)",,"(2, 1)","soup('onion', 3, 20)","(2, 0):onion;(2, 2):soup('onion', 3, 20);(4, 0):soup('onion', 3, 20)","(3, 0):empty;(4, 0):soup('onion', 3, 20)"
356,1,"(0, 1)","(3, 3)","(0, 1)",,"(2, 1)","(0, -1)","soup('onion', 3, 20)","(2, 0):onion;(2, 2):soup('onion', 3, 20);(4, 0):soup('onion', 3, 20)","(3, 0):empty;(4, 0):soup('onion', 3, 20)",0.0,43.0,5,interact,-0.0070999999999999735,0.0,0.0,-0.0070999999999999735,0.0,43.0,False,"(3, 3)",,"(2, 1)","soup('onion', 3, 20)","(2, 0):onion;(2, 2):soup('onion', 3, 20);(4, 0):soup('onion', 3, 20)","(3, 0):empty;(4, 0):soup('onion', 3, 20)"
357,1,"(0, 1)","(3, 3)","(0, 1)",,"(2, 1)","(0, -1)","soup('onion', 3, 20)","(2, 0):onion;(2, 2):soup('onion', 3, 20);(4, 0):soup('onion', 3, 20)","(3, 0):empty;(4, 0):soup('onion', 3, 20)",0.0,43.0,5,interact,-0.0070999999999999735,0.0,0.0,-0.0070999999999999735,0.0,43.0,False,"(3, 3)",,"(2, 1)","soup('onion', 3, 20)","(2, 0):onion;(2, 2):soup('onion', 3, 20);(4, 0):soup('onion', 3, 20)","(3, 0):empty;(4, 0):soup('onion', 3, 20)"
358,1,"(0, 1)","(3, 3)","(0, 1)",,"(2, 1)","(0, -1)","soup('onion', 3, 20)","(2, 0):onion;(2, 2):soup('onion', 3, 20);(4, 0):soup('onion', 3, 20)","(3, 0):empty;(4, 0):soup('onion', 3, 20)",0.0,43.0,5,interact,-0.0070999999999999735,0.0,0.0,-0.0070999999999999735,0.0,43.0,False,"(3, 3)",,"(2, 1)","soup('onion', 3, 20)","(2, 0):onion;(2, 2):soup('onion', 3, 20);(4, 0):soup('onion', 3, 20)","(3, 0):empty;(4, 0):soup('onion', 3, 20)"
359,1,"(0, 1)","(3, 3)","(0, 1)",,"(2, 1)","(0, -1)","soup('onion', 3, 20)","(2, 0):onion;(2, 2):soup('onion', 3, 20);(4, 0):soup('onion', 3, 20)","(3, 0):empty;(4, 0):soup('onion', 3, 20)",0.0,43.0,5,interact,-0.0070999999999999735,0.0,0.0,-0.0070999999999999735,0.0,43.0,False,"(3, 3)",,"(2, 1)","soup('onion', 3, 20)","(2, 0):onion;(2, 2):soup('onion', 3, 20);(4, 0):soup('onion', 3, 20)","(3, 0):empty;(4, 0):soup('onion', 3, 20)"
360,1,"(0, 1)","(3, 3)","(0, 1)",,"(2, 1)","(0, -1)","soup('onion', 3, 20)","(2, 0):onion;(2, 2):soup('onion', 3, 20);(4, 0):soup('onion', 3, 20)","(3, 0):empty;(4, 0):soup('onion', 3, 20)",0.0,43.0,5,interact,-0.0070999999999999735,0.0,0.0,-0.0070999999999999735,0.0,43.0,False,"(3, 3)",,"(2, 1)","soup('onion', 3, 20)","(2, 0):onion;(2, 2):soup('onion', 3, 20);(4, 0):soup('onion', 3, 20)","(3, 0):empty;(4, 0):soup('onion', 3, 20)"
361,1,"(0, 1)","(3, 3)","(0, 1)",,"(2, 1)","(0, -1)","soup('onion', 3, 20)","(2, 0):onion;(2, 2):soup('onion', 3, 20);(4, 0):soup('onion', 3, 20)","(3, 0):empty;(4, 0):soup('onion', 3, 20)",0.0,43.0,5,interact,-0.0070999999999999735,0.0,0.0,-0.0070999999999999735,0.0,43.0,False,"(3, 3)",,"(2, 1)","soup('onion', 3, 20)","(2, 0):onion;(2, 2):soup('onion', 3, 20);(4, 0):soup('onion', 3, 20)","(3, 0):empty;(4, 0):soup('onion', 3, 20)"
362,1,"(0, 1)","(3, 3)","(0, 1)",,"(2, 1)","(0, -1)","soup('onion', 3, 20)","(2, 0):onion;(2, 2):soup('onion', 3, 20);(4, 0):soup('onion', 3, 20)","(3, 0):empty;(4, 0):soup('onion', 3, 20)",0.0,43.0,5,interact,-0.0070999999999999735,0.0,0.0,-0.0070999999999999735,0.0,43.0,False,"(3, 3)",,"(2, 1)","soup('onion', 3, 20)","(2, 0):onion;(2, 2):soup('onion', 3, 20);(4, 0):soup('onion', 3, 20)","(3, 0):empty;(4, 0):soup('onion', 3, 20)"
363,1,"(0, 1)","(3, 3)","(0, 1)",,"(2, 1)","(0, -1)","soup('onion', 3, 20)","(2, 0):onion;(2, 2):soup('onion', 3, 20);(4, 0):soup('onion', 3, 20)","(3, 0):empty;(4, 0):soup('onion', 3, 20)",0.0,43.0,5,interact,-0.0070999999999999735,0.0,0.0,-0.0070999999999999735,0.0,43.0,False,"(3, 3)",,"(2, 1)","soup('onion', 3, 20)","(2, 0):onion;(2, 2):soup('onion', 3, 20);(4, 0):soup('onion', 3, 20)","(3, 0):empty;(4, 0):soup('onion', 3, 20)"
364,1,"(0, 1)","(3, 3)","(0, 1)",,"(2, 1)","(0, -1)","soup('onion', 3, 20)","(2, 0):onion;(2, 2):soup('onion', 3, 20);(4, 0):soup('onion', 3, 20)","(3, 0):empty;(4, 0):soup('onion', 3, 20)",0.0,43.0,5,interact,-0.0070999999999999735,0.0,0.0,-0.0070999999999999735,0.0,43.0,False,"(3, 3)",,"(2, 1)","soup('onion', 3, 20)","(2, 0):onion;(2, 2):soup('onion', 3, 20);(4, 0):soup('onion', 3, 20)","(3, 0):empty;(4, 0):soup('onion', 3, 20)"
365,1,"(0, 1)","(3, 3)","(0, 1)",,"(2, 1)","(0, -1)","soup('onion', 3, 20)","(2, 0):onion;(2, 2):soup('onion', 3, 20);(4, 0):soup('onion', 3, 20)","(3, 0):empty;(4, 0):soup('onion', 3, 20)",0.0,43.0,5,interact,-0.0070999999999999735,0.0,0.0,-0.0070999999999999735,0.0,43.0,False,"(3, 3)",,"(2, 1)","soup('onion', 3, 20)","(2, 0):onion;(2, 2):soup('onion', 3, 20);(4, 0):soup('onion', 3, 20)","(3, 0):empty;(4, 0):soup('onion', 3, 20)"
366,1,"(0, 1)","(3, 3)","(0, 1)",,"(2, 1)","(0, -1)","soup('onion', 3, 20)","(2, 0):onion;(2, 2):soup('onion', 3, 20);(4, 0):soup('onion', 3, 20)","(3, 0):empty;(4, 0):soup('onion', 3, 20)",0.0,43.0,5,interact,-0.0070999999999999735,0.0,0.0,-0.0070999999999999735,0.0,43.0,False,"(3, 3)",,"(2, 1)","soup('onion', 3, 20)","(2, 0):onion;(2, 2):soup('onion', 3, 20);(4, 0):soup('onion', 3, 20)","(3, 0):empty;(4, 0):soup('onion', 3, 20)"
367,1,"(0, 1)","(3, 3)","(0, 1)",,"(2, 1)","(0, -1)","soup('onion', 3, 20)","(2, 0):onion;(2, 2):soup('onion', 3, 20);(4, 0):soup('onion', 3, 20)","(3, 0):empty;(4, 0):soup('onion', 3, 20)",0.0,43.0,5,interact,-0.0070999999999999735,0.0,0.0,-0.0070999999999999735,0.0,43.0,False,"(3, 3)",,"(2, 1)","soup('onion', 3, 20)","(2, 0):onion;(2, 2):soup('onion', 3, 20);(4, 0):soup('onion', 3, 20)","(3, 0):empty;(4, 0):soup('onion', 3, 20)"
368,1,"(0, 1)","(3, 3)","(0, 1)",,"(2, 1)","(0, -1)","soup('onion', 3, 20)","(2, 0):onion;(2, 2):soup('onion', 3, 20);(4, 0):soup('onion', 3, 20)","(3, 0):empty;(4, 0):soup('onion', 3, 20)",0.0,43.0,5,interact,-0.0070999999999999735,0.0,0.0,-0.0070999999999999735,0.0,43.0,False,"(3, 3)",,"(2, 1)","soup('onion', 3, 20)","(2, 0):onion;(2, 2):soup('onion', 3, 20);(4, 0):soup('onion', 3, 20)","(3, 0):empty;(4, 0):soup('onion', 3, 20)"
369,1,"(0, 1)","(3, 3)","(0, 1)",,"(2, 1)","(0, -1)","soup('onion', 3, 20)","(2, 0):onion;(2, 2):soup('onion', 3, 20);(4, 0):soup('onion', 3, 20)","(3, 0):empty;(4, 0):soup('onion', 3, 20)",0.0,43.0,5,interact,-0.0070999999999999735,0.0,0.0,-0.0070999999999999735,0.0,43.0,False,"(3, 3)",,"(2, 1)","soup('onion', 3, 20)","(2, 0):onion;(2, 2):soup('onion', 3, 20);(4, 0):soup('onion', 3, 20)","(3, 0):empty;(4, 0):soup('onion', 3, 20)"
370,1,"(0, 1)","(3, 3)","(0, 1)",,"(2, 1)","(0, -1)","soup('onion', 3, 20)","(2, 0):onion;(2, 2):soup('onion', 3, 20);(4, 0):soup('onion', 3, 20)","(3, 0):empty;(4, 0):soup('onion', 3, 20)",0.0,43.0,5,interact,-0.0070999999999999735,0.0,0.0,-0.0070999999999999735,0.0,43.0,False,"(3, 3)",,"(2, 1)","soup('onion', 3, 20)","(2, 0):onion;(2, 2):soup('onion', 3, 20);(4, 0):soup('onion', 3, 20)","(3, 0):empty;(4, 0):soup('onion', 3, 20)"
371,1,"(0, 1)","(3, 3)","(0, 1)",,"(2, 1)","(0, -1)","soup('onion', 3, 20)","(2, 0):onion;(2, 2):soup('onion', 3, 20);(4, 0):soup('onion', 3, 20)","(3, 0):empty;(4, 0):soup('onion', 3, 20)",0.0,43.0,5,interact,-0.0070999999999999735,0.0,0.0,-0.0070999999999999735,0.0,43.0,False,"(3, 3)",,"(2, 1)","soup('onion', 3, 20)","(2, 0):onion;(2, 2):soup('onion', 3, 20);(4, 0):soup('onion', 3, 20)","(3, 0):empty;(4, 0):soup('onion', 3, 20)"
372,1,"(0, 1)","(3, 3)","(0, 1)",,"(2, 1)","(0, -1)","soup('onion', 3, 20)","(2, 0):onion;(2, 2):soup('onion', 3, 20);(4, 0):soup('onion', 3, 20)","(3, 0):empty;(4, 0):soup('onion', 3, 20)",0.0,43.0,5,interact,-0.0070999999999999735,0.0,0.0,-0.0070999999999999735,0.0,43.0,False,"(3, 3)",,"(2, 1)","soup('onion', 3, 20)","(2, 0):onion;(2, 2):soup('onion', 3, 20);(4, 0):soup('onion', 3, 20)","(3, 0):empty;(4, 0):soup('onion', 3, 20)"
373,1,"(0, 1)","(3, 3)","(0, 1)",,"(2, 1)","(0, -1)","soup('onion', 3, 20)","(2, 0):onion;(2, 2):soup('onion', 3, 20);(4, 0):soup('onion', 3, 20)","(3, 0):empty;(4, 0):soup('onion', 3, 20)",0.0,43.0,5,interact,-0.0070999999999999735,0.0,0.0,-0.0070999999999999735,0.0,43.0,False,"(3, 3)",,"(2, 1)","soup('onion', 3, 20)","(2, 0):onion;(2, 2):soup('onion', 3, 20);(4, 0):soup('onion', 3, 20)","(3, 0):empty;(4, 0):soup('onion', 3, 20)"
374,1,"(0, 1)","(3, 3)","(0, 1)",,"(2, 1)","(0, -1)","soup('onion', 3, 20)","(2, 0):onion;(2, 2):soup('onion', 3, 20);(4, 0):soup('onion', 3, 20)","(3, 0):empty;(4, 0):soup('onion', 3, 20)",0.0,43.0,5,interact,-0.0070999999999999735,0.0,0.0,-0.0070999999999999735,0.0,43.0,False,"(3, 3)",,"(2, 1)","soup('onion', 3, 20)","(2, 0):onion;(2, 2):soup('onion', 3, 20);(4, 0):soup('onion', 3, 20)","(3, 0):empty;(4, 0):soup('onion', 3, 20)"
375,1,"(0, 1)","(3, 3)","(0, 1)",,"(2, 1)","(0, -1)","soup('onion', 3, 20)","(2, 0):onion;(2, 2):soup('onion', 3, 20);(4, 0):soup('onion', 3, 20)","(3, 0):empty;(4, 0):soup('onion', 3, 20)",0.0,43.0,5,interact,-0.0070999999999999735,0.0,0.0,-0.0070999999999999735,0.0,43.0,False,"(3, 3)",,"(2, 1)","soup('onion', 3, 20)","(2, 0):onion;(2, 2):soup('onion', 3, 20);(4, 0):soup('onion', 3, 20)","(3, 0):empty;(4, 0):soup('onion', 3, 20)"
376,1,"(0, 1)","(3, 3)","(0, 1)",,"(2, 1)","(0, -1)","soup('onion', 3, 20)","(2, 0):onion;(2, 2):soup('onion', 3, 20);(4, 0):soup('onion', 3, 20)","(3, 0):empty;(4, 0):soup('onion', 3, 20)",0.0,43.0,5,interact,-0.0070999999999999735,0.0,0.0,-0.0070999999999999735,0.0,43.0,False,"(3, 3)",,"(2, 1)","soup('onion', 3, 20)","(2, 0):onion;(2, 2):soup('onion', 3, 20);(4, 0):soup('onion', 3, 20)","(3, 0):empty;(4, 0):soup('onion', 3, 20)"
377,1,"(0, 1)","(3, 3)","(0, 1)",,"(2, 1)","(0, -1)","soup('onion', 3, 20)","(2, 0):onion;(2, 2):soup('onion', 3, 20);(4, 0):soup('onion', 3, 20)","(3, 0):empty;(4, 0):soup('onion', 3, 20)",0.0,43.0,5,interact,-0.0070999999999999735,0.0,0.0,-0.0070999999999999735,0.0,43.0,False,"(3, 3)",,"(2, 1)","soup('onion', 3, 20)","(2, 0):onion;(2, 2):soup('onion', 3, 20);(4, 0):soup('onion', 3, 20)","(3, 0):empty;(4, 0):soup('onion', 3, 20)"
378,1,"(0, 1)","(3, 3)","(0, 1)",,"(2, 1)","(0, -1)","soup('onion', 3, 20)","(2, 0):onion;(2, 2):soup('onion', 3, 20);(4, 0):soup('onion', 3, 20)","(3, 0):empty;(4, 0):soup('onion', 3, 20)",0.0,43.0,5,interact,-0.0070999999999999735,0.0,0.0,-0.0070999999999999735,0.0,43.0,False,"(3, 3)",,"(2, 1)","soup('onion', 3, 20)","(2, 0):onion;(2, 2):soup('onion', 3, 20);(4, 0):soup('onion', 3, 20)","(3, 0):empty;(4, 0):soup('onion', 3, 20)"
379,1,"(0, 1)","(3, 3)","(0, 1)",,"(2, 1)","(0, -1)","soup('onion', 3, 20)","(2, 0):onion;(2, 2):soup('onion', 3, 20);(4, 0):soup('onion', 3, 20)","(3, 0):empty;(4, 0):soup('onion', 3, 20)",0.0,43.0,5,interact,-0.0070999999999999735,0.0,0.0,-0.0070999999999999735,0.0,43.0,False,"(3, 3)",,"(2, 1)","soup('onion', 3, 20)","(2, 0):onion;(2, 2):soup('onion', 3, 20);(4, 0):soup('onion', 3, 20)","(3, 0):empty;(4, 0):soup('onion', 3, 20)"
380,1,"(0, 1)","(3, 3)","(0, 1)",,"(2, 1)","(0, -1)","soup('onion', 3, 20)","(2, 0):onion;(2, 2):soup('onion', 3, 20);(4, 0):soup('onion', 3, 20)","(3, 0):empty;(4, 0):soup('onion', 3, 20)",0.0,43.0,5,interact,-0.0070999999999999735,0.0,0.0,-0.0070999999999999735,0.0,43.0,False,"(3, 3)",,"(2, 1)","soup('onion', 3, 20)","(2, 0):onion;(2, 2):soup('onion', 3, 20);(4, 0):soup('onion', 3, 20)","(3, 0):empty;(4, 0):soup('onion', 3, 20)"
381,1,"(0, 1)","(3, 3)","(0, 1)",,"(2, 1)","(0, -1)","soup('onion', 3, 20)","(2, 0):onion;(2, 2):soup('onion', 3, 20);(4, 0):soup('onion', 3, 20)","(3, 0):empty;(4, 0):soup('onion', 3, 20)",0.0,43.0,5,interact,-0.0070999999999999735,0.0,0.0,-0.0070999999999999735,0.0,43.0,False,"(3, 3)",,"(2, 1)","soup('onion', 3, 20)","(2, 0):onion;(2, 2):soup('onion', 3, 20);(4, 0):soup('onion', 3, 20)","(3, 0):empty;(4, 0):soup('onion', 3, 20)"
382,1,"(0, 1)","(3, 3)","(0, 1)",,"(2, 1)","(0, -1)","soup('onion', 3, 20)","(2, 0):onion;(2, 2):soup('onion', 3, 20);(4, 0):soup('onion', 3, 20)","(3, 0):empty;(4, 0):soup('onion', 3, 20)",0.0,43.0,5,interact,-0.0070999999999999735,0.0,0.0,-0.0070999999999999735,0.0,43.0,False,"(3, 3)",,"(2, 1)","soup('onion', 3, 20)","(2, 0):onion;(2, 2):soup('onion', 3, 20);(4, 0):soup('onion', 3, 20)","(3, 0):empty;(4, 0):soup('onion', 3, 20)"
383,1,"(0, 1)","(3, 3)","(0, 1)",,"(2, 1)","(0, -1)","soup('onion', 3, 20)","(2, 0):onion;(2, 2):soup('onion', 3, 20);(4, 0):soup('onion', 3, 20)","(3, 0):empty;(4, 0):soup('onion', 3, 20)",0.0,43.0,5,interact,-0.0070999999999999735,0.0,0.0,-0.0070999999999999735,0.0,43.0,False,"(3, 3)",,"(2, 1)","soup('onion', 3, 20)","(2, 0):onion;(2, 2):soup('onion', 3, 20);(4, 0):soup('onion', 3, 20)","(3, 0):empty;(4, 0):soup('onion', 3, 20)"
384,1,"(0, 1)","(3, 3)","(0, 1)",,"(2, 1)","(0, -1)","soup('onion', 3, 20)","(2, 0):onion;(2, 2):soup('onion', 3, 20);(4, 0):soup('onion', 3, 20)","(3, 0):empty;(4, 0):soup('onion', 3, 20)",0.0,43.0,5,interact,-0.0070999999999999735,0.0,0.0,-0.0070999999999999735,0.0,43.0,False,"(3, 3)",,"(2, 1)","soup('onion', 3, 20)","(2, 0):onion;(2, 2):soup('onion', 3, 20);(4, 0):soup('onion', 3, 20)","(3, 0):empty;(4, 0):soup('onion', 3, 20)"
385,1,"(0, 1)","(3, 3)","(0, 1)",,"(2, 1)","(0, -1)","soup('onion', 3, 20)","(2, 0):onion;(2, 2):soup('onion', 3, 20);(4, 0):soup('onion', 3, 20)","(3, 0):empty;(4, 0):soup('onion', 3, 20)",0.0,43.0,5,interact,-0.0070999999999999735,0.0,0.0,-0.0070999999999999735,0.0,43.0,False,"(3, 3)",,"(2, 1)","soup('onion', 3, 20)","(2, 0):onion;(2, 2):soup('onion', 3, 20);(4, 0):soup('onion', 3, 20)","(3, 0):empty;(4, 0):soup('onion', 3, 20)"
386,1,"(0, 1)","(3, 3)","(0, 1)",,"(2, 1)","(0, -1)","soup('onion', 3, 20)","(2, 0):onion;(2, 2):soup('onion', 3, 20);(4, 0):soup('onion', 3, 20)","(3, 0):empty;(4, 0):soup('onion', 3, 20)",0.0,43.0,5,interact,-0.0070999999999999735,0.0,0.0,-0.0070999999999999735,0.0,43.0,False,"(3, 3)",,"(2, 1)","soup('onion', 3, 20)","(2, 0):onion;(2, 2):soup('onion', 3, 20);(4, 0):soup('onion', 3, 20)","(3, 0):empty;(4, 0):soup('onion', 3, 20)"
387,1,"(0, 1)","(3, 3)","(0, 1)",,"(2, 1)","(0, -1)","soup('onion', 3, 20)","(2, 0):onion;(2, 2):soup('onion', 3, 20);(4, 0):soup('onion', 3, 20)","(3, 0):empty;(4, 0):soup('onion', 3, 20)",0.0,43.0,5,interact,-0.0070999999999999735,0.0,0.0,-0.0070999999999999735,0.0,43.0,False,"(3, 3)",,"(2, 1)","soup('onion', 3, 20)","(2, 0):onion;(2, 2):soup('onion', 3, 20);(4, 0):soup('onion', 3, 20)","(3, 0):empty;(4, 0):soup('onion', 3, 20)"
388,1,"(0, 1)","(3, 3)","(0, 1)",,"(2, 1)","(0, -1)","soup('onion', 3, 20)","(2, 0):onion;(2, 2):soup('onion', 3, 20);(4, 0):soup('onion', 3, 20)","(3, 0):empty;(4, 0):soup('onion', 3, 20)",0.0,43.0,5,interact,-0.0070999999999999735,0.0,0.0,-0.0070999999999999735,0.0,43.0,False,"(3, 3)",,"(2, 1)","soup('onion', 3, 20)","(2, 0):onion;(2, 2):soup('onion', 3, 20);(4, 0):soup('onion', 3, 20)","(3, 0):empty;(4, 0):soup('onion', 3, 20)"
389,1,"(0, 1)","(3, 3)","(0, 1)",,"(2, 1)","(0, -1)","soup('onion', 3, 20)","(2, 0):onion;(2, 2):soup('onion', 3, 20);(4, 0):soup('onion', 3, 20)","(3, 0):empty;(4, 0):soup('onion', 3, 20)",0.0,43.0,5,interact,-0.0070999999999999735,0.0,0.0,-0.0070999999999999735,0.0,43.0,False,"(3, 3)",,"(2, 1)","soup('onion', 3, 20)","(2, 0):onion;(2, 2):soup('onion', 3, 20);(4, 0):soup('onion', 3, 20)","(3, 0):empty;(4, 0):soup('onion', 3, 20)"
390,1,"(0, 1)","(3, 3)","(0, 1)",,"(2, 1)","(0, -1)","soup('onion', 3, 20)","(2, 0):onion;(2, 2):soup('onion', 3, 20);(4, 0):soup('onion', 3, 20)","(3, 0):empty;(4, 0):soup('onion', 3, 20)",0.0,43.0,5,interact,-0.0070999999999999735,0.0,0.0,-0.0070999999999999735,0.0,43.0,False,"(3, 3)",,"(2, 1)","soup('onion', 3, 20)","(2, 0):onion;(2, 2):soup('onion', 3, 20);(4, 0):soup('onion', 3, 20)","(3, 0):empty;(4, 0):soup('onion', 3, 20)"
391,1,"(0, 1)","(3, 3)","(0, 1)",,"(2, 1)","(0, -1)","soup('onion', 3, 20)","(2, 0):onion;(2, 2):soup('onion', 3, 20);(4, 0):soup('onion', 3, 20)","(3, 0):empty;(4, 0):soup('onion', 3, 20)",0.0,43.0,5,interact,-0.0070999999999999735,0.0,0.0,-0.0070999999999999735,0.0,43.0,False,"(3, 3)",,"(2, 1)","soup('onion', 3, 20)","(2, 0):onion;(2, 2):soup('onion', 3, 20);(4, 0):soup('onion', 3, 20)","(3, 0):empty;(4, 0):soup('onion', 3, 20)"
392,1,"(0, 1)","(3, 3)","(0, 1)",,"(2, 1)","(0, -1)","soup('onion', 3, 20)","(2, 0):onion;(2, 2):soup('onion', 3, 20);(4, 0):soup('onion', 3, 20)","(3, 0):empty;(4, 0):soup('onion', 3, 20)",0.0,43.0,5,interact,-0.0070999999999999735,0.0,0.0,-0.0070999999999999735,0.0,43.0,False,"(3, 3)",,"(2, 1)","soup('onion', 3, 20)","(2, 0):onion;(2, 2):soup('onion', 3, 20);(4, 0):soup('onion', 3, 20)","(3, 0):empty;(4, 0):soup('onion', 3, 20)"
393,1,"(0, 1)","(3, 3)","(0, 1)",,"(2, 1)","(0, -1)","soup('onion', 3, 20)","(2, 0):onion;(2, 2):soup('onion', 3, 20);(4, 0):soup('onion', 3, 20)","(3, 0):empty;(4, 0):soup('onion', 3, 20)",0.0,43.0,5,interact,-0.0070999999999999735,0.0,0.0,-0.0070999999999999735,0.0,43.0,False,"(3, 3)",,"(2, 1)","soup('onion', 3, 20)","(2, 0):onion;(2, 2):soup('onion', 3, 20);(4, 0):soup('onion', 3, 20)","(3, 0):empty;(4, 0):soup('onion', 3, 20)"
394,1,"(0, 1)","(3, 3)","(0, 1)",,"(2, 1)","(0, -1)","soup('onion', 3, 20)","(2, 0):onion;(2, 2):soup('onion', 3, 20);(4, 0):soup('onion', 3, 20)","(3, 0):empty;(4, 0):soup('onion', 3, 20)",0.0,43.0,5,interact,-0.0070999999999999735,0.0,0.0,-0.0070999999999999735,0.0,43.0,False,"(3, 3)",,"(2, 1)","soup('onion', 3, 20)","(2, 0):onion;(2, 2):soup('onion', 3, 20);(4, 0):soup('onion', 3, 20)","(3, 0):empty;(4, 0):soup('onion', 3, 20)"
395,1,"(0, 1)","(3, 3)","(0, 1)",,"(2, 1)","(0, -1)","soup('onion', 3, 20)","(2, 0):onion;(2, 2):soup('onion', 3, 20);(4, 0):soup('onion', 3, 20)","(3, 0):empty;(4, 0):soup('onion', 3, 20)",0.0,43.0,5,interact,-0.0070999999999999735,0.0,0.0,-0.0070999999999999735,0.0,43.0,False,"(3, 3)",,"(2, 1)","soup('onion', 3, 20)","(2, 0):onion;(2, 2):soup('onion', 3, 20);(4, 0):soup('onion', 3, 20)","(3, 0):empty;(4, 0):soup('onion', 3, 20)"
396,1,"(0, 1)","(3, 3)","(0, 1)",,"(2, 1)","(0, -1)","soup('onion', 3, 20)","(2, 0):onion;(2, 2):soup('onion', 3, 20);(4, 0):soup('onion', 3, 20)","(3, 0):empty;(4, 0):soup('onion', 3, 20)",0.0,43.0,5,interact,-0.0070999999999999735,0.0,0.0,-0.0070999999999999735,0.0,43.0,False,"(3, 3)",,"(2, 1)","soup('onion', 3, 20)","(2, 0):onion;(2, 2):soup('onion', 3, 20);(4, 0):soup('onion', 3, 20)","(3, 0):empty;(4, 0):soup('onion', 3, 20)"
397,1,"(0, 1)","(3, 3)","(0, 1)",,"(2, 1)","(0, -1)","soup('onion', 3, 20)","(2, 0):onion;(2, 2):soup('onion', 3, 20);(4, 0):soup('onion', 3, 20)","(3, 0):empty;(4, 0):soup('onion', 3, 20)",0.0,43.0,5,interact,-0.0070999999999999735,0.0,0.0,-0.0070999999999999735,0.0,43.0,False,"(3, 3)",,"(2, 1)","soup('onion', 3, 20)","(2, 0):onion;(2, 2):soup('onion', 3, 20);(4, 0):soup('onion', 3, 20)","(3, 0):empty;(4, 0):soup('onion', 3, 20)"
398,1,"(0, 1)","(3, 3)","(0, 1)",,"(2, 1)","(0, -1)","soup('onion', 3, 20)","(2, 0):onion;(2, 2):soup('onion', 3, 20);(4, 0):soup('onion', 3, 20)","(3, 0):empty;(4, 0):soup('onion', 3, 20)",0.0,43.0,5,interact,-0.0070999999999999735,0.0,0.0,-0.0070999999999999735,0.0,43.0,False,"(3, 3)",,"(2, 1)","soup('onion', 3, 20)","(2, 0):onion;(2, 2):soup('onion', 3, 20);(4, 0):soup('onion', 3, 20)","(3, 0):empty;(4, 0):soup('onion', 3, 20)"
399,1,"(0, 1)","(3, 3)","(0, 1)",,"(2, 1)","(0, -1)","soup('onion', 3, 20)","(2, 0):onion;(2, 2):soup('onion', 3, 20);(4, 0):soup('onion', 3, 20)","(3, 0):empty;(4, 0):soup('onion', 3, 20)",0.0,43.0,5,interact,-0.0070999999999999735,0.0,0.0,-0.0070999999999999735,0.0,43.0,False,"(3, 3)",,"(2, 1)","soup('onion', 3, 20)","(2, 0):onion;(2, 2):soup('onion', 3, 20);(4, 0):soup('onion', 3, 20)","(3, 0):empty;(4, 0):soup('onion', 3, 20)"
