step,ego_action_idx,ego_action,p0_pos,p0_orient,p0_held,p1_pos,p1_orient,p1_held,objects_before,pots_before,cum_sparse_before,cum_shaped_before,partner_action_idx,partner_action,reward,sparse_reward,built_in_shaped_reward,custom_shaped_reward,cum_sparse_after,cum_shaped_after,delivery_event,p0_pos_after,p0_held_after,p1_pos_after,p1_held_after,objects_after,pots_after
0,1,"(0, 1)","(3, 3)","(0, -1)",,"(3, 1)","(0, -1)",,,"(3, 0):empty;(4, 0):empty",0.0,0.0,2,"(1, 0)",0.0,0.0,0.0,0.0,0.0,0.0,False,"(3, 3)",,"(4, 1)",,,"(3, 0):empty;(4, 0):empty"
1,5,interact,"(3, 3)","(0, 1)",,"(4, 1)","(1, 0)",,,"(3, 0):empty;(4, 0):empty",0.0,0.0,2,"(1, 0)",0.0,0.0,0.0,0.0,0.0,0.0,False,"(3, 3)",onion,"(5, 1)",,,"(3, 0):empty;(4, 0):empty"
2,0,"(0, -1)","(3, 3)","(0, 1)",onion,"(5, 1)","(1, 0)",,,"(3, 0):empty;(4, 0):empty",0.0,0.0,2,"(1, 0)",0.0,0.0,0.0,0.0,0.0,0.0,False,"(3, 3)",onion,"(6, 1)",,,"(3, 0):empty;(4, 0):empty"
3,5,interact,"(3, 3)","(0, -1)",onion,"(6, 1)","(1, 0)",,,"(3, 0):empty;(4, 0):empty",0.0,0.0,1,"(0, 1)",0.0,0.0,0.0,0.0,0.0,0.0,False,"(3, 3)",,"(6, 2)",,"(3, 2):onion","(3, 0):empty;(4, 0):empty"
4,5,interact,"(3, 3)","(0, -1)",,"(6, 2)","(0, 1)",,"(3, 2):onion","(3, 0):empty;(4, 0):empty",0.0,0.0,1,"(0, 1)",0.0,0.0,0.0,0.0,0.0,0.0,False,"(3, 3)",onion,"(6, 3)",,,"(3, 0):empty;(4, 0):empty"
5,3,"(-1, 0)","(3, 3)","(0, -1)",onion,"(6, 3)","(0, 1)",,,"(3, 0):empty;(4, 0):empty",0.0,0.0,3,"(-1, 0)",0.0,0.0,0.0,0.0,0.0,0.0,False,"(2, 3)",onion,"(5, 3)",,,"(3, 0):empty;(4, 0):empty"
6,3,"(-1, 0)","(2, 3)","(-1, 0)",onion,"(5, 3)","(-1, 0)",,,"(3, 0):empty;(4, 0):empty",0.0,0.0,3,"(-1, 0)",0.0,0.0,0.0,0.0,0.0,0.0,False,"(1, 3)",onion,"(4, 3)",,,"(3, 0):empty;(4, 0):empty"
7,3,"(-1, 0)","(1, 3)","(-1, 0)",onion,"(4, 3)","(-1, 0)",,,"(3, 0):empty;(4, 0):empty",0.0,0.0,3,"(-1, 0)",0.0,0.0,0.0,0.0,0.0,0.0,False,"(1, 3)",onion,"(3, 3)",,,"(3, 0):empty;(4, 0):empty"
8,0,"(0, -1)","(1, 3)","(-1, 0)",onion,"(3, 3)","(-1, 0)",,,"(3, 0):empty;(4, 0):empty",0.0,0.0,3,"(-1, 0)",0.0,0.0,0.0,0.0,0.0,0.0,False,"(1, 2)",onion,"(2, 3)",,,"(3, 0):empty;(4, 0):empty"
9,0,"(0, -1)","(1, 2)","(0, -1)",onion,"(2, 3)","(-1, 0)",,,"(3, 0):empty;(4, 0):empty",0.0,0.0,3,"(-1, 0)",0.0,0.0,0.0,0.0,0.0,0.0,False,"(1, 1)",onion,"(1, 3)",,,"(3, 0):empty;(4, 0):empty"
10,2,"(1, 0)","(1, 1)","(0, -1)",onion,"(1, 3)","(-1, 0)",,,"(3, 0):empty;(4, 0):empty",0.0,0.0,0,"(0, -1)",0.0,0.0,0.0,0.0,0.0,0.0,False,"(2, 1)",onion,"(1, 2)",,,"(3, 0):empty;(4, 0):empty"
11,2,"(1, 0)","(2, 1)","(1, 0)",onion,"(1, 2)","(0, -1)",,,"(3, 0):empty;(4, 0):empty",0.0,0.0,4,"(0, 0)",0.0,0.0,0.0,0.0,0.0,0.0,False,"(3, 1)",onion,"(1, 2)",,,"(3, 0):empty;(4, 0):empty"
12,0,"(0, -1)","(3, 1)","(1, 0)",onion,"(1, 2)","(0, -1)",,,"(3, 0):empty;(4, 0):empty",0.0,0.0,0,"(0, -1)",0.0,0.0,0.0,0.0,0.0,0.0,False,"(3, 1)",onion,"(1, 1)",,,"(3, 0):empty;(4, 0):empty"
13,5,interact,"(3, 1)","(0, -1)",onion,"(1, 1)","(0, -1)",,,"(3, 0):empty;(4, 0):empty",0.0,0.0,1,"(0, 1)",3.3564,0.0,3.0,0.3564,0.0,3.0,False,"(3, 1)",,"(1, 2)",,"(3, 0):soup('onion', 1, 0)","(3, 0):soup('onion', 1, 0);(4, 0):empty"
14,3,"(-1, 0)","(3, 1)","(0, -1)",,"(1, 2)","(0, 1)",,"(3, 0):soup('onion', 1, 0)","(3, 0):soup('onion', 1, 0);(4, 0):empty",0.0,3.0,3,"(-1, 0)",-0.003600000000000003,0.0,0.0,-0.003600000000000003,0.0,3.0,False,"(2, 1)",,"(1, 2)",,"(3, 0):soup('onion', 1, 0)","(3, 0):soup('onion', 1, 0);(4, 0):empty"
15,2,"(1, 0)","(2, 1)","(-1, 0)",,"(1, 2)","(-1, 0)",,"(3, 0):soup('onion', 1, 0)","(3, 0):soup('onion', 1, 0);(4, 0):empty",0.0,3.0,5,interact,2.9964,0.0,3.0,-0.003600000000000003,0.0,6.0,False,"(3, 1)",,"(1, 2)",dish,"(3, 0):soup('onion', 1, 0)","(3, 0):soup('onion', 1, 0);(4, 0):empty"
16,2,"(1, 0)","(3, 1)","(1, 0)",,"(1, 2)","(-1, 0)",dish,"(3, 0):soup('onion', 1, 0)","(3, 0):soup('onion', 1, 0);(4, 0):empty",0.0,6.0,0,"(0, -1)",-0.003600000000000003,0.0,0.0,-0.003600000000000003,0.0,6.0,False,"(4, 1)",,"(1, 1)",dish,"(3, 0):soup('onion', 1, 0)","(3, 0):soup('onion', 1, 0);(4, 0):empty"
17,2,"(1, 0)","(4, 1)","(1, 0)",,"(1, 1)","(0, -1)",dish,"(3, 0):soup('onion', 1, 0)","(3, 0):soup('onion', 1, 0);(4, 0):empty",0.0,6.0,2,"(1, 0)",-0.003600000000000003,0.0,0.0,-0.003600000000000003,0.0,6.0,False,"(5, 1)",,"(2, 1)",dish,"(3, 0):soup('onion', 1, 0)","(3, 0):soup('onion', 1, 0);(4, 0):empty"
18,2,"(1, 0)","(5, 1)","(1, 0)",,"(2, 1)","(1, 0)",dish,"(3, 0):soup('onion', 1, 0)","(3, 0):soup('onion', 1, 0);(4, 0):empty",0.0,6.0,0,"(0, -1)",-0.003600000000000003,0.0,0.0,-0.003600000000000003,0.0,6.0,False,"(6, 1)",,"(2, 1)",dish,"(3, 0):soup('onion', 1, 0)","(3, 0):soup('onion', 1, 0);(4, 0):empty"
19,1,"(0, 1)","(6, 1)","(1, 0)",,"(2, 1)","(0, -1)",dish,"(3, 0):soup('onion', 1, 0)","(3, 0):soup('onion', 1, 0);(4, 0):empty",0.0,6.0,5,interact,-0.003600000000000003,0.0,0.0,-0.003600000000000003,0.0,6.0,False,"(6, 2)",,"(2, 1)",,"(2, 0):dish;(3, 0):soup('onion', 1, 0)","(3, 0):soup('onion', 1, 0);(4, 0):empty"
20,1,"(0, 1)","(6, 2)","(0, 1)",,"(2, 1)","(0, -1)",,"(2, 0):dish;(3, 0):soup('onion', 1, 0)","(3, 0):soup('onion', 1, 0);(4, 0):empty",0.0,6.0,2,"(1, 0)",-0.003600000000000003,0.0,0.0,-0.003600000000000003,0.0,6.0,False,"(6, 3)",,"(3, 1)",,"(2, 0):dish;(3, 0):soup('onion', 1, 0)","(3, 0):soup('onion', 1, 0);(4, 0):empty"
21,3,"(-1, 0)","(6, 3)","(0, 1)",,"(3, 1)","(1, 0)",,"(2, 0):dish;(3, 0):soup('onion', 1, 0)","(3, 0):soup('onion', 1, 0);(4, 0):empty",0.0,6.0,2,"(1, 0)",-0.003600000000000003,0.0,0.0,-0.003600000000000003,0.0,6.0,False,"(5, 3)",,"(4, 1)",,"(2, 0):dish;(3, 0):soup('onion', 1, 0)","(3, 0):soup('onion', 1, 0);(4, 0):empty"
22,3,"(-1, 0)","(5, 3)","(-1, 0)",,"(4, 1)","(1, 0)",,"(2, 0):dish;(3, 0):soup('onion', 1, 0)","(3, 0):soup('onion', 1, 0);(4, 0):empty",0.0,6.0,2,"(1, 0)",-0.003600000000000003,0.0,0.0,-0.003600000000000003,0.0,6.0,False,"(4, 3)",,"(5, 1)",,"(2, 0):dish;(3, 0):soup('onion', 1, 0)","(3, 0):soup('onion', 1, 0);(4, 0):empty"
23,1,"(0, 1)","(4, 3)","(-1, 0)",,"(5, 1)","(1, 0)",,"(2, 0):dish;(3, 0):soup('onion', 1, 0)","(3, 0):soup('onion', 1, 0);(4, 0):empty",0.0,6.0,2,"(1, 0)",-0.003600000000000003,0.0,0.0,-0.003600000000000003,0.0,6.0,False,"(4, 3)",,"(6, 1)",,"(2, 0):dish;(3, 0):soup('onion', 1, 0)","(3, 0):soup('onion', 1, 0);(4, 0):empty"
24,5,interact,"(4, 3)","(0, 1)",,"(6, 1)","(1, 0)",,"(2, 0):dish;(3, 0):soup('onion', 1, 0)","(3, 0):soup('onion', 1, 0);(4, 0):empty",0.0,6.0,1,"(0, 1)",-0.003600000000000003,0.0,0.0,-0.003600000000000003,0.0,6.0,False,"(4, 3)",onion,"(6, 2)",,"(2, 0):dish;(3, 0):soup('onion', 1, 0)","(3, 0):soup('onion', 1, 0);(4, 0):empty"
25,3,"(-1, 0)","(4, 3)","(0, 1)",onion,"(6, 2)","(0, 1)",,"(2, 0):dish;(3, 0):soup('onion', 1, 0)","(3, 0):soup('onion', 1, 0);(4, 0):empty",0.0,6.0,1,"(0, 1)",-0.003600000000000003,0.0,0.0,-0.003600000000000003,0.0,6.0,False,"(3, 3)",onion,"(6, 3)",,"(2, 0):dish;(3, 0):soup('onion', 1, 0)","(3, 0):soup('onion', 1, 0);(4, 0):empty"
26,3,"(-1, 0)","(3, 3)","(-1, 0)",onion,"(6, 3)","(0, 1)",,"(2, 0):dish;(3, 0):soup('onion', 1, 0)","(3, 0):soup('onion', 1, 0);(4, 0):empty",0.0,6.0,3,"(-1, 0)",-0.003600000000000003,0.0,0.0,-0.003600000000000003,0.0,6.0,False,"(2, 3)",onion,"(5, 3)",,"(2, 0):dish;(3, 0):soup('onion', 1, 0)","(3, 0):soup('onion', 1, 0);(4, 0):empty"
27,3,"(-1, 0)","(2, 3)","(-1, 0)",onion,"(5, 3)","(-1, 0)",,"(2, 0):dish;(3, 0):soup('onion', 1, 0)","(3, 0):soup('onion', 1, 0);(4, 0):empty",0.0,6.0,3,"(-1, 0)",-0.003600000000000003,0.0,0.0,-0.003600000000000003,0.0,6.0,False,"(1, 3)",onion,"(4, 3)",,"(2, 0):dish;(3, 0):soup('onion', 1, 0)","(3, 0):soup('onion', 1, 0);(4, 0):empty"
28,4,"(0, 0)","(1, 3)","(-1, 0)",onion,"(4, 3)","(-1, 0)",,"(2, 0):dish;(3, 0):soup('onion', 1, 0)","(3, 0):soup('onion', 1, 0);(4, 0):empty",0.0,6.0,3,"(-1, 0)",-0.003600000000000003,0.0,0.0,-0.003600000000000003,0.0,6.0,False,"(1, 3)",onion,"(3, 3)",,"(2, 0):dish;(3, 0):soup('onion', 1, 0)","(3, 0):soup('onion', 1, 0);(4, 0):empty"
29,0,"(0, -1)","(1, 3)","(-1, 0)",onion,"(3, 3)","(-1, 0)",,"(2, 0):dish;(3, 0):soup('onion', 1, 0)","(3, 0):soup('onion', 1, 0);(4, 0):empty",0.0,6.0,3,"(-1, 0)",-0.003600000000000003,0.0,0.0,-0.003600000000000003,0.0,6.0,False,"(1, 2)",onion,"(2, 3)",,"(2, 0):dish;(3, 0):soup('onion', 1, 0)","(3, 0):soup('onion', 1, 0);(4, 0):empty"
30,0,"(0, -1)","(1, 2)","(0, -1)",onion,"(2, 3)","(-1, 0)",,"(2, 0):dish;(3, 0):soup('onion', 1, 0)","(3, 0):soup('onion', 1, 0);(4, 0):empty",0.0,6.0,3,"(-1, 0)",-0.003600000000000003,0.0,0.0,-0.003600000000000003,0.0,6.0,False,"(1, 1)",onion,"(1, 3)",,"(2, 0):dish;(3, 0):soup('onion', 1, 0)","(3, 0):soup('onion', 1, 0);(4, 0):empty"
31,2,"(1, 0)","(1, 1)","(0, -1)",onion,"(1, 3)","(-1, 0)",,"(2, 0):dish;(3, 0):soup('onion', 1, 0)","(3, 0):soup('onion', 1, 0);(4, 0):empty",0.0,6.0,0,"(0, -1)",-0.003600000000000003,0.0,0.0,-0.003600000000000003,0.0,6.0,False,"(2, 1)",onion,"(1, 2)",,"(2, 0):dish;(3, 0):soup('onion', 1, 0)","(3, 0):soup('onion', 1, 0);(4, 0):empty"
32,2,"(1, 0)","(2, 1)","(1, 0)",onion,"(1, 2)","(0, -1)",,"(2, 0):dish;(3, 0):soup('onion', 1, 0)","(3, 0):soup('onion', 1, 0);(4, 0):empty",0.0,6.0,4,"(0, 0)",-0.003600000000000003,0.0,0.0,-0.003600000000000003,0.0,6.0,False,"(3, 1)",onion,"(1, 2)",,"(2, 0):dish;(3, 0):soup('onion', 1, 0)","(3, 0):soup('onion', 1, 0);(4, 0):empty"
33,0,"(0, -1)","(3, 1)","(1, 0)",onion,"(1, 2)","(0, -1)",,"(2, 0):dish;(3, 0):soup('onion', 1, 0)","(3, 0):soup('onion', 1, 0);(4, 0):empty",0.0,6.0,0,"(0, -1)",-0.003600000000000003,0.0,0.0,-0.003600000000000003,0.0,6.0,False,"(3, 1)",onion,"(1, 1)",,"(2, 0):dish;(3, 0):soup('onion', 1, 0)","(3, 0):soup('onion', 1, 0);(4, 0):empty"
34,5,interact,"(3, 1)","(0, -1)",onion,"(1, 1)","(0, -1)",,"(2, 0):dish;(3, 0):soup('onion', 1, 0)","(3, 0):soup('onion', 1, 0);(4, 0):empty",0.0,6.0,1,"(0, 1)",3.3528,0.0,3.0,0.35279999999999995,0.0,9.0,False,"(3, 1)",,"(1, 2)",,"(2, 0):dish;(3, 0):soup('onion', 2, 0)","(3, 0):soup('onion', 2, 0);(4, 0):empty"
35,3,"(-1, 0)","(3, 1)","(0, -1)",,"(1, 2)","(0, 1)",,"(2, 0):dish;(3, 0):soup('onion', 2, 0)","(3, 0):soup('onion', 2, 0);(4, 0):empty",0.0,9.0,3,"(-1, 0)",-0.007200000000000006,0.0,0.0,-0.007200000000000006,0.0,9.0,False,"(2, 1)",,"(1, 2)",,"(2, 0):dish;(3, 0):soup('onion', 2, 0)","(3, 0):soup('onion', 2, 0);(4, 0):empty"
36,2,"(1, 0)","(2, 1)","(-1, 0)",,"(1, 2)","(-1, 0)",,"(2, 0):dish;(3, 0):soup('onion', 2, 0)","(3, 0):soup('onion', 2, 0);(4, 0):empty",0.0,9.0,5,interact,-0.007200000000000006,0.0,0.0,-0.007200000000000006,0.0,9.0,False,"(3, 1)",,"(1, 2)",dish,"(2, 0):dish;(3, 0):soup('onion', 2, 0)","(3, 0):soup('onion', 2, 0);(4, 0):empty"
37,2,"(1, 0)","(3, 1)","(1, 0)",,"(1, 2)","(-1, 0)",dish,"(2, 0):dish;(3, 0):soup('onion', 2, 0)","(3, 0):soup('onion', 2, 0);(4, 0):empty",0.0,9.0,0,"(0, -1)",-0.007200000000000006,0.0,0.0,-0.007200000000000006,0.0,9.0,False,"(4, 1)",,"(1, 1)",dish,"(2, 0):dish;(3, 0):soup('onion', 2, 0)","(3, 0):soup('onion', 2, 0);(4, 0):empty"
38,2,"(1, 0)","(4, 1)","(1, 0)",,"(1, 1)","(0, -1)",dish,"(2, 0):dish;(3, 0):soup('onion', 2, 0)","(3, 0):soup('onion', 2, 0);(4, 0):empty",0.0,9.0,2,"(1, 0)",-0.007200000000000006,0.0,0.0,-0.007200000000000006,0.0,9.0,False,"(5, 1)",,"(2, 1)",dish,"(2, 0):dish;(3, 0):soup('onion', 2, 0)","(3, 0):soup('onion', 2, 0);(4, 0):empty"
39,2,"(1, 0)","(5, 1)","(1, 0)",,"(2, 1)","(1, 0)",dish,"(2, 0):dish;(3, 0):soup('onion', 2, 0)","(3, 0):soup('onion', 2, 0);(4, 0):empty",0.0,9.0,0,"(0, -1)",-0.007200000000000006,0.0,0.0,-0.007200000000000006,0.0,9.0,False,"(6, 1)",,"(2, 1)",dish,"(2, 0):dish;(3, 0):soup('onion', 2, 0)","(3, 0):soup('onion', 2, 0);(4, 0):empty"
40,1,"(0, 1)","(6, 1)","(1, 0)",,"(2, 1)","(0, -1)",dish,"(2, 0):dish;(3, 0):soup('onion', 2, 0)","(3, 0):soup('onion', 2, 0);(4, 0):empty",0.0,9.0,5,interact,-0.007200000000000006,0.0,0.0,-0.007200000000000006,0.0,9.0,False,"(6, 2)",,"(2, 1)",dish,"(2, 0):dish;(3, 0):soup('onion', 2, 0)","(3, 0):soup('onion', 2, 0);(4, 0):empty"
41,1,"(0, 1)","(6, 2)","(0, 1)",,"(2, 1)","(0, -1)",dish,"(2, 0):dish;(3, 0):soup('onion', 2, 0)","(3, 0):soup('onion', 2, 0);(4, 0):empty",0.0,9.0,2,"(1, 0)",-0.007200000000000006,0.0,0.0,-0.007200000000000006,0.0,9.0,False,"(6, 3)",,"(3, 1)",dish,"(2, 0):dish;(3, 0):soup('onion', 2, 0)","(3, 0):soup('onion', 2, 0);(4, 0):empty"
42,3,"(-1, 0)","(6, 3)","(0, 1)",,"(3, 1)","(1, 0)",dish,"(2, 0):dish;(3, 0):soup('onion', 2, 0)","(3, 0):soup('onion', 2, 0);(4, 0):empty",0.0,9.0,2,"(1, 0)",-0.007200000000000006,0.0,0.0,-0.007200000000000006,0.0,9.0,False,"(5, 3)",,"(4, 1)",dish,"(2, 0):dish;(3, 0):soup('onion', 2, 0)","(3, 0):soup('onion', 2, 0);(4, 0):empty"
43,3,"(-1, 0)","(5, 3)","(-1, 0)",,"(4, 1)","(1, 0)",dish,"(2, 0):dish;(3, 0):soup('onion', 2, 0)","(3, 0):soup('onion', 2, 0);(4, 0):empty",0.0,9.0,2,"(1, 0)",-0.007200000000000006,0.0,0.0,-0.007200000000000006,0.0,9.0,False,"(4, 3)",,"(5, 1)",dish,"(2, 0):dish;(3, 0):soup('onion', 2, 0)","(3, 0):soup('onion', 2, 0);(4, 0):empty"
44,1,"(0, 1)","(4, 3)","(-1, 0)",,"(5, 1)","(1, 0)",dish,"(2, 0):dish;(3, 0):soup('onion', 2, 0)","(3, 0):soup('onion', 2, 0);(4, 0):empty",0.0,9.0,2,"(1, 0)",-0.007200000000000006,0.0,0.0,-0.007200000000000006,0.0,9.0,False,"(4, 3)",,"(6, 1)",dish,"(2, 0):dish;(3, 0):soup('onion', 2, 0)","(3, 0):soup('onion', 2, 0);(4, 0):empty"
45,5,interact,"(4, 3)","(0, 1)",,"(6, 1)","(1, 0)",dish,"(2, 0):dish;(3, 0):soup('onion', 2, 0)","(3, 0):soup('onion', 2, 0);(4, 0):empty",0.0,9.0,0,"(0, -1)",-0.007200000000000006,0.0,0.0,-0.007200000000000006,0.0,9.0,False,"(4, 3)",onion,"(6, 1)",dish,"(2, 0):dish;(3, 0):soup('onion', 2, 0)","(3, 0):soup('onion', 2, 0);(4, 0):empty"
46,3,"(-1, 0)","(4, 3)","(0, 1)",onion,"(6, 1)","(0, -1)",dish,"(2, 0):dish;(3, 0):soup('onion', 2, 0)","(3, 0):soup('onion', 2, 0);(4, 0):empty",0.0,9.0,5,interact,-0.007200000000000006,0.0,0.0,-0.007200000000000006,0.0,9.0,False,"(3, 3)",onion,"(6, 1)",,"(2, 0):dish;(3, 0):soup('onion', 2, 0);(6, 0):dish","(3, 0):soup('onion', 2, 0);(4, 0):empty"
47,1,"(0, 1)","(3, 3)","(-1, 0)",onion,"(6, 1)","(0, -1)",,"(2, 0):dish;(3, 0):soup('onion', 2, 0);(6, 0):dish","(3, 0):soup('onion', 2, 0);(4, 0):empty",0.0,9.0,1,"(0, 1)",-0.007200000000000006,0.0,0.0,-0.007200000000000006,0.0,9.0,False,"(3, 3)",onion,"(6, 2)",,"(2, 0):dish;(3, 0):soup('onion', 2, 0);(6, 0):dish","(3, 0):soup('onion', 2, 0);(4, 0):empty"
48,3,"(-1, 0)","(3, 3)","(0, 1)",onion,"(6, 2)","(0, 1)",,"(2, 0):dish;(3, 0):soup('onion', 2, 0);(6, 0):dish","(3, 0):soup('onion', 2, 0);(4, 0):empty",0.0,9.0,1,"(0, 1)",-0.007200000000000006,0.0,0.0,-0.007200000000000006,0.0,9.0,False,"(2, 3)",onion,"(6, 3)",,"(2, 0):dish;(3, 0):soup('onion', 2, 0);(6, 0):dish","(3, 0):soup('onion', 2, 0);(4, 0):empty"
49,3,"(-1, 0)","(2, 3)","(-1, 0)",onion,"(6, 3)","(0, 1)",,"(2, 0):dish;(3, 0):soup('onion', 2, 0);(6, 0):dish","(3, 0):soup('onion', 2, 0);(4, 0):empty",0.0,9.0,3,"(-1, 0)",-0.007200000000000006,0.0,0.0,-0.007200000000000006,0.0,9.0,False,"(1, 3)",onion,"(5, 3)",,"(2, 0):dish;(3, 0):soup('onion', 2, 0);(6, 0):dish","(3, 0):soup('onion', 2, 0);(4, 0):empty"
50,4,"(0, 0)","(1, 3)","(-1, 0)",onion,"(5, 3)","(-1, 0)",,"(2, 0):dish;(3, 0):soup('onion', 2, 0);(6, 0):dish","(3, 0):soup('onion', 2, 0);(4, 0):empty",0.0,9.0,3,"(-1, 0)",-0.007200000000000006,0.0,0.0,-0.007200000000000006,0.0,9.0,False,"(1, 3)",onion,"(4, 3)",,"(2, 0):dish;(3, 0):soup('onion', 2, 0);(6, 0):dish","(3, 0):soup('onion', 2, 0);(4, 0):empty"
51,4,"(0, 0)","(1, 3)","(-1, 0)",onion,"(4, 3)","(-1, 0)",,"(2, 0):dish;(3, 0):soup('onion', 2, 0);(6, 0):dish","(3, 0):soup('onion', 2, 0);(4, 0):empty",0.0,9.0,3,"(-1, 0)",-0.007200000000000006,0.0,0.0,-0.007200000000000006,0.0,9.0,False,"(1, 3)",onion,"(3, 3)",,"(2, 0):dish;(3, 0):soup('onion', 2, 0);(6, 0):dish","(3, 0):soup('onion', 2, 0);(4, 0):empty"
52,0,"(0, -1)","(1, 3)","(-1, 0)",onion,"(3, 3)","(-1, 0)",,"(2, 0):dish;(3, 0):soup('onion', 2, 0);(6, 0):dish","(3, 0):soup('onion', 2, 0);(4, 0):empty",0.0,9.0,3,"(-1, 0)",-0.007200000000000006,0.0,0.0,-0.007200000000000006,0.0,9.0,False,"(1, 2)",onion,"(2, 3)",,"(2, 0):dish;(3, 0):soup('onion', 2, 0);(6, 0):dish","(3, 0):soup('onion', 2, 0);(4, 0):empty"
53,0,"(0, -1)","(1, 2)","(0, -1)",onion,"(2, 3)","(-1, 0)",,"(2, 0):dish;(3, 0):soup('onion', 2, 0);(6, 0):dish","(3, 0):soup('onion', 2, 0);(4, 0):empty",0.0,9.0,3,"(-1, 0)",-0.007200000000000006,0.0,0.0,-0.007200000000000006,0.0,9.0,False,"(1, 1)",onion,"(1, 3)",,"(2, 0):dish;(3, 0):soup('onion', 2, 0);(6, 0):dish","(3, 0):soup('onion', 2, 0);(4, 0):empty"
54,2,"(1, 0)","(1, 1)","(0, -1)",onion,"(1, 3)","(-1, 0)",,"(2, 0):dish;(3, 0):soup('onion', 2, 0);(6, 0):dish","(3, 0):soup('onion', 2, 0);(4, 0):empty",0.0,9.0,0,"(0, -1)",-0.007200000000000006,0.0,0.0,-0.007200000000000006,0.0,9.0,False,"(2, 1)",onion,"(1, 2)",,"(2, 0):dish;(3, 0):soup('onion', 2, 0);(6, 0):dish","(3, 0):soup('onion', 2, 0);(4, 0):empty"
55,2,"(1, 0)","(2, 1)","(1, 0)",onion,"(1, 2)","(0, -1)",,"(2, 0):dish;(3, 0):soup('onion', 2, 0);(6, 0):dish","(3, 0):soup('onion', 2, 0);(4, 0):empty",0.0,9.0,4,"(0, 0)",-0.007200000000000006,0.0,0.0,-0.007200000000000006,0.0,9.0,False,"(3, 1)",onion,"(1, 2)",,"(2, 0):dish;(3, 0):soup('onion', 2, 0);(6, 0):dish","(3, 0):soup('onion', 2, 0);(4, 0):empty"
56,0,"(0, -1)","(3, 1)","(1, 0)",onion,"(1, 2)","(0, -1)",,"(2, 0):dish;(3, 0):soup('onion', 2, 0);(6, 0):dish","(3, 0):soup('onion', 2, 0);(4, 0):empty",0.0,9.0,0,"(0, -1)",-0.007200000000000006,0.0,0.0,-0.007200000000000006,0.0,9.0,False,"(3, 1)",onion,"(1, 1)",,"(2, 0):dish;(3, 0):soup('onion', 2, 0);(6, 0):dish","(3, 0):soup('onion', 2, 0);(4, 0):empty"
57,5,interact,"(3, 1)","(0, -1)",onion,"(1, 1)","(0, -1)",,"(2, 0):dish;(3, 0):soup('onion', 2, 0);(6, 0):dish","(3, 0):soup('onion', 2, 0);(4, 0):empty",0.0,9.0,1,"(0, 1)",3.468,0.0,3.0,0.46799999999999997,0.0,12.0,False,"(3, 1)",,"(1, 2)",,"(2, 0):dish;(3, 0):soup('onion', 3, 1);(6, 0):dish","(3, 0):soup('onion', 3, 1);(4, 0):empty"
58,3,"(-1, 0)","(3, 1)","(0, -1)",,"(1, 2)","(0, 1)",,"(2, 0):dish;(3, 0):soup('onion', 3, 1);(6, 0):dish","(3, 0):soup('onion', 3, 1);(4, 0):empty",0.0,12.0,3,"(-1, 0)",-0.01200000000000001,0.0,0.0,-0.01200000000000001,0.0,12.0,False,"(2, 1)",,"(1, 2)",,"(2, 0):dish;(3, 0):soup('onion', 3, 2);(6, 0):dish","(3, 0):soup('onion', 3, 2);(4, 0):empty"
59,3,"(-1, 0)","(2, 1)","(-1, 0)",,"(1, 2)","(-1, 0)",,"(2, 0):dish;(3, 0):soup('onion', 3, 2);(6, 0):dish","(3, 0):soup('onion', 3, 2);(4, 0):empty",0.0,12.0,5,interact,-0.01200000000000001,0.0,0.0,-0.01200000000000001,0.0,12.0,False,"(1, 1)",,"(1, 2)",dish,"(2, 0):dish;(3, 0):soup('onion', 3, 3);(6, 0):dish","(3, 0):soup('onion', 3, 3);(4, 0):empty"
60,2,"(1, 0)","(1, 1)","(-1, 0)",,"(1, 2)","(-1, 0)",dish,"(2, 0):dish;(3, 0):soup('onion', 3, 3);(6, 0):dish","(3, 0):soup('onion', 3, 3);(4, 0):empty",0.0,12.0,5,interact,-0.01200000000000001,0.0,0.0,-0.01200000000000001,0.0,12.0,False,"(2, 1)",,"(1, 2)",dish,"(2, 0):dish;(3, 0):soup('onion', 3, 4);(6, 0):dish","(3, 0):soup('onion', 3, 4);(4, 0):empty"
61,2,"(1, 0)","(2, 1)","(1, 0)",,"(1, 2)","(-1, 0)",dish,"(2, 0):dish;(3, 0):soup('onion', 3, 4);(6, 0):dish","(3, 0):soup('onion', 3, 4);(4, 0):empty",0.0,12.0,0,"(0, -1)",-0.01200000000000001,0.0,0.0,-0.01200000000000001,0.0,12.0,False,"(3, 1)",,"(1, 1)",dish,"(2, 0):dish;(3, 0):soup('onion', 3, 5);(6, 0):dish","(3, 0):soup('onion', 3, 5);(4, 0):empty"
62,5,interact,"(3, 1)","(1, 0)",,"(1, 1)","(0, -1)",dish,"(2, 0):dish;(3, 0):soup('onion', 3, 5);(6, 0):dish","(3, 0):soup('onion', 3, 5);(4, 0):empty",0.0,12.0,2,"(1, 0)",-0.01200000000000001,0.0,0.0,-0.01200000000000001,0.0,12.0,False,"(3, 1)",,"(2, 1)",dish,"(2, 0):dish;(3, 0):soup('onion', 3, 6);(6, 0):dish","(3, 0):soup('onion', 3, 6);(4, 0):empty"
63,3,"(-1, 0)","(3, 1)","(1, 0)",,"(2, 1)","(1, 0)",dish,"(2, 0):dish;(3, 0):soup('onion', 3, 6);(6, 0):dish","(3, 0):soup('onion', 3, 6);(4, 0):empty",0.0,12.0,2,"(1, 0)",-0.01200000000000001,0.0,0.0,-0.01200000000000001,0.0,12.0,False,"(3, 1)",,"(2, 1)",dish,"(2, 0):dish;(3, 0):soup('onion', 3, 7);(6, 0):dish","(3, 0):soup('onion', 3, 7);(4, 0):empty"
64,3,"(-1, 0)","(3, 1)","(-1, 0)",,"(2, 1)","(1, 0)",dish,"(2, 0):dish;(3, 0):soup('onion', 3, 7);(6, 0):dish","(3, 0):soup('onion', 3, 7);(4, 0):empty",0.0,12.0,2,"(1, 0)",-0.01200000000000001,0.0,0.0,-0.01200000000000001,0.0,12.0,False,"(3, 1)",,"(2, 1)",dish,"(2, 0):dish;(3, 0):soup('onion', 3, 8);(6, 0):dish","(3, 0):soup('onion', 3, 8);(4, 0):empty"
65,3,"(-1, 0)","(3, 1)","(-1, 0)",,"(2, 1)","(1, 0)",dish,"(2, 0):dish;(3, 0):soup('onion', 3, 8);(6, 0):dish","(3, 0):soup('onion', 3, 8);(4, 0):empty",0.0,12.0,2,"(1, 0)",-0.01200000000000001,0.0,0.0,-0.01200000000000001,0.0,12.0,False,"(3, 1)",,"(2, 1)",dish,"(2, 0):dish;(3, 0):soup('onion', 3, 9);(6, 0):dish","(3, 0):soup('onion', 3, 9);(4, 0):empty"
66,3,"(-1, 0)","(3, 1)","(-1, 0)",,"(2, 1)","(1, 0)",dish,"(2, 0):dish;(3, 0):soup('onion', 3, 9);(6, 0):dish","(3, 0):soup('onion', 3, 9);(4, 0):empty",0.0,12.0,2,"(1, 0)",-0.01200000000000001,0.0,0.0,-0.01200000000000001,0.0,12.0,False,"(3, 1)",,"(2, 1)",dish,"(2, 0):dish;(3, 0):soup('onion', 3, 10);(6, 0):dish","(3, 0):soup('onion', 3, 10);(4, 0):empty"
67,3,"(-1, 0)","(3, 1)","(-1, 0)",,"(2, 1)","(1, 0)",dish,"(2, 0):dish;(3, 0):soup('onion', 3, 10);(6, 0):dish","(3, 0):soup('onion', 3, 10);(4, 0):empty",0.0,12.0,2,"(1, 0)",-0.01200000000000001,0.0,0.0,-0.01200000000000001,0.0,12.0,False,"(3, 1)",,"(2, 1)",dish,"(2, 0):dish;(3, 0):soup('onion', 3, 11);(6, 0):dish","(3, 0):soup('onion', 3, 11);(4, 0):empty"
68,3,"(-1, 0)","(3, 1)","(-1, 0)",,"(2, 1)","(1, 0)",dish,"(2, 0):dish;(3, 0):soup('onion', 3, 11);(6, 0):dish","(3, 0):soup('onion', 3, 11);(4, 0):empty",0.0,12.0,2,"(1, 0)",-0.01200000000000001,0.0,0.0,-0.01200000000000001,0.0,12.0,False,"(3, 1)",,"(2, 1)",dish,"(2, 0):dish;(3, 0):soup('onion', 3, 12);(6, 0):dish","(3, 0):soup('onion', 3, 12);(4, 0):empty"
69,3,"(-1, 0)","(3, 1)","(-1, 0)",,"(2, 1)","(1, 0)",dish,"(2, 0):dish;(3, 0):soup('onion', 3, 12);(6, 0):dish","(3, 0):soup('onion', 3, 12);(4, 0):empty",0.0,12.0,2,"(1, 0)",-0.01200000000000001,0.0,0.0,-0.01200000000000001,0.0,12.0,False,"(3, 1)",,"(2, 1)",dish,"(2, 0):dish;(3, 0):soup('onion', 3, 13);(6, 0):dish","(3, 0):soup('onion', 3, 13);(4, 0):empty"
70,3,"(-1, 0)","(3, 1)","(-1, 0)",,"(2, 1)","(1, 0)",dish,"(2, 0):dish;(3, 0):soup('onion', 3, 13);(6, 0):dish","(3, 0):soup('onion', 3, 13);(4, 0):empty",0.0,12.0,2,"(1, 0)",-0.01200000000000001,0.0,0.0,-0.01200000000000001,0.0,12.0,False,"(3, 1)",,"(2, 1)",dish,"(2, 0):dish;(3, 0):soup('onion', 3, 14);(6, 0):dish","(3, 0):soup('onion', 3, 14);(4, 0):empty"
71,3,"(-1, 0)","(3, 1)","(-1, 0)",,"(2, 1)","(1, 0)",dish,"(2, 0):dish;(3, 0):soup('onion', 3, 14);(6, 0):dish","(3, 0):soup('onion', 3, 14);(4, 0):empty",0.0,12.0,2,"(1, 0)",-0.01200000000000001,0.0,0.0,-0.01200000000000001,0.0,12.0,False,"(3, 1)",,"(2, 1)",dish,"(2, 0):dish;(3, 0):soup('onion', 3, 15);(6, 0):dish","(3, 0):soup('onion', 3, 15);(4, 0):empty"
72,3,"(-1, 0)","(3, 1)","(-1, 0)",,"(2, 1)","(1, 0)",dish,"(2, 0):dish;(3, 0):soup('onion', 3, 15);(6, 0):dish","(3, 0):soup('onion', 3, 15);(4, 0):empty",0.0,12.0,2,"(1, 0)",-0.01200000000000001,0.0,0.0,-0.01200000000000001,0.0,12.0,False,"(3, 1)",,"(2, 1)",dish,"(2, 0):dish;(3, 0):soup('onion', 3, 16);(6, 0):dish","(3, 0):soup('onion', 3, 16);(4, 0):empty"
73,3,"(-1, 0)","(3, 1)","(-1, 0)",,"(2, 1)","(1, 0)",dish,"(2, 0):dish;(3, 0):soup('onion', 3, 16);(6, 0):dish","(3, 0):soup('onion', 3, 16);(4, 0):empty",0.0,12.0,2,"(1, 0)",-0.01200000000000001,0.0,0.0,-0.01200000000000001,0.0,12.0,False,"(3, 1)",,"(2, 1)",dish,"(2, 0):dish;(3, 0):soup('onion', 3, 17);(6, 0):dish","(3, 0):soup('onion', 3, 17);(4, 0):empty"
74,3,"(-1, 0)","(3, 1)","(-1, 0)",,"(2, 1)","(1, 0)",dish,"(2, 0):dish;(3, 0):soup('onion', 3, 17);(6, 0):dish","(3, 0):soup('onion', 3, 17);(4, 0):empty",0.0,12.0,2,"(1, 0)",-0.01200000000000001,0.0,0.0,-0.01200000000000001,0.0,12.0,False,"(3, 1)",,"(2, 1)",dish,"(2, 0):dish;(3, 0):soup('onion', 3, 18);(6, 0):dish","(3, 0):soup('onion', 3, 18);(4, 0):empty"
75,3,"(-1, 0)","(3, 1)","(-1, 0)",,"(2, 1)","(1, 0)",dish,"(2, 0):dish;(3, 0):soup('onion', 3, 18);(6, 0):dish","(3, 0):soup('onion', 3, 18);(4, 0):empty",0.0,12.0,2,"(1, 0)",-0.01200000000000001,0.0,0.0,-0.01200000000000001,0.0,12.0,False,"(3, 1)",,"(2, 1)",dish,"(2, 0):dish;(3, 0):soup('onion', 3, 19);(6, 0):dish","(3, 0):soup('onion', 3, 19);(4, 0):empty"
76,3,"(-1, 0)","(3, 1)","(-1, 0)",,"(2, 1)","(1, 0)",dish,"(2, 0):dish;(3, 0):soup('onion', 3, 19);(6, 0):dish","(3, 0):soup('onion', 3, 19);(4, 0):empty",0.0,12.0,2,"(1, 0)",0.5819999999999999,0.0,0.0,0.5819999999999999,0.0,12.0,False,"(3, 1)",,"(2, 1)",dish,"(2, 0):dish;(3, 0):soup('onion', 3, 20);(6, 0):dish","(3, 0):soup('onion', 3, 20);(4, 0):empty"
77,2,"(1, 0)","(3, 1)","(-1, 0)",,"(2, 1)","(1, 0)",dish,"(2, 0):dish;(3, 0):soup('onion', 3, 20);(6, 0):dish","(3, 0):soup('onion', 3, 20);(4, 0):empty",0.0,12.0,5,interact,-0.018000000000000148,0.0,0.0,-0.018000000000000148,0.0,12.0,False,"(4, 1)",,"(2, 1)",dish,"(2, 0):dish;(3, 0):soup('onion', 3, 20);(6, 0):dish","(3, 0):soup('onion', 3, 20);(4, 0):empty"
78,0,"(0, -1)","(4, 1)","(1, 0)",,"(2, 1)","(1, 0)",dish,"(2, 0):dish;(3, 0):soup('onion', 3, 20);(6, 0):dish","(3, 0):soup('onion', 3, 20);(4, 0):empty",0.0,12.0,2,"(1, 0)",-0.018000000000000148,0.0,0.0,-0.018000000000000148,0.0,12.0,False,"(4, 1)",,"(3, 1)",dish,"(2, 0):dish;(3, 0):soup('onion', 3, 20);(6, 0):dish","(3, 0):soup('onion', 3, 20);(4, 0):empty"
79,1,"(0, 1)","(4, 1)","(0, -1)",,"(3, 1)","(1, 0)",dish,"(2, 0):dish;(3, 0):soup('onion', 3, 20);(6, 0):dish","(3, 0):soup('onion', 3, 20);(4, 0):empty",0.0,12.0,0,"(0, -1)",-0.018000000000000148,0.0,0.0,-0.018000000000000148,0.0,12.0,False,"(4, 1)",,"(3, 1)",dish,"(2, 0):dish;(3, 0):soup('onion', 3, 20);(6, 0):dish","(3, 0):soup('onion', 3, 20);(4, 0):empty"
80,0,"(0, -1)","(4, 1)","(0, 1)",,"(3, 1)","(0, -1)",dish,"(2, 0):dish;(3, 0):soup('onion', 3, 20);(6, 0):dish","(3, 0):soup('onion', 3, 20);(4, 0):empty",0.0,12.0,5,interact,5.279,0.0,5.0,0.2789999999999999,0.0,17.0,False,"(4, 1)",,"(3, 1)","soup('onion', 3, 20)","(2, 0):dish;(6, 0):dish","(3, 0):empty;(4, 0):empty"
81,1,"(0, 1)","(4, 1)","(0, -1)",,"(3, 1)","(0, -1)","soup('onion', 3, 20)","(2, 0):dish;(6, 0):dish","(3, 0):empty;(4, 0):empty",0.0,17.0,3,"(-1, 0)",-0.08039999999999993,0.0,0.0,-0.08039999999999993,0.0,17.0,False,"(4, 1)",,"(2, 1)","soup('onion', 3, 20)","(2, 0):dish;(6, 0):dish","(3, 0):empty;(4, 0):empty"
82,2,"(1, 0)","(4, 1)","(0, 1)",,"(2, 1)","(-1, 0)","soup('onion', 3, 20)","(2, 0):dish;(6, 0):dish","(3, 0):empty;(4, 0):empty",0.0,17.0,5,interact,-0.020399999999999884,0.0,0.0,-0.020399999999999884,0.0,17.0,False,"(5, 1)",,"(2, 1)","soup('onion', 3, 20)","(2, 0):dish;(6, 0):dish","(3, 0):empty;(4, 0):empty"
83,2,"(1, 0)","(5, 1)","(1, 0)",,"(2, 1)","(-1, 0)","soup('onion', 3, 20)","(2, 0):dish;(6, 0):dish","(3, 0):empty;(4, 0):empty",0.0,17.0,5,interact,-0.020399999999999884,0.0,0.0,-0.020399999999999884,0.0,17.0,False,"(6, 1)",,"(2, 1)","soup('onion', 3, 20)","(2, 0):dish;(6, 0):dish","(3, 0):empty;(4, 0):empty"
84,1,"(0, 1)","(6, 1)","(1, 0)",,"(2, 1)","(-1, 0)","soup('onion', 3, 20)","(2, 0):dish;(6, 0):dish","(3, 0):empty;(4, 0):empty",0.0,17.0,5,interact,-0.020399999999999884,0.0,0.0,-0.020399999999999884,0.0,17.0,False,"(6, 2)",,"(2, 1)","soup('onion', 3, 20)","(2, 0):dish;(6, 0):dish","(3, 0):empty;(4, 0):empty"
85,1,"(0, 1)","(6, 2)","(0, 1)",,"(2, 1)","(-1, 0)","soup('onion', 3, 20)","(2, 0):dish;(6, 0):dish","(3, 0):empty;(4, 0):empty",0.0,17.0,5,interact,-0.020399999999999884,0.0,0.0,-0.020399999999999884,0.0,17.0,False,"(6, 3)",,"(2, 1)","soup('onion', 3, 20)","(2, 0):dish;(6, 0):dish","(3, 0):empty;(4, 0):empty"
86,1,"(0, 1)","(6, 3)","(0, 1)",,"(2, 1)","(-1, 0)","soup('onion', 3, 20)","(2, 0):dish;(6, 0):dish","(3, 0):empty;(4, 0):empty",0.0,17.0,5,interact,-0.05603999999999996,0.0,0.0,-0.05603999999999996,0.0,17.0,False,"(6, 3)",,"(2, 1)","soup('onion', 3, 20)","(2, 0):dish;(6, 0):dish","(3, 0):empty;(4, 0):empty"
87,1,"(0, 1)","(6, 3)","(0, 1)",,"(2, 1)","(-1, 0)","soup('onion', 3, 20)","(2, 0):dish;(6, 0):dish","(3, 0):empty;(4, 0):empty",0.0,17.0,5,interact,-0.05567999999999999,0.0,0.0,-0.05567999999999999,0.0,17.0,False,"(6, 3)",,"(2, 1)","soup('onion', 3, 20)","(2, 0):dish;(6, 0):dish","(3, 0):empty;(4, 0):empty"
88,1,"(0, 1)","(6, 3)","(0, 1)",,"(2, 1)","(-1, 0)","soup('onion', 3, 20)","(2, 0):dish;(6, 0):dish","(3, 0):empty;(4, 0):empty",0.0,17.0,5,interact,-0.055320000000000036,0.0,0.0,-0.055320000000000036,0.0,17.0,False,"(6, 3)",,"(2, 1)","soup('onion', 3, 20)","(2, 0):dish;(6, 0):dish","(3, 0):empty;(4, 0):empty"
89,1,"(0, 1)","(6, 3)","(0, 1)",,"(2, 1)","(-1, 0)","soup('onion', 3, 20)","(2, 0):dish;(6, 0):dish","(3, 0):empty;(4, 0):empty",0.0,17.0,5,interact,-0.05495999999999981,0.0,0.0,-0.05495999999999981,0.0,17.0,False,"(6, 3)",,"(2, 1)","soup('onion', 3, 20)","(2, 0):dish;(6, 0):dish","(3, 0):empty;(4, 0):empty"
90,1,"(0, 1)","(6, 3)","(0, 1)",,"(2, 1)","(-1, 0)","soup('onion', 3, 20)","(2, 0):dish;(6, 0):dish","(3, 0):empty;(4, 0):empty",0.0,17.0,5,interact,-0.054600000000000114,0.0,0.0,-0.054600000000000114,0.0,17.0,False,"(6, 3)",,"(2, 1)","soup('onion', 3, 20)","(2, 0):dish;(6, 0):dish","(3, 0):empty;(4, 0):empty"
91,1,"(0, 1)","(6, 3)","(0, 1)",,"(2, 1)","(-1, 0)","soup('onion', 3, 20)","(2, 0):dish;(6, 0):dish","(3, 0):empty;(4, 0):empty",0.0,17.0,5,interact,-0.054240000000000156,0.0,0.0,-0.054240000000000156,0.0,17.0,False,"(6, 3)",,"(2, 1)","soup('onion', 3, 20)","(2, 0):dish;(6, 0):dish","(3, 0):empty;(4, 0):empty"
92,1,"(0, 1)","(6, 3)","(0, 1)",,"(2, 1)","(-1, 0)","soup('onion', 3, 20)","(2, 0):dish;(6, 0):dish","(3, 0):empty;(4, 0):empty",0.0,17.0,5,interact,-0.05387999999999993,0.0,0.0,-0.05387999999999993,0.0,17.0,False,"(6, 3)",,"(2, 1)","soup('onion', 3, 20)","(2, 0):dish;(6, 0):dish","(3, 0):empty;(4, 0):empty"
93,1,"(0, 1)","(6, 3)","(0, 1)",,"(2, 1)","(-1, 0)","soup('onion', 3, 20)","(2, 0):dish;(6, 0):dish","(3, 0):empty;(4, 0):empty",0.0,17.0,5,interact,-0.05351999999999996,0.0,0.0,-0.05351999999999996,0.0,17.0,False,"(6, 3)",,"(2, 1)","soup('onion', 3, 20)","(2, 0):dish;(6, 0):dish","(3, 0):empty;(4, 0):empty"
94,1,"(0, 1)","(6, 3)","(0, 1)",,"(2, 1)","(-1, 0)","soup('onion', 3, 20)","(2, 0):dish;(6, 0):dish","(3, 0):empty;(4, 0):empty",0.0,17.0,5,interact,-0.053160000000000006,0.0,0.0,-0.053160000000000006,0.0,17.0,False,"(6, 3)",,"(2, 1)","soup('onion', 3, 20)","(2, 0):dish;(6, 0):dish","(3, 0):empty;(4, 0):empty"
95,1,"(0, 1)","(6, 3)","(0, 1)",,"(2, 1)","(-1, 0)","soup('onion', 3, 20)","(2, 0):dish;(6, 0):dish","(3, 0):empty;(4, 0):empty",0.0,17.0,5,interact,-0.05280000000000005,0.0,0.0,-0.05280000000000005,0.0,17.0,False,"(6, 3)",,"(2, 1)","soup('onion', 3, 20)","(2, 0):dish;(6, 0):dish","(3, 0):empty;(4, 0):empty"
96,1,"(0, 1)","(6, 3)","(0, 1)",,"(2, 1)","(-1, 0)","soup('onion', 3, 20)","(2, 0):dish;(6, 0):dish","(3, 0):empty;(4, 0):empty",0.0,17.0,5,interact,-0.05243999999999982,0.0,0.0,-0.05243999999999982,0.0,17.0,False,"(6, 3)",,"(2, 1)","soup('onion', 3, 20)","(2, 0):dish;(6, 0):dish","(3, 0):empty;(4, 0):empty"
97,1,"(0, 1)","(6, 3)","(0, 1)",,"(2, 1)","(-1, 0)","soup('onion', 3, 20)","(2, 0):dish;(6, 0):dish","(3, 0):empty;(4, 0):empty",0.0,17.0,5,interact,-0.05208000000000039,0.0,0.0,-0.05208000000000039,0.0,17.0,False,"(6, 3)",,"(2, 1)","soup('onion', 3, 20)","(2, 0):dish;(6, 0):dish","(3, 0):empty;(4, 0):empty"
98,1,"(0, 1)","(6, 3)","(0, 1)",,"(2, 1)","(-1, 0)","soup('onion', 3, 20)","(2, 0):dish;(6, 0):dish","(3, 0):empty;(4, 0):empty",0.0,17.0,5,interact,-0.0517199999999999,0.0,0.0,-0.0517199999999999,0.0,17.0,False,"(6, 3)",,"(2, 1)","soup('onion', 3, 20)","(2, 0):dish;(6, 0):dish","(3, 0):empty;(4, 0):empty"
99,1,"(0, 1)","(6, 3)","(0, 1)",,"(2, 1)","(-1, 0)","soup('onion', 3, 20)","(2, 0):dish;(6, 0):dish","(3, 0):empty;(4, 0):empty",0.0,17.0,5,interact,-0.027600000000000156,0.0,0.0,-0.027600000000000156,0.0,17.0,False,"(6, 3)",,"(2, 1)","soup('onion', 3, 20)","(2, 0):dish;(6, 0):dish","(3, 0):empty;(4, 0):empty"
100,1,"(0, 1)","(6, 3)","(0, 1)",,"(2, 1)","(-1, 0)","soup('onion', 3, 20)","(2, 0):dish;(6, 0):dish","(3, 0):empty;(4, 0):empty",0.0,17.0,5,interact,-0.01559999999999988,0.0,0.0,-0.01559999999999988,0.0,17.0,False,"(6, 3)",,"(2, 1)","soup('onion', 3, 20)","(2, 0):dish;(6, 0):dish","(3, 0):empty;(4, 0):empty"
101,1,"(0, 1)","(6, 3)","(0, 1)",,"(2, 1)","(-1, 0)","soup('onion', 3, 20)","(2, 0):dish;(6, 0):dish","(3, 0):empty;(4, 0):empty",0.0,17.0,5,interact,-0.01559999999999988,0.0,0.0,-0.01559999999999988,0.0,17.0,False,"(6, 3)",,"(2, 1)","soup('onion', 3, 20)","(2, 0):dish;(6, 0):dish","(3, 0):empty;(4, 0):empty"
102,1,"(0, 1)","(6, 3)","(0, 1)",,"(2, 1)","(-1, 0)","soup('onion', 3, 20)","(2, 0):dish;(6, 0):dish","(3, 0):empty;(4, 0):empty",0.0,17.0,5,interact,-0.01559999999999988,0.0,0.0,-0.01559999999999988,0.0,17.0,False,"(6, 3)",,"(2, 1)","soup('onion', 3, 20)","(2, 0):dish;(6, 0):dish","(3, 0):empty;(4, 0):empty"
103,1,"(0, 1)","(6, 3)","(0, 1)",,"(2, 1)","(-1, 0)","soup('onion', 3, 20)","(2, 0):dish;(6, 0):dish","(3, 0):empty;(4, 0):empty",0.0,17.0,5,interact,-0.01559999999999988,0.0,0.0,-0.01559999999999988,0.0,17.0,False,"(6, 3)",,"(2, 1)","soup('onion', 3, 20)","(2, 0):dish;(6, 0):dish","(3, 0):empty;(4, 0):empty"
104,1,"(0, 1)","(6, 3)","(0, 1)",,"(2, 1)","(-1, 0)","soup('onion', 3, 20)","(2, 0):dish;(6, 0):dish","(3, 0):empty;(4, 0):empty",0.0,17.0,5,interact,-0.01559999999999988,0.0,0.0,-0.01559999999999988,0.0,17.0,False,"(6, 3)",,"(2, 1)","soup('onion', 3, 20)","(2, 0):dish;(6, 0):dish","(3, 0):empty;(4, 0):empty"
105,1,"(0, 1)","(6, 3)","(0, 1)",,"(2, 1)","(-1, 0)","soup('onion', 3, 20)","(2, 0):dish;(6, 0):dish","(3, 0):empty;(4, 0):empty",0.0,17.0,5,interact,-0.01559999999999988,0.0,0.0,-0.01559999999999988,0.0,17.0,False,"(6, 3)",,"(2, 1)","soup('onion', 3, 20)","(2, 0):dish;(6, 0):dish","(3, 0):empty;(4, 0):empty"
106,1,"(0, 1)","(6, 3)","(0, 1)",,"(2, 1)","(-1, 0)","soup('onion', 3, 20)","(2, 0):dish;(6, 0):dish","(3, 0):empty;(4, 0):empty",0.0,17.0,5,interact,-0.01559999999999988,0.0,0.0,-0.01559999999999988,0.0,17.0,False,"(6, 3)",,"(2, 1)","soup('onion', 3, 20)","(2, 0):dish;(6, 0):dish","(3, 0):empty;(4, 0):empty"
107,1,"(0, 1)","(6, 3)","(0, 1)",,"(2, 1)","(-1, 0)","soup('onion', 3, 20)","(2, 0):dish;(6, 0):dish","(3, 0):empty;(4, 0):empty",0.0,17.0,5,interact,-0.01559999999999988,0.0,0.0,-0.01559999999999988,0.0,17.0,False,"(6, 3)",,"(2, 1)","soup('onion', 3, 20)","(2, 0):dish;(6, 0):dish","(3, 0):empty;(4, 0):empty"
108,1,"(0, 1)","(6, 3)","(0, 1)",,"(2, 1)","(-1, 0)","soup('onion', 3, 20)","(2, 0):dish;(6, 0):dish","(3, 0):empty;(4, 0):empty",0.0,17.0,5,interact,-0.01559999999999988,0.0,0.0,-0.01559999999999988,0.0,17.0,False,"(6, 3)",,"(2, 1)","soup('onion', 3, 20)","(2, 0):dish;(6, 0):dish","(3, 0):empty;(4, 0):empty"
109,1,"(0, 1)","(6, 3)","(0, 1)",,"(2, 1)","(-1, 0)","soup('onion', 3, 20)","(2, 0):dish;(6, 0):dish","(3, 0):empty;(4, 0):empty",0.0,17.0,5,interact,-0.01559999999999988,0.0,0.0,-0.01559999999999988,0.0,17.0,False,"(6, 3)",,"(2, 1)","soup('onion', 3, 20)","(2, 0):dish;(6, 0):dish","(3, 0):empty;(4, 0):empty"
110,1,"(0, 1)","(6, 3)","(0, 1)",,"(2, 1)","(-1, 0)","soup('onion', 3, 20)","(2, 0):dish;(6, 0):dish","(3, 0):empty;(4, 0):empty",0.0,17.0,5,interact,-0.01559999999999988,0.0,0.0,-0.01559999999999988,0.0,17.0,False,"(6, 3)",,"(2, 1)","soup('onion', 3, 20)","(2, 0):dish;(6, 0):dish","(3, 0):empty;(4, 0):empty"
111,1,"(0, 1)","(6, 3)","(0, 1)",,"(2, 1)","(-1, 0)","soup('onion', 3, 20)","(2, 0):dish;(6, 0):dish","(3, 0):empty;(4, 0):empty",0.0,17.0,5,interact,-0.01559999999999988,0.0,0.0,-0.01559999999999988,0.0,17.0,False,"(6, 3)",,"(2, 1)","soup('onion', 3, 20)","(2, 0):dish;(6, 0):dish","(3, 0):empty;(4, 0):empty"
112,1,"(0, 1)","(6, 3)","(0, 1)",,"(2, 1)","(-1, 0)","soup('onion', 3, 20)","(2, 0):dish;(6, 0):dish","(3, 0):empty;(4, 0):empty",0.0,17.0,5,interact,-0.01559999999999988,0.0,0.0,-0.01559999999999988,0.0,17.0,False,"(6, 3)",,"(2, 1)","soup('onion', 3, 20)","(2, 0):dish;(6, 0):dish","(3, 0):empty;(4, 0):empty"
113,1,"(0, 1)","(6, 3)","(0, 1)",,"(2, 1)","(-1, 0)","soup('onion', 3, 20)","(2, 0):dish;(6, 0):dish","(3, 0):empty;(4, 0):empty",0.0,17.0,5,interact,-0.01559999999999988,0.0,0.0,-0.01559999999999988,0.0,17.0,False,"(6, 3)",,"(2, 1)","soup('onion', 3, 20)","(2, 0):dish;(6, 0):dish","(3, 0):empty;(4, 0):empty"
114,1,"(0, 1)","(6, 3)","(0, 1)",,"(2, 1)","(-1, 0)","soup('onion', 3, 20)","(2, 0):dish;(6, 0):dish","(3, 0):empty;(4, 0):empty",0.0,17.0,5,interact,-0.01559999999999988,0.0,0.0,-0.01559999999999988,0.0,17.0,False,"(6, 3)",,"(2, 1)","soup('onion', 3, 20)","(2, 0):dish;(6, 0):dish","(3, 0):empty;(4, 0):empty"
115,1,"(0, 1)","(6, 3)","(0, 1)",,"(2, 1)","(-1, 0)","soup('onion', 3, 20)","(2, 0):dish;(6, 0):dish","(3, 0):empty;(4, 0):empty",0.0,17.0,5,interact,-0.01559999999999988,0.0,0.0,-0.01559999999999988,0.0,17.0,False,"(6, 3)",,"(2, 1)","soup('onion', 3, 20)","(2, 0):dish;(6, 0):dish","(3, 0):empty;(4, 0):empty"
116,1,"(0, 1)","(6, 3)","(0, 1)",,"(2, 1)","(-1, 0)","soup('onion', 3, 20)","(2, 0):dish;(6, 0):dish","(3, 0):empty;(4, 0):empty",0.0,17.0,5,interact,-0.01559999999999988,0.0,0.0,-0.01559999999999988,0.0,17.0,False,"(6, 3)",,"(2, 1)","soup('onion', 3, 20)","(2, 0):dish;(6, 0):dish","(3, 0):empty;(4, 0):empty"
117,1,"(0, 1)","(6, 3)","(0, 1)",,"(2, 1)","(-1, 0)","soup('onion', 3, 20)","(2, 0):dish;(6, 0):dish","(3, 0):empty;(4, 0):empty",0.0,17.0,5,interact,-0.01559999999999988,0.0,0.0,-0.01559999999999988,0.0,17.0,False,"(6, 3)",,"(2, 1)","soup('onion', 3, 20)","(2, 0):dish;(6, 0):dish","(3, 0):empty;(4, 0):empty"
118,1,"(0, 1)","(6, 3)","(0, 1)",,"(2, 1)","(-1, 0)","soup('onion', 3, 20)","(2, 0):dish;(6, 0):dish","(3, 0):empty;(4, 0):empty",0.0,17.0,5,interact,-0.01559999999999988,0.0,0.0,-0.01559999999999988,0.0,17.0,False,"(6, 3)",,"(2, 1)","soup('onion', 3, 20)","(2, 0):dish;(6, 0):dish","(3, 0):empty;(4, 0):empty"
119,1,"(0, 1)","(6, 3)","(0, 1)",,"(2, 1)","(-1, 0)","soup('onion', 3, 20)","(2, 0):dish;(6, 0):dish","(3, 0):empty;(4, 0):empty",0.0,17.0,5,interact,-0.01559999999999988,0.0,0.0,-0.01559999999999988,0.0,17.0,False,"(6, 3)",,"(2, 1)","soup('onion', 3, 20)","(2, 0):dish;(6, 0):dish","(3, 0):empty;(4, 0):empty"
120,1,"(0, 1)","(6, 3)","(0, 1)",,"(2, 1)","(-1, 0)","soup('onion', 3, 20)","(2, 0):dish;(6, 0):dish","(3, 0):empty;(4, 0):empty",0.0,17.0,5,interact,-0.01559999999999988,0.0,0.0,-0.01559999999999988,0.0,17.0,False,"(6, 3)",,"(2, 1)","soup('onion', 3, 20)","(2, 0):dish;(6, 0):dish","(3, 0):empty;(4, 0):empty"
121,1,"(0, 1)","(6, 3)","(0, 1)",,"(2, 1)","(-1, 0)","soup('onion', 3, 20)","(2, 0):dish;(6, 0):dish","(3, 0):empty;(4, 0):empty",0.0,17.0,5,interact,-0.01559999999999988,0.0,0.0,-0.01559999999999988,0.0,17.0,False,"(6, 3)",,"(2, 1)","soup('onion', 3, 20)","(2, 0):dish;(6, 0):dish","(3, 0):empty;(4, 0):empty"
122,1,"(0, 1)","(6, 3)","(0, 1)",,"(2, 1)","(-1, 0)","soup('onion', 3, 20)","(2, 0):dish;(6, 0):dish","(3, 0):empty;(4, 0):empty",0.0,17.0,5,interact,-0.01559999999999988,0.0,0.0,-0.01559999999999988,0.0,17.0,False,"(6, 3)",,"(2, 1)","soup('onion', 3, 20)","(2, 0):dish;(6, 0):dish","(3, 0):empty;(4, 0):empty"
123,1,"(0, 1)","(6, 3)","(0, 1)",,"(2, 1)","(-1, 0)","soup('onion', 3, 20)","(2, 0):dish;(6, 0):dish","(3, 0):empty;(4, 0):empty",0.0,17.0,5,interact,-0.01559999999999988,0.0,0.0,-0.01559999999999988,0.0,17.0,False,"(6, 3)",,"(2, 1)","soup('onion', 3, 20)","(2, 0):dish;(6, 0):dish","(3, 0):empty;(4, 0):empty"
124,1,"(0, 1)","(6, 3)","(0, 1)",,"(2, 1)","(-1, 0)","soup('onion', 3, 20)","(2, 0):dish;(6, 0):dish","(3, 0):empty;(4, 0):empty",0.0,17.0,5,interact,-0.01559999999999988,0.0,0.0,-0.01559999999999988,0.0,17.0,False,"(6, 3)",,"(2, 1)","soup('onion', 3, 20)","(2, 0):dish;(6, 0):dish","(3, 0):empty;(4, 0):empty"
125,1,"(0, 1)","(6, 3)","(0, 1)",,"(2, 1)","(-1, 0)","soup('onion', 3, 20)","(2, 0):dish;(6, 0):dish","(3, 0):empty;(4, 0):empty",0.0,17.0,5,interact,-0.01559999999999988,0.0,0.0,-0.01559999999999988,0.0,17.0,False,"(6, 3)",,"(2, 1)","soup('onion', 3, 20)","(2, 0):dish;(6, 0):dish","(3, 0):empty;(4, 0):empty"
126,1,"(0, 1)","(6, 3)","(0, 1)",,"(2, 1)","(-1, 0)","soup('onion', 3, 20)","(2, 0):dish;(6, 0):dish","(3, 0):empty;(4, 0):empty",0.0,17.0,5,interact,-0.01559999999999988,0.0,0.0,-0.01559999999999988,0.0,17.0,False,"(6, 3)",,"(2, 1)","soup('onion', 3, 20)","(2, 0):dish;(6, 0):dish","(3, 0):empty;(4, 0):empty"
127,1,"(0, 1)","(6, 3)","(0, 1)",,"(2, 1)","(-1, 0)","soup('onion', 3, 20)","(2, 0):dish;(6, 0):dish","(3, 0):empty;(4, 0):empty",0.0,17.0,5,interact,-0.01559999999999988,0.0,0.0,-0.01559999999999988,0.0,17.0,False,"(6, 3)",,"(2, 1)","soup('onion', 3, 20)","(2, 0):dish;(6, 0):dish","(3, 0):empty;(4, 0):empty"
128,1,"(0, 1)","(6, 3)","(0, 1)",,"(2, 1)","(-1, 0)","soup('onion', 3, 20)","(2, 0):dish;(6, 0):dish","(3, 0):empty;(4, 0):empty",0.0,17.0,5,interact,-0.01559999999999988,0.0,0.0,-0.01559999999999988,0.0,17.0,False,"(6, 3)",,"(2, 1)","soup('onion', 3, 20)","(2, 0):dish;(6, 0):dish","(3, 0):empty;(4, 0):empty"
129,1,"(0, 1)","(6, 3)","(0, 1)",,"(2, 1)","(-1, 0)","soup('onion', 3, 20)","(2, 0):dish;(6, 0):dish","(3, 0):empty;(4, 0):empty",0.0,17.0,5,interact,-0.01559999999999988,0.0,0.0,-0.01559999999999988,0.0,17.0,False,"(6, 3)",,"(2, 1)","soup('onion', 3, 20)","(2, 0):dish;(6, 0):dish","(3, 0):empty;(4, 0):empty"
130,1,"(0, 1)","(6, 3)","(0, 1)",,"(2, 1)","(-1, 0)","soup('onion', 3, 20)","(2, 0):dish;(6, 0):dish","(3, 0):empty;(4, 0):empty",0.0,17.0,5,interact,-0.01559999999999988,0.0,0.0,-0.01559999999999988,0.0,17.0,False,"(6, 3)",,"(2, 1)","soup('onion', 3, 20)","(2, 0):dish;(6, 0):dish","(3, 0):empty;(4, 0):empty"
131,1,"(0, 1)","(6, 3)","(0, 1)",,"(2, 1)","(-1, 0)","soup('onion', 3, 20)","(2, 0):dish;(6, 0):dish","(3, 0):empty;(4, 0):empty",0.0,17.0,5,interact,-0.01559999999999988,0.0,0.0,-0.01559999999999988,0.0,17.0,False,"(6, 3)",,"(2, 1)","soup('onion', 3, 20)","(2, 0):dish;(6, 0):dish","(3, 0):empty;(4, 0):empty"
132,1,"(0, 1)","(6, 3)","(0, 1)",,"(2, 1)","(-1, 0)","soup('onion', 3, 20)","(2, 0):dish;(6, 0):dish","(3, 0):empty;(4, 0):empty",0.0,17.0,5,interact,-0.01559999999999988,0.0,0.0,-0.01559999999999988,0.0,17.0,False,"(6, 3)",,"(2, 1)","soup('onion', 3, 20)","(2, 0):dish;(6, 0):dish","(3, 0):empty;(4, 0):empty"
133,1,"(0, 1)","(6, 3)","(0, 1)",,"(2, 1)","(-1, 0)","soup('onion', 3, 20)","(2, 0):dish;(6, 0):dish","(3, 0):empty;(4, 0):empty",0.0,17.0,5,interact,-0.01559999999999988,0.0,0.0,-0.01559999999999988,0.0,17.0,False,"(6, 3)",,"(2, 1)","soup('onion', 3, 20)","(2, 0):dish;(6, 0):dish","(3, 0):empty;(4, 0):empty"
134,1,"(0, 1)","(6, 3)","(0, 1)",,"(2, 1)","(-1, 0)","soup('onion', 3, 20)","(2, 0):dish;(6, 0):dish","(3, 0):empty;(4, 0):empty",0.0,17.0,5,interact,-0.01559999999999988,0.0,0.0,-0.01559999999999988,0.0,17.0,False,"(6, 3)",,"(2, 1)","soup('onion', 3, 20)","(2, 0):dish;(6, 0):dish","(3, 0):empty;(4, 0):empty"
135,1,"(0, 1)","(6, 3)","(0, 1)",,"(2, 1)","(-1, 0)","soup('onion', 3, 20)","(2, 0):dish;(6, 0):dish","(3, 0):empty;(4, 0):empty",0.0,17.0,5,interact,-0.01559999999999988,0.0,0.0,-0.01559999999999988,0.0,17.0,False,"(6, 3)",,"(2, 1)","soup('onion', 3, 20)","(2, 0):dish;(6, 0):dish","(3, 0):empty;(4, 0):empty"
136,1,"(0, 1)","(6, 3)","(0, 1)",,"(2, 1)","(-1, 0)","soup('onion', 3, 20)","(2, 0):dish;(6, 0):dish","(3, 0):empty;(4, 0):empty",0.0,17.0,5,interact,-0.01559999999999988,0.0,0.0,-0.01559999999999988,0.0,17.0,False,"(6, 3)",,"(2, 1)","soup('onion', 3, 20)","(2, 0):dish;(6, 0):dish","(3, 0):empty;(4, 0):empty"
137,1,"(0, 1)","(6, 3)","(0, 1)",,"(2, 1)","(-1, 0)","soup('onion', 3, 20)","(2, 0):dish;(6, 0):dish","(3, 0):empty;(4, 0):empty",0.0,17.0,5,interact,-0.01559999999999988,0.0,0.0,-0.01559999999999988,0.0,17.0,False,"(6, 3)",,"(2, 1)","soup('onion', 3, 20)","(2, 0):dish;(6, 0):dish","(3, 0):empty;(4, 0):empty"
138,1,"(0, 1)","(6, 3)","(0, 1)",,"(2, 1)","(-1, 0)","soup('onion', 3, 20)","(2, 0):dish;(6, 0):dish","(3, 0):empty;(4, 0):empty",0.0,17.0,5,interact,-0.01559999999999988,0.0,0.0,-0.01559999999999988,0.0,17.0,False,"(6, 3)",,"(2, 1)","soup('onion', 3, 20)","(2, 0):dish;(6, 0):dish","(3, 0):empty;(4, 0):empty"
139,1,"(0, 1)","(6, 3)","(0, 1)",,"(2, 1)","(-1, 0)","soup('onion', 3, 20)","(2, 0):dish;(6, 0):dish","(3, 0):empty;(4, 0):empty",0.0,17.0,5,interact,-0.01559999999999988,0.0,0.0,-0.01559999999999988,0.0,17.0,False,"(6, 3)",,"(2, 1)","soup('onion', 3, 20)","(2, 0):dish;(6, 0):dish","(3, 0):empty;(4, 0):empty"
140,1,"(0, 1)","(6, 3)","(0, 1)",,"(2, 1)","(-1, 0)","soup('onion', 3, 20)","(2, 0):dish;(6, 0):dish","(3, 0):empty;(4, 0):empty",0.0,17.0,5,interact,-0.01559999999999988,0.0,0.0,-0.01559999999999988,0.0,17.0,False,"(6, 3)",,"(2, 1)","soup('onion', 3, 20)","(2, 0):dish;(6, 0):dish","(3, 0):empty;(4, 0):empty"
141,1,"(0, 1)","(6, 3)","(0, 1)",,"(2, 1)","(-1, 0)","soup('onion', 3, 20)","(2, 0):dish;(6, 0):dish","(3, 0):empty;(4, 0):empty",0.0,17.0,5,interact,-0.01559999999999988,0.0,0.0,-0.01559999999999988,0.0,17.0,False,"(6, 3)",,"(2, 1)","soup('onion', 3, 20)","(2, 0):dish;(6, 0):dish","(3, 0):empty;(4, 0):empty"
142,1,"(0, 1)","(6, 3)","(0, 1)",,"(2, 1)","(-1, 0)","soup('onion', 3, 20)","(2, 0):dish;(6, 0):dish","(3, 0):empty;(4, 0):empty",0.0,17.0,5,interact,-0.01559999999999988,0.0,0.0,-0.01559999999999988,0.0,17.0,False,"(6, 3)",,"(2, 1)","soup('onion', 3, 20)","(2, 0):dish;(6, 0):dish","(3, 0):empty;(4, 0):empty"
143,1,"(0, 1)","(6, 3)","(0, 1)",,"(2, 1)","(-1, 0)","soup('onion', 3, 20)","(2, 0):dish;(6, 0):dish","(3, 0):empty;(4, 0):empty",0.0,17.0,5,interact,-0.01559999999999988,0.0,0.0,-0.01559999999999988,0.0,17.0,False,"(6, 3)",,"(2, 1)","soup('onion', 3, 20)","(2, 0):dish;(6, 0):dish","(3, 0):empty;(4, 0):empty"
144,1,"(0, 1)","(6, 3)","(0, 1)",,"(2, 1)","(-1, 0)","soup('onion', 3, 20)","(2, 0):dish;(6, 0):dish","(3, 0):empty;(4, 0):empty",0.0,17.0,5,interact,-0.01559999999999988,0.0,0.0,-0.01559999999999988,0.0,17.0,False,"(6, 3)",,"(2, 1)","soup('onion', 3, 20)","(2, 0):dish;(6, 0):dish","(3, 0):empty;(4, 0):empty"
145,1,"(0, 1)","(6, 3)","(0, 1)",,"(2, 1)","(-1, 0)","soup('onion', 3, 20)","(2, 0):dish;(6, 0):dish","(3, 0):empty;(4, 0):empty",0.0,17.0,5,interact,-0.01559999999999988,0.0,0.0,-0.01559999999999988,0.0,17.0,False,"(6, 3)",,"(2, 1)","soup('onion', 3, 20)","(2, 0):dish;(6, 0):dish","(3, 0):empty;(4, 0):empty"
146,1,"(0, 1)","(6, 3)","(0, 1)",,"(2, 1)","(-1, 0)","soup('onion', 3, 20)","(2, 0):dish;(6, 0):dish","(3, 0):empty;(4, 0):empty",0.0,17.0,5,interact,-0.01559999999999988,0.0,0.0,-0.01559999999999988,0.0,17.0,False,"(6, 3)",,"(2, 1)","soup('onion', 3, 20)","(2, 0):dish;(6, 0):dish","(3, 0):empty;(4, 0):empty"
147,1,"(0, 1)","(6, 3)","(0, 1)",,"(2, 1)","(-1, 0)","soup('onion', 3, 20)","(2, 0):dish;(6, 0):dish","(3, 0):empty;(4, 0):empty",0.0,17.0,5,interact,-0.01559999999999988,0.0,0.0,-0.01559999999999988,0.0,17.0,False,"(6, 3)",,"(2, 1)","soup('onion', 3, 20)","(2, 0):dish;(6, 0):dish","(3, 0):empty;(4, 0):empty"
148,1,"(0, 1)","(6, 3)","(0, 1)",,"(2, 1)","(-1, 0)","soup('onion', 3, 20)","(2, 0):dish;(6, 0):dish","(3, 0):empty;(4, 0):empty",0.0,17.0,5,interact,-0.01559999999999988,0.0,0.0,-0.01559999999999988,0.0,17.0,False,"(6, 3)",,"(2, 1)","soup('onion', 3, 20)","(2, 0):dish;(6, 0):dish","(3, 0):empty;(4, 0):empty"
149,1,"(0, 1)","(6, 3)","(0, 1)",,"(2, 1)","(-1, 0)","soup('onion', 3, 20)","(2, 0):dish;(6, 0):dish","(3, 0):empty;(4, 0):empty",0.0,17.0,5,interact,-0.01559999999999988,0.0,0.0,-0.01559999999999988,0.0,17.0,False,"(6, 3)",,"(2, 1)","soup('onion', 3, 20)","(2, 0):dish;(6, 0):dish","(3, 0):empty;(4, 0):empty"
150,1,"(0, 1)","(6, 3)","(0, 1)",,"(2, 1)","(-1, 0)","soup('onion', 3, 20)","(2, 0):dish;(6, 0):dish","(3, 0):empty;(4, 0):empty",0.0,17.0,5,interact,-0.01559999999999988,0.0,0.0,-0.01559999999999988,0.0,17.0,False,"(6, 3)",,"(2, 1)","soup('onion', 3, 20)","(2, 0):dish;(6, 0):dish","(3, 0):empty;(4, 0):empty"
151,1,"(0, 1)","(6, 3)","(0, 1)",,"(2, 1)","(-1, 0)","soup('onion', 3, 20)","(2, 0):dish;(6, 0):dish","(3, 0):empty;(4, 0):empty",0.0,17.0,5,interact,-0.01559999999999988,0.0,0.0,-0.01559999999999988,0.0,17.0,False,"(6, 3)",,"(2, 1)","soup('onion', 3, 20)","(2, 0):dish;(6, 0):dish","(3, 0):empty;(4, 0):empty"
152,1,"(0, 1)","(6, 3)","(0, 1)",,"(2, 1)","(-1, 0)","soup('onion', 3, 20)","(2, 0):dish;(6, 0):dish","(3, 0):empty;(4, 0):empty",0.0,17.0,5,interact,-0.01559999999999988,0.0,0.0,-0.01559999999999988,0.0,17.0,False,"(6, 3)",,"(2, 1)","soup('onion', 3, 20)","(2, 0):dish;(6, 0):dish","(3, 0):empty;(4, 0):empty"
153,1,"(0, 1)","(6, 3)","(0, 1)",,"(2, 1)","(-1, 0)","soup('onion', 3, 20)","(2, 0):dish;(6, 0):dish","(3, 0):empty;(4, 0):empty",0.0,17.0,5,interact,-0.01559999999999988,0.0,0.0,-0.01559999999999988,0.0,17.0,False,"(6, 3)",,"(2, 1)","soup('onion', 3, 20)","(2, 0):dish;(6, 0):dish","(3, 0):empty;(4, 0):empty"
154,1,"(0, 1)","(6, 3)","(0, 1)",,"(2, 1)","(-1, 0)","soup('onion', 3, 20)","(2, 0):dish;(6, 0):dish","(3, 0):empty;(4, 0):empty",0.0,17.0,5,interact,-0.01559999999999988,0.0,0.0,-0.01559999999999988,0.0,17.0,False,"(6, 3)",,"(2, 1)","soup('onion', 3, 20)","(2, 0):dish;(6, 0):dish","(3, 0):empty;(4, 0):empty"
155,1,"(0, 1)","(6, 3)","(0, 1)",,"(2, 1)","(-1, 0)","soup('onion', 3, 20)","(2, 0):dish;(6, 0):dish","(3, 0):empty;(4, 0):empty",0.0,17.0,5,interact,-0.01559999999999988,0.0,0.0,-0.01559999999999988,0.0,17.0,False,"(6, 3)",,"(2, 1)","soup('onion', 3, 20)","(2, 0):dish;(6, 0):dish","(3, 0):empty;(4, 0):empty"
156,1,"(0, 1)","(6, 3)","(0, 1)",,"(2, 1)","(-1, 0)","soup('onion', 3, 20)","(2, 0):dish;(6, 0):dish","(3, 0):empty;(4, 0):empty",0.0,17.0,5,interact,-0.01559999999999988,0.0,0.0,-0.01559999999999988,0.0,17.0,False,"(6, 3)",,"(2, 1)","soup('onion', 3, 20)","(2, 0):dish;(6, 0):dish","(3, 0):empty;(4, 0):empty"
157,1,"(0, 1)","(6, 3)","(0, 1)",,"(2, 1)","(-1, 0)","soup('onion', 3, 20)","(2, 0):dish;(6, 0):dish","(3, 0):empty;(4, 0):empty",0.0,17.0,5,interact,-0.01559999999999988,0.0,0.0,-0.01559999999999988,0.0,17.0,False,"(6, 3)",,"(2, 1)","soup('onion', 3, 20)","(2, 0):dish;(6, 0):dish","(3, 0):empty;(4, 0):empty"
158,1,"(0, 1)","(6, 3)","(0, 1)",,"(2, 1)","(-1, 0)","soup('onion', 3, 20)","(2, 0):dish;(6, 0):dish","(3, 0):empty;(4, 0):empty",0.0,17.0,5,interact,-0.01559999999999988,0.0,0.0,-0.01559999999999988,0.0,17.0,False,"(6, 3)",,"(2, 1)","soup('onion', 3, 20)","(2, 0):dish;(6, 0):dish","(3, 0):empty;(4, 0):empty"
159,1,"(0, 1)","(6, 3)","(0, 1)",,"(2, 1)","(-1, 0)","soup('onion', 3, 20)","(2, 0):dish;(6, 0):dish","(3, 0):empty;(4, 0):empty",0.0,17.0,5,interact,-0.01559999999999988,0.0,0.0,-0.01559999999999988,0.0,17.0,False,"(6, 3)",,"(2, 1)","soup('onion', 3, 20)","(2, 0):dish;(6, 0):dish","(3, 0):empty;(4, 0):empty"
160,1,"(0, 1)","(6, 3)","(0, 1)",,"(2, 1)","(-1, 0)","soup('onion', 3, 20)","(2, 0):dish;(6, 0):dish","(3, 0):empty;(4, 0):empty",0.0,17.0,5,interact,-0.01559999999999988,0.0,0.0,-0.01559999999999988,0.0,17.0,False,"(6, 3)",,"(2, 1)","soup('onion', 3, 20)","(2, 0):dish;(6, 0):dish","(3, 0):empty;(4, 0):empty"
161,1,"(0, 1)","(6, 3)","(0, 1)",,"(2, 1)","(-1, 0)","soup('onion', 3, 20)","(2, 0):dish;(6, 0):dish","(3, 0):empty;(4, 0):empty",0.0,17.0,5,interact,-0.01559999999999988,0.0,0.0,-0.01559999999999988,0.0,17.0,False,"(6, 3)",,"(2, 1)","soup('onion', 3, 20)","(2, 0):dish;(6, 0):dish","(3, 0):empty;(4, 0):empty"
162,1,"(0, 1)","(6, 3)","(0, 1)",,"(2, 1)","(-1, 0)","soup('onion', 3, 20)","(2, 0):dish;(6, 0):dish","(3, 0):empty;(4, 0):empty",0.0,17.0,5,interact,-0.01559999999999988,0.0,0.0,-0.01559999999999988,0.0,17.0,False,"(6, 3)",,"(2, 1)","soup('onion', 3, 20)","(2, 0):dish;(6, 0):dish","(3, 0):empty;(4, 0):empty"
163,1,"(0, 1)","(6, 3)","(0, 1)",,"(2, 1)","(-1, 0)","soup('onion', 3, 20)","(2, 0):dish;(6, 0):dish","(3, 0):empty;(4, 0):empty",0.0,17.0,5,interact,-0.01559999999999988,0.0,0.0,-0.01559999999999988,0.0,17.0,False,"(6, 3)",,"(2, 1)","soup('onion', 3, 20)","(2, 0):dish;(6, 0):dish","(3, 0):empty;(4, 0):empty"
164,1,"(0, 1)","(6, 3)","(0, 1)",,"(2, 1)","(-1, 0)","soup('onion', 3, 20)","(2, 0):dish;(6, 0):dish","(3, 0):empty;(4, 0):empty",0.0,17.0,5,interact,-0.01559999999999988,0.0,0.0,-0.01559999999999988,0.0,17.0,False,"(6, 3)",,"(2, 1)","soup('onion', 3, 20)","(2, 0):dish;(6, 0):dish","(3, 0):empty;(4, 0):empty"
165,1,"(0, 1)","(6, 3)","(0, 1)",,"(2, 1)","(-1, 0)","soup('onion', 3, 20)","(2, 0):dish;(6, 0):dish","(3, 0):empty;(4, 0):empty",0.0,17.0,5,interact,-0.01559999999999988,0.0,0.0,-0.01559999999999988,0.0,17.0,False,"(6, 3)",,"(2, 1)","soup('onion', 3, 20)","(2, 0):dish;(6, 0):dish","(3, 0):empty;(4, 0):empty"
166,1,"(0, 1)","(6, 3)","(0, 1)",,"(2, 1)","(-1, 0)","soup('onion', 3, 20)","(2, 0):dish;(6, 0):dish","(3, 0):empty;(4, 0):empty",0.0,17.0,5,interact,-0.01559999999999988,0.0,0.0,-0.01559999999999988,0.0,17.0,False,"(6, 3)",,"(2, 1)","soup('onion', 3, 20)","(2, 0):dish;(6, 0):dish","(3, 0):empty;(4, 0):empty"
167,1,"(0, 1)","(6, 3)","(0, 1)",,"(2, 1)","(-1, 0)","soup('onion', 3, 20)","(2, 0):dish;(6, 0):dish","(3, 0):empty;(4, 0):empty",0.0,17.0,5,interact,-0.01559999999999988,0.0,0.0,-0.01559999999999988,0.0,17.0,False,"(6, 3)",,"(2, 1)","soup('onion', 3, 20)","(2, 0):dish;(6, 0):dish","(3, 0):empty;(4, 0):empty"
168,1,"(0, 1)","(6, 3)","(0, 1)",,"(2, 1)","(-1, 0)","soup('onion', 3, 20)","(2, 0):dish;(6, 0):dish","(3, 0):empty;(4, 0):empty",0.0,17.0,5,interact,-0.01559999999999988,0.0,0.0,-0.01559999999999988,0.0,17.0,False,"(6, 3)",,"(2, 1)","soup('onion', 3, 20)","(2, 0):dish;(6, 0):dish","(3, 0):empty;(4, 0):empty"
169,1,"(0, 1)","(6, 3)","(0, 1)",,"(2, 1)","(-1, 0)","soup('onion', 3, 20)","(2, 0):dish;(6, 0):dish","(3, 0):empty;(4, 0):empty",0.0,17.0,5,interact,-0.01559999999999988,0.0,0.0,-0.01559999999999988,0.0,17.0,False,"(6, 3)",,"(2, 1)","soup('onion', 3, 20)","(2, 0):dish;(6, 0):dish","(3, 0):empty;(4, 0):empty"
170,1,"(0, 1)","(6, 3)","(0, 1)",,"(2, 1)","(-1, 0)","soup('onion', 3, 20)","(2, 0):dish;(6, 0):dish","(3, 0):empty;(4, 0):empty",0.0,17.0,5,interact,-0.01559999999999988,0.0,0.0,-0.01559999999999988,0.0,17.0,False,"(6, 3)",,"(2, 1)","soup('onion', 3, 20)","(2, 0):dish;(6, 0):dish","(3, 0):empty;(4, 0):empty"
171,1,"(0, 1)","(6, 3)","(0, 1)",,"(2, 1)","(-1, 0)","soup('onion', 3, 20)","(2, 0):dish;(6, 0):dish","(3, 0):empty;(4, 0):empty",0.0,17.0,5,interact,-0.01559999999999988,0.0,0.0,-0.01559999999999988,0.0,17.0,False,"(6, 3)",,"(2, 1)","soup('onion', 3, 20)","(2, 0):dish;(6, 0):dish","(3, 0):empty;(4, 0):empty"
172,1,"(0, 1)","(6, 3)","(0, 1)",,"(2, 1)","(-1, 0)","soup('onion', 3, 20)","(2, 0):dish;(6, 0):dish","(3, 0):empty;(4, 0):empty",0.0,17.0,5,interact,-0.01559999999999988,0.0,0.0,-0.01559999999999988,0.0,17.0,False,"(6, 3)",,"(2, 1)","soup('onion', 3, 20)","(2, 0):dish;(6, 0):dish","(3, 0):empty;(4, 0):empty"
173,1,"(0, 1)","(6, 3)","(0, 1)",,"(2, 1)","(-1, 0)","soup('onion', 3, 20)","(2, 0):dish;(6, 0):dish","(3, 0):empty;(4, 0):empty",0.0,17.0,5,interact,-0.01559999999999988,0.0,0.0,-0.01559999999999988,0.0,17.0,False,"(6, 3)",,"(2, 1)","soup('onion', 3, 20)","(2, 0):dish;(6, 0):dish","(3, 0):empty;(4, 0):empty"
174,1,"(0, 1)","(6, 3)","(0, 1)",,"(2, 1)","(-1, 0)","soup('onion', 3, 20)","(2, 0):dish;(6, 0):dish","(3, 0):empty;(4, 0):empty",0.0,17.0,5,interact,-0.01559999999999988,0.0,0.0,-0.01559999999999988,0.0,17.0,False,"(6, 3)",,"(2, 1)","soup('onion', 3, 20)","(2, 0):dish;(6, 0):dish","(3, 0):empty;(4, 0):empty"
175,1,"(0, 1)","(6, 3)","(0, 1)",,"(2, 1)","(-1, 0)","soup('onion', 3, 20)","(2, 0):dish;(6, 0):dish","(3, 0):empty;(4, 0):empty",0.0,17.0,5,interact,-0.01559999999999988,0.0,0.0,-0.01559999999999988,0.0,17.0,False,"(6, 3)",,"(2, 1)","soup('onion', 3, 20)","(2, 0):dish;(6, 0):dish","(3, 0):empty;(4, 0):empty"
176,1,"(0, 1)","(6, 3)","(0, 1)",,"(2, 1)","(-1, 0)","soup('onion', 3, 20)","(2, 0):dish;(6, 0):dish","(3, 0):empty;(4, 0):empty",0.0,17.0,5,interact,-0.01559999999999988,0.0,0.0,-0.01559999999999988,0.0,17.0,False,"(6, 3)",,"(2, 1)","soup('onion', 3, 20)","(2, 0):dish;(6, 0):dish","(3, 0):empty;(4, 0):empty"
177,1,"(0, 1)","(6, 3)","(0, 1)",,"(2, 1)","(-1, 0)","soup('onion', 3, 20)","(2, 0):dish;(6, 0):dish","(3, 0):empty;(4, 0):empty",0.0,17.0,5,interact,-0.01559999999999988,0.0,0.0,-0.01559999999999988,0.0,17.0,False,"(6, 3)",,"(2, 1)","soup('onion', 3, 20)","(2, 0):dish;(6, 0):dish","(3, 0):empty;(4, 0):empty"
178,1,"(0, 1)","(6, 3)","(0, 1)",,"(2, 1)","(-1, 0)","soup('onion', 3, 20)","(2, 0):dish;(6, 0):dish","(3, 0):empty;(4, 0):empty",0.0,17.0,5,interact,-0.01559999999999988,0.0,0.0,-0.01559999999999988,0.0,17.0,False,"(6, 3)",,"(2, 1)","soup('onion', 3, 20)","(2, 0):dish;(6, 0):dish","(3, 0):empty;(4, 0):empty"
179,1,"(0, 1)","(6, 3)","(0, 1)",,"(2, 1)","(-1, 0)","soup('onion', 3, 20)","(2, 0):dish;(6, 0):dish","(3, 0):empty;(4, 0):empty",0.0,17.0,5,interact,-0.01559999999999988,0.0,0.0,-0.01559999999999988,0.0,17.0,False,"(6, 3)",,"(2, 1)","soup('onion', 3, 20)","(2, 0):dish;(6, 0):dish","(3, 0):empty;(4, 0):empty"
180,1,"(0, 1)","(6, 3)","(0, 1)",,"(2, 1)","(-1, 0)","soup('onion', 3, 20)","(2, 0):dish;(6, 0):dish","(3, 0):empty;(4, 0):empty",0.0,17.0,5,interact,-0.01559999999999988,0.0,0.0,-0.01559999999999988,0.0,17.0,False,"(6, 3)",,"(2, 1)","soup('onion', 3, 20)","(2, 0):dish;(6, 0):dish","(3, 0):empty;(4, 0):empty"
181,1,"(0, 1)","(6, 3)","(0, 1)",,"(2, 1)","(-1, 0)","soup('onion', 3, 20)","(2, 0):dish;(6, 0):dish","(3, 0):empty;(4, 0):empty",0.0,17.0,5,interact,-0.01559999999999988,0.0,0.0,-0.01559999999999988,0.0,17.0,False,"(6, 3)",,"(2, 1)","soup('onion', 3, 20)","(2, 0):dish;(6, 0):dish","(3, 0):empty;(4, 0):empty"
182,1,"(0, 1)","(6, 3)","(0, 1)",,"(2, 1)","(-1, 0)","soup('onion', 3, 20)","(2, 0):dish;(6, 0):dish","(3, 0):empty;(4, 0):empty",0.0,17.0,5,interact,-0.01559999999999988,0.0,0.0,-0.01559999999999988,0.0,17.0,False,"(6, 3)",,"(2, 1)","soup('onion', 3, 20)","(2, 0):dish;(6, 0):dish","(3, 0):empty;(4, 0):empty"
183,1,"(0, 1)","(6, 3)","(0, 1)",,"(2, 1)","(-1, 0)","soup('onion', 3, 20)","(2, 0):dish;(6, 0):dish","(3, 0):empty;(4, 0):empty",0.0,17.0,5,interact,-0.01559999999999988,0.0,0.0,-0.01559999999999988,0.0,17.0,False,"(6, 3)",,"(2, 1)","soup('onion', 3, 20)","(2, 0):dish;(6, 0):dish","(3, 0):empty;(4, 0):empty"
184,1,"(0, 1)","(6, 3)","(0, 1)",,"(2, 1)","(-1, 0)","soup('onion', 3, 20)","(2, 0):dish;(6, 0):dish","(3, 0):empty;(4, 0):empty",0.0,17.0,5,interact,-0.01559999999999988,0.0,0.0,-0.01559999999999988,0.0,17.0,False,"(6, 3)",,"(2, 1)","soup('onion', 3, 20)","(2, 0):dish;(6, 0):dish","(3, 0):empty;(4, 0):empty"
185,1,"(0, 1)","(6, 3)","(0, 1)",,"(2, 1)","(-1, 0)","soup('onion', 3, 20)","(2, 0):dish;(6, 0):dish","(3, 0):empty;(4, 0):empty",0.0,17.0,5,interact,-0.01559999999999988,0.0,0.0,-0.01559999999999988,0.0,17.0,False,"(6, 3)",,"(2, 1)","soup('onion', 3, 20)","(2, 0):dish;(6, 0):dish","(3, 0):empty;(4, 0):empty"
186,1,"(0, 1)","(6, 3)","(0, 1)",,"(2, 1)","(-1, 0)","soup('onion', 3, 20)","(2, 0):dish;(6, 0):dish","(3, 0):empty;(4, 0):empty",0.0,17.0,5,interact,-0.01559999999999988,0.0,0.0,-0.01559999999999988,0.0,17.0,False,"(6, 3)",,"(2, 1)","soup('onion', 3, 20)","(2, 0):dish;(6, 0):dish","(3, 0):empty;(4, 0):empty"
187,1,"(0, 1)","(6, 3)","(0, 1)",,"(2, 1)","(-1, 0)","soup('onion', 3, 20)","(2, 0):dish;(6, 0):dish","(3, 0):empty;(4, 0):empty",0.0,17.0,5,interact,-0.01559999999999988,0.0,0.0,-0.01559999999999988,0.0,17.0,False,"(6, 3)",,"(2, 1)","soup('onion', 3, 20)","(2, 0):dish;(6, 0):dish","(3, 0):empty;(4, 0):empty"
188,1,"(0, 1)","(6, 3)","(0, 1)",,"(2, 1)","(-1, 0)","soup('onion', 3, 20)","(2, 0):dish;(6, 0):dish","(3, 0):empty;(4, 0):empty",0.0,17.0,5,interact,-0.01559999999999988,0.0,0.0,-0.01559999999999988,0.0,17.0,False,"(6, 3)",,"(2, 1)","soup('onion', 3, 20)","(2, 0):dish;(6, 0):dish","(3, 0):empty;(4, 0):empty"
189,1,"(0, 1)","(6, 3)","(0, 1)",,"(2, 1)","(-1, 0)","soup('onion', 3, 20)","(2, 0):dish;(6, 0):dish","(3, 0):empty;(4, 0):empty",0.0,17.0,5,interact,-0.01559999999999988,0.0,0.0,-0.01559999999999988,0.0,17.0,False,"(6, 3)",,"(2, 1)","soup('onion', 3, 20)","(2, 0):dish;(6, 0):dish","(3, 0):empty;(4, 0):empty"
190,1,"(0, 1)","(6, 3)","(0, 1)",,"(2, 1)","(-1, 0)","soup('onion', 3, 20)","(2, 0):dish;(6, 0):dish","(3, 0):empty;(4, 0):empty",0.0,17.0,5,interact,-0.01559999999999988,0.0,0.0,-0.01559999999999988,0.0,17.0,False,"(6, 3)",,"(2, 1)","soup('onion', 3, 20)","(2, 0):dish;(6, 0):dish","(3, 0):empty;(4, 0):empty"
191,1,"(0, 1)","(6, 3)","(0, 1)",,"(2, 1)","(-1, 0)","soup('onion', 3, 20)","(2, 0):dish;(6, 0):dish","(3, 0):empty;(4, 0):empty",0.0,17.0,5,interact,-0.01559999999999988,0.0,0.0,-0.01559999999999988,0.0,17.0,False,"(6, 3)",,"(2, 1)","soup('onion', 3, 20)","(2, 0):dish;(6, 0):dish","(3, 0):empty;(4, 0):empty"
192,1,"(0, 1)","(6, 3)","(0, 1)",,"(2, 1)","(-1, 0)","soup('onion', 3, 20)","(2, 0):dish;(6, 0):dish","(3, 0):empty;(4, 0):empty",0.0,17.0,5,interact,-0.01559999999999988,0.0,0.0,-0.01559999999999988,0.0,17.0,False,"(6, 3)",,"(2, 1)","soup('onion', 3, 20)","(2, 0):dish;(6, 0):dish","(3, 0):empty;(4, 0):empty"
193,1,"(0, 1)","(6, 3)","(0, 1)",,"(2, 1)","(-1, 0)","soup('onion', 3, 20)","(2, 0):dish;(6, 0):dish","(3, 0):empty;(4, 0):empty",0.0,17.0,5,interact,-0.01559999999999988,0.0,0.0,-0.01559999999999988,0.0,17.0,False,"(6, 3)",,"(2, 1)","soup('onion', 3, 20)","(2, 0):dish;(6, 0):dish","(3, 0):empty;(4, 0):empty"
194,1,"(0, 1)","(6, 3)","(0, 1)",,"(2, 1)","(-1, 0)","soup('onion', 3, 20)","(2, 0):dish;(6, 0):dish","(3, 0):empty;(4, 0):empty",0.0,17.0,5,interact,-0.01559999999999988,0.0,0.0,-0.01559999999999988,0.0,17.0,False,"(6, 3)",,"(2, 1)","soup('onion', 3, 20)","(2, 0):dish;(6, 0):dish","(3, 0):empty;(4, 0):empty"
195,1,"(0, 1)","(6, 3)","(0, 1)",,"(2, 1)","(-1, 0)","soup('onion', 3, 20)","(2, 0):dish;(6, 0):dish","(3, 0):empty;(4, 0):empty",0.0,17.0,5,interact,-0.01559999999999988,0.0,0.0,-0.01559999999999988,0.0,17.0,False,"(6, 3)",,"(2, 1)","soup('onion', 3, 20)","(2, 0):dish;(6, 0):dish","(3, 0):empty;(4, 0):empty"
196,1,"(0, 1)","(6, 3)","(0, 1)",,"(2, 1)","(-1, 0)","soup('onion', 3, 20)","(2, 0):dish;(6, 0):dish","(3, 0):empty;(4, 0):empty",0.0,17.0,5,interact,-0.01559999999999988,0.0,0.0,-0.01559999999999988,0.0,17.0,False,"(6, 3)",,"(2, 1)","soup('onion', 3, 20)","(2, 0):dish;(6, 0):dish","(3, 0):empty;(4, 0):empty"
197,1,"(0, 1)","(6, 3)","(0, 1)",,"(2, 1)","(-1, 0)","soup('onion', 3, 20)","(2, 0):dish;(6, 0):dish","(3, 0):empty;(4, 0):empty",0.0,17.0,5,interact,-0.01559999999999988,0.0,0.0,-0.01559999999999988,0.0,17.0,False,"(6, 3)",,"(2, 1)","soup('onion', 3, 20)","(2, 0):dish;(6, 0):dish","(3, 0):empty;(4, 0):empty"
198,1,"(0, 1)","(6, 3)","(0, 1)",,"(2, 1)","(-1, 0)","soup('onion', 3, 20)","(2, 0):dish;(6, 0):dish","(3, 0):empty;(4, 0):empty",0.0,17.0,5,interact,-0.01559999999999988,0.0,0.0,-0.01559999999999988,0.0,17.0,False,"(6, 3)",,"(2, 1)","soup('onion', 3, 20)","(2, 0):dish;(6, 0):dish","(3, 0):empty;(4, 0):empty"
199,1,"(0, 1)","(6, 3)","(0, 1)",,"(2, 1)","(-1, 0)","soup('onion', 3, 20)","(2, 0):dish;(6, 0):dish","(3, 0):empty;(4, 0):empty",0.0,17.0,5,interact,-0.01559999999999988,0.0,0.0,-0.01559999999999988,0.0,17.0,False,"(6, 3)",,"(2, 1)","soup('onion', 3, 20)","(2, 0):dish;(6, 0):dish","(3, 0):empty;(4, 0):empty"
200,1,"(0, 1)","(6, 3)","(0, 1)",,"(2, 1)","(-1, 0)","soup('onion', 3, 20)","(2, 0):dish;(6, 0):dish","(3, 0):empty;(4, 0):empty",0.0,17.0,5,interact,-0.01559999999999988,0.0,0.0,-0.01559999999999988,0.0,17.0,False,"(6, 3)",,"(2, 1)","soup('onion', 3, 20)","(2, 0):dish;(6, 0):dish","(3, 0):empty;(4, 0):empty"
201,1,"(0, 1)","(6, 3)","(0, 1)",,"(2, 1)","(-1, 0)","soup('onion', 3, 20)","(2, 0):dish;(6, 0):dish","(3, 0):empty;(4, 0):empty",0.0,17.0,5,interact,-0.01559999999999988,0.0,0.0,-0.01559999999999988,0.0,17.0,False,"(6, 3)",,"(2, 1)","soup('onion', 3, 20)","(2, 0):dish;(6, 0):dish","(3, 0):empty;(4, 0):empty"
202,1,"(0, 1)","(6, 3)","(0, 1)",,"(2, 1)","(-1, 0)","soup('onion', 3, 20)","(2, 0):dish;(6, 0):dish","(3, 0):empty;(4, 0):empty",0.0,17.0,5,interact,-0.01559999999999988,0.0,0.0,-0.01559999999999988,0.0,17.0,False,"(6, 3)",,"(2, 1)","soup('onion', 3, 20)","(2, 0):dish;(6, 0):dish","(3, 0):empty;(4, 0):empty"
203,1,"(0, 1)","(6, 3)","(0, 1)",,"(2, 1)","(-1, 0)","soup('onion', 3, 20)","(2, 0):dish;(6, 0):dish","(3, 0):empty;(4, 0):empty",0.0,17.0,5,interact,-0.01559999999999988,0.0,0.0,-0.01559999999999988,0.0,17.0,False,"(6, 3)",,"(2, 1)","soup('onion', 3, 20)","(2, 0):dish;(6, 0):dish","(3, 0):empty;(4, 0):empty"
204,1,"(0, 1)","(6, 3)","(0, 1)",,"(2, 1)","(-1, 0)","soup('onion', 3, 20)","(2, 0):dish;(6, 0):dish","(3, 0):empty;(4, 0):empty",0.0,17.0,5,interact,-0.01559999999999988,0.0,0.0,-0.01559999999999988,0.0,17.0,False,"(6, 3)",,"(2, 1)","soup('onion', 3, 20)","(2, 0):dish;(6, 0):dish","(3, 0):empty;(4, 0):empty"
205,1,"(0, 1)","(6, 3)","(0, 1)",,"(2, 1)","(-1, 0)","soup('onion', 3, 20)","(2, 0):dish;(6, 0):dish","(3, 0):empty;(4, 0):empty",0.0,17.0,5,interact,-0.01559999999999988,0.0,0.0,-0.01559999999999988,0.0,17.0,False,"(6, 3)",,"(2, 1)","soup('onion', 3, 20)","(2, 0):dish;(6, 0):dish","(3, 0):empty;(4, 0):empty"
206,1,"(0, 1)","(6, 3)","(0, 1)",,"(2, 1)","(-1, 0)","soup('onion', 3, 20)","(2, 0):dish;(6, 0):dish","(3, 0):empty;(4, 0):empty",0.0,17.0,5,interact,-0.01559999999999988,0.0,0.0,-0.01559999999999988,0.0,17.0,False,"(6, 3)",,"(2, 1)","soup('onion', 3, 20)","(2, 0):dish;(6, 0):dish","(3, 0):empty;(4, 0):empty"
207,1,"(0, 1)","(6, 3)","(0, 1)",,"(2, 1)","(-1, 0)","soup('onion', 3, 20)","(2, 0):dish;(6, 0):dish","(3, 0):empty;(4, 0):empty",0.0,17.0,5,interact,-0.01559999999999988,0.0,0.0,-0.01559999999999988,0.0,17.0,False,"(6, 3)",,"(2, 1)","soup('onion', 3, 20)","(2, 0):dish;(6, 0):dish","(3, 0):empty;(4, 0):empty"
208,1,"(0, 1)","(6, 3)","(0, 1)",,"(2, 1)","(-1, 0)","soup('onion', 3, 20)","(2, 0):dish;(6, 0):dish","(3, 0):empty;(4, 0):empty",0.0,17.0,5,interact,-0.01559999999999988,0.0,0.0,-0.01559999999999988,0.0,17.0,False,"(6, 3)",,"(2, 1)","soup('onion', 3, 20)","(2, 0):dish;(6, 0):dish","(3, 0):empty;(4, 0):empty"
209,1,"(0, 1)","(6, 3)","(0, 1)",,"(2, 1)","(-1, 0)","soup('onion', 3, 20)","(2, 0):dish;(6, 0):dish","(3, 0):empty;(4, 0):empty",0.0,17.0,5,interact,-0.01559999999999988,0.0,0.0,-0.01559999999999988,0.0,17.0,False,"(6, 3)",,"(2, 1)","soup('onion', 3, 20)","(2, 0):dish;(6, 0):dish","(3, 0):empty;(4, 0):empty"
210,1,"(0, 1)","(6, 3)","(0, 1)",,"(2, 1)","(-1, 0)","soup('onion', 3, 20)","(2, 0):dish;(6, 0):dish","(3, 0):empty;(4, 0):empty",0.0,17.0,5,interact,-0.01559999999999988,0.0,0.0,-0.01559999999999988,0.0,17.0,False,"(6, 3)",,"(2, 1)","soup('onion', 3, 20)","(2, 0):dish;(6, 0):dish","(3, 0):empty;(4, 0):empty"
211,1,"(0, 1)","(6, 3)","(0, 1)",,"(2, 1)","(-1, 0)","soup('onion', 3, 20)","(2, 0):dish;(6, 0):dish","(3, 0):empty;(4, 0):empty",0.0,17.0,5,interact,-0.01559999999999988,0.0,0.0,-0.01559999999999988,0.0,17.0,False,"(6, 3)",,"(2, 1)","soup('onion', 3, 20)","(2, 0):dish;(6, 0):dish","(3, 0):empty;(4, 0):empty"
212,1,"(0, 1)","(6, 3)","(0, 1)",,"(2, 1)","(-1, 0)","soup('onion', 3, 20)","(2, 0):dish;(6, 0):dish","(3, 0):empty;(4, 0):empty",0.0,17.0,5,interact,-0.01559999999999988,0.0,0.0,-0.01559999999999988,0.0,17.0,False,"(6, 3)",,"(2, 1)","soup('onion', 3, 20)","(2, 0):dish;(6, 0):dish","(3, 0):empty;(4, 0):empty"
213,1,"(0, 1)","(6, 3)","(0, 1)",,"(2, 1)","(-1, 0)","soup('onion', 3, 20)","(2, 0):dish;(6, 0):dish","(3, 0):empty;(4, 0):empty",0.0,17.0,5,interact,-0.01559999999999988,0.0,0.0,-0.01559999999999988,0.0,17.0,False,"(6, 3)",,"(2, 1)","soup('onion', 3, 20)","(2, 0):dish;(6, 0):dish","(3, 0):empty;(4, 0):empty"
214,1,"(0, 1)","(6, 3)","(0, 1)",,"(2, 1)","(-1, 0)","soup('onion', 3, 20)","(2, 0):dish;(6, 0):dish","(3, 0):empty;(4, 0):empty",0.0,17.0,5,interact,-0.01559999999999988,0.0,0.0,-0.01559999999999988,0.0,17.0,False,"(6, 3)",,"(2, 1)","soup('onion', 3, 20)","(2, 0):dish;(6, 0):dish","(3, 0):empty;(4, 0):empty"
215,1,"(0, 1)","(6, 3)","(0, 1)",,"(2, 1)","(-1, 0)","soup('onion', 3, 20)","(2, 0):dish;(6, 0):dish","(3, 0):empty;(4, 0):empty",0.0,17.0,5,interact,-0.01559999999999988,0.0,0.0,-0.01559999999999988,0.0,17.0,False,"(6, 3)",,"(2, 1)","soup('onion', 3, 20)","(2, 0):dish;(6, 0):dish","(3, 0):empty;(4, 0):empty"
216,1,"(0, 1)","(6, 3)","(0, 1)",,"(2, 1)","(-1, 0)","soup('onion', 3, 20)","(2, 0):dish;(6, 0):dish","(3, 0):empty;(4, 0):empty",0.0,17.0,5,interact,-0.01559999999999988,0.0,0.0,-0.01559999999999988,0.0,17.0,False,"(6, 3)",,"(2, 1)","soup('onion', 3, 20)","(2, 0):dish;(6, 0):dish","(3, 0):empty;(4, 0):empty"
217,1,"(0, 1)","(6, 3)","(0, 1)",,"(2, 1)","(-1, 0)","soup('onion', 3, 20)","(2, 0):dish;(6, 0):dish","(3, 0):empty;(4, 0):empty",0.0,17.0,5,interact,-0.01559999999999988,0.0,0.0,-0.01559999999999988,0.0,17.0,False,"(6, 3)",,"(2, 1)","soup('onion', 3, 20)","(2, 0):dish;(6, 0):dish","(3, 0):empty;(4, 0):empty"
218,1,"(0, 1)","(6, 3)","(0, 1)",,"(2, 1)","(-1, 0)","soup('onion', 3, 20)","(2, 0):dish;(6, 0):dish","(3, 0):empty;(4, 0):empty",0.0,17.0,5,interact,-0.01559999999999988,0.0,0.0,-0.01559999999999988,0.0,17.0,False,"(6, 3)",,"(2, 1)","soup('onion', 3, 20)","(2, 0):dish;(6, 0):dish","(3, 0):empty;(4, 0):empty"
219,1,"(0, 1)","(6, 3)","(0, 1)",,"(2, 1)","(-1, 0)","soup('onion', 3, 20)","(2, 0):dish;(6, 0):dish","(3, 0):empty;(4, 0):empty",0.0,17.0,5,interact,-0.01559999999999988,0.0,0.0,-0.01559999999999988,0.0,17.0,False,"(6, 3)",,"(2, 1)","soup('onion', 3, 20)","(2, 0):dish;(6, 0):dish","(3, 0):empty;(4, 0):empty"
220,1,"(0, 1)","(6, 3)","(0, 1)",,"(2, 1)","(-1, 0)","soup('onion', 3, 20)","(2, 0):dish;(6, 0):dish","(3, 0):empty;(4, 0):empty",0.0,17.0,5,interact,-0.01559999999999988,0.0,0.0,-0.01559999999999988,0.0,17.0,False,"(6, 3)",,"(2, 1)","soup('onion', 3, 20)","(2, 0):dish;(6, 0):dish","(3, 0):empty;(4, 0):empty"
221,1,"(0, 1)","(6, 3)","(0, 1)",,"(2, 1)","(-1, 0)","soup('onion', 3, 20)","(2, 0):dish;(6, 0):dish","(3, 0):empty;(4, 0):empty",0.0,17.0,5,interact,-0.01559999999999988,0.0,0.0,-0.01559999999999988,0.0,17.0,False,"(6, 3)",,"(2, 1)","soup('onion', 3, 20)","(2, 0):dish;(6, 0):dish","(3, 0):empty;(4, 0):empty"
222,1,"(0, 1)","(6, 3)","(0, 1)",,"(2, 1)","(-1, 0)","soup('onion', 3, 20)","(2, 0):dish;(6, 0):dish","(3, 0):empty;(4, 0):empty",0.0,17.0,5,interact,-0.01559999999999988,0.0,0.0,-0.01559999999999988,0.0,17.0,False,"(6, 3)",,"(2, 1)","soup('onion', 3, 20)","(2, 0):dish;(6, 0):dish","(3, 0):empty;(4, 0):empty"
223,1,"(0, 1)","(6, 3)","(0, 1)",,"(2, 1)","(-1, 0)","soup('onion', 3, 20)","(2, 0):dish;(6, 0):dish","(3, 0):empty;(4, 0):empty",0.0,17.0,5,interact,-0.01559999999999988,0.0,0.0,-0.01559999999999988,0.0,17.0,False,"(6, 3)",,"(2, 1)","soup('onion', 3, 20)","(2, 0):dish;(6, 0):dish","(3, 0):empty;(4, 0):empty"
224,1,"(0, 1)","(6, 3)","(0, 1)",,"(2, 1)","(-1, 0)","soup('onion', 3, 20)","(2, 0):dish;(6, 0):dish","(3, 0):empty;(4, 0):empty",0.0,17.0,5,interact,-0.01559999999999988,0.0,0.0,-0.01559999999999988,0.0,17.0,False,"(6, 3)",,"(2, 1)","soup('onion', 3, 20)","(2, 0):dish;(6, 0):dish","(3, 0):empty;(4, 0):empty"
225,1,"(0, 1)","(6, 3)","(0, 1)",,"(2, 1)","(-1, 0)","soup('onion', 3, 20)","(2, 0):dish;(6, 0):dish","(3, 0):empty;(4, 0):empty",0.0,17.0,5,interact,-0.01559999999999988,0.0,0.0,-0.01559999999999988,0.0,17.0,False,"(6, 3)",,"(2, 1)","soup('onion', 3, 20)","(2, 0):dish;(6, 0):dish","(3, 0):empty;(4, 0):empty"
226,1,"(0, 1)","(6, 3)","(0, 1)",,"(2, 1)","(-1, 0)","soup('onion', 3, 20)","(2, 0):dish;(6, 0):dish","(3, 0):empty;(4, 0):empty",0.0,17.0,5,interact,-0.01559999999999988,0.0,0.0,-0.01559999999999988,0.0,17.0,False,"(6, 3)",,"(2, 1)","soup('onion', 3, 20)","(2, 0):dish;(6, 0):dish","(3, 0):empty;(4, 0):empty"
227,1,"(0, 1)","(6, 3)","(0, 1)",,"(2, 1)","(-1, 0)","soup('onion', 3, 20)","(2, 0):dish;(6, 0):dish","(3, 0):empty;(4, 0):empty",0.0,17.0,5,interact,-0.01559999999999988,0.0,0.0,-0.01559999999999988,0.0,17.0,False,"(6, 3)",,"(2, 1)","soup('onion', 3, 20)","(2, 0):dish;(6, 0):dish","(3, 0):empty;(4, 0):empty"
228,1,"(0, 1)","(6, 3)","(0, 1)",,"(2, 1)","(-1, 0)","soup('onion', 3, 20)","(2, 0):dish;(6, 0):dish","(3, 0):empty;(4, 0):empty",0.0,17.0,5,interact,-0.01559999999999988,0.0,0.0,-0.01559999999999988,0.0,17.0,False,"(6, 3)",,"(2, 1)","soup('onion', 3, 20)","(2, 0):dish;(6, 0):dish","(3, 0):empty;(4, 0):empty"
229,1,"(0, 1)","(6, 3)","(0, 1)",,"(2, 1)","(-1, 0)","soup('onion', 3, 20)","(2, 0):dish;(6, 0):dish","(3, 0):empty;(4, 0):empty",0.0,17.0,5,interact,-0.01559999999999988,0.0,0.0,-0.01559999999999988,0.0,17.0,False,"(6, 3)",,"(2, 1)","soup('onion', 3, 20)","(2, 0):dish;(6, 0):dish","(3, 0):empty;(4, 0):empty"
230,1,"(0, 1)","(6, 3)","(0, 1)",,"(2, 1)","(-1, 0)","soup('onion', 3, 20)","(2, 0):dish;(6, 0):dish","(3, 0):empty;(4, 0):empty",0.0,17.0,5,interact,-0.01559999999999988,0.0,0.0,-0.01559999999999988,0.0,17.0,False,"(6, 3)",,"(2, 1)","soup('onion', 3, 20)","(2, 0):dish;(6, 0):dish","(3, 0):empty;(4, 0):empty"
231,1,"(0, 1)","(6, 3)","(0, 1)",,"(2, 1)","(-1, 0)","soup('onion', 3, 20)","(2, 0):dish;(6, 0):dish","(3, 0):empty;(4, 0):empty",0.0,17.0,5,interact,-0.01559999999999988,0.0,0.0,-0.01559999999999988,0.0,17.0,False,"(6, 3)",,"(2, 1)","soup('onion', 3, 20)","(2, 0):dish;(6, 0):dish","(3, 0):empty;(4, 0):empty"
232,1,"(0, 1)","(6, 3)","(0, 1)",,"(2, 1)","(-1, 0)","soup('onion', 3, 20)","(2, 0):dish;(6, 0):dish","(3, 0):empty;(4, 0):empty",0.0,17.0,5,interact,-0.01559999999999988,0.0,0.0,-0.01559999999999988,0.0,17.0,False,"(6, 3)",,"(2, 1)","soup('onion', 3, 20)","(2, 0):dish;(6, 0):dish","(3, 0):empty;(4, 0):empty"
233,1,"(0, 1)","(6, 3)","(0, 1)",,"(2, 1)","(-1, 0)","soup('onion', 3, 20)","(2, 0):dish;(6, 0):dish","(3, 0):empty;(4, 0):empty",0.0,17.0,5,interact,-0.01559999999999988,0.0,0.0,-0.01559999999999988,0.0,17.0,False,"(6, 3)",,"(2, 1)","soup('onion', 3, 20)","(2, 0):dish;(6, 0):dish","(3, 0):empty;(4, 0):empty"
234,1,"(0, 1)","(6, 3)","(0, 1)",,"(2, 1)","(-1, 0)","soup('onion', 3, 20)","(2, 0):dish;(6, 0):dish","(3, 0):empty;(4, 0):empty",0.0,17.0,5,interact,-0.01559999999999988,0.0,0.0,-0.01559999999999988,0.0,17.0,False,"(6, 3)",,"(2, 1)","soup('onion', 3, 20)","(2, 0):dish;(6, 0):dish","(3, 0):empty;(4, 0):empty"
235,1,"(0, 1)","(6, 3)","(0, 1)",,"(2, 1)","(-1, 0)","soup('onion', 3, 20)","(2, 0):dish;(6, 0):dish","(3, 0):empty;(4, 0):empty",0.0,17.0,5,interact,-0.01559999999999988,0.0,0.0,-0.01559999999999988,0.0,17.0,False,"(6, 3)",,"(2, 1)","soup('onion', 3, 20)","(2, 0):dish;(6, 0):dish","(3, 0):empty;(4, 0):empty"
236,1,"(0, 1)","(6, 3)","(0, 1)",,"(2, 1)","(-1, 0)","soup('onion', 3, 20)","(2, 0):dish;(6, 0):dish","(3, 0):empty;(4, 0):empty",0.0,17.0,5,interact,-0.01559999999999988,0.0,0.0,-0.01559999999999988,0.0,17.0,False,"(6, 3)",,"(2, 1)","soup('onion', 3, 20)","(2, 0):dish;(6, 0):dish","(3, 0):empty;(4, 0):empty"
237,1,"(0, 1)","(6, 3)","(0, 1)",,"(2, 1)","(-1, 0)","soup('onion', 3, 20)","(2, 0):dish;(6, 0):dish","(3, 0):empty;(4, 0):empty",0.0,17.0,5,interact,-0.01559999999999988,0.0,0.0,-0.01559999999999988,0.0,17.0,False,"(6, 3)",,"(2, 1)","soup('onion', 3, 20)","(2, 0):dish;(6, 0):dish","(3, 0):empty;(4, 0):empty"
238,1,"(0, 1)","(6, 3)","(0, 1)",,"(2, 1)","(-1, 0)","soup('onion', 3, 20)","(2, 0):dish;(6, 0):dish","(3, 0):empty;(4, 0):empty",0.0,17.0,5,interact,-0.01559999999999988,0.0,0.0,-0.01559999999999988,0.0,17.0,False,"(6, 3)",,"(2, 1)","soup('onion', 3, 20)","(2, 0):dish;(6, 0):dish","(3, 0):empty;(4, 0):empty"
239,1,"(0, 1)","(6, 3)","(0, 1)",,"(2, 1)","(-1, 0)","soup('onion', 3, 20)","(2, 0):dish;(6, 0):dish","(3, 0):empty;(4, 0):empty",0.0,17.0,5,interact,-0.01559999999999988,0.0,0.0,-0.01559999999999988,0.0,17.0,False,"(6, 3)",,"(2, 1)","soup('onion', 3, 20)","(2, 0):dish;(6, 0):dish","(3, 0):empty;(4, 0):empty"
240,1,"(0, 1)","(6, 3)","(0, 1)",,"(2, 1)","(-1, 0)","soup('onion', 3, 20)","(2, 0):dish;(6, 0):dish","(3, 0):empty;(4, 0):empty",0.0,17.0,5,interact,-0.01559999999999988,0.0,0.0,-0.01559999999999988,0.0,17.0,False,"(6, 3)",,"(2, 1)","soup('onion', 3, 20)","(2, 0):dish;(6, 0):dish","(3, 0):empty;(4, 0):empty"
241,1,"(0, 1)","(6, 3)","(0, 1)",,"(2, 1)","(-1, 0)","soup('onion', 3, 20)","(2, 0):dish;(6, 0):dish","(3, 0):empty;(4, 0):empty",0.0,17.0,5,interact,-0.01559999999999988,0.0,0.0,-0.01559999999999988,0.0,17.0,False,"(6, 3)",,"(2, 1)","soup('onion', 3, 20)","(2, 0):dish;(6, 0):dish","(3, 0):empty;(4, 0):empty"
242,1,"(0, 1)","(6, 3)","(0, 1)",,"(2, 1)","(-1, 0)","soup('onion', 3, 20)","(2, 0):dish;(6, 0):dish","(3, 0):empty;(4, 0):empty",0.0,17.0,5,interact,-0.01559999999999988,0.0,0.0,-0.01559999999999988,0.0,17.0,False,"(6, 3)",,"(2, 1)","soup('onion', 3, 20)","(2, 0):dish;(6, 0):dish","(3, 0):empty;(4, 0):empty"
243,1,"(0, 1)","(6, 3)","(0, 1)",,"(2, 1)","(-1, 0)","soup('onion', 3, 20)","(2, 0):dish;(6, 0):dish","(3, 0):empty;(4, 0):empty",0.0,17.0,5,interact,-0.01559999999999988,0.0,0.0,-0.01559999999999988,0.0,17.0,False,"(6, 3)",,"(2, 1)","soup('onion', 3, 20)","(2, 0):dish;(6, 0):dish","(3, 0):empty;(4, 0):empty"
244,1,"(0, 1)","(6, 3)","(0, 1)",,"(2, 1)","(-1, 0)","soup('onion', 3, 20)","(2, 0):dish;(6, 0):dish","(3, 0):empty;(4, 0):empty",0.0,17.0,5,interact,-0.01559999999999988,0.0,0.0,-0.01559999999999988,0.0,17.0,False,"(6, 3)",,"(2, 1)","soup('onion', 3, 20)","(2, 0):dish;(6, 0):dish","(3, 0):empty;(4, 0):empty"
245,1,"(0, 1)","(6, 3)","(0, 1)",,"(2, 1)","(-1, 0)","soup('onion', 3, 20)","(2, 0):dish;(6, 0):dish","(3, 0):empty;(4, 0):empty",0.0,17.0,5,interact,-0.01559999999999988,0.0,0.0,-0.01559999999999988,0.0,17.0,False,"(6, 3)",,"(2, 1)","soup('onion', 3, 20)","(2, 0):dish;(6, 0):dish","(3, 0):empty;(4, 0):empty"
246,1,"(0, 1)","(6, 3)","(0, 1)",,"(2, 1)","(-1, 0)","soup('onion', 3, 20)","(2, 0):dish;(6, 0):dish","(3, 0):empty;(4, 0):empty",0.0,17.0,5,interact,-0.01559999999999988,0.0,0.0,-0.01559999999999988,0.0,17.0,False,"(6, 3)",,"(2, 1)","soup('onion', 3, 20)","(2, 0):dish;(6, 0):dish","(3, 0):empty;(4, 0):empty"
247,1,"(0, 1)","(6, 3)","(0, 1)",,"(2, 1)","(-1, 0)","soup('onion', 3, 20)","(2, 0):dish;(6, 0):dish","(3, 0):empty;(4, 0):empty",0.0,17.0,5,interact,-0.01559999999999988,0.0,0.0,-0.01559999999999988,0.0,17.0,False,"(6, 3)",,"(2, 1)","soup('onion', 3, 20)","(2, 0):dish;(6, 0):dish","(3, 0):empty;(4, 0):empty"
248,1,"(0, 1)","(6, 3)","(0, 1)",,"(2, 1)","(-1, 0)","soup('onion', 3, 20)","(2, 0):dish;(6, 0):dish","(3, 0):empty;(4, 0):empty",0.0,17.0,5,interact,-0.01559999999999988,0.0,0.0,-0.01559999999999988,0.0,17.0,False,"(6, 3)",,"(2, 1)","soup('onion', 3, 20)","(2, 0):dish;(6, 0):dish","(3, 0):empty;(4, 0):empty"
249,1,"(0, 1)","(6, 3)","(0, 1)",,"(2, 1)","(-1, 0)","soup('onion', 3, 20)","(2, 0):dish;(6, 0):dish","(3, 0):empty;(4, 0):empty",0.0,17.0,5,interact,-0.01559999999999988,0.0,0.0,-0.01559999999999988,0.0,17.0,False,"(6, 3)",,"(2, 1)","soup('onion', 3, 20)","(2, 0):dish;(6, 0):dish","(3, 0):empty;(4, 0):empty"
250,1,"(0, 1)","(6, 3)","(0, 1)",,"(2, 1)","(-1, 0)","soup('onion', 3, 20)","(2, 0):dish;(6, 0):dish","(3, 0):empty;(4, 0):empty",0.0,17.0,5,interact,-0.01559999999999988,0.0,0.0,-0.01559999999999988,0.0,17.0,False,"(6, 3)",,"(2, 1)","soup('onion', 3, 20)","(2, 0):dish;(6, 0):dish","(3, 0):empty;(4, 0):empty"
251,1,"(0, 1)","(6, 3)","(0, 1)",,"(2, 1)","(-1, 0)","soup('onion', 3, 20)","(2, 0):dish;(6, 0):dish","(3, 0):empty;(4, 0):empty",0.0,17.0,5,interact,-0.01559999999999988,0.0,0.0,-0.01559999999999988,0.0,17.0,False,"(6, 3)",,"(2, 1)","soup('onion', 3, 20)","(2, 0):dish;(6, 0):dish","(3, 0):empty;(4, 0):empty"
252,1,"(0, 1)","(6, 3)","(0, 1)",,"(2, 1)","(-1, 0)","soup('onion', 3, 20)","(2, 0):dish;(6, 0):dish","(3, 0):empty;(4, 0):empty",0.0,17.0,5,interact,-0.01559999999999988,0.0,0.0,-0.01559999999999988,0.0,17.0,False,"(6, 3)",,"(2, 1)","soup('onion', 3, 20)","(2, 0):dish;(6, 0):dish","(3, 0):empty;(4, 0):empty"
253,1,"(0, 1)","(6, 3)","(0, 1)",,"(2, 1)","(-1, 0)","soup('onion', 3, 20)","(2, 0):dish;(6, 0):dish","(3, 0):empty;(4, 0):empty",0.0,17.0,5,interact,-0.01559999999999988,0.0,0.0,-0.01559999999999988,0.0,17.0,False,"(6, 3)",,"(2, 1)","soup('onion', 3, 20)","(2, 0):dish;(6, 0):dish","(3, 0):empty;(4, 0):empty"
254,1,"(0, 1)","(6, 3)","(0, 1)",,"(2, 1)","(-1, 0)","soup('onion', 3, 20)","(2, 0):dish;(6, 0):dish","(3, 0):empty;(4, 0):empty",0.0,17.0,5,interact,-0.01559999999999988,0.0,0.0,-0.01559999999999988,0.0,17.0,False,"(6, 3)",,"(2, 1)","soup('onion', 3, 20)","(2, 0):dish;(6, 0):dish","(3, 0):empty;(4, 0):empty"
255,1,"(0, 1)","(6, 3)","(0, 1)",,"(2, 1)","(-1, 0)","soup('onion', 3, 20)","(2, 0):dish;(6, 0):dish","(3, 0):empty;(4, 0):empty",0.0,17.0,5,interact,-0.01559999999999988,0.0,0.0,-0.01559999999999988,0.0,17.0,False,"(6, 3)",,"(2, 1)","soup('onion', 3, 20)","(2, 0):dish;(6, 0):dish","(3, 0):empty;(4, 0):empty"
256,1,"(0, 1)","(6, 3)","(0, 1)",,"(2, 1)","(-1, 0)","soup('onion', 3, 20)","(2, 0):dish;(6, 0):dish","(3, 0):empty;(4, 0):empty",0.0,17.0,5,interact,-0.01559999999999988,0.0,0.0,-0.01559999999999988,0.0,17.0,False,"(6, 3)",,"(2, 1)","soup('onion', 3, 20)","(2, 0):dish;(6, 0):dish","(3, 0):empty;(4, 0):empty"
257,1,"(0, 1)","(6, 3)","(0, 1)",,"(2, 1)","(-1, 0)","soup('onion', 3, 20)","(2, 0):dish;(6, 0):dish","(3, 0):empty;(4, 0):empty",0.0,17.0,5,interact,-0.01559999999999988,0.0,0.0,-0.01559999999999988,0.0,17.0,False,"(6, 3)",,"(2, 1)","soup('onion', 3, 20)","(2, 0):dish;(6, 0):dish","(3, 0):empty;(4, 0):empty"
258,1,"(0, 1)","(6, 3)","(0, 1)",,"(2, 1)","(-1, 0)","soup('onion', 3, 20)","(2, 0):dish;(6, 0):dish","(3, 0):empty;(4, 0):empty",0.0,17.0,5,interact,-0.01559999999999988,0.0,0.0,-0.01559999999999988,0.0,17.0,False,"(6, 3)",,"(2, 1)","soup('onion', 3, 20)","(2, 0):dish;(6, 0):dish","(3, 0):empty;(4, 0):empty"
259,1,"(0, 1)","(6, 3)","(0, 1)",,"(2, 1)","(-1, 0)","soup('onion', 3, 20)","(2, 0):dish;(6, 0):dish","(3, 0):empty;(4, 0):empty",0.0,17.0,5,interact,-0.01559999999999988,0.0,0.0,-0.01559999999999988,0.0,17.0,False,"(6, 3)",,"(2, 1)","soup('onion', 3, 20)","(2, 0):dish;(6, 0):dish","(3, 0):empty;(4, 0):empty"
260,1,"(0, 1)","(6, 3)","(0, 1)",,"(2, 1)","(-1, 0)","soup('onion', 3, 20)","(2, 0):dish;(6, 0):dish","(3, 0):empty;(4, 0):empty",0.0,17.0,5,interact,-0.01559999999999988,0.0,0.0,-0.01559999999999988,0.0,17.0,False,"(6, 3)",,"(2, 1)","soup('onion', 3, 20)","(2, 0):dish;(6, 0):dish","(3, 0):empty;(4, 0):empty"
261,1,"(0, 1)","(6, 3)","(0, 1)",,"(2, 1)","(-1, 0)","soup('onion', 3, 20)","(2, 0):dish;(6, 0):dish","(3, 0):empty;(4, 0):empty",0.0,17.0,5,interact,-0.01559999999999988,0.0,0.0,-0.01559999999999988,0.0,17.0,False,"(6, 3)",,"(2, 1)","soup('onion', 3, 20)","(2, 0):dish;(6, 0):dish","(3, 0):empty;(4, 0):empty"
262,1,"(0, 1)","(6, 3)","(0, 1)",,"(2, 1)","(-1, 0)","soup('onion', 3, 20)","(2, 0):dish;(6, 0):dish","(3, 0):empty;(4, 0):empty",0.0,17.0,5,interact,-0.01559999999999988,0.0,0.0,-0.01559999999999988,0.0,17.0,False,"(6, 3)",,"(2, 1)","soup('onion', 3, 20)","(2, 0):dish;(6, 0):dish","(3, 0):empty;(4, 0):empty"
263,1,"(0, 1)","(6, 3)","(0, 1)",,"(2, 1)","(-1, 0)","soup('onion', 3, 20)","(2, 0):dish;(6, 0):dish","(3, 0):empty;(4, 0):empty",0.0,17.0,5,interact,-0.01559999999999988,0.0,0.0,-0.01559999999999988,0.0,17.0,False,"(6, 3)",,"(2, 1)","soup('onion', 3, 20)","(2, 0):dish;(6, 0):dish","(3, 0):empty;(4, 0):empty"
264,1,"(0, 1)","(6, 3)","(0, 1)",,"(2, 1)","(-1, 0)","soup('onion', 3, 20)","(2, 0):dish;(6, 0):dish","(3, 0):empty;(4, 0):empty",0.0,17.0,5,interact,-0.01559999999999988,0.0,0.0,-0.01559999999999988,0.0,17.0,False,"(6, 3)",,"(2, 1)","soup('onion', 3, 20)","(2, 0):dish;(6, 0):dish","(3, 0):empty;(4, 0):empty"
265,1,"(0, 1)","(6, 3)","(0, 1)",,"(2, 1)","(-1, 0)","soup('onion', 3, 20)","(2, 0):dish;(6, 0):dish","(3, 0):empty;(4, 0):empty",0.0,17.0,5,interact,-0.01559999999999988,0.0,0.0,-0.01559999999999988,0.0,17.0,False,"(6, 3)",,"(2, 1)","soup('onion', 3, 20)","(2, 0):dish;(6, 0):dish","(3, 0):empty;(4, 0):empty"
266,1,"(0, 1)","(6, 3)","(0, 1)",,"(2, 1)","(-1, 0)","soup('onion', 3, 20)","(2, 0):dish;(6, 0):dish","(3, 0):empty;(4, 0):empty",0.0,17.0,5,interact,-0.01559999999999988,0.0,0.0,-0.01559999999999988,0.0,17.0,False,"(6, 3)",,"(2, 1)","soup('onion', 3, 20)","(2, 0):dish;(6, 0):dish","(3, 0):empty;(4, 0):empty"
267,1,"(0, 1)","(6, 3)","(0, 1)",,"(2, 1)","(-1, 0)","soup('onion', 3, 20)","(2, 0):dish;(6, 0):dish","(3, 0):empty;(4, 0):empty",0.0,17.0,5,interact,-0.01559999999999988,0.0,0.0,-0.01559999999999988,0.0,17.0,False,"(6, 3)",,"(2, 1)","soup('onion', 3, 20)","(2, 0):dish;(6, 0):dish","(3, 0):empty;(4, 0):empty"
268,1,"(0, 1)","(6, 3)","(0, 1)",,"(2, 1)","(-1, 0)","soup('onion', 3, 20)","(2, 0):dish;(6, 0):dish","(3, 0):empty;(4, 0):empty",0.0,17.0,5,interact,-0.01559999999999988,0.0,0.0,-0.01559999999999988,0.0,17.0,False,"(6, 3)",,"(2, 1)","soup('onion', 3, 20)","(2, 0):dish;(6, 0):dish","(3, 0):empty;(4, 0):empty"
269,1,"(0, 1)","(6, 3)","(0, 1)",,"(2, 1)","(-1, 0)","soup('onion', 3, 20)","(2, 0):dish;(6, 0):dish","(3, 0):empty;(4, 0):empty",0.0,17.0,5,interact,-0.01559999999999988,0.0,0.0,-0.01559999999999988,0.0,17.0,False,"(6, 3)",,"(2, 1)","soup('onion', 3, 20)","(2, 0):dish;(6, 0):dish","(3, 0):empty;(4, 0):empty"
270,1,"(0, 1)","(6, 3)","(0, 1)",,"(2, 1)","(-1, 0)","soup('onion', 3, 20)","(2, 0):dish;(6, 0):dish","(3, 0):empty;(4, 0):empty",0.0,17.0,5,interact,-0.01559999999999988,0.0,0.0,-0.01559999999999988,0.0,17.0,False,"(6, 3)",,"(2, 1)","soup('onion', 3, 20)","(2, 0):dish;(6, 0):dish","(3, 0):empty;(4, 0):empty"
271,1,"(0, 1)","(6, 3)","(0, 1)",,"(2, 1)","(-1, 0)","soup('onion', 3, 20)","(2, 0):dish;(6, 0):dish","(3, 0):empty;(4, 0):empty",0.0,17.0,5,interact,-0.01559999999999988,0.0,0.0,-0.01559999999999988,0.0,17.0,False,"(6, 3)",,"(2, 1)","soup('onion', 3, 20)","(2, 0):dish;(6, 0):dish","(3, 0):empty;(4, 0):empty"
272,1,"(0, 1)","(6, 3)","(0, 1)",,"(2, 1)","(-1, 0)","soup('onion', 3, 20)","(2, 0):dish;(6, 0):dish","(3, 0):empty;(4, 0):empty",0.0,17.0,5,interact,-0.01559999999999988,0.0,0.0,-0.01559999999999988,0.0,17.0,False,"(6, 3)",,"(2, 1)","soup('onion', 3, 20)","(2, 0):dish;(6, 0):dish","(3, 0):empty;(4, 0):empty"
273,1,"(0, 1)","(6, 3)","(0, 1)",,"(2, 1)","(-1, 0)","soup('onion', 3, 20)","(2, 0):dish;(6, 0):dish","(3, 0):empty;(4, 0):empty",0.0,17.0,5,interact,-0.01559999999999988,0.0,0.0,-0.01559999999999988,0.0,17.0,False,"(6, 3)",,"(2, 1)","soup('onion', 3, 20)","(2, 0):dish;(6, 0):dish","(3, 0):empty;(4, 0):empty"
274,1,"(0, 1)","(6, 3)","(0, 1)",,"(2, 1)","(-1, 0)","soup('onion', 3, 20)","(2, 0):dish;(6, 0):dish","(3, 0):empty;(4, 0):empty",0.0,17.0,5,interact,-0.01559999999999988,0.0,0.0,-0.01559999999999988,0.0,17.0,False,"(6, 3)",,"(2, 1)","soup('onion', 3, 20)","(2, 0):dish;(6, 0):dish","(3, 0):empty;(4, 0):empty"
275,1,"(0, 1)","(6, 3)","(0, 1)",,"(2, 1)","(-1, 0)","soup('onion', 3, 20)","(2, 0):dish;(6, 0):dish","(3, 0):empty;(4, 0):empty",0.0,17.0,5,interact,-0.01559999999999988,0.0,0.0,-0.01559999999999988,0.0,17.0,False,"(6, 3)",,"(2, 1)","soup('onion', 3, 20)","(2, 0):dish;(6, 0):dish","(3, 0):empty;(4, 0):empty"
276,1,"(0, 1)","(6, 3)","(0, 1)",,"(2, 1)","(-1, 0)","soup('onion', 3, 20)","(2, 0):dish;(6, 0):dish","(3, 0):empty;(4, 0):empty",0.0,17.0,5,interact,-0.01559999999999988,0.0,0.0,-0.01559999999999988,0.0,17.0,False,"(6, 3)",,"(2, 1)","soup('onion', 3, 20)","(2, 0):dish;(6, 0):dish","(3, 0):empty;(4, 0):empty"
277,1,"(0, 1)","(6, 3)","(0, 1)",,"(2, 1)","(-1, 0)","soup('onion', 3, 20)","(2, 0):dish;(6, 0):dish","(3, 0):empty;(4, 0):empty",0.0,17.0,5,interact,-0.01559999999999988,0.0,0.0,-0.01559999999999988,0.0,17.0,False,"(6, 3)",,"(2, 1)","soup('onion', 3, 20)","(2, 0):dish;(6, 0):dish","(3, 0):empty;(4, 0):empty"
278,1,"(0, 1)","(6, 3)","(0, 1)",,"(2, 1)","(-1, 0)","soup('onion', 3, 20)","(2, 0):dish;(6, 0):dish","(3, 0):empty;(4, 0):empty",0.0,17.0,5,interact,-0.01559999999999988,0.0,0.0,-0.01559999999999988,0.0,17.0,False,"(6, 3)",,"(2, 1)","soup('onion', 3, 20)","(2, 0):dish;(6, 0):dish","(3, 0):empty;(4, 0):empty"
279,1,"(0, 1)","(6, 3)","(0, 1)",,"(2, 1)","(-1, 0)","soup('onion', 3, 20)","(2, 0):dish;(6, 0):dish","(3, 0):empty;(4, 0):empty",0.0,17.0,5,interact,-0.01559999999999988,0.0,0.0,-0.01559999999999988,0.0,17.0,False,"(6, 3)",,"(2, 1)","soup('onion', 3, 20)","(2, 0):dish;(6, 0):dish","(3, 0):empty;(4, 0):empty"
280,1,"(0, 1)","(6, 3)","(0, 1)",,"(2, 1)","(-1, 0)","soup('onion', 3, 20)","(2, 0):dish;(6, 0):dish","(3, 0):empty;(4, 0):empty",0.0,17.0,5,interact,-0.01559999999999988,0.0,0.0,-0.01559999999999988,0.0,17.0,False,"(6, 3)",,"(2, 1)","soup('onion', 3, 20)","(2, 0):dish;(6, 0):dish","(3, 0):empty;(4, 0):empty"
281,1,"(0, 1)","(6, 3)","(0, 1)",,"(2, 1)","(-1, 0)","soup('onion', 3, 20)","(2, 0):dish;(6, 0):dish","(3, 0):empty;(4, 0):empty",0.0,17.0,5,interact,-0.01559999999999988,0.0,0.0,-0.01559999999999988,0.0,17.0,False,"(6, 3)",,"(2, 1)","soup('onion', 3, 20)","(2, 0):dish;(6, 0):dish","(3, 0):empty;(4, 0):empty"
282,1,"(0, 1)","(6, 3)","(0, 1)",,"(2, 1)","(-1, 0)","soup('onion', 3, 20)","(2, 0):dish;(6, 0):dish","(3, 0):empty;(4, 0):empty",0.0,17.0,5,interact,-0.01559999999999988,0.0,0.0,-0.01559999999999988,0.0,17.0,False,"(6, 3)",,"(2, 1)","soup('onion', 3, 20)","(2, 0):dish;(6, 0):dish","(3, 0):empty;(4, 0):empty"
283,1,"(0, 1)","(6, 3)","(0, 1)",,"(2, 1)","(-1, 0)","soup('onion', 3, 20)","(2, 0):dish;(6, 0):dish","(3, 0):empty;(4, 0):empty",0.0,17.0,5,interact,-0.01559999999999988,0.0,0.0,-0.01559999999999988,0.0,17.0,False,"(6, 3)",,"(2, 1)","soup('onion', 3, 20)","(2, 0):dish;(6, 0):dish","(3, 0):empty;(4, 0):empty"
284,1,"(0, 1)","(6, 3)","(0, 1)",,"(2, 1)","(-1, 0)","soup('onion', 3, 20)","(2, 0):dish;(6, 0):dish","(3, 0):empty;(4, 0):empty",0.0,17.0,5,interact,-0.01559999999999988,0.0,0.0,-0.01559999999999988,0.0,17.0,False,"(6, 3)",,"(2, 1)","soup('onion', 3, 20)","(2, 0):dish;(6, 0):dish","(3, 0):empty;(4, 0):empty"
285,1,"(0, 1)","(6, 3)","(0, 1)",,"(2, 1)","(-1, 0)","soup('onion', 3, 20)","(2, 0):dish;(6, 0):dish","(3, 0):empty;(4, 0):empty",0.0,17.0,5,interact,-0.01559999999999988,0.0,0.0,-0.01559999999999988,0.0,17.0,False,"(6, 3)",,"(2, 1)","soup('onion', 3, 20)","(2, 0):dish;(6, 0):dish","(3, 0):empty;(4, 0):empty"
286,1,"(0, 1)","(6, 3)","(0, 1)",,"(2, 1)","(-1, 0)","soup('onion', 3, 20)","(2, 0):dish;(6, 0):dish","(3, 0):empty;(4, 0):empty",0.0,17.0,5,interact,-0.01559999999999988,0.0,0.0,-0.01559999999999988,0.0,17.0,False,"(6, 3)",,"(2, 1)","soup('onion', 3, 20)","(2, 0):dish;(6, 0):dish","(3, 0):empty;(4, 0):empty"
287,1,"(0, 1)","(6, 3)","(0, 1)",,"(2, 1)","(-1, 0)","soup('onion', 3, 20)","(2, 0):dish;(6, 0):dish","(3, 0):empty;(4, 0):empty",0.0,17.0,5,interact,-0.01559999999999988,0.0,0.0,-0.01559999999999988,0.0,17.0,False,"(6, 3)",,"(2, 1)","soup('onion', 3, 20)","(2, 0):dish;(6, 0):dish","(3, 0):empty;(4, 0):empty"
288,1,"(0, 1)","(6, 3)","(0, 1)",,"(2, 1)","(-1, 0)","soup('onion', 3, 20)","(2, 0):dish;(6, 0):dish","(3, 0):empty;(4, 0):empty",0.0,17.0,5,interact,-0.01559999999999988,0.0,0.0,-0.01559999999999988,0.0,17.0,False,"(6, 3)",,"(2, 1)","soup('onion', 3, 20)","(2, 0):dish;(6, 0):dish","(3, 0):empty;(4, 0):empty"
289,1,"(0, 1)","(6, 3)","(0, 1)",,"(2, 1)","(-1, 0)","soup('onion', 3, 20)","(2, 0):dish;(6, 0):dish","(3, 0):empty;(4, 0):empty",0.0,17.0,5,interact,-0.01559999999999988,0.0,0.0,-0.01559999999999988,0.0,17.0,False,"(6, 3)",,"(2, 1)","soup('onion', 3, 20)","(2, 0):dish;(6, 0):dish","(3, 0):empty;(4, 0):empty"
290,1,"(0, 1)","(6, 3)","(0, 1)",,"(2, 1)","(-1, 0)","soup('onion', 3, 20)","(2, 0):dish;(6, 0):dish","(3, 0):empty;(4, 0):empty",0.0,17.0,5,interact,-0.01559999999999988,0.0,0.0,-0.01559999999999988,0.0,17.0,False,"(6, 3)",,"(2, 1)","soup('onion', 3, 20)","(2, 0):dish;(6, 0):dish","(3, 0):empty;(4, 0):empty"
291,1,"(0, 1)","(6, 3)","(0, 1)",,"(2, 1)","(-1, 0)","soup('onion', 3, 20)","(2, 0):dish;(6, 0):dish","(3, 0):empty;(4, 0):empty",0.0,17.0,5,interact,-0.01559999999999988,0.0,0.0,-0.01559999999999988,0.0,17.0,False,"(6, 3)",,"(2, 1)","soup('onion', 3, 20)","(2, 0):dish;(6, 0):dish","(3, 0):empty;(4, 0):empty"
292,1,"(0, 1)","(6, 3)","(0, 1)",,"(2, 1)","(-1, 0)","soup('onion', 3, 20)","(2, 0):dish;(6, 0):dish","(3, 0):empty;(4, 0):empty",0.0,17.0,5,interact,-0.01559999999999988,0.0,0.0,-0.01559999999999988,0.0,17.0,False,"(6, 3)",,"(2, 1)","soup('onion', 3, 20)","(2, 0):dish;(6, 0):dish","(3, 0):empty;(4, 0):empty"
293,1,"(0, 1)","(6, 3)","(0, 1)",,"(2, 1)","(-1, 0)","soup('onion', 3, 20)","(2, 0):dish;(6, 0):dish","(3, 0):empty;(4, 0):empty",0.0,17.0,5,interact,-0.01559999999999988,0.0,0.0,-0.01559999999999988,0.0,17.0,False,"(6, 3)",,"(2, 1)","soup('onion', 3, 20)","(2, 0):dish;(6, 0):dish","(3, 0):empty;(4, 0):empty"
294,1,"(0, 1)","(6, 3)","(0, 1)",,"(2, 1)","(-1, 0)","soup('onion', 3, 20)","(2, 0):dish;(6, 0):dish","(3, 0):empty;(4, 0):empty",0.0,17.0,5,interact,-0.01559999999999988,0.0,0.0,-0.01559999999999988,0.0,17.0,False,"(6, 3)",,"(2, 1)","soup('onion', 3, 20)","(2, 0):dish;(6, 0):dish","(3, 0):empty;(4, 0):empty"
295,1,"(0, 1)","(6, 3)","(0, 1)",,"(2, 1)","(-1, 0)","soup('onion', 3, 20)","(2, 0):dish;(6, 0):dish","(3, 0):empty;(4, 0):empty",0.0,17.0,5,interact,-0.01559999999999988,0.0,0.0,-0.01559999999999988,0.0,17.0,False,"(6, 3)",,"(2, 1)","soup('onion', 3, 20)","(2, 0):dish;(6, 0):dish","(3, 0):empty;(4, 0):empty"
296,1,"(0, 1)","(6, 3)","(0, 1)",,"(2, 1)","(-1, 0)","soup('onion', 3, 20)","(2, 0):dish;(6, 0):dish","(3, 0):empty;(4, 0):empty",0.0,17.0,5,interact,-0.01559999999999988,0.0,0.0,-0.01559999999999988,0.0,17.0,False,"(6, 3)",,"(2, 1)","soup('onion', 3, 20)","(2, 0):dish;(6, 0):dish","(3, 0):empty;(4, 0):empty"
297,1,"(0, 1)","(6, 3)","(0, 1)",,"(2, 1)","(-1, 0)","soup('onion', 3, 20)","(2, 0):dish;(6, 0):dish","(3, 0):empty;(4, 0):empty",0.0,17.0,5,interact,-0.01559999999999988,0.0,0.0,-0.01559999999999988,0.0,17.0,False,"(6, 3)",,"(2, 1)","soup('onion', 3, 20)","(2, 0):dish;(6, 0):dish","(3, 0):empty;(4, 0):empty"
298,1,"(0, 1)","(6, 3)","(0, 1)",,"(2, 1)","(-1, 0)","soup('onion', 3, 20)","(2, 0):dish;(6, 0):dish","(3, 0):empty;(4, 0):empty",0.0,17.0,5,interact,-0.01559999999999988,0.0,0.0,-0.01559999999999988,0.0,17.0,False,"(6, 3)",,"(2, 1)","soup('onion', 3, 20)","(2, 0):dish;(6, 0):dish","(3, 0):empty;(4, 0):empty"
299,1,"(0, 1)","(6, 3)","(0, 1)",,"(2, 1)","(-1, 0)","soup('onion', 3, 20)","(2, 0):dish;(6, 0):dish","(3, 0):empty;(4, 0):empty",0.0,17.0,5,interact,-0.01559999999999988,0.0,0.0,-0.01559999999999988,0.0,17.0,False,"(6, 3)",,"(2, 1)","soup('onion', 3, 20)","(2, 0):dish;(6, 0):dish","(3, 0):empty;(4, 0):empty"
300,1,"(0, 1)","(6, 3)","(0, 1)",,"(2, 1)","(-1, 0)","soup('onion', 3, 20)","(2, 0):dish;(6, 0):dish","(3, 0):empty;(4, 0):empty",0.0,17.0,5,interact,-0.01559999999999988,0.0,0.0,-0.01559999999999988,0.0,17.0,False,"(6, 3)",,"(2, 1)","soup('onion', 3, 20)","(2, 0):dish;(6, 0):dish","(3, 0):empty;(4, 0):empty"
301,1,"(0, 1)","(6, 3)","(0, 1)",,"(2, 1)","(-1, 0)","soup('onion', 3, 20)","(2, 0):dish;(6, 0):dish","(3, 0):empty;(4, 0):empty",0.0,17.0,5,interact,-0.01559999999999988,0.0,0.0,-0.01559999999999988,0.0,17.0,False,"(6, 3)",,"(2, 1)","soup('onion', 3, 20)","(2, 0):dish;(6, 0):dish","(3, 0):empty;(4, 0):empty"
302,1,"(0, 1)","(6, 3)","(0, 1)",,"(2, 1)","(-1, 0)","soup('onion', 3, 20)","(2, 0):dish;(6, 0):dish","(3, 0):empty;(4, 0):empty",0.0,17.0,5,interact,-0.01559999999999988,0.0,0.0,-0.01559999999999988,0.0,17.0,False,"(6, 3)",,"(2, 1)","soup('onion', 3, 20)","(2, 0):dish;(6, 0):dish","(3, 0):empty;(4, 0):empty"
303,1,"(0, 1)","(6, 3)","(0, 1)",,"(2, 1)","(-1, 0)","soup('onion', 3, 20)","(2, 0):dish;(6, 0):dish","(3, 0):empty;(4, 0):empty",0.0,17.0,5,interact,-0.01559999999999988,0.0,0.0,-0.01559999999999988,0.0,17.0,False,"(6, 3)",,"(2, 1)","soup('onion', 3, 20)","(2, 0):dish;(6, 0):dish","(3, 0):empty;(4, 0):empty"
304,1,"(0, 1)","(6, 3)","(0, 1)",,"(2, 1)","(-1, 0)","soup('onion', 3, 20)","(2, 0):dish;(6, 0):dish","(3, 0):empty;(4, 0):empty",0.0,17.0,5,interact,-0.01559999999999988,0.0,0.0,-0.01559999999999988,0.0,17.0,False,"(6, 3)",,"(2, 1)","soup('onion', 3, 20)","(2, 0):dish;(6, 0):dish","(3, 0):empty;(4, 0):empty"
305,1,"(0, 1)","(6, 3)","(0, 1)",,"(2, 1)","(-1, 0)","soup('onion', 3, 20)","(2, 0):dish;(6, 0):dish","(3, 0):empty;(4, 0):empty",0.0,17.0,5,interact,-0.01559999999999988,0.0,0.0,-0.01559999999999988,0.0,17.0,False,"(6, 3)",,"(2, 1)","soup('onion', 3, 20)","(2, 0):dish;(6, 0):dish","(3, 0):empty;(4, 0):empty"
306,1,"(0, 1)","(6, 3)","(0, 1)",,"(2, 1)","(-1, 0)","soup('onion', 3, 20)","(2, 0):dish;(6, 0):dish","(3, 0):empty;(4, 0):empty",0.0,17.0,5,interact,-0.01559999999999988,0.0,0.0,-0.01559999999999988,0.0,17.0,False,"(6, 3)",,"(2, 1)","soup('onion', 3, 20)","(2, 0):dish;(6, 0):dish","(3, 0):empty;(4, 0):empty"
307,1,"(0, 1)","(6, 3)","(0, 1)",,"(2, 1)","(-1, 0)","soup('onion', 3, 20)","(2, 0):dish;(6, 0):dish","(3, 0):empty;(4, 0):empty",0.0,17.0,5,interact,-0.01559999999999988,0.0,0.0,-0.01559999999999988,0.0,17.0,False,"(6, 3)",,"(2, 1)","soup('onion', 3, 20)","(2, 0):dish;(6, 0):dish","(3, 0):empty;(4, 0):empty"
308,1,"(0, 1)","(6, 3)","(0, 1)",,"(2, 1)","(-1, 0)","soup('onion', 3, 20)","(2, 0):dish;(6, 0):dish","(3, 0):empty;(4, 0):empty",0.0,17.0,5,interact,-0.01559999999999988,0.0,0.0,-0.01559999999999988,0.0,17.0,False,"(6, 3)",,"(2, 1)","soup('onion', 3, 20)","(2, 0):dish;(6, 0):dish","(3, 0):empty;(4, 0):empty"
309,1,"(0, 1)","(6, 3)","(0, 1)",,"(2, 1)","(-1, 0)","soup('onion', 3, 20)","(2, 0):dish;(6, 0):dish","(3, 0):empty;(4, 0):empty",0.0,17.0,5,interact,-0.01559999999999988,0.0,0.0,-0.01559999999999988,0.0,17.0,False,"(6, 3)",,"(2, 1)","soup('onion', 3, 20)","(2, 0):dish;(6, 0):dish","(3, 0):empty;(4, 0):empty"
310,1,"(0, 1)","(6, 3)","(0, 1)",,"(2, 1)","(-1, 0)","soup('onion', 3, 20)","(2, 0):dish;(6, 0):dish","(3, 0):empty;(4, 0):empty",0.0,17.0,5,interact,-0.01559999999999988,0.0,0.0,-0.01559999999999988,0.0,17.0,False,"(6, 3)",,"(2, 1)","soup('onion', 3, 20)","(2, 0):dish;(6, 0):dish","(3, 0):empty;(4, 0):empty"
311,1,"(0, 1)","(6, 3)","(0, 1)",,"(2, 1)","(-1, 0)","soup('onion', 3, 20)","(2, 0):dish;(6, 0):dish","(3, 0):empty;(4, 0):empty",0.0,17.0,5,interact,-0.01559999999999988,0.0,0.0,-0.01559999999999988,0.0,17.0,False,"(6, 3)",,"(2, 1)","soup('onion', 3, 20)","(2, 0):dish;(6, 0):dish","(3, 0):empty;(4, 0):empty"
312,1,"(0, 1)","(6, 3)","(0, 1)",,"(2, 1)","(-1, 0)","soup('onion', 3, 20)","(2, 0):dish;(6, 0):dish","(3, 0):empty;(4, 0):empty",0.0,17.0,5,interact,-0.01559999999999988,0.0,0.0,-0.01559999999999988,0.0,17.0,False,"(6, 3)",,"(2, 1)","soup('onion', 3, 20)","(2, 0):dish;(6, 0):dish","(3, 0):empty;(4, 0):empty"
313,1,"(0, 1)","(6, 3)","(0, 1)",,"(2, 1)","(-1, 0)","soup('onion', 3, 20)","(2, 0):dish;(6, 0):dish","(3, 0):empty;(4, 0):empty",0.0,17.0,5,interact,-0.01559999999999988,0.0,0.0,-0.01559999999999988,0.0,17.0,False,"(6, 3)",,"(2, 1)","soup('onion', 3, 20)","(2, 0):dish;(6, 0):dish","(3, 0):empty;(4, 0):empty"
314,1,"(0, 1)","(6, 3)","(0, 1)",,"(2, 1)","(-1, 0)","soup('onion', 3, 20)","(2, 0):dish;(6, 0):dish","(3, 0):empty;(4, 0):empty",0.0,17.0,5,interact,-0.01559999999999988,0.0,0.0,-0.01559999999999988,0.0,17.0,False,"(6, 3)",,"(2, 1)","soup('onion', 3, 20)","(2, 0):dish;(6, 0):dish","(3, 0):empty;(4, 0):empty"
315,1,"(0, 1)","(6, 3)","(0, 1)",,"(2, 1)","(-1, 0)","soup('onion', 3, 20)","(2, 0):dish;(6, 0):dish","(3, 0):empty;(4, 0):empty",0.0,17.0,5,interact,-0.01559999999999988,0.0,0.0,-0.01559999999999988,0.0,17.0,False,"(6, 3)",,"(2, 1)","soup('onion', 3, 20)","(2, 0):dish;(6, 0):dish","(3, 0):empty;(4, 0):empty"
316,1,"(0, 1)","(6, 3)","(0, 1)",,"(2, 1)","(-1, 0)","soup('onion', 3, 20)","(2, 0):dish;(6, 0):dish","(3, 0):empty;(4, 0):empty",0.0,17.0,5,interact,-0.01559999999999988,0.0,0.0,-0.01559999999999988,0.0,17.0,False,"(6, 3)",,"(2, 1)","soup('onion', 3, 20)","(2, 0):dish;(6, 0):dish","(3, 0):empty;(4, 0):empty"
317,1,"(0, 1)","(6, 3)","(0, 1)",,"(2, 1)","(-1, 0)","soup('onion', 3, 20)","(2, 0):dish;(6, 0):dish","(3, 0):empty;(4, 0):empty",0.0,17.0,5,interact,-0.01559999999999988,0.0,0.0,-0.01559999999999988,0.0,17.0,False,"(6, 3)",,"(2, 1)","soup('onion', 3, 20)","(2, 0):dish;(6, 0):dish","(3, 0):empty;(4, 0):empty"
318,1,"(0, 1)","(6, 3)","(0, 1)",,"(2, 1)","(-1, 0)","soup('onion', 3, 20)","(2, 0):dish;(6, 0):dish","(3, 0):empty;(4, 0):empty",0.0,17.0,5,interact,-0.01559999999999988,0.0,0.0,-0.01559999999999988,0.0,17.0,False,"(6, 3)",,"(2, 1)","soup('onion', 3, 20)","(2, 0):dish;(6, 0):dish","(3, 0):empty;(4, 0):empty"
319,1,"(0, 1)","(6, 3)","(0, 1)",,"(2, 1)","(-1, 0)","soup('onion', 3, 20)","(2, 0):dish;(6, 0):dish","(3, 0):empty;(4, 0):empty",0.0,17.0,5,interact,-0.01559999999999988,0.0,0.0,-0.01559999999999988,0.0,17.0,False,"(6, 3)",,"(2, 1)","soup('onion', 3, 20)","(2, 0):dish;(6, 0):dish","(3, 0):empty;(4, 0):empty"
320,1,"(0, 1)","(6, 3)","(0, 1)",,"(2, 1)","(-1, 0)","soup('onion', 3, 20)","(2, 0):dish;(6, 0):dish","(3, 0):empty;(4, 0):empty",0.0,17.0,5,interact,-0.01559999999999988,0.0,0.0,-0.01559999999999988,0.0,17.0,False,"(6, 3)",,"(2, 1)","soup('onion', 3, 20)","(2, 0):dish;(6, 0):dish","(3, 0):empty;(4, 0):empty"
321,1,"(0, 1)","(6, 3)","(0, 1)",,"(2, 1)","(-1, 0)","soup('onion', 3, 20)","(2, 0):dish;(6, 0):dish","(3, 0):empty;(4, 0):empty",0.0,17.0,5,interact,-0.01559999999999988,0.0,0.0,-0.01559999999999988,0.0,17.0,False,"(6, 3)",,"(2, 1)","soup('onion', 3, 20)","(2, 0):dish;(6, 0):dish","(3, 0):empty;(4, 0):empty"
322,1,"(0, 1)","(6, 3)","(0, 1)",,"(2, 1)","(-1, 0)","soup('onion', 3, 20)","(2, 0):dish;(6, 0):dish","(3, 0):empty;(4, 0):empty",0.0,17.0,5,interact,-0.01559999999999988,0.0,0.0,-0.01559999999999988,0.0,17.0,False,"(6, 3)",,"(2, 1)","soup('onion', 3, 20)","(2, 0):dish;(6, 0):dish","(3, 0):empty;(4, 0):empty"
323,1,"(0, 1)","(6, 3)","(0, 1)",,"(2, 1)","(-1, 0)","soup('onion', 3, 20)","(2, 0):dish;(6, 0):dish","(3, 0):empty;(4, 0):empty",0.0,17.0,5,interact,-0.01559999999999988,0.0,0.0,-0.01559999999999988,0.0,17.0,False,"(6, 3)",,"(2, 1)","soup('onion', 3, 20)","(2, 0):dish;(6, 0):dish","(3, 0):empty;(4, 0):empty"
324,1,"(0, 1)","(6, 3)","(0, 1)",,"(2, 1)","(-1, 0)","soup('onion', 3, 20)","(2, 0):dish;(6, 0):dish","(3, 0):empty;(4, 0):empty",0.0,17.0,5,interact,-0.01559999999999988,0.0,0.0,-0.01559999999999988,0.0,17.0,False,"(6, 3)",,"(2, 1)","soup('onion', 3, 20)","(2, 0):dish;(6, 0):dish","(3, 0):empty;(4, 0):empty"
325,1,"(0, 1)","(6, 3)","(0, 1)",,"(2, 1)","(-1, 0)","soup('onion', 3, 20)","(2, 0):dish;(6, 0):dish","(3, 0):empty;(4, 0):empty",0.0,17.0,5,interact,-0.01559999999999988,0.0,0.0,-0.01559999999999988,0.0,17.0,False,"(6, 3)",,"(2, 1)","soup('onion', 3, 20)","(2, 0):dish;(6, 0):dish","(3, 0):empty;(4, 0):empty"
326,1,"(0, 1)","(6, 3)","(0, 1)",,"(2, 1)","(-1, 0)","soup('onion', 3, 20)","(2, 0):dish;(6, 0):dish","(3, 0):empty;(4, 0):empty",0.0,17.0,5,interact,-0.01559999999999988,0.0,0.0,-0.01559999999999988,0.0,17.0,False,"(6, 3)",,"(2, 1)","soup('onion', 3, 20)","(2, 0):dish;(6, 0):dish","(3, 0):empty;(4, 0):empty"
327,1,"(0, 1)","(6, 3)","(0, 1)",,"(2, 1)","(-1, 0)","soup('onion', 3, 20)","(2, 0):dish;(6, 0):dish","(3, 0):empty;(4, 0):empty",0.0,17.0,5,interact,-0.01559999999999988,0.0,0.0,-0.01559999999999988,0.0,17.0,False,"(6, 3)",,"(2, 1)","soup('onion', 3, 20)","(2, 0):dish;(6, 0):dish","(3, 0):empty;(4, 0):empty"
328,1,"(0, 1)","(6, 3)","(0, 1)",,"(2, 1)","(-1, 0)","soup('onion', 3, 20)","(2, 0):dish;(6, 0):dish","(3, 0):empty;(4, 0):empty",0.0,17.0,5,interact,-0.01559999999999988,0.0,0.0,-0.01559999999999988,0.0,17.0,False,"(6, 3)",,"(2, 1)","soup('onion', 3, 20)","(2, 0):dish;(6, 0):dish","(3, 0):empty;(4, 0):empty"
329,1,"(0, 1)","(6, 3)","(0, 1)",,"(2, 1)","(-1, 0)","soup('onion', 3, 20)","(2, 0):dish;(6, 0):dish","(3, 0):empty;(4, 0):empty",0.0,17.0,5,interact,-0.01559999999999988,0.0,0.0,-0.01559999999999988,0.0,17.0,False,"(6, 3)",,"(2, 1)","soup('onion', 3, 20)","(2, 0):dish;(6, 0):dish","(3, 0):empty;(4, 0):empty"
330,1,"(0, 1)","(6, 3)","(0, 1)",,"(2, 1)","(-1, 0)","soup('onion', 3, 20)","(2, 0):dish;(6, 0):dish","(3, 0):empty;(4, 0):empty",0.0,17.0,5,interact,-0.01559999999999988,0.0,0.0,-0.01559999999999988,0.0,17.0,False,"(6, 3)",,"(2, 1)","soup('onion', 3, 20)","(2, 0):dish;(6, 0):dish","(3, 0):empty;(4, 0):empty"
331,1,"(0, 1)","(6, 3)","(0, 1)",,"(2, 1)","(-1, 0)","soup('onion', 3, 20)","(2, 0):dish;(6, 0):dish","(3, 0):empty;(4, 0):empty",0.0,17.0,5,interact,-0.01559999999999988,0.0,0.0,-0.01559999999999988,0.0,17.0,False,"(6, 3)",,"(2, 1)","soup('onion', 3, 20)","(2, 0):dish;(6, 0):dish","(3, 0):empty;(4, 0):empty"
332,1,"(0, 1)","(6, 3)","(0, 1)",,"(2, 1)","(-1, 0)","soup('onion', 3, 20)","(2, 0):dish;(6, 0):dish","(3, 0):empty;(4, 0):empty",0.0,17.0,5,interact,-0.01559999999999988,0.0,0.0,-0.01559999999999988,0.0,17.0,False,"(6, 3)",,"(2, 1)","soup('onion', 3, 20)","(2, 0):dish;(6, 0):dish","(3, 0):empty;(4, 0):empty"
333,1,"(0, 1)","(6, 3)","(0, 1)",,"(2, 1)","(-1, 0)","soup('onion', 3, 20)","(2, 0):dish;(6, 0):dish","(3, 0):empty;(4, 0):empty",0.0,17.0,5,interact,-0.01559999999999988,0.0,0.0,-0.01559999999999988,0.0,17.0,False,"(6, 3)",,"(2, 1)","soup('onion', 3, 20)","(2, 0):dish;(6, 0):dish","(3, 0):empty;(4, 0):empty"
334,1,"(0, 1)","(6, 3)","(0, 1)",,"(2, 1)","(-1, 0)","soup('onion', 3, 20)","(2, 0):dish;(6, 0):dish","(3, 0):empty;(4, 0):empty",0.0,17.0,5,interact,-0.01559999999999988,0.0,0.0,-0.01559999999999988,0.0,17.0,False,"(6, 3)",,"(2, 1)","soup('onion', 3, 20)","(2, 0):dish;(6, 0):dish","(3, 0):empty;(4, 0):empty"
335,1,"(0, 1)","(6, 3)","(0, 1)",,"(2, 1)","(-1, 0)","soup('onion', 3, 20)","(2, 0):dish;(6, 0):dish","(3, 0):empty;(4, 0):empty",0.0,17.0,5,interact,-0.01559999999999988,0.0,0.0,-0.01559999999999988,0.0,17.0,False,"(6, 3)",,"(2, 1)","soup('onion', 3, 20)","(2, 0):dish;(6, 0):dish","(3, 0):empty;(4, 0):empty"
336,1,"(0, 1)","(6, 3)","(0, 1)",,"(2, 1)","(-1, 0)","soup('onion', 3, 20)","(2, 0):dish;(6, 0):dish","(3, 0):empty;(4, 0):empty",0.0,17.0,5,interact,-0.01559999999999988,0.0,0.0,-0.01559999999999988,0.0,17.0,False,"(6, 3)",,"(2, 1)","soup('onion', 3, 20)","(2, 0):dish;(6, 0):dish","(3, 0):empty;(4, 0):empty"
337,1,"(0, 1)","(6, 3)","(0, 1)",,"(2, 1)","(-1, 0)","soup('onion', 3, 20)","(2, 0):dish;(6, 0):dish","(3, 0):empty;(4, 0):empty",0.0,17.0,5,interact,-0.01559999999999988,0.0,0.0,-0.01559999999999988,0.0,17.0,False,"(6, 3)",,"(2, 1)","soup('onion', 3, 20)","(2, 0):dish;(6, 0):dish","(3, 0):empty;(4, 0):empty"
338,1,"(0, 1)","(6, 3)","(0, 1)",,"(2, 1)","(-1, 0)","soup('onion', 3, 20)","(2, 0):dish;(6, 0):dish","(3, 0):empty;(4, 0):empty",0.0,17.0,5,interact,-0.01559999999999988,0.0,0.0,-0.01559999999999988,0.0,17.0,False,"(6, 3)",,"(2, 1)","soup('onion', 3, 20)","(2, 0):dish;(6, 0):dish","(3, 0):empty;(4, 0):empty"
339,1,"(0, 1)","(6, 3)","(0, 1)",,"(2, 1)","(-1, 0)","soup('onion', 3, 20)","(2, 0):dish;(6, 0):dish","(3, 0):empty;(4, 0):empty",0.0,17.0,5,interact,-0.01559999999999988,0.0,0.0,-0.01559999999999988,0.0,17.0,False,"(6, 3)",,"(2, 1)","soup('onion', 3, 20)","(2, 0):dish;(6, 0):dish","(3, 0):empty;(4, 0):empty"
340,1,"(0, 1)","(6, 3)","(0, 1)",,"(2, 1)","(-1, 0)","soup('onion', 3, 20)","(2, 0):dish;(6, 0):dish","(3, 0):empty;(4, 0):empty",0.0,17.0,5,interact,-0.01559999999999988,0.0,0.0,-0.01559999999999988,0.0,17.0,False,"(6, 3)",,"(2, 1)","soup('onion', 3, 20)","(2, 0):dish;(6, 0):dish","(3, 0):empty;(4, 0):empty"
341,1,"(0, 1)","(6, 3)","(0, 1)",,"(2, 1)","(-1, 0)","soup('onion', 3, 20)","(2, 0):dish;(6, 0):dish","(3, 0):empty;(4, 0):empty",0.0,17.0,5,interact,-0.01559999999999988,0.0,0.0,-0.01559999999999988,0.0,17.0,False,"(6, 3)",,"(2, 1)","soup('onion', 3, 20)","(2, 0):dish;(6, 0):dish","(3, 0):empty;(4, 0):empty"
342,1,"(0, 1)","(6, 3)","(0, 1)",,"(2, 1)","(-1, 0)","soup('onion', 3, 20)","(2, 0):dish;(6, 0):dish","(3, 0):empty;(4, 0):empty",0.0,17.0,5,interact,-0.01559999999999988,0.0,0.0,-0.01559999999999988,0.0,17.0,False,"(6, 3)",,"(2, 1)","soup('onion', 3, 20)","(2, 0):dish;(6, 0):dish","(3, 0):empty;(4, 0):empty"
343,1,"(0, 1)","(6, 3)","(0, 1)",,"(2, 1)","(-1, 0)","soup('onion', 3, 20)","(2, 0):dish;(6, 0):dish","(3, 0):empty;(4, 0):empty",0.0,17.0,5,interact,-0.01559999999999988,0.0,0.0,-0.01559999999999988,0.0,17.0,False,"(6, 3)",,"(2, 1)","soup('onion', 3, 20)","(2, 0):dish;(6, 0):dish","(3, 0):empty;(4, 0):empty"
344,1,"(0, 1)","(6, 3)","(0, 1)",,"(2, 1)","(-1, 0)","soup('onion', 3, 20)","(2, 0):dish;(6, 0):dish","(3, 0):empty;(4, 0):empty",0.0,17.0,5,interact,-0.01559999999999988,0.0,0.0,-0.01559999999999988,0.0,17.0,False,"(6, 3)",,"(2, 1)","soup('onion', 3, 20)","(2, 0):dish;(6, 0):dish","(3, 0):empty;(4, 0):empty"
345,1,"(0, 1)","(6, 3)","(0, 1)",,"(2, 1)","(-1, 0)","soup('onion', 3, 20)","(2, 0):dish;(6, 0):dish","(3, 0):empty;(4, 0):empty",0.0,17.0,5,interact,-0.01559999999999988,0.0,0.0,-0.01559999999999988,0.0,17.0,False,"(6, 3)",,"(2, 1)","soup('onion', 3, 20)","(2, 0):dish;(6, 0):dish","(3, 0):empty;(4, 0):empty"
346,1,"(0, 1)","(6, 3)","(0, 1)",,"(2, 1)","(-1, 0)","soup('onion', 3, 20)","(2, 0):dish;(6, 0):dish","(3, 0):empty;(4, 0):empty",0.0,17.0,5,interact,-0.01559999999999988,0.0,0.0,-0.01559999999999988,0.0,17.0,False,"(6, 3)",,"(2, 1)","soup('onion', 3, 20)","(2, 0):dish;(6, 0):dish","(3, 0):empty;(4, 0):empty"
347,1,"(0, 1)","(6, 3)","(0, 1)",,"(2, 1)","(-1, 0)","soup('onion', 3, 20)","(2, 0):dish;(6, 0):dish","(3, 0):empty;(4, 0):empty",0.0,17.0,5,interact,-0.01559999999999988,0.0,0.0,-0.01559999999999988,0.0,17.0,False,"(6, 3)",,"(2, 1)","soup('onion', 3, 20)","(2, 0):dish;(6, 0):dish","(3, 0):empty;(4, 0):empty"
348,1,"(0, 1)","(6, 3)","(0, 1)",,"(2, 1)","(-1, 0)","soup('onion', 3, 20)","(2, 0):dish;(6, 0):dish","(3, 0):empty;(4, 0):empty",0.0,17.0,5,interact,-0.01559999999999988,0.0,0.0,-0.01559999999999988,0.0,17.0,False,"(6, 3)",,"(2, 1)","soup('onion', 3, 20)","(2, 0):dish;(6, 0):dish","(3, 0):empty;(4, 0):empty"
349,1,"(0, 1)","(6, 3)","(0, 1)",,"(2, 1)","(-1, 0)","soup('onion', 3, 20)","(2, 0):dish;(6, 0):dish","(3, 0):empty;(4, 0):empty",0.0,17.0,5,interact,-0.01559999999999988,0.0,0.0,-0.01559999999999988,0.0,17.0,False,"(6, 3)",,"(2, 1)","soup('onion', 3, 20)","(2, 0):dish;(6, 0):dish","(3, 0):empty;(4, 0):empty"
350,1,"(0, 1)","(6, 3)","(0, 1)",,"(2, 1)","(-1, 0)","soup('onion', 3, 20)","(2, 0):dish;(6, 0):dish","(3, 0):empty;(4, 0):empty",0.0,17.0,5,interact,-0.01559999999999988,0.0,0.0,-0.01559999999999988,0.0,17.0,False,"(6, 3)",,"(2, 1)","soup('onion', 3, 20)","(2, 0):dish;(6, 0):dish","(3, 0):empty;(4, 0):empty"
351,1,"(0, 1)","(6, 3)","(0, 1)",,"(2, 1)","(-1, 0)","soup('onion', 3, 20)","(2, 0):dish;(6, 0):dish","(3, 0):empty;(4, 0):empty",0.0,17.0,5,interact,-0.01559999999999988,0.0,0.0,-0.01559999999999988,0.0,17.0,False,"(6, 3)",,"(2, 1)","soup('onion', 3, 20)","(2, 0):dish;(6, 0):dish","(3, 0):empty;(4, 0):empty"
352,1,"(0, 1)","(6, 3)","(0, 1)",,"(2, 1)","(-1, 0)","soup('onion', 3, 20)","(2, 0):dish;(6, 0):dish","(3, 0):empty;(4, 0):empty",0.0,17.0,5,interact,-0.01559999999999988,0.0,0.0,-0.01559999999999988,0.0,17.0,False,"(6, 3)",,"(2, 1)","soup('onion', 3, 20)","(2, 0):dish;(6, 0):dish","(3, 0):empty;(4, 0):empty"
353,1,"(0, 1)","(6, 3)","(0, 1)",,"(2, 1)","(-1, 0)","soup('onion', 3, 20)","(2, 0):dish;(6, 0):dish","(3, 0):empty;(4, 0):empty",0.0,17.0,5,interact,-0.01559999999999988,0.0,0.0,-0.01559999999999988,0.0,17.0,False,"(6, 3)",,"(2, 1)","soup('onion', 3, 20)","(2, 0):dish;(6, 0):dish","(3, 0):empty;(4, 0):empty"
354,1,"(0, 1)","(6, 3)","(0, 1)",,"(2, 1)","(-1, 0)","soup('onion', 3, 20)","(2, 0):dish;(6, 0):dish","(3, 0):empty;(4, 0):empty",0.0,17.0,5,interact,-0.01559999999999988,0.0,0.0,-0.01559999999999988,0.0,17.0,False,"(6, 3)",,"(2, 1)","soup('onion', 3, 20)","(2, 0):dish;(6, 0):dish","(3, 0):empty;(4, 0):empty"
355,1,"(0, 1)","(6, 3)","(0, 1)",,"(2, 1)","(-1, 0)","soup('onion', 3, 20)","(2, 0):dish;(6, 0):dish","(3, 0):empty;(4, 0):empty",0.0,17.0,5,interact,-0.01559999999999988,0.0,0.0,-0.01559999999999988,0.0,17.0,False,"(6, 3)",,"(2, 1)","soup('onion', 3, 20)","(2, 0):dish;(6, 0):dish","(3, 0):empty;(4, 0):empty"
356,1,"(0, 1)","(6, 3)","(0, 1)",,"(2, 1)","(-1, 0)","soup('onion', 3, 20)","(2, 0):dish;(6, 0):dish","(3, 0):empty;(4, 0):empty",0.0,17.0,5,interact,-0.01559999999999988,0.0,0.0,-0.01559999999999988,0.0,17.0,False,"(6, 3)",,"(2, 1)","soup('onion', 3, 20)","(2, 0):dish;(6, 0):dish","(3, 0):empty;(4, 0):empty"
357,1,"(0, 1)","(6, 3)","(0, 1)",,"(2, 1)","(-1, 0)","soup('onion', 3, 20)","(2, 0):dish;(6, 0):dish","(3, 0):empty;(4, 0):empty",0.0,17.0,5,interact,-0.01559999999999988,0.0,0.0,-0.01559999999999988,0.0,17.0,False,"(6, 3)",,"(2, 1)","soup('onion', 3, 20)","(2, 0):dish;(6, 0):dish","(3, 0):empty;(4, 0):empty"
358,1,"(0, 1)","(6, 3)","(0, 1)",,"(2, 1)","(-1, 0)","soup('onion', 3, 20)","(2, 0):dish;(6, 0):dish","(3, 0):empty;(4, 0):empty",0.0,17.0,5,interact,-0.01559999999999988,0.0,0.0,-0.01559999999999988,0.0,17.0,False,"(6, 3)",,"(2, 1)","soup('onion', 3, 20)","(2, 0):dish;(6, 0):dish","(3, 0):empty;(4, 0):empty"
359,1,"(0, 1)","(6, 3)","(0, 1)",,"(2, 1)","(-1, 0)","soup('onion', 3, 20)","(2, 0):dish;(6, 0):dish","(3, 0):empty;(4, 0):empty",0.0,17.0,5,interact,-0.01559999999999988,0.0,0.0,-0.01559999999999988,0.0,17.0,False,"(6, 3)",,"(2, 1)","soup('onion', 3, 20)","(2, 0):dish;(6, 0):dish","(3, 0):empty;(4, 0):empty"
360,1,"(0, 1)","(6, 3)","(0, 1)",,"(2, 1)","(-1, 0)","soup('onion', 3, 20)","(2, 0):dish;(6, 0):dish","(3, 0):empty;(4, 0):empty",0.0,17.0,5,interact,-0.01559999999999988,0.0,0.0,-0.01559999999999988,0.0,17.0,False,"(6, 3)",,"(2, 1)","soup('onion', 3, 20)","(2, 0):dish;(6, 0):dish","(3, 0):empty;(4, 0):empty"
361,1,"(0, 1)","(6, 3)","(0, 1)",,"(2, 1)","(-1, 0)","soup('onion', 3, 20)","(2, 0):dish;(6, 0):dish","(3, 0):empty;(4, 0):empty",0.0,17.0,5,interact,-0.01559999999999988,0.0,0.0,-0.01559999999999988,0.0,17.0,False,"(6, 3)",,"(2, 1)","soup('onion', 3, 20)","(2, 0):dish;(6, 0):dish","(3, 0):empty;(4, 0):empty"
362,1,"(0, 1)","(6, 3)","(0, 1)",,"(2, 1)","(-1, 0)","soup('onion', 3, 20)","(2, 0):dish;(6, 0):dish","(3, 0):empty;(4, 0):empty",0.0,17.0,5,interact,-0.01559999999999988,0.0,0.0,-0.01559999999999988,0.0,17.0,False,"(6, 3)",,"(2, 1)","soup('onion', 3, 20)","(2, 0):dish;(6, 0):dish","(3, 0):empty;(4, 0):empty"
363,1,"(0, 1)","(6, 3)","(0, 1)",,"(2, 1)","(-1, 0)","soup('onion', 3, 20)","(2, 0):dish;(6, 0):dish","(3, 0):empty;(4, 0):empty",0.0,17.0,5,interact,-0.01559999999999988,0.0,0.0,-0.01559999999999988,0.0,17.0,False,"(6, 3)",,"(2, 1)","soup('onion', 3, 20)","(2, 0):dish;(6, 0):dish","(3, 0):empty;(4, 0):empty"
364,1,"(0, 1)","(6, 3)","(0, 1)",,"(2, 1)","(-1, 0)","soup('onion', 3, 20)","(2, 0):dish;(6, 0):dish","(3, 0):empty;(4, 0):empty",0.0,17.0,5,interact,-0.01559999999999988,0.0,0.0,-0.01559999999999988,0.0,17.0,False,"(6, 3)",,"(2, 1)","soup('onion', 3, 20)","(2, 0):dish;(6, 0):dish","(3, 0):empty;(4, 0):empty"
365,1,"(0, 1)","(6, 3)","(0, 1)",,"(2, 1)","(-1, 0)","soup('onion', 3, 20)","(2, 0):dish;(6, 0):dish","(3, 0):empty;(4, 0):empty",0.0,17.0,5,interact,-0.01559999999999988,0.0,0.0,-0.01559999999999988,0.0,17.0,False,"(6, 3)",,"(2, 1)","soup('onion', 3, 20)","(2, 0):dish;(6, 0):dish","(3, 0):empty;(4, 0):empty"
366,1,"(0, 1)","(6, 3)","(0, 1)",,"(2, 1)","(-1, 0)","soup('onion', 3, 20)","(2, 0):dish;(6, 0):dish","(3, 0):empty;(4, 0):empty",0.0,17.0,5,interact,-0.01559999999999988,0.0,0.0,-0.01559999999999988,0.0,17.0,False,"(6, 3)",,"(2, 1)","soup('onion', 3, 20)","(2, 0):dish;(6, 0):dish","(3, 0):empty;(4, 0):empty"
367,1,"(0, 1)","(6, 3)","(0, 1)",,"(2, 1)","(-1, 0)","soup('onion', 3, 20)","(2, 0):dish;(6, 0):dish","(3, 0):empty;(4, 0):empty",0.0,17.0,5,interact,-0.01559999999999988,0.0,0.0,-0.01559999999999988,0.0,17.0,False,"(6, 3)",,"(2, 1)","soup('onion', 3, 20)","(2, 0):dish;(6, 0):dish","(3, 0):empty;(4, 0):empty"
368,1,"(0, 1)","(6, 3)","(0, 1)",,"(2, 1)","(-1, 0)","soup('onion', 3, 20)","(2, 0):dish;(6, 0):dish","(3, 0):empty;(4, 0):empty",0.0,17.0,5,interact,-0.01559999999999988,0.0,0.0,-0.01559999999999988,0.0,17.0,False,"(6, 3)",,"(2, 1)","soup('onion', 3, 20)","(2, 0):dish;(6, 0):dish","(3, 0):empty;(4, 0):empty"
369,1,"(0, 1)","(6, 3)","(0, 1)",,"(2, 1)","(-1, 0)","soup('onion', 3, 20)","(2, 0):dish;(6, 0):dish","(3, 0):empty;(4, 0):empty",0.0,17.0,5,interact,-0.01559999999999988,0.0,0.0,-0.01559999999999988,0.0,17.0,False,"(6, 3)",,"(2, 1)","soup('onion', 3, 20)","(2, 0):dish;(6, 0):dish","(3, 0):empty;(4, 0):empty"
370,1,"(0, 1)","(6, 3)","(0, 1)",,"(2, 1)","(-1, 0)","soup('onion', 3, 20)","(2, 0):dish;(6, 0):dish","(3, 0):empty;(4, 0):empty",0.0,17.0,5,interact,-0.01559999999999988,0.0,0.0,-0.01559999999999988,0.0,17.0,False,"(6, 3)",,"(2, 1)","soup('onion', 3, 20)","(2, 0):dish;(6, 0):dish","(3, 0):empty;(4, 0):empty"
371,1,"(0, 1)","(6, 3)","(0, 1)",,"(2, 1)","(-1, 0)","soup('onion', 3, 20)","(2, 0):dish;(6, 0):dish","(3, 0):empty;(4, 0):empty",0.0,17.0,5,interact,-0.01559999999999988,0.0,0.0,-0.01559999999999988,0.0,17.0,False,"(6, 3)",,"(2, 1)","soup('onion', 3, 20)","(2, 0):dish;(6, 0):dish","(3, 0):empty;(4, 0):empty"
372,1,"(0, 1)","(6, 3)","(0, 1)",,"(2, 1)","(-1, 0)","soup('onion', 3, 20)","(2, 0):dish;(6, 0):dish","(3, 0):empty;(4, 0):empty",0.0,17.0,5,interact,-0.01559999999999988,0.0,0.0,-0.01559999999999988,0.0,17.0,False,"(6, 3)",,"(2, 1)","soup('onion', 3, 20)","(2, 0):dish;(6, 0):dish","(3, 0):empty;(4, 0):empty"
373,1,"(0, 1)","(6, 3)","(0, 1)",,"(2, 1)","(-1, 0)","soup('onion', 3, 20)","(2, 0):dish;(6, 0):dish","(3, 0):empty;(4, 0):empty",0.0,17.0,5,interact,-0.01559999999999988,0.0,0.0,-0.01559999999999988,0.0,17.0,False,"(6, 3)",,"(2, 1)","soup('onion', 3, 20)","(2, 0):dish;(6, 0):dish","(3, 0):empty;(4, 0):empty"
374,1,"(0, 1)","(6, 3)","(0, 1)",,"(2, 1)","(-1, 0)","soup('onion', 3, 20)","(2, 0):dish;(6, 0):dish","(3, 0):empty;(4, 0):empty",0.0,17.0,5,interact,-0.01559999999999988,0.0,0.0,-0.01559999999999988,0.0,17.0,False,"(6, 3)",,"(2, 1)","soup('onion', 3, 20)","(2, 0):dish;(6, 0):dish","(3, 0):empty;(4, 0):empty"
375,1,"(0, 1)","(6, 3)","(0, 1)",,"(2, 1)","(-1, 0)","soup('onion', 3, 20)","(2, 0):dish;(6, 0):dish","(3, 0):empty;(4, 0):empty",0.0,17.0,5,interact,-0.01559999999999988,0.0,0.0,-0.01559999999999988,0.0,17.0,False,"(6, 3)",,"(2, 1)","soup('onion', 3, 20)","(2, 0):dish;(6, 0):dish","(3, 0):empty;(4, 0):empty"
376,1,"(0, 1)","(6, 3)","(0, 1)",,"(2, 1)","(-1, 0)","soup('onion', 3, 20)","(2, 0):dish;(6, 0):dish","(3, 0):empty;(4, 0):empty",0.0,17.0,5,interact,-0.01559999999999988,0.0,0.0,-0.01559999999999988,0.0,17.0,False,"(6, 3)",,"(2, 1)","soup('onion', 3, 20)","(2, 0):dish;(6, 0):dish","(3, 0):empty;(4, 0):empty"
377,1,"(0, 1)","(6, 3)","(0, 1)",,"(2, 1)","(-1, 0)","soup('onion', 3, 20)","(2, 0):dish;(6, 0):dish","(3, 0):empty;(4, 0):empty",0.0,17.0,5,interact,-0.01559999999999988,0.0,0.0,-0.01559999999999988,0.0,17.0,False,"(6, 3)",,"(2, 1)","soup('onion', 3, 20)","(2, 0):dish;(6, 0):dish","(3, 0):empty;(4, 0):empty"
378,1,"(0, 1)","(6, 3)","(0, 1)",,"(2, 1)","(-1, 0)","soup('onion', 3, 20)","(2, 0):dish;(6, 0):dish","(3, 0):empty;(4, 0):empty",0.0,17.0,5,interact,-0.01559999999999988,0.0,0.0,-0.01559999999999988,0.0,17.0,False,"(6, 3)",,"(2, 1)","soup('onion', 3, 20)","(2, 0):dish;(6, 0):dish","(3, 0):empty;(4, 0):empty"
379,1,"(0, 1)","(6, 3)","(0, 1)",,"(2, 1)","(-1, 0)","soup('onion', 3, 20)","(2, 0):dish;(6, 0):dish","(3, 0):empty;(4, 0):empty",0.0,17.0,5,interact,-0.01559999999999988,0.0,0.0,-0.01559999999999988,0.0,17.0,False,"(6, 3)",,"(2, 1)","soup('onion', 3, 20)","(2, 0):dish;(6, 0):dish","(3, 0):empty;(4, 0):empty"
380,1,"(0, 1)","(6, 3)","(0, 1)",,"(2, 1)","(-1, 0)","soup('onion', 3, 20)","(2, 0):dish;(6, 0):dish","(3, 0):empty;(4, 0):empty",0.0,17.0,5,interact,-0.01559999999999988,0.0,0.0,-0.01559999999999988,0.0,17.0,False,"(6, 3)",,"(2, 1)","soup('onion', 3, 20)","(2, 0):dish;(6, 0):dish","(3, 0):empty;(4, 0):empty"
381,1,"(0, 1)","(6, 3)","(0, 1)",,"(2, 1)","(-1, 0)","soup('onion', 3, 20)","(2, 0):dish;(6, 0):dish","(3, 0):empty;(4, 0):empty",0.0,17.0,5,interact,-0.01559999999999988,0.0,0.0,-0.01559999999999988,0.0,17.0,False,"(6, 3)",,"(2, 1)","soup('onion', 3, 20)","(2, 0):dish;(6, 0):dish","(3, 0):empty;(4, 0):empty"
382,1,"(0, 1)","(6, 3)","(0, 1)",,"(2, 1)","(-1, 0)","soup('onion', 3, 20)","(2, 0):dish;(6, 0):dish","(3, 0):empty;(4, 0):empty",0.0,17.0,5,interact,-0.01559999999999988,0.0,0.0,-0.01559999999999988,0.0,17.0,False,"(6, 3)",,"(2, 1)","soup('onion', 3, 20)","(2, 0):dish;(6, 0):dish","(3, 0):empty;(4, 0):empty"
383,1,"(0, 1)","(6, 3)","(0, 1)",,"(2, 1)","(-1, 0)","soup('onion', 3, 20)","(2, 0):dish;(6, 0):dish","(3, 0):empty;(4, 0):empty",0.0,17.0,5,interact,-0.01559999999999988,0.0,0.0,-0.01559999999999988,0.0,17.0,False,"(6, 3)",,"(2, 1)","soup('onion', 3, 20)","(2, 0):dish;(6, 0):dish","(3, 0):empty;(4, 0):empty"
384,1,"(0, 1)","(6, 3)","(0, 1)",,"(2, 1)","(-1, 0)","soup('onion', 3, 20)","(2, 0):dish;(6, 0):dish","(3, 0):empty;(4, 0):empty",0.0,17.0,5,interact,-0.01559999999999988,0.0,0.0,-0.01559999999999988,0.0,17.0,False,"(6, 3)",,"(2, 1)","soup('onion', 3, 20)","(2, 0):dish;(6, 0):dish","(3, 0):empty;(4, 0):empty"
385,1,"(0, 1)","(6, 3)","(0, 1)",,"(2, 1)","(-1, 0)","soup('onion', 3, 20)","(2, 0):dish;(6, 0):dish","(3, 0):empty;(4, 0):empty",0.0,17.0,5,interact,-0.01559999999999988,0.0,0.0,-0.01559999999999988,0.0,17.0,False,"(6, 3)",,"(2, 1)","soup('onion', 3, 20)","(2, 0):dish;(6, 0):dish","(3, 0):empty;(4, 0):empty"
386,1,"(0, 1)","(6, 3)","(0, 1)",,"(2, 1)","(-1, 0)","soup('onion', 3, 20)","(2, 0):dish;(6, 0):dish","(3, 0):empty;(4, 0):empty",0.0,17.0,5,interact,-0.01559999999999988,0.0,0.0,-0.01559999999999988,0.0,17.0,False,"(6, 3)",,"(2, 1)","soup('onion', 3, 20)","(2, 0):dish;(6, 0):dish","(3, 0):empty;(4, 0):empty"
387,1,"(0, 1)","(6, 3)","(0, 1)",,"(2, 1)","(-1, 0)","soup('onion', 3, 20)","(2, 0):dish;(6, 0):dish","(3, 0):empty;(4, 0):empty",0.0,17.0,5,interact,-0.01559999999999988,0.0,0.0,-0.01559999999999988,0.0,17.0,False,"(6, 3)",,"(2, 1)","soup('onion', 3, 20)","(2, 0):dish;(6, 0):dish","(3, 0):empty;(4, 0):empty"
388,1,"(0, 1)","(6, 3)","(0, 1)",,"(2, 1)","(-1, 0)","soup('onion', 3, 20)","(2, 0):dish;(6, 0):dish","(3, 0):empty;(4, 0):empty",0.0,17.0,5,interact,-0.01559999999999988,0.0,0.0,-0.01559999999999988,0.0,17.0,False,"(6, 3)",,"(2, 1)","soup('onion', 3, 20)","(2, 0):dish;(6, 0):dish","(3, 0):empty;(4, 0):empty"
389,1,"(0, 1)","(6, 3)","(0, 1)",,"(2, 1)","(-1, 0)","soup('onion', 3, 20)","(2, 0):dish;(6, 0):dish","(3, 0):empty;(4, 0):empty",0.0,17.0,5,interact,-0.01559999999999988,0.0,0.0,-0.01559999999999988,0.0,17.0,False,"(6, 3)",,"(2, 1)","soup('onion', 3, 20)","(2, 0):dish;(6, 0):dish","(3, 0):empty;(4, 0):empty"
390,1,"(0, 1)","(6, 3)","(0, 1)",,"(2, 1)","(-1, 0)","soup('onion', 3, 20)","(2, 0):dish;(6, 0):dish","(3, 0):empty;(4, 0):empty",0.0,17.0,5,interact,-0.01559999999999988,0.0,0.0,-0.01559999999999988,0.0,17.0,False,"(6, 3)",,"(2, 1)","soup('onion', 3, 20)","(2, 0):dish;(6, 0):dish","(3, 0):empty;(4, 0):empty"
391,1,"(0, 1)","(6, 3)","(0, 1)",,"(2, 1)","(-1, 0)","soup('onion', 3, 20)","(2, 0):dish;(6, 0):dish","(3, 0):empty;(4, 0):empty",0.0,17.0,5,interact,-0.01559999999999988,0.0,0.0,-0.01559999999999988,0.0,17.0,False,"(6, 3)",,"(2, 1)","soup('onion', 3, 20)","(2, 0):dish;(6, 0):dish","(3, 0):empty;(4, 0):empty"
392,1,"(0, 1)","(6, 3)","(0, 1)",,"(2, 1)","(-1, 0)","soup('onion', 3, 20)","(2, 0):dish;(6, 0):dish","(3, 0):empty;(4, 0):empty",0.0,17.0,5,interact,-0.01559999999999988,0.0,0.0,-0.01559999999999988,0.0,17.0,False,"(6, 3)",,"(2, 1)","soup('onion', 3, 20)","(2, 0):dish;(6, 0):dish","(3, 0):empty;(4, 0):empty"
393,1,"(0, 1)","(6, 3)","(0, 1)",,"(2, 1)","(-1, 0)","soup('onion', 3, 20)","(2, 0):dish;(6, 0):dish","(3, 0):empty;(4, 0):empty",0.0,17.0,5,interact,-0.01559999999999988,0.0,0.0,-0.01559999999999988,0.0,17.0,False,"(6, 3)",,"(2, 1)","soup('onion', 3, 20)","(2, 0):dish;(6, 0):dish","(3, 0):empty;(4, 0):empty"
394,1,"(0, 1)","(6, 3)","(0, 1)",,"(2, 1)","(-1, 0)","soup('onion', 3, 20)","(2, 0):dish;(6, 0):dish","(3, 0):empty;(4, 0):empty",0.0,17.0,5,interact,-0.01559999999999988,0.0,0.0,-0.01559999999999988,0.0,17.0,False,"(6, 3)",,"(2, 1)","soup('onion', 3, 20)","(2, 0):dish;(6, 0):dish","(3, 0):empty;(4, 0):empty"
395,1,"(0, 1)","(6, 3)","(0, 1)",,"(2, 1)","(-1, 0)","soup('onion', 3, 20)","(2, 0):dish;(6, 0):dish","(3, 0):empty;(4, 0):empty",0.0,17.0,5,interact,-0.01559999999999988,0.0,0.0,-0.01559999999999988,0.0,17.0,False,"(6, 3)",,"(2, 1)","soup('onion', 3, 20)","(2, 0):dish;(6, 0):dish","(3, 0):empty;(4, 0):empty"
396,1,"(0, 1)","(6, 3)","(0, 1)",,"(2, 1)","(-1, 0)","soup('onion', 3, 20)","(2, 0):dish;(6, 0):dish","(3, 0):empty;(4, 0):empty",0.0,17.0,5,interact,-0.01559999999999988,0.0,0.0,-0.01559999999999988,0.0,17.0,False,"(6, 3)",,"(2, 1)","soup('onion', 3, 20)","(2, 0):dish;(6, 0):dish","(3, 0):empty;(4, 0):empty"
397,1,"(0, 1)","(6, 3)","(0, 1)",,"(2, 1)","(-1, 0)","soup('onion', 3, 20)","(2, 0):dish;(6, 0):dish","(3, 0):empty;(4, 0):empty",0.0,17.0,5,interact,-0.01559999999999988,0.0,0.0,-0.01559999999999988,0.0,17.0,False,"(6, 3)",,"(2, 1)","soup('onion', 3, 20)","(2, 0):dish;(6, 0):dish","(3, 0):empty;(4, 0):empty"
398,1,"(0, 1)","(6, 3)","(0, 1)",,"(2, 1)","(-1, 0)","soup('onion', 3, 20)","(2, 0):dish;(6, 0):dish","(3, 0):empty;(4, 0):empty",0.0,17.0,5,interact,-0.01559999999999988,0.0,0.0,-0.01559999999999988,0.0,17.0,False,"(6, 3)",,"(2, 1)","soup('onion', 3, 20)","(2, 0):dish;(6, 0):dish","(3, 0):empty;(4, 0):empty"
399,1,"(0, 1)","(6, 3)","(0, 1)",,"(2, 1)","(-1, 0)","soup('onion', 3, 20)","(2, 0):dish;(6, 0):dish","(3, 0):empty;(4, 0):empty",0.0,17.0,5,interact,-0.01559999999999988,0.0,0.0,-0.01559999999999988,0.0,17.0,False,"(6, 3)",,"(2, 1)","soup('onion', 3, 20)","(2, 0):dish;(6, 0):dish","(3, 0):empty;(4, 0):empty"
