step,ego_action_idx,ego_action,p0_pos,p0_orient,p0_held,p1_pos,p1_orient,p1_held,objects_before,pots_before,cum_sparse_before,cum_shaped_before,partner_action_idx,partner_action,reward,sparse_reward,built_in_shaped_reward,custom_shaped_reward,cum_sparse_after,cum_shaped_after,delivery_event,p0_pos_after,p0_held_after,p1_pos_after,p1_held_after,objects_after,pots_after
0,1,"(0, 1)","(3, 1)","(0, -1)",,"(1, 2)","(0, -1)",,,"(3, 0):empty;(4, 1):empty",0.0,0.0,3,"(-1, 0)",0.0,0.0,0.0,0.0,0.0,0.0,False,"(3, 2)",,"(1, 2)",,,"(3, 0):empty;(4, 1):empty"
1,1,"(0, 1)","(3, 2)","(0, 1)",,"(1, 2)","(-1, 0)",,,"(3, 0):empty;(4, 1):empty",0.0,0.0,5,interact,0.0,0.0,0.0,0.0,0.0,0.0,False,"(3, 3)",,"(1, 2)",onion,,"(3, 0):empty;(4, 1):empty"
2,3,"(-1, 0)","(3, 3)","(0, 1)",,"(1, 2)","(-1, 0)",onion,,"(3, 0):empty;(4, 1):empty",0.0,0.0,1,"(0, 1)",0.0,0.0,0.0,0.0,0.0,0.0,False,"(3, 3)",,"(1, 3)",onion,,"(3, 0):empty;(4, 1):empty"
3,5,interact,"(3, 3)","(-1, 0)",,"(1, 3)","(0, 1)",onion,,"(3, 0):empty;(4, 1):empty",0.0,0.0,2,"(1, 0)",0.0,0.0,0.0,0.0,0.0,0.0,False,"(3, 3)",,"(1, 3)",onion,,"(3, 0):empty;(4, 1):empty"
4,5,interact,"(3, 3)","(-1, 0)",,"(1, 3)","(1, 0)",onion,,"(3, 0):empty;(4, 1):empty",0.0,0.0,5,interact,0.0,0.0,0.0,0.0,0.0,0.0,False,"(3, 3)",,"(1, 3)",,"(2, 3):onion","(3, 0):empty;(4, 1):empty"
5,5,interact,"(3, 3)","(-1, 0)",,"(1, 3)","(1, 0)",,"(2, 3):onion","(3, 0):empty;(4, 1):empty",0.0,0.0,0,"(0, -1)",0.0,0.0,0.0,0.0,0.0,0.0,False,"(3, 3)",onion,"(1, 2)",,,"(3, 0):empty;(4, 1):empty"
6,0,"(0, -1)","(3, 3)","(-1, 0)",onion,"(1, 2)","(0, -1)",,,"(3, 0):empty;(4, 1):empty",0.0,0.0,2,"(1, 0)",0.0,0.0,0.0,0.0,0.0,0.0,False,"(3, 2)",onion,"(1, 2)",,,"(3, 0):empty;(4, 1):empty"
7,0,"(0, -1)","(3, 2)","(0, -1)",onion,"(1, 2)","(1, 0)",,,"(3, 0):empty;(4, 1):empty",0.0,0.0,3,"(-1, 0)",0.0,0.0,0.0,0.0,0.0,0.0,False,"(3, 1)",onion,"(1, 2)",,,"(3, 0):empty;(4, 1):empty"
8,5,interact,"(3, 1)","(0, -1)",onion,"(1, 2)","(-1, 0)",,,"(3, 0):empty;(4, 1):empty",0.0,0.0,5,interact,3.0594,0.0,3.0,0.0594,0.0,3.0,False,"(3, 1)",,"(1, 2)",onion,"(3, 0):soup('onion', 1, 0)","(3, 0):soup('onion', 1, 0);(4, 1):empty"
9,1,"(0, 1)","(3, 1)","(0, -1)",,"(1, 2)","(-1, 0)",onion,"(3, 0):soup('onion', 1, 0)","(3, 0):soup('onion', 1, 0);(4, 1):empty",0.0,3.0,1,"(0, 1)",-0.0006000000000000006,0.0,0.0,-0.0006000000000000006,0.0,3.0,False,"(3, 2)",,"(1, 3)",onion,"(3, 0):soup('onion', 1, 0)","(3, 0):soup('onion', 1, 0);(4, 1):empty"
10,1,"(0, 1)","(3, 2)","(0, 1)",,"(1, 3)","(0, 1)",onion,"(3, 0):soup('onion', 1, 0)","(3, 0):soup('onion', 1, 0);(4, 1):empty",0.0,3.0,2,"(1, 0)",-0.0006000000000000006,0.0,0.0,-0.0006000000000000006,0.0,3.0,False,"(3, 3)",,"(1, 3)",onion,"(3, 0):soup('onion', 1, 0)","(3, 0):soup('onion', 1, 0);(4, 1):empty"
11,3,"(-1, 0)","(3, 3)","(0, 1)",,"(1, 3)","(1, 0)",onion,"(3, 0):soup('onion', 1, 0)","(3, 0):soup('onion', 1, 0);(4, 1):empty",0.0,3.0,5,interact,-0.0006000000000000006,0.0,0.0,-0.0006000000000000006,0.0,3.0,False,"(3, 3)",,"(1, 3)",,"(2, 3):onion;(3, 0):soup('onion', 1, 0)","(3, 0):soup('onion', 1, 0);(4, 1):empty"
12,5,interact,"(3, 3)","(-1, 0)",,"(1, 3)","(1, 0)",,"(2, 3):onion;(3, 0):soup('onion', 1, 0)","(3, 0):soup('onion', 1, 0);(4, 1):empty",0.0,3.0,0,"(0, -1)",-0.0006000000000000006,0.0,0.0,-0.0006000000000000006,0.0,3.0,False,"(3, 3)",onion,"(1, 2)",,"(3, 0):soup('onion', 1, 0)","(3, 0):soup('onion', 1, 0);(4, 1):empty"
13,0,"(0, -1)","(3, 3)","(-1, 0)",onion,"(1, 2)","(0, -1)",,"(3, 0):soup('onion', 1, 0)","(3, 0):soup('onion', 1, 0);(4, 1):empty",0.0,3.0,2,"(1, 0)",-0.0006000000000000006,0.0,0.0,-0.0006000000000000006,0.0,3.0,False,"(3, 2)",onion,"(1, 2)",,"(3, 0):soup('onion', 1, 0)","(3, 0):soup('onion', 1, 0);(4, 1):empty"
14,0,"(0, -1)","(3, 2)","(0, -1)",onion,"(1, 2)","(1, 0)",,"(3, 0):soup('onion', 1, 0)","(3, 0):soup('onion', 1, 0);(4, 1):empty",0.0,3.0,3,"(-1, 0)",-0.0006000000000000006,0.0,0.0,-0.0006000000000000006,0.0,3.0,False,"(3, 1)",onion,"(1, 2)",,"(3, 0):soup('onion', 1, 0)","(3, 0):soup('onion', 1, 0);(4, 1):empty"
15,5,interact,"(3, 1)","(0, -1)",onion,"(1, 2)","(-1, 0)",,"(3, 0):soup('onion', 1, 0)","(3, 0):soup('onion', 1, 0);(4, 1):empty",0.0,3.0,5,interact,3.0588,0.0,3.0,0.0588,0.0,6.0,False,"(3, 1)",,"(1, 2)",onion,"(3, 0):soup('onion', 2, 0)","(3, 0):soup('onion', 2, 0);(4, 1):empty"
16,1,"(0, 1)","(3, 1)","(0, -1)",,"(1, 2)","(-1, 0)",onion,"(3, 0):soup('onion', 2, 0)","(3, 0):soup('onion', 2, 0);(4, 1):empty",0.0,6.0,1,"(0, 1)",-0.0012000000000000012,0.0,0.0,-0.0012000000000000012,0.0,6.0,False,"(3, 2)",,"(1, 3)",onion,"(3, 0):soup('onion', 2, 0)","(3, 0):soup('onion', 2, 0);(4, 1):empty"
17,1,"(0, 1)","(3, 2)","(0, 1)",,"(1, 3)","(0, 1)",onion,"(3, 0):soup('onion', 2, 0)","(3, 0):soup('onion', 2, 0);(4, 1):empty",0.0,6.0,2,"(1, 0)",-0.0012000000000000012,0.0,0.0,-0.0012000000000000012,0.0,6.0,False,"(3, 3)",,"(1, 3)",onion,"(3, 0):soup('onion', 2, 0)","(3, 0):soup('onion', 2, 0);(4, 1):empty"
18,3,"(-1, 0)","(3, 3)","(0, 1)",,"(1, 3)","(1, 0)",onion,"(3, 0):soup('onion', 2, 0)","(3, 0):soup('onion', 2, 0);(4, 1):empty",0.0,6.0,5,interact,-0.0012000000000000012,0.0,0.0,-0.0012000000000000012,0.0,6.0,False,"(3, 3)",,"(1, 3)",,"(2, 3):onion;(3, 0):soup('onion', 2, 0)","(3, 0):soup('onion', 2, 0);(4, 1):empty"
19,5,interact,"(3, 3)","(-1, 0)",,"(1, 3)","(1, 0)",,"(2, 3):onion;(3, 0):soup('onion', 2, 0)","(3, 0):soup('onion', 2, 0);(4, 1):empty",0.0,6.0,0,"(0, -1)",-0.0012000000000000012,0.0,0.0,-0.0012000000000000012,0.0,6.0,False,"(3, 3)",onion,"(1, 2)",,"(3, 0):soup('onion', 2, 0)","(3, 0):soup('onion', 2, 0);(4, 1):empty"
20,0,"(0, -1)","(3, 3)","(-1, 0)",onion,"(1, 2)","(0, -1)",,"(3, 0):soup('onion', 2, 0)","(3, 0):soup('onion', 2, 0);(4, 1):empty",0.0,6.0,2,"(1, 0)",-0.0012000000000000012,0.0,0.0,-0.0012000000000000012,0.0,6.0,False,"(3, 2)",onion,"(1, 2)",,"(3, 0):soup('onion', 2, 0)","(3, 0):soup('onion', 2, 0);(4, 1):empty"
21,0,"(0, -1)","(3, 2)","(0, -1)",onion,"(1, 2)","(1, 0)",,"(3, 0):soup('onion', 2, 0)","(3, 0):soup('onion', 2, 0);(4, 1):empty",0.0,6.0,3,"(-1, 0)",-0.0012000000000000012,0.0,0.0,-0.0012000000000000012,0.0,6.0,False,"(3, 1)",onion,"(1, 2)",,"(3, 0):soup('onion', 2, 0)","(3, 0):soup('onion', 2, 0);(4, 1):empty"
22,5,interact,"(3, 1)","(0, -1)",onion,"(1, 2)","(-1, 0)",,"(3, 0):soup('onion', 2, 0)","(3, 0):soup('onion', 2, 0);(4, 1):empty",0.0,6.0,5,interact,3.078,0.0,3.0,0.07800000000000001,0.0,9.0,False,"(3, 1)",,"(1, 2)",onion,"(3, 0):soup('onion', 3, 1)","(3, 0):soup('onion', 3, 1);(4, 1):empty"
23,1,"(0, 1)","(3, 1)","(0, -1)",,"(1, 2)","(-1, 0)",onion,"(3, 0):soup('onion', 3, 1)","(3, 0):soup('onion', 3, 1);(4, 1):empty",0.0,9.0,1,"(0, 1)",-0.0020000000000000018,0.0,0.0,-0.0020000000000000018,0.0,9.0,False,"(3, 2)",,"(1, 3)",onion,"(3, 0):soup('onion', 3, 2)","(3, 0):soup('onion', 3, 2);(4, 1):empty"
24,3,"(-1, 0)","(3, 2)","(0, 1)",,"(1, 3)","(0, 1)",onion,"(3, 0):soup('onion', 3, 2)","(3, 0):soup('onion', 3, 2);(4, 1):empty",0.0,9.0,2,"(1, 0)",-0.0020000000000000018,0.0,0.0,-0.0020000000000000018,0.0,9.0,False,"(3, 2)",,"(1, 3)",onion,"(3, 0):soup('onion', 3, 3)","(3, 0):soup('onion', 3, 3);(4, 1):empty"
25,5,interact,"(3, 2)","(-1, 0)",,"(1, 3)","(1, 0)",onion,"(3, 0):soup('onion', 3, 3)","(3, 0):soup('onion', 3, 3);(4, 1):empty",0.0,9.0,5,interact,-0.0020000000000000018,0.0,0.0,-0.0020000000000000018,0.0,9.0,False,"(3, 2)",,"(1, 3)",,"(2, 3):onion;(3, 0):soup('onion', 3, 4)","(3, 0):soup('onion', 3, 4);(4, 1):empty"
26,5,interact,"(3, 2)","(-1, 0)",,"(1, 3)","(1, 0)",,"(2, 3):onion;(3, 0):soup('onion', 3, 4)","(3, 0):soup('onion', 3, 4);(4, 1):empty",0.0,9.0,3,"(-1, 0)",-0.0020000000000000018,0.0,0.0,-0.0020000000000000018,0.0,9.0,False,"(3, 2)",,"(1, 3)",,"(2, 3):onion;(3, 0):soup('onion', 3, 5)","(3, 0):soup('onion', 3, 5);(4, 1):empty"
27,5,interact,"(3, 2)","(-1, 0)",,"(1, 3)","(-1, 0)",,"(2, 3):onion;(3, 0):soup('onion', 3, 5)","(3, 0):soup('onion', 3, 5);(4, 1):empty",0.0,9.0,5,interact,2.998,0.0,3.0,-0.0020000000000000018,0.0,12.0,False,"(3, 2)",,"(1, 3)",dish,"(2, 3):onion;(3, 0):soup('onion', 3, 6)","(3, 0):soup('onion', 3, 6);(4, 1):empty"
28,5,interact,"(3, 2)","(-1, 0)",,"(1, 3)","(-1, 0)",dish,"(2, 3):onion;(3, 0):soup('onion', 3, 6)","(3, 0):soup('onion', 3, 6);(4, 1):empty",0.0,12.0,0,"(0, -1)",-0.0020000000000000018,0.0,0.0,-0.0020000000000000018,0.0,12.0,False,"(3, 2)",,"(1, 2)",dish,"(2, 3):onion;(3, 0):soup('onion', 3, 7)","(3, 0):soup('onion', 3, 7);(4, 1):empty"
29,5,interact,"(3, 2)","(-1, 0)",,"(1, 2)","(0, -1)",dish,"(2, 3):onion;(3, 0):soup('onion', 3, 7)","(3, 0):soup('onion', 3, 7);(4, 1):empty",0.0,12.0,2,"(1, 0)",-0.0020000000000000018,0.0,0.0,-0.0020000000000000018,0.0,12.0,False,"(3, 2)",,"(1, 2)",dish,"(2, 3):onion;(3, 0):soup('onion', 3, 8)","(3, 0):soup('onion', 3, 8);(4, 1):empty"
30,5,interact,"(3, 2)","(-1, 0)",,"(1, 2)","(1, 0)",dish,"(2, 3):onion;(3, 0):soup('onion', 3, 8)","(3, 0):soup('onion', 3, 8);(4, 1):empty",0.0,12.0,5,interact,-0.0020000000000000018,0.0,0.0,-0.0020000000000000018,0.0,12.0,False,"(3, 2)",,"(1, 2)",,"(2, 2):dish;(2, 3):onion;(3, 0):soup('onion', 3, 9)","(3, 0):soup('onion', 3, 9);(4, 1):empty"
31,5,interact,"(3, 2)","(-1, 0)",,"(1, 2)","(1, 0)",,"(2, 2):dish;(2, 3):onion;(3, 0):soup('onion', 3, 9)","(3, 0):soup('onion', 3, 9);(4, 1):empty",0.0,12.0,3,"(-1, 0)",-0.0020000000000000018,0.0,0.0,-0.0020000000000000018,0.0,12.0,False,"(3, 2)",dish,"(1, 2)",,"(2, 3):onion;(3, 0):soup('onion', 3, 10)","(3, 0):soup('onion', 3, 10);(4, 1):empty"
32,0,"(0, -1)","(3, 2)","(-1, 0)",dish,"(1, 2)","(-1, 0)",,"(2, 3):onion;(3, 0):soup('onion', 3, 10)","(3, 0):soup('onion', 3, 10);(4, 1):empty",0.0,12.0,5,interact,-0.0020000000000000018,0.0,0.0,-0.0020000000000000018,0.0,12.0,False,"(3, 1)",dish,"(1, 2)",onion,"(2, 3):onion;(3, 0):soup('onion', 3, 11)","(3, 0):soup('onion', 3, 11);(4, 1):empty"
33,5,interact,"(3, 1)","(0, -1)",dish,"(1, 2)","(-1, 0)",onion,"(2, 3):onion;(3, 0):soup('onion', 3, 11)","(3, 0):soup('onion', 3, 11);(4, 1):empty",0.0,12.0,4,"(0, 0)",-0.0020000000000000018,0.0,0.0,-0.0020000000000000018,0.0,12.0,False,"(3, 1)",dish,"(1, 2)",onion,"(2, 3):onion;(3, 0):soup('onion', 3, 12)","(3, 0):soup('onion', 3, 12);(4, 1):empty"
34,5,interact,"(3, 1)","(0, -1)",dish,"(1, 2)","(-1, 0)",onion,"(2, 3):onion;(3, 0):soup('onion', 3, 12)","(3, 0):soup('onion', 3, 12);(4, 1):empty",0.0,12.0,4,"(0, 0)",-0.0020000000000000018,0.0,0.0,-0.0020000000000000018,0.0,12.0,False,"(3, 1)",dish,"(1, 2)",onion,"(2, 3):onion;(3, 0):soup('onion', 3, 13)","(3, 0):soup('onion', 3, 13);(4, 1):empty"
35,5,interact,"(3, 1)","(0, -1)",dish,"(1, 2)","(-1, 0)",onion,"(2, 3):onion;(3, 0):soup('onion', 3, 13)","(3, 0):soup('onion', 3, 13);(4, 1):empty",0.0,12.0,4,"(0, 0)",-0.0020000000000000018,0.0,0.0,-0.0020000000000000018,0.0,12.0,False,"(3, 1)",dish,"(1, 2)",onion,"(2, 3):onion;(3, 0):soup('onion', 3, 14)","(3, 0):soup('onion', 3, 14);(4, 1):empty"
36,5,interact,"(3, 1)","(0, -1)",dish,"(1, 2)","(-1, 0)",onion,"(2, 3):onion;(3, 0):soup('onion', 3, 14)","(3, 0):soup('onion', 3, 14);(4, 1):empty",0.0,12.0,4,"(0, 0)",-0.0020000000000000018,0.0,0.0,-0.0020000000000000018,0.0,12.0,False,"(3, 1)",dish,"(1, 2)",onion,"(2, 3):onion;(3, 0):soup('onion', 3, 15)","(3, 0):soup('onion', 3, 15);(4, 1):empty"
37,5,interact,"(3, 1)","(0, -1)",dish,"(1, 2)","(-1, 0)",onion,"(2, 3):onion;(3, 0):soup('onion', 3, 15)","(3, 0):soup('onion', 3, 15);(4, 1):empty",0.0,12.0,4,"(0, 0)",-0.0020000000000000018,0.0,0.0,-0.0020000000000000018,0.0,12.0,False,"(3, 1)",dish,"(1, 2)",onion,"(2, 3):onion;(3, 0):soup('onion', 3, 16)","(3, 0):soup('onion', 3, 16);(4, 1):empty"
38,5,interact,"(3, 1)","(0, -1)",dish,"(1, 2)","(-1, 0)",onion,"(2, 3):onion;(3, 0):soup('onion', 3, 16)","(3, 0):soup('onion', 3, 16);(4, 1):empty",0.0,12.0,4,"(0, 0)",-0.0020000000000000018,0.0,0.0,-0.0020000000000000018,0.0,12.0,False,"(3, 1)",dish,"(1, 2)",onion,"(2, 3):onion;(3, 0):soup('onion', 3, 17)","(3, 0):soup('onion', 3, 17);(4, 1):empty"
39,5,interact,"(3, 1)","(0, -1)",dish,"(1, 2)","(-1, 0)",onion,"(2, 3):onion;(3, 0):soup('onion', 3, 17)","(3, 0):soup('onion', 3, 17);(4, 1):empty",0.0,12.0,4,"(0, 0)",-0.0020000000000000018,0.0,0.0,-0.0020000000000000018,0.0,12.0,False,"(3, 1)",dish,"(1, 2)",onion,"(2, 3):onion;(3, 0):soup('onion', 3, 18)","(3, 0):soup('onion', 3, 18);(4, 1):empty"
40,5,interact,"(3, 1)","(0, -1)",dish,"(1, 2)","(-1, 0)",onion,"(2, 3):onion;(3, 0):soup('onion', 3, 18)","(3, 0):soup('onion', 3, 18);(4, 1):empty",0.0,12.0,4,"(0, 0)",-0.0020000000000000018,0.0,0.0,-0.0020000000000000018,0.0,12.0,False,"(3, 1)",dish,"(1, 2)",onion,"(2, 3):onion;(3, 0):soup('onion', 3, 19)","(3, 0):soup('onion', 3, 19);(4, 1):empty"
41,5,interact,"(3, 1)","(0, -1)",dish,"(1, 2)","(-1, 0)",onion,"(2, 3):onion;(3, 0):soup('onion', 3, 19)","(3, 0):soup('onion', 3, 19);(4, 1):empty",0.0,12.0,4,"(0, 0)",0.09699999999999998,0.0,0.0,0.09699999999999998,0.0,12.0,False,"(3, 1)",dish,"(1, 2)",onion,"(2, 3):onion;(3, 0):soup('onion', 3, 20)","(3, 0):soup('onion', 3, 20);(4, 1):empty"
42,5,interact,"(3, 1)","(0, -1)",dish,"(1, 2)","(-1, 0)",onion,"(2, 3):onion;(3, 0):soup('onion', 3, 20)","(3, 0):soup('onion', 3, 20);(4, 1):empty",0.0,12.0,4,"(0, 0)",5.0663,0.0,5.0,0.06630000000000003,0.0,17.0,False,"(3, 1)","soup('onion', 3, 20)","(1, 2)",onion,"(2, 3):onion","(3, 0):empty;(4, 1):empty"
43,1,"(0, 1)","(3, 1)","(0, -1)","soup('onion', 3, 20)","(1, 2)","(-1, 0)",onion,"(2, 3):onion","(3, 0):empty;(4, 1):empty",0.0,17.0,4,"(0, 0)",0.006199999999999983,0.0,0.0,0.006199999999999983,0.0,17.0,False,"(3, 2)","soup('onion', 3, 20)","(1, 2)",onion,"(2, 3):onion","(3, 0):empty;(4, 1):empty"
44,1,"(0, 1)","(3, 2)","(0, 1)","soup('onion', 3, 20)","(1, 2)","(-1, 0)",onion,"(2, 3):onion","(3, 0):empty;(4, 1):empty",0.0,17.0,1,"(0, 1)",0.006099999999999994,0.0,0.0,0.006099999999999994,0.0,17.0,False,"(3, 3)","soup('onion', 3, 20)","(1, 3)",onion,"(2, 3):onion","(3, 0):empty;(4, 1):empty"
45,5,interact,"(3, 3)","(0, 1)","soup('onion', 3, 20)","(1, 3)","(0, 1)",onion,"(2, 3):onion","(3, 0):empty;(4, 1):empty",0.0,17.0,2,"(1, 0)",19.61,20.0,0.0,-0.39,20.0,17.0,True,"(3, 3)",,"(1, 3)",onion,"(2, 3):onion","(3, 0):empty;(4, 1):empty"
46,3,"(-1, 0)","(3, 3)","(0, 1)",,"(1, 3)","(1, 0)",onion,"(2, 3):onion","(3, 0):empty;(4, 1):empty",20.0,17.0,5,interact,0.0,0.0,0.0,0.0,20.0,17.0,False,"(3, 3)",,"(1, 3)",onion,"(2, 3):onion","(3, 0):empty;(4, 1):empty"
47,5,interact,"(3, 3)","(-1, 0)",,"(1, 3)","(1, 0)",onion,"(2, 3):onion","(3, 0):empty;(4, 1):empty",20.0,17.0,5,interact,0.0,0.0,0.0,0.0,20.0,17.0,False,"(3, 3)",onion,"(1, 3)",,"(2, 3):onion","(3, 0):empty;(4, 1):empty"
48,0,"(0, -1)","(3, 3)","(-1, 0)",onion,"(1, 3)","(1, 0)",,"(2, 3):onion","(3, 0):empty;(4, 1):empty",20.0,17.0,0,"(0, -1)",0.0,0.0,0.0,0.0,20.0,17.0,False,"(3, 2)",onion,"(1, 2)",,"(2, 3):onion","(3, 0):empty;(4, 1):empty"
49,0,"(0, -1)","(3, 2)","(0, -1)",onion,"(1, 2)","(0, -1)",,"(2, 3):onion","(3, 0):empty;(4, 1):empty",20.0,17.0,3,"(-1, 0)",0.0,0.0,0.0,0.0,20.0,17.0,False,"(3, 1)",onion,"(1, 2)",,"(2, 3):onion","(3, 0):empty;(4, 1):empty"
50,5,interact,"(3, 1)","(0, -1)",onion,"(1, 2)","(-1, 0)",,"(2, 3):onion","(3, 0):empty;(4, 1):empty",20.0,17.0,5,interact,3.0594,0.0,3.0,0.0594,20.0,20.0,False,"(3, 1)",,"(1, 2)",onion,"(2, 3):onion;(3, 0):soup('onion', 1, 0)","(3, 0):soup('onion', 1, 0);(4, 1):empty"
51,1,"(0, 1)","(3, 1)","(0, -1)",,"(1, 2)","(-1, 0)",onion,"(2, 3):onion;(3, 0):soup('onion', 1, 0)","(3, 0):soup('onion', 1, 0);(4, 1):empty",20.0,20.0,1,"(0, 1)",-0.0006000000000000006,0.0,0.0,-0.0006000000000000006,20.0,20.0,False,"(3, 2)",,"(1, 3)",onion,"(2, 3):onion;(3, 0):soup('onion', 1, 0)","(3, 0):soup('onion', 1, 0);(4, 1):empty"
52,1,"(0, 1)","(3, 2)","(0, 1)",,"(1, 3)","(0, 1)",onion,"(2, 3):onion;(3, 0):soup('onion', 1, 0)","(3, 0):soup('onion', 1, 0);(4, 1):empty",20.0,20.0,2,"(1, 0)",-0.0006000000000000006,0.0,0.0,-0.0006000000000000006,20.0,20.0,False,"(3, 3)",,"(1, 3)",onion,"(2, 3):onion;(3, 0):soup('onion', 1, 0)","(3, 0):soup('onion', 1, 0);(4, 1):empty"
53,3,"(-1, 0)","(3, 3)","(0, 1)",,"(1, 3)","(1, 0)",onion,"(2, 3):onion;(3, 0):soup('onion', 1, 0)","(3, 0):soup('onion', 1, 0);(4, 1):empty",20.0,20.0,5,interact,-0.0006000000000000006,0.0,0.0,-0.0006000000000000006,20.0,20.0,False,"(3, 3)",,"(1, 3)",onion,"(2, 3):onion;(3, 0):soup('onion', 1, 0)","(3, 0):soup('onion', 1, 0);(4, 1):empty"
54,5,interact,"(3, 3)","(-1, 0)",,"(1, 3)","(1, 0)",onion,"(2, 3):onion;(3, 0):soup('onion', 1, 0)","(3, 0):soup('onion', 1, 0);(4, 1):empty",20.0,20.0,5,interact,-0.0006000000000000006,0.0,0.0,-0.0006000000000000006,20.0,20.0,False,"(3, 3)",onion,"(1, 3)",,"(2, 3):onion;(3, 0):soup('onion', 1, 0)","(3, 0):soup('onion', 1, 0);(4, 1):empty"
55,0,"(0, -1)","(3, 3)","(-1, 0)",onion,"(1, 3)","(1, 0)",,"(2, 3):onion;(3, 0):soup('onion', 1, 0)","(3, 0):soup('onion', 1, 0);(4, 1):empty",20.0,20.0,0,"(0, -1)",-0.0006000000000000006,0.0,0.0,-0.0006000000000000006,20.0,20.0,False,"(3, 2)",onion,"(1, 2)",,"(2, 3):onion;(3, 0):soup('onion', 1, 0)","(3, 0):soup('onion', 1, 0);(4, 1):empty"
56,0,"(0, -1)","(3, 2)","(0, -1)",onion,"(1, 2)","(0, -1)",,"(2, 3):onion;(3, 0):soup('onion', 1, 0)","(3, 0):soup('onion', 1, 0);(4, 1):empty",20.0,20.0,1,"(0, 1)",-0.0006000000000000006,0.0,0.0,-0.0006000000000000006,20.0,20.0,False,"(3, 1)",onion,"(1, 3)",,"(2, 3):onion;(3, 0):soup('onion', 1, 0)","(3, 0):soup('onion', 1, 0);(4, 1):empty"
57,5,interact,"(3, 1)","(0, -1)",onion,"(1, 3)","(0, 1)",,"(2, 3):onion;(3, 0):soup('onion', 1, 0)","(3, 0):soup('onion', 1, 0);(4, 1):empty",20.0,20.0,0,"(0, -1)",3.0588,0.0,3.0,0.0588,20.0,23.0,False,"(3, 1)",,"(1, 2)",,"(2, 3):onion;(3, 0):soup('onion', 2, 0)","(3, 0):soup('onion', 2, 0);(4, 1):empty"
58,1,"(0, 1)","(3, 1)","(0, -1)",,"(1, 2)","(0, -1)",,"(2, 3):onion;(3, 0):soup('onion', 2, 0)","(3, 0):soup('onion', 2, 0);(4, 1):empty",20.0,23.0,2,"(1, 0)",-0.0012000000000000012,0.0,0.0,-0.0012000000000000012,20.0,23.0,False,"(3, 2)",,"(1, 2)",,"(2, 3):onion;(3, 0):soup('onion', 2, 0)","(3, 0):soup('onion', 2, 0);(4, 1):empty"
59,1,"(0, 1)","(3, 2)","(0, 1)",,"(1, 2)","(1, 0)",,"(2, 3):onion;(3, 0):soup('onion', 2, 0)","(3, 0):soup('onion', 2, 0);(4, 1):empty",20.0,23.0,3,"(-1, 0)",-0.0012000000000000012,0.0,0.0,-0.0012000000000000012,20.0,23.0,False,"(3, 3)",,"(1, 2)",,"(2, 3):onion;(3, 0):soup('onion', 2, 0)","(3, 0):soup('onion', 2, 0);(4, 1):empty"
60,3,"(-1, 0)","(3, 3)","(0, 1)",,"(1, 2)","(-1, 0)",,"(2, 3):onion;(3, 0):soup('onion', 2, 0)","(3, 0):soup('onion', 2, 0);(4, 1):empty",20.0,23.0,5,interact,-0.0012000000000000012,0.0,0.0,-0.0012000000000000012,20.0,23.0,False,"(3, 3)",,"(1, 2)",onion,"(2, 3):onion;(3, 0):soup('onion', 2, 0)","(3, 0):soup('onion', 2, 0);(4, 1):empty"
61,5,interact,"(3, 3)","(-1, 0)",,"(1, 2)","(-1, 0)",onion,"(2, 3):onion;(3, 0):soup('onion', 2, 0)","(3, 0):soup('onion', 2, 0);(4, 1):empty",20.0,23.0,1,"(0, 1)",-0.0012000000000000012,0.0,0.0,-0.0012000000000000012,20.0,23.0,False,"(3, 3)",onion,"(1, 3)",onion,"(3, 0):soup('onion', 2, 0)","(3, 0):soup('onion', 2, 0);(4, 1):empty"
62,0,"(0, -1)","(3, 3)","(-1, 0)",onion,"(1, 3)","(0, 1)",onion,"(3, 0):soup('onion', 2, 0)","(3, 0):soup('onion', 2, 0);(4, 1):empty",20.0,23.0,2,"(1, 0)",-0.0012000000000000012,0.0,0.0,-0.0012000000000000012,20.0,23.0,False,"(3, 2)",onion,"(1, 3)",onion,"(3, 0):soup('onion', 2, 0)","(3, 0):soup('onion', 2, 0);(4, 1):empty"
63,0,"(0, -1)","(3, 2)","(0, -1)",onion,"(1, 3)","(1, 0)",onion,"(3, 0):soup('onion', 2, 0)","(3, 0):soup('onion', 2, 0);(4, 1):empty",20.0,23.0,1,"(0, 1)",-0.0012000000000000012,0.0,0.0,-0.0012000000000000012,20.0,23.0,False,"(3, 1)",onion,"(1, 3)",onion,"(3, 0):soup('onion', 2, 0)","(3, 0):soup('onion', 2, 0);(4, 1):empty"
64,5,interact,"(3, 1)","(0, -1)",onion,"(1, 3)","(0, 1)",onion,"(3, 0):soup('onion', 2, 0)","(3, 0):soup('onion', 2, 0);(4, 1):empty",20.0,23.0,2,"(1, 0)",3.078,0.0,3.0,0.07800000000000001,20.0,26.0,False,"(3, 1)",,"(1, 3)",onion,"(3, 0):soup('onion', 3, 1)","(3, 0):soup('onion', 3, 1);(4, 1):empty"
65,1,"(0, 1)","(3, 1)","(0, -1)",,"(1, 3)","(1, 0)",onion,"(3, 0):soup('onion', 3, 1)","(3, 0):soup('onion', 3, 1);(4, 1):empty",20.0,26.0,4,"(0, 0)",-0.0020000000000000018,0.0,0.0,-0.0020000000000000018,20.0,26.0,False,"(3, 2)",,"(1, 3)",onion,"(3, 0):soup('onion', 3, 2)","(3, 0):soup('onion', 3, 2);(4, 1):empty"
66,3,"(-1, 0)","(3, 2)","(0, 1)",,"(1, 3)","(1, 0)",onion,"(3, 0):soup('onion', 3, 2)","(3, 0):soup('onion', 3, 2);(4, 1):empty",20.0,26.0,5,interact,-0.0020000000000000018,0.0,0.0,-0.0020000000000000018,20.0,26.0,False,"(3, 2)",,"(1, 3)",,"(2, 3):onion;(3, 0):soup('onion', 3, 3)","(3, 0):soup('onion', 3, 3);(4, 1):empty"
67,5,interact,"(3, 2)","(-1, 0)",,"(1, 3)","(1, 0)",,"(2, 3):onion;(3, 0):soup('onion', 3, 3)","(3, 0):soup('onion', 3, 3);(4, 1):empty",20.0,26.0,3,"(-1, 0)",-0.0020000000000000018,0.0,0.0,-0.0020000000000000018,20.0,26.0,False,"(3, 2)",,"(1, 3)",,"(2, 3):onion;(3, 0):soup('onion', 3, 4)","(3, 0):soup('onion', 3, 4);(4, 1):empty"
68,5,interact,"(3, 2)","(-1, 0)",,"(1, 3)","(-1, 0)",,"(2, 3):onion;(3, 0):soup('onion', 3, 4)","(3, 0):soup('onion', 3, 4);(4, 1):empty",20.0,26.0,5,interact,2.998,0.0,3.0,-0.0020000000000000018,20.0,29.0,False,"(3, 2)",,"(1, 3)",dish,"(2, 3):onion;(3, 0):soup('onion', 3, 5)","(3, 0):soup('onion', 3, 5);(4, 1):empty"
69,5,interact,"(3, 2)","(-1, 0)",,"(1, 3)","(-1, 0)",dish,"(2, 3):onion;(3, 0):soup('onion', 3, 5)","(3, 0):soup('onion', 3, 5);(4, 1):empty",20.0,29.0,0,"(0, -1)",-0.0020000000000000018,0.0,0.0,-0.0020000000000000018,20.0,29.0,False,"(3, 2)",,"(1, 2)",dish,"(2, 3):onion;(3, 0):soup('onion', 3, 6)","(3, 0):soup('onion', 3, 6);(4, 1):empty"
70,5,interact,"(3, 2)","(-1, 0)",,"(1, 2)","(0, -1)",dish,"(2, 3):onion;(3, 0):soup('onion', 3, 6)","(3, 0):soup('onion', 3, 6);(4, 1):empty",20.0,29.0,2,"(1, 0)",-0.0020000000000000018,0.0,0.0,-0.0020000000000000018,20.0,29.0,False,"(3, 2)",,"(1, 2)",dish,"(2, 3):onion;(3, 0):soup('onion', 3, 7)","(3, 0):soup('onion', 3, 7);(4, 1):empty"
71,5,interact,"(3, 2)","(-1, 0)",,"(1, 2)","(1, 0)",dish,"(2, 3):onion;(3, 0):soup('onion', 3, 7)","(3, 0):soup('onion', 3, 7);(4, 1):empty",20.0,29.0,5,interact,-0.0020000000000000018,0.0,0.0,-0.0020000000000000018,20.0,29.0,False,"(3, 2)",,"(1, 2)",,"(2, 2):dish;(2, 3):onion;(3, 0):soup('onion', 3, 8)","(3, 0):soup('onion', 3, 8);(4, 1):empty"
72,5,interact,"(3, 2)","(-1, 0)",,"(1, 2)","(1, 0)",,"(2, 2):dish;(2, 3):onion;(3, 0):soup('onion', 3, 8)","(3, 0):soup('onion', 3, 8);(4, 1):empty",20.0,29.0,3,"(-1, 0)",-0.0020000000000000018,0.0,0.0,-0.0020000000000000018,20.0,29.0,False,"(3, 2)",dish,"(1, 2)",,"(2, 3):onion;(3, 0):soup('onion', 3, 9)","(3, 0):soup('onion', 3, 9);(4, 1):empty"
73,0,"(0, -1)","(3, 2)","(-1, 0)",dish,"(1, 2)","(-1, 0)",,"(2, 3):onion;(3, 0):soup('onion', 3, 9)","(3, 0):soup('onion', 3, 9);(4, 1):empty",20.0,29.0,5,interact,-0.0020000000000000018,0.0,0.0,-0.0020000000000000018,20.0,29.0,False,"(3, 1)",dish,"(1, 2)",onion,"(2, 3):onion;(3, 0):soup('onion', 3, 10)","(3, 0):soup('onion', 3, 10);(4, 1):empty"
74,5,interact,"(3, 1)","(0, -1)",dish,"(1, 2)","(-1, 0)",onion,"(2, 3):onion;(3, 0):soup('onion', 3, 10)","(3, 0):soup('onion', 3, 10);(4, 1):empty",20.0,29.0,4,"(0, 0)",-0.0020000000000000018,0.0,0.0,-0.0020000000000000018,20.0,29.0,False,"(3, 1)",dish,"(1, 2)",onion,"(2, 3):onion;(3, 0):soup('onion', 3, 11)","(3, 0):soup('onion', 3, 11);(4, 1):empty"
75,5,interact,"(3, 1)","(0, -1)",dish,"(1, 2)","(-1, 0)",onion,"(2, 3):onion;(3, 0):soup('onion', 3, 11)","(3, 0):soup('onion', 3, 11);(4, 1):empty",20.0,29.0,4,"(0, 0)",-0.0020000000000000018,0.0,0.0,-0.0020000000000000018,20.0,29.0,False,"(3, 1)",dish,"(1, 2)",onion,"(2, 3):onion;(3, 0):soup('onion', 3, 12)","(3, 0):soup('onion', 3, 12);(4, 1):empty"
76,5,interact,"(3, 1)","(0, -1)",dish,"(1, 2)","(-1, 0)",onion,"(2, 3):onion;(3, 0):soup('onion', 3, 12)","(3, 0):soup('onion', 3, 12);(4, 1):empty",20.0,29.0,4,"(0, 0)",-0.0020000000000000018,0.0,0.0,-0.0020000000000000018,20.0,29.0,False,"(3, 1)",dish,"(1, 2)",onion,"(2, 3):onion;(3, 0):soup('onion', 3, 13)","(3, 0):soup('onion', 3, 13);(4, 1):empty"
77,5,interact,"(3, 1)","(0, -1)",dish,"(1, 2)","(-1, 0)",onion,"(2, 3):onion;(3, 0):soup('onion', 3, 13)","(3, 0):soup('onion', 3, 13);(4, 1):empty",20.0,29.0,4,"(0, 0)",-0.0020000000000000018,0.0,0.0,-0.0020000000000000018,20.0,29.0,False,"(3, 1)",dish,"(1, 2)",onion,"(2, 3):onion;(3, 0):soup('onion', 3, 14)","(3, 0):soup('onion', 3, 14);(4, 1):empty"
78,5,interact,"(3, 1)","(0, -1)",dish,"(1, 2)","(-1, 0)",onion,"(2, 3):onion;(3, 0):soup('onion', 3, 14)","(3, 0):soup('onion', 3, 14);(4, 1):empty",20.0,29.0,4,"(0, 0)",-0.0020000000000000018,0.0,0.0,-0.0020000000000000018,20.0,29.0,False,"(3, 1)",dish,"(1, 2)",onion,"(2, 3):onion;(3, 0):soup('onion', 3, 15)","(3, 0):soup('onion', 3, 15);(4, 1):empty"
79,5,interact,"(3, 1)","(0, -1)",dish,"(1, 2)","(-1, 0)",onion,"(2, 3):onion;(3, 0):soup('onion', 3, 15)","(3, 0):soup('onion', 3, 15);(4, 1):empty",20.0,29.0,4,"(0, 0)",-0.0020000000000000018,0.0,0.0,-0.0020000000000000018,20.0,29.0,False,"(3, 1)",dish,"(1, 2)",onion,"(2, 3):onion;(3, 0):soup('onion', 3, 16)","(3, 0):soup('onion', 3, 16);(4, 1):empty"
80,5,interact,"(3, 1)","(0, -1)",dish,"(1, 2)","(-1, 0)",onion,"(2, 3):onion;(3, 0):soup('onion', 3, 16)","(3, 0):soup('onion', 3, 16);(4, 1):empty",20.0,29.0,4,"(0, 0)",-0.0020000000000000018,0.0,0.0,-0.0020000000000000018,20.0,29.0,False,"(3, 1)",dish,"(1, 2)",onion,"(2, 3):onion;(3, 0):soup('onion', 3, 17)","(3, 0):soup('onion', 3, 17);(4, 1):empty"
81,5,interact,"(3, 1)","(0, -1)",dish,"(1, 2)","(-1, 0)",onion,"(2, 3):onion;(3, 0):soup('onion', 3, 17)","(3, 0):soup('onion', 3, 17);(4, 1):empty",20.0,29.0,4,"(0, 0)",-0.0020000000000000018,0.0,0.0,-0.0020000000000000018,20.0,29.0,False,"(3, 1)",dish,"(1, 2)",onion,"(2, 3):onion;(3, 0):soup('onion', 3, 18)","(3, 0):soup('onion', 3, 18);(4, 1):empty"
82,5,interact,"(3, 1)","(0, -1)",dish,"(1, 2)","(-1, 0)",onion,"(2, 3):onion;(3, 0):soup('onion', 3, 18)","(3, 0):soup('onion', 3, 18);(4, 1):empty",20.0,29.0,4,"(0, 0)",-0.0020000000000000018,0.0,0.0,-0.0020000000000000018,20.0,29.0,False,"(3, 1)",dish,"(1, 2)",onion,"(2, 3):onion;(3, 0):soup('onion', 3, 19)","(3, 0):soup('onion', 3, 19);(4, 1):empty"
83,5,interact,"(3, 1)","(0, -1)",dish,"(1, 2)","(-1, 0)",onion,"(2, 3):onion;(3, 0):soup('onion', 3, 19)","(3, 0):soup('onion', 3, 19);(4, 1):empty",20.0,29.0,4,"(0, 0)",0.09699999999999998,0.0,0.0,0.09699999999999998,20.0,29.0,False,"(3, 1)",dish,"(1, 2)",onion,"(2, 3):onion;(3, 0):soup('onion', 3, 20)","(3, 0):soup('onion', 3, 20);(4, 1):empty"
84,5,interact,"(3, 1)","(0, -1)",dish,"(1, 2)","(-1, 0)",onion,"(2, 3):onion;(3, 0):soup('onion', 3, 20)","(3, 0):soup('onion', 3, 20);(4, 1):empty",20.0,29.0,4,"(0, 0)",5.0663,0.0,5.0,0.06630000000000003,20.0,34.0,False,"(3, 1)","soup('onion', 3, 20)","(1, 2)",onion,"(2, 3):onion","(3, 0):empty;(4, 1):empty"
85,1,"(0, 1)","(3, 1)","(0, -1)","soup('onion', 3, 20)","(1, 2)","(-1, 0)",onion,"(2, 3):onion","(3, 0):empty;(4, 1):empty",20.0,34.0,4,"(0, 0)",0.006199999999999983,0.0,0.0,0.006199999999999983,20.0,34.0,False,"(3, 2)","soup('onion', 3, 20)","(1, 2)",onion,"(2, 3):onion","(3, 0):empty;(4, 1):empty"
86,1,"(0, 1)","(3, 2)","(0, 1)","soup('onion', 3, 20)","(1, 2)","(-1, 0)",onion,"(2, 3):onion","(3, 0):empty;(4, 1):empty",20.0,34.0,1,"(0, 1)",0.006099999999999994,0.0,0.0,0.006099999999999994,20.0,34.0,False,"(3, 3)","soup('onion', 3, 20)","(1, 3)",onion,"(2, 3):onion","(3, 0):empty;(4, 1):empty"
87,5,interact,"(3, 3)","(0, 1)","soup('onion', 3, 20)","(1, 3)","(0, 1)",onion,"(2, 3):onion","(3, 0):empty;(4, 1):empty",20.0,34.0,2,"(1, 0)",19.61,20.0,0.0,-0.39,40.0,34.0,True,"(3, 3)",,"(1, 3)",onion,"(2, 3):onion","(3, 0):empty;(4, 1):empty"
88,3,"(-1, 0)","(3, 3)","(0, 1)",,"(1, 3)","(1, 0)",onion,"(2, 3):onion","(3, 0):empty;(4, 1):empty",40.0,34.0,5,interact,0.0,0.0,0.0,0.0,40.0,34.0,False,"(3, 3)",,"(1, 3)",onion,"(2, 3):onion","(3, 0):empty;(4, 1):empty"
89,5,interact,"(3, 3)","(-1, 0)",,"(1, 3)","(1, 0)",onion,"(2, 3):onion","(3, 0):empty;(4, 1):empty",40.0,34.0,5,interact,0.0,0.0,0.0,0.0,40.0,34.0,False,"(3, 3)",onion,"(1, 3)",,"(2, 3):onion","(3, 0):empty;(4, 1):empty"
90,0,"(0, -1)","(3, 3)","(-1, 0)",onion,"(1, 3)","(1, 0)",,"(2, 3):onion","(3, 0):empty;(4, 1):empty",40.0,34.0,0,"(0, -1)",0.0,0.0,0.0,0.0,40.0,34.0,False,"(3, 2)",onion,"(1, 2)",,"(2, 3):onion","(3, 0):empty;(4, 1):empty"
91,0,"(0, -1)","(3, 2)","(0, -1)",onion,"(1, 2)","(0, -1)",,"(2, 3):onion","(3, 0):empty;(4, 1):empty",40.0,34.0,3,"(-1, 0)",0.0,0.0,0.0,0.0,40.0,34.0,False,"(3, 1)",onion,"(1, 2)",,"(2, 3):onion","(3, 0):empty;(4, 1):empty"
92,5,interact,"(3, 1)","(0, -1)",onion,"(1, 2)","(-1, 0)",,"(2, 3):onion","(3, 0):empty;(4, 1):empty",40.0,34.0,5,interact,3.0594,0.0,3.0,0.0594,40.0,37.0,False,"(3, 1)",,"(1, 2)",onion,"(2, 3):onion;(3, 0):soup('onion', 1, 0)","(3, 0):soup('onion', 1, 0);(4, 1):empty"
93,1,"(0, 1)","(3, 1)","(0, -1)",,"(1, 2)","(-1, 0)",onion,"(2, 3):onion;(3, 0):soup('onion', 1, 0)","(3, 0):soup('onion', 1, 0);(4, 1):empty",40.0,37.0,1,"(0, 1)",-0.0006000000000000006,0.0,0.0,-0.0006000000000000006,40.0,37.0,False,"(3, 2)",,"(1, 3)",onion,"(2, 3):onion;(3, 0):soup('onion', 1, 0)","(3, 0):soup('onion', 1, 0);(4, 1):empty"
94,1,"(0, 1)","(3, 2)","(0, 1)",,"(1, 3)","(0, 1)",onion,"(2, 3):onion;(3, 0):soup('onion', 1, 0)","(3, 0):soup('onion', 1, 0);(4, 1):empty",40.0,37.0,2,"(1, 0)",-0.0006000000000000006,0.0,0.0,-0.0006000000000000006,40.0,37.0,False,"(3, 3)",,"(1, 3)",onion,"(2, 3):onion;(3, 0):soup('onion', 1, 0)","(3, 0):soup('onion', 1, 0);(4, 1):empty"
95,3,"(-1, 0)","(3, 3)","(0, 1)",,"(1, 3)","(1, 0)",onion,"(2, 3):onion;(3, 0):soup('onion', 1, 0)","(3, 0):soup('onion', 1, 0);(4, 1):empty",40.0,37.0,5,interact,-0.0006000000000000006,0.0,0.0,-0.0006000000000000006,40.0,37.0,False,"(3, 3)",,"(1, 3)",onion,"(2, 3):onion;(3, 0):soup('onion', 1, 0)","(3, 0):soup('onion', 1, 0);(4, 1):empty"
96,5,interact,"(3, 3)","(-1, 0)",,"(1, 3)","(1, 0)",onion,"(2, 3):onion;(3, 0):soup('onion', 1, 0)","(3, 0):soup('onion', 1, 0);(4, 1):empty",40.0,37.0,5,interact,-0.0006000000000000006,0.0,0.0,-0.0006000000000000006,40.0,37.0,False,"(3, 3)",onion,"(1, 3)",,"(2, 3):onion;(3, 0):soup('onion', 1, 0)","(3, 0):soup('onion', 1, 0);(4, 1):empty"
97,0,"(0, -1)","(3, 3)","(-1, 0)",onion,"(1, 3)","(1, 0)",,"(2, 3):onion;(3, 0):soup('onion', 1, 0)","(3, 0):soup('onion', 1, 0);(4, 1):empty",40.0,37.0,0,"(0, -1)",-0.0006000000000000006,0.0,0.0,-0.0006000000000000006,40.0,37.0,False,"(3, 2)",onion,"(1, 2)",,"(2, 3):onion;(3, 0):soup('onion', 1, 0)","(3, 0):soup('onion', 1, 0);(4, 1):empty"
98,0,"(0, -1)","(3, 2)","(0, -1)",onion,"(1, 2)","(0, -1)",,"(2, 3):onion;(3, 0):soup('onion', 1, 0)","(3, 0):soup('onion', 1, 0);(4, 1):empty",40.0,37.0,1,"(0, 1)",-0.0006000000000000006,0.0,0.0,-0.0006000000000000006,40.0,37.0,False,"(3, 1)",onion,"(1, 3)",,"(2, 3):onion;(3, 0):soup('onion', 1, 0)","(3, 0):soup('onion', 1, 0);(4, 1):empty"
99,5,interact,"(3, 1)","(0, -1)",onion,"(1, 3)","(0, 1)",,"(2, 3):onion;(3, 0):soup('onion', 1, 0)","(3, 0):soup('onion', 1, 0);(4, 1):empty",40.0,37.0,0,"(0, -1)",3.0588,0.0,3.0,0.0588,40.0,40.0,False,"(3, 1)",,"(1, 2)",,"(2, 3):onion;(3, 0):soup('onion', 2, 0)","(3, 0):soup('onion', 2, 0);(4, 1):empty"
100,1,"(0, 1)","(3, 1)","(0, -1)",,"(1, 2)","(0, -1)",,"(2, 3):onion;(3, 0):soup('onion', 2, 0)","(3, 0):soup('onion', 2, 0);(4, 1):empty",40.0,40.0,2,"(1, 0)",-0.0012000000000000012,0.0,0.0,-0.0012000000000000012,40.0,40.0,False,"(3, 2)",,"(1, 2)",,"(2, 3):onion;(3, 0):soup('onion', 2, 0)","(3, 0):soup('onion', 2, 0);(4, 1):empty"
101,1,"(0, 1)","(3, 2)","(0, 1)",,"(1, 2)","(1, 0)",,"(2, 3):onion;(3, 0):soup('onion', 2, 0)","(3, 0):soup('onion', 2, 0);(4, 1):empty",40.0,40.0,3,"(-1, 0)",-0.0012000000000000012,0.0,0.0,-0.0012000000000000012,40.0,40.0,False,"(3, 3)",,"(1, 2)",,"(2, 3):onion;(3, 0):soup('onion', 2, 0)","(3, 0):soup('onion', 2, 0);(4, 1):empty"
102,3,"(-1, 0)","(3, 3)","(0, 1)",,"(1, 2)","(-1, 0)",,"(2, 3):onion;(3, 0):soup('onion', 2, 0)","(3, 0):soup('onion', 2, 0);(4, 1):empty",40.0,40.0,5,interact,-0.0012000000000000012,0.0,0.0,-0.0012000000000000012,40.0,40.0,False,"(3, 3)",,"(1, 2)",onion,"(2, 3):onion;(3, 0):soup('onion', 2, 0)","(3, 0):soup('onion', 2, 0);(4, 1):empty"
103,5,interact,"(3, 3)","(-1, 0)",,"(1, 2)","(-1, 0)",onion,"(2, 3):onion;(3, 0):soup('onion', 2, 0)","(3, 0):soup('onion', 2, 0);(4, 1):empty",40.0,40.0,1,"(0, 1)",-0.0012000000000000012,0.0,0.0,-0.0012000000000000012,40.0,40.0,False,"(3, 3)",onion,"(1, 3)",onion,"(3, 0):soup('onion', 2, 0)","(3, 0):soup('onion', 2, 0);(4, 1):empty"
104,0,"(0, -1)","(3, 3)","(-1, 0)",onion,"(1, 3)","(0, 1)",onion,"(3, 0):soup('onion', 2, 0)","(3, 0):soup('onion', 2, 0);(4, 1):empty",40.0,40.0,2,"(1, 0)",-0.0012000000000000012,0.0,0.0,-0.0012000000000000012,40.0,40.0,False,"(3, 2)",onion,"(1, 3)",onion,"(3, 0):soup('onion', 2, 0)","(3, 0):soup('onion', 2, 0);(4, 1):empty"
105,0,"(0, -1)","(3, 2)","(0, -1)",onion,"(1, 3)","(1, 0)",onion,"(3, 0):soup('onion', 2, 0)","(3, 0):soup('onion', 2, 0);(4, 1):empty",40.0,40.0,1,"(0, 1)",-0.0012000000000000012,0.0,0.0,-0.0012000000000000012,40.0,40.0,False,"(3, 1)",onion,"(1, 3)",onion,"(3, 0):soup('onion', 2, 0)","(3, 0):soup('onion', 2, 0);(4, 1):empty"
106,5,interact,"(3, 1)","(0, -1)",onion,"(1, 3)","(0, 1)",onion,"(3, 0):soup('onion', 2, 0)","(3, 0):soup('onion', 2, 0);(4, 1):empty",40.0,40.0,2,"(1, 0)",3.078,0.0,3.0,0.07800000000000001,40.0,43.0,False,"(3, 1)",,"(1, 3)",onion,"(3, 0):soup('onion', 3, 1)","(3, 0):soup('onion', 3, 1);(4, 1):empty"
107,1,"(0, 1)","(3, 1)","(0, -1)",,"(1, 3)","(1, 0)",onion,"(3, 0):soup('onion', 3, 1)","(3, 0):soup('onion', 3, 1);(4, 1):empty",40.0,43.0,4,"(0, 0)",-0.0020000000000000018,0.0,0.0,-0.0020000000000000018,40.0,43.0,False,"(3, 2)",,"(1, 3)",onion,"(3, 0):soup('onion', 3, 2)","(3, 0):soup('onion', 3, 2);(4, 1):empty"
108,3,"(-1, 0)","(3, 2)","(0, 1)",,"(1, 3)","(1, 0)",onion,"(3, 0):soup('onion', 3, 2)","(3, 0):soup('onion', 3, 2);(4, 1):empty",40.0,43.0,5,interact,-0.0020000000000000018,0.0,0.0,-0.0020000000000000018,40.0,43.0,False,"(3, 2)",,"(1, 3)",,"(2, 3):onion;(3, 0):soup('onion', 3, 3)","(3, 0):soup('onion', 3, 3);(4, 1):empty"
109,5,interact,"(3, 2)","(-1, 0)",,"(1, 3)","(1, 0)",,"(2, 3):onion;(3, 0):soup('onion', 3, 3)","(3, 0):soup('onion', 3, 3);(4, 1):empty",40.0,43.0,3,"(-1, 0)",-0.0020000000000000018,0.0,0.0,-0.0020000000000000018,40.0,43.0,False,"(3, 2)",,"(1, 3)",,"(2, 3):onion;(3, 0):soup('onion', 3, 4)","(3, 0):soup('onion', 3, 4);(4, 1):empty"
110,5,interact,"(3, 2)","(-1, 0)",,"(1, 3)","(-1, 0)",,"(2, 3):onion;(3, 0):soup('onion', 3, 4)","(3, 0):soup('onion', 3, 4);(4, 1):empty",40.0,43.0,5,interact,2.998,0.0,3.0,-0.0020000000000000018,40.0,46.0,False,"(3, 2)",,"(1, 3)",dish,"(2, 3):onion;(3, 0):soup('onion', 3, 5)","(3, 0):soup('onion', 3, 5);(4, 1):empty"
111,5,interact,"(3, 2)","(-1, 0)",,"(1, 3)","(-1, 0)",dish,"(2, 3):onion;(3, 0):soup('onion', 3, 5)","(3, 0):soup('onion', 3, 5);(4, 1):empty",40.0,46.0,0,"(0, -1)",-0.0020000000000000018,0.0,0.0,-0.0020000000000000018,40.0,46.0,False,"(3, 2)",,"(1, 2)",dish,"(2, 3):onion;(3, 0):soup('onion', 3, 6)","(3, 0):soup('onion', 3, 6);(4, 1):empty"
112,5,interact,"(3, 2)","(-1, 0)",,"(1, 2)","(0, -1)",dish,"(2, 3):onion;(3, 0):soup('onion', 3, 6)","(3, 0):soup('onion', 3, 6);(4, 1):empty",40.0,46.0,2,"(1, 0)",-0.0020000000000000018,0.0,0.0,-0.0020000000000000018,40.0,46.0,False,"(3, 2)",,"(1, 2)",dish,"(2, 3):onion;(3, 0):soup('onion', 3, 7)","(3, 0):soup('onion', 3, 7);(4, 1):empty"
113,5,interact,"(3, 2)","(-1, 0)",,"(1, 2)","(1, 0)",dish,"(2, 3):onion;(3, 0):soup('onion', 3, 7)","(3, 0):soup('onion', 3, 7);(4, 1):empty",40.0,46.0,5,interact,-0.0020000000000000018,0.0,0.0,-0.0020000000000000018,40.0,46.0,False,"(3, 2)",,"(1, 2)",,"(2, 2):dish;(2, 3):onion;(3, 0):soup('onion', 3, 8)","(3, 0):soup('onion', 3, 8);(4, 1):empty"
114,5,interact,"(3, 2)","(-1, 0)",,"(1, 2)","(1, 0)",,"(2, 2):dish;(2, 3):onion;(3, 0):soup('onion', 3, 8)","(3, 0):soup('onion', 3, 8);(4, 1):empty",40.0,46.0,3,"(-1, 0)",-0.0020000000000000018,0.0,0.0,-0.0020000000000000018,40.0,46.0,False,"(3, 2)",dish,"(1, 2)",,"(2, 3):onion;(3, 0):soup('onion', 3, 9)","(3, 0):soup('onion', 3, 9);(4, 1):empty"
115,0,"(0, -1)","(3, 2)","(-1, 0)",dish,"(1, 2)","(-1, 0)",,"(2, 3):onion;(3, 0):soup('onion', 3, 9)","(3, 0):soup('onion', 3, 9);(4, 1):empty",40.0,46.0,5,interact,-0.0020000000000000018,0.0,0.0,-0.0020000000000000018,40.0,46.0,False,"(3, 1)",dish,"(1, 2)",onion,"(2, 3):onion;(3, 0):soup('onion', 3, 10)","(3, 0):soup('onion', 3, 10);(4, 1):empty"
116,5,interact,"(3, 1)","(0, -1)",dish,"(1, 2)","(-1, 0)",onion,"(2, 3):onion;(3, 0):soup('onion', 3, 10)","(3, 0):soup('onion', 3, 10);(4, 1):empty",40.0,46.0,4,"(0, 0)",-0.0020000000000000018,0.0,0.0,-0.0020000000000000018,40.0,46.0,False,"(3, 1)",dish,"(1, 2)",onion,"(2, 3):onion;(3, 0):soup('onion', 3, 11)","(3, 0):soup('onion', 3, 11);(4, 1):empty"
117,5,interact,"(3, 1)","(0, -1)",dish,"(1, 2)","(-1, 0)",onion,"(2, 3):onion;(3, 0):soup('onion', 3, 11)","(3, 0):soup('onion', 3, 11);(4, 1):empty",40.0,46.0,4,"(0, 0)",-0.0020000000000000018,0.0,0.0,-0.0020000000000000018,40.0,46.0,False,"(3, 1)",dish,"(1, 2)",onion,"(2, 3):onion;(3, 0):soup('onion', 3, 12)","(3, 0):soup('onion', 3, 12);(4, 1):empty"
118,5,interact,"(3, 1)","(0, -1)",dish,"(1, 2)","(-1, 0)",onion,"(2, 3):onion;(3, 0):soup('onion', 3, 12)","(3, 0):soup('onion', 3, 12);(4, 1):empty",40.0,46.0,4,"(0, 0)",-0.0020000000000000018,0.0,0.0,-0.0020000000000000018,40.0,46.0,False,"(3, 1)",dish,"(1, 2)",onion,"(2, 3):onion;(3, 0):soup('onion', 3, 13)","(3, 0):soup('onion', 3, 13);(4, 1):empty"
119,5,interact,"(3, 1)","(0, -1)",dish,"(1, 2)","(-1, 0)",onion,"(2, 3):onion;(3, 0):soup('onion', 3, 13)","(3, 0):soup('onion', 3, 13);(4, 1):empty",40.0,46.0,4,"(0, 0)",-0.0020000000000000018,0.0,0.0,-0.0020000000000000018,40.0,46.0,False,"(3, 1)",dish,"(1, 2)",onion,"(2, 3):onion;(3, 0):soup('onion', 3, 14)","(3, 0):soup('onion', 3, 14);(4, 1):empty"
120,5,interact,"(3, 1)","(0, -1)",dish,"(1, 2)","(-1, 0)",onion,"(2, 3):onion;(3, 0):soup('onion', 3, 14)","(3, 0):soup('onion', 3, 14);(4, 1):empty",40.0,46.0,4,"(0, 0)",-0.0020000000000000018,0.0,0.0,-0.0020000000000000018,40.0,46.0,False,"(3, 1)",dish,"(1, 2)",onion,"(2, 3):onion;(3, 0):soup('onion', 3, 15)","(3, 0):soup('onion', 3, 15);(4, 1):empty"
121,5,interact,"(3, 1)","(0, -1)",dish,"(1, 2)","(-1, 0)",onion,"(2, 3):onion;(3, 0):soup('onion', 3, 15)","(3, 0):soup('onion', 3, 15);(4, 1):empty",40.0,46.0,4,"(0, 0)",-0.0020000000000000018,0.0,0.0,-0.0020000000000000018,40.0,46.0,False,"(3, 1)",dish,"(1, 2)",onion,"(2, 3):onion;(3, 0):soup('onion', 3, 16)","(3, 0):soup('onion', 3, 16);(4, 1):empty"
122,5,interact,"(3, 1)","(0, -1)",dish,"(1, 2)","(-1, 0)",onion,"(2, 3):onion;(3, 0):soup('onion', 3, 16)","(3, 0):soup('onion', 3, 16);(4, 1):empty",40.0,46.0,4,"(0, 0)",-0.0020000000000000018,0.0,0.0,-0.0020000000000000018,40.0,46.0,False,"(3, 1)",dish,"(1, 2)",onion,"(2, 3):onion;(3, 0):soup('onion', 3, 17)","(3, 0):soup('onion', 3, 17);(4, 1):empty"
123,5,interact,"(3, 1)","(0, -1)",dish,"(1, 2)","(-1, 0)",onion,"(2, 3):onion;(3, 0):soup('onion', 3, 17)","(3, 0):soup('onion', 3, 17);(4, 1):empty",40.0,46.0,4,"(0, 0)",-0.0020000000000000018,0.0,0.0,-0.0020000000000000018,40.0,46.0,False,"(3, 1)",dish,"(1, 2)",onion,"(2, 3):onion;(3, 0):soup('onion', 3, 18)","(3, 0):soup('onion', 3, 18);(4, 1):empty"
124,5,interact,"(3, 1)","(0, -1)",dish,"(1, 2)","(-1, 0)",onion,"(2, 3):onion;(3, 0):soup('onion', 3, 18)","(3, 0):soup('onion', 3, 18);(4, 1):empty",40.0,46.0,4,"(0, 0)",-0.0020000000000000018,0.0,0.0,-0.0020000000000000018,40.0,46.0,False,"(3, 1)",dish,"(1, 2)",onion,"(2, 3):onion;(3, 0):soup('onion', 3, 19)","(3, 0):soup('onion', 3, 19);(4, 1):empty"
125,5,interact,"(3, 1)","(0, -1)",dish,"(1, 2)","(-1, 0)",onion,"(2, 3):onion;(3, 0):soup('onion', 3, 19)","(3, 0):soup('onion', 3, 19);(4, 1):empty",40.0,46.0,4,"(0, 0)",0.09699999999999998,0.0,0.0,0.09699999999999998,40.0,46.0,False,"(3, 1)",dish,"(1, 2)",onion,"(2, 3):onion;(3, 0):soup('onion', 3, 20)","(3, 0):soup('onion', 3, 20);(4, 1):empty"
126,5,interact,"(3, 1)","(0, -1)",dish,"(1, 2)","(-1, 0)",onion,"(2, 3):onion;(3, 0):soup('onion', 3, 20)","(3, 0):soup('onion', 3, 20);(4, 1):empty",40.0,46.0,4,"(0, 0)",5.0663,0.0,5.0,0.06630000000000003,40.0,51.0,False,"(3, 1)","soup('onion', 3, 20)","(1, 2)",onion,"(2, 3):onion","(3, 0):empty;(4, 1):empty"
127,1,"(0, 1)","(3, 1)","(0, -1)","soup('onion', 3, 20)","(1, 2)","(-1, 0)",onion,"(2, 3):onion","(3, 0):empty;(4, 1):empty",40.0,51.0,4,"(0, 0)",0.006199999999999983,0.0,0.0,0.006199999999999983,40.0,51.0,False,"(3, 2)","soup('onion', 3, 20)","(1, 2)",onion,"(2, 3):onion","(3, 0):empty;(4, 1):empty"
128,1,"(0, 1)","(3, 2)","(0, 1)","soup('onion', 3, 20)","(1, 2)","(-1, 0)",onion,"(2, 3):onion","(3, 0):empty;(4, 1):empty",40.0,51.0,1,"(0, 1)",0.006099999999999994,0.0,0.0,0.006099999999999994,40.0,51.0,False,"(3, 3)","soup('onion', 3, 20)","(1, 3)",onion,"(2, 3):onion","(3, 0):empty;(4, 1):empty"
129,5,interact,"(3, 3)","(0, 1)","soup('onion', 3, 20)","(1, 3)","(0, 1)",onion,"(2, 3):onion","(3, 0):empty;(4, 1):empty",40.0,51.0,2,"(1, 0)",19.61,20.0,0.0,-0.39,60.0,51.0,True,"(3, 3)",,"(1, 3)",onion,"(2, 3):onion","(3, 0):empty;(4, 1):empty"
130,3,"(-1, 0)","(3, 3)","(0, 1)",,"(1, 3)","(1, 0)",onion,"(2, 3):onion","(3, 0):empty;(4, 1):empty",60.0,51.0,5,interact,0.0,0.0,0.0,0.0,60.0,51.0,False,"(3, 3)",,"(1, 3)",onion,"(2, 3):onion","(3, 0):empty;(4, 1):empty"
131,5,interact,"(3, 3)","(-1, 0)",,"(1, 3)","(1, 0)",onion,"(2, 3):onion","(3, 0):empty;(4, 1):empty",60.0,51.0,5,interact,0.0,0.0,0.0,0.0,60.0,51.0,False,"(3, 3)",onion,"(1, 3)",,"(2, 3):onion","(3, 0):empty;(4, 1):empty"
132,0,"(0, -1)","(3, 3)","(-1, 0)",onion,"(1, 3)","(1, 0)",,"(2, 3):onion","(3, 0):empty;(4, 1):empty",60.0,51.0,0,"(0, -1)",0.0,0.0,0.0,0.0,60.0,51.0,False,"(3, 2)",onion,"(1, 2)",,"(2, 3):onion","(3, 0):empty;(4, 1):empty"
133,0,"(0, -1)","(3, 2)","(0, -1)",onion,"(1, 2)","(0, -1)",,"(2, 3):onion","(3, 0):empty;(4, 1):empty",60.0,51.0,3,"(-1, 0)",0.0,0.0,0.0,0.0,60.0,51.0,False,"(3, 1)",onion,"(1, 2)",,"(2, 3):onion","(3, 0):empty;(4, 1):empty"
134,5,interact,"(3, 1)","(0, -1)",onion,"(1, 2)","(-1, 0)",,"(2, 3):onion","(3, 0):empty;(4, 1):empty",60.0,51.0,5,interact,3.0594,0.0,3.0,0.0594,60.0,54.0,False,"(3, 1)",,"(1, 2)",onion,"(2, 3):onion;(3, 0):soup('onion', 1, 0)","(3, 0):soup('onion', 1, 0);(4, 1):empty"
135,1,"(0, 1)","(3, 1)","(0, -1)",,"(1, 2)","(-1, 0)",onion,"(2, 3):onion;(3, 0):soup('onion', 1, 0)","(3, 0):soup('onion', 1, 0);(4, 1):empty",60.0,54.0,1,"(0, 1)",-0.0006000000000000006,0.0,0.0,-0.0006000000000000006,60.0,54.0,False,"(3, 2)",,"(1, 3)",onion,"(2, 3):onion;(3, 0):soup('onion', 1, 0)","(3, 0):soup('onion', 1, 0);(4, 1):empty"
136,1,"(0, 1)","(3, 2)","(0, 1)",,"(1, 3)","(0, 1)",onion,"(2, 3):onion;(3, 0):soup('onion', 1, 0)","(3, 0):soup('onion', 1, 0);(4, 1):empty",60.0,54.0,2,"(1, 0)",-0.0006000000000000006,0.0,0.0,-0.0006000000000000006,60.0,54.0,False,"(3, 3)",,"(1, 3)",onion,"(2, 3):onion;(3, 0):soup('onion', 1, 0)","(3, 0):soup('onion', 1, 0);(4, 1):empty"
137,3,"(-1, 0)","(3, 3)","(0, 1)",,"(1, 3)","(1, 0)",onion,"(2, 3):onion;(3, 0):soup('onion', 1, 0)","(3, 0):soup('onion', 1, 0);(4, 1):empty",60.0,54.0,5,interact,-0.0006000000000000006,0.0,0.0,-0.0006000000000000006,60.0,54.0,False,"(3, 3)",,"(1, 3)",onion,"(2, 3):onion;(3, 0):soup('onion', 1, 0)","(3, 0):soup('onion', 1, 0);(4, 1):empty"
138,5,interact,"(3, 3)","(-1, 0)",,"(1, 3)","(1, 0)",onion,"(2, 3):onion;(3, 0):soup('onion', 1, 0)","(3, 0):soup('onion', 1, 0);(4, 1):empty",60.0,54.0,5,interact,-0.0006000000000000006,0.0,0.0,-0.0006000000000000006,60.0,54.0,False,"(3, 3)",onion,"(1, 3)",,"(2, 3):onion;(3, 0):soup('onion', 1, 0)","(3, 0):soup('onion', 1, 0);(4, 1):empty"
139,0,"(0, -1)","(3, 3)","(-1, 0)",onion,"(1, 3)","(1, 0)",,"(2, 3):onion;(3, 0):soup('onion', 1, 0)","(3, 0):soup('onion', 1, 0);(4, 1):empty",60.0,54.0,0,"(0, -1)",-0.0006000000000000006,0.0,0.0,-0.0006000000000000006,60.0,54.0,False,"(3, 2)",onion,"(1, 2)",,"(2, 3):onion;(3, 0):soup('onion', 1, 0)","(3, 0):soup('onion', 1, 0);(4, 1):empty"
140,0,"(0, -1)","(3, 2)","(0, -1)",onion,"(1, 2)","(0, -1)",,"(2, 3):onion;(3, 0):soup('onion', 1, 0)","(3, 0):soup('onion', 1, 0);(4, 1):empty",60.0,54.0,1,"(0, 1)",-0.0006000000000000006,0.0,0.0,-0.0006000000000000006,60.0,54.0,False,"(3, 1)",onion,"(1, 3)",,"(2, 3):onion;(3, 0):soup('onion', 1, 0)","(3, 0):soup('onion', 1, 0);(4, 1):empty"
141,5,interact,"(3, 1)","(0, -1)",onion,"(1, 3)","(0, 1)",,"(2, 3):onion;(3, 0):soup('onion', 1, 0)","(3, 0):soup('onion', 1, 0);(4, 1):empty",60.0,54.0,0,"(0, -1)",3.0588,0.0,3.0,0.0588,60.0,57.0,False,"(3, 1)",,"(1, 2)",,"(2, 3):onion;(3, 0):soup('onion', 2, 0)","(3, 0):soup('onion', 2, 0);(4, 1):empty"
142,1,"(0, 1)","(3, 1)","(0, -1)",,"(1, 2)","(0, -1)",,"(2, 3):onion;(3, 0):soup('onion', 2, 0)","(3, 0):soup('onion', 2, 0);(4, 1):empty",60.0,57.0,2,"(1, 0)",-0.0012000000000000012,0.0,0.0,-0.0012000000000000012,60.0,57.0,False,"(3, 2)",,"(1, 2)",,"(2, 3):onion;(3, 0):soup('onion', 2, 0)","(3, 0):soup('onion', 2, 0);(4, 1):empty"
143,1,"(0, 1)","(3, 2)","(0, 1)",,"(1, 2)","(1, 0)",,"(2, 3):onion;(3, 0):soup('onion', 2, 0)","(3, 0):soup('onion', 2, 0);(4, 1):empty",60.0,57.0,3,"(-1, 0)",-0.0012000000000000012,0.0,0.0,-0.0012000000000000012,60.0,57.0,False,"(3, 3)",,"(1, 2)",,"(2, 3):onion;(3, 0):soup('onion', 2, 0)","(3, 0):soup('onion', 2, 0);(4, 1):empty"
144,3,"(-1, 0)","(3, 3)","(0, 1)",,"(1, 2)","(-1, 0)",,"(2, 3):onion;(3, 0):soup('onion', 2, 0)","(3, 0):soup('onion', 2, 0);(4, 1):empty",60.0,57.0,5,interact,-0.0012000000000000012,0.0,0.0,-0.0012000000000000012,60.0,57.0,False,"(3, 3)",,"(1, 2)",onion,"(2, 3):onion;(3, 0):soup('onion', 2, 0)","(3, 0):soup('onion', 2, 0);(4, 1):empty"
145,5,interact,"(3, 3)","(-1, 0)",,"(1, 2)","(-1, 0)",onion,"(2, 3):onion;(3, 0):soup('onion', 2, 0)","(3, 0):soup('onion', 2, 0);(4, 1):empty",60.0,57.0,1,"(0, 1)",-0.0012000000000000012,0.0,0.0,-0.0012000000000000012,60.0,57.0,False,"(3, 3)",onion,"(1, 3)",onion,"(3, 0):soup('onion', 2, 0)","(3, 0):soup('onion', 2, 0);(4, 1):empty"
146,0,"(0, -1)","(3, 3)","(-1, 0)",onion,"(1, 3)","(0, 1)",onion,"(3, 0):soup('onion', 2, 0)","(3, 0):soup('onion', 2, 0);(4, 1):empty",60.0,57.0,2,"(1, 0)",-0.0012000000000000012,0.0,0.0,-0.0012000000000000012,60.0,57.0,False,"(3, 2)",onion,"(1, 3)",onion,"(3, 0):soup('onion', 2, 0)","(3, 0):soup('onion', 2, 0);(4, 1):empty"
147,0,"(0, -1)","(3, 2)","(0, -1)",onion,"(1, 3)","(1, 0)",onion,"(3, 0):soup('onion', 2, 0)","(3, 0):soup('onion', 2, 0);(4, 1):empty",60.0,57.0,1,"(0, 1)",-0.0012000000000000012,0.0,0.0,-0.0012000000000000012,60.0,57.0,False,"(3, 1)",onion,"(1, 3)",onion,"(3, 0):soup('onion', 2, 0)","(3, 0):soup('onion', 2, 0);(4, 1):empty"
148,5,interact,"(3, 1)","(0, -1)",onion,"(1, 3)","(0, 1)",onion,"(3, 0):soup('onion', 2, 0)","(3, 0):soup('onion', 2, 0);(4, 1):empty",60.0,57.0,2,"(1, 0)",3.078,0.0,3.0,0.07800000000000001,60.0,60.0,False,"(3, 1)",,"(1, 3)",onion,"(3, 0):soup('onion', 3, 1)","(3, 0):soup('onion', 3, 1);(4, 1):empty"
149,1,"(0, 1)","(3, 1)","(0, -1)",,"(1, 3)","(1, 0)",onion,"(3, 0):soup('onion', 3, 1)","(3, 0):soup('onion', 3, 1);(4, 1):empty",60.0,60.0,4,"(0, 0)",-0.0020000000000000018,0.0,0.0,-0.0020000000000000018,60.0,60.0,False,"(3, 2)",,"(1, 3)",onion,"(3, 0):soup('onion', 3, 2)","(3, 0):soup('onion', 3, 2);(4, 1):empty"
150,3,"(-1, 0)","(3, 2)","(0, 1)",,"(1, 3)","(1, 0)",onion,"(3, 0):soup('onion', 3, 2)","(3, 0):soup('onion', 3, 2);(4, 1):empty",60.0,60.0,5,interact,-0.0020000000000000018,0.0,0.0,-0.0020000000000000018,60.0,60.0,False,"(3, 2)",,"(1, 3)",,"(2, 3):onion;(3, 0):soup('onion', 3, 3)","(3, 0):soup('onion', 3, 3);(4, 1):empty"
151,5,interact,"(3, 2)","(-1, 0)",,"(1, 3)","(1, 0)",,"(2, 3):onion;(3, 0):soup('onion', 3, 3)","(3, 0):soup('onion', 3, 3);(4, 1):empty",60.0,60.0,3,"(-1, 0)",-0.0020000000000000018,0.0,0.0,-0.0020000000000000018,60.0,60.0,False,"(3, 2)",,"(1, 3)",,"(2, 3):onion;(3, 0):soup('onion', 3, 4)","(3, 0):soup('onion', 3, 4);(4, 1):empty"
152,5,interact,"(3, 2)","(-1, 0)",,"(1, 3)","(-1, 0)",,"(2, 3):onion;(3, 0):soup('onion', 3, 4)","(3, 0):soup('onion', 3, 4);(4, 1):empty",60.0,60.0,5,interact,2.998,0.0,3.0,-0.0020000000000000018,60.0,63.0,False,"(3, 2)",,"(1, 3)",dish,"(2, 3):onion;(3, 0):soup('onion', 3, 5)","(3, 0):soup('onion', 3, 5);(4, 1):empty"
153,5,interact,"(3, 2)","(-1, 0)",,"(1, 3)","(-1, 0)",dish,"(2, 3):onion;(3, 0):soup('onion', 3, 5)","(3, 0):soup('onion', 3, 5);(4, 1):empty",60.0,63.0,0,"(0, -1)",-0.0020000000000000018,0.0,0.0,-0.0020000000000000018,60.0,63.0,False,"(3, 2)",,"(1, 2)",dish,"(2, 3):onion;(3, 0):soup('onion', 3, 6)","(3, 0):soup('onion', 3, 6);(4, 1):empty"
154,5,interact,"(3, 2)","(-1, 0)",,"(1, 2)","(0, -1)",dish,"(2, 3):onion;(3, 0):soup('onion', 3, 6)","(3, 0):soup('onion', 3, 6);(4, 1):empty",60.0,63.0,2,"(1, 0)",-0.0020000000000000018,0.0,0.0,-0.0020000000000000018,60.0,63.0,False,"(3, 2)",,"(1, 2)",dish,"(2, 3):onion;(3, 0):soup('onion', 3, 7)","(3, 0):soup('onion', 3, 7);(4, 1):empty"
155,5,interact,"(3, 2)","(-1, 0)",,"(1, 2)","(1, 0)",dish,"(2, 3):onion;(3, 0):soup('onion', 3, 7)","(3, 0):soup('onion', 3, 7);(4, 1):empty",60.0,63.0,5,interact,-0.0020000000000000018,0.0,0.0,-0.0020000000000000018,60.0,63.0,False,"(3, 2)",,"(1, 2)",,"(2, 2):dish;(2, 3):onion;(3, 0):soup('onion', 3, 8)","(3, 0):soup('onion', 3, 8);(4, 1):empty"
156,5,interact,"(3, 2)","(-1, 0)",,"(1, 2)","(1, 0)",,"(2, 2):dish;(2, 3):onion;(3, 0):soup('onion', 3, 8)","(3, 0):soup('onion', 3, 8);(4, 1):empty",60.0,63.0,3,"(-1, 0)",-0.0020000000000000018,0.0,0.0,-0.0020000000000000018,60.0,63.0,False,"(3, 2)",dish,"(1, 2)",,"(2, 3):onion;(3, 0):soup('onion', 3, 9)","(3, 0):soup('onion', 3, 9);(4, 1):empty"
157,0,"(0, -1)","(3, 2)","(-1, 0)",dish,"(1, 2)","(-1, 0)",,"(2, 3):onion;(3, 0):soup('onion', 3, 9)","(3, 0):soup('onion', 3, 9);(4, 1):empty",60.0,63.0,5,interact,-0.0020000000000000018,0.0,0.0,-0.0020000000000000018,60.0,63.0,False,"(3, 1)",dish,"(1, 2)",onion,"(2, 3):onion;(3, 0):soup('onion', 3, 10)","(3, 0):soup('onion', 3, 10);(4, 1):empty"
158,5,interact,"(3, 1)","(0, -1)",dish,"(1, 2)","(-1, 0)",onion,"(2, 3):onion;(3, 0):soup('onion', 3, 10)","(3, 0):soup('onion', 3, 10);(4, 1):empty",60.0,63.0,4,"(0, 0)",-0.0020000000000000018,0.0,0.0,-0.0020000000000000018,60.0,63.0,False,"(3, 1)",dish,"(1, 2)",onion,"(2, 3):onion;(3, 0):soup('onion', 3, 11)","(3, 0):soup('onion', 3, 11);(4, 1):empty"
159,5,interact,"(3, 1)","(0, -1)",dish,"(1, 2)","(-1, 0)",onion,"(2, 3):onion;(3, 0):soup('onion', 3, 11)","(3, 0):soup('onion', 3, 11);(4, 1):empty",60.0,63.0,4,"(0, 0)",-0.0020000000000000018,0.0,0.0,-0.0020000000000000018,60.0,63.0,False,"(3, 1)",dish,"(1, 2)",onion,"(2, 3):onion;(3, 0):soup('onion', 3, 12)","(3, 0):soup('onion', 3, 12);(4, 1):empty"
160,5,interact,"(3, 1)","(0, -1)",dish,"(1, 2)","(-1, 0)",onion,"(2, 3):onion;(3, 0):soup('onion', 3, 12)","(3, 0):soup('onion', 3, 12);(4, 1):empty",60.0,63.0,4,"(0, 0)",-0.0020000000000000018,0.0,0.0,-0.0020000000000000018,60.0,63.0,False,"(3, 1)",dish,"(1, 2)",onion,"(2, 3):onion;(3, 0):soup('onion', 3, 13)","(3, 0):soup('onion', 3, 13);(4, 1):empty"
161,5,interact,"(3, 1)","(0, -1)",dish,"(1, 2)","(-1, 0)",onion,"(2, 3):onion;(3, 0):soup('onion', 3, 13)","(3, 0):soup('onion', 3, 13);(4, 1):empty",60.0,63.0,4,"(0, 0)",-0.0020000000000000018,0.0,0.0,-0.0020000000000000018,60.0,63.0,False,"(3, 1)",dish,"(1, 2)",onion,"(2, 3):onion;(3, 0):soup('onion', 3, 14)","(3, 0):soup('onion', 3, 14);(4, 1):empty"
162,5,interact,"(3, 1)","(0, -1)",dish,"(1, 2)","(-1, 0)",onion,"(2, 3):onion;(3, 0):soup('onion', 3, 14)","(3, 0):soup('onion', 3, 14);(4, 1):empty",60.0,63.0,4,"(0, 0)",-0.0020000000000000018,0.0,0.0,-0.0020000000000000018,60.0,63.0,False,"(3, 1)",dish,"(1, 2)",onion,"(2, 3):onion;(3, 0):soup('onion', 3, 15)","(3, 0):soup('onion', 3, 15);(4, 1):empty"
163,5,interact,"(3, 1)","(0, -1)",dish,"(1, 2)","(-1, 0)",onion,"(2, 3):onion;(3, 0):soup('onion', 3, 15)","(3, 0):soup('onion', 3, 15);(4, 1):empty",60.0,63.0,4,"(0, 0)",-0.0020000000000000018,0.0,0.0,-0.0020000000000000018,60.0,63.0,False,"(3, 1)",dish,"(1, 2)",onion,"(2, 3):onion;(3, 0):soup('onion', 3, 16)","(3, 0):soup('onion', 3, 16);(4, 1):empty"
164,5,interact,"(3, 1)","(0, -1)",dish,"(1, 2)","(-1, 0)",onion,"(2, 3):onion;(3, 0):soup('onion', 3, 16)","(3, 0):soup('onion', 3, 16);(4, 1):empty",60.0,63.0,4,"(0, 0)",-0.0020000000000000018,0.0,0.0,-0.0020000000000000018,60.0,63.0,False,"(3, 1)",dish,"(1, 2)",onion,"(2, 3):onion;(3, 0):soup('onion', 3, 17)","(3, 0):soup('onion', 3, 17);(4, 1):empty"
165,5,interact,"(3, 1)","(0, -1)",dish,"(1, 2)","(-1, 0)",onion,"(2, 3):onion;(3, 0):soup('onion', 3, 17)","(3, 0):soup('onion', 3, 17);(4, 1):empty",60.0,63.0,4,"(0, 0)",-0.0020000000000000018,0.0,0.0,-0.0020000000000000018,60.0,63.0,False,"(3, 1)",dish,"(1, 2)",onion,"(2, 3):onion;(3, 0):soup('onion', 3, 18)","(3, 0):soup('onion', 3, 18);(4, 1):empty"
166,5,interact,"(3, 1)","(0, -1)",dish,"(1, 2)","(-1, 0)",onion,"(2, 3):onion;(3, 0):soup('onion', 3, 18)","(3, 0):soup('onion', 3, 18);(4, 1):empty",60.0,63.0,4,"(0, 0)",-0.0020000000000000018,0.0,0.0,-0.0020000000000000018,60.0,63.0,False,"(3, 1)",dish,"(1, 2)",onion,"(2, 3):onion;(3, 0):soup('onion', 3, 19)","(3, 0):soup('onion', 3, 19);(4, 1):empty"
167,5,interact,"(3, 1)","(0, -1)",dish,"(1, 2)","(-1, 0)",onion,"(2, 3):onion;(3, 0):soup('onion', 3, 19)","(3, 0):soup('onion', 3, 19);(4, 1):empty",60.0,63.0,4,"(0, 0)",0.09699999999999998,0.0,0.0,0.09699999999999998,60.0,63.0,False,"(3, 1)",dish,"(1, 2)",onion,"(2, 3):onion;(3, 0):soup('onion', 3, 20)","(3, 0):soup('onion', 3, 20);(4, 1):empty"
168,5,interact,"(3, 1)","(0, -1)",dish,"(1, 2)","(-1, 0)",onion,"(2, 3):onion;(3, 0):soup('onion', 3, 20)","(3, 0):soup('onion', 3, 20);(4, 1):empty",60.0,63.0,4,"(0, 0)",5.0663,0.0,5.0,0.06630000000000003,60.0,68.0,False,"(3, 1)","soup('onion', 3, 20)","(1, 2)",onion,"(2, 3):onion","(3, 0):empty;(4, 1):empty"
169,1,"(0, 1)","(3, 1)","(0, -1)","soup('onion', 3, 20)","(1, 2)","(-1, 0)",onion,"(2, 3):onion","(3, 0):empty;(4, 1):empty",60.0,68.0,4,"(0, 0)",0.006199999999999983,0.0,0.0,0.006199999999999983,60.0,68.0,False,"(3, 2)","soup('onion', 3, 20)","(1, 2)",onion,"(2, 3):onion","(3, 0):empty;(4, 1):empty"
170,1,"(0, 1)","(3, 2)","(0, 1)","soup('onion', 3, 20)","(1, 2)","(-1, 0)",onion,"(2, 3):onion","(3, 0):empty;(4, 1):empty",60.0,68.0,1,"(0, 1)",0.006099999999999994,0.0,0.0,0.006099999999999994,60.0,68.0,False,"(3, 3)","soup('onion', 3, 20)","(1, 3)",onion,"(2, 3):onion","(3, 0):empty;(4, 1):empty"
171,5,interact,"(3, 3)","(0, 1)","soup('onion', 3, 20)","(1, 3)","(0, 1)",onion,"(2, 3):onion","(3, 0):empty;(4, 1):empty",60.0,68.0,2,"(1, 0)",19.61,20.0,0.0,-0.39,80.0,68.0,True,"(3, 3)",,"(1, 3)",onion,"(2, 3):onion","(3, 0):empty;(4, 1):empty"
172,3,"(-1, 0)","(3, 3)","(0, 1)",,"(1, 3)","(1, 0)",onion,"(2, 3):onion","(3, 0):empty;(4, 1):empty",80.0,68.0,5,interact,0.0,0.0,0.0,0.0,80.0,68.0,False,"(3, 3)",,"(1, 3)",onion,"(2, 3):onion","(3, 0):empty;(4, 1):empty"
173,5,interact,"(3, 3)","(-1, 0)",,"(1, 3)","(1, 0)",onion,"(2, 3):onion","(3, 0):empty;(4, 1):empty",80.0,68.0,5,interact,0.0,0.0,0.0,0.0,80.0,68.0,False,"(3, 3)",onion,"(1, 3)",,"(2, 3):onion","(3, 0):empty;(4, 1):empty"
174,0,"(0, -1)","(3, 3)","(-1, 0)",onion,"(1, 3)","(1, 0)",,"(2, 3):onion","(3, 0):empty;(4, 1):empty",80.0,68.0,0,"(0, -1)",0.0,0.0,0.0,0.0,80.0,68.0,False,"(3, 2)",onion,"(1, 2)",,"(2, 3):onion","(3, 0):empty;(4, 1):empty"
175,0,"(0, -1)","(3, 2)","(0, -1)",onion,"(1, 2)","(0, -1)",,"(2, 3):onion","(3, 0):empty;(4, 1):empty",80.0,68.0,3,"(-1, 0)",0.0,0.0,0.0,0.0,80.0,68.0,False,"(3, 1)",onion,"(1, 2)",,"(2, 3):onion","(3, 0):empty;(4, 1):empty"
176,5,interact,"(3, 1)","(0, -1)",onion,"(1, 2)","(-1, 0)",,"(2, 3):onion","(3, 0):empty;(4, 1):empty",80.0,68.0,5,interact,3.0594,0.0,3.0,0.0594,80.0,71.0,False,"(3, 1)",,"(1, 2)",onion,"(2, 3):onion;(3, 0):soup('onion', 1, 0)","(3, 0):soup('onion', 1, 0);(4, 1):empty"
177,1,"(0, 1)","(3, 1)","(0, -1)",,"(1, 2)","(-1, 0)",onion,"(2, 3):onion;(3, 0):soup('onion', 1, 0)","(3, 0):soup('onion', 1, 0);(4, 1):empty",80.0,71.0,1,"(0, 1)",-0.0006000000000000006,0.0,0.0,-0.0006000000000000006,80.0,71.0,False,"(3, 2)",,"(1, 3)",onion,"(2, 3):onion;(3, 0):soup('onion', 1, 0)","(3, 0):soup('onion', 1, 0);(4, 1):empty"
178,1,"(0, 1)","(3, 2)","(0, 1)",,"(1, 3)","(0, 1)",onion,"(2, 3):onion;(3, 0):soup('onion', 1, 0)","(3, 0):soup('onion', 1, 0);(4, 1):empty",80.0,71.0,2,"(1, 0)",-0.0006000000000000006,0.0,0.0,-0.0006000000000000006,80.0,71.0,False,"(3, 3)",,"(1, 3)",onion,"(2, 3):onion;(3, 0):soup('onion', 1, 0)","(3, 0):soup('onion', 1, 0);(4, 1):empty"
179,3,"(-1, 0)","(3, 3)","(0, 1)",,"(1, 3)","(1, 0)",onion,"(2, 3):onion;(3, 0):soup('onion', 1, 0)","(3, 0):soup('onion', 1, 0);(4, 1):empty",80.0,71.0,5,interact,-0.0006000000000000006,0.0,0.0,-0.0006000000000000006,80.0,71.0,False,"(3, 3)",,"(1, 3)",onion,"(2, 3):onion;(3, 0):soup('onion', 1, 0)","(3, 0):soup('onion', 1, 0);(4, 1):empty"
180,5,interact,"(3, 3)","(-1, 0)",,"(1, 3)","(1, 0)",onion,"(2, 3):onion;(3, 0):soup('onion', 1, 0)","(3, 0):soup('onion', 1, 0);(4, 1):empty",80.0,71.0,5,interact,-0.0006000000000000006,0.0,0.0,-0.0006000000000000006,80.0,71.0,False,"(3, 3)",onion,"(1, 3)",,"(2, 3):onion;(3, 0):soup('onion', 1, 0)","(3, 0):soup('onion', 1, 0);(4, 1):empty"
181,0,"(0, -1)","(3, 3)","(-1, 0)",onion,"(1, 3)","(1, 0)",,"(2, 3):onion;(3, 0):soup('onion', 1, 0)","(3, 0):soup('onion', 1, 0);(4, 1):empty",80.0,71.0,0,"(0, -1)",-0.0006000000000000006,0.0,0.0,-0.0006000000000000006,80.0,71.0,False,"(3, 2)",onion,"(1, 2)",,"(2, 3):onion;(3, 0):soup('onion', 1, 0)","(3, 0):soup('onion', 1, 0);(4, 1):empty"
182,0,"(0, -1)","(3, 2)","(0, -1)",onion,"(1, 2)","(0, -1)",,"(2, 3):onion;(3, 0):soup('onion', 1, 0)","(3, 0):soup('onion', 1, 0);(4, 1):empty",80.0,71.0,1,"(0, 1)",-0.0006000000000000006,0.0,0.0,-0.0006000000000000006,80.0,71.0,False,"(3, 1)",onion,"(1, 3)",,"(2, 3):onion;(3, 0):soup('onion', 1, 0)","(3, 0):soup('onion', 1, 0);(4, 1):empty"
183,5,interact,"(3, 1)","(0, -1)",onion,"(1, 3)","(0, 1)",,"(2, 3):onion;(3, 0):soup('onion', 1, 0)","(3, 0):soup('onion', 1, 0);(4, 1):empty",80.0,71.0,0,"(0, -1)",3.0588,0.0,3.0,0.0588,80.0,74.0,False,"(3, 1)",,"(1, 2)",,"(2, 3):onion;(3, 0):soup('onion', 2, 0)","(3, 0):soup('onion', 2, 0);(4, 1):empty"
184,1,"(0, 1)","(3, 1)","(0, -1)",,"(1, 2)","(0, -1)",,"(2, 3):onion;(3, 0):soup('onion', 2, 0)","(3, 0):soup('onion', 2, 0);(4, 1):empty",80.0,74.0,2,"(1, 0)",-0.0012000000000000012,0.0,0.0,-0.0012000000000000012,80.0,74.0,False,"(3, 2)",,"(1, 2)",,"(2, 3):onion;(3, 0):soup('onion', 2, 0)","(3, 0):soup('onion', 2, 0);(4, 1):empty"
185,1,"(0, 1)","(3, 2)","(0, 1)",,"(1, 2)","(1, 0)",,"(2, 3):onion;(3, 0):soup('onion', 2, 0)","(3, 0):soup('onion', 2, 0);(4, 1):empty",80.0,74.0,3,"(-1, 0)",-0.0012000000000000012,0.0,0.0,-0.0012000000000000012,80.0,74.0,False,"(3, 3)",,"(1, 2)",,"(2, 3):onion;(3, 0):soup('onion', 2, 0)","(3, 0):soup('onion', 2, 0);(4, 1):empty"
186,3,"(-1, 0)","(3, 3)","(0, 1)",,"(1, 2)","(-1, 0)",,"(2, 3):onion;(3, 0):soup('onion', 2, 0)","(3, 0):soup('onion', 2, 0);(4, 1):empty",80.0,74.0,5,interact,-0.0012000000000000012,0.0,0.0,-0.0012000000000000012,80.0,74.0,False,"(3, 3)",,"(1, 2)",onion,"(2, 3):onion;(3, 0):soup('onion', 2, 0)","(3, 0):soup('onion', 2, 0);(4, 1):empty"
187,5,interact,"(3, 3)","(-1, 0)",,"(1, 2)","(-1, 0)",onion,"(2, 3):onion;(3, 0):soup('onion', 2, 0)","(3, 0):soup('onion', 2, 0);(4, 1):empty",80.0,74.0,1,"(0, 1)",-0.0012000000000000012,0.0,0.0,-0.0012000000000000012,80.0,74.0,False,"(3, 3)",onion,"(1, 3)",onion,"(3, 0):soup('onion', 2, 0)","(3, 0):soup('onion', 2, 0);(4, 1):empty"
188,0,"(0, -1)","(3, 3)","(-1, 0)",onion,"(1, 3)","(0, 1)",onion,"(3, 0):soup('onion', 2, 0)","(3, 0):soup('onion', 2, 0);(4, 1):empty",80.0,74.0,2,"(1, 0)",-0.0012000000000000012,0.0,0.0,-0.0012000000000000012,80.0,74.0,False,"(3, 2)",onion,"(1, 3)",onion,"(3, 0):soup('onion', 2, 0)","(3, 0):soup('onion', 2, 0);(4, 1):empty"
189,0,"(0, -1)","(3, 2)","(0, -1)",onion,"(1, 3)","(1, 0)",onion,"(3, 0):soup('onion', 2, 0)","(3, 0):soup('onion', 2, 0);(4, 1):empty",80.0,74.0,1,"(0, 1)",-0.0012000000000000012,0.0,0.0,-0.0012000000000000012,80.0,74.0,False,"(3, 1)",onion,"(1, 3)",onion,"(3, 0):soup('onion', 2, 0)","(3, 0):soup('onion', 2, 0);(4, 1):empty"
190,5,interact,"(3, 1)","(0, -1)",onion,"(1, 3)","(0, 1)",onion,"(3, 0):soup('onion', 2, 0)","(3, 0):soup('onion', 2, 0);(4, 1):empty",80.0,74.0,2,"(1, 0)",3.078,0.0,3.0,0.07800000000000001,80.0,77.0,False,"(3, 1)",,"(1, 3)",onion,"(3, 0):soup('onion', 3, 1)","(3, 0):soup('onion', 3, 1);(4, 1):empty"
191,1,"(0, 1)","(3, 1)","(0, -1)",,"(1, 3)","(1, 0)",onion,"(3, 0):soup('onion', 3, 1)","(3, 0):soup('onion', 3, 1);(4, 1):empty",80.0,77.0,4,"(0, 0)",-0.0020000000000000018,0.0,0.0,-0.0020000000000000018,80.0,77.0,False,"(3, 2)",,"(1, 3)",onion,"(3, 0):soup('onion', 3, 2)","(3, 0):soup('onion', 3, 2);(4, 1):empty"
192,3,"(-1, 0)","(3, 2)","(0, 1)",,"(1, 3)","(1, 0)",onion,"(3, 0):soup('onion', 3, 2)","(3, 0):soup('onion', 3, 2);(4, 1):empty",80.0,77.0,5,interact,-0.0020000000000000018,0.0,0.0,-0.0020000000000000018,80.0,77.0,False,"(3, 2)",,"(1, 3)",,"(2, 3):onion;(3, 0):soup('onion', 3, 3)","(3, 0):soup('onion', 3, 3);(4, 1):empty"
193,5,interact,"(3, 2)","(-1, 0)",,"(1, 3)","(1, 0)",,"(2, 3):onion;(3, 0):soup('onion', 3, 3)","(3, 0):soup('onion', 3, 3);(4, 1):empty",80.0,77.0,3,"(-1, 0)",-0.0020000000000000018,0.0,0.0,-0.0020000000000000018,80.0,77.0,False,"(3, 2)",,"(1, 3)",,"(2, 3):onion;(3, 0):soup('onion', 3, 4)","(3, 0):soup('onion', 3, 4);(4, 1):empty"
194,5,interact,"(3, 2)","(-1, 0)",,"(1, 3)","(-1, 0)",,"(2, 3):onion;(3, 0):soup('onion', 3, 4)","(3, 0):soup('onion', 3, 4);(4, 1):empty",80.0,77.0,5,interact,2.998,0.0,3.0,-0.0020000000000000018,80.0,80.0,False,"(3, 2)",,"(1, 3)",dish,"(2, 3):onion;(3, 0):soup('onion', 3, 5)","(3, 0):soup('onion', 3, 5);(4, 1):empty"
195,5,interact,"(3, 2)","(-1, 0)",,"(1, 3)","(-1, 0)",dish,"(2, 3):onion;(3, 0):soup('onion', 3, 5)","(3, 0):soup('onion', 3, 5);(4, 1):empty",80.0,80.0,0,"(0, -1)",-0.0020000000000000018,0.0,0.0,-0.0020000000000000018,80.0,80.0,False,"(3, 2)",,"(1, 2)",dish,"(2, 3):onion;(3, 0):soup('onion', 3, 6)","(3, 0):soup('onion', 3, 6);(4, 1):empty"
196,5,interact,"(3, 2)","(-1, 0)",,"(1, 2)","(0, -1)",dish,"(2, 3):onion;(3, 0):soup('onion', 3, 6)","(3, 0):soup('onion', 3, 6);(4, 1):empty",80.0,80.0,2,"(1, 0)",-0.0020000000000000018,0.0,0.0,-0.0020000000000000018,80.0,80.0,False,"(3, 2)",,"(1, 2)",dish,"(2, 3):onion;(3, 0):soup('onion', 3, 7)","(3, 0):soup('onion', 3, 7);(4, 1):empty"
197,5,interact,"(3, 2)","(-1, 0)",,"(1, 2)","(1, 0)",dish,"(2, 3):onion;(3, 0):soup('onion', 3, 7)","(3, 0):soup('onion', 3, 7);(4, 1):empty",80.0,80.0,5,interact,-0.0020000000000000018,0.0,0.0,-0.0020000000000000018,80.0,80.0,False,"(3, 2)",,"(1, 2)",,"(2, 2):dish;(2, 3):onion;(3, 0):soup('onion', 3, 8)","(3, 0):soup('onion', 3, 8);(4, 1):empty"
198,5,interact,"(3, 2)","(-1, 0)",,"(1, 2)","(1, 0)",,"(2, 2):dish;(2, 3):onion;(3, 0):soup('onion', 3, 8)","(3, 0):soup('onion', 3, 8);(4, 1):empty",80.0,80.0,3,"(-1, 0)",-0.0020000000000000018,0.0,0.0,-0.0020000000000000018,80.0,80.0,False,"(3, 2)",dish,"(1, 2)",,"(2, 3):onion;(3, 0):soup('onion', 3, 9)","(3, 0):soup('onion', 3, 9);(4, 1):empty"
199,0,"(0, -1)","(3, 2)","(-1, 0)",dish,"(1, 2)","(-1, 0)",,"(2, 3):onion;(3, 0):soup('onion', 3, 9)","(3, 0):soup('onion', 3, 9);(4, 1):empty",80.0,80.0,5,interact,-0.0020000000000000018,0.0,0.0,-0.0020000000000000018,80.0,80.0,False,"(3, 1)",dish,"(1, 2)",onion,"(2, 3):onion;(3, 0):soup('onion', 3, 10)","(3, 0):soup('onion', 3, 10);(4, 1):empty"
200,5,interact,"(3, 1)","(0, -1)",dish,"(1, 2)","(-1, 0)",onion,"(2, 3):onion;(3, 0):soup('onion', 3, 10)","(3, 0):soup('onion', 3, 10);(4, 1):empty",80.0,80.0,4,"(0, 0)",-0.0020000000000000018,0.0,0.0,-0.0020000000000000018,80.0,80.0,False,"(3, 1)",dish,"(1, 2)",onion,"(2, 3):onion;(3, 0):soup('onion', 3, 11)","(3, 0):soup('onion', 3, 11);(4, 1):empty"
201,5,interact,"(3, 1)","(0, -1)",dish,"(1, 2)","(-1, 0)",onion,"(2, 3):onion;(3, 0):soup('onion', 3, 11)","(3, 0):soup('onion', 3, 11);(4, 1):empty",80.0,80.0,4,"(0, 0)",-0.0020000000000000018,0.0,0.0,-0.0020000000000000018,80.0,80.0,False,"(3, 1)",dish,"(1, 2)",onion,"(2, 3):onion;(3, 0):soup('onion', 3, 12)","(3, 0):soup('onion', 3, 12);(4, 1):empty"
202,5,interact,"(3, 1)","(0, -1)",dish,"(1, 2)","(-1, 0)",onion,"(2, 3):onion;(3, 0):soup('onion', 3, 12)","(3, 0):soup('onion', 3, 12);(4, 1):empty",80.0,80.0,4,"(0, 0)",-0.0020000000000000018,0.0,0.0,-0.0020000000000000018,80.0,80.0,False,"(3, 1)",dish,"(1, 2)",onion,"(2, 3):onion;(3, 0):soup('onion', 3, 13)","(3, 0):soup('onion', 3, 13);(4, 1):empty"
203,5,interact,"(3, 1)","(0, -1)",dish,"(1, 2)","(-1, 0)",onion,"(2, 3):onion;(3, 0):soup('onion', 3, 13)","(3, 0):soup('onion', 3, 13);(4, 1):empty",80.0,80.0,4,"(0, 0)",-0.0020000000000000018,0.0,0.0,-0.0020000000000000018,80.0,80.0,False,"(3, 1)",dish,"(1, 2)",onion,"(2, 3):onion;(3, 0):soup('onion', 3, 14)","(3, 0):soup('onion', 3, 14);(4, 1):empty"
204,5,interact,"(3, 1)","(0, -1)",dish,"(1, 2)","(-1, 0)",onion,"(2, 3):onion;(3, 0):soup('onion', 3, 14)","(3, 0):soup('onion', 3, 14);(4, 1):empty",80.0,80.0,4,"(0, 0)",-0.0020000000000000018,0.0,0.0,-0.0020000000000000018,80.0,80.0,False,"(3, 1)",dish,"(1, 2)",onion,"(2, 3):onion;(3, 0):soup('onion', 3, 15)","(3, 0):soup('onion', 3, 15);(4, 1):empty"
205,5,interact,"(3, 1)","(0, -1)",dish,"(1, 2)","(-1, 0)",onion,"(2, 3):onion;(3, 0):soup('onion', 3, 15)","(3, 0):soup('onion', 3, 15);(4, 1):empty",80.0,80.0,4,"(0, 0)",-0.0020000000000000018,0.0,0.0,-0.0020000000000000018,80.0,80.0,False,"(3, 1)",dish,"(1, 2)",onion,"(2, 3):onion;(3, 0):soup('onion', 3, 16)","(3, 0):soup('onion', 3, 16);(4, 1):empty"
206,5,interact,"(3, 1)","(0, -1)",dish,"(1, 2)","(-1, 0)",onion,"(2, 3):onion;(3, 0):soup('onion', 3, 16)","(3, 0):soup('onion', 3, 16);(4, 1):empty",80.0,80.0,4,"(0, 0)",-0.0020000000000000018,0.0,0.0,-0.0020000000000000018,80.0,80.0,False,"(3, 1)",dish,"(1, 2)",onion,"(2, 3):onion;(3, 0):soup('onion', 3, 17)","(3, 0):soup('onion', 3, 17);(4, 1):empty"
207,5,interact,"(3, 1)","(0, -1)",dish,"(1, 2)","(-1, 0)",onion,"(2, 3):onion;(3, 0):soup('onion', 3, 17)","(3, 0):soup('onion', 3, 17);(4, 1):empty",80.0,80.0,4,"(0, 0)",-0.0020000000000000018,0.0,0.0,-0.0020000000000000018,80.0,80.0,False,"(3, 1)",dish,"(1, 2)",onion,"(2, 3):onion;(3, 0):soup('onion', 3, 18)","(3, 0):soup('onion', 3, 18);(4, 1):empty"
208,5,interact,"(3, 1)","(0, -1)",dish,"(1, 2)","(-1, 0)",onion,"(2, 3):onion;(3, 0):soup('onion', 3, 18)","(3, 0):soup('onion', 3, 18);(4, 1):empty",80.0,80.0,4,"(0, 0)",-0.0020000000000000018,0.0,0.0,-0.0020000000000000018,80.0,80.0,False,"(3, 1)",dish,"(1, 2)",onion,"(2, 3):onion;(3, 0):soup('onion', 3, 19)","(3, 0):soup('onion', 3, 19);(4, 1):empty"
209,5,interact,"(3, 1)","(0, -1)",dish,"(1, 2)","(-1, 0)",onion,"(2, 3):onion;(3, 0):soup('onion', 3, 19)","(3, 0):soup('onion', 3, 19);(4, 1):empty",80.0,80.0,4,"(0, 0)",0.09699999999999998,0.0,0.0,0.09699999999999998,80.0,80.0,False,"(3, 1)",dish,"(1, 2)",onion,"(2, 3):onion;(3, 0):soup('onion', 3, 20)","(3, 0):soup('onion', 3, 20);(4, 1):empty"
210,5,interact,"(3, 1)","(0, -1)",dish,"(1, 2)","(-1, 0)",onion,"(2, 3):onion;(3, 0):soup('onion', 3, 20)","(3, 0):soup('onion', 3, 20);(4, 1):empty",80.0,80.0,4,"(0, 0)",5.0663,0.0,5.0,0.06630000000000003,80.0,85.0,False,"(3, 1)","soup('onion', 3, 20)","(1, 2)",onion,"(2, 3):onion","(3, 0):empty;(4, 1):empty"
211,1,"(0, 1)","(3, 1)","(0, -1)","soup('onion', 3, 20)","(1, 2)","(-1, 0)",onion,"(2, 3):onion","(3, 0):empty;(4, 1):empty",80.0,85.0,4,"(0, 0)",0.006199999999999983,0.0,0.0,0.006199999999999983,80.0,85.0,False,"(3, 2)","soup('onion', 3, 20)","(1, 2)",onion,"(2, 3):onion","(3, 0):empty;(4, 1):empty"
212,1,"(0, 1)","(3, 2)","(0, 1)","soup('onion', 3, 20)","(1, 2)","(-1, 0)",onion,"(2, 3):onion","(3, 0):empty;(4, 1):empty",80.0,85.0,1,"(0, 1)",0.006099999999999994,0.0,0.0,0.006099999999999994,80.0,85.0,False,"(3, 3)","soup('onion', 3, 20)","(1, 3)",onion,"(2, 3):onion","(3, 0):empty;(4, 1):empty"
213,5,interact,"(3, 3)","(0, 1)","soup('onion', 3, 20)","(1, 3)","(0, 1)",onion,"(2, 3):onion","(3, 0):empty;(4, 1):empty",80.0,85.0,2,"(1, 0)",19.61,20.0,0.0,-0.39,100.0,85.0,True,"(3, 3)",,"(1, 3)",onion,"(2, 3):onion","(3, 0):empty;(4, 1):empty"
214,3,"(-1, 0)","(3, 3)","(0, 1)",,"(1, 3)","(1, 0)",onion,"(2, 3):onion","(3, 0):empty;(4, 1):empty",100.0,85.0,5,interact,0.0,0.0,0.0,0.0,100.0,85.0,False,"(3, 3)",,"(1, 3)",onion,"(2, 3):onion","(3, 0):empty;(4, 1):empty"
215,5,interact,"(3, 3)","(-1, 0)",,"(1, 3)","(1, 0)",onion,"(2, 3):onion","(3, 0):empty;(4, 1):empty",100.0,85.0,5,interact,0.0,0.0,0.0,0.0,100.0,85.0,False,"(3, 3)",onion,"(1, 3)",,"(2, 3):onion","(3, 0):empty;(4, 1):empty"
216,0,"(0, -1)","(3, 3)","(-1, 0)",onion,"(1, 3)","(1, 0)",,"(2, 3):onion","(3, 0):empty;(4, 1):empty",100.0,85.0,0,"(0, -1)",0.0,0.0,0.0,0.0,100.0,85.0,False,"(3, 2)",onion,"(1, 2)",,"(2, 3):onion","(3, 0):empty;(4, 1):empty"
217,0,"(0, -1)","(3, 2)","(0, -1)",onion,"(1, 2)","(0, -1)",,"(2, 3):onion","(3, 0):empty;(4, 1):empty",100.0,85.0,3,"(-1, 0)",0.0,0.0,0.0,0.0,100.0,85.0,False,"(3, 1)",onion,"(1, 2)",,"(2, 3):onion","(3, 0):empty;(4, 1):empty"
218,5,interact,"(3, 1)","(0, -1)",onion,"(1, 2)","(-1, 0)",,"(2, 3):onion","(3, 0):empty;(4, 1):empty",100.0,85.0,5,interact,3.0594,0.0,3.0,0.0594,100.0,88.0,False,"(3, 1)",,"(1, 2)",onion,"(2, 3):onion;(3, 0):soup('onion', 1, 0)","(3, 0):soup('onion', 1, 0);(4, 1):empty"
219,1,"(0, 1)","(3, 1)","(0, -1)",,"(1, 2)","(-1, 0)",onion,"(2, 3):onion;(3, 0):soup('onion', 1, 0)","(3, 0):soup('onion', 1, 0);(4, 1):empty",100.0,88.0,1,"(0, 1)",-0.0006000000000000006,0.0,0.0,-0.0006000000000000006,100.0,88.0,False,"(3, 2)",,"(1, 3)",onion,"(2, 3):onion;(3, 0):soup('onion', 1, 0)","(3, 0):soup('onion', 1, 0);(4, 1):empty"
220,1,"(0, 1)","(3, 2)","(0, 1)",,"(1, 3)","(0, 1)",onion,"(2, 3):onion;(3, 0):soup('onion', 1, 0)","(3, 0):soup('onion', 1, 0);(4, 1):empty",100.0,88.0,2,"(1, 0)",-0.0006000000000000006,0.0,0.0,-0.0006000000000000006,100.0,88.0,False,"(3, 3)",,"(1, 3)",onion,"(2, 3):onion;(3, 0):soup('onion', 1, 0)","(3, 0):soup('onion', 1, 0);(4, 1):empty"
221,3,"(-1, 0)","(3, 3)","(0, 1)",,"(1, 3)","(1, 0)",onion,"(2, 3):onion;(3, 0):soup('onion', 1, 0)","(3, 0):soup('onion', 1, 0);(4, 1):empty",100.0,88.0,5,interact,-0.0006000000000000006,0.0,0.0,-0.0006000000000000006,100.0,88.0,False,"(3, 3)",,"(1, 3)",onion,"(2, 3):onion;(3, 0):soup('onion', 1, 0)","(3, 0):soup('onion', 1, 0);(4, 1):empty"
222,5,interact,"(3, 3)","(-1, 0)",,"(1, 3)","(1, 0)",onion,"(2, 3):onion;(3, 0):soup('onion', 1, 0)","(3, 0):soup('onion', 1, 0);(4, 1):empty",100.0,88.0,5,interact,-0.0006000000000000006,0.0,0.0,-0.0006000000000000006,100.0,88.0,False,"(3, 3)",onion,"(1, 3)",,"(2, 3):onion;(3, 0):soup('onion', 1, 0)","(3, 0):soup('onion', 1, 0);(4, 1):empty"
223,0,"(0, -1)","(3, 3)","(-1, 0)",onion,"(1, 3)","(1, 0)",,"(2, 3):onion;(3, 0):soup('onion', 1, 0)","(3, 0):soup('onion', 1, 0);(4, 1):empty",100.0,88.0,0,"(0, -1)",-0.0006000000000000006,0.0,0.0,-0.0006000000000000006,100.0,88.0,False,"(3, 2)",onion,"(1, 2)",,"(2, 3):onion;(3, 0):soup('onion', 1, 0)","(3, 0):soup('onion', 1, 0);(4, 1):empty"
224,0,"(0, -1)","(3, 2)","(0, -1)",onion,"(1, 2)","(0, -1)",,"(2, 3):onion;(3, 0):soup('onion', 1, 0)","(3, 0):soup('onion', 1, 0);(4, 1):empty",100.0,88.0,1,"(0, 1)",-0.0006000000000000006,0.0,0.0,-0.0006000000000000006,100.0,88.0,False,"(3, 1)",onion,"(1, 3)",,"(2, 3):onion;(3, 0):soup('onion', 1, 0)","(3, 0):soup('onion', 1, 0);(4, 1):empty"
225,5,interact,"(3, 1)","(0, -1)",onion,"(1, 3)","(0, 1)",,"(2, 3):onion;(3, 0):soup('onion', 1, 0)","(3, 0):soup('onion', 1, 0);(4, 1):empty",100.0,88.0,0,"(0, -1)",3.0588,0.0,3.0,0.0588,100.0,91.0,False,"(3, 1)",,"(1, 2)",,"(2, 3):onion;(3, 0):soup('onion', 2, 0)","(3, 0):soup('onion', 2, 0);(4, 1):empty"
226,1,"(0, 1)","(3, 1)","(0, -1)",,"(1, 2)","(0, -1)",,"(2, 3):onion;(3, 0):soup('onion', 2, 0)","(3, 0):soup('onion', 2, 0);(4, 1):empty",100.0,91.0,2,"(1, 0)",-0.0012000000000000012,0.0,0.0,-0.0012000000000000012,100.0,91.0,False,"(3, 2)",,"(1, 2)",,"(2, 3):onion;(3, 0):soup('onion', 2, 0)","(3, 0):soup('onion', 2, 0);(4, 1):empty"
227,1,"(0, 1)","(3, 2)","(0, 1)",,"(1, 2)","(1, 0)",,"(2, 3):onion;(3, 0):soup('onion', 2, 0)","(3, 0):soup('onion', 2, 0);(4, 1):empty",100.0,91.0,3,"(-1, 0)",-0.0012000000000000012,0.0,0.0,-0.0012000000000000012,100.0,91.0,False,"(3, 3)",,"(1, 2)",,"(2, 3):onion;(3, 0):soup('onion', 2, 0)","(3, 0):soup('onion', 2, 0);(4, 1):empty"
228,3,"(-1, 0)","(3, 3)","(0, 1)",,"(1, 2)","(-1, 0)",,"(2, 3):onion;(3, 0):soup('onion', 2, 0)","(3, 0):soup('onion', 2, 0);(4, 1):empty",100.0,91.0,5,interact,-0.0012000000000000012,0.0,0.0,-0.0012000000000000012,100.0,91.0,False,"(3, 3)",,"(1, 2)",onion,"(2, 3):onion;(3, 0):soup('onion', 2, 0)","(3, 0):soup('onion', 2, 0);(4, 1):empty"
229,5,interact,"(3, 3)","(-1, 0)",,"(1, 2)","(-1, 0)",onion,"(2, 3):onion;(3, 0):soup('onion', 2, 0)","(3, 0):soup('onion', 2, 0);(4, 1):empty",100.0,91.0,1,"(0, 1)",-0.0012000000000000012,0.0,0.0,-0.0012000000000000012,100.0,91.0,False,"(3, 3)",onion,"(1, 3)",onion,"(3, 0):soup('onion', 2, 0)","(3, 0):soup('onion', 2, 0);(4, 1):empty"
230,0,"(0, -1)","(3, 3)","(-1, 0)",onion,"(1, 3)","(0, 1)",onion,"(3, 0):soup('onion', 2, 0)","(3, 0):soup('onion', 2, 0);(4, 1):empty",100.0,91.0,2,"(1, 0)",-0.0012000000000000012,0.0,0.0,-0.0012000000000000012,100.0,91.0,False,"(3, 2)",onion,"(1, 3)",onion,"(3, 0):soup('onion', 2, 0)","(3, 0):soup('onion', 2, 0);(4, 1):empty"
231,0,"(0, -1)","(3, 2)","(0, -1)",onion,"(1, 3)","(1, 0)",onion,"(3, 0):soup('onion', 2, 0)","(3, 0):soup('onion', 2, 0);(4, 1):empty",100.0,91.0,1,"(0, 1)",-0.0012000000000000012,0.0,0.0,-0.0012000000000000012,100.0,91.0,False,"(3, 1)",onion,"(1, 3)",onion,"(3, 0):soup('onion', 2, 0)","(3, 0):soup('onion', 2, 0);(4, 1):empty"
232,5,interact,"(3, 1)","(0, -1)",onion,"(1, 3)","(0, 1)",onion,"(3, 0):soup('onion', 2, 0)","(3, 0):soup('onion', 2, 0);(4, 1):empty",100.0,91.0,2,"(1, 0)",3.078,0.0,3.0,0.07800000000000001,100.0,94.0,False,"(3, 1)",,"(1, 3)",onion,"(3, 0):soup('onion', 3, 1)","(3, 0):soup('onion', 3, 1);(4, 1):empty"
233,1,"(0, 1)","(3, 1)","(0, -1)",,"(1, 3)","(1, 0)",onion,"(3, 0):soup('onion', 3, 1)","(3, 0):soup('onion', 3, 1);(4, 1):empty",100.0,94.0,4,"(0, 0)",-0.0020000000000000018,0.0,0.0,-0.0020000000000000018,100.0,94.0,False,"(3, 2)",,"(1, 3)",onion,"(3, 0):soup('onion', 3, 2)","(3, 0):soup('onion', 3, 2);(4, 1):empty"
234,3,"(-1, 0)","(3, 2)","(0, 1)",,"(1, 3)","(1, 0)",onion,"(3, 0):soup('onion', 3, 2)","(3, 0):soup('onion', 3, 2);(4, 1):empty",100.0,94.0,5,interact,-0.0020000000000000018,0.0,0.0,-0.0020000000000000018,100.0,94.0,False,"(3, 2)",,"(1, 3)",,"(2, 3):onion;(3, 0):soup('onion', 3, 3)","(3, 0):soup('onion', 3, 3);(4, 1):empty"
235,5,interact,"(3, 2)","(-1, 0)",,"(1, 3)","(1, 0)",,"(2, 3):onion;(3, 0):soup('onion', 3, 3)","(3, 0):soup('onion', 3, 3);(4, 1):empty",100.0,94.0,3,"(-1, 0)",-0.0020000000000000018,0.0,0.0,-0.0020000000000000018,100.0,94.0,False,"(3, 2)",,"(1, 3)",,"(2, 3):onion;(3, 0):soup('onion', 3, 4)","(3, 0):soup('onion', 3, 4);(4, 1):empty"
236,5,interact,"(3, 2)","(-1, 0)",,"(1, 3)","(-1, 0)",,"(2, 3):onion;(3, 0):soup('onion', 3, 4)","(3, 0):soup('onion', 3, 4);(4, 1):empty",100.0,94.0,5,interact,2.998,0.0,3.0,-0.0020000000000000018,100.0,97.0,False,"(3, 2)",,"(1, 3)",dish,"(2, 3):onion;(3, 0):soup('onion', 3, 5)","(3, 0):soup('onion', 3, 5);(4, 1):empty"
237,5,interact,"(3, 2)","(-1, 0)",,"(1, 3)","(-1, 0)",dish,"(2, 3):onion;(3, 0):soup('onion', 3, 5)","(3, 0):soup('onion', 3, 5);(4, 1):empty",100.0,97.0,0,"(0, -1)",-0.0020000000000000018,0.0,0.0,-0.0020000000000000018,100.0,97.0,False,"(3, 2)",,"(1, 2)",dish,"(2, 3):onion;(3, 0):soup('onion', 3, 6)","(3, 0):soup('onion', 3, 6);(4, 1):empty"
238,5,interact,"(3, 2)","(-1, 0)",,"(1, 2)","(0, -1)",dish,"(2, 3):onion;(3, 0):soup('onion', 3, 6)","(3, 0):soup('onion', 3, 6);(4, 1):empty",100.0,97.0,2,"(1, 0)",-0.0020000000000000018,0.0,0.0,-0.0020000000000000018,100.0,97.0,False,"(3, 2)",,"(1, 2)",dish,"(2, 3):onion;(3, 0):soup('onion', 3, 7)","(3, 0):soup('onion', 3, 7);(4, 1):empty"
239,5,interact,"(3, 2)","(-1, 0)",,"(1, 2)","(1, 0)",dish,"(2, 3):onion;(3, 0):soup('onion', 3, 7)","(3, 0):soup('onion', 3, 7);(4, 1):empty",100.0,97.0,5,interact,-0.0020000000000000018,0.0,0.0,-0.0020000000000000018,100.0,97.0,False,"(3, 2)",,"(1, 2)",,"(2, 2):dish;(2, 3):onion;(3, 0):soup('onion', 3, 8)","(3, 0):soup('onion', 3, 8);(4, 1):empty"
240,5,interact,"(3, 2)","(-1, 0)",,"(1, 2)","(1, 0)",,"(2, 2):dish;(2, 3):onion;(3, 0):soup('onion', 3, 8)","(3, 0):soup('onion', 3, 8);(4, 1):empty",100.0,97.0,3,"(-1, 0)",-0.0020000000000000018,0.0,0.0,-0.0020000000000000018,100.0,97.0,False,"(3, 2)",dish,"(1, 2)",,"(2, 3):onion;(3, 0):soup('onion', 3, 9)","(3, 0):soup('onion', 3, 9);(4, 1):empty"
241,0,"(0, -1)","(3, 2)","(-1, 0)",dish,"(1, 2)","(-1, 0)",,"(2, 3):onion;(3, 0):soup('onion', 3, 9)","(3, 0):soup('onion', 3, 9);(4, 1):empty",100.0,97.0,5,interact,-0.0020000000000000018,0.0,0.0,-0.0020000000000000018,100.0,97.0,False,"(3, 1)",dish,"(1, 2)",onion,"(2, 3):onion;(3, 0):soup('onion', 3, 10)","(3, 0):soup('onion', 3, 10);(4, 1):empty"
242,5,interact,"(3, 1)","(0, -1)",dish,"(1, 2)","(-1, 0)",onion,"(2, 3):onion;(3, 0):soup('onion', 3, 10)","(3, 0):soup('onion', 3, 10);(4, 1):empty",100.0,97.0,4,"(0, 0)",-0.0020000000000000018,0.0,0.0,-0.0020000000000000018,100.0,97.0,False,"(3, 1)",dish,"(1, 2)",onion,"(2, 3):onion;(3, 0):soup('onion', 3, 11)","(3, 0):soup('onion', 3, 11);(4, 1):empty"
243,5,interact,"(3, 1)","(0, -1)",dish,"(1, 2)","(-1, 0)",onion,"(2, 3):onion;(3, 0):soup('onion', 3, 11)","(3, 0):soup('onion', 3, 11);(4, 1):empty",100.0,97.0,4,"(0, 0)",-0.0020000000000000018,0.0,0.0,-0.0020000000000000018,100.0,97.0,False,"(3, 1)",dish,"(1, 2)",onion,"(2, 3):onion;(3, 0):soup('onion', 3, 12)","(3, 0):soup('onion', 3, 12);(4, 1):empty"
244,5,interact,"(3, 1)","(0, -1)",dish,"(1, 2)","(-1, 0)",onion,"(2, 3):onion;(3, 0):soup('onion', 3, 12)","(3, 0):soup('onion', 3, 12);(4, 1):empty",100.0,97.0,4,"(0, 0)",-0.0020000000000000018,0.0,0.0,-0.0020000000000000018,100.0,97.0,False,"(3, 1)",dish,"(1, 2)",onion,"(2, 3):onion;(3, 0):soup('onion', 3, 13)","(3, 0):soup('onion', 3, 13);(4, 1):empty"
245,5,interact,"(3, 1)","(0, -1)",dish,"(1, 2)","(-1, 0)",onion,"(2, 3):onion;(3, 0):soup('onion', 3, 13)","(3, 0):soup('onion', 3, 13);(4, 1):empty",100.0,97.0,4,"(0, 0)",-0.0020000000000000018,0.0,0.0,-0.0020000000000000018,100.0,97.0,False,"(3, 1)",dish,"(1, 2)",onion,"(2, 3):onion;(3, 0):soup('onion', 3, 14)","(3, 0):soup('onion', 3, 14);(4, 1):empty"
246,5,interact,"(3, 1)","(0, -1)",dish,"(1, 2)","(-1, 0)",onion,"(2, 3):onion;(3, 0):soup('onion', 3, 14)","(3, 0):soup('onion', 3, 14);(4, 1):empty",100.0,97.0,4,"(0, 0)",-0.0020000000000000018,0.0,0.0,-0.0020000000000000018,100.0,97.0,False,"(3, 1)",dish,"(1, 2)",onion,"(2, 3):onion;(3, 0):soup('onion', 3, 15)","(3, 0):soup('onion', 3, 15);(4, 1):empty"
247,5,interact,"(3, 1)","(0, -1)",dish,"(1, 2)","(-1, 0)",onion,"(2, 3):onion;(3, 0):soup('onion', 3, 15)","(3, 0):soup('onion', 3, 15);(4, 1):empty",100.0,97.0,4,"(0, 0)",-0.0020000000000000018,0.0,0.0,-0.0020000000000000018,100.0,97.0,False,"(3, 1)",dish,"(1, 2)",onion,"(2, 3):onion;(3, 0):soup('onion', 3, 16)","(3, 0):soup('onion', 3, 16);(4, 1):empty"
248,5,interact,"(3, 1)","(0, -1)",dish,"(1, 2)","(-1, 0)",onion,"(2, 3):onion;(3, 0):soup('onion', 3, 16)","(3, 0):soup('onion', 3, 16);(4, 1):empty",100.0,97.0,4,"(0, 0)",-0.0020000000000000018,0.0,0.0,-0.0020000000000000018,100.0,97.0,False,"(3, 1)",dish,"(1, 2)",onion,"(2, 3):onion;(3, 0):soup('onion', 3, 17)","(3, 0):soup('onion', 3, 17);(4, 1):empty"
249,5,interact,"(3, 1)","(0, -1)",dish,"(1, 2)","(-1, 0)",onion,"(2, 3):onion;(3, 0):soup('onion', 3, 17)","(3, 0):soup('onion', 3, 17);(4, 1):empty",100.0,97.0,4,"(0, 0)",-0.0020000000000000018,0.0,0.0,-0.0020000000000000018,100.0,97.0,False,"(3, 1)",dish,"(1, 2)",onion,"(2, 3):onion;(3, 0):soup('onion', 3, 18)","(3, 0):soup('onion', 3, 18);(4, 1):empty"
250,5,interact,"(3, 1)","(0, -1)",dish,"(1, 2)","(-1, 0)",onion,"(2, 3):onion;(3, 0):soup('onion', 3, 18)","(3, 0):soup('onion', 3, 18);(4, 1):empty",100.0,97.0,4,"(0, 0)",-0.0020000000000000018,0.0,0.0,-0.0020000000000000018,100.0,97.0,False,"(3, 1)",dish,"(1, 2)",onion,"(2, 3):onion;(3, 0):soup('onion', 3, 19)","(3, 0):soup('onion', 3, 19);(4, 1):empty"
251,5,interact,"(3, 1)","(0, -1)",dish,"(1, 2)","(-1, 0)",onion,"(2, 3):onion;(3, 0):soup('onion', 3, 19)","(3, 0):soup('onion', 3, 19);(4, 1):empty",100.0,97.0,4,"(0, 0)",0.09699999999999998,0.0,0.0,0.09699999999999998,100.0,97.0,False,"(3, 1)",dish,"(1, 2)",onion,"(2, 3):onion;(3, 0):soup('onion', 3, 20)","(3, 0):soup('onion', 3, 20);(4, 1):empty"
252,5,interact,"(3, 1)","(0, -1)",dish,"(1, 2)","(-1, 0)",onion,"(2, 3):onion;(3, 0):soup('onion', 3, 20)","(3, 0):soup('onion', 3, 20);(4, 1):empty",100.0,97.0,4,"(0, 0)",5.0663,0.0,5.0,0.06630000000000003,100.0,102.0,False,"(3, 1)","soup('onion', 3, 20)","(1, 2)",onion,"(2, 3):onion","(3, 0):empty;(4, 1):empty"
253,1,"(0, 1)","(3, 1)","(0, -1)","soup('onion', 3, 20)","(1, 2)","(-1, 0)",onion,"(2, 3):onion","(3, 0):empty;(4, 1):empty",100.0,102.0,4,"(0, 0)",0.006199999999999983,0.0,0.0,0.006199999999999983,100.0,102.0,False,"(3, 2)","soup('onion', 3, 20)","(1, 2)",onion,"(2, 3):onion","(3, 0):empty;(4, 1):empty"
254,1,"(0, 1)","(3, 2)","(0, 1)","soup('onion', 3, 20)","(1, 2)","(-1, 0)",onion,"(2, 3):onion","(3, 0):empty;(4, 1):empty",100.0,102.0,1,"(0, 1)",0.006099999999999994,0.0,0.0,0.006099999999999994,100.0,102.0,False,"(3, 3)","soup('onion', 3, 20)","(1, 3)",onion,"(2, 3):onion","(3, 0):empty;(4, 1):empty"
255,5,interact,"(3, 3)","(0, 1)","soup('onion', 3, 20)","(1, 3)","(0, 1)",onion,"(2, 3):onion","(3, 0):empty;(4, 1):empty",100.0,102.0,2,"(1, 0)",19.61,20.0,0.0,-0.39,120.0,102.0,True,"(3, 3)",,"(1, 3)",onion,"(2, 3):onion","(3, 0):empty;(4, 1):empty"
256,3,"(-1, 0)","(3, 3)","(0, 1)",,"(1, 3)","(1, 0)",onion,"(2, 3):onion","(3, 0):empty;(4, 1):empty",120.0,102.0,5,interact,0.0,0.0,0.0,0.0,120.0,102.0,False,"(3, 3)",,"(1, 3)",onion,"(2, 3):onion","(3, 0):empty;(4, 1):empty"
257,5,interact,"(3, 3)","(-1, 0)",,"(1, 3)","(1, 0)",onion,"(2, 3):onion","(3, 0):empty;(4, 1):empty",120.0,102.0,5,interact,0.0,0.0,0.0,0.0,120.0,102.0,False,"(3, 3)",onion,"(1, 3)",,"(2, 3):onion","(3, 0):empty;(4, 1):empty"
258,0,"(0, -1)","(3, 3)","(-1, 0)",onion,"(1, 3)","(1, 0)",,"(2, 3):onion","(3, 0):empty;(4, 1):empty",120.0,102.0,0,"(0, -1)",0.0,0.0,0.0,0.0,120.0,102.0,False,"(3, 2)",onion,"(1, 2)",,"(2, 3):onion","(3, 0):empty;(4, 1):empty"
259,0,"(0, -1)","(3, 2)","(0, -1)",onion,"(1, 2)","(0, -1)",,"(2, 3):onion","(3, 0):empty;(4, 1):empty",120.0,102.0,3,"(-1, 0)",0.0,0.0,0.0,0.0,120.0,102.0,False,"(3, 1)",onion,"(1, 2)",,"(2, 3):onion","(3, 0):empty;(4, 1):empty"
260,5,interact,"(3, 1)","(0, -1)",onion,"(1, 2)","(-1, 0)",,"(2, 3):onion","(3, 0):empty;(4, 1):empty",120.0,102.0,5,interact,3.0594,0.0,3.0,0.0594,120.0,105.0,False,"(3, 1)",,"(1, 2)",onion,"(2, 3):onion;(3, 0):soup('onion', 1, 0)","(3, 0):soup('onion', 1, 0);(4, 1):empty"
261,1,"(0, 1)","(3, 1)","(0, -1)",,"(1, 2)","(-1, 0)",onion,"(2, 3):onion;(3, 0):soup('onion', 1, 0)","(3, 0):soup('onion', 1, 0);(4, 1):empty",120.0,105.0,1,"(0, 1)",-0.0006000000000000006,0.0,0.0,-0.0006000000000000006,120.0,105.0,False,"(3, 2)",,"(1, 3)",onion,"(2, 3):onion;(3, 0):soup('onion', 1, 0)","(3, 0):soup('onion', 1, 0);(4, 1):empty"
262,1,"(0, 1)","(3, 2)","(0, 1)",,"(1, 3)","(0, 1)",onion,"(2, 3):onion;(3, 0):soup('onion', 1, 0)","(3, 0):soup('onion', 1, 0);(4, 1):empty",120.0,105.0,2,"(1, 0)",-0.0006000000000000006,0.0,0.0,-0.0006000000000000006,120.0,105.0,False,"(3, 3)",,"(1, 3)",onion,"(2, 3):onion;(3, 0):soup('onion', 1, 0)","(3, 0):soup('onion', 1, 0);(4, 1):empty"
263,3,"(-1, 0)","(3, 3)","(0, 1)",,"(1, 3)","(1, 0)",onion,"(2, 3):onion;(3, 0):soup('onion', 1, 0)","(3, 0):soup('onion', 1, 0);(4, 1):empty",120.0,105.0,5,interact,-0.0006000000000000006,0.0,0.0,-0.0006000000000000006,120.0,105.0,False,"(3, 3)",,"(1, 3)",onion,"(2, 3):onion;(3, 0):soup('onion', 1, 0)","(3, 0):soup('onion', 1, 0);(4, 1):empty"
264,5,interact,"(3, 3)","(-1, 0)",,"(1, 3)","(1, 0)",onion,"(2, 3):onion;(3, 0):soup('onion', 1, 0)","(3, 0):soup('onion', 1, 0);(4, 1):empty",120.0,105.0,5,interact,-0.0006000000000000006,0.0,0.0,-0.0006000000000000006,120.0,105.0,False,"(3, 3)",onion,"(1, 3)",,"(2, 3):onion;(3, 0):soup('onion', 1, 0)","(3, 0):soup('onion', 1, 0);(4, 1):empty"
265,0,"(0, -1)","(3, 3)","(-1, 0)",onion,"(1, 3)","(1, 0)",,"(2, 3):onion;(3, 0):soup('onion', 1, 0)","(3, 0):soup('onion', 1, 0);(4, 1):empty",120.0,105.0,0,"(0, -1)",-0.0006000000000000006,0.0,0.0,-0.0006000000000000006,120.0,105.0,False,"(3, 2)",onion,"(1, 2)",,"(2, 3):onion;(3, 0):soup('onion', 1, 0)","(3, 0):soup('onion', 1, 0);(4, 1):empty"
266,0,"(0, -1)","(3, 2)","(0, -1)",onion,"(1, 2)","(0, -1)",,"(2, 3):onion;(3, 0):soup('onion', 1, 0)","(3, 0):soup('onion', 1, 0);(4, 1):empty",120.0,105.0,1,"(0, 1)",-0.0006000000000000006,0.0,0.0,-0.0006000000000000006,120.0,105.0,False,"(3, 1)",onion,"(1, 3)",,"(2, 3):onion;(3, 0):soup('onion', 1, 0)","(3, 0):soup('onion', 1, 0);(4, 1):empty"
267,5,interact,"(3, 1)","(0, -1)",onion,"(1, 3)","(0, 1)",,"(2, 3):onion;(3, 0):soup('onion', 1, 0)","(3, 0):soup('onion', 1, 0);(4, 1):empty",120.0,105.0,0,"(0, -1)",3.0588,0.0,3.0,0.0588,120.0,108.0,False,"(3, 1)",,"(1, 2)",,"(2, 3):onion;(3, 0):soup('onion', 2, 0)","(3, 0):soup('onion', 2, 0);(4, 1):empty"
268,1,"(0, 1)","(3, 1)","(0, -1)",,"(1, 2)","(0, -1)",,"(2, 3):onion;(3, 0):soup('onion', 2, 0)","(3, 0):soup('onion', 2, 0);(4, 1):empty",120.0,108.0,2,"(1, 0)",-0.0012000000000000012,0.0,0.0,-0.0012000000000000012,120.0,108.0,False,"(3, 2)",,"(1, 2)",,"(2, 3):onion;(3, 0):soup('onion', 2, 0)","(3, 0):soup('onion', 2, 0);(4, 1):empty"
269,1,"(0, 1)","(3, 2)","(0, 1)",,"(1, 2)","(1, 0)",,"(2, 3):onion;(3, 0):soup('onion', 2, 0)","(3, 0):soup('onion', 2, 0);(4, 1):empty",120.0,108.0,3,"(-1, 0)",-0.0012000000000000012,0.0,0.0,-0.0012000000000000012,120.0,108.0,False,"(3, 3)",,"(1, 2)",,"(2, 3):onion;(3, 0):soup('onion', 2, 0)","(3, 0):soup('onion', 2, 0);(4, 1):empty"
270,3,"(-1, 0)","(3, 3)","(0, 1)",,"(1, 2)","(-1, 0)",,"(2, 3):onion;(3, 0):soup('onion', 2, 0)","(3, 0):soup('onion', 2, 0);(4, 1):empty",120.0,108.0,5,interact,-0.0012000000000000012,0.0,0.0,-0.0012000000000000012,120.0,108.0,False,"(3, 3)",,"(1, 2)",onion,"(2, 3):onion;(3, 0):soup('onion', 2, 0)","(3, 0):soup('onion', 2, 0);(4, 1):empty"
271,5,interact,"(3, 3)","(-1, 0)",,"(1, 2)","(-1, 0)",onion,"(2, 3):onion;(3, 0):soup('onion', 2, 0)","(3, 0):soup('onion', 2, 0);(4, 1):empty",120.0,108.0,1,"(0, 1)",-0.0012000000000000012,0.0,0.0,-0.0012000000000000012,120.0,108.0,False,"(3, 3)",onion,"(1, 3)",onion,"(3, 0):soup('onion', 2, 0)","(3, 0):soup('onion', 2, 0);(4, 1):empty"
272,0,"(0, -1)","(3, 3)","(-1, 0)",onion,"(1, 3)","(0, 1)",onion,"(3, 0):soup('onion', 2, 0)","(3, 0):soup('onion', 2, 0);(4, 1):empty",120.0,108.0,2,"(1, 0)",-0.0012000000000000012,0.0,0.0,-0.0012000000000000012,120.0,108.0,False,"(3, 2)",onion,"(1, 3)",onion,"(3, 0):soup('onion', 2, 0)","(3, 0):soup('onion', 2, 0);(4, 1):empty"
273,0,"(0, -1)","(3, 2)","(0, -1)",onion,"(1, 3)","(1, 0)",onion,"(3, 0):soup('onion', 2, 0)","(3, 0):soup('onion', 2, 0);(4, 1):empty",120.0,108.0,1,"(0, 1)",-0.0012000000000000012,0.0,0.0,-0.0012000000000000012,120.0,108.0,False,"(3, 1)",onion,"(1, 3)",onion,"(3, 0):soup('onion', 2, 0)","(3, 0):soup('onion', 2, 0);(4, 1):empty"
274,5,interact,"(3, 1)","(0, -1)",onion,"(1, 3)","(0, 1)",onion,"(3, 0):soup('onion', 2, 0)","(3, 0):soup('onion', 2, 0);(4, 1):empty",120.0,108.0,2,"(1, 0)",3.078,0.0,3.0,0.07800000000000001,120.0,111.0,False,"(3, 1)",,"(1, 3)",onion,"(3, 0):soup('onion', 3, 1)","(3, 0):soup('onion', 3, 1);(4, 1):empty"
275,1,"(0, 1)","(3, 1)","(0, -1)",,"(1, 3)","(1, 0)",onion,"(3, 0):soup('onion', 3, 1)","(3, 0):soup('onion', 3, 1);(4, 1):empty",120.0,111.0,4,"(0, 0)",-0.0020000000000000018,0.0,0.0,-0.0020000000000000018,120.0,111.0,False,"(3, 2)",,"(1, 3)",onion,"(3, 0):soup('onion', 3, 2)","(3, 0):soup('onion', 3, 2);(4, 1):empty"
276,3,"(-1, 0)","(3, 2)","(0, 1)",,"(1, 3)","(1, 0)",onion,"(3, 0):soup('onion', 3, 2)","(3, 0):soup('onion', 3, 2);(4, 1):empty",120.0,111.0,5,interact,-0.0020000000000000018,0.0,0.0,-0.0020000000000000018,120.0,111.0,False,"(3, 2)",,"(1, 3)",,"(2, 3):onion;(3, 0):soup('onion', 3, 3)","(3, 0):soup('onion', 3, 3);(4, 1):empty"
277,5,interact,"(3, 2)","(-1, 0)",,"(1, 3)","(1, 0)",,"(2, 3):onion;(3, 0):soup('onion', 3, 3)","(3, 0):soup('onion', 3, 3);(4, 1):empty",120.0,111.0,3,"(-1, 0)",-0.0020000000000000018,0.0,0.0,-0.0020000000000000018,120.0,111.0,False,"(3, 2)",,"(1, 3)",,"(2, 3):onion;(3, 0):soup('onion', 3, 4)","(3, 0):soup('onion', 3, 4);(4, 1):empty"
278,5,interact,"(3, 2)","(-1, 0)",,"(1, 3)","(-1, 0)",,"(2, 3):onion;(3, 0):soup('onion', 3, 4)","(3, 0):soup('onion', 3, 4);(4, 1):empty",120.0,111.0,5,interact,2.998,0.0,3.0,-0.0020000000000000018,120.0,114.0,False,"(3, 2)",,"(1, 3)",dish,"(2, 3):onion;(3, 0):soup('onion', 3, 5)","(3, 0):soup('onion', 3, 5);(4, 1):empty"
279,5,interact,"(3, 2)","(-1, 0)",,"(1, 3)","(-1, 0)",dish,"(2, 3):onion;(3, 0):soup('onion', 3, 5)","(3, 0):soup('onion', 3, 5);(4, 1):empty",120.0,114.0,0,"(0, -1)",-0.0020000000000000018,0.0,0.0,-0.0020000000000000018,120.0,114.0,False,"(3, 2)",,"(1, 2)",dish,"(2, 3):onion;(3, 0):soup('onion', 3, 6)","(3, 0):soup('onion', 3, 6);(4, 1):empty"
280,5,interact,"(3, 2)","(-1, 0)",,"(1, 2)","(0, -1)",dish,"(2, 3):onion;(3, 0):soup('onion', 3, 6)","(3, 0):soup('onion', 3, 6);(4, 1):empty",120.0,114.0,2,"(1, 0)",-0.0020000000000000018,0.0,0.0,-0.0020000000000000018,120.0,114.0,False,"(3, 2)",,"(1, 2)",dish,"(2, 3):onion;(3, 0):soup('onion', 3, 7)","(3, 0):soup('onion', 3, 7);(4, 1):empty"
281,5,interact,"(3, 2)","(-1, 0)",,"(1, 2)","(1, 0)",dish,"(2, 3):onion;(3, 0):soup('onion', 3, 7)","(3, 0):soup('onion', 3, 7);(4, 1):empty",120.0,114.0,5,interact,-0.0020000000000000018,0.0,0.0,-0.0020000000000000018,120.0,114.0,False,"(3, 2)",,"(1, 2)",,"(2, 2):dish;(2, 3):onion;(3, 0):soup('onion', 3, 8)","(3, 0):soup('onion', 3, 8);(4, 1):empty"
282,5,interact,"(3, 2)","(-1, 0)",,"(1, 2)","(1, 0)",,"(2, 2):dish;(2, 3):onion;(3, 0):soup('onion', 3, 8)","(3, 0):soup('onion', 3, 8);(4, 1):empty",120.0,114.0,3,"(-1, 0)",-0.0020000000000000018,0.0,0.0,-0.0020000000000000018,120.0,114.0,False,"(3, 2)",dish,"(1, 2)",,"(2, 3):onion;(3, 0):soup('onion', 3, 9)","(3, 0):soup('onion', 3, 9);(4, 1):empty"
283,0,"(0, -1)","(3, 2)","(-1, 0)",dish,"(1, 2)","(-1, 0)",,"(2, 3):onion;(3, 0):soup('onion', 3, 9)","(3, 0):soup('onion', 3, 9);(4, 1):empty",120.0,114.0,5,interact,-0.0020000000000000018,0.0,0.0,-0.0020000000000000018,120.0,114.0,False,"(3, 1)",dish,"(1, 2)",onion,"(2, 3):onion;(3, 0):soup('onion', 3, 10)","(3, 0):soup('onion', 3, 10);(4, 1):empty"
284,5,interact,"(3, 1)","(0, -1)",dish,"(1, 2)","(-1, 0)",onion,"(2, 3):onion;(3, 0):soup('onion', 3, 10)","(3, 0):soup('onion', 3, 10);(4, 1):empty",120.0,114.0,4,"(0, 0)",-0.0020000000000000018,0.0,0.0,-0.0020000000000000018,120.0,114.0,False,"(3, 1)",dish,"(1, 2)",onion,"(2, 3):onion;(3, 0):soup('onion', 3, 11)","(3, 0):soup('onion', 3, 11);(4, 1):empty"
285,5,interact,"(3, 1)","(0, -1)",dish,"(1, 2)","(-1, 0)",onion,"(2, 3):onion;(3, 0):soup('onion', 3, 11)","(3, 0):soup('onion', 3, 11);(4, 1):empty",120.0,114.0,4,"(0, 0)",-0.0020000000000000018,0.0,0.0,-0.0020000000000000018,120.0,114.0,False,"(3, 1)",dish,"(1, 2)",onion,"(2, 3):onion;(3, 0):soup('onion', 3, 12)","(3, 0):soup('onion', 3, 12);(4, 1):empty"
286,5,interact,"(3, 1)","(0, -1)",dish,"(1, 2)","(-1, 0)",onion,"(2, 3):onion;(3, 0):soup('onion', 3, 12)","(3, 0):soup('onion', 3, 12);(4, 1):empty",120.0,114.0,4,"(0, 0)",-0.0020000000000000018,0.0,0.0,-0.0020000000000000018,120.0,114.0,False,"(3, 1)",dish,"(1, 2)",onion,"(2, 3):onion;(3, 0):soup('onion', 3, 13)","(3, 0):soup('onion', 3, 13);(4, 1):empty"
287,5,interact,"(3, 1)","(0, -1)",dish,"(1, 2)","(-1, 0)",onion,"(2, 3):onion;(3, 0):soup('onion', 3, 13)","(3, 0):soup('onion', 3, 13);(4, 1):empty",120.0,114.0,4,"(0, 0)",-0.0020000000000000018,0.0,0.0,-0.0020000000000000018,120.0,114.0,False,"(3, 1)",dish,"(1, 2)",onion,"(2, 3):onion;(3, 0):soup('onion', 3, 14)","(3, 0):soup('onion', 3, 14);(4, 1):empty"
288,5,interact,"(3, 1)","(0, -1)",dish,"(1, 2)","(-1, 0)",onion,"(2, 3):onion;(3, 0):soup('onion', 3, 14)","(3, 0):soup('onion', 3, 14);(4, 1):empty",120.0,114.0,4,"(0, 0)",-0.0020000000000000018,0.0,0.0,-0.0020000000000000018,120.0,114.0,False,"(3, 1)",dish,"(1, 2)",onion,"(2, 3):onion;(3, 0):soup('onion', 3, 15)","(3, 0):soup('onion', 3, 15);(4, 1):empty"
289,5,interact,"(3, 1)","(0, -1)",dish,"(1, 2)","(-1, 0)",onion,"(2, 3):onion;(3, 0):soup('onion', 3, 15)","(3, 0):soup('onion', 3, 15);(4, 1):empty",120.0,114.0,4,"(0, 0)",-0.0020000000000000018,0.0,0.0,-0.0020000000000000018,120.0,114.0,False,"(3, 1)",dish,"(1, 2)",onion,"(2, 3):onion;(3, 0):soup('onion', 3, 16)","(3, 0):soup('onion', 3, 16);(4, 1):empty"
290,5,interact,"(3, 1)","(0, -1)",dish,"(1, 2)","(-1, 0)",onion,"(2, 3):onion;(3, 0):soup('onion', 3, 16)","(3, 0):soup('onion', 3, 16);(4, 1):empty",120.0,114.0,4,"(0, 0)",-0.0020000000000000018,0.0,0.0,-0.0020000000000000018,120.0,114.0,False,"(3, 1)",dish,"(1, 2)",onion,"(2, 3):onion;(3, 0):soup('onion', 3, 17)","(3, 0):soup('onion', 3, 17);(4, 1):empty"
291,5,interact,"(3, 1)","(0, -1)",dish,"(1, 2)","(-1, 0)",onion,"(2, 3):onion;(3, 0):soup('onion', 3, 17)","(3, 0):soup('onion', 3, 17);(4, 1):empty",120.0,114.0,4,"(0, 0)",-0.0020000000000000018,0.0,0.0,-0.0020000000000000018,120.0,114.0,False,"(3, 1)",dish,"(1, 2)",onion,"(2, 3):onion;(3, 0):soup('onion', 3, 18)","(3, 0):soup('onion', 3, 18);(4, 1):empty"
292,5,interact,"(3, 1)","(0, -1)",dish,"(1, 2)","(-1, 0)",onion,"(2, 3):onion;(3, 0):soup('onion', 3, 18)","(3, 0):soup('onion', 3, 18);(4, 1):empty",120.0,114.0,4,"(0, 0)",-0.0020000000000000018,0.0,0.0,-0.0020000000000000018,120.0,114.0,False,"(3, 1)",dish,"(1, 2)",onion,"(2, 3):onion;(3, 0):soup('onion', 3, 19)","(3, 0):soup('onion', 3, 19);(4, 1):empty"
293,5,interact,"(3, 1)","(0, -1)",dish,"(1, 2)","(-1, 0)",onion,"(2, 3):onion;(3, 0):soup('onion', 3, 19)","(3, 0):soup('onion', 3, 19);(4, 1):empty",120.0,114.0,4,"(0, 0)",0.09699999999999998,0.0,0.0,0.09699999999999998,120.0,114.0,False,"(3, 1)",dish,"(1, 2)",onion,"(2, 3):onion;(3, 0):soup('onion', 3, 20)","(3, 0):soup('onion', 3, 20);(4, 1):empty"
294,5,interact,"(3, 1)","(0, -1)",dish,"(1, 2)","(-1, 0)",onion,"(2, 3):onion;(3, 0):soup('onion', 3, 20)","(3, 0):soup('onion', 3, 20);(4, 1):empty",120.0,114.0,4,"(0, 0)",5.0663,0.0,5.0,0.06630000000000003,120.0,119.0,False,"(3, 1)","soup('onion', 3, 20)","(1, 2)",onion,"(2, 3):onion","(3, 0):empty;(4, 1):empty"
295,1,"(0, 1)","(3, 1)","(0, -1)","soup('onion', 3, 20)","(1, 2)","(-1, 0)",onion,"(2, 3):onion","(3, 0):empty;(4, 1):empty",120.0,119.0,4,"(0, 0)",0.006199999999999983,0.0,0.0,0.006199999999999983,120.0,119.0,False,"(3, 2)","soup('onion', 3, 20)","(1, 2)",onion,"(2, 3):onion","(3, 0):empty;(4, 1):empty"
296,1,"(0, 1)","(3, 2)","(0, 1)","soup('onion', 3, 20)","(1, 2)","(-1, 0)",onion,"(2, 3):onion","(3, 0):empty;(4, 1):empty",120.0,119.0,1,"(0, 1)",0.006099999999999994,0.0,0.0,0.006099999999999994,120.0,119.0,False,"(3, 3)","soup('onion', 3, 20)","(1, 3)",onion,"(2, 3):onion","(3, 0):empty;(4, 1):empty"
297,5,interact,"(3, 3)","(0, 1)","soup('onion', 3, 20)","(1, 3)","(0, 1)",onion,"(2, 3):onion","(3, 0):empty;(4, 1):empty",120.0,119.0,2,"(1, 0)",19.61,20.0,0.0,-0.39,140.0,119.0,True,"(3, 3)",,"(1, 3)",onion,"(2, 3):onion","(3, 0):empty;(4, 1):empty"
298,3,"(-1, 0)","(3, 3)","(0, 1)",,"(1, 3)","(1, 0)",onion,"(2, 3):onion","(3, 0):empty;(4, 1):empty",140.0,119.0,5,interact,0.0,0.0,0.0,0.0,140.0,119.0,False,"(3, 3)",,"(1, 3)",onion,"(2, 3):onion","(3, 0):empty;(4, 1):empty"
299,5,interact,"(3, 3)","(-1, 0)",,"(1, 3)","(1, 0)",onion,"(2, 3):onion","(3, 0):empty;(4, 1):empty",140.0,119.0,5,interact,0.0,0.0,0.0,0.0,140.0,119.0,False,"(3, 3)",onion,"(1, 3)",,"(2, 3):onion","(3, 0):empty;(4, 1):empty"
300,0,"(0, -1)","(3, 3)","(-1, 0)",onion,"(1, 3)","(1, 0)",,"(2, 3):onion","(3, 0):empty;(4, 1):empty",140.0,119.0,0,"(0, -1)",0.0,0.0,0.0,0.0,140.0,119.0,False,"(3, 2)",onion,"(1, 2)",,"(2, 3):onion","(3, 0):empty;(4, 1):empty"
301,0,"(0, -1)","(3, 2)","(0, -1)",onion,"(1, 2)","(0, -1)",,"(2, 3):onion","(3, 0):empty;(4, 1):empty",140.0,119.0,3,"(-1, 0)",0.0,0.0,0.0,0.0,140.0,119.0,False,"(3, 1)",onion,"(1, 2)",,"(2, 3):onion","(3, 0):empty;(4, 1):empty"
302,5,interact,"(3, 1)","(0, -1)",onion,"(1, 2)","(-1, 0)",,"(2, 3):onion","(3, 0):empty;(4, 1):empty",140.0,119.0,5,interact,3.0594,0.0,3.0,0.0594,140.0,122.0,False,"(3, 1)",,"(1, 2)",onion,"(2, 3):onion;(3, 0):soup('onion', 1, 0)","(3, 0):soup('onion', 1, 0);(4, 1):empty"
303,1,"(0, 1)","(3, 1)","(0, -1)",,"(1, 2)","(-1, 0)",onion,"(2, 3):onion;(3, 0):soup('onion', 1, 0)","(3, 0):soup('onion', 1, 0);(4, 1):empty",140.0,122.0,1,"(0, 1)",-0.0006000000000000006,0.0,0.0,-0.0006000000000000006,140.0,122.0,False,"(3, 2)",,"(1, 3)",onion,"(2, 3):onion;(3, 0):soup('onion', 1, 0)","(3, 0):soup('onion', 1, 0);(4, 1):empty"
304,1,"(0, 1)","(3, 2)","(0, 1)",,"(1, 3)","(0, 1)",onion,"(2, 3):onion;(3, 0):soup('onion', 1, 0)","(3, 0):soup('onion', 1, 0);(4, 1):empty",140.0,122.0,2,"(1, 0)",-0.0006000000000000006,0.0,0.0,-0.0006000000000000006,140.0,122.0,False,"(3, 3)",,"(1, 3)",onion,"(2, 3):onion;(3, 0):soup('onion', 1, 0)","(3, 0):soup('onion', 1, 0);(4, 1):empty"
305,3,"(-1, 0)","(3, 3)","(0, 1)",,"(1, 3)","(1, 0)",onion,"(2, 3):onion;(3, 0):soup('onion', 1, 0)","(3, 0):soup('onion', 1, 0);(4, 1):empty",140.0,122.0,5,interact,-0.0006000000000000006,0.0,0.0,-0.0006000000000000006,140.0,122.0,False,"(3, 3)",,"(1, 3)",onion,"(2, 3):onion;(3, 0):soup('onion', 1, 0)","(3, 0):soup('onion', 1, 0);(4, 1):empty"
306,5,interact,"(3, 3)","(-1, 0)",,"(1, 3)","(1, 0)",onion,"(2, 3):onion;(3, 0):soup('onion', 1, 0)","(3, 0):soup('onion', 1, 0);(4, 1):empty",140.0,122.0,5,interact,-0.0006000000000000006,0.0,0.0,-0.0006000000000000006,140.0,122.0,False,"(3, 3)",onion,"(1, 3)",,"(2, 3):onion;(3, 0):soup('onion', 1, 0)","(3, 0):soup('onion', 1, 0);(4, 1):empty"
307,0,"(0, -1)","(3, 3)","(-1, 0)",onion,"(1, 3)","(1, 0)",,"(2, 3):onion;(3, 0):soup('onion', 1, 0)","(3, 0):soup('onion', 1, 0);(4, 1):empty",140.0,122.0,0,"(0, -1)",-0.0006000000000000006,0.0,0.0,-0.0006000000000000006,140.0,122.0,False,"(3, 2)",onion,"(1, 2)",,"(2, 3):onion;(3, 0):soup('onion', 1, 0)","(3, 0):soup('onion', 1, 0);(4, 1):empty"
308,0,"(0, -1)","(3, 2)","(0, -1)",onion,"(1, 2)","(0, -1)",,"(2, 3):onion;(3, 0):soup('onion', 1, 0)","(3, 0):soup('onion', 1, 0);(4, 1):empty",140.0,122.0,1,"(0, 1)",-0.0006000000000000006,0.0,0.0,-0.0006000000000000006,140.0,122.0,False,"(3, 1)",onion,"(1, 3)",,"(2, 3):onion;(3, 0):soup('onion', 1, 0)","(3, 0):soup('onion', 1, 0);(4, 1):empty"
309,5,interact,"(3, 1)","(0, -1)",onion,"(1, 3)","(0, 1)",,"(2, 3):onion;(3, 0):soup('onion', 1, 0)","(3, 0):soup('onion', 1, 0);(4, 1):empty",140.0,122.0,0,"(0, -1)",3.0588,0.0,3.0,0.0588,140.0,125.0,False,"(3, 1)",,"(1, 2)",,"(2, 3):onion;(3, 0):soup('onion', 2, 0)","(3, 0):soup('onion', 2, 0);(4, 1):empty"
310,1,"(0, 1)","(3, 1)","(0, -1)",,"(1, 2)","(0, -1)",,"(2, 3):onion;(3, 0):soup('onion', 2, 0)","(3, 0):soup('onion', 2, 0);(4, 1):empty",140.0,125.0,2,"(1, 0)",-0.0012000000000000012,0.0,0.0,-0.0012000000000000012,140.0,125.0,False,"(3, 2)",,"(1, 2)",,"(2, 3):onion;(3, 0):soup('onion', 2, 0)","(3, 0):soup('onion', 2, 0);(4, 1):empty"
311,1,"(0, 1)","(3, 2)","(0, 1)",,"(1, 2)","(1, 0)",,"(2, 3):onion;(3, 0):soup('onion', 2, 0)","(3, 0):soup('onion', 2, 0);(4, 1):empty",140.0,125.0,3,"(-1, 0)",-0.0012000000000000012,0.0,0.0,-0.0012000000000000012,140.0,125.0,False,"(3, 3)",,"(1, 2)",,"(2, 3):onion;(3, 0):soup('onion', 2, 0)","(3, 0):soup('onion', 2, 0);(4, 1):empty"
312,3,"(-1, 0)","(3, 3)","(0, 1)",,"(1, 2)","(-1, 0)",,"(2, 3):onion;(3, 0):soup('onion', 2, 0)","(3, 0):soup('onion', 2, 0);(4, 1):empty",140.0,125.0,5,interact,-0.0012000000000000012,0.0,0.0,-0.0012000000000000012,140.0,125.0,False,"(3, 3)",,"(1, 2)",onion,"(2, 3):onion;(3, 0):soup('onion', 2, 0)","(3, 0):soup('onion', 2, 0);(4, 1):empty"
313,5,interact,"(3, 3)","(-1, 0)",,"(1, 2)","(-1, 0)",onion,"(2, 3):onion;(3, 0):soup('onion', 2, 0)","(3, 0):soup('onion', 2, 0);(4, 1):empty",140.0,125.0,1,"(0, 1)",-0.0012000000000000012,0.0,0.0,-0.0012000000000000012,140.0,125.0,False,"(3, 3)",onion,"(1, 3)",onion,"(3, 0):soup('onion', 2, 0)","(3, 0):soup('onion', 2, 0);(4, 1):empty"
314,0,"(0, -1)","(3, 3)","(-1, 0)",onion,"(1, 3)","(0, 1)",onion,"(3, 0):soup('onion', 2, 0)","(3, 0):soup('onion', 2, 0);(4, 1):empty",140.0,125.0,2,"(1, 0)",-0.0012000000000000012,0.0,0.0,-0.0012000000000000012,140.0,125.0,False,"(3, 2)",onion,"(1, 3)",onion,"(3, 0):soup('onion', 2, 0)","(3, 0):soup('onion', 2, 0);(4, 1):empty"
315,0,"(0, -1)","(3, 2)","(0, -1)",onion,"(1, 3)","(1, 0)",onion,"(3, 0):soup('onion', 2, 0)","(3, 0):soup('onion', 2, 0);(4, 1):empty",140.0,125.0,1,"(0, 1)",-0.0012000000000000012,0.0,0.0,-0.0012000000000000012,140.0,125.0,False,"(3, 1)",onion,"(1, 3)",onion,"(3, 0):soup('onion', 2, 0)","(3, 0):soup('onion', 2, 0);(4, 1):empty"
316,5,interact,"(3, 1)","(0, -1)",onion,"(1, 3)","(0, 1)",onion,"(3, 0):soup('onion', 2, 0)","(3, 0):soup('onion', 2, 0);(4, 1):empty",140.0,125.0,2,"(1, 0)",3.078,0.0,3.0,0.07800000000000001,140.0,128.0,False,"(3, 1)",,"(1, 3)",onion,"(3, 0):soup('onion', 3, 1)","(3, 0):soup('onion', 3, 1);(4, 1):empty"
317,1,"(0, 1)","(3, 1)","(0, -1)",,"(1, 3)","(1, 0)",onion,"(3, 0):soup('onion', 3, 1)","(3, 0):soup('onion', 3, 1);(4, 1):empty",140.0,128.0,4,"(0, 0)",-0.0020000000000000018,0.0,0.0,-0.0020000000000000018,140.0,128.0,False,"(3, 2)",,"(1, 3)",onion,"(3, 0):soup('onion', 3, 2)","(3, 0):soup('onion', 3, 2);(4, 1):empty"
318,3,"(-1, 0)","(3, 2)","(0, 1)",,"(1, 3)","(1, 0)",onion,"(3, 0):soup('onion', 3, 2)","(3, 0):soup('onion', 3, 2);(4, 1):empty",140.0,128.0,5,interact,-0.0020000000000000018,0.0,0.0,-0.0020000000000000018,140.0,128.0,False,"(3, 2)",,"(1, 3)",,"(2, 3):onion;(3, 0):soup('onion', 3, 3)","(3, 0):soup('onion', 3, 3);(4, 1):empty"
319,5,interact,"(3, 2)","(-1, 0)",,"(1, 3)","(1, 0)",,"(2, 3):onion;(3, 0):soup('onion', 3, 3)","(3, 0):soup('onion', 3, 3);(4, 1):empty",140.0,128.0,3,"(-1, 0)",-0.0020000000000000018,0.0,0.0,-0.0020000000000000018,140.0,128.0,False,"(3, 2)",,"(1, 3)",,"(2, 3):onion;(3, 0):soup('onion', 3, 4)","(3, 0):soup('onion', 3, 4);(4, 1):empty"
320,5,interact,"(3, 2)","(-1, 0)",,"(1, 3)","(-1, 0)",,"(2, 3):onion;(3, 0):soup('onion', 3, 4)","(3, 0):soup('onion', 3, 4);(4, 1):empty",140.0,128.0,5,interact,2.998,0.0,3.0,-0.0020000000000000018,140.0,131.0,False,"(3, 2)",,"(1, 3)",dish,"(2, 3):onion;(3, 0):soup('onion', 3, 5)","(3, 0):soup('onion', 3, 5);(4, 1):empty"
321,5,interact,"(3, 2)","(-1, 0)",,"(1, 3)","(-1, 0)",dish,"(2, 3):onion;(3, 0):soup('onion', 3, 5)","(3, 0):soup('onion', 3, 5);(4, 1):empty",140.0,131.0,0,"(0, -1)",-0.0020000000000000018,0.0,0.0,-0.0020000000000000018,140.0,131.0,False,"(3, 2)",,"(1, 2)",dish,"(2, 3):onion;(3, 0):soup('onion', 3, 6)","(3, 0):soup('onion', 3, 6);(4, 1):empty"
322,5,interact,"(3, 2)","(-1, 0)",,"(1, 2)","(0, -1)",dish,"(2, 3):onion;(3, 0):soup('onion', 3, 6)","(3, 0):soup('onion', 3, 6);(4, 1):empty",140.0,131.0,2,"(1, 0)",-0.0020000000000000018,0.0,0.0,-0.0020000000000000018,140.0,131.0,False,"(3, 2)",,"(1, 2)",dish,"(2, 3):onion;(3, 0):soup('onion', 3, 7)","(3, 0):soup('onion', 3, 7);(4, 1):empty"
323,5,interact,"(3, 2)","(-1, 0)",,"(1, 2)","(1, 0)",dish,"(2, 3):onion;(3, 0):soup('onion', 3, 7)","(3, 0):soup('onion', 3, 7);(4, 1):empty",140.0,131.0,5,interact,-0.0020000000000000018,0.0,0.0,-0.0020000000000000018,140.0,131.0,False,"(3, 2)",,"(1, 2)",,"(2, 2):dish;(2, 3):onion;(3, 0):soup('onion', 3, 8)","(3, 0):soup('onion', 3, 8);(4, 1):empty"
324,5,interact,"(3, 2)","(-1, 0)",,"(1, 2)","(1, 0)",,"(2, 2):dish;(2, 3):onion;(3, 0):soup('onion', 3, 8)","(3, 0):soup('onion', 3, 8);(4, 1):empty",140.0,131.0,3,"(-1, 0)",-0.0020000000000000018,0.0,0.0,-0.0020000000000000018,140.0,131.0,False,"(3, 2)",dish,"(1, 2)",,"(2, 3):onion;(3, 0):soup('onion', 3, 9)","(3, 0):soup('onion', 3, 9);(4, 1):empty"
325,0,"(0, -1)","(3, 2)","(-1, 0)",dish,"(1, 2)","(-1, 0)",,"(2, 3):onion;(3, 0):soup('onion', 3, 9)","(3, 0):soup('onion', 3, 9);(4, 1):empty",140.0,131.0,5,interact,-0.0020000000000000018,0.0,0.0,-0.0020000000000000018,140.0,131.0,False,"(3, 1)",dish,"(1, 2)",onion,"(2, 3):onion;(3, 0):soup('onion', 3, 10)","(3, 0):soup('onion', 3, 10);(4, 1):empty"
326,5,interact,"(3, 1)","(0, -1)",dish,"(1, 2)","(-1, 0)",onion,"(2, 3):onion;(3, 0):soup('onion', 3, 10)","(3, 0):soup('onion', 3, 10);(4, 1):empty",140.0,131.0,4,"(0, 0)",-0.0020000000000000018,0.0,0.0,-0.0020000000000000018,140.0,131.0,False,"(3, 1)",dish,"(1, 2)",onion,"(2, 3):onion;(3, 0):soup('onion', 3, 11)","(3, 0):soup('onion', 3, 11);(4, 1):empty"
327,5,interact,"(3, 1)","(0, -1)",dish,"(1, 2)","(-1, 0)",onion,"(2, 3):onion;(3, 0):soup('onion', 3, 11)","(3, 0):soup('onion', 3, 11);(4, 1):empty",140.0,131.0,4,"(0, 0)",-0.0020000000000000018,0.0,0.0,-0.0020000000000000018,140.0,131.0,False,"(3, 1)",dish,"(1, 2)",onion,"(2, 3):onion;(3, 0):soup('onion', 3, 12)","(3, 0):soup('onion', 3, 12);(4, 1):empty"
328,5,interact,"(3, 1)","(0, -1)",dish,"(1, 2)","(-1, 0)",onion,"(2, 3):onion;(3, 0):soup('onion', 3, 12)","(3, 0):soup('onion', 3, 12);(4, 1):empty",140.0,131.0,4,"(0, 0)",-0.0020000000000000018,0.0,0.0,-0.0020000000000000018,140.0,131.0,False,"(3, 1)",dish,"(1, 2)",onion,"(2, 3):onion;(3, 0):soup('onion', 3, 13)","(3, 0):soup('onion', 3, 13);(4, 1):empty"
329,5,interact,"(3, 1)","(0, -1)",dish,"(1, 2)","(-1, 0)",onion,"(2, 3):onion;(3, 0):soup('onion', 3, 13)","(3, 0):soup('onion', 3, 13);(4, 1):empty",140.0,131.0,4,"(0, 0)",-0.0020000000000000018,0.0,0.0,-0.0020000000000000018,140.0,131.0,False,"(3, 1)",dish,"(1, 2)",onion,"(2, 3):onion;(3, 0):soup('onion', 3, 14)","(3, 0):soup('onion', 3, 14);(4, 1):empty"
330,5,interact,"(3, 1)","(0, -1)",dish,"(1, 2)","(-1, 0)",onion,"(2, 3):onion;(3, 0):soup('onion', 3, 14)","(3, 0):soup('onion', 3, 14);(4, 1):empty",140.0,131.0,4,"(0, 0)",-0.0020000000000000018,0.0,0.0,-0.0020000000000000018,140.0,131.0,False,"(3, 1)",dish,"(1, 2)",onion,"(2, 3):onion;(3, 0):soup('onion', 3, 15)","(3, 0):soup('onion', 3, 15);(4, 1):empty"
331,5,interact,"(3, 1)","(0, -1)",dish,"(1, 2)","(-1, 0)",onion,"(2, 3):onion;(3, 0):soup('onion', 3, 15)","(3, 0):soup('onion', 3, 15);(4, 1):empty",140.0,131.0,4,"(0, 0)",-0.0020000000000000018,0.0,0.0,-0.0020000000000000018,140.0,131.0,False,"(3, 1)",dish,"(1, 2)",onion,"(2, 3):onion;(3, 0):soup('onion', 3, 16)","(3, 0):soup('onion', 3, 16);(4, 1):empty"
332,5,interact,"(3, 1)","(0, -1)",dish,"(1, 2)","(-1, 0)",onion,"(2, 3):onion;(3, 0):soup('onion', 3, 16)","(3, 0):soup('onion', 3, 16);(4, 1):empty",140.0,131.0,4,"(0, 0)",-0.0020000000000000018,0.0,0.0,-0.0020000000000000018,140.0,131.0,False,"(3, 1)",dish,"(1, 2)",onion,"(2, 3):onion;(3, 0):soup('onion', 3, 17)","(3, 0):soup('onion', 3, 17);(4, 1):empty"
333,5,interact,"(3, 1)","(0, -1)",dish,"(1, 2)","(-1, 0)",onion,"(2, 3):onion;(3, 0):soup('onion', 3, 17)","(3, 0):soup('onion', 3, 17);(4, 1):empty",140.0,131.0,4,"(0, 0)",-0.0020000000000000018,0.0,0.0,-0.0020000000000000018,140.0,131.0,False,"(3, 1)",dish,"(1, 2)",onion,"(2, 3):onion;(3, 0):soup('onion', 3, 18)","(3, 0):soup('onion', 3, 18);(4, 1):empty"
334,5,interact,"(3, 1)","(0, -1)",dish,"(1, 2)","(-1, 0)",onion,"(2, 3):onion;(3, 0):soup('onion', 3, 18)","(3, 0):soup('onion', 3, 18);(4, 1):empty",140.0,131.0,4,"(0, 0)",-0.0020000000000000018,0.0,0.0,-0.0020000000000000018,140.0,131.0,False,"(3, 1)",dish,"(1, 2)",onion,"(2, 3):onion;(3, 0):soup('onion', 3, 19)","(3, 0):soup('onion', 3, 19);(4, 1):empty"
335,5,interact,"(3, 1)","(0, -1)",dish,"(1, 2)","(-1, 0)",onion,"(2, 3):onion;(3, 0):soup('onion', 3, 19)","(3, 0):soup('onion', 3, 19);(4, 1):empty",140.0,131.0,4,"(0, 0)",0.09699999999999998,0.0,0.0,0.09699999999999998,140.0,131.0,False,"(3, 1)",dish,"(1, 2)",onion,"(2, 3):onion;(3, 0):soup('onion', 3, 20)","(3, 0):soup('onion', 3, 20);(4, 1):empty"
336,5,interact,"(3, 1)","(0, -1)",dish,"(1, 2)","(-1, 0)",onion,"(2, 3):onion;(3, 0):soup('onion', 3, 20)","(3, 0):soup('onion', 3, 20);(4, 1):empty",140.0,131.0,4,"(0, 0)",5.0663,0.0,5.0,0.06630000000000003,140.0,136.0,False,"(3, 1)","soup('onion', 3, 20)","(1, 2)",onion,"(2, 3):onion","(3, 0):empty;(4, 1):empty"
337,1,"(0, 1)","(3, 1)","(0, -1)","soup('onion', 3, 20)","(1, 2)","(-1, 0)",onion,"(2, 3):onion","(3, 0):empty;(4, 1):empty",140.0,136.0,4,"(0, 0)",0.006199999999999983,0.0,0.0,0.006199999999999983,140.0,136.0,False,"(3, 2)","soup('onion', 3, 20)","(1, 2)",onion,"(2, 3):onion","(3, 0):empty;(4, 1):empty"
338,1,"(0, 1)","(3, 2)","(0, 1)","soup('onion', 3, 20)","(1, 2)","(-1, 0)",onion,"(2, 3):onion","(3, 0):empty;(4, 1):empty",140.0,136.0,1,"(0, 1)",0.006099999999999994,0.0,0.0,0.006099999999999994,140.0,136.0,False,"(3, 3)","soup('onion', 3, 20)","(1, 3)",onion,"(2, 3):onion","(3, 0):empty;(4, 1):empty"
339,5,interact,"(3, 3)","(0, 1)","soup('onion', 3, 20)","(1, 3)","(0, 1)",onion,"(2, 3):onion","(3, 0):empty;(4, 1):empty",140.0,136.0,2,"(1, 0)",19.61,20.0,0.0,-0.39,160.0,136.0,True,"(3, 3)",,"(1, 3)",onion,"(2, 3):onion","(3, 0):empty;(4, 1):empty"
340,3,"(-1, 0)","(3, 3)","(0, 1)",,"(1, 3)","(1, 0)",onion,"(2, 3):onion","(3, 0):empty;(4, 1):empty",160.0,136.0,5,interact,0.0,0.0,0.0,0.0,160.0,136.0,False,"(3, 3)",,"(1, 3)",onion,"(2, 3):onion","(3, 0):empty;(4, 1):empty"
341,5,interact,"(3, 3)","(-1, 0)",,"(1, 3)","(1, 0)",onion,"(2, 3):onion","(3, 0):empty;(4, 1):empty",160.0,136.0,5,interact,0.0,0.0,0.0,0.0,160.0,136.0,False,"(3, 3)",onion,"(1, 3)",,"(2, 3):onion","(3, 0):empty;(4, 1):empty"
342,0,"(0, -1)","(3, 3)","(-1, 0)",onion,"(1, 3)","(1, 0)",,"(2, 3):onion","(3, 0):empty;(4, 1):empty",160.0,136.0,0,"(0, -1)",0.0,0.0,0.0,0.0,160.0,136.0,False,"(3, 2)",onion,"(1, 2)",,"(2, 3):onion","(3, 0):empty;(4, 1):empty"
343,0,"(0, -1)","(3, 2)","(0, -1)",onion,"(1, 2)","(0, -1)",,"(2, 3):onion","(3, 0):empty;(4, 1):empty",160.0,136.0,3,"(-1, 0)",0.0,0.0,0.0,0.0,160.0,136.0,False,"(3, 1)",onion,"(1, 2)",,"(2, 3):onion","(3, 0):empty;(4, 1):empty"
344,5,interact,"(3, 1)","(0, -1)",onion,"(1, 2)","(-1, 0)",,"(2, 3):onion","(3, 0):empty;(4, 1):empty",160.0,136.0,5,interact,3.0594,0.0,3.0,0.0594,160.0,139.0,False,"(3, 1)",,"(1, 2)",onion,"(2, 3):onion;(3, 0):soup('onion', 1, 0)","(3, 0):soup('onion', 1, 0);(4, 1):empty"
345,1,"(0, 1)","(3, 1)","(0, -1)",,"(1, 2)","(-1, 0)",onion,"(2, 3):onion;(3, 0):soup('onion', 1, 0)","(3, 0):soup('onion', 1, 0);(4, 1):empty",160.0,139.0,1,"(0, 1)",-0.0006000000000000006,0.0,0.0,-0.0006000000000000006,160.0,139.0,False,"(3, 2)",,"(1, 3)",onion,"(2, 3):onion;(3, 0):soup('onion', 1, 0)","(3, 0):soup('onion', 1, 0);(4, 1):empty"
346,1,"(0, 1)","(3, 2)","(0, 1)",,"(1, 3)","(0, 1)",onion,"(2, 3):onion;(3, 0):soup('onion', 1, 0)","(3, 0):soup('onion', 1, 0);(4, 1):empty",160.0,139.0,2,"(1, 0)",-0.0006000000000000006,0.0,0.0,-0.0006000000000000006,160.0,139.0,False,"(3, 3)",,"(1, 3)",onion,"(2, 3):onion;(3, 0):soup('onion', 1, 0)","(3, 0):soup('onion', 1, 0);(4, 1):empty"
347,3,"(-1, 0)","(3, 3)","(0, 1)",,"(1, 3)","(1, 0)",onion,"(2, 3):onion;(3, 0):soup('onion', 1, 0)","(3, 0):soup('onion', 1, 0);(4, 1):empty",160.0,139.0,5,interact,-0.0006000000000000006,0.0,0.0,-0.0006000000000000006,160.0,139.0,False,"(3, 3)",,"(1, 3)",onion,"(2, 3):onion;(3, 0):soup('onion', 1, 0)","(3, 0):soup('onion', 1, 0);(4, 1):empty"
348,5,interact,"(3, 3)","(-1, 0)",,"(1, 3)","(1, 0)",onion,"(2, 3):onion;(3, 0):soup('onion', 1, 0)","(3, 0):soup('onion', 1, 0);(4, 1):empty",160.0,139.0,5,interact,-0.0006000000000000006,0.0,0.0,-0.0006000000000000006,160.0,139.0,False,"(3, 3)",onion,"(1, 3)",,"(2, 3):onion;(3, 0):soup('onion', 1, 0)","(3, 0):soup('onion', 1, 0);(4, 1):empty"
349,0,"(0, -1)","(3, 3)","(-1, 0)",onion,"(1, 3)","(1, 0)",,"(2, 3):onion;(3, 0):soup('onion', 1, 0)","(3, 0):soup('onion', 1, 0);(4, 1):empty",160.0,139.0,0,"(0, -1)",-0.0006000000000000006,0.0,0.0,-0.0006000000000000006,160.0,139.0,False,"(3, 2)",onion,"(1, 2)",,"(2, 3):onion;(3, 0):soup('onion', 1, 0)","(3, 0):soup('onion', 1, 0);(4, 1):empty"
350,0,"(0, -1)","(3, 2)","(0, -1)",onion,"(1, 2)","(0, -1)",,"(2, 3):onion;(3, 0):soup('onion', 1, 0)","(3, 0):soup('onion', 1, 0);(4, 1):empty",160.0,139.0,1,"(0, 1)",-0.0006000000000000006,0.0,0.0,-0.0006000000000000006,160.0,139.0,False,"(3, 1)",onion,"(1, 3)",,"(2, 3):onion;(3, 0):soup('onion', 1, 0)","(3, 0):soup('onion', 1, 0);(4, 1):empty"
351,5,interact,"(3, 1)","(0, -1)",onion,"(1, 3)","(0, 1)",,"(2, 3):onion;(3, 0):soup('onion', 1, 0)","(3, 0):soup('onion', 1, 0);(4, 1):empty",160.0,139.0,0,"(0, -1)",3.0588,0.0,3.0,0.0588,160.0,142.0,False,"(3, 1)",,"(1, 2)",,"(2, 3):onion;(3, 0):soup('onion', 2, 0)","(3, 0):soup('onion', 2, 0);(4, 1):empty"
352,1,"(0, 1)","(3, 1)","(0, -1)",,"(1, 2)","(0, -1)",,"(2, 3):onion;(3, 0):soup('onion', 2, 0)","(3, 0):soup('onion', 2, 0);(4, 1):empty",160.0,142.0,2,"(1, 0)",-0.0012000000000000012,0.0,0.0,-0.0012000000000000012,160.0,142.0,False,"(3, 2)",,"(1, 2)",,"(2, 3):onion;(3, 0):soup('onion', 2, 0)","(3, 0):soup('onion', 2, 0);(4, 1):empty"
353,1,"(0, 1)","(3, 2)","(0, 1)",,"(1, 2)","(1, 0)",,"(2, 3):onion;(3, 0):soup('onion', 2, 0)","(3, 0):soup('onion', 2, 0);(4, 1):empty",160.0,142.0,3,"(-1, 0)",-0.0012000000000000012,0.0,0.0,-0.0012000000000000012,160.0,142.0,False,"(3, 3)",,"(1, 2)",,"(2, 3):onion;(3, 0):soup('onion', 2, 0)","(3, 0):soup('onion', 2, 0);(4, 1):empty"
354,3,"(-1, 0)","(3, 3)","(0, 1)",,"(1, 2)","(-1, 0)",,"(2, 3):onion;(3, 0):soup('onion', 2, 0)","(3, 0):soup('onion', 2, 0);(4, 1):empty",160.0,142.0,5,interact,-0.0012000000000000012,0.0,0.0,-0.0012000000000000012,160.0,142.0,False,"(3, 3)",,"(1, 2)",onion,"(2, 3):onion;(3, 0):soup('onion', 2, 0)","(3, 0):soup('onion', 2, 0);(4, 1):empty"
355,5,interact,"(3, 3)","(-1, 0)",,"(1, 2)","(-1, 0)",onion,"(2, 3):onion;(3, 0):soup('onion', 2, 0)","(3, 0):soup('onion', 2, 0);(4, 1):empty",160.0,142.0,1,"(0, 1)",-0.0012000000000000012,0.0,0.0,-0.0012000000000000012,160.0,142.0,False,"(3, 3)",onion,"(1, 3)",onion,"(3, 0):soup('onion', 2, 0)","(3, 0):soup('onion', 2, 0);(4, 1):empty"
356,0,"(0, -1)","(3, 3)","(-1, 0)",onion,"(1, 3)","(0, 1)",onion,"(3, 0):soup('onion', 2, 0)","(3, 0):soup('onion', 2, 0);(4, 1):empty",160.0,142.0,2,"(1, 0)",-0.0012000000000000012,0.0,0.0,-0.0012000000000000012,160.0,142.0,False,"(3, 2)",onion,"(1, 3)",onion,"(3, 0):soup('onion', 2, 0)","(3, 0):soup('onion', 2, 0);(4, 1):empty"
357,0,"(0, -1)","(3, 2)","(0, -1)",onion,"(1, 3)","(1, 0)",onion,"(3, 0):soup('onion', 2, 0)","(3, 0):soup('onion', 2, 0);(4, 1):empty",160.0,142.0,1,"(0, 1)",-0.0012000000000000012,0.0,0.0,-0.0012000000000000012,160.0,142.0,False,"(3, 1)",onion,"(1, 3)",onion,"(3, 0):soup('onion', 2, 0)","(3, 0):soup('onion', 2, 0);(4, 1):empty"
358,5,interact,"(3, 1)","(0, -1)",onion,"(1, 3)","(0, 1)",onion,"(3, 0):soup('onion', 2, 0)","(3, 0):soup('onion', 2, 0);(4, 1):empty",160.0,142.0,2,"(1, 0)",3.078,0.0,3.0,0.07800000000000001,160.0,145.0,False,"(3, 1)",,"(1, 3)",onion,"(3, 0):soup('onion', 3, 1)","(3, 0):soup('onion', 3, 1);(4, 1):empty"
359,1,"(0, 1)","(3, 1)","(0, -1)",,"(1, 3)","(1, 0)",onion,"(3, 0):soup('onion', 3, 1)","(3, 0):soup('onion', 3, 1);(4, 1):empty",160.0,145.0,4,"(0, 0)",-0.0020000000000000018,0.0,0.0,-0.0020000000000000018,160.0,145.0,False,"(3, 2)",,"(1, 3)",onion,"(3, 0):soup('onion', 3, 2)","(3, 0):soup('onion', 3, 2);(4, 1):empty"
360,3,"(-1, 0)","(3, 2)","(0, 1)",,"(1, 3)","(1, 0)",onion,"(3, 0):soup('onion', 3, 2)","(3, 0):soup('onion', 3, 2);(4, 1):empty",160.0,145.0,5,interact,-0.0020000000000000018,0.0,0.0,-0.0020000000000000018,160.0,145.0,False,"(3, 2)",,"(1, 3)",,"(2, 3):onion;(3, 0):soup('onion', 3, 3)","(3, 0):soup('onion', 3, 3);(4, 1):empty"
361,5,interact,"(3, 2)","(-1, 0)",,"(1, 3)","(1, 0)",,"(2, 3):onion;(3, 0):soup('onion', 3, 3)","(3, 0):soup('onion', 3, 3);(4, 1):empty",160.0,145.0,3,"(-1, 0)",-0.0020000000000000018,0.0,0.0,-0.0020000000000000018,160.0,145.0,False,"(3, 2)",,"(1, 3)",,"(2, 3):onion;(3, 0):soup('onion', 3, 4)","(3, 0):soup('onion', 3, 4);(4, 1):empty"
362,5,interact,"(3, 2)","(-1, 0)",,"(1, 3)","(-1, 0)",,"(2, 3):onion;(3, 0):soup('onion', 3, 4)","(3, 0):soup('onion', 3, 4);(4, 1):empty",160.0,145.0,5,interact,2.998,0.0,3.0,-0.0020000000000000018,160.0,148.0,False,"(3, 2)",,"(1, 3)",dish,"(2, 3):onion;(3, 0):soup('onion', 3, 5)","(3, 0):soup('onion', 3, 5);(4, 1):empty"
363,5,interact,"(3, 2)","(-1, 0)",,"(1, 3)","(-1, 0)",dish,"(2, 3):onion;(3, 0):soup('onion', 3, 5)","(3, 0):soup('onion', 3, 5);(4, 1):empty",160.0,148.0,0,"(0, -1)",-0.0020000000000000018,0.0,0.0,-0.0020000000000000018,160.0,148.0,False,"(3, 2)",,"(1, 2)",dish,"(2, 3):onion;(3, 0):soup('onion', 3, 6)","(3, 0):soup('onion', 3, 6);(4, 1):empty"
364,5,interact,"(3, 2)","(-1, 0)",,"(1, 2)","(0, -1)",dish,"(2, 3):onion;(3, 0):soup('onion', 3, 6)","(3, 0):soup('onion', 3, 6);(4, 1):empty",160.0,148.0,2,"(1, 0)",-0.0020000000000000018,0.0,0.0,-0.0020000000000000018,160.0,148.0,False,"(3, 2)",,"(1, 2)",dish,"(2, 3):onion;(3, 0):soup('onion', 3, 7)","(3, 0):soup('onion', 3, 7);(4, 1):empty"
365,5,interact,"(3, 2)","(-1, 0)",,"(1, 2)","(1, 0)",dish,"(2, 3):onion;(3, 0):soup('onion', 3, 7)","(3, 0):soup('onion', 3, 7);(4, 1):empty",160.0,148.0,5,interact,-0.0020000000000000018,0.0,0.0,-0.0020000000000000018,160.0,148.0,False,"(3, 2)",,"(1, 2)",,"(2, 2):dish;(2, 3):onion;(3, 0):soup('onion', 3, 8)","(3, 0):soup('onion', 3, 8);(4, 1):empty"
366,5,interact,"(3, 2)","(-1, 0)",,"(1, 2)","(1, 0)",,"(2, 2):dish;(2, 3):onion;(3, 0):soup('onion', 3, 8)","(3, 0):soup('onion', 3, 8);(4, 1):empty",160.0,148.0,3,"(-1, 0)",-0.0020000000000000018,0.0,0.0,-0.0020000000000000018,160.0,148.0,False,"(3, 2)",dish,"(1, 2)",,"(2, 3):onion;(3, 0):soup('onion', 3, 9)","(3, 0):soup('onion', 3, 9);(4, 1):empty"
367,0,"(0, -1)","(3, 2)","(-1, 0)",dish,"(1, 2)","(-1, 0)",,"(2, 3):onion;(3, 0):soup('onion', 3, 9)","(3, 0):soup('onion', 3, 9);(4, 1):empty",160.0,148.0,5,interact,-0.0020000000000000018,0.0,0.0,-0.0020000000000000018,160.0,148.0,False,"(3, 1)",dish,"(1, 2)",onion,"(2, 3):onion;(3, 0):soup('onion', 3, 10)","(3, 0):soup('onion', 3, 10);(4, 1):empty"
368,5,interact,"(3, 1)","(0, -1)",dish,"(1, 2)","(-1, 0)",onion,"(2, 3):onion;(3, 0):soup('onion', 3, 10)","(3, 0):soup('onion', 3, 10);(4, 1):empty",160.0,148.0,4,"(0, 0)",-0.0020000000000000018,0.0,0.0,-0.0020000000000000018,160.0,148.0,False,"(3, 1)",dish,"(1, 2)",onion,"(2, 3):onion;(3, 0):soup('onion', 3, 11)","(3, 0):soup('onion', 3, 11);(4, 1):empty"
369,5,interact,"(3, 1)","(0, -1)",dish,"(1, 2)","(-1, 0)",onion,"(2, 3):onion;(3, 0):soup('onion', 3, 11)","(3, 0):soup('onion', 3, 11);(4, 1):empty",160.0,148.0,4,"(0, 0)",-0.0020000000000000018,0.0,0.0,-0.0020000000000000018,160.0,148.0,False,"(3, 1)",dish,"(1, 2)",onion,"(2, 3):onion;(3, 0):soup('onion', 3, 12)","(3, 0):soup('onion', 3, 12);(4, 1):empty"
370,5,interact,"(3, 1)","(0, -1)",dish,"(1, 2)","(-1, 0)",onion,"(2, 3):onion;(3, 0):soup('onion', 3, 12)","(3, 0):soup('onion', 3, 12);(4, 1):empty",160.0,148.0,4,"(0, 0)",-0.0020000000000000018,0.0,0.0,-0.0020000000000000018,160.0,148.0,False,"(3, 1)",dish,"(1, 2)",onion,"(2, 3):onion;(3, 0):soup('onion', 3, 13)","(3, 0):soup('onion', 3, 13);(4, 1):empty"
371,5,interact,"(3, 1)","(0, -1)",dish,"(1, 2)","(-1, 0)",onion,"(2, 3):onion;(3, 0):soup('onion', 3, 13)","(3, 0):soup('onion', 3, 13);(4, 1):empty",160.0,148.0,4,"(0, 0)",-0.0020000000000000018,0.0,0.0,-0.0020000000000000018,160.0,148.0,False,"(3, 1)",dish,"(1, 2)",onion,"(2, 3):onion;(3, 0):soup('onion', 3, 14)","(3, 0):soup('onion', 3, 14);(4, 1):empty"
372,5,interact,"(3, 1)","(0, -1)",dish,"(1, 2)","(-1, 0)",onion,"(2, 3):onion;(3, 0):soup('onion', 3, 14)","(3, 0):soup('onion', 3, 14);(4, 1):empty",160.0,148.0,4,"(0, 0)",-0.0020000000000000018,0.0,0.0,-0.0020000000000000018,160.0,148.0,False,"(3, 1)",dish,"(1, 2)",onion,"(2, 3):onion;(3, 0):soup('onion', 3, 15)","(3, 0):soup('onion', 3, 15);(4, 1):empty"
373,5,interact,"(3, 1)","(0, -1)",dish,"(1, 2)","(-1, 0)",onion,"(2, 3):onion;(3, 0):soup('onion', 3, 15)","(3, 0):soup('onion', 3, 15);(4, 1):empty",160.0,148.0,4,"(0, 0)",-0.0020000000000000018,0.0,0.0,-0.0020000000000000018,160.0,148.0,False,"(3, 1)",dish,"(1, 2)",onion,"(2, 3):onion;(3, 0):soup('onion', 3, 16)","(3, 0):soup('onion', 3, 16);(4, 1):empty"
374,5,interact,"(3, 1)","(0, -1)",dish,"(1, 2)","(-1, 0)",onion,"(2, 3):onion;(3, 0):soup('onion', 3, 16)","(3, 0):soup('onion', 3, 16);(4, 1):empty",160.0,148.0,4,"(0, 0)",-0.0020000000000000018,0.0,0.0,-0.0020000000000000018,160.0,148.0,False,"(3, 1)",dish,"(1, 2)",onion,"(2, 3):onion;(3, 0):soup('onion', 3, 17)","(3, 0):soup('onion', 3, 17);(4, 1):empty"
375,5,interact,"(3, 1)","(0, -1)",dish,"(1, 2)","(-1, 0)",onion,"(2, 3):onion;(3, 0):soup('onion', 3, 17)","(3, 0):soup('onion', 3, 17);(4, 1):empty",160.0,148.0,4,"(0, 0)",-0.0020000000000000018,0.0,0.0,-0.0020000000000000018,160.0,148.0,False,"(3, 1)",dish,"(1, 2)",onion,"(2, 3):onion;(3, 0):soup('onion', 3, 18)","(3, 0):soup('onion', 3, 18);(4, 1):empty"
376,5,interact,"(3, 1)","(0, -1)",dish,"(1, 2)","(-1, 0)",onion,"(2, 3):onion;(3, 0):soup('onion', 3, 18)","(3, 0):soup('onion', 3, 18);(4, 1):empty",160.0,148.0,4,"(0, 0)",-0.0020000000000000018,0.0,0.0,-0.0020000000000000018,160.0,148.0,False,"(3, 1)",dish,"(1, 2)",onion,"(2, 3):onion;(3, 0):soup('onion', 3, 19)","(3, 0):soup('onion', 3, 19);(4, 1):empty"
377,5,interact,"(3, 1)","(0, -1)",dish,"(1, 2)","(-1, 0)",onion,"(2, 3):onion;(3, 0):soup('onion', 3, 19)","(3, 0):soup('onion', 3, 19);(4, 1):empty",160.0,148.0,4,"(0, 0)",0.09699999999999998,0.0,0.0,0.09699999999999998,160.0,148.0,False,"(3, 1)",dish,"(1, 2)",onion,"(2, 3):onion;(3, 0):soup('onion', 3, 20)","(3, 0):soup('onion', 3, 20);(4, 1):empty"
378,5,interact,"(3, 1)","(0, -1)",dish,"(1, 2)","(-1, 0)",onion,"(2, 3):onion;(3, 0):soup('onion', 3, 20)","(3, 0):soup('onion', 3, 20);(4, 1):empty",160.0,148.0,4,"(0, 0)",5.0663,0.0,5.0,0.06630000000000003,160.0,153.0,False,"(3, 1)","soup('onion', 3, 20)","(1, 2)",onion,"(2, 3):onion","(3, 0):empty;(4, 1):empty"
379,1,"(0, 1)","(3, 1)","(0, -1)","soup('onion', 3, 20)","(1, 2)","(-1, 0)",onion,"(2, 3):onion","(3, 0):empty;(4, 1):empty",160.0,153.0,4,"(0, 0)",0.006199999999999983,0.0,0.0,0.006199999999999983,160.0,153.0,False,"(3, 2)","soup('onion', 3, 20)","(1, 2)",onion,"(2, 3):onion","(3, 0):empty;(4, 1):empty"
380,1,"(0, 1)","(3, 2)","(0, 1)","soup('onion', 3, 20)","(1, 2)","(-1, 0)",onion,"(2, 3):onion","(3, 0):empty;(4, 1):empty",160.0,153.0,1,"(0, 1)",0.006099999999999994,0.0,0.0,0.006099999999999994,160.0,153.0,False,"(3, 3)","soup('onion', 3, 20)","(1, 3)",onion,"(2, 3):onion","(3, 0):empty;(4, 1):empty"
381,5,interact,"(3, 3)","(0, 1)","soup('onion', 3, 20)","(1, 3)","(0, 1)",onion,"(2, 3):onion","(3, 0):empty;(4, 1):empty",160.0,153.0,2,"(1, 0)",19.61,20.0,0.0,-0.39,180.0,153.0,True,"(3, 3)",,"(1, 3)",onion,"(2, 3):onion","(3, 0):empty;(4, 1):empty"
382,3,"(-1, 0)","(3, 3)","(0, 1)",,"(1, 3)","(1, 0)",onion,"(2, 3):onion","(3, 0):empty;(4, 1):empty",180.0,153.0,5,interact,0.0,0.0,0.0,0.0,180.0,153.0,False,"(3, 3)",,"(1, 3)",onion,"(2, 3):onion","(3, 0):empty;(4, 1):empty"
383,5,interact,"(3, 3)","(-1, 0)",,"(1, 3)","(1, 0)",onion,"(2, 3):onion","(3, 0):empty;(4, 1):empty",180.0,153.0,5,interact,0.0,0.0,0.0,0.0,180.0,153.0,False,"(3, 3)",onion,"(1, 3)",,"(2, 3):onion","(3, 0):empty;(4, 1):empty"
384,0,"(0, -1)","(3, 3)","(-1, 0)",onion,"(1, 3)","(1, 0)",,"(2, 3):onion","(3, 0):empty;(4, 1):empty",180.0,153.0,0,"(0, -1)",0.0,0.0,0.0,0.0,180.0,153.0,False,"(3, 2)",onion,"(1, 2)",,"(2, 3):onion","(3, 0):empty;(4, 1):empty"
385,0,"(0, -1)","(3, 2)","(0, -1)",onion,"(1, 2)","(0, -1)",,"(2, 3):onion","(3, 0):empty;(4, 1):empty",180.0,153.0,3,"(-1, 0)",0.0,0.0,0.0,0.0,180.0,153.0,False,"(3, 1)",onion,"(1, 2)",,"(2, 3):onion","(3, 0):empty;(4, 1):empty"
386,5,interact,"(3, 1)","(0, -1)",onion,"(1, 2)","(-1, 0)",,"(2, 3):onion","(3, 0):empty;(4, 1):empty",180.0,153.0,5,interact,3.0594,0.0,3.0,0.0594,180.0,156.0,False,"(3, 1)",,"(1, 2)",onion,"(2, 3):onion;(3, 0):soup('onion', 1, 0)","(3, 0):soup('onion', 1, 0);(4, 1):empty"
387,1,"(0, 1)","(3, 1)","(0, -1)",,"(1, 2)","(-1, 0)",onion,"(2, 3):onion;(3, 0):soup('onion', 1, 0)","(3, 0):soup('onion', 1, 0);(4, 1):empty",180.0,156.0,1,"(0, 1)",-0.0006000000000000006,0.0,0.0,-0.0006000000000000006,180.0,156.0,False,"(3, 2)",,"(1, 3)",onion,"(2, 3):onion;(3, 0):soup('onion', 1, 0)","(3, 0):soup('onion', 1, 0);(4, 1):empty"
388,1,"(0, 1)","(3, 2)","(0, 1)",,"(1, 3)","(0, 1)",onion,"(2, 3):onion;(3, 0):soup('onion', 1, 0)","(3, 0):soup('onion', 1, 0);(4, 1):empty",180.0,156.0,2,"(1, 0)",-0.0006000000000000006,0.0,0.0,-0.0006000000000000006,180.0,156.0,False,"(3, 3)",,"(1, 3)",onion,"(2, 3):onion;(3, 0):soup('onion', 1, 0)","(3, 0):soup('onion', 1, 0);(4, 1):empty"
389,3,"(-1, 0)","(3, 3)","(0, 1)",,"(1, 3)","(1, 0)",onion,"(2, 3):onion;(3, 0):soup('onion', 1, 0)","(3, 0):soup('onion', 1, 0);(4, 1):empty",180.0,156.0,5,interact,-0.0006000000000000006,0.0,0.0,-0.0006000000000000006,180.0,156.0,False,"(3, 3)",,"(1, 3)",onion,"(2, 3):onion;(3, 0):soup('onion', 1, 0)","(3, 0):soup('onion', 1, 0);(4, 1):empty"
390,5,interact,"(3, 3)","(-1, 0)",,"(1, 3)","(1, 0)",onion,"(2, 3):onion;(3, 0):soup('onion', 1, 0)","(3, 0):soup('onion', 1, 0);(4, 1):empty",180.0,156.0,5,interact,-0.0006000000000000006,0.0,0.0,-0.0006000000000000006,180.0,156.0,False,"(3, 3)",onion,"(1, 3)",,"(2, 3):onion;(3, 0):soup('onion', 1, 0)","(3, 0):soup('onion', 1, 0);(4, 1):empty"
391,0,"(0, -1)","(3, 3)","(-1, 0)",onion,"(1, 3)","(1, 0)",,"(2, 3):onion;(3, 0):soup('onion', 1, 0)","(3, 0):soup('onion', 1, 0);(4, 1):empty",180.0,156.0,0,"(0, -1)",-0.0006000000000000006,0.0,0.0,-0.0006000000000000006,180.0,156.0,False,"(3, 2)",onion,"(1, 2)",,"(2, 3):onion;(3, 0):soup('onion', 1, 0)","(3, 0):soup('onion', 1, 0);(4, 1):empty"
392,0,"(0, -1)","(3, 2)","(0, -1)",onion,"(1, 2)","(0, -1)",,"(2, 3):onion;(3, 0):soup('onion', 1, 0)","(3, 0):soup('onion', 1, 0);(4, 1):empty",180.0,156.0,1,"(0, 1)",-0.0006000000000000006,0.0,0.0,-0.0006000000000000006,180.0,156.0,False,"(3, 1)",onion,"(1, 3)",,"(2, 3):onion;(3, 0):soup('onion', 1, 0)","(3, 0):soup('onion', 1, 0);(4, 1):empty"
393,5,interact,"(3, 1)","(0, -1)",onion,"(1, 3)","(0, 1)",,"(2, 3):onion;(3, 0):soup('onion', 1, 0)","(3, 0):soup('onion', 1, 0);(4, 1):empty",180.0,156.0,0,"(0, -1)",3.0588,0.0,3.0,0.0588,180.0,159.0,False,"(3, 1)",,"(1, 2)",,"(2, 3):onion;(3, 0):soup('onion', 2, 0)","(3, 0):soup('onion', 2, 0);(4, 1):empty"
394,1,"(0, 1)","(3, 1)","(0, -1)",,"(1, 2)","(0, -1)",,"(2, 3):onion;(3, 0):soup('onion', 2, 0)","(3, 0):soup('onion', 2, 0);(4, 1):empty",180.0,159.0,2,"(1, 0)",-0.0012000000000000012,0.0,0.0,-0.0012000000000000012,180.0,159.0,False,"(3, 2)",,"(1, 2)",,"(2, 3):onion;(3, 0):soup('onion', 2, 0)","(3, 0):soup('onion', 2, 0);(4, 1):empty"
395,1,"(0, 1)","(3, 2)","(0, 1)",,"(1, 2)","(1, 0)",,"(2, 3):onion;(3, 0):soup('onion', 2, 0)","(3, 0):soup('onion', 2, 0);(4, 1):empty",180.0,159.0,3,"(-1, 0)",-0.0012000000000000012,0.0,0.0,-0.0012000000000000012,180.0,159.0,False,"(3, 3)",,"(1, 2)",,"(2, 3):onion;(3, 0):soup('onion', 2, 0)","(3, 0):soup('onion', 2, 0);(4, 1):empty"
396,3,"(-1, 0)","(3, 3)","(0, 1)",,"(1, 2)","(-1, 0)",,"(2, 3):onion;(3, 0):soup('onion', 2, 0)","(3, 0):soup('onion', 2, 0);(4, 1):empty",180.0,159.0,5,interact,-0.0012000000000000012,0.0,0.0,-0.0012000000000000012,180.0,159.0,False,"(3, 3)",,"(1, 2)",onion,"(2, 3):onion;(3, 0):soup('onion', 2, 0)","(3, 0):soup('onion', 2, 0);(4, 1):empty"
397,5,interact,"(3, 3)","(-1, 0)",,"(1, 2)","(-1, 0)",onion,"(2, 3):onion;(3, 0):soup('onion', 2, 0)","(3, 0):soup('onion', 2, 0);(4, 1):empty",180.0,159.0,1,"(0, 1)",-0.0012000000000000012,0.0,0.0,-0.0012000000000000012,180.0,159.0,False,"(3, 3)",onion,"(1, 3)",onion,"(3, 0):soup('onion', 2, 0)","(3, 0):soup('onion', 2, 0);(4, 1):empty"
398,0,"(0, -1)","(3, 3)","(-1, 0)",onion,"(1, 3)","(0, 1)",onion,"(3, 0):soup('onion', 2, 0)","(3, 0):soup('onion', 2, 0);(4, 1):empty",180.0,159.0,2,"(1, 0)",-0.0012000000000000012,0.0,0.0,-0.0012000000000000012,180.0,159.0,False,"(3, 2)",onion,"(1, 3)",onion,"(3, 0):soup('onion', 2, 0)","(3, 0):soup('onion', 2, 0);(4, 1):empty"
399,0,"(0, -1)","(3, 2)","(0, -1)",onion,"(1, 3)","(1, 0)",onion,"(3, 0):soup('onion', 2, 0)","(3, 0):soup('onion', 2, 0);(4, 1):empty",180.0,159.0,1,"(0, 1)",-0.0012000000000000012,0.0,0.0,-0.0012000000000000012,180.0,159.0,False,"(3, 1)",onion,"(1, 3)",onion,"(3, 0):soup('onion', 2, 0)","(3, 0):soup('onion', 2, 0);(4, 1):empty"
