step,ego_action_idx,ego_action,p0_pos,p0_orient,p0_held,p1_pos,p1_orient,p1_held,objects_before,pots_before,cum_sparse_before,cum_shaped_before,partner_action_idx,partner_action,reward,sparse_reward,built_in_shaped_reward,custom_shaped_reward,cum_sparse_after,cum_shaped_after,delivery_event,p0_pos_after,p0_held_after,p1_pos_after,p1_held_after,objects_after,pots_after
0,1,"(0, 1)","(3, 1)","(0, -1)",,"(1, 2)","(0, -1)",,,"(3, 0):empty;(4, 1):empty",0.0,0.0,3,"(-1, 0)",0.0,0.0,0.0,0.0,0.0,0.0,False,"(3, 2)",,"(1, 2)",,,"(3, 0):empty;(4, 1):empty"
1,3,"(-1, 0)","(3, 2)","(0, 1)",,"(1, 2)","(-1, 0)",,,"(3, 0):empty;(4, 1):empty",0.0,0.0,5,interact,0.0,0.0,0.0,0.0,0.0,0.0,False,"(3, 2)",,"(1, 2)",onion,,"(3, 0):empty;(4, 1):empty"
2,5,interact,"(3, 2)","(-1, 0)",,"(1, 2)","(-1, 0)",onion,,"(3, 0):empty;(4, 1):empty",0.0,0.0,2,"(1, 0)",0.0,0.0,0.0,0.0,0.0,0.0,False,"(3, 2)",,"(1, 2)",onion,,"(3, 0):empty;(4, 1):empty"
3,5,interact,"(3, 2)","(-1, 0)",,"(1, 2)","(1, 0)",onion,,"(3, 0):empty;(4, 1):empty",0.0,0.0,5,interact,0.0,0.0,0.0,0.0,0.0,0.0,False,"(3, 2)",,"(1, 2)",,"(2, 2):onion","(3, 0):empty;(4, 1):empty"
4,5,interact,"(3, 2)","(-1, 0)",,"(1, 2)","(1, 0)",,"(2, 2):onion","(3, 0):empty;(4, 1):empty",0.0,0.0,3,"(-1, 0)",0.0,0.0,0.0,0.0,0.0,0.0,False,"(3, 2)",onion,"(1, 2)",,,"(3, 0):empty;(4, 1):empty"
5,0,"(0, -1)","(3, 2)","(-1, 0)",onion,"(1, 2)","(-1, 0)",,,"(3, 0):empty;(4, 1):empty",0.0,0.0,5,interact,0.0,0.0,0.0,0.0,0.0,0.0,False,"(3, 1)",onion,"(1, 2)",onion,,"(3, 0):empty;(4, 1):empty"
6,5,interact,"(3, 1)","(0, -1)",onion,"(1, 2)","(-1, 0)",onion,,"(3, 0):empty;(4, 1):empty",0.0,0.0,5,interact,3.3564,0.0,3.0,0.3564,0.0,3.0,False,"(3, 1)",,"(1, 2)",onion,"(3, 0):soup('onion', 1, 0)","(3, 0):soup('onion', 1, 0);(4, 1):empty"
7,3,"(-1, 0)","(3, 1)","(0, -1)",,"(1, 2)","(-1, 0)",onion,"(3, 0):soup('onion', 1, 0)","(3, 0):soup('onion', 1, 0);(4, 1):empty",0.0,3.0,2,"(1, 0)",-0.003600000000000003,0.0,0.0,-0.003600000000000003,0.0,3.0,False,"(3, 1)",,"(1, 2)",onion,"(3, 0):soup('onion', 1, 0)","(3, 0):soup('onion', 1, 0);(4, 1):empty"
8,1,"(0, 1)","(3, 1)","(-1, 0)",,"(1, 2)","(1, 0)",onion,"(3, 0):soup('onion', 1, 0)","(3, 0):soup('onion', 1, 0);(4, 1):empty",0.0,3.0,5,interact,-0.003600000000000003,0.0,0.0,-0.003600000000000003,0.0,3.0,False,"(3, 2)",,"(1, 2)",,"(2, 2):onion;(3, 0):soup('onion', 1, 0)","(3, 0):soup('onion', 1, 0);(4, 1):empty"
9,3,"(-1, 0)","(3, 2)","(0, 1)",,"(1, 2)","(1, 0)",,"(2, 2):onion;(3, 0):soup('onion', 1, 0)","(3, 0):soup('onion', 1, 0);(4, 1):empty",0.0,3.0,3,"(-1, 0)",-0.003600000000000003,0.0,0.0,-0.003600000000000003,0.0,3.0,False,"(3, 2)",,"(1, 2)",,"(2, 2):onion;(3, 0):soup('onion', 1, 0)","(3, 0):soup('onion', 1, 0);(4, 1):empty"
10,5,interact,"(3, 2)","(-1, 0)",,"(1, 2)","(-1, 0)",,"(2, 2):onion;(3, 0):soup('onion', 1, 0)","(3, 0):soup('onion', 1, 0);(4, 1):empty",0.0,3.0,5,interact,-0.003600000000000003,0.0,0.0,-0.003600000000000003,0.0,3.0,False,"(3, 2)",onion,"(1, 2)",onion,"(3, 0):soup('onion', 1, 0)","(3, 0):soup('onion', 1, 0);(4, 1):empty"
11,0,"(0, -1)","(3, 2)","(-1, 0)",onion,"(1, 2)","(-1, 0)",onion,"(3, 0):soup('onion', 1, 0)","(3, 0):soup('onion', 1, 0);(4, 1):empty",0.0,3.0,5,interact,-0.003600000000000003,0.0,0.0,-0.003600000000000003,0.0,3.0,False,"(3, 1)",onion,"(1, 2)",onion,"(3, 0):soup('onion', 1, 0)","(3, 0):soup('onion', 1, 0);(4, 1):empty"
12,5,interact,"(3, 1)","(0, -1)",onion,"(1, 2)","(-1, 0)",onion,"(3, 0):soup('onion', 1, 0)","(3, 0):soup('onion', 1, 0);(4, 1):empty",0.0,3.0,2,"(1, 0)",3.3528,0.0,3.0,0.35279999999999995,0.0,6.0,False,"(3, 1)",,"(1, 2)",onion,"(3, 0):soup('onion', 2, 0)","(3, 0):soup('onion', 2, 0);(4, 1):empty"
13,1,"(0, 1)","(3, 1)","(0, -1)",,"(1, 2)","(1, 0)",onion,"(3, 0):soup('onion', 2, 0)","(3, 0):soup('onion', 2, 0);(4, 1):empty",0.0,6.0,5,interact,-0.007200000000000006,0.0,0.0,-0.007200000000000006,0.0,6.0,False,"(3, 2)",,"(1, 2)",,"(2, 2):onion;(3, 0):soup('onion', 2, 0)","(3, 0):soup('onion', 2, 0);(4, 1):empty"
14,3,"(-1, 0)","(3, 2)","(0, 1)",,"(1, 2)","(1, 0)",,"(2, 2):onion;(3, 0):soup('onion', 2, 0)","(3, 0):soup('onion', 2, 0);(4, 1):empty",0.0,6.0,3,"(-1, 0)",-0.007200000000000006,0.0,0.0,-0.007200000000000006,0.0,6.0,False,"(3, 2)",,"(1, 2)",,"(2, 2):onion;(3, 0):soup('onion', 2, 0)","(3, 0):soup('onion', 2, 0);(4, 1):empty"
15,5,interact,"(3, 2)","(-1, 0)",,"(1, 2)","(-1, 0)",,"(2, 2):onion;(3, 0):soup('onion', 2, 0)","(3, 0):soup('onion', 2, 0);(4, 1):empty",0.0,6.0,5,interact,-0.007200000000000006,0.0,0.0,-0.007200000000000006,0.0,6.0,False,"(3, 2)",onion,"(1, 2)",onion,"(3, 0):soup('onion', 2, 0)","(3, 0):soup('onion', 2, 0);(4, 1):empty"
16,0,"(0, -1)","(3, 2)","(-1, 0)",onion,"(1, 2)","(-1, 0)",onion,"(3, 0):soup('onion', 2, 0)","(3, 0):soup('onion', 2, 0);(4, 1):empty",0.0,6.0,5,interact,-0.007200000000000006,0.0,0.0,-0.007200000000000006,0.0,6.0,False,"(3, 1)",onion,"(1, 2)",onion,"(3, 0):soup('onion', 2, 0)","(3, 0):soup('onion', 2, 0);(4, 1):empty"
17,5,interact,"(3, 1)","(0, -1)",onion,"(1, 2)","(-1, 0)",onion,"(3, 0):soup('onion', 2, 0)","(3, 0):soup('onion', 2, 0);(4, 1):empty",0.0,6.0,2,"(1, 0)",3.468,0.0,3.0,0.46799999999999997,0.0,9.0,False,"(3, 1)",,"(1, 2)",onion,"(3, 0):soup('onion', 3, 1)","(3, 0):soup('onion', 3, 1);(4, 1):empty"
18,3,"(-1, 0)","(3, 1)","(0, -1)",,"(1, 2)","(1, 0)",onion,"(3, 0):soup('onion', 3, 1)","(3, 0):soup('onion', 3, 1);(4, 1):empty",0.0,9.0,5,interact,-0.01200000000000001,0.0,0.0,-0.01200000000000001,0.0,9.0,False,"(3, 1)",,"(1, 2)",,"(2, 2):onion;(3, 0):soup('onion', 3, 2)","(3, 0):soup('onion', 3, 2);(4, 1):empty"
19,1,"(0, 1)","(3, 1)","(-1, 0)",,"(1, 2)","(1, 0)",,"(2, 2):onion;(3, 0):soup('onion', 3, 2)","(3, 0):soup('onion', 3, 2);(4, 1):empty",0.0,9.0,3,"(-1, 0)",-0.01200000000000001,0.0,0.0,-0.01200000000000001,0.0,9.0,False,"(3, 2)",,"(1, 2)",,"(2, 2):onion;(3, 0):soup('onion', 3, 3)","(3, 0):soup('onion', 3, 3);(4, 1):empty"
20,3,"(-1, 0)","(3, 2)","(0, 1)",,"(1, 2)","(-1, 0)",,"(2, 2):onion;(3, 0):soup('onion', 3, 3)","(3, 0):soup('onion', 3, 3);(4, 1):empty",0.0,9.0,1,"(0, 1)",-0.01200000000000001,0.0,0.0,-0.01200000000000001,0.0,9.0,False,"(3, 2)",,"(1, 3)",,"(2, 2):onion;(3, 0):soup('onion', 3, 4)","(3, 0):soup('onion', 3, 4);(4, 1):empty"
21,3,"(-1, 0)","(3, 2)","(-1, 0)",,"(1, 3)","(0, 1)",,"(2, 2):onion;(3, 0):soup('onion', 3, 4)","(3, 0):soup('onion', 3, 4);(4, 1):empty",0.0,9.0,3,"(-1, 0)",-0.01200000000000001,0.0,0.0,-0.01200000000000001,0.0,9.0,False,"(3, 2)",,"(1, 3)",,"(2, 2):onion;(3, 0):soup('onion', 3, 5)","(3, 0):soup('onion', 3, 5);(4, 1):empty"
22,5,interact,"(3, 2)","(-1, 0)",,"(1, 3)","(-1, 0)",,"(2, 2):onion;(3, 0):soup('onion', 3, 5)","(3, 0):soup('onion', 3, 5);(4, 1):empty",0.0,9.0,5,interact,2.988,0.0,3.0,-0.01200000000000001,0.0,12.0,False,"(3, 2)",onion,"(1, 3)",dish,"(3, 0):soup('onion', 3, 6)","(3, 0):soup('onion', 3, 6);(4, 1):empty"
23,0,"(0, -1)","(3, 2)","(-1, 0)",onion,"(1, 3)","(-1, 0)",dish,"(3, 0):soup('onion', 3, 6)","(3, 0):soup('onion', 3, 6);(4, 1):empty",0.0,12.0,2,"(1, 0)",-0.01200000000000001,0.0,0.0,-0.01200000000000001,0.0,12.0,False,"(3, 1)",onion,"(1, 3)",dish,"(3, 0):soup('onion', 3, 7)","(3, 0):soup('onion', 3, 7);(4, 1):empty"
24,2,"(1, 0)","(3, 1)","(0, -1)",onion,"(1, 3)","(1, 0)",dish,"(3, 0):soup('onion', 3, 7)","(3, 0):soup('onion', 3, 7);(4, 1):empty",0.0,12.0,4,"(0, 0)",-0.01200000000000001,0.0,0.0,-0.01200000000000001,0.0,12.0,False,"(3, 1)",onion,"(1, 3)",dish,"(3, 0):soup('onion', 3, 8)","(3, 0):soup('onion', 3, 8);(4, 1):empty"
25,5,interact,"(3, 1)","(1, 0)",onion,"(1, 3)","(1, 0)",dish,"(3, 0):soup('onion', 3, 8)","(3, 0):soup('onion', 3, 8);(4, 1):empty",0.0,12.0,1,"(0, 1)",3.3444,0.0,3.0,0.3443999999999999,0.0,15.0,False,"(3, 1)",,"(1, 3)",dish,"(3, 0):soup('onion', 3, 9);(4, 1):soup('onion', 1, 0)","(3, 0):soup('onion', 3, 9);(4, 1):soup('onion', 1, 0)"
26,1,"(0, 1)","(3, 1)","(1, 0)",,"(1, 3)","(0, 1)",dish,"(3, 0):soup('onion', 3, 9);(4, 1):soup('onion', 1, 0)","(3, 0):soup('onion', 3, 9);(4, 1):soup('onion', 1, 0)",0.0,15.0,0,"(0, -1)",-0.015600000000000147,0.0,0.0,-0.015600000000000147,0.0,15.0,False,"(3, 2)",,"(1, 2)",dish,"(3, 0):soup('onion', 3, 10);(4, 1):soup('onion', 1, 0)","(3, 0):soup('onion', 3, 10);(4, 1):soup('onion', 1, 0)"
27,3,"(-1, 0)","(3, 2)","(0, 1)",,"(1, 2)","(0, -1)",dish,"(3, 0):soup('onion', 3, 10);(4, 1):soup('onion', 1, 0)","(3, 0):soup('onion', 3, 10);(4, 1):soup('onion', 1, 0)",0.0,15.0,2,"(1, 0)",-0.015600000000000147,0.0,0.0,-0.015600000000000147,0.0,15.0,False,"(3, 2)",,"(1, 2)",dish,"(3, 0):soup('onion', 3, 11);(4, 1):soup('onion', 1, 0)","(3, 0):soup('onion', 3, 11);(4, 1):soup('onion', 1, 0)"
28,3,"(-1, 0)","(3, 2)","(-1, 0)",,"(1, 2)","(1, 0)",dish,"(3, 0):soup('onion', 3, 11);(4, 1):soup('onion', 1, 0)","(3, 0):soup('onion', 3, 11);(4, 1):soup('onion', 1, 0)",0.0,15.0,3,"(-1, 0)",-0.015600000000000147,0.0,0.0,-0.015600000000000147,0.0,15.0,False,"(3, 2)",,"(1, 2)",dish,"(3, 0):soup('onion', 3, 12);(4, 1):soup('onion', 1, 0)","(3, 0):soup('onion', 3, 12);(4, 1):soup('onion', 1, 0)"
29,3,"(-1, 0)","(3, 2)","(-1, 0)",,"(1, 2)","(-1, 0)",dish,"(3, 0):soup('onion', 3, 12);(4, 1):soup('onion', 1, 0)","(3, 0):soup('onion', 3, 12);(4, 1):soup('onion', 1, 0)",0.0,15.0,5,interact,-0.015600000000000147,0.0,0.0,-0.015600000000000147,0.0,15.0,False,"(3, 2)",,"(1, 2)",dish,"(3, 0):soup('onion', 3, 13);(4, 1):soup('onion', 1, 0)","(3, 0):soup('onion', 3, 13);(4, 1):soup('onion', 1, 0)"
30,3,"(-1, 0)","(3, 2)","(-1, 0)",,"(1, 2)","(-1, 0)",dish,"(3, 0):soup('onion', 3, 13);(4, 1):soup('onion', 1, 0)","(3, 0):soup('onion', 3, 13);(4, 1):soup('onion', 1, 0)",0.0,15.0,5,interact,-0.015600000000000147,0.0,0.0,-0.015600000000000147,0.0,15.0,False,"(3, 2)",,"(1, 2)",dish,"(3, 0):soup('onion', 3, 14);(4, 1):soup('onion', 1, 0)","(3, 0):soup('onion', 3, 14);(4, 1):soup('onion', 1, 0)"
31,3,"(-1, 0)","(3, 2)","(-1, 0)",,"(1, 2)","(-1, 0)",dish,"(3, 0):soup('onion', 3, 14);(4, 1):soup('onion', 1, 0)","(3, 0):soup('onion', 3, 14);(4, 1):soup('onion', 1, 0)",0.0,15.0,5,interact,-0.015600000000000147,0.0,0.0,-0.015600000000000147,0.0,15.0,False,"(3, 2)",,"(1, 2)",dish,"(3, 0):soup('onion', 3, 15);(4, 1):soup('onion', 1, 0)","(3, 0):soup('onion', 3, 15);(4, 1):soup('onion', 1, 0)"
32,3,"(-1, 0)","(3, 2)","(-1, 0)",,"(1, 2)","(-1, 0)",dish,"(3, 0):soup('onion', 3, 15);(4, 1):soup('onion', 1, 0)","(3, 0):soup('onion', 3, 15);(4, 1):soup('onion', 1, 0)",0.0,15.0,5,interact,-0.015600000000000147,0.0,0.0,-0.015600000000000147,0.0,15.0,False,"(3, 2)",,"(1, 2)",dish,"(3, 0):soup('onion', 3, 16);(4, 1):soup('onion', 1, 0)","(3, 0):soup('onion', 3, 16);(4, 1):soup('onion', 1, 0)"
33,3,"(-1, 0)","(3, 2)","(-1, 0)",,"(1, 2)","(-1, 0)",dish,"(3, 0):soup('onion', 3, 16);(4, 1):soup('onion', 1, 0)","(3, 0):soup('onion', 3, 16);(4, 1):soup('onion', 1, 0)",0.0,15.0,5,interact,-0.015600000000000147,0.0,0.0,-0.015600000000000147,0.0,15.0,False,"(3, 2)",,"(1, 2)",dish,"(3, 0):soup('onion', 3, 17);(4, 1):soup('onion', 1, 0)","(3, 0):soup('onion', 3, 17);(4, 1):soup('onion', 1, 0)"
34,3,"(-1, 0)","(3, 2)","(-1, 0)",,"(1, 2)","(-1, 0)",dish,"(3, 0):soup('onion', 3, 17);(4, 1):soup('onion', 1, 0)","(3, 0):soup('onion', 3, 17);(4, 1):soup('onion', 1, 0)",0.0,15.0,5,interact,-0.015600000000000147,0.0,0.0,-0.015600000000000147,0.0,15.0,False,"(3, 2)",,"(1, 2)",dish,"(3, 0):soup('onion', 3, 18);(4, 1):soup('onion', 1, 0)","(3, 0):soup('onion', 3, 18);(4, 1):soup('onion', 1, 0)"
35,3,"(-1, 0)","(3, 2)","(-1, 0)",,"(1, 2)","(-1, 0)",dish,"(3, 0):soup('onion', 3, 18);(4, 1):soup('onion', 1, 0)","(3, 0):soup('onion', 3, 18);(4, 1):soup('onion', 1, 0)",0.0,15.0,5,interact,-0.015600000000000147,0.0,0.0,-0.015600000000000147,0.0,15.0,False,"(3, 2)",,"(1, 2)",dish,"(3, 0):soup('onion', 3, 19);(4, 1):soup('onion', 1, 0)","(3, 0):soup('onion', 3, 19);(4, 1):soup('onion', 1, 0)"
36,3,"(-1, 0)","(3, 2)","(-1, 0)",,"(1, 2)","(-1, 0)",dish,"(3, 0):soup('onion', 3, 19);(4, 1):soup('onion', 1, 0)","(3, 0):soup('onion', 3, 19);(4, 1):soup('onion', 1, 0)",0.0,15.0,5,interact,0.5783999999999999,0.0,0.0,0.5783999999999999,0.0,15.0,False,"(3, 2)",,"(1, 2)",dish,"(3, 0):soup('onion', 3, 20);(4, 1):soup('onion', 1, 0)","(3, 0):soup('onion', 3, 20);(4, 1):soup('onion', 1, 0)"
37,5,interact,"(3, 2)","(-1, 0)",,"(1, 2)","(-1, 0)",dish,"(3, 0):soup('onion', 3, 20);(4, 1):soup('onion', 1, 0)","(3, 0):soup('onion', 3, 20);(4, 1):soup('onion', 1, 0)",0.0,15.0,2,"(1, 0)",-0.02160000000000002,0.0,0.0,-0.02160000000000002,0.0,15.0,False,"(3, 2)",,"(1, 2)",dish,"(3, 0):soup('onion', 3, 20);(4, 1):soup('onion', 1, 0)","(3, 0):soup('onion', 3, 20);(4, 1):soup('onion', 1, 0)"
38,5,interact,"(3, 2)","(-1, 0)",,"(1, 2)","(1, 0)",dish,"(3, 0):soup('onion', 3, 20);(4, 1):soup('onion', 1, 0)","(3, 0):soup('onion', 3, 20);(4, 1):soup('onion', 1, 0)",0.0,15.0,5,interact,-0.02160000000000002,0.0,0.0,-0.02160000000000002,0.0,15.0,False,"(3, 2)",,"(1, 2)",,"(2, 2):dish;(3, 0):soup('onion', 3, 20);(4, 1):soup('onion', 1, 0)","(3, 0):soup('onion', 3, 20);(4, 1):soup('onion', 1, 0)"
39,5,interact,"(3, 2)","(-1, 0)",,"(1, 2)","(1, 0)",,"(2, 2):dish;(3, 0):soup('onion', 3, 20);(4, 1):soup('onion', 1, 0)","(3, 0):soup('onion', 3, 20);(4, 1):soup('onion', 1, 0)",0.0,15.0,3,"(-1, 0)",-0.02160000000000002,0.0,0.0,-0.02160000000000002,0.0,15.0,False,"(3, 2)",dish,"(1, 2)",,"(3, 0):soup('onion', 3, 20);(4, 1):soup('onion', 1, 0)","(3, 0):soup('onion', 3, 20);(4, 1):soup('onion', 1, 0)"
40,0,"(0, -1)","(3, 2)","(-1, 0)",dish,"(1, 2)","(-1, 0)",,"(3, 0):soup('onion', 3, 20);(4, 1):soup('onion', 1, 0)","(3, 0):soup('onion', 3, 20);(4, 1):soup('onion', 1, 0)",0.0,15.0,5,interact,-0.02160000000000002,0.0,0.0,-0.02160000000000002,0.0,15.0,False,"(3, 1)",dish,"(1, 2)",onion,"(3, 0):soup('onion', 3, 20);(4, 1):soup('onion', 1, 0)","(3, 0):soup('onion', 3, 20);(4, 1):soup('onion', 1, 0)"
41,5,interact,"(3, 1)","(0, -1)",dish,"(1, 2)","(-1, 0)",onion,"(3, 0):soup('onion', 3, 20);(4, 1):soup('onion', 1, 0)","(3, 0):soup('onion', 3, 20);(4, 1):soup('onion', 1, 0)",0.0,15.0,2,"(1, 0)",5.3942,0.0,5.0,0.3941999999999997,0.0,20.0,False,"(3, 1)","soup('onion', 3, 20)","(1, 2)",onion,"(4, 1):soup('onion', 1, 0)","(3, 0):empty;(4, 1):soup('onion', 1, 0)"
42,1,"(0, 1)","(3, 1)","(0, -1)","soup('onion', 3, 20)","(1, 2)","(1, 0)",onion,"(4, 1):soup('onion', 1, 0)","(3, 0):empty;(4, 1):soup('onion', 1, 0)",0.0,20.0,5,interact,0.033600000000000026,0.0,0.0,0.033600000000000026,0.0,20.0,False,"(3, 2)","soup('onion', 3, 20)","(1, 2)",,"(2, 2):onion;(4, 1):soup('onion', 1, 0)","(3, 0):empty;(4, 1):soup('onion', 1, 0)"
43,1,"(0, 1)","(3, 2)","(0, 1)","soup('onion', 3, 20)","(1, 2)","(1, 0)",,"(2, 2):onion;(4, 1):soup('onion', 1, 0)","(3, 0):empty;(4, 1):soup('onion', 1, 0)",0.0,20.0,3,"(-1, 0)",0.03300000000000036,0.0,0.0,0.03300000000000036,0.0,20.0,False,"(3, 3)","soup('onion', 3, 20)","(1, 2)",,"(2, 2):onion;(4, 1):soup('onion', 1, 0)","(3, 0):empty;(4, 1):soup('onion', 1, 0)"
44,5,interact,"(3, 3)","(0, 1)","soup('onion', 3, 20)","(1, 2)","(-1, 0)",,"(2, 2):onion;(4, 1):soup('onion', 1, 0)","(3, 0):empty;(4, 1):soup('onion', 1, 0)",0.0,20.0,5,interact,17.6564,20.0,0.0,-2.3436,20.0,20.0,True,"(3, 3)",,"(1, 2)",onion,"(2, 2):onion;(4, 1):soup('onion', 1, 0)","(3, 0):empty;(4, 1):soup('onion', 1, 0)"
45,0,"(0, -1)","(3, 3)","(0, 1)",,"(1, 2)","(-1, 0)",onion,"(2, 2):onion;(4, 1):soup('onion', 1, 0)","(3, 0):empty;(4, 1):soup('onion', 1, 0)",20.0,20.0,2,"(1, 0)",-0.003600000000000003,0.0,0.0,-0.003600000000000003,20.0,20.0,False,"(3, 2)",,"(1, 2)",onion,"(2, 2):onion;(4, 1):soup('onion', 1, 0)","(3, 0):empty;(4, 1):soup('onion', 1, 0)"
46,3,"(-1, 0)","(3, 2)","(0, -1)",,"(1, 2)","(1, 0)",onion,"(2, 2):onion;(4, 1):soup('onion', 1, 0)","(3, 0):empty;(4, 1):soup('onion', 1, 0)",20.0,20.0,5,interact,-0.003600000000000003,0.0,0.0,-0.003600000000000003,20.0,20.0,False,"(3, 2)",,"(1, 2)",onion,"(2, 2):onion;(4, 1):soup('onion', 1, 0)","(3, 0):empty;(4, 1):soup('onion', 1, 0)"
47,5,interact,"(3, 2)","(-1, 0)",,"(1, 2)","(1, 0)",onion,"(2, 2):onion;(4, 1):soup('onion', 1, 0)","(3, 0):empty;(4, 1):soup('onion', 1, 0)",20.0,20.0,5,interact,-0.003600000000000003,0.0,0.0,-0.003600000000000003,20.0,20.0,False,"(3, 2)",onion,"(1, 2)",,"(2, 2):onion;(4, 1):soup('onion', 1, 0)","(3, 0):empty;(4, 1):soup('onion', 1, 0)"
48,0,"(0, -1)","(3, 2)","(-1, 0)",onion,"(1, 2)","(1, 0)",,"(2, 2):onion;(4, 1):soup('onion', 1, 0)","(3, 0):empty;(4, 1):soup('onion', 1, 0)",20.0,20.0,3,"(-1, 0)",-0.003600000000000003,0.0,0.0,-0.003600000000000003,20.0,20.0,False,"(3, 1)",onion,"(1, 2)",,"(2, 2):onion;(4, 1):soup('onion', 1, 0)","(3, 0):empty;(4, 1):soup('onion', 1, 0)"
49,5,interact,"(3, 1)","(0, -1)",onion,"(1, 2)","(-1, 0)",,"(2, 2):onion;(4, 1):soup('onion', 1, 0)","(3, 0):empty;(4, 1):soup('onion', 1, 0)",20.0,20.0,5,interact,3.3528,0.0,3.0,0.35279999999999995,20.0,23.0,False,"(3, 1)",,"(1, 2)",onion,"(2, 2):onion;(3, 0):soup('onion', 1, 0);(4, 1):soup('onion', 1, 0)","(3, 0):soup('onion', 1, 0);(4, 1):soup('onion', 1, 0)"
50,3,"(-1, 0)","(3, 1)","(0, -1)",,"(1, 2)","(-1, 0)",onion,"(2, 2):onion;(3, 0):soup('onion', 1, 0);(4, 1):soup('onion', 1, 0)","(3, 0):soup('onion', 1, 0);(4, 1):soup('onion', 1, 0)",20.0,23.0,2,"(1, 0)",-0.007200000000000006,0.0,0.0,-0.007200000000000006,20.0,23.0,False,"(3, 1)",,"(1, 2)",onion,"(2, 2):onion;(3, 0):soup('onion', 1, 0);(4, 1):soup('onion', 1, 0)","(3, 0):soup('onion', 1, 0);(4, 1):soup('onion', 1, 0)"
51,1,"(0, 1)","(3, 1)","(-1, 0)",,"(1, 2)","(1, 0)",onion,"(2, 2):onion;(3, 0):soup('onion', 1, 0);(4, 1):soup('onion', 1, 0)","(3, 0):soup('onion', 1, 0);(4, 1):soup('onion', 1, 0)",20.0,23.0,5,interact,-0.007200000000000006,0.0,0.0,-0.007200000000000006,20.0,23.0,False,"(3, 2)",,"(1, 2)",onion,"(2, 2):onion;(3, 0):soup('onion', 1, 0);(4, 1):soup('onion', 1, 0)","(3, 0):soup('onion', 1, 0);(4, 1):soup('onion', 1, 0)"
52,3,"(-1, 0)","(3, 2)","(0, 1)",,"(1, 2)","(1, 0)",onion,"(2, 2):onion;(3, 0):soup('onion', 1, 0);(4, 1):soup('onion', 1, 0)","(3, 0):soup('onion', 1, 0);(4, 1):soup('onion', 1, 0)",20.0,23.0,5,interact,-0.007200000000000006,0.0,0.0,-0.007200000000000006,20.0,23.0,False,"(3, 2)",,"(1, 2)",onion,"(2, 2):onion;(3, 0):soup('onion', 1, 0);(4, 1):soup('onion', 1, 0)","(3, 0):soup('onion', 1, 0);(4, 1):soup('onion', 1, 0)"
53,5,interact,"(3, 2)","(-1, 0)",,"(1, 2)","(1, 0)",onion,"(2, 2):onion;(3, 0):soup('onion', 1, 0);(4, 1):soup('onion', 1, 0)","(3, 0):soup('onion', 1, 0);(4, 1):soup('onion', 1, 0)",20.0,23.0,5,interact,-0.007200000000000006,0.0,0.0,-0.007200000000000006,20.0,23.0,False,"(3, 2)",onion,"(1, 2)",,"(2, 2):onion;(3, 0):soup('onion', 1, 0);(4, 1):soup('onion', 1, 0)","(3, 0):soup('onion', 1, 0);(4, 1):soup('onion', 1, 0)"
54,0,"(0, -1)","(3, 2)","(-1, 0)",onion,"(1, 2)","(1, 0)",,"(2, 2):onion;(3, 0):soup('onion', 1, 0);(4, 1):soup('onion', 1, 0)","(3, 0):soup('onion', 1, 0);(4, 1):soup('onion', 1, 0)",20.0,23.0,3,"(-1, 0)",-0.007200000000000006,0.0,0.0,-0.007200000000000006,20.0,23.0,False,"(3, 1)",onion,"(1, 2)",,"(2, 2):onion;(3, 0):soup('onion', 1, 0);(4, 1):soup('onion', 1, 0)","(3, 0):soup('onion', 1, 0);(4, 1):soup('onion', 1, 0)"
55,5,interact,"(3, 1)","(0, -1)",onion,"(1, 2)","(-1, 0)",,"(2, 2):onion;(3, 0):soup('onion', 1, 0);(4, 1):soup('onion', 1, 0)","(3, 0):soup('onion', 1, 0);(4, 1):soup('onion', 1, 0)",20.0,23.0,1,"(0, 1)",3.3491999999999997,0.0,3.0,0.3491999999999999,20.0,26.0,False,"(3, 1)",,"(1, 3)",,"(2, 2):onion;(3, 0):soup('onion', 2, 0);(4, 1):soup('onion', 1, 0)","(3, 0):soup('onion', 2, 0);(4, 1):soup('onion', 1, 0)"
56,1,"(0, 1)","(3, 1)","(0, -1)",,"(1, 3)","(0, 1)",,"(2, 2):onion;(3, 0):soup('onion', 2, 0);(4, 1):soup('onion', 1, 0)","(3, 0):soup('onion', 2, 0);(4, 1):soup('onion', 1, 0)",20.0,26.0,0,"(0, -1)",-0.01080000000000001,0.0,0.0,-0.01080000000000001,20.0,26.0,False,"(3, 2)",,"(1, 2)",,"(2, 2):onion;(3, 0):soup('onion', 2, 0);(4, 1):soup('onion', 1, 0)","(3, 0):soup('onion', 2, 0);(4, 1):soup('onion', 1, 0)"
57,3,"(-1, 0)","(3, 2)","(0, 1)",,"(1, 2)","(0, -1)",,"(2, 2):onion;(3, 0):soup('onion', 2, 0);(4, 1):soup('onion', 1, 0)","(3, 0):soup('onion', 2, 0);(4, 1):soup('onion', 1, 0)",20.0,26.0,3,"(-1, 0)",-0.01080000000000001,0.0,0.0,-0.01080000000000001,20.0,26.0,False,"(3, 2)",,"(1, 2)",,"(2, 2):onion;(3, 0):soup('onion', 2, 0);(4, 1):soup('onion', 1, 0)","(3, 0):soup('onion', 2, 0);(4, 1):soup('onion', 1, 0)"
58,5,interact,"(3, 2)","(-1, 0)",,"(1, 2)","(-1, 0)",,"(2, 2):onion;(3, 0):soup('onion', 2, 0);(4, 1):soup('onion', 1, 0)","(3, 0):soup('onion', 2, 0);(4, 1):soup('onion', 1, 0)",20.0,26.0,5,interact,-0.01080000000000001,0.0,0.0,-0.01080000000000001,20.0,26.0,False,"(3, 2)",onion,"(1, 2)",onion,"(3, 0):soup('onion', 2, 0);(4, 1):soup('onion', 1, 0)","(3, 0):soup('onion', 2, 0);(4, 1):soup('onion', 1, 0)"
59,0,"(0, -1)","(3, 2)","(-1, 0)",onion,"(1, 2)","(-1, 0)",onion,"(3, 0):soup('onion', 2, 0);(4, 1):soup('onion', 1, 0)","(3, 0):soup('onion', 2, 0);(4, 1):soup('onion', 1, 0)",20.0,26.0,2,"(1, 0)",-0.01080000000000001,0.0,0.0,-0.01080000000000001,20.0,26.0,False,"(3, 1)",onion,"(1, 2)",onion,"(3, 0):soup('onion', 2, 0);(4, 1):soup('onion', 1, 0)","(3, 0):soup('onion', 2, 0);(4, 1):soup('onion', 1, 0)"
60,5,interact,"(3, 1)","(0, -1)",onion,"(1, 2)","(1, 0)",onion,"(3, 0):soup('onion', 2, 0);(4, 1):soup('onion', 1, 0)","(3, 0):soup('onion', 2, 0);(4, 1):soup('onion', 1, 0)",20.0,26.0,5,interact,3.4644,0.0,3.0,0.4644,20.0,29.0,False,"(3, 1)",,"(1, 2)",,"(2, 2):onion;(3, 0):soup('onion', 3, 1);(4, 1):soup('onion', 1, 0)","(3, 0):soup('onion', 3, 1);(4, 1):soup('onion', 1, 0)"
61,3,"(-1, 0)","(3, 1)","(0, -1)",,"(1, 2)","(1, 0)",,"(2, 2):onion;(3, 0):soup('onion', 3, 1);(4, 1):soup('onion', 1, 0)","(3, 0):soup('onion', 3, 1);(4, 1):soup('onion', 1, 0)",20.0,29.0,1,"(0, 1)",-0.015600000000000147,0.0,0.0,-0.015600000000000147,20.0,29.0,False,"(3, 1)",,"(1, 3)",,"(2, 2):onion;(3, 0):soup('onion', 3, 2);(4, 1):soup('onion', 1, 0)","(3, 0):soup('onion', 3, 2);(4, 1):soup('onion', 1, 0)"
62,1,"(0, 1)","(3, 1)","(-1, 0)",,"(1, 3)","(0, 1)",,"(2, 2):onion;(3, 0):soup('onion', 3, 2);(4, 1):soup('onion', 1, 0)","(3, 0):soup('onion', 3, 2);(4, 1):soup('onion', 1, 0)",20.0,29.0,3,"(-1, 0)",-0.015600000000000147,0.0,0.0,-0.015600000000000147,20.0,29.0,False,"(3, 2)",,"(1, 3)",,"(2, 2):onion;(3, 0):soup('onion', 3, 3);(4, 1):soup('onion', 1, 0)","(3, 0):soup('onion', 3, 3);(4, 1):soup('onion', 1, 0)"
63,3,"(-1, 0)","(3, 2)","(0, 1)",,"(1, 3)","(-1, 0)",,"(2, 2):onion;(3, 0):soup('onion', 3, 3);(4, 1):soup('onion', 1, 0)","(3, 0):soup('onion', 3, 3);(4, 1):soup('onion', 1, 0)",20.0,29.0,5,interact,2.9844,0.0,3.0,-0.015600000000000147,20.0,32.0,False,"(3, 2)",,"(1, 3)",dish,"(2, 2):onion;(3, 0):soup('onion', 3, 4);(4, 1):soup('onion', 1, 0)","(3, 0):soup('onion', 3, 4);(4, 1):soup('onion', 1, 0)"
64,5,interact,"(3, 2)","(-1, 0)",,"(1, 3)","(-1, 0)",dish,"(2, 2):onion;(3, 0):soup('onion', 3, 4);(4, 1):soup('onion', 1, 0)","(3, 0):soup('onion', 3, 4);(4, 1):soup('onion', 1, 0)",20.0,32.0,0,"(0, -1)",-0.015600000000000147,0.0,0.0,-0.015600000000000147,20.0,32.0,False,"(3, 2)",onion,"(1, 2)",dish,"(3, 0):soup('onion', 3, 5);(4, 1):soup('onion', 1, 0)","(3, 0):soup('onion', 3, 5);(4, 1):soup('onion', 1, 0)"
65,0,"(0, -1)","(3, 2)","(-1, 0)",onion,"(1, 2)","(0, -1)",dish,"(3, 0):soup('onion', 3, 5);(4, 1):soup('onion', 1, 0)","(3, 0):soup('onion', 3, 5);(4, 1):soup('onion', 1, 0)",20.0,32.0,1,"(0, 1)",-0.015600000000000147,0.0,0.0,-0.015600000000000147,20.0,32.0,False,"(3, 1)",onion,"(1, 3)",dish,"(3, 0):soup('onion', 3, 6);(4, 1):soup('onion', 1, 0)","(3, 0):soup('onion', 3, 6);(4, 1):soup('onion', 1, 0)"
66,5,interact,"(3, 1)","(0, -1)",onion,"(1, 3)","(0, 1)",dish,"(3, 0):soup('onion', 3, 6);(4, 1):soup('onion', 1, 0)","(3, 0):soup('onion', 3, 6);(4, 1):soup('onion', 1, 0)",20.0,32.0,1,"(0, 1)",-0.015600000000000147,0.0,0.0,-0.015600000000000147,20.0,32.0,False,"(3, 1)",onion,"(1, 3)",dish,"(3, 0):soup('onion', 3, 7);(4, 1):soup('onion', 1, 0)","(3, 0):soup('onion', 3, 7);(4, 1):soup('onion', 1, 0)"
67,5,interact,"(3, 1)","(0, -1)",onion,"(1, 3)","(0, 1)",dish,"(3, 0):soup('onion', 3, 7);(4, 1):soup('onion', 1, 0)","(3, 0):soup('onion', 3, 7);(4, 1):soup('onion', 1, 0)",20.0,32.0,1,"(0, 1)",-0.015600000000000147,0.0,0.0,-0.015600000000000147,20.0,32.0,False,"(3, 1)",onion,"(1, 3)",dish,"(3, 0):soup('onion', 3, 8);(4, 1):soup('onion', 1, 0)","(3, 0):soup('onion', 3, 8);(4, 1):soup('onion', 1, 0)"
68,5,interact,"(3, 1)","(0, -1)",onion,"(1, 3)","(0, 1)",dish,"(3, 0):soup('onion', 3, 8);(4, 1):soup('onion', 1, 0)","(3, 0):soup('onion', 3, 8);(4, 1):soup('onion', 1, 0)",20.0,32.0,1,"(0, 1)",-0.015600000000000147,0.0,0.0,-0.015600000000000147,20.0,32.0,False,"(3, 1)",onion,"(1, 3)",dish,"(3, 0):soup('onion', 3, 9);(4, 1):soup('onion', 1, 0)","(3, 0):soup('onion', 3, 9);(4, 1):soup('onion', 1, 0)"
69,5,interact,"(3, 1)","(0, -1)",onion,"(1, 3)","(0, 1)",dish,"(3, 0):soup('onion', 3, 9);(4, 1):soup('onion', 1, 0)","(3, 0):soup('onion', 3, 9);(4, 1):soup('onion', 1, 0)",20.0,32.0,1,"(0, 1)",-0.015600000000000147,0.0,0.0,-0.015600000000000147,20.0,32.0,False,"(3, 1)",onion,"(1, 3)",dish,"(3, 0):soup('onion', 3, 10);(4, 1):soup('onion', 1, 0)","(3, 0):soup('onion', 3, 10);(4, 1):soup('onion', 1, 0)"
70,5,interact,"(3, 1)","(0, -1)",onion,"(1, 3)","(0, 1)",dish,"(3, 0):soup('onion', 3, 10);(4, 1):soup('onion', 1, 0)","(3, 0):soup('onion', 3, 10);(4, 1):soup('onion', 1, 0)",20.0,32.0,1,"(0, 1)",-0.015600000000000147,0.0,0.0,-0.015600000000000147,20.0,32.0,False,"(3, 1)",onion,"(1, 3)",dish,"(3, 0):soup('onion', 3, 11);(4, 1):soup('onion', 1, 0)","(3, 0):soup('onion', 3, 11);(4, 1):soup('onion', 1, 0)"
71,5,interact,"(3, 1)","(0, -1)",onion,"(1, 3)","(0, 1)",dish,"(3, 0):soup('onion', 3, 11);(4, 1):soup('onion', 1, 0)","(3, 0):soup('onion', 3, 11);(4, 1):soup('onion', 1, 0)",20.0,32.0,1,"(0, 1)",-0.015600000000000147,0.0,0.0,-0.015600000000000147,20.0,32.0,False,"(3, 1)",onion,"(1, 3)",dish,"(3, 0):soup('onion', 3, 12);(4, 1):soup('onion', 1, 0)","(3, 0):soup('onion', 3, 12);(4, 1):soup('onion', 1, 0)"
72,5,interact,"(3, 1)","(0, -1)",onion,"(1, 3)","(0, 1)",dish,"(3, 0):soup('onion', 3, 12);(4, 1):soup('onion', 1, 0)","(3, 0):soup('onion', 3, 12);(4, 1):soup('onion', 1, 0)",20.0,32.0,1,"(0, 1)",-0.015600000000000147,0.0,0.0,-0.015600000000000147,20.0,32.0,False,"(3, 1)",onion,"(1, 3)",dish,"(3, 0):soup('onion', 3, 13);(4, 1):soup('onion', 1, 0)","(3, 0):soup('onion', 3, 13);(4, 1):soup('onion', 1, 0)"
73,5,interact,"(3, 1)","(0, -1)",onion,"(1, 3)","(0, 1)",dish,"(3, 0):soup('onion', 3, 13);(4, 1):soup('onion', 1, 0)","(3, 0):soup('onion', 3, 13);(4, 1):soup('onion', 1, 0)",20.0,32.0,1,"(0, 1)",-0.015600000000000147,0.0,0.0,-0.015600000000000147,20.0,32.0,False,"(3, 1)",onion,"(1, 3)",dish,"(3, 0):soup('onion', 3, 14);(4, 1):soup('onion', 1, 0)","(3, 0):soup('onion', 3, 14);(4, 1):soup('onion', 1, 0)"
74,5,interact,"(3, 1)","(0, -1)",onion,"(1, 3)","(0, 1)",dish,"(3, 0):soup('onion', 3, 14);(4, 1):soup('onion', 1, 0)","(3, 0):soup('onion', 3, 14);(4, 1):soup('onion', 1, 0)",20.0,32.0,1,"(0, 1)",-0.015600000000000147,0.0,0.0,-0.015600000000000147,20.0,32.0,False,"(3, 1)",onion,"(1, 3)",dish,"(3, 0):soup('onion', 3, 15);(4, 1):soup('onion', 1, 0)","(3, 0):soup('onion', 3, 15);(4, 1):soup('onion', 1, 0)"
75,5,interact,"(3, 1)","(0, -1)",onion,"(1, 3)","(0, 1)",dish,"(3, 0):soup('onion', 3, 15);(4, 1):soup('onion', 1, 0)","(3, 0):soup('onion', 3, 15);(4, 1):soup('onion', 1, 0)",20.0,32.0,1,"(0, 1)",-0.015600000000000147,0.0,0.0,-0.015600000000000147,20.0,32.0,False,"(3, 1)",onion,"(1, 3)",dish,"(3, 0):soup('onion', 3, 16);(4, 1):soup('onion', 1, 0)","(3, 0):soup('onion', 3, 16);(4, 1):soup('onion', 1, 0)"
76,5,interact,"(3, 1)","(0, -1)",onion,"(1, 3)","(0, 1)",dish,"(3, 0):soup('onion', 3, 16);(4, 1):soup('onion', 1, 0)","(3, 0):soup('onion', 3, 16);(4, 1):soup('onion', 1, 0)",20.0,32.0,1,"(0, 1)",-0.015600000000000147,0.0,0.0,-0.015600000000000147,20.0,32.0,False,"(3, 1)",onion,"(1, 3)",dish,"(3, 0):soup('onion', 3, 17);(4, 1):soup('onion', 1, 0)","(3, 0):soup('onion', 3, 17);(4, 1):soup('onion', 1, 0)"
77,5,interact,"(3, 1)","(0, -1)",onion,"(1, 3)","(0, 1)",dish,"(3, 0):soup('onion', 3, 17);(4, 1):soup('onion', 1, 0)","(3, 0):soup('onion', 3, 17);(4, 1):soup('onion', 1, 0)",20.0,32.0,1,"(0, 1)",-0.015600000000000147,0.0,0.0,-0.015600000000000147,20.0,32.0,False,"(3, 1)",onion,"(1, 3)",dish,"(3, 0):soup('onion', 3, 18);(4, 1):soup('onion', 1, 0)","(3, 0):soup('onion', 3, 18);(4, 1):soup('onion', 1, 0)"
78,5,interact,"(3, 1)","(0, -1)",onion,"(1, 3)","(0, 1)",dish,"(3, 0):soup('onion', 3, 18);(4, 1):soup('onion', 1, 0)","(3, 0):soup('onion', 3, 18);(4, 1):soup('onion', 1, 0)",20.0,32.0,1,"(0, 1)",-0.015600000000000147,0.0,0.0,-0.015600000000000147,20.0,32.0,False,"(3, 1)",onion,"(1, 3)",dish,"(3, 0):soup('onion', 3, 19);(4, 1):soup('onion', 1, 0)","(3, 0):soup('onion', 3, 19);(4, 1):soup('onion', 1, 0)"
79,5,interact,"(3, 1)","(0, -1)",onion,"(1, 3)","(0, 1)",dish,"(3, 0):soup('onion', 3, 19);(4, 1):soup('onion', 1, 0)","(3, 0):soup('onion', 3, 19);(4, 1):soup('onion', 1, 0)",20.0,32.0,1,"(0, 1)",0.5783999999999999,0.0,0.0,0.5783999999999999,20.0,32.0,False,"(3, 1)",onion,"(1, 3)",dish,"(3, 0):soup('onion', 3, 20);(4, 1):soup('onion', 1, 0)","(3, 0):soup('onion', 3, 20);(4, 1):soup('onion', 1, 0)"
80,5,interact,"(3, 1)","(0, -1)",onion,"(1, 3)","(0, 1)",dish,"(3, 0):soup('onion', 3, 20);(4, 1):soup('onion', 1, 0)","(3, 0):soup('onion', 3, 20);(4, 1):soup('onion', 1, 0)",20.0,32.0,2,"(1, 0)",-0.02160000000000002,0.0,0.0,-0.02160000000000002,20.0,32.0,False,"(3, 1)",onion,"(1, 3)",dish,"(3, 0):soup('onion', 3, 20);(4, 1):soup('onion', 1, 0)","(3, 0):soup('onion', 3, 20);(4, 1):soup('onion', 1, 0)"
81,2,"(1, 0)","(3, 1)","(0, -1)",onion,"(1, 3)","(1, 0)",dish,"(3, 0):soup('onion', 3, 20);(4, 1):soup('onion', 1, 0)","(3, 0):soup('onion', 3, 20);(4, 1):soup('onion', 1, 0)",20.0,32.0,4,"(0, 0)",-0.02160000000000002,0.0,0.0,-0.02160000000000002,20.0,32.0,False,"(3, 1)",onion,"(1, 3)",dish,"(3, 0):soup('onion', 3, 20);(4, 1):soup('onion', 1, 0)","(3, 0):soup('onion', 3, 20);(4, 1):soup('onion', 1, 0)"
82,5,interact,"(3, 1)","(1, 0)",onion,"(1, 3)","(1, 0)",dish,"(3, 0):soup('onion', 3, 20);(4, 1):soup('onion', 1, 0)","(3, 0):soup('onion', 3, 20);(4, 1):soup('onion', 1, 0)",20.0,32.0,4,"(0, 0)",3.3347999999999995,0.0,3.0,0.3347999999999996,20.0,35.0,False,"(3, 1)",,"(1, 3)",dish,"(3, 0):soup('onion', 3, 20);(4, 1):soup('onion', 2, 0)","(3, 0):soup('onion', 3, 20);(4, 1):soup('onion', 2, 0)"
83,1,"(0, 1)","(3, 1)","(1, 0)",,"(1, 3)","(1, 0)",dish,"(3, 0):soup('onion', 3, 20);(4, 1):soup('onion', 2, 0)","(3, 0):soup('onion', 3, 20);(4, 1):soup('onion', 2, 0)",20.0,35.0,0,"(0, -1)",-0.02519999999999989,0.0,0.0,-0.02519999999999989,20.0,35.0,False,"(3, 2)",,"(1, 2)",dish,"(3, 0):soup('onion', 3, 20);(4, 1):soup('onion', 2, 0)","(3, 0):soup('onion', 3, 20);(4, 1):soup('onion', 2, 0)"
84,3,"(-1, 0)","(3, 2)","(0, 1)",,"(1, 2)","(0, -1)",dish,"(3, 0):soup('onion', 3, 20);(4, 1):soup('onion', 2, 0)","(3, 0):soup('onion', 3, 20);(4, 1):soup('onion', 2, 0)",20.0,35.0,2,"(1, 0)",-0.02519999999999989,0.0,0.0,-0.02519999999999989,20.0,35.0,False,"(3, 2)",,"(1, 2)",dish,"(3, 0):soup('onion', 3, 20);(4, 1):soup('onion', 2, 0)","(3, 0):soup('onion', 3, 20);(4, 1):soup('onion', 2, 0)"
85,5,interact,"(3, 2)","(-1, 0)",,"(1, 2)","(1, 0)",dish,"(3, 0):soup('onion', 3, 20);(4, 1):soup('onion', 2, 0)","(3, 0):soup('onion', 3, 20);(4, 1):soup('onion', 2, 0)",20.0,35.0,5,interact,-0.08460000000000001,0.0,0.0,-0.08460000000000001,20.0,35.0,False,"(3, 2)",,"(1, 2)",,"(2, 2):dish;(3, 0):soup('onion', 3, 20);(4, 1):soup('onion', 2, 0)","(3, 0):soup('onion', 3, 20);(4, 1):soup('onion', 2, 0)"
86,5,interact,"(3, 2)","(-1, 0)",,"(1, 2)","(1, 0)",,"(2, 2):dish;(3, 0):soup('onion', 3, 20);(4, 1):soup('onion', 2, 0)","(3, 0):soup('onion', 3, 20);(4, 1):soup('onion', 2, 0)",20.0,35.0,3,"(-1, 0)",-0.08400000000000007,0.0,0.0,-0.08400000000000007,20.0,35.0,False,"(3, 2)",dish,"(1, 2)",,"(3, 0):soup('onion', 3, 20);(4, 1):soup('onion', 2, 0)","(3, 0):soup('onion', 3, 20);(4, 1):soup('onion', 2, 0)"
87,0,"(0, -1)","(3, 2)","(-1, 0)",dish,"(1, 2)","(-1, 0)",,"(3, 0):soup('onion', 3, 20);(4, 1):soup('onion', 2, 0)","(3, 0):soup('onion', 3, 20);(4, 1):soup('onion', 2, 0)",20.0,35.0,5,interact,-0.08339999999999988,0.0,0.0,-0.08339999999999988,20.0,35.0,False,"(3, 1)",dish,"(1, 2)",onion,"(3, 0):soup('onion', 3, 20);(4, 1):soup('onion', 2, 0)","(3, 0):soup('onion', 3, 20);(4, 1):soup('onion', 2, 0)"
88,5,interact,"(3, 1)","(0, -1)",dish,"(1, 2)","(-1, 0)",onion,"(3, 0):soup('onion', 3, 20);(4, 1):soup('onion', 2, 0)","(3, 0):soup('onion', 3, 20);(4, 1):soup('onion', 2, 0)",20.0,35.0,2,"(1, 0)",5.5706,0.0,5.0,0.5706,20.0,40.0,False,"(3, 1)","soup('onion', 3, 20)","(1, 2)",onion,"(4, 1):soup('onion', 2, 0)","(3, 0):empty;(4, 1):soup('onion', 2, 0)"
89,1,"(0, 1)","(3, 1)","(0, -1)","soup('onion', 3, 20)","(1, 2)","(1, 0)",onion,"(4, 1):soup('onion', 2, 0)","(3, 0):empty;(4, 1):soup('onion', 2, 0)",20.0,40.0,5,interact,0.02999999999999989,0.0,0.0,0.02999999999999989,20.0,40.0,False,"(3, 2)","soup('onion', 3, 20)","(1, 2)",,"(2, 2):onion;(4, 1):soup('onion', 2, 0)","(3, 0):empty;(4, 1):soup('onion', 2, 0)"
90,1,"(0, 1)","(3, 2)","(0, 1)","soup('onion', 3, 20)","(1, 2)","(1, 0)",,"(2, 2):onion;(4, 1):soup('onion', 2, 0)","(3, 0):empty;(4, 1):soup('onion', 2, 0)",20.0,40.0,3,"(-1, 0)",0.029400000000000225,0.0,0.0,0.029400000000000225,20.0,40.0,False,"(3, 3)","soup('onion', 3, 20)","(1, 2)",,"(2, 2):onion;(4, 1):soup('onion', 2, 0)","(3, 0):empty;(4, 1):soup('onion', 2, 0)"
91,5,interact,"(3, 3)","(0, 1)","soup('onion', 3, 20)","(1, 2)","(-1, 0)",,"(2, 2):onion;(4, 1):soup('onion', 2, 0)","(3, 0):empty;(4, 1):soup('onion', 2, 0)",20.0,40.0,5,interact,17.6528,20.0,0.0,-2.3472000000000004,40.0,40.0,True,"(3, 3)",,"(1, 2)",onion,"(2, 2):onion;(4, 1):soup('onion', 2, 0)","(3, 0):empty;(4, 1):soup('onion', 2, 0)"
92,0,"(0, -1)","(3, 3)","(0, 1)",,"(1, 2)","(-1, 0)",onion,"(2, 2):onion;(4, 1):soup('onion', 2, 0)","(3, 0):empty;(4, 1):soup('onion', 2, 0)",40.0,40.0,2,"(1, 0)",-0.007200000000000006,0.0,0.0,-0.007200000000000006,40.0,40.0,False,"(3, 2)",,"(1, 2)",onion,"(2, 2):onion;(4, 1):soup('onion', 2, 0)","(3, 0):empty;(4, 1):soup('onion', 2, 0)"
93,3,"(-1, 0)","(3, 2)","(0, -1)",,"(1, 2)","(1, 0)",onion,"(2, 2):onion;(4, 1):soup('onion', 2, 0)","(3, 0):empty;(4, 1):soup('onion', 2, 0)",40.0,40.0,5,interact,-0.007200000000000006,0.0,0.0,-0.007200000000000006,40.0,40.0,False,"(3, 2)",,"(1, 2)",onion,"(2, 2):onion;(4, 1):soup('onion', 2, 0)","(3, 0):empty;(4, 1):soup('onion', 2, 0)"
94,5,interact,"(3, 2)","(-1, 0)",,"(1, 2)","(1, 0)",onion,"(2, 2):onion;(4, 1):soup('onion', 2, 0)","(3, 0):empty;(4, 1):soup('onion', 2, 0)",40.0,40.0,5,interact,-0.007200000000000006,0.0,0.0,-0.007200000000000006,40.0,40.0,False,"(3, 2)",onion,"(1, 2)",,"(2, 2):onion;(4, 1):soup('onion', 2, 0)","(3, 0):empty;(4, 1):soup('onion', 2, 0)"
95,0,"(0, -1)","(3, 2)","(-1, 0)",onion,"(1, 2)","(1, 0)",,"(2, 2):onion;(4, 1):soup('onion', 2, 0)","(3, 0):empty;(4, 1):soup('onion', 2, 0)",40.0,40.0,3,"(-1, 0)",-0.007200000000000006,0.0,0.0,-0.007200000000000006,40.0,40.0,False,"(3, 1)",onion,"(1, 2)",,"(2, 2):onion;(4, 1):soup('onion', 2, 0)","(3, 0):empty;(4, 1):soup('onion', 2, 0)"
96,5,interact,"(3, 1)","(0, -1)",onion,"(1, 2)","(-1, 0)",,"(2, 2):onion;(4, 1):soup('onion', 2, 0)","(3, 0):empty;(4, 1):soup('onion', 2, 0)",40.0,40.0,5,interact,3.3491999999999997,0.0,3.0,0.3491999999999999,40.0,43.0,False,"(3, 1)",,"(1, 2)",onion,"(2, 2):onion;(3, 0):soup('onion', 1, 0);(4, 1):soup('onion', 2, 0)","(3, 0):soup('onion', 1, 0);(4, 1):soup('onion', 2, 0)"
97,3,"(-1, 0)","(3, 1)","(0, -1)",,"(1, 2)","(-1, 0)",onion,"(2, 2):onion;(3, 0):soup('onion', 1, 0);(4, 1):soup('onion', 2, 0)","(3, 0):soup('onion', 1, 0);(4, 1):soup('onion', 2, 0)",40.0,43.0,2,"(1, 0)",-0.01080000000000001,0.0,0.0,-0.01080000000000001,40.0,43.0,False,"(3, 1)",,"(1, 2)",onion,"(2, 2):onion;(3, 0):soup('onion', 1, 0);(4, 1):soup('onion', 2, 0)","(3, 0):soup('onion', 1, 0);(4, 1):soup('onion', 2, 0)"
98,1,"(0, 1)","(3, 1)","(-1, 0)",,"(1, 2)","(1, 0)",onion,"(2, 2):onion;(3, 0):soup('onion', 1, 0);(4, 1):soup('onion', 2, 0)","(3, 0):soup('onion', 1, 0);(4, 1):soup('onion', 2, 0)",40.0,43.0,5,interact,-0.01080000000000001,0.0,0.0,-0.01080000000000001,40.0,43.0,False,"(3, 2)",,"(1, 2)",onion,"(2, 2):onion;(3, 0):soup('onion', 1, 0);(4, 1):soup('onion', 2, 0)","(3, 0):soup('onion', 1, 0);(4, 1):soup('onion', 2, 0)"
99,3,"(-1, 0)","(3, 2)","(0, 1)",,"(1, 2)","(1, 0)",onion,"(2, 2):onion;(3, 0):soup('onion', 1, 0);(4, 1):soup('onion', 2, 0)","(3, 0):soup('onion', 1, 0);(4, 1):soup('onion', 2, 0)",40.0,43.0,5,interact,-0.01080000000000001,0.0,0.0,-0.01080000000000001,40.0,43.0,False,"(3, 2)",,"(1, 2)",onion,"(2, 2):onion;(3, 0):soup('onion', 1, 0);(4, 1):soup('onion', 2, 0)","(3, 0):soup('onion', 1, 0);(4, 1):soup('onion', 2, 0)"
100,5,interact,"(3, 2)","(-1, 0)",,"(1, 2)","(1, 0)",onion,"(2, 2):onion;(3, 0):soup('onion', 1, 0);(4, 1):soup('onion', 2, 0)","(3, 0):soup('onion', 1, 0);(4, 1):soup('onion', 2, 0)",40.0,43.0,5,interact,-0.01080000000000001,0.0,0.0,-0.01080000000000001,40.0,43.0,False,"(3, 2)",onion,"(1, 2)",,"(2, 2):onion;(3, 0):soup('onion', 1, 0);(4, 1):soup('onion', 2, 0)","(3, 0):soup('onion', 1, 0);(4, 1):soup('onion', 2, 0)"
101,0,"(0, -1)","(3, 2)","(-1, 0)",onion,"(1, 2)","(1, 0)",,"(2, 2):onion;(3, 0):soup('onion', 1, 0);(4, 1):soup('onion', 2, 0)","(3, 0):soup('onion', 1, 0);(4, 1):soup('onion', 2, 0)",40.0,43.0,3,"(-1, 0)",-0.01080000000000001,0.0,0.0,-0.01080000000000001,40.0,43.0,False,"(3, 1)",onion,"(1, 2)",,"(2, 2):onion;(3, 0):soup('onion', 1, 0);(4, 1):soup('onion', 2, 0)","(3, 0):soup('onion', 1, 0);(4, 1):soup('onion', 2, 0)"
102,5,interact,"(3, 1)","(0, -1)",onion,"(1, 2)","(-1, 0)",,"(2, 2):onion;(3, 0):soup('onion', 1, 0);(4, 1):soup('onion', 2, 0)","(3, 0):soup('onion', 1, 0);(4, 1):soup('onion', 2, 0)",40.0,43.0,1,"(0, 1)",3.3456,0.0,3.0,0.3456,40.0,46.0,False,"(3, 1)",,"(1, 3)",,"(2, 2):onion;(3, 0):soup('onion', 2, 0);(4, 1):soup('onion', 2, 0)","(3, 0):soup('onion', 2, 0);(4, 1):soup('onion', 2, 0)"
103,1,"(0, 1)","(3, 1)","(0, -1)",,"(1, 3)","(0, 1)",,"(2, 2):onion;(3, 0):soup('onion', 2, 0);(4, 1):soup('onion', 2, 0)","(3, 0):soup('onion', 2, 0);(4, 1):soup('onion', 2, 0)",40.0,46.0,0,"(0, -1)",-0.014400000000000012,0.0,0.0,-0.014400000000000012,40.0,46.0,False,"(3, 2)",,"(1, 2)",,"(2, 2):onion;(3, 0):soup('onion', 2, 0);(4, 1):soup('onion', 2, 0)","(3, 0):soup('onion', 2, 0);(4, 1):soup('onion', 2, 0)"
104,3,"(-1, 0)","(3, 2)","(0, 1)",,"(1, 2)","(0, -1)",,"(2, 2):onion;(3, 0):soup('onion', 2, 0);(4, 1):soup('onion', 2, 0)","(3, 0):soup('onion', 2, 0);(4, 1):soup('onion', 2, 0)",40.0,46.0,3,"(-1, 0)",-0.014400000000000012,0.0,0.0,-0.014400000000000012,40.0,46.0,False,"(3, 2)",,"(1, 2)",,"(2, 2):onion;(3, 0):soup('onion', 2, 0);(4, 1):soup('onion', 2, 0)","(3, 0):soup('onion', 2, 0);(4, 1):soup('onion', 2, 0)"
105,5,interact,"(3, 2)","(-1, 0)",,"(1, 2)","(-1, 0)",,"(2, 2):onion;(3, 0):soup('onion', 2, 0);(4, 1):soup('onion', 2, 0)","(3, 0):soup('onion', 2, 0);(4, 1):soup('onion', 2, 0)",40.0,46.0,5,interact,-0.014400000000000012,0.0,0.0,-0.014400000000000012,40.0,46.0,False,"(3, 2)",onion,"(1, 2)",onion,"(3, 0):soup('onion', 2, 0);(4, 1):soup('onion', 2, 0)","(3, 0):soup('onion', 2, 0);(4, 1):soup('onion', 2, 0)"
106,0,"(0, -1)","(3, 2)","(-1, 0)",onion,"(1, 2)","(-1, 0)",onion,"(3, 0):soup('onion', 2, 0);(4, 1):soup('onion', 2, 0)","(3, 0):soup('onion', 2, 0);(4, 1):soup('onion', 2, 0)",40.0,46.0,2,"(1, 0)",-0.014400000000000012,0.0,0.0,-0.014400000000000012,40.0,46.0,False,"(3, 1)",onion,"(1, 2)",onion,"(3, 0):soup('onion', 2, 0);(4, 1):soup('onion', 2, 0)","(3, 0):soup('onion', 2, 0);(4, 1):soup('onion', 2, 0)"
107,5,interact,"(3, 1)","(0, -1)",onion,"(1, 2)","(1, 0)",onion,"(3, 0):soup('onion', 2, 0);(4, 1):soup('onion', 2, 0)","(3, 0):soup('onion', 2, 0);(4, 1):soup('onion', 2, 0)",40.0,46.0,5,interact,3.4608,0.0,3.0,0.4608000000000001,40.0,49.0,False,"(3, 1)",,"(1, 2)",,"(2, 2):onion;(3, 0):soup('onion', 3, 1);(4, 1):soup('onion', 2, 0)","(3, 0):soup('onion', 3, 1);(4, 1):soup('onion', 2, 0)"
108,3,"(-1, 0)","(3, 1)","(0, -1)",,"(1, 2)","(1, 0)",,"(2, 2):onion;(3, 0):soup('onion', 3, 1);(4, 1):soup('onion', 2, 0)","(3, 0):soup('onion', 3, 1);(4, 1):soup('onion', 2, 0)",40.0,49.0,1,"(0, 1)",-0.019200000000000016,0.0,0.0,-0.019200000000000016,40.0,49.0,False,"(3, 1)",,"(1, 3)",,"(2, 2):onion;(3, 0):soup('onion', 3, 2);(4, 1):soup('onion', 2, 0)","(3, 0):soup('onion', 3, 2);(4, 1):soup('onion', 2, 0)"
109,1,"(0, 1)","(3, 1)","(-1, 0)",,"(1, 3)","(0, 1)",,"(2, 2):onion;(3, 0):soup('onion', 3, 2);(4, 1):soup('onion', 2, 0)","(3, 0):soup('onion', 3, 2);(4, 1):soup('onion', 2, 0)",40.0,49.0,3,"(-1, 0)",-0.019200000000000016,0.0,0.0,-0.019200000000000016,40.0,49.0,False,"(3, 2)",,"(1, 3)",,"(2, 2):onion;(3, 0):soup('onion', 3, 3);(4, 1):soup('onion', 2, 0)","(3, 0):soup('onion', 3, 3);(4, 1):soup('onion', 2, 0)"
110,3,"(-1, 0)","(3, 2)","(0, 1)",,"(1, 3)","(-1, 0)",,"(2, 2):onion;(3, 0):soup('onion', 3, 3);(4, 1):soup('onion', 2, 0)","(3, 0):soup('onion', 3, 3);(4, 1):soup('onion', 2, 0)",40.0,49.0,5,interact,2.9808,0.0,3.0,-0.019200000000000016,40.0,52.0,False,"(3, 2)",,"(1, 3)",dish,"(2, 2):onion;(3, 0):soup('onion', 3, 4);(4, 1):soup('onion', 2, 0)","(3, 0):soup('onion', 3, 4);(4, 1):soup('onion', 2, 0)"
111,5,interact,"(3, 2)","(-1, 0)",,"(1, 3)","(-1, 0)",dish,"(2, 2):onion;(3, 0):soup('onion', 3, 4);(4, 1):soup('onion', 2, 0)","(3, 0):soup('onion', 3, 4);(4, 1):soup('onion', 2, 0)",40.0,52.0,0,"(0, -1)",-0.019200000000000016,0.0,0.0,-0.019200000000000016,40.0,52.0,False,"(3, 2)",onion,"(1, 2)",dish,"(3, 0):soup('onion', 3, 5);(4, 1):soup('onion', 2, 0)","(3, 0):soup('onion', 3, 5);(4, 1):soup('onion', 2, 0)"
112,0,"(0, -1)","(3, 2)","(-1, 0)",onion,"(1, 2)","(0, -1)",dish,"(3, 0):soup('onion', 3, 5);(4, 1):soup('onion', 2, 0)","(3, 0):soup('onion', 3, 5);(4, 1):soup('onion', 2, 0)",40.0,52.0,1,"(0, 1)",-0.019200000000000016,0.0,0.0,-0.019200000000000016,40.0,52.0,False,"(3, 1)",onion,"(1, 3)",dish,"(3, 0):soup('onion', 3, 6);(4, 1):soup('onion', 2, 0)","(3, 0):soup('onion', 3, 6);(4, 1):soup('onion', 2, 0)"
113,5,interact,"(3, 1)","(0, -1)",onion,"(1, 3)","(0, 1)",dish,"(3, 0):soup('onion', 3, 6);(4, 1):soup('onion', 2, 0)","(3, 0):soup('onion', 3, 6);(4, 1):soup('onion', 2, 0)",40.0,52.0,1,"(0, 1)",-0.019200000000000016,0.0,0.0,-0.019200000000000016,40.0,52.0,False,"(3, 1)",onion,"(1, 3)",dish,"(3, 0):soup('onion', 3, 7);(4, 1):soup('onion', 2, 0)","(3, 0):soup('onion', 3, 7);(4, 1):soup('onion', 2, 0)"
114,5,interact,"(3, 1)","(0, -1)",onion,"(1, 3)","(0, 1)",dish,"(3, 0):soup('onion', 3, 7);(4, 1):soup('onion', 2, 0)","(3, 0):soup('onion', 3, 7);(4, 1):soup('onion', 2, 0)",40.0,52.0,1,"(0, 1)",-0.019200000000000016,0.0,0.0,-0.019200000000000016,40.0,52.0,False,"(3, 1)",onion,"(1, 3)",dish,"(3, 0):soup('onion', 3, 8);(4, 1):soup('onion', 2, 0)","(3, 0):soup('onion', 3, 8);(4, 1):soup('onion', 2, 0)"
115,5,interact,"(3, 1)","(0, -1)",onion,"(1, 3)","(0, 1)",dish,"(3, 0):soup('onion', 3, 8);(4, 1):soup('onion', 2, 0)","(3, 0):soup('onion', 3, 8);(4, 1):soup('onion', 2, 0)",40.0,52.0,1,"(0, 1)",-0.019200000000000016,0.0,0.0,-0.019200000000000016,40.0,52.0,False,"(3, 1)",onion,"(1, 3)",dish,"(3, 0):soup('onion', 3, 9);(4, 1):soup('onion', 2, 0)","(3, 0):soup('onion', 3, 9);(4, 1):soup('onion', 2, 0)"
116,5,interact,"(3, 1)","(0, -1)",onion,"(1, 3)","(0, 1)",dish,"(3, 0):soup('onion', 3, 9);(4, 1):soup('onion', 2, 0)","(3, 0):soup('onion', 3, 9);(4, 1):soup('onion', 2, 0)",40.0,52.0,1,"(0, 1)",-0.019200000000000016,0.0,0.0,-0.019200000000000016,40.0,52.0,False,"(3, 1)",onion,"(1, 3)",dish,"(3, 0):soup('onion', 3, 10);(4, 1):soup('onion', 2, 0)","(3, 0):soup('onion', 3, 10);(4, 1):soup('onion', 2, 0)"
117,5,interact,"(3, 1)","(0, -1)",onion,"(1, 3)","(0, 1)",dish,"(3, 0):soup('onion', 3, 10);(4, 1):soup('onion', 2, 0)","(3, 0):soup('onion', 3, 10);(4, 1):soup('onion', 2, 0)",40.0,52.0,1,"(0, 1)",-0.019200000000000016,0.0,0.0,-0.019200000000000016,40.0,52.0,False,"(3, 1)",onion,"(1, 3)",dish,"(3, 0):soup('onion', 3, 11);(4, 1):soup('onion', 2, 0)","(3, 0):soup('onion', 3, 11);(4, 1):soup('onion', 2, 0)"
118,5,interact,"(3, 1)","(0, -1)",onion,"(1, 3)","(0, 1)",dish,"(3, 0):soup('onion', 3, 11);(4, 1):soup('onion', 2, 0)","(3, 0):soup('onion', 3, 11);(4, 1):soup('onion', 2, 0)",40.0,52.0,1,"(0, 1)",-0.019200000000000016,0.0,0.0,-0.019200000000000016,40.0,52.0,False,"(3, 1)",onion,"(1, 3)",dish,"(3, 0):soup('onion', 3, 12);(4, 1):soup('onion', 2, 0)","(3, 0):soup('onion', 3, 12);(4, 1):soup('onion', 2, 0)"
119,5,interact,"(3, 1)","(0, -1)",onion,"(1, 3)","(0, 1)",dish,"(3, 0):soup('onion', 3, 12);(4, 1):soup('onion', 2, 0)","(3, 0):soup('onion', 3, 12);(4, 1):soup('onion', 2, 0)",40.0,52.0,1,"(0, 1)",-0.019200000000000016,0.0,0.0,-0.019200000000000016,40.0,52.0,False,"(3, 1)",onion,"(1, 3)",dish,"(3, 0):soup('onion', 3, 13);(4, 1):soup('onion', 2, 0)","(3, 0):soup('onion', 3, 13);(4, 1):soup('onion', 2, 0)"
120,5,interact,"(3, 1)","(0, -1)",onion,"(1, 3)","(0, 1)",dish,"(3, 0):soup('onion', 3, 13);(4, 1):soup('onion', 2, 0)","(3, 0):soup('onion', 3, 13);(4, 1):soup('onion', 2, 0)",40.0,52.0,1,"(0, 1)",-0.019200000000000016,0.0,0.0,-0.019200000000000016,40.0,52.0,False,"(3, 1)",onion,"(1, 3)",dish,"(3, 0):soup('onion', 3, 14);(4, 1):soup('onion', 2, 0)","(3, 0):soup('onion', 3, 14);(4, 1):soup('onion', 2, 0)"
121,5,interact,"(3, 1)","(0, -1)",onion,"(1, 3)","(0, 1)",dish,"(3, 0):soup('onion', 3, 14);(4, 1):soup('onion', 2, 0)","(3, 0):soup('onion', 3, 14);(4, 1):soup('onion', 2, 0)",40.0,52.0,1,"(0, 1)",-0.019200000000000016,0.0,0.0,-0.019200000000000016,40.0,52.0,False,"(3, 1)",onion,"(1, 3)",dish,"(3, 0):soup('onion', 3, 15);(4, 1):soup('onion', 2, 0)","(3, 0):soup('onion', 3, 15);(4, 1):soup('onion', 2, 0)"
122,5,interact,"(3, 1)","(0, -1)",onion,"(1, 3)","(0, 1)",dish,"(3, 0):soup('onion', 3, 15);(4, 1):soup('onion', 2, 0)","(3, 0):soup('onion', 3, 15);(4, 1):soup('onion', 2, 0)",40.0,52.0,1,"(0, 1)",-0.019200000000000016,0.0,0.0,-0.019200000000000016,40.0,52.0,False,"(3, 1)",onion,"(1, 3)",dish,"(3, 0):soup('onion', 3, 16);(4, 1):soup('onion', 2, 0)","(3, 0):soup('onion', 3, 16);(4, 1):soup('onion', 2, 0)"
123,5,interact,"(3, 1)","(0, -1)",onion,"(1, 3)","(0, 1)",dish,"(3, 0):soup('onion', 3, 16);(4, 1):soup('onion', 2, 0)","(3, 0):soup('onion', 3, 16);(4, 1):soup('onion', 2, 0)",40.0,52.0,1,"(0, 1)",-0.019200000000000016,0.0,0.0,-0.019200000000000016,40.0,52.0,False,"(3, 1)",onion,"(1, 3)",dish,"(3, 0):soup('onion', 3, 17);(4, 1):soup('onion', 2, 0)","(3, 0):soup('onion', 3, 17);(4, 1):soup('onion', 2, 0)"
124,5,interact,"(3, 1)","(0, -1)",onion,"(1, 3)","(0, 1)",dish,"(3, 0):soup('onion', 3, 17);(4, 1):soup('onion', 2, 0)","(3, 0):soup('onion', 3, 17);(4, 1):soup('onion', 2, 0)",40.0,52.0,1,"(0, 1)",-0.019200000000000016,0.0,0.0,-0.019200000000000016,40.0,52.0,False,"(3, 1)",onion,"(1, 3)",dish,"(3, 0):soup('onion', 3, 18);(4, 1):soup('onion', 2, 0)","(3, 0):soup('onion', 3, 18);(4, 1):soup('onion', 2, 0)"
125,5,interact,"(3, 1)","(0, -1)",onion,"(1, 3)","(0, 1)",dish,"(3, 0):soup('onion', 3, 18);(4, 1):soup('onion', 2, 0)","(3, 0):soup('onion', 3, 18);(4, 1):soup('onion', 2, 0)",40.0,52.0,1,"(0, 1)",-0.019200000000000016,0.0,0.0,-0.019200000000000016,40.0,52.0,False,"(3, 1)",onion,"(1, 3)",dish,"(3, 0):soup('onion', 3, 19);(4, 1):soup('onion', 2, 0)","(3, 0):soup('onion', 3, 19);(4, 1):soup('onion', 2, 0)"
126,5,interact,"(3, 1)","(0, -1)",onion,"(1, 3)","(0, 1)",dish,"(3, 0):soup('onion', 3, 19);(4, 1):soup('onion', 2, 0)","(3, 0):soup('onion', 3, 19);(4, 1):soup('onion', 2, 0)",40.0,52.0,1,"(0, 1)",0.5747999999999995,0.0,0.0,0.5747999999999995,40.0,52.0,False,"(3, 1)",onion,"(1, 3)",dish,"(3, 0):soup('onion', 3, 20);(4, 1):soup('onion', 2, 0)","(3, 0):soup('onion', 3, 20);(4, 1):soup('onion', 2, 0)"
127,5,interact,"(3, 1)","(0, -1)",onion,"(1, 3)","(0, 1)",dish,"(3, 0):soup('onion', 3, 20);(4, 1):soup('onion', 2, 0)","(3, 0):soup('onion', 3, 20);(4, 1):soup('onion', 2, 0)",40.0,52.0,2,"(1, 0)",-0.02519999999999989,0.0,0.0,-0.02519999999999989,40.0,52.0,False,"(3, 1)",onion,"(1, 3)",dish,"(3, 0):soup('onion', 3, 20);(4, 1):soup('onion', 2, 0)","(3, 0):soup('onion', 3, 20);(4, 1):soup('onion', 2, 0)"
128,2,"(1, 0)","(3, 1)","(0, -1)",onion,"(1, 3)","(1, 0)",dish,"(3, 0):soup('onion', 3, 20);(4, 1):soup('onion', 2, 0)","(3, 0):soup('onion', 3, 20);(4, 1):soup('onion', 2, 0)",40.0,52.0,4,"(0, 0)",-0.02519999999999989,0.0,0.0,-0.02519999999999989,40.0,52.0,False,"(3, 1)",onion,"(1, 3)",dish,"(3, 0):soup('onion', 3, 20);(4, 1):soup('onion', 2, 0)","(3, 0):soup('onion', 3, 20);(4, 1):soup('onion', 2, 0)"
129,5,interact,"(3, 1)","(1, 0)",onion,"(1, 3)","(1, 0)",dish,"(3, 0):soup('onion', 3, 20);(4, 1):soup('onion', 2, 0)","(3, 0):soup('onion', 3, 20);(4, 1):soup('onion', 2, 0)",40.0,52.0,4,"(0, 0)",3.4500000000000006,0.0,3.0,0.4500000000000005,40.0,55.0,False,"(3, 1)",,"(1, 3)",dish,"(3, 0):soup('onion', 3, 20);(4, 1):soup('onion', 3, 1)","(3, 0):soup('onion', 3, 20);(4, 1):soup('onion', 3, 1)"
130,1,"(0, 1)","(3, 1)","(1, 0)",,"(1, 3)","(1, 0)",dish,"(3, 0):soup('onion', 3, 20);(4, 1):soup('onion', 3, 1)","(3, 0):soup('onion', 3, 20);(4, 1):soup('onion', 3, 1)",40.0,55.0,4,"(0, 0)",-0.02999999999999989,0.0,0.0,-0.02999999999999989,40.0,55.0,False,"(3, 2)",,"(1, 3)",dish,"(3, 0):soup('onion', 3, 20);(4, 1):soup('onion', 3, 2)","(3, 0):soup('onion', 3, 20);(4, 1):soup('onion', 3, 2)"
131,3,"(-1, 0)","(3, 2)","(0, 1)",,"(1, 3)","(1, 0)",dish,"(3, 0):soup('onion', 3, 20);(4, 1):soup('onion', 3, 2)","(3, 0):soup('onion', 3, 20);(4, 1):soup('onion', 3, 2)",40.0,55.0,5,interact,-0.02999999999999989,0.0,0.0,-0.02999999999999989,40.0,55.0,False,"(3, 2)",,"(1, 3)",,"(2, 3):dish;(3, 0):soup('onion', 3, 20);(4, 1):soup('onion', 3, 3)","(3, 0):soup('onion', 3, 20);(4, 1):soup('onion', 3, 3)"
132,5,interact,"(3, 2)","(-1, 0)",,"(1, 3)","(1, 0)",,"(2, 3):dish;(3, 0):soup('onion', 3, 20);(4, 1):soup('onion', 3, 3)","(3, 0):soup('onion', 3, 20);(4, 1):soup('onion', 3, 3)",40.0,55.0,5,interact,-0.08940000000000055,0.0,0.0,-0.08940000000000055,40.0,55.0,False,"(3, 2)",,"(1, 3)",dish,"(3, 0):soup('onion', 3, 20);(4, 1):soup('onion', 3, 4)","(3, 0):soup('onion', 3, 20);(4, 1):soup('onion', 3, 4)"
133,5,interact,"(3, 2)","(-1, 0)",,"(1, 3)","(1, 0)",dish,"(3, 0):soup('onion', 3, 20);(4, 1):soup('onion', 3, 4)","(3, 0):soup('onion', 3, 20);(4, 1):soup('onion', 3, 4)",40.0,55.0,0,"(0, -1)",-0.08880000000000034,0.0,0.0,-0.08880000000000034,40.0,55.0,False,"(3, 2)",,"(1, 2)",dish,"(3, 0):soup('onion', 3, 20);(4, 1):soup('onion', 3, 5)","(3, 0):soup('onion', 3, 20);(4, 1):soup('onion', 3, 5)"
134,4,"(0, 0)","(3, 2)","(-1, 0)",,"(1, 2)","(0, -1)",dish,"(3, 0):soup('onion', 3, 20);(4, 1):soup('onion', 3, 5)","(3, 0):soup('onion', 3, 20);(4, 1):soup('onion', 3, 5)",40.0,55.0,2,"(1, 0)",-0.08819999999999961,0.0,0.0,-0.08819999999999961,40.0,55.0,False,"(3, 2)",,"(1, 2)",dish,"(3, 0):soup('onion', 3, 20);(4, 1):soup('onion', 3, 6)","(3, 0):soup('onion', 3, 20);(4, 1):soup('onion', 3, 6)"
135,5,interact,"(3, 2)","(-1, 0)",,"(1, 2)","(1, 0)",dish,"(3, 0):soup('onion', 3, 20);(4, 1):soup('onion', 3, 6)","(3, 0):soup('onion', 3, 20);(4, 1):soup('onion', 3, 6)",40.0,55.0,5,interact,-0.08759999999999994,0.0,0.0,-0.08759999999999994,40.0,55.0,False,"(3, 2)",,"(1, 2)",,"(2, 2):dish;(3, 0):soup('onion', 3, 20);(4, 1):soup('onion', 3, 7)","(3, 0):soup('onion', 3, 20);(4, 1):soup('onion', 3, 7)"
136,5,interact,"(3, 2)","(-1, 0)",,"(1, 2)","(1, 0)",,"(2, 2):dish;(3, 0):soup('onion', 3, 20);(4, 1):soup('onion', 3, 7)","(3, 0):soup('onion', 3, 20);(4, 1):soup('onion', 3, 7)",40.0,55.0,1,"(0, 1)",-0.08699999999999974,0.0,0.0,-0.08699999999999974,40.0,55.0,False,"(3, 2)",dish,"(1, 3)",,"(3, 0):soup('onion', 3, 20);(4, 1):soup('onion', 3, 8)","(3, 0):soup('onion', 3, 20);(4, 1):soup('onion', 3, 8)"
137,0,"(0, -1)","(3, 2)","(-1, 0)",dish,"(1, 3)","(0, 1)",,"(3, 0):soup('onion', 3, 20);(4, 1):soup('onion', 3, 8)","(3, 0):soup('onion', 3, 20);(4, 1):soup('onion', 3, 8)",40.0,55.0,3,"(-1, 0)",-0.08640000000000007,0.0,0.0,-0.08640000000000007,40.0,55.0,False,"(3, 1)",dish,"(1, 3)",,"(3, 0):soup('onion', 3, 20);(4, 1):soup('onion', 3, 9)","(3, 0):soup('onion', 3, 20);(4, 1):soup('onion', 3, 9)"
138,5,interact,"(3, 1)","(0, -1)",dish,"(1, 3)","(-1, 0)",,"(3, 0):soup('onion', 3, 20);(4, 1):soup('onion', 3, 9)","(3, 0):soup('onion', 3, 20);(4, 1):soup('onion', 3, 9)",40.0,55.0,5,interact,8.745800000000001,0.0,8.0,0.7458000000000001,40.0,63.0,False,"(3, 1)","soup('onion', 3, 20)","(1, 3)",dish,"(4, 1):soup('onion', 3, 10)","(3, 0):empty;(4, 1):soup('onion', 3, 10)"
139,1,"(0, 1)","(3, 1)","(0, -1)","soup('onion', 3, 20)","(1, 3)","(-1, 0)",dish,"(4, 1):soup('onion', 3, 10)","(3, 0):empty;(4, 1):soup('onion', 3, 10)",40.0,63.0,0,"(0, -1)",0.02519999999999989,0.0,0.0,0.02519999999999989,40.0,63.0,False,"(3, 2)","soup('onion', 3, 20)","(1, 2)",dish,"(4, 1):soup('onion', 3, 11)","(3, 0):empty;(4, 1):soup('onion', 3, 11)"
140,1,"(0, 1)","(3, 2)","(0, 1)","soup('onion', 3, 20)","(1, 2)","(0, -1)",dish,"(4, 1):soup('onion', 3, 11)","(3, 0):empty;(4, 1):soup('onion', 3, 11)",40.0,63.0,2,"(1, 0)",0.024600000000000222,0.0,0.0,0.024600000000000222,40.0,63.0,False,"(3, 3)","soup('onion', 3, 20)","(1, 2)",dish,"(4, 1):soup('onion', 3, 12)","(3, 0):empty;(4, 1):soup('onion', 3, 12)"
141,5,interact,"(3, 3)","(0, 1)","soup('onion', 3, 20)","(1, 2)","(1, 0)",dish,"(4, 1):soup('onion', 3, 12)","(3, 0):empty;(4, 1):soup('onion', 3, 12)",40.0,63.0,3,"(-1, 0)",17.648,20.0,0.0,-2.3520000000000003,60.0,63.0,True,"(3, 3)",,"(1, 2)",dish,"(4, 1):soup('onion', 3, 13)","(3, 0):empty;(4, 1):soup('onion', 3, 13)"
142,3,"(-1, 0)","(3, 3)","(0, 1)",,"(1, 2)","(-1, 0)",dish,"(4, 1):soup('onion', 3, 13)","(3, 0):empty;(4, 1):soup('onion', 3, 13)",60.0,63.0,5,interact,-0.01200000000000001,0.0,0.0,-0.01200000000000001,60.0,63.0,False,"(3, 3)",,"(1, 2)",dish,"(4, 1):soup('onion', 3, 14)","(3, 0):empty;(4, 1):soup('onion', 3, 14)"
143,0,"(0, -1)","(3, 3)","(-1, 0)",,"(1, 2)","(-1, 0)",dish,"(4, 1):soup('onion', 3, 14)","(3, 0):empty;(4, 1):soup('onion', 3, 14)",60.0,63.0,5,interact,-0.01200000000000001,0.0,0.0,-0.01200000000000001,60.0,63.0,False,"(3, 2)",,"(1, 2)",dish,"(4, 1):soup('onion', 3, 15)","(3, 0):empty;(4, 1):soup('onion', 3, 15)"
144,3,"(-1, 0)","(3, 2)","(0, -1)",,"(1, 2)","(-1, 0)",dish,"(4, 1):soup('onion', 3, 15)","(3, 0):empty;(4, 1):soup('onion', 3, 15)",60.0,63.0,5,interact,-0.01200000000000001,0.0,0.0,-0.01200000000000001,60.0,63.0,False,"(3, 2)",,"(1, 2)",dish,"(4, 1):soup('onion', 3, 16)","(3, 0):empty;(4, 1):soup('onion', 3, 16)"
145,3,"(-1, 0)","(3, 2)","(-1, 0)",,"(1, 2)","(-1, 0)",dish,"(4, 1):soup('onion', 3, 16)","(3, 0):empty;(4, 1):soup('onion', 3, 16)",60.0,63.0,5,interact,-0.01200000000000001,0.0,0.0,-0.01200000000000001,60.0,63.0,False,"(3, 2)",,"(1, 2)",dish,"(4, 1):soup('onion', 3, 17)","(3, 0):empty;(4, 1):soup('onion', 3, 17)"
146,3,"(-1, 0)","(3, 2)","(-1, 0)",,"(1, 2)","(-1, 0)",dish,"(4, 1):soup('onion', 3, 17)","(3, 0):empty;(4, 1):soup('onion', 3, 17)",60.0,63.0,5,interact,-0.01200000000000001,0.0,0.0,-0.01200000000000001,60.0,63.0,False,"(3, 2)",,"(1, 2)",dish,"(4, 1):soup('onion', 3, 18)","(3, 0):empty;(4, 1):soup('onion', 3, 18)"
147,3,"(-1, 0)","(3, 2)","(-1, 0)",,"(1, 2)","(-1, 0)",dish,"(4, 1):soup('onion', 3, 18)","(3, 0):empty;(4, 1):soup('onion', 3, 18)",60.0,63.0,5,interact,-0.01200000000000001,0.0,0.0,-0.01200000000000001,60.0,63.0,False,"(3, 2)",,"(1, 2)",dish,"(4, 1):soup('onion', 3, 19)","(3, 0):empty;(4, 1):soup('onion', 3, 19)"
148,3,"(-1, 0)","(3, 2)","(-1, 0)",,"(1, 2)","(-1, 0)",dish,"(4, 1):soup('onion', 3, 19)","(3, 0):empty;(4, 1):soup('onion', 3, 19)",60.0,63.0,5,interact,0.5819999999999999,0.0,0.0,0.5819999999999999,60.0,63.0,False,"(3, 2)",,"(1, 2)",dish,"(4, 1):soup('onion', 3, 20)","(3, 0):empty;(4, 1):soup('onion', 3, 20)"
149,5,interact,"(3, 2)","(-1, 0)",,"(1, 2)","(-1, 0)",dish,"(4, 1):soup('onion', 3, 20)","(3, 0):empty;(4, 1):soup('onion', 3, 20)",60.0,63.0,5,interact,-0.018000000000000148,0.0,0.0,-0.018000000000000148,60.0,63.0,False,"(3, 2)",,"(1, 2)",dish,"(4, 1):soup('onion', 3, 20)","(3, 0):empty;(4, 1):soup('onion', 3, 20)"
150,5,interact,"(3, 2)","(-1, 0)",,"(1, 2)","(-1, 0)",dish,"(4, 1):soup('onion', 3, 20)","(3, 0):empty;(4, 1):soup('onion', 3, 20)",60.0,63.0,5,interact,-0.018000000000000148,0.0,0.0,-0.018000000000000148,60.0,63.0,False,"(3, 2)",,"(1, 2)",dish,"(4, 1):soup('onion', 3, 20)","(3, 0):empty;(4, 1):soup('onion', 3, 20)"
151,5,interact,"(3, 2)","(-1, 0)",,"(1, 2)","(-1, 0)",dish,"(4, 1):soup('onion', 3, 20)","(3, 0):empty;(4, 1):soup('onion', 3, 20)",60.0,63.0,5,interact,-0.018000000000000148,0.0,0.0,-0.018000000000000148,60.0,63.0,False,"(3, 2)",,"(1, 2)",dish,"(4, 1):soup('onion', 3, 20)","(3, 0):empty;(4, 1):soup('onion', 3, 20)"
152,5,interact,"(3, 2)","(-1, 0)",,"(1, 2)","(-1, 0)",dish,"(4, 1):soup('onion', 3, 20)","(3, 0):empty;(4, 1):soup('onion', 3, 20)",60.0,63.0,5,interact,-0.018000000000000148,0.0,0.0,-0.018000000000000148,60.0,63.0,False,"(3, 2)",,"(1, 2)",dish,"(4, 1):soup('onion', 3, 20)","(3, 0):empty;(4, 1):soup('onion', 3, 20)"
153,5,interact,"(3, 2)","(-1, 0)",,"(1, 2)","(-1, 0)",dish,"(4, 1):soup('onion', 3, 20)","(3, 0):empty;(4, 1):soup('onion', 3, 20)",60.0,63.0,5,interact,-0.018000000000000148,0.0,0.0,-0.018000000000000148,60.0,63.0,False,"(3, 2)",,"(1, 2)",dish,"(4, 1):soup('onion', 3, 20)","(3, 0):empty;(4, 1):soup('onion', 3, 20)"
154,5,interact,"(3, 2)","(-1, 0)",,"(1, 2)","(-1, 0)",dish,"(4, 1):soup('onion', 3, 20)","(3, 0):empty;(4, 1):soup('onion', 3, 20)",60.0,63.0,5,interact,-0.0774,0.0,0.0,-0.0774,60.0,63.0,False,"(3, 2)",,"(1, 2)",dish,"(4, 1):soup('onion', 3, 20)","(3, 0):empty;(4, 1):soup('onion', 3, 20)"
155,5,interact,"(3, 2)","(-1, 0)",,"(1, 2)","(-1, 0)",dish,"(4, 1):soup('onion', 3, 20)","(3, 0):empty;(4, 1):soup('onion', 3, 20)",60.0,63.0,5,interact,-0.07680000000000006,0.0,0.0,-0.07680000000000006,60.0,63.0,False,"(3, 2)",,"(1, 2)",dish,"(4, 1):soup('onion', 3, 20)","(3, 0):empty;(4, 1):soup('onion', 3, 20)"
156,5,interact,"(3, 2)","(-1, 0)",,"(1, 2)","(-1, 0)",dish,"(4, 1):soup('onion', 3, 20)","(3, 0):empty;(4, 1):soup('onion', 3, 20)",60.0,63.0,5,interact,-0.07620000000000013,0.0,0.0,-0.07620000000000013,60.0,63.0,False,"(3, 2)",,"(1, 2)",dish,"(4, 1):soup('onion', 3, 20)","(3, 0):empty;(4, 1):soup('onion', 3, 20)"
157,5,interact,"(3, 2)","(-1, 0)",,"(1, 2)","(-1, 0)",dish,"(4, 1):soup('onion', 3, 20)","(3, 0):empty;(4, 1):soup('onion', 3, 20)",60.0,63.0,5,interact,-0.07559999999999993,0.0,0.0,-0.07559999999999993,60.0,63.0,False,"(3, 2)",,"(1, 2)",dish,"(4, 1):soup('onion', 3, 20)","(3, 0):empty;(4, 1):soup('onion', 3, 20)"
158,5,interact,"(3, 2)","(-1, 0)",,"(1, 2)","(-1, 0)",dish,"(4, 1):soup('onion', 3, 20)","(3, 0):empty;(4, 1):soup('onion', 3, 20)",60.0,63.0,5,interact,-0.075,0.0,0.0,-0.075,60.0,63.0,False,"(3, 2)",,"(1, 2)",dish,"(4, 1):soup('onion', 3, 20)","(3, 0):empty;(4, 1):soup('onion', 3, 20)"
159,5,interact,"(3, 2)","(-1, 0)",,"(1, 2)","(-1, 0)",dish,"(4, 1):soup('onion', 3, 20)","(3, 0):empty;(4, 1):soup('onion', 3, 20)",60.0,63.0,5,interact,-0.07440000000000006,0.0,0.0,-0.07440000000000006,60.0,63.0,False,"(3, 2)",,"(1, 2)",dish,"(4, 1):soup('onion', 3, 20)","(3, 0):empty;(4, 1):soup('onion', 3, 20)"
160,5,interact,"(3, 2)","(-1, 0)",,"(1, 2)","(-1, 0)",dish,"(4, 1):soup('onion', 3, 20)","(3, 0):empty;(4, 1):soup('onion', 3, 20)",60.0,63.0,5,interact,-0.07380000000000013,0.0,0.0,-0.07380000000000013,60.0,63.0,False,"(3, 2)",,"(1, 2)",dish,"(4, 1):soup('onion', 3, 20)","(3, 0):empty;(4, 1):soup('onion', 3, 20)"
161,5,interact,"(3, 2)","(-1, 0)",,"(1, 2)","(-1, 0)",dish,"(4, 1):soup('onion', 3, 20)","(3, 0):empty;(4, 1):soup('onion', 3, 20)",60.0,63.0,5,interact,-0.07319999999999993,0.0,0.0,-0.07319999999999993,60.0,63.0,False,"(3, 2)",,"(1, 2)",dish,"(4, 1):soup('onion', 3, 20)","(3, 0):empty;(4, 1):soup('onion', 3, 20)"
162,5,interact,"(3, 2)","(-1, 0)",,"(1, 2)","(-1, 0)",dish,"(4, 1):soup('onion', 3, 20)","(3, 0):empty;(4, 1):soup('onion', 3, 20)",60.0,63.0,5,interact,-0.07259999999999973,0.0,0.0,-0.07259999999999973,60.0,63.0,False,"(3, 2)",,"(1, 2)",dish,"(4, 1):soup('onion', 3, 20)","(3, 0):empty;(4, 1):soup('onion', 3, 20)"
163,5,interact,"(3, 2)","(-1, 0)",,"(1, 2)","(-1, 0)",dish,"(4, 1):soup('onion', 3, 20)","(3, 0):empty;(4, 1):soup('onion', 3, 20)",60.0,63.0,5,interact,-0.07200000000000006,0.0,0.0,-0.07200000000000006,60.0,63.0,False,"(3, 2)",,"(1, 2)",dish,"(4, 1):soup('onion', 3, 20)","(3, 0):empty;(4, 1):soup('onion', 3, 20)"
164,5,interact,"(3, 2)","(-1, 0)",,"(1, 2)","(-1, 0)",dish,"(4, 1):soup('onion', 3, 20)","(3, 0):empty;(4, 1):soup('onion', 3, 20)",60.0,63.0,5,interact,-0.07139999999999999,0.0,0.0,-0.07139999999999999,60.0,63.0,False,"(3, 2)",,"(1, 2)",dish,"(4, 1):soup('onion', 3, 20)","(3, 0):empty;(4, 1):soup('onion', 3, 20)"
165,5,interact,"(3, 2)","(-1, 0)",,"(1, 2)","(-1, 0)",dish,"(4, 1):soup('onion', 3, 20)","(3, 0):empty;(4, 1):soup('onion', 3, 20)",60.0,63.0,5,interact,-0.07080000000000006,0.0,0.0,-0.07080000000000006,60.0,63.0,False,"(3, 2)",,"(1, 2)",dish,"(4, 1):soup('onion', 3, 20)","(3, 0):empty;(4, 1):soup('onion', 3, 20)"
166,5,interact,"(3, 2)","(-1, 0)",,"(1, 2)","(-1, 0)",dish,"(4, 1):soup('onion', 3, 20)","(3, 0):empty;(4, 1):soup('onion', 3, 20)",60.0,63.0,5,interact,-0.01080000000000001,0.0,0.0,-0.01080000000000001,60.0,63.0,False,"(3, 2)",,"(1, 2)",dish,"(4, 1):soup('onion', 3, 20)","(3, 0):empty;(4, 1):soup('onion', 3, 20)"
167,5,interact,"(3, 2)","(-1, 0)",,"(1, 2)","(-1, 0)",dish,"(4, 1):soup('onion', 3, 20)","(3, 0):empty;(4, 1):soup('onion', 3, 20)",60.0,63.0,5,interact,-0.01080000000000001,0.0,0.0,-0.01080000000000001,60.0,63.0,False,"(3, 2)",,"(1, 2)",dish,"(4, 1):soup('onion', 3, 20)","(3, 0):empty;(4, 1):soup('onion', 3, 20)"
168,5,interact,"(3, 2)","(-1, 0)",,"(1, 2)","(-1, 0)",dish,"(4, 1):soup('onion', 3, 20)","(3, 0):empty;(4, 1):soup('onion', 3, 20)",60.0,63.0,5,interact,-0.01080000000000001,0.0,0.0,-0.01080000000000001,60.0,63.0,False,"(3, 2)",,"(1, 2)",dish,"(4, 1):soup('onion', 3, 20)","(3, 0):empty;(4, 1):soup('onion', 3, 20)"
169,5,interact,"(3, 2)","(-1, 0)",,"(1, 2)","(-1, 0)",dish,"(4, 1):soup('onion', 3, 20)","(3, 0):empty;(4, 1):soup('onion', 3, 20)",60.0,63.0,5,interact,-0.01080000000000001,0.0,0.0,-0.01080000000000001,60.0,63.0,False,"(3, 2)",,"(1, 2)",dish,"(4, 1):soup('onion', 3, 20)","(3, 0):empty;(4, 1):soup('onion', 3, 20)"
170,5,interact,"(3, 2)","(-1, 0)",,"(1, 2)","(-1, 0)",dish,"(4, 1):soup('onion', 3, 20)","(3, 0):empty;(4, 1):soup('onion', 3, 20)",60.0,63.0,5,interact,-0.01080000000000001,0.0,0.0,-0.01080000000000001,60.0,63.0,False,"(3, 2)",,"(1, 2)",dish,"(4, 1):soup('onion', 3, 20)","(3, 0):empty;(4, 1):soup('onion', 3, 20)"
171,5,interact,"(3, 2)","(-1, 0)",,"(1, 2)","(-1, 0)",dish,"(4, 1):soup('onion', 3, 20)","(3, 0):empty;(4, 1):soup('onion', 3, 20)",60.0,63.0,5,interact,-0.01080000000000001,0.0,0.0,-0.01080000000000001,60.0,63.0,False,"(3, 2)",,"(1, 2)",dish,"(4, 1):soup('onion', 3, 20)","(3, 0):empty;(4, 1):soup('onion', 3, 20)"
172,5,interact,"(3, 2)","(-1, 0)",,"(1, 2)","(-1, 0)",dish,"(4, 1):soup('onion', 3, 20)","(3, 0):empty;(4, 1):soup('onion', 3, 20)",60.0,63.0,5,interact,-0.01080000000000001,0.0,0.0,-0.01080000000000001,60.0,63.0,False,"(3, 2)",,"(1, 2)",dish,"(4, 1):soup('onion', 3, 20)","(3, 0):empty;(4, 1):soup('onion', 3, 20)"
173,5,interact,"(3, 2)","(-1, 0)",,"(1, 2)","(-1, 0)",dish,"(4, 1):soup('onion', 3, 20)","(3, 0):empty;(4, 1):soup('onion', 3, 20)",60.0,63.0,5,interact,-0.01080000000000001,0.0,0.0,-0.01080000000000001,60.0,63.0,False,"(3, 2)",,"(1, 2)",dish,"(4, 1):soup('onion', 3, 20)","(3, 0):empty;(4, 1):soup('onion', 3, 20)"
174,5,interact,"(3, 2)","(-1, 0)",,"(1, 2)","(-1, 0)",dish,"(4, 1):soup('onion', 3, 20)","(3, 0):empty;(4, 1):soup('onion', 3, 20)",60.0,63.0,5,interact,-0.01080000000000001,0.0,0.0,-0.01080000000000001,60.0,63.0,False,"(3, 2)",,"(1, 2)",dish,"(4, 1):soup('onion', 3, 20)","(3, 0):empty;(4, 1):soup('onion', 3, 20)"
175,5,interact,"(3, 2)","(-1, 0)",,"(1, 2)","(-1, 0)",dish,"(4, 1):soup('onion', 3, 20)","(3, 0):empty;(4, 1):soup('onion', 3, 20)",60.0,63.0,5,interact,-0.01080000000000001,0.0,0.0,-0.01080000000000001,60.0,63.0,False,"(3, 2)",,"(1, 2)",dish,"(4, 1):soup('onion', 3, 20)","(3, 0):empty;(4, 1):soup('onion', 3, 20)"
176,5,interact,"(3, 2)","(-1, 0)",,"(1, 2)","(-1, 0)",dish,"(4, 1):soup('onion', 3, 20)","(3, 0):empty;(4, 1):soup('onion', 3, 20)",60.0,63.0,5,interact,-0.01080000000000001,0.0,0.0,-0.01080000000000001,60.0,63.0,False,"(3, 2)",,"(1, 2)",dish,"(4, 1):soup('onion', 3, 20)","(3, 0):empty;(4, 1):soup('onion', 3, 20)"
177,5,interact,"(3, 2)","(-1, 0)",,"(1, 2)","(-1, 0)",dish,"(4, 1):soup('onion', 3, 20)","(3, 0):empty;(4, 1):soup('onion', 3, 20)",60.0,63.0,5,interact,-0.01080000000000001,0.0,0.0,-0.01080000000000001,60.0,63.0,False,"(3, 2)",,"(1, 2)",dish,"(4, 1):soup('onion', 3, 20)","(3, 0):empty;(4, 1):soup('onion', 3, 20)"
178,5,interact,"(3, 2)","(-1, 0)",,"(1, 2)","(-1, 0)",dish,"(4, 1):soup('onion', 3, 20)","(3, 0):empty;(4, 1):soup('onion', 3, 20)",60.0,63.0,5,interact,-0.01080000000000001,0.0,0.0,-0.01080000000000001,60.0,63.0,False,"(3, 2)",,"(1, 2)",dish,"(4, 1):soup('onion', 3, 20)","(3, 0):empty;(4, 1):soup('onion', 3, 20)"
179,5,interact,"(3, 2)","(-1, 0)",,"(1, 2)","(-1, 0)",dish,"(4, 1):soup('onion', 3, 20)","(3, 0):empty;(4, 1):soup('onion', 3, 20)",60.0,63.0,5,interact,-0.01080000000000001,0.0,0.0,-0.01080000000000001,60.0,63.0,False,"(3, 2)",,"(1, 2)",dish,"(4, 1):soup('onion', 3, 20)","(3, 0):empty;(4, 1):soup('onion', 3, 20)"
180,5,interact,"(3, 2)","(-1, 0)",,"(1, 2)","(-1, 0)",dish,"(4, 1):soup('onion', 3, 20)","(3, 0):empty;(4, 1):soup('onion', 3, 20)",60.0,63.0,5,interact,-0.01080000000000001,0.0,0.0,-0.01080000000000001,60.0,63.0,False,"(3, 2)",,"(1, 2)",dish,"(4, 1):soup('onion', 3, 20)","(3, 0):empty;(4, 1):soup('onion', 3, 20)"
181,5,interact,"(3, 2)","(-1, 0)",,"(1, 2)","(-1, 0)",dish,"(4, 1):soup('onion', 3, 20)","(3, 0):empty;(4, 1):soup('onion', 3, 20)",60.0,63.0,5,interact,-0.01080000000000001,0.0,0.0,-0.01080000000000001,60.0,63.0,False,"(3, 2)",,"(1, 2)",dish,"(4, 1):soup('onion', 3, 20)","(3, 0):empty;(4, 1):soup('onion', 3, 20)"
182,5,interact,"(3, 2)","(-1, 0)",,"(1, 2)","(-1, 0)",dish,"(4, 1):soup('onion', 3, 20)","(3, 0):empty;(4, 1):soup('onion', 3, 20)",60.0,63.0,5,interact,-0.01080000000000001,0.0,0.0,-0.01080000000000001,60.0,63.0,False,"(3, 2)",,"(1, 2)",dish,"(4, 1):soup('onion', 3, 20)","(3, 0):empty;(4, 1):soup('onion', 3, 20)"
183,5,interact,"(3, 2)","(-1, 0)",,"(1, 2)","(-1, 0)",dish,"(4, 1):soup('onion', 3, 20)","(3, 0):empty;(4, 1):soup('onion', 3, 20)",60.0,63.0,5,interact,-0.01080000000000001,0.0,0.0,-0.01080000000000001,60.0,63.0,False,"(3, 2)",,"(1, 2)",dish,"(4, 1):soup('onion', 3, 20)","(3, 0):empty;(4, 1):soup('onion', 3, 20)"
184,5,interact,"(3, 2)","(-1, 0)",,"(1, 2)","(-1, 0)",dish,"(4, 1):soup('onion', 3, 20)","(3, 0):empty;(4, 1):soup('onion', 3, 20)",60.0,63.0,5,interact,-0.01080000000000001,0.0,0.0,-0.01080000000000001,60.0,63.0,False,"(3, 2)",,"(1, 2)",dish,"(4, 1):soup('onion', 3, 20)","(3, 0):empty;(4, 1):soup('onion', 3, 20)"
185,5,interact,"(3, 2)","(-1, 0)",,"(1, 2)","(-1, 0)",dish,"(4, 1):soup('onion', 3, 20)","(3, 0):empty;(4, 1):soup('onion', 3, 20)",60.0,63.0,5,interact,-0.01080000000000001,0.0,0.0,-0.01080000000000001,60.0,63.0,False,"(3, 2)",,"(1, 2)",dish,"(4, 1):soup('onion', 3, 20)","(3, 0):empty;(4, 1):soup('onion', 3, 20)"
186,5,interact,"(3, 2)","(-1, 0)",,"(1, 2)","(-1, 0)",dish,"(4, 1):soup('onion', 3, 20)","(3, 0):empty;(4, 1):soup('onion', 3, 20)",60.0,63.0,5,interact,-0.01080000000000001,0.0,0.0,-0.01080000000000001,60.0,63.0,False,"(3, 2)",,"(1, 2)",dish,"(4, 1):soup('onion', 3, 20)","(3, 0):empty;(4, 1):soup('onion', 3, 20)"
187,5,interact,"(3, 2)","(-1, 0)",,"(1, 2)","(-1, 0)",dish,"(4, 1):soup('onion', 3, 20)","(3, 0):empty;(4, 1):soup('onion', 3, 20)",60.0,63.0,5,interact,-0.01080000000000001,0.0,0.0,-0.01080000000000001,60.0,63.0,False,"(3, 2)",,"(1, 2)",dish,"(4, 1):soup('onion', 3, 20)","(3, 0):empty;(4, 1):soup('onion', 3, 20)"
188,5,interact,"(3, 2)","(-1, 0)",,"(1, 2)","(-1, 0)",dish,"(4, 1):soup('onion', 3, 20)","(3, 0):empty;(4, 1):soup('onion', 3, 20)",60.0,63.0,5,interact,-0.01080000000000001,0.0,0.0,-0.01080000000000001,60.0,63.0,False,"(3, 2)",,"(1, 2)",dish,"(4, 1):soup('onion', 3, 20)","(3, 0):empty;(4, 1):soup('onion', 3, 20)"
189,5,interact,"(3, 2)","(-1, 0)",,"(1, 2)","(-1, 0)",dish,"(4, 1):soup('onion', 3, 20)","(3, 0):empty;(4, 1):soup('onion', 3, 20)",60.0,63.0,5,interact,-0.01080000000000001,0.0,0.0,-0.01080000000000001,60.0,63.0,False,"(3, 2)",,"(1, 2)",dish,"(4, 1):soup('onion', 3, 20)","(3, 0):empty;(4, 1):soup('onion', 3, 20)"
190,5,interact,"(3, 2)","(-1, 0)",,"(1, 2)","(-1, 0)",dish,"(4, 1):soup('onion', 3, 20)","(3, 0):empty;(4, 1):soup('onion', 3, 20)",60.0,63.0,5,interact,-0.01080000000000001,0.0,0.0,-0.01080000000000001,60.0,63.0,False,"(3, 2)",,"(1, 2)",dish,"(4, 1):soup('onion', 3, 20)","(3, 0):empty;(4, 1):soup('onion', 3, 20)"
191,5,interact,"(3, 2)","(-1, 0)",,"(1, 2)","(-1, 0)",dish,"(4, 1):soup('onion', 3, 20)","(3, 0):empty;(4, 1):soup('onion', 3, 20)",60.0,63.0,5,interact,-0.01080000000000001,0.0,0.0,-0.01080000000000001,60.0,63.0,False,"(3, 2)",,"(1, 2)",dish,"(4, 1):soup('onion', 3, 20)","(3, 0):empty;(4, 1):soup('onion', 3, 20)"
192,5,interact,"(3, 2)","(-1, 0)",,"(1, 2)","(-1, 0)",dish,"(4, 1):soup('onion', 3, 20)","(3, 0):empty;(4, 1):soup('onion', 3, 20)",60.0,63.0,5,interact,-0.01080000000000001,0.0,0.0,-0.01080000000000001,60.0,63.0,False,"(3, 2)",,"(1, 2)",dish,"(4, 1):soup('onion', 3, 20)","(3, 0):empty;(4, 1):soup('onion', 3, 20)"
193,5,interact,"(3, 2)","(-1, 0)",,"(1, 2)","(-1, 0)",dish,"(4, 1):soup('onion', 3, 20)","(3, 0):empty;(4, 1):soup('onion', 3, 20)",60.0,63.0,5,interact,-0.01080000000000001,0.0,0.0,-0.01080000000000001,60.0,63.0,False,"(3, 2)",,"(1, 2)",dish,"(4, 1):soup('onion', 3, 20)","(3, 0):empty;(4, 1):soup('onion', 3, 20)"
194,5,interact,"(3, 2)","(-1, 0)",,"(1, 2)","(-1, 0)",dish,"(4, 1):soup('onion', 3, 20)","(3, 0):empty;(4, 1):soup('onion', 3, 20)",60.0,63.0,5,interact,-0.01080000000000001,0.0,0.0,-0.01080000000000001,60.0,63.0,False,"(3, 2)",,"(1, 2)",dish,"(4, 1):soup('onion', 3, 20)","(3, 0):empty;(4, 1):soup('onion', 3, 20)"
195,5,interact,"(3, 2)","(-1, 0)",,"(1, 2)","(-1, 0)",dish,"(4, 1):soup('onion', 3, 20)","(3, 0):empty;(4, 1):soup('onion', 3, 20)",60.0,63.0,5,interact,-0.01080000000000001,0.0,0.0,-0.01080000000000001,60.0,63.0,False,"(3, 2)",,"(1, 2)",dish,"(4, 1):soup('onion', 3, 20)","(3, 0):empty;(4, 1):soup('onion', 3, 20)"
196,5,interact,"(3, 2)","(-1, 0)",,"(1, 2)","(-1, 0)",dish,"(4, 1):soup('onion', 3, 20)","(3, 0):empty;(4, 1):soup('onion', 3, 20)",60.0,63.0,5,interact,-0.01080000000000001,0.0,0.0,-0.01080000000000001,60.0,63.0,False,"(3, 2)",,"(1, 2)",dish,"(4, 1):soup('onion', 3, 20)","(3, 0):empty;(4, 1):soup('onion', 3, 20)"
197,5,interact,"(3, 2)","(-1, 0)",,"(1, 2)","(-1, 0)",dish,"(4, 1):soup('onion', 3, 20)","(3, 0):empty;(4, 1):soup('onion', 3, 20)",60.0,63.0,5,interact,-0.01080000000000001,0.0,0.0,-0.01080000000000001,60.0,63.0,False,"(3, 2)",,"(1, 2)",dish,"(4, 1):soup('onion', 3, 20)","(3, 0):empty;(4, 1):soup('onion', 3, 20)"
198,5,interact,"(3, 2)","(-1, 0)",,"(1, 2)","(-1, 0)",dish,"(4, 1):soup('onion', 3, 20)","(3, 0):empty;(4, 1):soup('onion', 3, 20)",60.0,63.0,5,interact,-0.01080000000000001,0.0,0.0,-0.01080000000000001,60.0,63.0,False,"(3, 2)",,"(1, 2)",dish,"(4, 1):soup('onion', 3, 20)","(3, 0):empty;(4, 1):soup('onion', 3, 20)"
199,5,interact,"(3, 2)","(-1, 0)",,"(1, 2)","(-1, 0)",dish,"(4, 1):soup('onion', 3, 20)","(3, 0):empty;(4, 1):soup('onion', 3, 20)",60.0,63.0,5,interact,-0.01080000000000001,0.0,0.0,-0.01080000000000001,60.0,63.0,False,"(3, 2)",,"(1, 2)",dish,"(4, 1):soup('onion', 3, 20)","(3, 0):empty;(4, 1):soup('onion', 3, 20)"
200,5,interact,"(3, 2)","(-1, 0)",,"(1, 2)","(-1, 0)",dish,"(4, 1):soup('onion', 3, 20)","(3, 0):empty;(4, 1):soup('onion', 3, 20)",60.0,63.0,5,interact,-0.01080000000000001,0.0,0.0,-0.01080000000000001,60.0,63.0,False,"(3, 2)",,"(1, 2)",dish,"(4, 1):soup('onion', 3, 20)","(3, 0):empty;(4, 1):soup('onion', 3, 20)"
201,5,interact,"(3, 2)","(-1, 0)",,"(1, 2)","(-1, 0)",dish,"(4, 1):soup('onion', 3, 20)","(3, 0):empty;(4, 1):soup('onion', 3, 20)",60.0,63.0,5,interact,-0.01080000000000001,0.0,0.0,-0.01080000000000001,60.0,63.0,False,"(3, 2)",,"(1, 2)",dish,"(4, 1):soup('onion', 3, 20)","(3, 0):empty;(4, 1):soup('onion', 3, 20)"
202,5,interact,"(3, 2)","(-1, 0)",,"(1, 2)","(-1, 0)",dish,"(4, 1):soup('onion', 3, 20)","(3, 0):empty;(4, 1):soup('onion', 3, 20)",60.0,63.0,5,interact,-0.01080000000000001,0.0,0.0,-0.01080000000000001,60.0,63.0,False,"(3, 2)",,"(1, 2)",dish,"(4, 1):soup('onion', 3, 20)","(3, 0):empty;(4, 1):soup('onion', 3, 20)"
203,5,interact,"(3, 2)","(-1, 0)",,"(1, 2)","(-1, 0)",dish,"(4, 1):soup('onion', 3, 20)","(3, 0):empty;(4, 1):soup('onion', 3, 20)",60.0,63.0,5,interact,-0.01080000000000001,0.0,0.0,-0.01080000000000001,60.0,63.0,False,"(3, 2)",,"(1, 2)",dish,"(4, 1):soup('onion', 3, 20)","(3, 0):empty;(4, 1):soup('onion', 3, 20)"
204,5,interact,"(3, 2)","(-1, 0)",,"(1, 2)","(-1, 0)",dish,"(4, 1):soup('onion', 3, 20)","(3, 0):empty;(4, 1):soup('onion', 3, 20)",60.0,63.0,5,interact,-0.01080000000000001,0.0,0.0,-0.01080000000000001,60.0,63.0,False,"(3, 2)",,"(1, 2)",dish,"(4, 1):soup('onion', 3, 20)","(3, 0):empty;(4, 1):soup('onion', 3, 20)"
205,5,interact,"(3, 2)","(-1, 0)",,"(1, 2)","(-1, 0)",dish,"(4, 1):soup('onion', 3, 20)","(3, 0):empty;(4, 1):soup('onion', 3, 20)",60.0,63.0,5,interact,-0.01080000000000001,0.0,0.0,-0.01080000000000001,60.0,63.0,False,"(3, 2)",,"(1, 2)",dish,"(4, 1):soup('onion', 3, 20)","(3, 0):empty;(4, 1):soup('onion', 3, 20)"
206,5,interact,"(3, 2)","(-1, 0)",,"(1, 2)","(-1, 0)",dish,"(4, 1):soup('onion', 3, 20)","(3, 0):empty;(4, 1):soup('onion', 3, 20)",60.0,63.0,5,interact,-0.01080000000000001,0.0,0.0,-0.01080000000000001,60.0,63.0,False,"(3, 2)",,"(1, 2)",dish,"(4, 1):soup('onion', 3, 20)","(3, 0):empty;(4, 1):soup('onion', 3, 20)"
207,5,interact,"(3, 2)","(-1, 0)",,"(1, 2)","(-1, 0)",dish,"(4, 1):soup('onion', 3, 20)","(3, 0):empty;(4, 1):soup('onion', 3, 20)",60.0,63.0,5,interact,-0.01080000000000001,0.0,0.0,-0.01080000000000001,60.0,63.0,False,"(3, 2)",,"(1, 2)",dish,"(4, 1):soup('onion', 3, 20)","(3, 0):empty;(4, 1):soup('onion', 3, 20)"
208,5,interact,"(3, 2)","(-1, 0)",,"(1, 2)","(-1, 0)",dish,"(4, 1):soup('onion', 3, 20)","(3, 0):empty;(4, 1):soup('onion', 3, 20)",60.0,63.0,5,interact,-0.01080000000000001,0.0,0.0,-0.01080000000000001,60.0,63.0,False,"(3, 2)",,"(1, 2)",dish,"(4, 1):soup('onion', 3, 20)","(3, 0):empty;(4, 1):soup('onion', 3, 20)"
209,5,interact,"(3, 2)","(-1, 0)",,"(1, 2)","(-1, 0)",dish,"(4, 1):soup('onion', 3, 20)","(3, 0):empty;(4, 1):soup('onion', 3, 20)",60.0,63.0,5,interact,-0.01080000000000001,0.0,0.0,-0.01080000000000001,60.0,63.0,False,"(3, 2)",,"(1, 2)",dish,"(4, 1):soup('onion', 3, 20)","(3, 0):empty;(4, 1):soup('onion', 3, 20)"
210,5,interact,"(3, 2)","(-1, 0)",,"(1, 2)","(-1, 0)",dish,"(4, 1):soup('onion', 3, 20)","(3, 0):empty;(4, 1):soup('onion', 3, 20)",60.0,63.0,5,interact,-0.01080000000000001,0.0,0.0,-0.01080000000000001,60.0,63.0,False,"(3, 2)",,"(1, 2)",dish,"(4, 1):soup('onion', 3, 20)","(3, 0):empty;(4, 1):soup('onion', 3, 20)"
211,5,interact,"(3, 2)","(-1, 0)",,"(1, 2)","(-1, 0)",dish,"(4, 1):soup('onion', 3, 20)","(3, 0):empty;(4, 1):soup('onion', 3, 20)",60.0,63.0,5,interact,-0.01080000000000001,0.0,0.0,-0.01080000000000001,60.0,63.0,False,"(3, 2)",,"(1, 2)",dish,"(4, 1):soup('onion', 3, 20)","(3, 0):empty;(4, 1):soup('onion', 3, 20)"
212,5,interact,"(3, 2)","(-1, 0)",,"(1, 2)","(-1, 0)",dish,"(4, 1):soup('onion', 3, 20)","(3, 0):empty;(4, 1):soup('onion', 3, 20)",60.0,63.0,5,interact,-0.01080000000000001,0.0,0.0,-0.01080000000000001,60.0,63.0,False,"(3, 2)",,"(1, 2)",dish,"(4, 1):soup('onion', 3, 20)","(3, 0):empty;(4, 1):soup('onion', 3, 20)"
213,5,interact,"(3, 2)","(-1, 0)",,"(1, 2)","(-1, 0)",dish,"(4, 1):soup('onion', 3, 20)","(3, 0):empty;(4, 1):soup('onion', 3, 20)",60.0,63.0,5,interact,-0.01080000000000001,0.0,0.0,-0.01080000000000001,60.0,63.0,False,"(3, 2)",,"(1, 2)",dish,"(4, 1):soup('onion', 3, 20)","(3, 0):empty;(4, 1):soup('onion', 3, 20)"
214,5,interact,"(3, 2)","(-1, 0)",,"(1, 2)","(-1, 0)",dish,"(4, 1):soup('onion', 3, 20)","(3, 0):empty;(4, 1):soup('onion', 3, 20)",60.0,63.0,5,interact,-0.01080000000000001,0.0,0.0,-0.01080000000000001,60.0,63.0,False,"(3, 2)",,"(1, 2)",dish,"(4, 1):soup('onion', 3, 20)","(3, 0):empty;(4, 1):soup('onion', 3, 20)"
215,5,interact,"(3, 2)","(-1, 0)",,"(1, 2)","(-1, 0)",dish,"(4, 1):soup('onion', 3, 20)","(3, 0):empty;(4, 1):soup('onion', 3, 20)",60.0,63.0,5,interact,-0.01080000000000001,0.0,0.0,-0.01080000000000001,60.0,63.0,False,"(3, 2)",,"(1, 2)",dish,"(4, 1):soup('onion', 3, 20)","(3, 0):empty;(4, 1):soup('onion', 3, 20)"
216,5,interact,"(3, 2)","(-1, 0)",,"(1, 2)","(-1, 0)",dish,"(4, 1):soup('onion', 3, 20)","(3, 0):empty;(4, 1):soup('onion', 3, 20)",60.0,63.0,5,interact,-0.01080000000000001,0.0,0.0,-0.01080000000000001,60.0,63.0,False,"(3, 2)",,"(1, 2)",dish,"(4, 1):soup('onion', 3, 20)","(3, 0):empty;(4, 1):soup('onion', 3, 20)"
217,5,interact,"(3, 2)","(-1, 0)",,"(1, 2)","(-1, 0)",dish,"(4, 1):soup('onion', 3, 20)","(3, 0):empty;(4, 1):soup('onion', 3, 20)",60.0,63.0,5,interact,-0.01080000000000001,0.0,0.0,-0.01080000000000001,60.0,63.0,False,"(3, 2)",,"(1, 2)",dish,"(4, 1):soup('onion', 3, 20)","(3, 0):empty;(4, 1):soup('onion', 3, 20)"
218,5,interact,"(3, 2)","(-1, 0)",,"(1, 2)","(-1, 0)",dish,"(4, 1):soup('onion', 3, 20)","(3, 0):empty;(4, 1):soup('onion', 3, 20)",60.0,63.0,5,interact,-0.01080000000000001,0.0,0.0,-0.01080000000000001,60.0,63.0,False,"(3, 2)",,"(1, 2)",dish,"(4, 1):soup('onion', 3, 20)","(3, 0):empty;(4, 1):soup('onion', 3, 20)"
219,5,interact,"(3, 2)","(-1, 0)",,"(1, 2)","(-1, 0)",dish,"(4, 1):soup('onion', 3, 20)","(3, 0):empty;(4, 1):soup('onion', 3, 20)",60.0,63.0,5,interact,-0.01080000000000001,0.0,0.0,-0.01080000000000001,60.0,63.0,False,"(3, 2)",,"(1, 2)",dish,"(4, 1):soup('onion', 3, 20)","(3, 0):empty;(4, 1):soup('onion', 3, 20)"
220,5,interact,"(3, 2)","(-1, 0)",,"(1, 2)","(-1, 0)",dish,"(4, 1):soup('onion', 3, 20)","(3, 0):empty;(4, 1):soup('onion', 3, 20)",60.0,63.0,5,interact,-0.01080000000000001,0.0,0.0,-0.01080000000000001,60.0,63.0,False,"(3, 2)",,"(1, 2)",dish,"(4, 1):soup('onion', 3, 20)","(3, 0):empty;(4, 1):soup('onion', 3, 20)"
221,5,interact,"(3, 2)","(-1, 0)",,"(1, 2)","(-1, 0)",dish,"(4, 1):soup('onion', 3, 20)","(3, 0):empty;(4, 1):soup('onion', 3, 20)",60.0,63.0,5,interact,-0.01080000000000001,0.0,0.0,-0.01080000000000001,60.0,63.0,False,"(3, 2)",,"(1, 2)",dish,"(4, 1):soup('onion', 3, 20)","(3, 0):empty;(4, 1):soup('onion', 3, 20)"
222,5,interact,"(3, 2)","(-1, 0)",,"(1, 2)","(-1, 0)",dish,"(4, 1):soup('onion', 3, 20)","(3, 0):empty;(4, 1):soup('onion', 3, 20)",60.0,63.0,5,interact,-0.01080000000000001,0.0,0.0,-0.01080000000000001,60.0,63.0,False,"(3, 2)",,"(1, 2)",dish,"(4, 1):soup('onion', 3, 20)","(3, 0):empty;(4, 1):soup('onion', 3, 20)"
223,5,interact,"(3, 2)","(-1, 0)",,"(1, 2)","(-1, 0)",dish,"(4, 1):soup('onion', 3, 20)","(3, 0):empty;(4, 1):soup('onion', 3, 20)",60.0,63.0,5,interact,-0.01080000000000001,0.0,0.0,-0.01080000000000001,60.0,63.0,False,"(3, 2)",,"(1, 2)",dish,"(4, 1):soup('onion', 3, 20)","(3, 0):empty;(4, 1):soup('onion', 3, 20)"
224,5,interact,"(3, 2)","(-1, 0)",,"(1, 2)","(-1, 0)",dish,"(4, 1):soup('onion', 3, 20)","(3, 0):empty;(4, 1):soup('onion', 3, 20)",60.0,63.0,5,interact,-0.01080000000000001,0.0,0.0,-0.01080000000000001,60.0,63.0,False,"(3, 2)",,"(1, 2)",dish,"(4, 1):soup('onion', 3, 20)","(3, 0):empty;(4, 1):soup('onion', 3, 20)"
225,5,interact,"(3, 2)","(-1, 0)",,"(1, 2)","(-1, 0)",dish,"(4, 1):soup('onion', 3, 20)","(3, 0):empty;(4, 1):soup('onion', 3, 20)",60.0,63.0,5,interact,-0.01080000000000001,0.0,0.0,-0.01080000000000001,60.0,63.0,False,"(3, 2)",,"(1, 2)",dish,"(4, 1):soup('onion', 3, 20)","(3, 0):empty;(4, 1):soup('onion', 3, 20)"
226,5,interact,"(3, 2)","(-1, 0)",,"(1, 2)","(-1, 0)",dish,"(4, 1):soup('onion', 3, 20)","(3, 0):empty;(4, 1):soup('onion', 3, 20)",60.0,63.0,5,interact,-0.01080000000000001,0.0,0.0,-0.01080000000000001,60.0,63.0,False,"(3, 2)",,"(1, 2)",dish,"(4, 1):soup('onion', 3, 20)","(3, 0):empty;(4, 1):soup('onion', 3, 20)"
227,5,interact,"(3, 2)","(-1, 0)",,"(1, 2)","(-1, 0)",dish,"(4, 1):soup('onion', 3, 20)","(3, 0):empty;(4, 1):soup('onion', 3, 20)",60.0,63.0,5,interact,-0.01080000000000001,0.0,0.0,-0.01080000000000001,60.0,63.0,False,"(3, 2)",,"(1, 2)",dish,"(4, 1):soup('onion', 3, 20)","(3, 0):empty;(4, 1):soup('onion', 3, 20)"
228,5,interact,"(3, 2)","(-1, 0)",,"(1, 2)","(-1, 0)",dish,"(4, 1):soup('onion', 3, 20)","(3, 0):empty;(4, 1):soup('onion', 3, 20)",60.0,63.0,5,interact,-0.01080000000000001,0.0,0.0,-0.01080000000000001,60.0,63.0,False,"(3, 2)",,"(1, 2)",dish,"(4, 1):soup('onion', 3, 20)","(3, 0):empty;(4, 1):soup('onion', 3, 20)"
229,5,interact,"(3, 2)","(-1, 0)",,"(1, 2)","(-1, 0)",dish,"(4, 1):soup('onion', 3, 20)","(3, 0):empty;(4, 1):soup('onion', 3, 20)",60.0,63.0,5,interact,-0.01080000000000001,0.0,0.0,-0.01080000000000001,60.0,63.0,False,"(3, 2)",,"(1, 2)",dish,"(4, 1):soup('onion', 3, 20)","(3, 0):empty;(4, 1):soup('onion', 3, 20)"
230,5,interact,"(3, 2)","(-1, 0)",,"(1, 2)","(-1, 0)",dish,"(4, 1):soup('onion', 3, 20)","(3, 0):empty;(4, 1):soup('onion', 3, 20)",60.0,63.0,5,interact,-0.01080000000000001,0.0,0.0,-0.01080000000000001,60.0,63.0,False,"(3, 2)",,"(1, 2)",dish,"(4, 1):soup('onion', 3, 20)","(3, 0):empty;(4, 1):soup('onion', 3, 20)"
231,5,interact,"(3, 2)","(-1, 0)",,"(1, 2)","(-1, 0)",dish,"(4, 1):soup('onion', 3, 20)","(3, 0):empty;(4, 1):soup('onion', 3, 20)",60.0,63.0,5,interact,-0.01080000000000001,0.0,0.0,-0.01080000000000001,60.0,63.0,False,"(3, 2)",,"(1, 2)",dish,"(4, 1):soup('onion', 3, 20)","(3, 0):empty;(4, 1):soup('onion', 3, 20)"
232,5,interact,"(3, 2)","(-1, 0)",,"(1, 2)","(-1, 0)",dish,"(4, 1):soup('onion', 3, 20)","(3, 0):empty;(4, 1):soup('onion', 3, 20)",60.0,63.0,5,interact,-0.01080000000000001,0.0,0.0,-0.01080000000000001,60.0,63.0,False,"(3, 2)",,"(1, 2)",dish,"(4, 1):soup('onion', 3, 20)","(3, 0):empty;(4, 1):soup('onion', 3, 20)"
233,5,interact,"(3, 2)","(-1, 0)",,"(1, 2)","(-1, 0)",dish,"(4, 1):soup('onion', 3, 20)","(3, 0):empty;(4, 1):soup('onion', 3, 20)",60.0,63.0,5,interact,-0.01080000000000001,0.0,0.0,-0.01080000000000001,60.0,63.0,False,"(3, 2)",,"(1, 2)",dish,"(4, 1):soup('onion', 3, 20)","(3, 0):empty;(4, 1):soup('onion', 3, 20)"
234,5,interact,"(3, 2)","(-1, 0)",,"(1, 2)","(-1, 0)",dish,"(4, 1):soup('onion', 3, 20)","(3, 0):empty;(4, 1):soup('onion', 3, 20)",60.0,63.0,5,interact,-0.01080000000000001,0.0,0.0,-0.01080000000000001,60.0,63.0,False,"(3, 2)",,"(1, 2)",dish,"(4, 1):soup('onion', 3, 20)","(3, 0):empty;(4, 1):soup('onion', 3, 20)"
235,5,interact,"(3, 2)","(-1, 0)",,"(1, 2)","(-1, 0)",dish,"(4, 1):soup('onion', 3, 20)","(3, 0):empty;(4, 1):soup('onion', 3, 20)",60.0,63.0,5,interact,-0.01080000000000001,0.0,0.0,-0.01080000000000001,60.0,63.0,False,"(3, 2)",,"(1, 2)",dish,"(4, 1):soup('onion', 3, 20)","(3, 0):empty;(4, 1):soup('onion', 3, 20)"
236,5,interact,"(3, 2)","(-1, 0)",,"(1, 2)","(-1, 0)",dish,"(4, 1):soup('onion', 3, 20)","(3, 0):empty;(4, 1):soup('onion', 3, 20)",60.0,63.0,5,interact,-0.01080000000000001,0.0,0.0,-0.01080000000000001,60.0,63.0,False,"(3, 2)",,"(1, 2)",dish,"(4, 1):soup('onion', 3, 20)","(3, 0):empty;(4, 1):soup('onion', 3, 20)"
237,5,interact,"(3, 2)","(-1, 0)",,"(1, 2)","(-1, 0)",dish,"(4, 1):soup('onion', 3, 20)","(3, 0):empty;(4, 1):soup('onion', 3, 20)",60.0,63.0,5,interact,-0.01080000000000001,0.0,0.0,-0.01080000000000001,60.0,63.0,False,"(3, 2)",,"(1, 2)",dish,"(4, 1):soup('onion', 3, 20)","(3, 0):empty;(4, 1):soup('onion', 3, 20)"
238,5,interact,"(3, 2)","(-1, 0)",,"(1, 2)","(-1, 0)",dish,"(4, 1):soup('onion', 3, 20)","(3, 0):empty;(4, 1):soup('onion', 3, 20)",60.0,63.0,5,interact,-0.01080000000000001,0.0,0.0,-0.01080000000000001,60.0,63.0,False,"(3, 2)",,"(1, 2)",dish,"(4, 1):soup('onion', 3, 20)","(3, 0):empty;(4, 1):soup('onion', 3, 20)"
239,5,interact,"(3, 2)","(-1, 0)",,"(1, 2)","(-1, 0)",dish,"(4, 1):soup('onion', 3, 20)","(3, 0):empty;(4, 1):soup('onion', 3, 20)",60.0,63.0,5,interact,-0.01080000000000001,0.0,0.0,-0.01080000000000001,60.0,63.0,False,"(3, 2)",,"(1, 2)",dish,"(4, 1):soup('onion', 3, 20)","(3, 0):empty;(4, 1):soup('onion', 3, 20)"
240,5,interact,"(3, 2)","(-1, 0)",,"(1, 2)","(-1, 0)",dish,"(4, 1):soup('onion', 3, 20)","(3, 0):empty;(4, 1):soup('onion', 3, 20)",60.0,63.0,5,interact,-0.01080000000000001,0.0,0.0,-0.01080000000000001,60.0,63.0,False,"(3, 2)",,"(1, 2)",dish,"(4, 1):soup('onion', 3, 20)","(3, 0):empty;(4, 1):soup('onion', 3, 20)"
241,5,interact,"(3, 2)","(-1, 0)",,"(1, 2)","(-1, 0)",dish,"(4, 1):soup('onion', 3, 20)","(3, 0):empty;(4, 1):soup('onion', 3, 20)",60.0,63.0,5,interact,-0.01080000000000001,0.0,0.0,-0.01080000000000001,60.0,63.0,False,"(3, 2)",,"(1, 2)",dish,"(4, 1):soup('onion', 3, 20)","(3, 0):empty;(4, 1):soup('onion', 3, 20)"
242,5,interact,"(3, 2)","(-1, 0)",,"(1, 2)","(-1, 0)",dish,"(4, 1):soup('onion', 3, 20)","(3, 0):empty;(4, 1):soup('onion', 3, 20)",60.0,63.0,5,interact,-0.01080000000000001,0.0,0.0,-0.01080000000000001,60.0,63.0,False,"(3, 2)",,"(1, 2)",dish,"(4, 1):soup('onion', 3, 20)","(3, 0):empty;(4, 1):soup('onion', 3, 20)"
243,5,interact,"(3, 2)","(-1, 0)",,"(1, 2)","(-1, 0)",dish,"(4, 1):soup('onion', 3, 20)","(3, 0):empty;(4, 1):soup('onion', 3, 20)",60.0,63.0,5,interact,-0.01080000000000001,0.0,0.0,-0.01080000000000001,60.0,63.0,False,"(3, 2)",,"(1, 2)",dish,"(4, 1):soup('onion', 3, 20)","(3, 0):empty;(4, 1):soup('onion', 3, 20)"
244,5,interact,"(3, 2)","(-1, 0)",,"(1, 2)","(-1, 0)",dish,"(4, 1):soup('onion', 3, 20)","(3, 0):empty;(4, 1):soup('onion', 3, 20)",60.0,63.0,5,interact,-0.01080000000000001,0.0,0.0,-0.01080000000000001,60.0,63.0,False,"(3, 2)",,"(1, 2)",dish,"(4, 1):soup('onion', 3, 20)","(3, 0):empty;(4, 1):soup('onion', 3, 20)"
245,5,interact,"(3, 2)","(-1, 0)",,"(1, 2)","(-1, 0)",dish,"(4, 1):soup('onion', 3, 20)","(3, 0):empty;(4, 1):soup('onion', 3, 20)",60.0,63.0,5,interact,-0.01080000000000001,0.0,0.0,-0.01080000000000001,60.0,63.0,False,"(3, 2)",,"(1, 2)",dish,"(4, 1):soup('onion', 3, 20)","(3, 0):empty;(4, 1):soup('onion', 3, 20)"
246,5,interact,"(3, 2)","(-1, 0)",,"(1, 2)","(-1, 0)",dish,"(4, 1):soup('onion', 3, 20)","(3, 0):empty;(4, 1):soup('onion', 3, 20)",60.0,63.0,5,interact,-0.01080000000000001,0.0,0.0,-0.01080000000000001,60.0,63.0,False,"(3, 2)",,"(1, 2)",dish,"(4, 1):soup('onion', 3, 20)","(3, 0):empty;(4, 1):soup('onion', 3, 20)"
247,5,interact,"(3, 2)","(-1, 0)",,"(1, 2)","(-1, 0)",dish,"(4, 1):soup('onion', 3, 20)","(3, 0):empty;(4, 1):soup('onion', 3, 20)",60.0,63.0,5,interact,-0.01080000000000001,0.0,0.0,-0.01080000000000001,60.0,63.0,False,"(3, 2)",,"(1, 2)",dish,"(4, 1):soup('onion', 3, 20)","(3, 0):empty;(4, 1):soup('onion', 3, 20)"
248,5,interact,"(3, 2)","(-1, 0)",,"(1, 2)","(-1, 0)",dish,"(4, 1):soup('onion', 3, 20)","(3, 0):empty;(4, 1):soup('onion', 3, 20)",60.0,63.0,5,interact,-0.01080000000000001,0.0,0.0,-0.01080000000000001,60.0,63.0,False,"(3, 2)",,"(1, 2)",dish,"(4, 1):soup('onion', 3, 20)","(3, 0):empty;(4, 1):soup('onion', 3, 20)"
249,5,interact,"(3, 2)","(-1, 0)",,"(1, 2)","(-1, 0)",dish,"(4, 1):soup('onion', 3, 20)","(3, 0):empty;(4, 1):soup('onion', 3, 20)",60.0,63.0,5,interact,-0.01080000000000001,0.0,0.0,-0.01080000000000001,60.0,63.0,False,"(3, 2)",,"(1, 2)",dish,"(4, 1):soup('onion', 3, 20)","(3, 0):empty;(4, 1):soup('onion', 3, 20)"
250,5,interact,"(3, 2)","(-1, 0)",,"(1, 2)","(-1, 0)",dish,"(4, 1):soup('onion', 3, 20)","(3, 0):empty;(4, 1):soup('onion', 3, 20)",60.0,63.0,5,interact,-0.01080000000000001,0.0,0.0,-0.01080000000000001,60.0,63.0,False,"(3, 2)",,"(1, 2)",dish,"(4, 1):soup('onion', 3, 20)","(3, 0):empty;(4, 1):soup('onion', 3, 20)"
251,5,interact,"(3, 2)","(-1, 0)",,"(1, 2)","(-1, 0)",dish,"(4, 1):soup('onion', 3, 20)","(3, 0):empty;(4, 1):soup('onion', 3, 20)",60.0,63.0,5,interact,-0.01080000000000001,0.0,0.0,-0.01080000000000001,60.0,63.0,False,"(3, 2)",,"(1, 2)",dish,"(4, 1):soup('onion', 3, 20)","(3, 0):empty;(4, 1):soup('onion', 3, 20)"
252,5,interact,"(3, 2)","(-1, 0)",,"(1, 2)","(-1, 0)",dish,"(4, 1):soup('onion', 3, 20)","(3, 0):empty;(4, 1):soup('onion', 3, 20)",60.0,63.0,5,interact,-0.01080000000000001,0.0,0.0,-0.01080000000000001,60.0,63.0,False,"(3, 2)",,"(1, 2)",dish,"(4, 1):soup('onion', 3, 20)","(3, 0):empty;(4, 1):soup('onion', 3, 20)"
253,5,interact,"(3, 2)","(-1, 0)",,"(1, 2)","(-1, 0)",dish,"(4, 1):soup('onion', 3, 20)","(3, 0):empty;(4, 1):soup('onion', 3, 20)",60.0,63.0,5,interact,-0.01080000000000001,0.0,0.0,-0.01080000000000001,60.0,63.0,False,"(3, 2)",,"(1, 2)",dish,"(4, 1):soup('onion', 3, 20)","(3, 0):empty;(4, 1):soup('onion', 3, 20)"
254,5,interact,"(3, 2)","(-1, 0)",,"(1, 2)","(-1, 0)",dish,"(4, 1):soup('onion', 3, 20)","(3, 0):empty;(4, 1):soup('onion', 3, 20)",60.0,63.0,5,interact,-0.01080000000000001,0.0,0.0,-0.01080000000000001,60.0,63.0,False,"(3, 2)",,"(1, 2)",dish,"(4, 1):soup('onion', 3, 20)","(3, 0):empty;(4, 1):soup('onion', 3, 20)"
255,5,interact,"(3, 2)","(-1, 0)",,"(1, 2)","(-1, 0)",dish,"(4, 1):soup('onion', 3, 20)","(3, 0):empty;(4, 1):soup('onion', 3, 20)",60.0,63.0,5,interact,-0.01080000000000001,0.0,0.0,-0.01080000000000001,60.0,63.0,False,"(3, 2)",,"(1, 2)",dish,"(4, 1):soup('onion', 3, 20)","(3, 0):empty;(4, 1):soup('onion', 3, 20)"
256,5,interact,"(3, 2)","(-1, 0)",,"(1, 2)","(-1, 0)",dish,"(4, 1):soup('onion', 3, 20)","(3, 0):empty;(4, 1):soup('onion', 3, 20)",60.0,63.0,5,interact,-0.01080000000000001,0.0,0.0,-0.01080000000000001,60.0,63.0,False,"(3, 2)",,"(1, 2)",dish,"(4, 1):soup('onion', 3, 20)","(3, 0):empty;(4, 1):soup('onion', 3, 20)"
257,5,interact,"(3, 2)","(-1, 0)",,"(1, 2)","(-1, 0)",dish,"(4, 1):soup('onion', 3, 20)","(3, 0):empty;(4, 1):soup('onion', 3, 20)",60.0,63.0,5,interact,-0.01080000000000001,0.0,0.0,-0.01080000000000001,60.0,63.0,False,"(3, 2)",,"(1, 2)",dish,"(4, 1):soup('onion', 3, 20)","(3, 0):empty;(4, 1):soup('onion', 3, 20)"
258,5,interact,"(3, 2)","(-1, 0)",,"(1, 2)","(-1, 0)",dish,"(4, 1):soup('onion', 3, 20)","(3, 0):empty;(4, 1):soup('onion', 3, 20)",60.0,63.0,5,interact,-0.01080000000000001,0.0,0.0,-0.01080000000000001,60.0,63.0,False,"(3, 2)",,"(1, 2)",dish,"(4, 1):soup('onion', 3, 20)","(3, 0):empty;(4, 1):soup('onion', 3, 20)"
259,5,interact,"(3, 2)","(-1, 0)",,"(1, 2)","(-1, 0)",dish,"(4, 1):soup('onion', 3, 20)","(3, 0):empty;(4, 1):soup('onion', 3, 20)",60.0,63.0,5,interact,-0.01080000000000001,0.0,0.0,-0.01080000000000001,60.0,63.0,False,"(3, 2)",,"(1, 2)",dish,"(4, 1):soup('onion', 3, 20)","(3, 0):empty;(4, 1):soup('onion', 3, 20)"
260,5,interact,"(3, 2)","(-1, 0)",,"(1, 2)","(-1, 0)",dish,"(4, 1):soup('onion', 3, 20)","(3, 0):empty;(4, 1):soup('onion', 3, 20)",60.0,63.0,5,interact,-0.01080000000000001,0.0,0.0,-0.01080000000000001,60.0,63.0,False,"(3, 2)",,"(1, 2)",dish,"(4, 1):soup('onion', 3, 20)","(3, 0):empty;(4, 1):soup('onion', 3, 20)"
261,5,interact,"(3, 2)","(-1, 0)",,"(1, 2)","(-1, 0)",dish,"(4, 1):soup('onion', 3, 20)","(3, 0):empty;(4, 1):soup('onion', 3, 20)",60.0,63.0,5,interact,-0.01080000000000001,0.0,0.0,-0.01080000000000001,60.0,63.0,False,"(3, 2)",,"(1, 2)",dish,"(4, 1):soup('onion', 3, 20)","(3, 0):empty;(4, 1):soup('onion', 3, 20)"
262,5,interact,"(3, 2)","(-1, 0)",,"(1, 2)","(-1, 0)",dish,"(4, 1):soup('onion', 3, 20)","(3, 0):empty;(4, 1):soup('onion', 3, 20)",60.0,63.0,5,interact,-0.01080000000000001,0.0,0.0,-0.01080000000000001,60.0,63.0,False,"(3, 2)",,"(1, 2)",dish,"(4, 1):soup('onion', 3, 20)","(3, 0):empty;(4, 1):soup('onion', 3, 20)"
263,5,interact,"(3, 2)","(-1, 0)",,"(1, 2)","(-1, 0)",dish,"(4, 1):soup('onion', 3, 20)","(3, 0):empty;(4, 1):soup('onion', 3, 20)",60.0,63.0,5,interact,-0.01080000000000001,0.0,0.0,-0.01080000000000001,60.0,63.0,False,"(3, 2)",,"(1, 2)",dish,"(4, 1):soup('onion', 3, 20)","(3, 0):empty;(4, 1):soup('onion', 3, 20)"
264,5,interact,"(3, 2)","(-1, 0)",,"(1, 2)","(-1, 0)",dish,"(4, 1):soup('onion', 3, 20)","(3, 0):empty;(4, 1):soup('onion', 3, 20)",60.0,63.0,5,interact,-0.01080000000000001,0.0,0.0,-0.01080000000000001,60.0,63.0,False,"(3, 2)",,"(1, 2)",dish,"(4, 1):soup('onion', 3, 20)","(3, 0):empty;(4, 1):soup('onion', 3, 20)"
265,5,interact,"(3, 2)","(-1, 0)",,"(1, 2)","(-1, 0)",dish,"(4, 1):soup('onion', 3, 20)","(3, 0):empty;(4, 1):soup('onion', 3, 20)",60.0,63.0,5,interact,-0.01080000000000001,0.0,0.0,-0.01080000000000001,60.0,63.0,False,"(3, 2)",,"(1, 2)",dish,"(4, 1):soup('onion', 3, 20)","(3, 0):empty;(4, 1):soup('onion', 3, 20)"
266,5,interact,"(3, 2)","(-1, 0)",,"(1, 2)","(-1, 0)",dish,"(4, 1):soup('onion', 3, 20)","(3, 0):empty;(4, 1):soup('onion', 3, 20)",60.0,63.0,5,interact,-0.01080000000000001,0.0,0.0,-0.01080000000000001,60.0,63.0,False,"(3, 2)",,"(1, 2)",dish,"(4, 1):soup('onion', 3, 20)","(3, 0):empty;(4, 1):soup('onion', 3, 20)"
267,5,interact,"(3, 2)","(-1, 0)",,"(1, 2)","(-1, 0)",dish,"(4, 1):soup('onion', 3, 20)","(3, 0):empty;(4, 1):soup('onion', 3, 20)",60.0,63.0,5,interact,-0.01080000000000001,0.0,0.0,-0.01080000000000001,60.0,63.0,False,"(3, 2)",,"(1, 2)",dish,"(4, 1):soup('onion', 3, 20)","(3, 0):empty;(4, 1):soup('onion', 3, 20)"
268,5,interact,"(3, 2)","(-1, 0)",,"(1, 2)","(-1, 0)",dish,"(4, 1):soup('onion', 3, 20)","(3, 0):empty;(4, 1):soup('onion', 3, 20)",60.0,63.0,5,interact,-0.01080000000000001,0.0,0.0,-0.01080000000000001,60.0,63.0,False,"(3, 2)",,"(1, 2)",dish,"(4, 1):soup('onion', 3, 20)","(3, 0):empty;(4, 1):soup('onion', 3, 20)"
269,5,interact,"(3, 2)","(-1, 0)",,"(1, 2)","(-1, 0)",dish,"(4, 1):soup('onion', 3, 20)","(3, 0):empty;(4, 1):soup('onion', 3, 20)",60.0,63.0,5,interact,-0.01080000000000001,0.0,0.0,-0.01080000000000001,60.0,63.0,False,"(3, 2)",,"(1, 2)",dish,"(4, 1):soup('onion', 3, 20)","(3, 0):empty;(4, 1):soup('onion', 3, 20)"
270,5,interact,"(3, 2)","(-1, 0)",,"(1, 2)","(-1, 0)",dish,"(4, 1):soup('onion', 3, 20)","(3, 0):empty;(4, 1):soup('onion', 3, 20)",60.0,63.0,5,interact,-0.01080000000000001,0.0,0.0,-0.01080000000000001,60.0,63.0,False,"(3, 2)",,"(1, 2)",dish,"(4, 1):soup('onion', 3, 20)","(3, 0):empty;(4, 1):soup('onion', 3, 20)"
271,5,interact,"(3, 2)","(-1, 0)",,"(1, 2)","(-1, 0)",dish,"(4, 1):soup('onion', 3, 20)","(3, 0):empty;(4, 1):soup('onion', 3, 20)",60.0,63.0,5,interact,-0.01080000000000001,0.0,0.0,-0.01080000000000001,60.0,63.0,False,"(3, 2)",,"(1, 2)",dish,"(4, 1):soup('onion', 3, 20)","(3, 0):empty;(4, 1):soup('onion', 3, 20)"
272,5,interact,"(3, 2)","(-1, 0)",,"(1, 2)","(-1, 0)",dish,"(4, 1):soup('onion', 3, 20)","(3, 0):empty;(4, 1):soup('onion', 3, 20)",60.0,63.0,5,interact,-0.01080000000000001,0.0,0.0,-0.01080000000000001,60.0,63.0,False,"(3, 2)",,"(1, 2)",dish,"(4, 1):soup('onion', 3, 20)","(3, 0):empty;(4, 1):soup('onion', 3, 20)"
273,5,interact,"(3, 2)","(-1, 0)",,"(1, 2)","(-1, 0)",dish,"(4, 1):soup('onion', 3, 20)","(3, 0):empty;(4, 1):soup('onion', 3, 20)",60.0,63.0,5,interact,-0.01080000000000001,0.0,0.0,-0.01080000000000001,60.0,63.0,False,"(3, 2)",,"(1, 2)",dish,"(4, 1):soup('onion', 3, 20)","(3, 0):empty;(4, 1):soup('onion', 3, 20)"
274,5,interact,"(3, 2)","(-1, 0)",,"(1, 2)","(-1, 0)",dish,"(4, 1):soup('onion', 3, 20)","(3, 0):empty;(4, 1):soup('onion', 3, 20)",60.0,63.0,5,interact,-0.01080000000000001,0.0,0.0,-0.01080000000000001,60.0,63.0,False,"(3, 2)",,"(1, 2)",dish,"(4, 1):soup('onion', 3, 20)","(3, 0):empty;(4, 1):soup('onion', 3, 20)"
275,5,interact,"(3, 2)","(-1, 0)",,"(1, 2)","(-1, 0)",dish,"(4, 1):soup('onion', 3, 20)","(3, 0):empty;(4, 1):soup('onion', 3, 20)",60.0,63.0,5,interact,-0.01080000000000001,0.0,0.0,-0.01080000000000001,60.0,63.0,False,"(3, 2)",,"(1, 2)",dish,"(4, 1):soup('onion', 3, 20)","(3, 0):empty;(4, 1):soup('onion', 3, 20)"
276,5,interact,"(3, 2)","(-1, 0)",,"(1, 2)","(-1, 0)",dish,"(4, 1):soup('onion', 3, 20)","(3, 0):empty;(4, 1):soup('onion', 3, 20)",60.0,63.0,5,interact,-0.01080000000000001,0.0,0.0,-0.01080000000000001,60.0,63.0,False,"(3, 2)",,"(1, 2)",dish,"(4, 1):soup('onion', 3, 20)","(3, 0):empty;(4, 1):soup('onion', 3, 20)"
277,5,interact,"(3, 2)","(-1, 0)",,"(1, 2)","(-1, 0)",dish,"(4, 1):soup('onion', 3, 20)","(3, 0):empty;(4, 1):soup('onion', 3, 20)",60.0,63.0,5,interact,-0.01080000000000001,0.0,0.0,-0.01080000000000001,60.0,63.0,False,"(3, 2)",,"(1, 2)",dish,"(4, 1):soup('onion', 3, 20)","(3, 0):empty;(4, 1):soup('onion', 3, 20)"
278,5,interact,"(3, 2)","(-1, 0)",,"(1, 2)","(-1, 0)",dish,"(4, 1):soup('onion', 3, 20)","(3, 0):empty;(4, 1):soup('onion', 3, 20)",60.0,63.0,5,interact,-0.01080000000000001,0.0,0.0,-0.01080000000000001,60.0,63.0,False,"(3, 2)",,"(1, 2)",dish,"(4, 1):soup('onion', 3, 20)","(3, 0):empty;(4, 1):soup('onion', 3, 20)"
279,5,interact,"(3, 2)","(-1, 0)",,"(1, 2)","(-1, 0)",dish,"(4, 1):soup('onion', 3, 20)","(3, 0):empty;(4, 1):soup('onion', 3, 20)",60.0,63.0,5,interact,-0.01080000000000001,0.0,0.0,-0.01080000000000001,60.0,63.0,False,"(3, 2)",,"(1, 2)",dish,"(4, 1):soup('onion', 3, 20)","(3, 0):empty;(4, 1):soup('onion', 3, 20)"
280,5,interact,"(3, 2)","(-1, 0)",,"(1, 2)","(-1, 0)",dish,"(4, 1):soup('onion', 3, 20)","(3, 0):empty;(4, 1):soup('onion', 3, 20)",60.0,63.0,5,interact,-0.01080000000000001,0.0,0.0,-0.01080000000000001,60.0,63.0,False,"(3, 2)",,"(1, 2)",dish,"(4, 1):soup('onion', 3, 20)","(3, 0):empty;(4, 1):soup('onion', 3, 20)"
281,5,interact,"(3, 2)","(-1, 0)",,"(1, 2)","(-1, 0)",dish,"(4, 1):soup('onion', 3, 20)","(3, 0):empty;(4, 1):soup('onion', 3, 20)",60.0,63.0,5,interact,-0.01080000000000001,0.0,0.0,-0.01080000000000001,60.0,63.0,False,"(3, 2)",,"(1, 2)",dish,"(4, 1):soup('onion', 3, 20)","(3, 0):empty;(4, 1):soup('onion', 3, 20)"
282,5,interact,"(3, 2)","(-1, 0)",,"(1, 2)","(-1, 0)",dish,"(4, 1):soup('onion', 3, 20)","(3, 0):empty;(4, 1):soup('onion', 3, 20)",60.0,63.0,5,interact,-0.01080000000000001,0.0,0.0,-0.01080000000000001,60.0,63.0,False,"(3, 2)",,"(1, 2)",dish,"(4, 1):soup('onion', 3, 20)","(3, 0):empty;(4, 1):soup('onion', 3, 20)"
283,5,interact,"(3, 2)","(-1, 0)",,"(1, 2)","(-1, 0)",dish,"(4, 1):soup('onion', 3, 20)","(3, 0):empty;(4, 1):soup('onion', 3, 20)",60.0,63.0,5,interact,-0.01080000000000001,0.0,0.0,-0.01080000000000001,60.0,63.0,False,"(3, 2)",,"(1, 2)",dish,"(4, 1):soup('onion', 3, 20)","(3, 0):empty;(4, 1):soup('onion', 3, 20)"
284,5,interact,"(3, 2)","(-1, 0)",,"(1, 2)","(-1, 0)",dish,"(4, 1):soup('onion', 3, 20)","(3, 0):empty;(4, 1):soup('onion', 3, 20)",60.0,63.0,5,interact,-0.01080000000000001,0.0,0.0,-0.01080000000000001,60.0,63.0,False,"(3, 2)",,"(1, 2)",dish,"(4, 1):soup('onion', 3, 20)","(3, 0):empty;(4, 1):soup('onion', 3, 20)"
285,5,interact,"(3, 2)","(-1, 0)",,"(1, 2)","(-1, 0)",dish,"(4, 1):soup('onion', 3, 20)","(3, 0):empty;(4, 1):soup('onion', 3, 20)",60.0,63.0,5,interact,-0.01080000000000001,0.0,0.0,-0.01080000000000001,60.0,63.0,False,"(3, 2)",,"(1, 2)",dish,"(4, 1):soup('onion', 3, 20)","(3, 0):empty;(4, 1):soup('onion', 3, 20)"
286,5,interact,"(3, 2)","(-1, 0)",,"(1, 2)","(-1, 0)",dish,"(4, 1):soup('onion', 3, 20)","(3, 0):empty;(4, 1):soup('onion', 3, 20)",60.0,63.0,5,interact,-0.01080000000000001,0.0,0.0,-0.01080000000000001,60.0,63.0,False,"(3, 2)",,"(1, 2)",dish,"(4, 1):soup('onion', 3, 20)","(3, 0):empty;(4, 1):soup('onion', 3, 20)"
287,5,interact,"(3, 2)","(-1, 0)",,"(1, 2)","(-1, 0)",dish,"(4, 1):soup('onion', 3, 20)","(3, 0):empty;(4, 1):soup('onion', 3, 20)",60.0,63.0,5,interact,-0.01080000000000001,0.0,0.0,-0.01080000000000001,60.0,63.0,False,"(3, 2)",,"(1, 2)",dish,"(4, 1):soup('onion', 3, 20)","(3, 0):empty;(4, 1):soup('onion', 3, 20)"
288,5,interact,"(3, 2)","(-1, 0)",,"(1, 2)","(-1, 0)",dish,"(4, 1):soup('onion', 3, 20)","(3, 0):empty;(4, 1):soup('onion', 3, 20)",60.0,63.0,5,interact,-0.01080000000000001,0.0,0.0,-0.01080000000000001,60.0,63.0,False,"(3, 2)",,"(1, 2)",dish,"(4, 1):soup('onion', 3, 20)","(3, 0):empty;(4, 1):soup('onion', 3, 20)"
289,5,interact,"(3, 2)","(-1, 0)",,"(1, 2)","(-1, 0)",dish,"(4, 1):soup('onion', 3, 20)","(3, 0):empty;(4, 1):soup('onion', 3, 20)",60.0,63.0,5,interact,-0.01080000000000001,0.0,0.0,-0.01080000000000001,60.0,63.0,False,"(3, 2)",,"(1, 2)",dish,"(4, 1):soup('onion', 3, 20)","(3, 0):empty;(4, 1):soup('onion', 3, 20)"
290,5,interact,"(3, 2)","(-1, 0)",,"(1, 2)","(-1, 0)",dish,"(4, 1):soup('onion', 3, 20)","(3, 0):empty;(4, 1):soup('onion', 3, 20)",60.0,63.0,5,interact,-0.01080000000000001,0.0,0.0,-0.01080000000000001,60.0,63.0,False,"(3, 2)",,"(1, 2)",dish,"(4, 1):soup('onion', 3, 20)","(3, 0):empty;(4, 1):soup('onion', 3, 20)"
291,5,interact,"(3, 2)","(-1, 0)",,"(1, 2)","(-1, 0)",dish,"(4, 1):soup('onion', 3, 20)","(3, 0):empty;(4, 1):soup('onion', 3, 20)",60.0,63.0,5,interact,-0.01080000000000001,0.0,0.0,-0.01080000000000001,60.0,63.0,False,"(3, 2)",,"(1, 2)",dish,"(4, 1):soup('onion', 3, 20)","(3, 0):empty;(4, 1):soup('onion', 3, 20)"
292,5,interact,"(3, 2)","(-1, 0)",,"(1, 2)","(-1, 0)",dish,"(4, 1):soup('onion', 3, 20)","(3, 0):empty;(4, 1):soup('onion', 3, 20)",60.0,63.0,5,interact,-0.01080000000000001,0.0,0.0,-0.01080000000000001,60.0,63.0,False,"(3, 2)",,"(1, 2)",dish,"(4, 1):soup('onion', 3, 20)","(3, 0):empty;(4, 1):soup('onion', 3, 20)"
293,5,interact,"(3, 2)","(-1, 0)",,"(1, 2)","(-1, 0)",dish,"(4, 1):soup('onion', 3, 20)","(3, 0):empty;(4, 1):soup('onion', 3, 20)",60.0,63.0,5,interact,-0.01080000000000001,0.0,0.0,-0.01080000000000001,60.0,63.0,False,"(3, 2)",,"(1, 2)",dish,"(4, 1):soup('onion', 3, 20)","(3, 0):empty;(4, 1):soup('onion', 3, 20)"
294,5,interact,"(3, 2)","(-1, 0)",,"(1, 2)","(-1, 0)",dish,"(4, 1):soup('onion', 3, 20)","(3, 0):empty;(4, 1):soup('onion', 3, 20)",60.0,63.0,5,interact,-0.01080000000000001,0.0,0.0,-0.01080000000000001,60.0,63.0,False,"(3, 2)",,"(1, 2)",dish,"(4, 1):soup('onion', 3, 20)","(3, 0):empty;(4, 1):soup('onion', 3, 20)"
295,5,interact,"(3, 2)","(-1, 0)",,"(1, 2)","(-1, 0)",dish,"(4, 1):soup('onion', 3, 20)","(3, 0):empty;(4, 1):soup('onion', 3, 20)",60.0,63.0,5,interact,-0.01080000000000001,0.0,0.0,-0.01080000000000001,60.0,63.0,False,"(3, 2)",,"(1, 2)",dish,"(4, 1):soup('onion', 3, 20)","(3, 0):empty;(4, 1):soup('onion', 3, 20)"
296,5,interact,"(3, 2)","(-1, 0)",,"(1, 2)","(-1, 0)",dish,"(4, 1):soup('onion', 3, 20)","(3, 0):empty;(4, 1):soup('onion', 3, 20)",60.0,63.0,5,interact,-0.01080000000000001,0.0,0.0,-0.01080000000000001,60.0,63.0,False,"(3, 2)",,"(1, 2)",dish,"(4, 1):soup('onion', 3, 20)","(3, 0):empty;(4, 1):soup('onion', 3, 20)"
297,5,interact,"(3, 2)","(-1, 0)",,"(1, 2)","(-1, 0)",dish,"(4, 1):soup('onion', 3, 20)","(3, 0):empty;(4, 1):soup('onion', 3, 20)",60.0,63.0,5,interact,-0.01080000000000001,0.0,0.0,-0.01080000000000001,60.0,63.0,False,"(3, 2)",,"(1, 2)",dish,"(4, 1):soup('onion', 3, 20)","(3, 0):empty;(4, 1):soup('onion', 3, 20)"
298,5,interact,"(3, 2)","(-1, 0)",,"(1, 2)","(-1, 0)",dish,"(4, 1):soup('onion', 3, 20)","(3, 0):empty;(4, 1):soup('onion', 3, 20)",60.0,63.0,5,interact,-0.01080000000000001,0.0,0.0,-0.01080000000000001,60.0,63.0,False,"(3, 2)",,"(1, 2)",dish,"(4, 1):soup('onion', 3, 20)","(3, 0):empty;(4, 1):soup('onion', 3, 20)"
299,5,interact,"(3, 2)","(-1, 0)",,"(1, 2)","(-1, 0)",dish,"(4, 1):soup('onion', 3, 20)","(3, 0):empty;(4, 1):soup('onion', 3, 20)",60.0,63.0,5,interact,-0.01080000000000001,0.0,0.0,-0.01080000000000001,60.0,63.0,False,"(3, 2)",,"(1, 2)",dish,"(4, 1):soup('onion', 3, 20)","(3, 0):empty;(4, 1):soup('onion', 3, 20)"
300,5,interact,"(3, 2)","(-1, 0)",,"(1, 2)","(-1, 0)",dish,"(4, 1):soup('onion', 3, 20)","(3, 0):empty;(4, 1):soup('onion', 3, 20)",60.0,63.0,5,interact,-0.01080000000000001,0.0,0.0,-0.01080000000000001,60.0,63.0,False,"(3, 2)",,"(1, 2)",dish,"(4, 1):soup('onion', 3, 20)","(3, 0):empty;(4, 1):soup('onion', 3, 20)"
301,5,interact,"(3, 2)","(-1, 0)",,"(1, 2)","(-1, 0)",dish,"(4, 1):soup('onion', 3, 20)","(3, 0):empty;(4, 1):soup('onion', 3, 20)",60.0,63.0,5,interact,-0.01080000000000001,0.0,0.0,-0.01080000000000001,60.0,63.0,False,"(3, 2)",,"(1, 2)",dish,"(4, 1):soup('onion', 3, 20)","(3, 0):empty;(4, 1):soup('onion', 3, 20)"
302,5,interact,"(3, 2)","(-1, 0)",,"(1, 2)","(-1, 0)",dish,"(4, 1):soup('onion', 3, 20)","(3, 0):empty;(4, 1):soup('onion', 3, 20)",60.0,63.0,5,interact,-0.01080000000000001,0.0,0.0,-0.01080000000000001,60.0,63.0,False,"(3, 2)",,"(1, 2)",dish,"(4, 1):soup('onion', 3, 20)","(3, 0):empty;(4, 1):soup('onion', 3, 20)"
303,5,interact,"(3, 2)","(-1, 0)",,"(1, 2)","(-1, 0)",dish,"(4, 1):soup('onion', 3, 20)","(3, 0):empty;(4, 1):soup('onion', 3, 20)",60.0,63.0,5,interact,-0.01080000000000001,0.0,0.0,-0.01080000000000001,60.0,63.0,False,"(3, 2)",,"(1, 2)",dish,"(4, 1):soup('onion', 3, 20)","(3, 0):empty;(4, 1):soup('onion', 3, 20)"
304,5,interact,"(3, 2)","(-1, 0)",,"(1, 2)","(-1, 0)",dish,"(4, 1):soup('onion', 3, 20)","(3, 0):empty;(4, 1):soup('onion', 3, 20)",60.0,63.0,5,interact,-0.01080000000000001,0.0,0.0,-0.01080000000000001,60.0,63.0,False,"(3, 2)",,"(1, 2)",dish,"(4, 1):soup('onion', 3, 20)","(3, 0):empty;(4, 1):soup('onion', 3, 20)"
305,5,interact,"(3, 2)","(-1, 0)",,"(1, 2)","(-1, 0)",dish,"(4, 1):soup('onion', 3, 20)","(3, 0):empty;(4, 1):soup('onion', 3, 20)",60.0,63.0,5,interact,-0.01080000000000001,0.0,0.0,-0.01080000000000001,60.0,63.0,False,"(3, 2)",,"(1, 2)",dish,"(4, 1):soup('onion', 3, 20)","(3, 0):empty;(4, 1):soup('onion', 3, 20)"
306,5,interact,"(3, 2)","(-1, 0)",,"(1, 2)","(-1, 0)",dish,"(4, 1):soup('onion', 3, 20)","(3, 0):empty;(4, 1):soup('onion', 3, 20)",60.0,63.0,5,interact,-0.01080000000000001,0.0,0.0,-0.01080000000000001,60.0,63.0,False,"(3, 2)",,"(1, 2)",dish,"(4, 1):soup('onion', 3, 20)","(3, 0):empty;(4, 1):soup('onion', 3, 20)"
307,5,interact,"(3, 2)","(-1, 0)",,"(1, 2)","(-1, 0)",dish,"(4, 1):soup('onion', 3, 20)","(3, 0):empty;(4, 1):soup('onion', 3, 20)",60.0,63.0,5,interact,-0.01080000000000001,0.0,0.0,-0.01080000000000001,60.0,63.0,False,"(3, 2)",,"(1, 2)",dish,"(4, 1):soup('onion', 3, 20)","(3, 0):empty;(4, 1):soup('onion', 3, 20)"
308,5,interact,"(3, 2)","(-1, 0)",,"(1, 2)","(-1, 0)",dish,"(4, 1):soup('onion', 3, 20)","(3, 0):empty;(4, 1):soup('onion', 3, 20)",60.0,63.0,5,interact,-0.01080000000000001,0.0,0.0,-0.01080000000000001,60.0,63.0,False,"(3, 2)",,"(1, 2)",dish,"(4, 1):soup('onion', 3, 20)","(3, 0):empty;(4, 1):soup('onion', 3, 20)"
309,5,interact,"(3, 2)","(-1, 0)",,"(1, 2)","(-1, 0)",dish,"(4, 1):soup('onion', 3, 20)","(3, 0):empty;(4, 1):soup('onion', 3, 20)",60.0,63.0,5,interact,-0.01080000000000001,0.0,0.0,-0.01080000000000001,60.0,63.0,False,"(3, 2)",,"(1, 2)",dish,"(4, 1):soup('onion', 3, 20)","(3, 0):empty;(4, 1):soup('onion', 3, 20)"
310,5,interact,"(3, 2)","(-1, 0)",,"(1, 2)","(-1, 0)",dish,"(4, 1):soup('onion', 3, 20)","(3, 0):empty;(4, 1):soup('onion', 3, 20)",60.0,63.0,5,interact,-0.01080000000000001,0.0,0.0,-0.01080000000000001,60.0,63.0,False,"(3, 2)",,"(1, 2)",dish,"(4, 1):soup('onion', 3, 20)","(3, 0):empty;(4, 1):soup('onion', 3, 20)"
311,5,interact,"(3, 2)","(-1, 0)",,"(1, 2)","(-1, 0)",dish,"(4, 1):soup('onion', 3, 20)","(3, 0):empty;(4, 1):soup('onion', 3, 20)",60.0,63.0,5,interact,-0.01080000000000001,0.0,0.0,-0.01080000000000001,60.0,63.0,False,"(3, 2)",,"(1, 2)",dish,"(4, 1):soup('onion', 3, 20)","(3, 0):empty;(4, 1):soup('onion', 3, 20)"
312,5,interact,"(3, 2)","(-1, 0)",,"(1, 2)","(-1, 0)",dish,"(4, 1):soup('onion', 3, 20)","(3, 0):empty;(4, 1):soup('onion', 3, 20)",60.0,63.0,5,interact,-0.01080000000000001,0.0,0.0,-0.01080000000000001,60.0,63.0,False,"(3, 2)",,"(1, 2)",dish,"(4, 1):soup('onion', 3, 20)","(3, 0):empty;(4, 1):soup('onion', 3, 20)"
313,5,interact,"(3, 2)","(-1, 0)",,"(1, 2)","(-1, 0)",dish,"(4, 1):soup('onion', 3, 20)","(3, 0):empty;(4, 1):soup('onion', 3, 20)",60.0,63.0,5,interact,-0.01080000000000001,0.0,0.0,-0.01080000000000001,60.0,63.0,False,"(3, 2)",,"(1, 2)",dish,"(4, 1):soup('onion', 3, 20)","(3, 0):empty;(4, 1):soup('onion', 3, 20)"
314,5,interact,"(3, 2)","(-1, 0)",,"(1, 2)","(-1, 0)",dish,"(4, 1):soup('onion', 3, 20)","(3, 0):empty;(4, 1):soup('onion', 3, 20)",60.0,63.0,5,interact,-0.01080000000000001,0.0,0.0,-0.01080000000000001,60.0,63.0,False,"(3, 2)",,"(1, 2)",dish,"(4, 1):soup('onion', 3, 20)","(3, 0):empty;(4, 1):soup('onion', 3, 20)"
315,5,interact,"(3, 2)","(-1, 0)",,"(1, 2)","(-1, 0)",dish,"(4, 1):soup('onion', 3, 20)","(3, 0):empty;(4, 1):soup('onion', 3, 20)",60.0,63.0,5,interact,-0.01080000000000001,0.0,0.0,-0.01080000000000001,60.0,63.0,False,"(3, 2)",,"(1, 2)",dish,"(4, 1):soup('onion', 3, 20)","(3, 0):empty;(4, 1):soup('onion', 3, 20)"
316,5,interact,"(3, 2)","(-1, 0)",,"(1, 2)","(-1, 0)",dish,"(4, 1):soup('onion', 3, 20)","(3, 0):empty;(4, 1):soup('onion', 3, 20)",60.0,63.0,5,interact,-0.01080000000000001,0.0,0.0,-0.01080000000000001,60.0,63.0,False,"(3, 2)",,"(1, 2)",dish,"(4, 1):soup('onion', 3, 20)","(3, 0):empty;(4, 1):soup('onion', 3, 20)"
317,5,interact,"(3, 2)","(-1, 0)",,"(1, 2)","(-1, 0)",dish,"(4, 1):soup('onion', 3, 20)","(3, 0):empty;(4, 1):soup('onion', 3, 20)",60.0,63.0,5,interact,-0.01080000000000001,0.0,0.0,-0.01080000000000001,60.0,63.0,False,"(3, 2)",,"(1, 2)",dish,"(4, 1):soup('onion', 3, 20)","(3, 0):empty;(4, 1):soup('onion', 3, 20)"
318,5,interact,"(3, 2)","(-1, 0)",,"(1, 2)","(-1, 0)",dish,"(4, 1):soup('onion', 3, 20)","(3, 0):empty;(4, 1):soup('onion', 3, 20)",60.0,63.0,5,interact,-0.01080000000000001,0.0,0.0,-0.01080000000000001,60.0,63.0,False,"(3, 2)",,"(1, 2)",dish,"(4, 1):soup('onion', 3, 20)","(3, 0):empty;(4, 1):soup('onion', 3, 20)"
319,5,interact,"(3, 2)","(-1, 0)",,"(1, 2)","(-1, 0)",dish,"(4, 1):soup('onion', 3, 20)","(3, 0):empty;(4, 1):soup('onion', 3, 20)",60.0,63.0,5,interact,-0.01080000000000001,0.0,0.0,-0.01080000000000001,60.0,63.0,False,"(3, 2)",,"(1, 2)",dish,"(4, 1):soup('onion', 3, 20)","(3, 0):empty;(4, 1):soup('onion', 3, 20)"
320,5,interact,"(3, 2)","(-1, 0)",,"(1, 2)","(-1, 0)",dish,"(4, 1):soup('onion', 3, 20)","(3, 0):empty;(4, 1):soup('onion', 3, 20)",60.0,63.0,5,interact,-0.01080000000000001,0.0,0.0,-0.01080000000000001,60.0,63.0,False,"(3, 2)",,"(1, 2)",dish,"(4, 1):soup('onion', 3, 20)","(3, 0):empty;(4, 1):soup('onion', 3, 20)"
321,5,interact,"(3, 2)","(-1, 0)",,"(1, 2)","(-1, 0)",dish,"(4, 1):soup('onion', 3, 20)","(3, 0):empty;(4, 1):soup('onion', 3, 20)",60.0,63.0,5,interact,-0.01080000000000001,0.0,0.0,-0.01080000000000001,60.0,63.0,False,"(3, 2)",,"(1, 2)",dish,"(4, 1):soup('onion', 3, 20)","(3, 0):empty;(4, 1):soup('onion', 3, 20)"
322,5,interact,"(3, 2)","(-1, 0)",,"(1, 2)","(-1, 0)",dish,"(4, 1):soup('onion', 3, 20)","(3, 0):empty;(4, 1):soup('onion', 3, 20)",60.0,63.0,5,interact,-0.01080000000000001,0.0,0.0,-0.01080000000000001,60.0,63.0,False,"(3, 2)",,"(1, 2)",dish,"(4, 1):soup('onion', 3, 20)","(3, 0):empty;(4, 1):soup('onion', 3, 20)"
323,5,interact,"(3, 2)","(-1, 0)",,"(1, 2)","(-1, 0)",dish,"(4, 1):soup('onion', 3, 20)","(3, 0):empty;(4, 1):soup('onion', 3, 20)",60.0,63.0,5,interact,-0.01080000000000001,0.0,0.0,-0.01080000000000001,60.0,63.0,False,"(3, 2)",,"(1, 2)",dish,"(4, 1):soup('onion', 3, 20)","(3, 0):empty;(4, 1):soup('onion', 3, 20)"
324,5,interact,"(3, 2)","(-1, 0)",,"(1, 2)","(-1, 0)",dish,"(4, 1):soup('onion', 3, 20)","(3, 0):empty;(4, 1):soup('onion', 3, 20)",60.0,63.0,5,interact,-0.01080000000000001,0.0,0.0,-0.01080000000000001,60.0,63.0,False,"(3, 2)",,"(1, 2)",dish,"(4, 1):soup('onion', 3, 20)","(3, 0):empty;(4, 1):soup('onion', 3, 20)"
325,5,interact,"(3, 2)","(-1, 0)",,"(1, 2)","(-1, 0)",dish,"(4, 1):soup('onion', 3, 20)","(3, 0):empty;(4, 1):soup('onion', 3, 20)",60.0,63.0,5,interact,-0.01080000000000001,0.0,0.0,-0.01080000000000001,60.0,63.0,False,"(3, 2)",,"(1, 2)",dish,"(4, 1):soup('onion', 3, 20)","(3, 0):empty;(4, 1):soup('onion', 3, 20)"
326,5,interact,"(3, 2)","(-1, 0)",,"(1, 2)","(-1, 0)",dish,"(4, 1):soup('onion', 3, 20)","(3, 0):empty;(4, 1):soup('onion', 3, 20)",60.0,63.0,5,interact,-0.01080000000000001,0.0,0.0,-0.01080000000000001,60.0,63.0,False,"(3, 2)",,"(1, 2)",dish,"(4, 1):soup('onion', 3, 20)","(3, 0):empty;(4, 1):soup('onion', 3, 20)"
327,5,interact,"(3, 2)","(-1, 0)",,"(1, 2)","(-1, 0)",dish,"(4, 1):soup('onion', 3, 20)","(3, 0):empty;(4, 1):soup('onion', 3, 20)",60.0,63.0,5,interact,-0.01080000000000001,0.0,0.0,-0.01080000000000001,60.0,63.0,False,"(3, 2)",,"(1, 2)",dish,"(4, 1):soup('onion', 3, 20)","(3, 0):empty;(4, 1):soup('onion', 3, 20)"
328,5,interact,"(3, 2)","(-1, 0)",,"(1, 2)","(-1, 0)",dish,"(4, 1):soup('onion', 3, 20)","(3, 0):empty;(4, 1):soup('onion', 3, 20)",60.0,63.0,5,interact,-0.01080000000000001,0.0,0.0,-0.01080000000000001,60.0,63.0,False,"(3, 2)",,"(1, 2)",dish,"(4, 1):soup('onion', 3, 20)","(3, 0):empty;(4, 1):soup('onion', 3, 20)"
329,5,interact,"(3, 2)","(-1, 0)",,"(1, 2)","(-1, 0)",dish,"(4, 1):soup('onion', 3, 20)","(3, 0):empty;(4, 1):soup('onion', 3, 20)",60.0,63.0,5,interact,-0.01080000000000001,0.0,0.0,-0.01080000000000001,60.0,63.0,False,"(3, 2)",,"(1, 2)",dish,"(4, 1):soup('onion', 3, 20)","(3, 0):empty;(4, 1):soup('onion', 3, 20)"
330,5,interact,"(3, 2)","(-1, 0)",,"(1, 2)","(-1, 0)",dish,"(4, 1):soup('onion', 3, 20)","(3, 0):empty;(4, 1):soup('onion', 3, 20)",60.0,63.0,5,interact,-0.01080000000000001,0.0,0.0,-0.01080000000000001,60.0,63.0,False,"(3, 2)",,"(1, 2)",dish,"(4, 1):soup('onion', 3, 20)","(3, 0):empty;(4, 1):soup('onion', 3, 20)"
331,5,interact,"(3, 2)","(-1, 0)",,"(1, 2)","(-1, 0)",dish,"(4, 1):soup('onion', 3, 20)","(3, 0):empty;(4, 1):soup('onion', 3, 20)",60.0,63.0,5,interact,-0.01080000000000001,0.0,0.0,-0.01080000000000001,60.0,63.0,False,"(3, 2)",,"(1, 2)",dish,"(4, 1):soup('onion', 3, 20)","(3, 0):empty;(4, 1):soup('onion', 3, 20)"
332,5,interact,"(3, 2)","(-1, 0)",,"(1, 2)","(-1, 0)",dish,"(4, 1):soup('onion', 3, 20)","(3, 0):empty;(4, 1):soup('onion', 3, 20)",60.0,63.0,5,interact,-0.01080000000000001,0.0,0.0,-0.01080000000000001,60.0,63.0,False,"(3, 2)",,"(1, 2)",dish,"(4, 1):soup('onion', 3, 20)","(3, 0):empty;(4, 1):soup('onion', 3, 20)"
333,5,interact,"(3, 2)","(-1, 0)",,"(1, 2)","(-1, 0)",dish,"(4, 1):soup('onion', 3, 20)","(3, 0):empty;(4, 1):soup('onion', 3, 20)",60.0,63.0,5,interact,-0.01080000000000001,0.0,0.0,-0.01080000000000001,60.0,63.0,False,"(3, 2)",,"(1, 2)",dish,"(4, 1):soup('onion', 3, 20)","(3, 0):empty;(4, 1):soup('onion', 3, 20)"
334,5,interact,"(3, 2)","(-1, 0)",,"(1, 2)","(-1, 0)",dish,"(4, 1):soup('onion', 3, 20)","(3, 0):empty;(4, 1):soup('onion', 3, 20)",60.0,63.0,5,interact,-0.01080000000000001,0.0,0.0,-0.01080000000000001,60.0,63.0,False,"(3, 2)",,"(1, 2)",dish,"(4, 1):soup('onion', 3, 20)","(3, 0):empty;(4, 1):soup('onion', 3, 20)"
335,5,interact,"(3, 2)","(-1, 0)",,"(1, 2)","(-1, 0)",dish,"(4, 1):soup('onion', 3, 20)","(3, 0):empty;(4, 1):soup('onion', 3, 20)",60.0,63.0,5,interact,-0.01080000000000001,0.0,0.0,-0.01080000000000001,60.0,63.0,False,"(3, 2)",,"(1, 2)",dish,"(4, 1):soup('onion', 3, 20)","(3, 0):empty;(4, 1):soup('onion', 3, 20)"
336,5,interact,"(3, 2)","(-1, 0)",,"(1, 2)","(-1, 0)",dish,"(4, 1):soup('onion', 3, 20)","(3, 0):empty;(4, 1):soup('onion', 3, 20)",60.0,63.0,5,interact,-0.01080000000000001,0.0,0.0,-0.01080000000000001,60.0,63.0,False,"(3, 2)",,"(1, 2)",dish,"(4, 1):soup('onion', 3, 20)","(3, 0):empty;(4, 1):soup('onion', 3, 20)"
337,5,interact,"(3, 2)","(-1, 0)",,"(1, 2)","(-1, 0)",dish,"(4, 1):soup('onion', 3, 20)","(3, 0):empty;(4, 1):soup('onion', 3, 20)",60.0,63.0,5,interact,-0.01080000000000001,0.0,0.0,-0.01080000000000001,60.0,63.0,False,"(3, 2)",,"(1, 2)",dish,"(4, 1):soup('onion', 3, 20)","(3, 0):empty;(4, 1):soup('onion', 3, 20)"
338,5,interact,"(3, 2)","(-1, 0)",,"(1, 2)","(-1, 0)",dish,"(4, 1):soup('onion', 3, 20)","(3, 0):empty;(4, 1):soup('onion', 3, 20)",60.0,63.0,5,interact,-0.01080000000000001,0.0,0.0,-0.01080000000000001,60.0,63.0,False,"(3, 2)",,"(1, 2)",dish,"(4, 1):soup('onion', 3, 20)","(3, 0):empty;(4, 1):soup('onion', 3, 20)"
339,5,interact,"(3, 2)","(-1, 0)",,"(1, 2)","(-1, 0)",dish,"(4, 1):soup('onion', 3, 20)","(3, 0):empty;(4, 1):soup('onion', 3, 20)",60.0,63.0,5,interact,-0.01080000000000001,0.0,0.0,-0.01080000000000001,60.0,63.0,False,"(3, 2)",,"(1, 2)",dish,"(4, 1):soup('onion', 3, 20)","(3, 0):empty;(4, 1):soup('onion', 3, 20)"
340,5,interact,"(3, 2)","(-1, 0)",,"(1, 2)","(-1, 0)",dish,"(4, 1):soup('onion', 3, 20)","(3, 0):empty;(4, 1):soup('onion', 3, 20)",60.0,63.0,5,interact,-0.01080000000000001,0.0,0.0,-0.01080000000000001,60.0,63.0,False,"(3, 2)",,"(1, 2)",dish,"(4, 1):soup('onion', 3, 20)","(3, 0):empty;(4, 1):soup('onion', 3, 20)"
341,5,interact,"(3, 2)","(-1, 0)",,"(1, 2)","(-1, 0)",dish,"(4, 1):soup('onion', 3, 20)","(3, 0):empty;(4, 1):soup('onion', 3, 20)",60.0,63.0,5,interact,-0.01080000000000001,0.0,0.0,-0.01080000000000001,60.0,63.0,False,"(3, 2)",,"(1, 2)",dish,"(4, 1):soup('onion', 3, 20)","(3, 0):empty;(4, 1):soup('onion', 3, 20)"
342,5,interact,"(3, 2)","(-1, 0)",,"(1, 2)","(-1, 0)",dish,"(4, 1):soup('onion', 3, 20)","(3, 0):empty;(4, 1):soup('onion', 3, 20)",60.0,63.0,5,interact,-0.01080000000000001,0.0,0.0,-0.01080000000000001,60.0,63.0,False,"(3, 2)",,"(1, 2)",dish,"(4, 1):soup('onion', 3, 20)","(3, 0):empty;(4, 1):soup('onion', 3, 20)"
343,5,interact,"(3, 2)","(-1, 0)",,"(1, 2)","(-1, 0)",dish,"(4, 1):soup('onion', 3, 20)","(3, 0):empty;(4, 1):soup('onion', 3, 20)",60.0,63.0,5,interact,-0.01080000000000001,0.0,0.0,-0.01080000000000001,60.0,63.0,False,"(3, 2)",,"(1, 2)",dish,"(4, 1):soup('onion', 3, 20)","(3, 0):empty;(4, 1):soup('onion', 3, 20)"
344,5,interact,"(3, 2)","(-1, 0)",,"(1, 2)","(-1, 0)",dish,"(4, 1):soup('onion', 3, 20)","(3, 0):empty;(4, 1):soup('onion', 3, 20)",60.0,63.0,5,interact,-0.01080000000000001,0.0,0.0,-0.01080000000000001,60.0,63.0,False,"(3, 2)",,"(1, 2)",dish,"(4, 1):soup('onion', 3, 20)","(3, 0):empty;(4, 1):soup('onion', 3, 20)"
345,5,interact,"(3, 2)","(-1, 0)",,"(1, 2)","(-1, 0)",dish,"(4, 1):soup('onion', 3, 20)","(3, 0):empty;(4, 1):soup('onion', 3, 20)",60.0,63.0,5,interact,-0.01080000000000001,0.0,0.0,-0.01080000000000001,60.0,63.0,False,"(3, 2)",,"(1, 2)",dish,"(4, 1):soup('onion', 3, 20)","(3, 0):empty;(4, 1):soup('onion', 3, 20)"
346,5,interact,"(3, 2)","(-1, 0)",,"(1, 2)","(-1, 0)",dish,"(4, 1):soup('onion', 3, 20)","(3, 0):empty;(4, 1):soup('onion', 3, 20)",60.0,63.0,5,interact,-0.01080000000000001,0.0,0.0,-0.01080000000000001,60.0,63.0,False,"(3, 2)",,"(1, 2)",dish,"(4, 1):soup('onion', 3, 20)","(3, 0):empty;(4, 1):soup('onion', 3, 20)"
347,5,interact,"(3, 2)","(-1, 0)",,"(1, 2)","(-1, 0)",dish,"(4, 1):soup('onion', 3, 20)","(3, 0):empty;(4, 1):soup('onion', 3, 20)",60.0,63.0,5,interact,-0.01080000000000001,0.0,0.0,-0.01080000000000001,60.0,63.0,False,"(3, 2)",,"(1, 2)",dish,"(4, 1):soup('onion', 3, 20)","(3, 0):empty;(4, 1):soup('onion', 3, 20)"
348,5,interact,"(3, 2)","(-1, 0)",,"(1, 2)","(-1, 0)",dish,"(4, 1):soup('onion', 3, 20)","(3, 0):empty;(4, 1):soup('onion', 3, 20)",60.0,63.0,5,interact,-0.01080000000000001,0.0,0.0,-0.01080000000000001,60.0,63.0,False,"(3, 2)",,"(1, 2)",dish,"(4, 1):soup('onion', 3, 20)","(3, 0):empty;(4, 1):soup('onion', 3, 20)"
349,5,interact,"(3, 2)","(-1, 0)",,"(1, 2)","(-1, 0)",dish,"(4, 1):soup('onion', 3, 20)","(3, 0):empty;(4, 1):soup('onion', 3, 20)",60.0,63.0,5,interact,-0.01080000000000001,0.0,0.0,-0.01080000000000001,60.0,63.0,False,"(3, 2)",,"(1, 2)",dish,"(4, 1):soup('onion', 3, 20)","(3, 0):empty;(4, 1):soup('onion', 3, 20)"
350,5,interact,"(3, 2)","(-1, 0)",,"(1, 2)","(-1, 0)",dish,"(4, 1):soup('onion', 3, 20)","(3, 0):empty;(4, 1):soup('onion', 3, 20)",60.0,63.0,5,interact,-0.01080000000000001,0.0,0.0,-0.01080000000000001,60.0,63.0,False,"(3, 2)",,"(1, 2)",dish,"(4, 1):soup('onion', 3, 20)","(3, 0):empty;(4, 1):soup('onion', 3, 20)"
351,5,interact,"(3, 2)","(-1, 0)",,"(1, 2)","(-1, 0)",dish,"(4, 1):soup('onion', 3, 20)","(3, 0):empty;(4, 1):soup('onion', 3, 20)",60.0,63.0,5,interact,-0.01080000000000001,0.0,0.0,-0.01080000000000001,60.0,63.0,False,"(3, 2)",,"(1, 2)",dish,"(4, 1):soup('onion', 3, 20)","(3, 0):empty;(4, 1):soup('onion', 3, 20)"
352,5,interact,"(3, 2)","(-1, 0)",,"(1, 2)","(-1, 0)",dish,"(4, 1):soup('onion', 3, 20)","(3, 0):empty;(4, 1):soup('onion', 3, 20)",60.0,63.0,5,interact,-0.01080000000000001,0.0,0.0,-0.01080000000000001,60.0,63.0,False,"(3, 2)",,"(1, 2)",dish,"(4, 1):soup('onion', 3, 20)","(3, 0):empty;(4, 1):soup('onion', 3, 20)"
353,5,interact,"(3, 2)","(-1, 0)",,"(1, 2)","(-1, 0)",dish,"(4, 1):soup('onion', 3, 20)","(3, 0):empty;(4, 1):soup('onion', 3, 20)",60.0,63.0,5,interact,-0.01080000000000001,0.0,0.0,-0.01080000000000001,60.0,63.0,False,"(3, 2)",,"(1, 2)",dish,"(4, 1):soup('onion', 3, 20)","(3, 0):empty;(4, 1):soup('onion', 3, 20)"
354,5,interact,"(3, 2)","(-1, 0)",,"(1, 2)","(-1, 0)",dish,"(4, 1):soup('onion', 3, 20)","(3, 0):empty;(4, 1):soup('onion', 3, 20)",60.0,63.0,5,interact,-0.01080000000000001,0.0,0.0,-0.01080000000000001,60.0,63.0,False,"(3, 2)",,"(1, 2)",dish,"(4, 1):soup('onion', 3, 20)","(3, 0):empty;(4, 1):soup('onion', 3, 20)"
355,5,interact,"(3, 2)","(-1, 0)",,"(1, 2)","(-1, 0)",dish,"(4, 1):soup('onion', 3, 20)","(3, 0):empty;(4, 1):soup('onion', 3, 20)",60.0,63.0,5,interact,-0.01080000000000001,0.0,0.0,-0.01080000000000001,60.0,63.0,False,"(3, 2)",,"(1, 2)",dish,"(4, 1):soup('onion', 3, 20)","(3, 0):empty;(4, 1):soup('onion', 3, 20)"
356,5,interact,"(3, 2)","(-1, 0)",,"(1, 2)","(-1, 0)",dish,"(4, 1):soup('onion', 3, 20)","(3, 0):empty;(4, 1):soup('onion', 3, 20)",60.0,63.0,5,interact,-0.01080000000000001,0.0,0.0,-0.01080000000000001,60.0,63.0,False,"(3, 2)",,"(1, 2)",dish,"(4, 1):soup('onion', 3, 20)","(3, 0):empty;(4, 1):soup('onion', 3, 20)"
357,5,interact,"(3, 2)","(-1, 0)",,"(1, 2)","(-1, 0)",dish,"(4, 1):soup('onion', 3, 20)","(3, 0):empty;(4, 1):soup('onion', 3, 20)",60.0,63.0,5,interact,-0.01080000000000001,0.0,0.0,-0.01080000000000001,60.0,63.0,False,"(3, 2)",,"(1, 2)",dish,"(4, 1):soup('onion', 3, 20)","(3, 0):empty;(4, 1):soup('onion', 3, 20)"
358,5,interact,"(3, 2)","(-1, 0)",,"(1, 2)","(-1, 0)",dish,"(4, 1):soup('onion', 3, 20)","(3, 0):empty;(4, 1):soup('onion', 3, 20)",60.0,63.0,5,interact,-0.01080000000000001,0.0,0.0,-0.01080000000000001,60.0,63.0,False,"(3, 2)",,"(1, 2)",dish,"(4, 1):soup('onion', 3, 20)","(3, 0):empty;(4, 1):soup('onion', 3, 20)"
359,5,interact,"(3, 2)","(-1, 0)",,"(1, 2)","(-1, 0)",dish,"(4, 1):soup('onion', 3, 20)","(3, 0):empty;(4, 1):soup('onion', 3, 20)",60.0,63.0,5,interact,-0.01080000000000001,0.0,0.0,-0.01080000000000001,60.0,63.0,False,"(3, 2)",,"(1, 2)",dish,"(4, 1):soup('onion', 3, 20)","(3, 0):empty;(4, 1):soup('onion', 3, 20)"
360,5,interact,"(3, 2)","(-1, 0)",,"(1, 2)","(-1, 0)",dish,"(4, 1):soup('onion', 3, 20)","(3, 0):empty;(4, 1):soup('onion', 3, 20)",60.0,63.0,5,interact,-0.01080000000000001,0.0,0.0,-0.01080000000000001,60.0,63.0,False,"(3, 2)",,"(1, 2)",dish,"(4, 1):soup('onion', 3, 20)","(3, 0):empty;(4, 1):soup('onion', 3, 20)"
361,5,interact,"(3, 2)","(-1, 0)",,"(1, 2)","(-1, 0)",dish,"(4, 1):soup('onion', 3, 20)","(3, 0):empty;(4, 1):soup('onion', 3, 20)",60.0,63.0,5,interact,-0.01080000000000001,0.0,0.0,-0.01080000000000001,60.0,63.0,False,"(3, 2)",,"(1, 2)",dish,"(4, 1):soup('onion', 3, 20)","(3, 0):empty;(4, 1):soup('onion', 3, 20)"
362,5,interact,"(3, 2)","(-1, 0)",,"(1, 2)","(-1, 0)",dish,"(4, 1):soup('onion', 3, 20)","(3, 0):empty;(4, 1):soup('onion', 3, 20)",60.0,63.0,5,interact,-0.01080000000000001,0.0,0.0,-0.01080000000000001,60.0,63.0,False,"(3, 2)",,"(1, 2)",dish,"(4, 1):soup('onion', 3, 20)","(3, 0):empty;(4, 1):soup('onion', 3, 20)"
363,5,interact,"(3, 2)","(-1, 0)",,"(1, 2)","(-1, 0)",dish,"(4, 1):soup('onion', 3, 20)","(3, 0):empty;(4, 1):soup('onion', 3, 20)",60.0,63.0,5,interact,-0.01080000000000001,0.0,0.0,-0.01080000000000001,60.0,63.0,False,"(3, 2)",,"(1, 2)",dish,"(4, 1):soup('onion', 3, 20)","(3, 0):empty;(4, 1):soup('onion', 3, 20)"
364,5,interact,"(3, 2)","(-1, 0)",,"(1, 2)","(-1, 0)",dish,"(4, 1):soup('onion', 3, 20)","(3, 0):empty;(4, 1):soup('onion', 3, 20)",60.0,63.0,5,interact,-0.01080000000000001,0.0,0.0,-0.01080000000000001,60.0,63.0,False,"(3, 2)",,"(1, 2)",dish,"(4, 1):soup('onion', 3, 20)","(3, 0):empty;(4, 1):soup('onion', 3, 20)"
365,5,interact,"(3, 2)","(-1, 0)",,"(1, 2)","(-1, 0)",dish,"(4, 1):soup('onion', 3, 20)","(3, 0):empty;(4, 1):soup('onion', 3, 20)",60.0,63.0,5,interact,-0.01080000000000001,0.0,0.0,-0.01080000000000001,60.0,63.0,False,"(3, 2)",,"(1, 2)",dish,"(4, 1):soup('onion', 3, 20)","(3, 0):empty;(4, 1):soup('onion', 3, 20)"
366,5,interact,"(3, 2)","(-1, 0)",,"(1, 2)","(-1, 0)",dish,"(4, 1):soup('onion', 3, 20)","(3, 0):empty;(4, 1):soup('onion', 3, 20)",60.0,63.0,5,interact,-0.01080000000000001,0.0,0.0,-0.01080000000000001,60.0,63.0,False,"(3, 2)",,"(1, 2)",dish,"(4, 1):soup('onion', 3, 20)","(3, 0):empty;(4, 1):soup('onion', 3, 20)"
367,5,interact,"(3, 2)","(-1, 0)",,"(1, 2)","(-1, 0)",dish,"(4, 1):soup('onion', 3, 20)","(3, 0):empty;(4, 1):soup('onion', 3, 20)",60.0,63.0,5,interact,-0.01080000000000001,0.0,0.0,-0.01080000000000001,60.0,63.0,False,"(3, 2)",,"(1, 2)",dish,"(4, 1):soup('onion', 3, 20)","(3, 0):empty;(4, 1):soup('onion', 3, 20)"
368,5,interact,"(3, 2)","(-1, 0)",,"(1, 2)","(-1, 0)",dish,"(4, 1):soup('onion', 3, 20)","(3, 0):empty;(4, 1):soup('onion', 3, 20)",60.0,63.0,5,interact,-0.01080000000000001,0.0,0.0,-0.01080000000000001,60.0,63.0,False,"(3, 2)",,"(1, 2)",dish,"(4, 1):soup('onion', 3, 20)","(3, 0):empty;(4, 1):soup('onion', 3, 20)"
369,5,interact,"(3, 2)","(-1, 0)",,"(1, 2)","(-1, 0)",dish,"(4, 1):soup('onion', 3, 20)","(3, 0):empty;(4, 1):soup('onion', 3, 20)",60.0,63.0,5,interact,-0.01080000000000001,0.0,0.0,-0.01080000000000001,60.0,63.0,False,"(3, 2)",,"(1, 2)",dish,"(4, 1):soup('onion', 3, 20)","(3, 0):empty;(4, 1):soup('onion', 3, 20)"
370,5,interact,"(3, 2)","(-1, 0)",,"(1, 2)","(-1, 0)",dish,"(4, 1):soup('onion', 3, 20)","(3, 0):empty;(4, 1):soup('onion', 3, 20)",60.0,63.0,5,interact,-0.01080000000000001,0.0,0.0,-0.01080000000000001,60.0,63.0,False,"(3, 2)",,"(1, 2)",dish,"(4, 1):soup('onion', 3, 20)","(3, 0):empty;(4, 1):soup('onion', 3, 20)"
371,5,interact,"(3, 2)","(-1, 0)",,"(1, 2)","(-1, 0)",dish,"(4, 1):soup('onion', 3, 20)","(3, 0):empty;(4, 1):soup('onion', 3, 20)",60.0,63.0,5,interact,-0.01080000000000001,0.0,0.0,-0.01080000000000001,60.0,63.0,False,"(3, 2)",,"(1, 2)",dish,"(4, 1):soup('onion', 3, 20)","(3, 0):empty;(4, 1):soup('onion', 3, 20)"
372,5,interact,"(3, 2)","(-1, 0)",,"(1, 2)","(-1, 0)",dish,"(4, 1):soup('onion', 3, 20)","(3, 0):empty;(4, 1):soup('onion', 3, 20)",60.0,63.0,5,interact,-0.01080000000000001,0.0,0.0,-0.01080000000000001,60.0,63.0,False,"(3, 2)",,"(1, 2)",dish,"(4, 1):soup('onion', 3, 20)","(3, 0):empty;(4, 1):soup('onion', 3, 20)"
373,5,interact,"(3, 2)","(-1, 0)",,"(1, 2)","(-1, 0)",dish,"(4, 1):soup('onion', 3, 20)","(3, 0):empty;(4, 1):soup('onion', 3, 20)",60.0,63.0,5,interact,-0.01080000000000001,0.0,0.0,-0.01080000000000001,60.0,63.0,False,"(3, 2)",,"(1, 2)",dish,"(4, 1):soup('onion', 3, 20)","(3, 0):empty;(4, 1):soup('onion', 3, 20)"
374,5,interact,"(3, 2)","(-1, 0)",,"(1, 2)","(-1, 0)",dish,"(4, 1):soup('onion', 3, 20)","(3, 0):empty;(4, 1):soup('onion', 3, 20)",60.0,63.0,5,interact,-0.01080000000000001,0.0,0.0,-0.01080000000000001,60.0,63.0,False,"(3, 2)",,"(1, 2)",dish,"(4, 1):soup('onion', 3, 20)","(3, 0):empty;(4, 1):soup('onion', 3, 20)"
375,5,interact,"(3, 2)","(-1, 0)",,"(1, 2)","(-1, 0)",dish,"(4, 1):soup('onion', 3, 20)","(3, 0):empty;(4, 1):soup('onion', 3, 20)",60.0,63.0,5,interact,-0.01080000000000001,0.0,0.0,-0.01080000000000001,60.0,63.0,False,"(3, 2)",,"(1, 2)",dish,"(4, 1):soup('onion', 3, 20)","(3, 0):empty;(4, 1):soup('onion', 3, 20)"
376,5,interact,"(3, 2)","(-1, 0)",,"(1, 2)","(-1, 0)",dish,"(4, 1):soup('onion', 3, 20)","(3, 0):empty;(4, 1):soup('onion', 3, 20)",60.0,63.0,5,interact,-0.01080000000000001,0.0,0.0,-0.01080000000000001,60.0,63.0,False,"(3, 2)",,"(1, 2)",dish,"(4, 1):soup('onion', 3, 20)","(3, 0):empty;(4, 1):soup('onion', 3, 20)"
377,5,interact,"(3, 2)","(-1, 0)",,"(1, 2)","(-1, 0)",dish,"(4, 1):soup('onion', 3, 20)","(3, 0):empty;(4, 1):soup('onion', 3, 20)",60.0,63.0,5,interact,-0.01080000000000001,0.0,0.0,-0.01080000000000001,60.0,63.0,False,"(3, 2)",,"(1, 2)",dish,"(4, 1):soup('onion', 3, 20)","(3, 0):empty;(4, 1):soup('onion', 3, 20)"
378,5,interact,"(3, 2)","(-1, 0)",,"(1, 2)","(-1, 0)",dish,"(4, 1):soup('onion', 3, 20)","(3, 0):empty;(4, 1):soup('onion', 3, 20)",60.0,63.0,5,interact,-0.01080000000000001,0.0,0.0,-0.01080000000000001,60.0,63.0,False,"(3, 2)",,"(1, 2)",dish,"(4, 1):soup('onion', 3, 20)","(3, 0):empty;(4, 1):soup('onion', 3, 20)"
379,5,interact,"(3, 2)","(-1, 0)",,"(1, 2)","(-1, 0)",dish,"(4, 1):soup('onion', 3, 20)","(3, 0):empty;(4, 1):soup('onion', 3, 20)",60.0,63.0,5,interact,-0.01080000000000001,0.0,0.0,-0.01080000000000001,60.0,63.0,False,"(3, 2)",,"(1, 2)",dish,"(4, 1):soup('onion', 3, 20)","(3, 0):empty;(4, 1):soup('onion', 3, 20)"
380,5,interact,"(3, 2)","(-1, 0)",,"(1, 2)","(-1, 0)",dish,"(4, 1):soup('onion', 3, 20)","(3, 0):empty;(4, 1):soup('onion', 3, 20)",60.0,63.0,5,interact,-0.01080000000000001,0.0,0.0,-0.01080000000000001,60.0,63.0,False,"(3, 2)",,"(1, 2)",dish,"(4, 1):soup('onion', 3, 20)","(3, 0):empty;(4, 1):soup('onion', 3, 20)"
381,5,interact,"(3, 2)","(-1, 0)",,"(1, 2)","(-1, 0)",dish,"(4, 1):soup('onion', 3, 20)","(3, 0):empty;(4, 1):soup('onion', 3, 20)",60.0,63.0,5,interact,-0.01080000000000001,0.0,0.0,-0.01080000000000001,60.0,63.0,False,"(3, 2)",,"(1, 2)",dish,"(4, 1):soup('onion', 3, 20)","(3, 0):empty;(4, 1):soup('onion', 3, 20)"
382,5,interact,"(3, 2)","(-1, 0)",,"(1, 2)","(-1, 0)",dish,"(4, 1):soup('onion', 3, 20)","(3, 0):empty;(4, 1):soup('onion', 3, 20)",60.0,63.0,5,interact,-0.01080000000000001,0.0,0.0,-0.01080000000000001,60.0,63.0,False,"(3, 2)",,"(1, 2)",dish,"(4, 1):soup('onion', 3, 20)","(3, 0):empty;(4, 1):soup('onion', 3, 20)"
383,5,interact,"(3, 2)","(-1, 0)",,"(1, 2)","(-1, 0)",dish,"(4, 1):soup('onion', 3, 20)","(3, 0):empty;(4, 1):soup('onion', 3, 20)",60.0,63.0,5,interact,-0.01080000000000001,0.0,0.0,-0.01080000000000001,60.0,63.0,False,"(3, 2)",,"(1, 2)",dish,"(4, 1):soup('onion', 3, 20)","(3, 0):empty;(4, 1):soup('onion', 3, 20)"
384,5,interact,"(3, 2)","(-1, 0)",,"(1, 2)","(-1, 0)",dish,"(4, 1):soup('onion', 3, 20)","(3, 0):empty;(4, 1):soup('onion', 3, 20)",60.0,63.0,5,interact,-0.01080000000000001,0.0,0.0,-0.01080000000000001,60.0,63.0,False,"(3, 2)",,"(1, 2)",dish,"(4, 1):soup('onion', 3, 20)","(3, 0):empty;(4, 1):soup('onion', 3, 20)"
385,5,interact,"(3, 2)","(-1, 0)",,"(1, 2)","(-1, 0)",dish,"(4, 1):soup('onion', 3, 20)","(3, 0):empty;(4, 1):soup('onion', 3, 20)",60.0,63.0,5,interact,-0.01080000000000001,0.0,0.0,-0.01080000000000001,60.0,63.0,False,"(3, 2)",,"(1, 2)",dish,"(4, 1):soup('onion', 3, 20)","(3, 0):empty;(4, 1):soup('onion', 3, 20)"
386,5,interact,"(3, 2)","(-1, 0)",,"(1, 2)","(-1, 0)",dish,"(4, 1):soup('onion', 3, 20)","(3, 0):empty;(4, 1):soup('onion', 3, 20)",60.0,63.0,5,interact,-0.01080000000000001,0.0,0.0,-0.01080000000000001,60.0,63.0,False,"(3, 2)",,"(1, 2)",dish,"(4, 1):soup('onion', 3, 20)","(3, 0):empty;(4, 1):soup('onion', 3, 20)"
387,5,interact,"(3, 2)","(-1, 0)",,"(1, 2)","(-1, 0)",dish,"(4, 1):soup('onion', 3, 20)","(3, 0):empty;(4, 1):soup('onion', 3, 20)",60.0,63.0,5,interact,-0.01080000000000001,0.0,0.0,-0.01080000000000001,60.0,63.0,False,"(3, 2)",,"(1, 2)",dish,"(4, 1):soup('onion', 3, 20)","(3, 0):empty;(4, 1):soup('onion', 3, 20)"
388,5,interact,"(3, 2)","(-1, 0)",,"(1, 2)","(-1, 0)",dish,"(4, 1):soup('onion', 3, 20)","(3, 0):empty;(4, 1):soup('onion', 3, 20)",60.0,63.0,5,interact,-0.01080000000000001,0.0,0.0,-0.01080000000000001,60.0,63.0,False,"(3, 2)",,"(1, 2)",dish,"(4, 1):soup('onion', 3, 20)","(3, 0):empty;(4, 1):soup('onion', 3, 20)"
389,5,interact,"(3, 2)","(-1, 0)",,"(1, 2)","(-1, 0)",dish,"(4, 1):soup('onion', 3, 20)","(3, 0):empty;(4, 1):soup('onion', 3, 20)",60.0,63.0,5,interact,-0.01080000000000001,0.0,0.0,-0.01080000000000001,60.0,63.0,False,"(3, 2)",,"(1, 2)",dish,"(4, 1):soup('onion', 3, 20)","(3, 0):empty;(4, 1):soup('onion', 3, 20)"
390,5,interact,"(3, 2)","(-1, 0)",,"(1, 2)","(-1, 0)",dish,"(4, 1):soup('onion', 3, 20)","(3, 0):empty;(4, 1):soup('onion', 3, 20)",60.0,63.0,5,interact,-0.01080000000000001,0.0,0.0,-0.01080000000000001,60.0,63.0,False,"(3, 2)",,"(1, 2)",dish,"(4, 1):soup('onion', 3, 20)","(3, 0):empty;(4, 1):soup('onion', 3, 20)"
391,5,interact,"(3, 2)","(-1, 0)",,"(1, 2)","(-1, 0)",dish,"(4, 1):soup('onion', 3, 20)","(3, 0):empty;(4, 1):soup('onion', 3, 20)",60.0,63.0,5,interact,-0.01080000000000001,0.0,0.0,-0.01080000000000001,60.0,63.0,False,"(3, 2)",,"(1, 2)",dish,"(4, 1):soup('onion', 3, 20)","(3, 0):empty;(4, 1):soup('onion', 3, 20)"
392,5,interact,"(3, 2)","(-1, 0)",,"(1, 2)","(-1, 0)",dish,"(4, 1):soup('onion', 3, 20)","(3, 0):empty;(4, 1):soup('onion', 3, 20)",60.0,63.0,5,interact,-0.01080000000000001,0.0,0.0,-0.01080000000000001,60.0,63.0,False,"(3, 2)",,"(1, 2)",dish,"(4, 1):soup('onion', 3, 20)","(3, 0):empty;(4, 1):soup('onion', 3, 20)"
393,5,interact,"(3, 2)","(-1, 0)",,"(1, 2)","(-1, 0)",dish,"(4, 1):soup('onion', 3, 20)","(3, 0):empty;(4, 1):soup('onion', 3, 20)",60.0,63.0,5,interact,-0.01080000000000001,0.0,0.0,-0.01080000000000001,60.0,63.0,False,"(3, 2)",,"(1, 2)",dish,"(4, 1):soup('onion', 3, 20)","(3, 0):empty;(4, 1):soup('onion', 3, 20)"
394,5,interact,"(3, 2)","(-1, 0)",,"(1, 2)","(-1, 0)",dish,"(4, 1):soup('onion', 3, 20)","(3, 0):empty;(4, 1):soup('onion', 3, 20)",60.0,63.0,5,interact,-0.01080000000000001,0.0,0.0,-0.01080000000000001,60.0,63.0,False,"(3, 2)",,"(1, 2)",dish,"(4, 1):soup('onion', 3, 20)","(3, 0):empty;(4, 1):soup('onion', 3, 20)"
395,5,interact,"(3, 2)","(-1, 0)",,"(1, 2)","(-1, 0)",dish,"(4, 1):soup('onion', 3, 20)","(3, 0):empty;(4, 1):soup('onion', 3, 20)",60.0,63.0,5,interact,-0.01080000000000001,0.0,0.0,-0.01080000000000001,60.0,63.0,False,"(3, 2)",,"(1, 2)",dish,"(4, 1):soup('onion', 3, 20)","(3, 0):empty;(4, 1):soup('onion', 3, 20)"
396,5,interact,"(3, 2)","(-1, 0)",,"(1, 2)","(-1, 0)",dish,"(4, 1):soup('onion', 3, 20)","(3, 0):empty;(4, 1):soup('onion', 3, 20)",60.0,63.0,5,interact,-0.01080000000000001,0.0,0.0,-0.01080000000000001,60.0,63.0,False,"(3, 2)",,"(1, 2)",dish,"(4, 1):soup('onion', 3, 20)","(3, 0):empty;(4, 1):soup('onion', 3, 20)"
397,5,interact,"(3, 2)","(-1, 0)",,"(1, 2)","(-1, 0)",dish,"(4, 1):soup('onion', 3, 20)","(3, 0):empty;(4, 1):soup('onion', 3, 20)",60.0,63.0,5,interact,-0.01080000000000001,0.0,0.0,-0.01080000000000001,60.0,63.0,False,"(3, 2)",,"(1, 2)",dish,"(4, 1):soup('onion', 3, 20)","(3, 0):empty;(4, 1):soup('onion', 3, 20)"
398,5,interact,"(3, 2)","(-1, 0)",,"(1, 2)","(-1, 0)",dish,"(4, 1):soup('onion', 3, 20)","(3, 0):empty;(4, 1):soup('onion', 3, 20)",60.0,63.0,5,interact,-0.01080000000000001,0.0,0.0,-0.01080000000000001,60.0,63.0,False,"(3, 2)",,"(1, 2)",dish,"(4, 1):soup('onion', 3, 20)","(3, 0):empty;(4, 1):soup('onion', 3, 20)"
399,5,interact,"(3, 2)","(-1, 0)",,"(1, 2)","(-1, 0)",dish,"(4, 1):soup('onion', 3, 20)","(3, 0):empty;(4, 1):soup('onion', 3, 20)",60.0,63.0,5,interact,-0.01080000000000001,0.0,0.0,-0.01080000000000001,60.0,63.0,False,"(3, 2)",,"(1, 2)",dish,"(4, 1):soup('onion', 3, 20)","(3, 0):empty;(4, 1):soup('onion', 3, 20)"
