step,ego_action_idx,ego_action,p0_pos,p0_orient,p0_held,p1_pos,p1_orient,p1_held,objects_before,pots_before,cum_sparse_before,cum_shaped_before,partner_action_idx,partner_action,reward,sparse_reward,built_in_shaped_reward,custom_shaped_reward,cum_sparse_after,cum_shaped_after,delivery_event,p0_pos_after,p0_held_after,p1_pos_after,p1_held_after,objects_after,pots_after
0,3,"(-1, 0)","(6, 2)","(0, -1)",,"(1, 3)","(0, -1)",,,"(4, 2):empty;(4, 3):empty",0.0,0.0,2,"(1, 0)",0.0,0.0,0.0,0.0,0.0,0.0,False,"(5, 2)",,"(2, 3)",,,"(4, 2):empty;(4, 3):empty"
1,0,"(0, -1)","(5, 2)","(-1, 0)",,"(2, 3)","(1, 0)",,,"(4, 2):empty;(4, 3):empty",0.0,0.0,4,"(0, 0)",0.0,0.0,0.0,0.0,0.0,0.0,False,"(5, 2)",,"(2, 3)",,,"(4, 2):empty;(4, 3):empty"
2,5,interact,"(5, 2)","(0, -1)",,"(2, 3)","(1, 0)",,,"(4, 2):empty;(4, 3):empty",0.0,0.0,2,"(1, 0)",0.0,0.0,0.0,0.0,0.0,0.0,False,"(5, 2)",onion,"(3, 3)",,,"(4, 2):empty;(4, 3):empty"
3,3,"(-1, 0)","(5, 2)","(0, -1)",onion,"(3, 3)","(1, 0)",,,"(4, 2):empty;(4, 3):empty",0.0,0.0,5,interact,0.0,0.0,0.0,0.0,0.0,0.0,False,"(5, 2)",onion,"(3, 3)",,,"(4, 2):empty;(4, 3):empty"
4,5,interact,"(5, 2)","(-1, 0)",onion,"(3, 3)","(1, 0)",,,"(4, 2):empty;(4, 3):empty",0.0,0.0,0,"(0, -1)",3.0,0.0,3.0,0.0,0.0,3.0,False,"(5, 2)",,"(3, 2)",,"(4, 2):soup('onion', 1, 0)","(4, 2):soup('onion', 1, 0);(4, 3):empty"
5,0,"(0, -1)","(5, 2)","(-1, 0)",,"(3, 2)","(0, -1)",,"(4, 2):soup('onion', 1, 0)","(4, 2):soup('onion', 1, 0);(4, 3):empty",0.0,3.0,1,"(0, 1)",0.0,0.0,0.0,0.0,0.0,3.0,False,"(5, 2)",,"(3, 3)",,"(4, 2):soup('onion', 1, 0)","(4, 2):soup('onion', 1, 0);(4, 3):empty"
6,5,interact,"(5, 2)","(0, -1)",,"(3, 3)","(0, 1)",,"(4, 2):soup('onion', 1, 0)","(4, 2):soup('onion', 1, 0);(4, 3):empty",0.0,3.0,5,interact,3.0,0.0,3.0,0.0,0.0,6.0,False,"(5, 2)",onion,"(3, 3)",dish,"(4, 2):soup('onion', 1, 0)","(4, 2):soup('onion', 1, 0);(4, 3):empty"
7,3,"(-1, 0)","(5, 2)","(0, -1)",onion,"(3, 3)","(0, 1)",dish,"(4, 2):soup('onion', 1, 0)","(4, 2):soup('onion', 1, 0);(4, 3):empty",0.0,6.0,2,"(1, 0)",0.0,0.0,0.0,0.0,0.0,6.0,False,"(5, 2)",onion,"(3, 3)",dish,"(4, 2):soup('onion', 1, 0)","(4, 2):soup('onion', 1, 0);(4, 3):empty"
8,5,interact,"(5, 2)","(-1, 0)",onion,"(3, 3)","(1, 0)",dish,"(4, 2):soup('onion', 1, 0)","(4, 2):soup('onion', 1, 0);(4, 3):empty",0.0,6.0,5,interact,3.0,0.0,3.0,0.0,0.0,9.0,False,"(5, 2)",,"(3, 3)",dish,"(4, 2):soup('onion', 2, 0)","(4, 2):soup('onion', 2, 0);(4, 3):empty"
9,0,"(0, -1)","(5, 2)","(-1, 0)",,"(3, 3)","(1, 0)",dish,"(4, 2):soup('onion', 2, 0)","(4, 2):soup('onion', 2, 0);(4, 3):empty",0.0,9.0,5,interact,0.0,0.0,0.0,0.0,0.0,9.0,False,"(5, 2)",,"(3, 3)",dish,"(4, 2):soup('onion', 2, 0)","(4, 2):soup('onion', 2, 0);(4, 3):empty"
10,5,interact,"(5, 2)","(0, -1)",,"(3, 3)","(1, 0)",dish,"(4, 2):soup('onion', 2, 0)","(4, 2):soup('onion', 2, 0);(4, 3):empty",0.0,9.0,5,interact,0.0,0.0,0.0,0.0,0.0,9.0,False,"(5, 2)",onion,"(3, 3)",dish,"(4, 2):soup('onion', 2, 0)","(4, 2):soup('onion', 2, 0);(4, 3):empty"
11,3,"(-1, 0)","(5, 2)","(0, -1)",onion,"(3, 3)","(1, 0)",dish,"(4, 2):soup('onion', 2, 0)","(4, 2):soup('onion', 2, 0);(4, 3):empty",0.0,9.0,5,interact,0.0,0.0,0.0,0.0,0.0,9.0,False,"(5, 2)",onion,"(3, 3)",dish,"(4, 2):soup('onion', 2, 0)","(4, 2):soup('onion', 2, 0);(4, 3):empty"
12,5,interact,"(5, 2)","(-1, 0)",onion,"(3, 3)","(1, 0)",dish,"(4, 2):soup('onion', 2, 0)","(4, 2):soup('onion', 2, 0);(4, 3):empty",0.0,9.0,5,interact,3.0,0.0,3.0,0.0,0.0,12.0,False,"(5, 2)",,"(3, 3)",dish,"(4, 2):soup('onion', 3, 1)","(4, 2):soup('onion', 3, 1);(4, 3):empty"
13,0,"(0, -1)","(5, 2)","(-1, 0)",,"(3, 3)","(1, 0)",dish,"(4, 2):soup('onion', 3, 1)","(4, 2):soup('onion', 3, 1);(4, 3):empty",0.0,12.0,4,"(0, 0)",0.0,0.0,0.0,0.0,0.0,12.0,False,"(5, 2)",,"(3, 3)",dish,"(4, 2):soup('onion', 3, 2)","(4, 2):soup('onion', 3, 2);(4, 3):empty"
14,5,interact,"(5, 2)","(0, -1)",,"(3, 3)","(1, 0)",dish,"(4, 2):soup('onion', 3, 2)","(4, 2):soup('onion', 3, 2);(4, 3):empty",0.0,12.0,5,interact,0.0,0.0,0.0,0.0,0.0,12.0,False,"(5, 2)",onion,"(3, 3)",dish,"(4, 2):soup('onion', 3, 3)","(4, 2):soup('onion', 3, 3);(4, 3):empty"
15,3,"(-1, 0)","(5, 2)","(0, -1)",onion,"(3, 3)","(1, 0)",dish,"(4, 2):soup('onion', 3, 3)","(4, 2):soup('onion', 3, 3);(4, 3):empty",0.0,12.0,5,interact,0.0,0.0,0.0,0.0,0.0,12.0,False,"(5, 2)",onion,"(3, 3)",dish,"(4, 2):soup('onion', 3, 4)","(4, 2):soup('onion', 3, 4);(4, 3):empty"
16,5,interact,"(5, 2)","(-1, 0)",onion,"(3, 3)","(1, 0)",dish,"(4, 2):soup('onion', 3, 4)","(4, 2):soup('onion', 3, 4);(4, 3):empty",0.0,12.0,5,interact,0.0,0.0,0.0,0.0,0.0,12.0,False,"(5, 2)",onion,"(3, 3)",dish,"(4, 2):soup('onion', 3, 5)","(4, 2):soup('onion', 3, 5);(4, 3):empty"
17,5,interact,"(5, 2)","(-1, 0)",onion,"(3, 3)","(1, 0)",dish,"(4, 2):soup('onion', 3, 5)","(4, 2):soup('onion', 3, 5);(4, 3):empty",0.0,12.0,5,interact,0.0,0.0,0.0,0.0,0.0,12.0,False,"(5, 2)",onion,"(3, 3)",dish,"(4, 2):soup('onion', 3, 6)","(4, 2):soup('onion', 3, 6);(4, 3):empty"
18,5,interact,"(5, 2)","(-1, 0)",onion,"(3, 3)","(1, 0)",dish,"(4, 2):soup('onion', 3, 6)","(4, 2):soup('onion', 3, 6);(4, 3):empty",0.0,12.0,5,interact,0.0,0.0,0.0,0.0,0.0,12.0,False,"(5, 2)",onion,"(3, 3)",dish,"(4, 2):soup('onion', 3, 7)","(4, 2):soup('onion', 3, 7);(4, 3):empty"
19,5,interact,"(5, 2)","(-1, 0)",onion,"(3, 3)","(1, 0)",dish,"(4, 2):soup('onion', 3, 7)","(4, 2):soup('onion', 3, 7);(4, 3):empty",0.0,12.0,5,interact,0.0,0.0,0.0,0.0,0.0,12.0,False,"(5, 2)",onion,"(3, 3)",dish,"(4, 2):soup('onion', 3, 8)","(4, 2):soup('onion', 3, 8);(4, 3):empty"
20,5,interact,"(5, 2)","(-1, 0)",onion,"(3, 3)","(1, 0)",dish,"(4, 2):soup('onion', 3, 8)","(4, 2):soup('onion', 3, 8);(4, 3):empty",0.0,12.0,5,interact,0.0,0.0,0.0,0.0,0.0,12.0,False,"(5, 2)",onion,"(3, 3)",dish,"(4, 2):soup('onion', 3, 9)","(4, 2):soup('onion', 3, 9);(4, 3):empty"
21,5,interact,"(5, 2)","(-1, 0)",onion,"(3, 3)","(1, 0)",dish,"(4, 2):soup('onion', 3, 9)","(4, 2):soup('onion', 3, 9);(4, 3):empty",0.0,12.0,5,interact,0.0,0.0,0.0,0.0,0.0,12.0,False,"(5, 2)",onion,"(3, 3)",dish,"(4, 2):soup('onion', 3, 10)","(4, 2):soup('onion', 3, 10);(4, 3):empty"
22,5,interact,"(5, 2)","(-1, 0)",onion,"(3, 3)","(1, 0)",dish,"(4, 2):soup('onion', 3, 10)","(4, 2):soup('onion', 3, 10);(4, 3):empty",0.0,12.0,5,interact,0.0,0.0,0.0,0.0,0.0,12.0,False,"(5, 2)",onion,"(3, 3)",dish,"(4, 2):soup('onion', 3, 11)","(4, 2):soup('onion', 3, 11);(4, 3):empty"
23,5,interact,"(5, 2)","(-1, 0)",onion,"(3, 3)","(1, 0)",dish,"(4, 2):soup('onion', 3, 11)","(4, 2):soup('onion', 3, 11);(4, 3):empty",0.0,12.0,5,interact,0.0,0.0,0.0,0.0,0.0,12.0,False,"(5, 2)",onion,"(3, 3)",dish,"(4, 2):soup('onion', 3, 12)","(4, 2):soup('onion', 3, 12);(4, 3):empty"
24,5,interact,"(5, 2)","(-1, 0)",onion,"(3, 3)","(1, 0)",dish,"(4, 2):soup('onion', 3, 12)","(4, 2):soup('onion', 3, 12);(4, 3):empty",0.0,12.0,5,interact,0.0,0.0,0.0,0.0,0.0,12.0,False,"(5, 2)",onion,"(3, 3)",dish,"(4, 2):soup('onion', 3, 13)","(4, 2):soup('onion', 3, 13);(4, 3):empty"
25,5,interact,"(5, 2)","(-1, 0)",onion,"(3, 3)","(1, 0)",dish,"(4, 2):soup('onion', 3, 13)","(4, 2):soup('onion', 3, 13);(4, 3):empty",0.0,12.0,5,interact,0.0,0.0,0.0,0.0,0.0,12.0,False,"(5, 2)",onion,"(3, 3)",dish,"(4, 2):soup('onion', 3, 14)","(4, 2):soup('onion', 3, 14);(4, 3):empty"
26,5,interact,"(5, 2)","(-1, 0)",onion,"(3, 3)","(1, 0)",dish,"(4, 2):soup('onion', 3, 14)","(4, 2):soup('onion', 3, 14);(4, 3):empty",0.0,12.0,5,interact,0.0,0.0,0.0,0.0,0.0,12.0,False,"(5, 2)",onion,"(3, 3)",dish,"(4, 2):soup('onion', 3, 15)","(4, 2):soup('onion', 3, 15);(4, 3):empty"
27,5,interact,"(5, 2)","(-1, 0)",onion,"(3, 3)","(1, 0)",dish,"(4, 2):soup('onion', 3, 15)","(4, 2):soup('onion', 3, 15);(4, 3):empty",0.0,12.0,5,interact,0.0,0.0,0.0,0.0,0.0,12.0,False,"(5, 2)",onion,"(3, 3)",dish,"(4, 2):soup('onion', 3, 16)","(4, 2):soup('onion', 3, 16);(4, 3):empty"
28,5,interact,"(5, 2)","(-1, 0)",onion,"(3, 3)","(1, 0)",dish,"(4, 2):soup('onion', 3, 16)","(4, 2):soup('onion', 3, 16);(4, 3):empty",0.0,12.0,5,interact,0.0,0.0,0.0,0.0,0.0,12.0,False,"(5, 2)",onion,"(3, 3)",dish,"(4, 2):soup('onion', 3, 17)","(4, 2):soup('onion', 3, 17);(4, 3):empty"
29,5,interact,"(5, 2)","(-1, 0)",onion,"(3, 3)","(1, 0)",dish,"(4, 2):soup('onion', 3, 17)","(4, 2):soup('onion', 3, 17);(4, 3):empty",0.0,12.0,5,interact,0.0,0.0,0.0,0.0,0.0,12.0,False,"(5, 2)",onion,"(3, 3)",dish,"(4, 2):soup('onion', 3, 18)","(4, 2):soup('onion', 3, 18);(4, 3):empty"
30,5,interact,"(5, 2)","(-1, 0)",onion,"(3, 3)","(1, 0)",dish,"(4, 2):soup('onion', 3, 18)","(4, 2):soup('onion', 3, 18);(4, 3):empty",0.0,12.0,5,interact,0.0,0.0,0.0,0.0,0.0,12.0,False,"(5, 2)",onion,"(3, 3)",dish,"(4, 2):soup('onion', 3, 19)","(4, 2):soup('onion', 3, 19);(4, 3):empty"
31,5,interact,"(5, 2)","(-1, 0)",onion,"(3, 3)","(1, 0)",dish,"(4, 2):soup('onion', 3, 19)","(4, 2):soup('onion', 3, 19);(4, 3):empty",0.0,12.0,5,interact,0.0,0.0,0.0,0.0,0.0,12.0,False,"(5, 2)",onion,"(3, 3)",dish,"(4, 2):soup('onion', 3, 20)","(4, 2):soup('onion', 3, 20);(4, 3):empty"
32,5,interact,"(5, 2)","(-1, 0)",onion,"(3, 3)","(1, 0)",dish,"(4, 2):soup('onion', 3, 20)","(4, 2):soup('onion', 3, 20);(4, 3):empty",0.0,12.0,0,"(0, -1)",0.0,0.0,0.0,0.0,0.0,12.0,False,"(5, 2)",onion,"(3, 2)",dish,"(4, 2):soup('onion', 3, 20)","(4, 2):soup('onion', 3, 20);(4, 3):empty"
33,5,interact,"(5, 2)","(-1, 0)",onion,"(3, 2)","(0, -1)",dish,"(4, 2):soup('onion', 3, 20)","(4, 2):soup('onion', 3, 20);(4, 3):empty",0.0,12.0,5,interact,0.0,0.0,0.0,0.0,0.0,12.0,False,"(5, 2)",onion,"(3, 2)",dish,"(4, 2):soup('onion', 3, 20)","(4, 2):soup('onion', 3, 20);(4, 3):empty"
34,5,interact,"(5, 2)","(-1, 0)",onion,"(3, 2)","(0, -1)",dish,"(4, 2):soup('onion', 3, 20)","(4, 2):soup('onion', 3, 20);(4, 3):empty",0.0,12.0,5,interact,0.0,0.0,0.0,0.0,0.0,12.0,False,"(5, 2)",onion,"(3, 2)",dish,"(4, 2):soup('onion', 3, 20)","(4, 2):soup('onion', 3, 20);(4, 3):empty"
35,5,interact,"(5, 2)","(-1, 0)",onion,"(3, 2)","(0, -1)",dish,"(4, 2):soup('onion', 3, 20)","(4, 2):soup('onion', 3, 20);(4, 3):empty",0.0,12.0,5,interact,0.0,0.0,0.0,0.0,0.0,12.0,False,"(5, 2)",onion,"(3, 2)",dish,"(4, 2):soup('onion', 3, 20)","(4, 2):soup('onion', 3, 20);(4, 3):empty"
36,5,interact,"(5, 2)","(-1, 0)",onion,"(3, 2)","(0, -1)",dish,"(4, 2):soup('onion', 3, 20)","(4, 2):soup('onion', 3, 20);(4, 3):empty",0.0,12.0,5,interact,0.0,0.0,0.0,0.0,0.0,12.0,False,"(5, 2)",onion,"(3, 2)",dish,"(4, 2):soup('onion', 3, 20)","(4, 2):soup('onion', 3, 20);(4, 3):empty"
37,5,interact,"(5, 2)","(-1, 0)",onion,"(3, 2)","(0, -1)",dish,"(4, 2):soup('onion', 3, 20)","(4, 2):soup('onion', 3, 20);(4, 3):empty",0.0,12.0,5,interact,0.0,0.0,0.0,0.0,0.0,12.0,False,"(5, 2)",onion,"(3, 2)",dish,"(4, 2):soup('onion', 3, 20)","(4, 2):soup('onion', 3, 20);(4, 3):empty"
38,5,interact,"(5, 2)","(-1, 0)",onion,"(3, 2)","(0, -1)",dish,"(4, 2):soup('onion', 3, 20)","(4, 2):soup('onion', 3, 20);(4, 3):empty",0.0,12.0,5,interact,0.0,0.0,0.0,0.0,0.0,12.0,False,"(5, 2)",onion,"(3, 2)",dish,"(4, 2):soup('onion', 3, 20)","(4, 2):soup('onion', 3, 20);(4, 3):empty"
39,5,interact,"(5, 2)","(-1, 0)",onion,"(3, 2)","(0, -1)",dish,"(4, 2):soup('onion', 3, 20)","(4, 2):soup('onion', 3, 20);(4, 3):empty",0.0,12.0,5,interact,0.0,0.0,0.0,0.0,0.0,12.0,False,"(5, 2)",onion,"(3, 2)",dish,"(4, 2):soup('onion', 3, 20)","(4, 2):soup('onion', 3, 20);(4, 3):empty"
40,5,interact,"(5, 2)","(-1, 0)",onion,"(3, 2)","(0, -1)",dish,"(4, 2):soup('onion', 3, 20)","(4, 2):soup('onion', 3, 20);(4, 3):empty",0.0,12.0,5,interact,0.0,0.0,0.0,0.0,0.0,12.0,False,"(5, 2)",onion,"(3, 2)",dish,"(4, 2):soup('onion', 3, 20)","(4, 2):soup('onion', 3, 20);(4, 3):empty"
41,5,interact,"(5, 2)","(-1, 0)",onion,"(3, 2)","(0, -1)",dish,"(4, 2):soup('onion', 3, 20)","(4, 2):soup('onion', 3, 20);(4, 3):empty",0.0,12.0,5,interact,0.0,0.0,0.0,0.0,0.0,12.0,False,"(5, 2)",onion,"(3, 2)",dish,"(4, 2):soup('onion', 3, 20)","(4, 2):soup('onion', 3, 20);(4, 3):empty"
42,5,interact,"(5, 2)","(-1, 0)",onion,"(3, 2)","(0, -1)",dish,"(4, 2):soup('onion', 3, 20)","(4, 2):soup('onion', 3, 20);(4, 3):empty",0.0,12.0,5,interact,0.0,0.0,0.0,0.0,0.0,12.0,False,"(5, 2)",onion,"(3, 2)",dish,"(4, 2):soup('onion', 3, 20)","(4, 2):soup('onion', 3, 20);(4, 3):empty"
43,5,interact,"(5, 2)","(-1, 0)",onion,"(3, 2)","(0, -1)",dish,"(4, 2):soup('onion', 3, 20)","(4, 2):soup('onion', 3, 20);(4, 3):empty",0.0,12.0,5,interact,0.0,0.0,0.0,0.0,0.0,12.0,False,"(5, 2)",onion,"(3, 2)",dish,"(4, 2):soup('onion', 3, 20)","(4, 2):soup('onion', 3, 20);(4, 3):empty"
44,5,interact,"(5, 2)","(-1, 0)",onion,"(3, 2)","(0, -1)",dish,"(4, 2):soup('onion', 3, 20)","(4, 2):soup('onion', 3, 20);(4, 3):empty",0.0,12.0,5,interact,0.0,0.0,0.0,0.0,0.0,12.0,False,"(5, 2)",onion,"(3, 2)",dish,"(4, 2):soup('onion', 3, 20)","(4, 2):soup('onion', 3, 20);(4, 3):empty"
45,5,interact,"(5, 2)","(-1, 0)",onion,"(3, 2)","(0, -1)",dish,"(4, 2):soup('onion', 3, 20)","(4, 2):soup('onion', 3, 20);(4, 3):empty",0.0,12.0,5,interact,0.0,0.0,0.0,0.0,0.0,12.0,False,"(5, 2)",onion,"(3, 2)",dish,"(4, 2):soup('onion', 3, 20)","(4, 2):soup('onion', 3, 20);(4, 3):empty"
46,5,interact,"(5, 2)","(-1, 0)",onion,"(3, 2)","(0, -1)",dish,"(4, 2):soup('onion', 3, 20)","(4, 2):soup('onion', 3, 20);(4, 3):empty",0.0,12.0,5,interact,0.0,0.0,0.0,0.0,0.0,12.0,False,"(5, 2)",onion,"(3, 2)",dish,"(4, 2):soup('onion', 3, 20)","(4, 2):soup('onion', 3, 20);(4, 3):empty"
47,5,interact,"(5, 2)","(-1, 0)",onion,"(3, 2)","(0, -1)",dish,"(4, 2):soup('onion', 3, 20)","(4, 2):soup('onion', 3, 20);(4, 3):empty",0.0,12.0,5,interact,0.0,0.0,0.0,0.0,0.0,12.0,False,"(5, 2)",onion,"(3, 2)",dish,"(4, 2):soup('onion', 3, 20)","(4, 2):soup('onion', 3, 20);(4, 3):empty"
48,5,interact,"(5, 2)","(-1, 0)",onion,"(3, 2)","(0, -1)",dish,"(4, 2):soup('onion', 3, 20)","(4, 2):soup('onion', 3, 20);(4, 3):empty",0.0,12.0,5,interact,0.0,0.0,0.0,0.0,0.0,12.0,False,"(5, 2)",onion,"(3, 2)",dish,"(4, 2):soup('onion', 3, 20)","(4, 2):soup('onion', 3, 20);(4, 3):empty"
49,5,interact,"(5, 2)","(-1, 0)",onion,"(3, 2)","(0, -1)",dish,"(4, 2):soup('onion', 3, 20)","(4, 2):soup('onion', 3, 20);(4, 3):empty",0.0,12.0,5,interact,0.0,0.0,0.0,0.0,0.0,12.0,False,"(5, 2)",onion,"(3, 2)",dish,"(4, 2):soup('onion', 3, 20)","(4, 2):soup('onion', 3, 20);(4, 3):empty"
50,5,interact,"(5, 2)","(-1, 0)",onion,"(3, 2)","(0, -1)",dish,"(4, 2):soup('onion', 3, 20)","(4, 2):soup('onion', 3, 20);(4, 3):empty",0.0,12.0,5,interact,0.0,0.0,0.0,0.0,0.0,12.0,False,"(5, 2)",onion,"(3, 2)",dish,"(4, 2):soup('onion', 3, 20)","(4, 2):soup('onion', 3, 20);(4, 3):empty"
51,5,interact,"(5, 2)","(-1, 0)",onion,"(3, 2)","(0, -1)",dish,"(4, 2):soup('onion', 3, 20)","(4, 2):soup('onion', 3, 20);(4, 3):empty",0.0,12.0,5,interact,0.0,0.0,0.0,0.0,0.0,12.0,False,"(5, 2)",onion,"(3, 2)",dish,"(4, 2):soup('onion', 3, 20)","(4, 2):soup('onion', 3, 20);(4, 3):empty"
52,5,interact,"(5, 2)","(-1, 0)",onion,"(3, 2)","(0, -1)",dish,"(4, 2):soup('onion', 3, 20)","(4, 2):soup('onion', 3, 20);(4, 3):empty",0.0,12.0,5,interact,0.0,0.0,0.0,0.0,0.0,12.0,False,"(5, 2)",onion,"(3, 2)",dish,"(4, 2):soup('onion', 3, 20)","(4, 2):soup('onion', 3, 20);(4, 3):empty"
53,5,interact,"(5, 2)","(-1, 0)",onion,"(3, 2)","(0, -1)",dish,"(4, 2):soup('onion', 3, 20)","(4, 2):soup('onion', 3, 20);(4, 3):empty",0.0,12.0,5,interact,0.0,0.0,0.0,0.0,0.0,12.0,False,"(5, 2)",onion,"(3, 2)",dish,"(4, 2):soup('onion', 3, 20)","(4, 2):soup('onion', 3, 20);(4, 3):empty"
54,5,interact,"(5, 2)","(-1, 0)",onion,"(3, 2)","(0, -1)",dish,"(4, 2):soup('onion', 3, 20)","(4, 2):soup('onion', 3, 20);(4, 3):empty",0.0,12.0,5,interact,0.0,0.0,0.0,0.0,0.0,12.0,False,"(5, 2)",onion,"(3, 2)",dish,"(4, 2):soup('onion', 3, 20)","(4, 2):soup('onion', 3, 20);(4, 3):empty"
55,5,interact,"(5, 2)","(-1, 0)",onion,"(3, 2)","(0, -1)",dish,"(4, 2):soup('onion', 3, 20)","(4, 2):soup('onion', 3, 20);(4, 3):empty",0.0,12.0,5,interact,0.0,0.0,0.0,0.0,0.0,12.0,False,"(5, 2)",onion,"(3, 2)",dish,"(4, 2):soup('onion', 3, 20)","(4, 2):soup('onion', 3, 20);(4, 3):empty"
56,5,interact,"(5, 2)","(-1, 0)",onion,"(3, 2)","(0, -1)",dish,"(4, 2):soup('onion', 3, 20)","(4, 2):soup('onion', 3, 20);(4, 3):empty",0.0,12.0,5,interact,0.0,0.0,0.0,0.0,0.0,12.0,False,"(5, 2)",onion,"(3, 2)",dish,"(4, 2):soup('onion', 3, 20)","(4, 2):soup('onion', 3, 20);(4, 3):empty"
57,5,interact,"(5, 2)","(-1, 0)",onion,"(3, 2)","(0, -1)",dish,"(4, 2):soup('onion', 3, 20)","(4, 2):soup('onion', 3, 20);(4, 3):empty",0.0,12.0,5,interact,0.0,0.0,0.0,0.0,0.0,12.0,False,"(5, 2)",onion,"(3, 2)",dish,"(4, 2):soup('onion', 3, 20)","(4, 2):soup('onion', 3, 20);(4, 3):empty"
58,5,interact,"(5, 2)","(-1, 0)",onion,"(3, 2)","(0, -1)",dish,"(4, 2):soup('onion', 3, 20)","(4, 2):soup('onion', 3, 20);(4, 3):empty",0.0,12.0,5,interact,0.0,0.0,0.0,0.0,0.0,12.0,False,"(5, 2)",onion,"(3, 2)",dish,"(4, 2):soup('onion', 3, 20)","(4, 2):soup('onion', 3, 20);(4, 3):empty"
59,5,interact,"(5, 2)","(-1, 0)",onion,"(3, 2)","(0, -1)",dish,"(4, 2):soup('onion', 3, 20)","(4, 2):soup('onion', 3, 20);(4, 3):empty",0.0,12.0,5,interact,0.0,0.0,0.0,0.0,0.0,12.0,False,"(5, 2)",onion,"(3, 2)",dish,"(4, 2):soup('onion', 3, 20)","(4, 2):soup('onion', 3, 20);(4, 3):empty"
60,5,interact,"(5, 2)","(-1, 0)",onion,"(3, 2)","(0, -1)",dish,"(4, 2):soup('onion', 3, 20)","(4, 2):soup('onion', 3, 20);(4, 3):empty",0.0,12.0,5,interact,0.0,0.0,0.0,0.0,0.0,12.0,False,"(5, 2)",onion,"(3, 2)",dish,"(4, 2):soup('onion', 3, 20)","(4, 2):soup('onion', 3, 20);(4, 3):empty"
61,5,interact,"(5, 2)","(-1, 0)",onion,"(3, 2)","(0, -1)",dish,"(4, 2):soup('onion', 3, 20)","(4, 2):soup('onion', 3, 20);(4, 3):empty",0.0,12.0,5,interact,0.0,0.0,0.0,0.0,0.0,12.0,False,"(5, 2)",onion,"(3, 2)",dish,"(4, 2):soup('onion', 3, 20)","(4, 2):soup('onion', 3, 20);(4, 3):empty"
62,5,interact,"(5, 2)","(-1, 0)",onion,"(3, 2)","(0, -1)",dish,"(4, 2):soup('onion', 3, 20)","(4, 2):soup('onion', 3, 20);(4, 3):empty",0.0,12.0,5,interact,0.0,0.0,0.0,0.0,0.0,12.0,False,"(5, 2)",onion,"(3, 2)",dish,"(4, 2):soup('onion', 3, 20)","(4, 2):soup('onion', 3, 20);(4, 3):empty"
63,5,interact,"(5, 2)","(-1, 0)",onion,"(3, 2)","(0, -1)",dish,"(4, 2):soup('onion', 3, 20)","(4, 2):soup('onion', 3, 20);(4, 3):empty",0.0,12.0,5,interact,0.0,0.0,0.0,0.0,0.0,12.0,False,"(5, 2)",onion,"(3, 2)",dish,"(4, 2):soup('onion', 3, 20)","(4, 2):soup('onion', 3, 20);(4, 3):empty"
64,5,interact,"(5, 2)","(-1, 0)",onion,"(3, 2)","(0, -1)",dish,"(4, 2):soup('onion', 3, 20)","(4, 2):soup('onion', 3, 20);(4, 3):empty",0.0,12.0,5,interact,0.0,0.0,0.0,0.0,0.0,12.0,False,"(5, 2)",onion,"(3, 2)",dish,"(4, 2):soup('onion', 3, 20)","(4, 2):soup('onion', 3, 20);(4, 3):empty"
65,5,interact,"(5, 2)","(-1, 0)",onion,"(3, 2)","(0, -1)",dish,"(4, 2):soup('onion', 3, 20)","(4, 2):soup('onion', 3, 20);(4, 3):empty",0.0,12.0,5,interact,0.0,0.0,0.0,0.0,0.0,12.0,False,"(5, 2)",onion,"(3, 2)",dish,"(4, 2):soup('onion', 3, 20)","(4, 2):soup('onion', 3, 20);(4, 3):empty"
66,5,interact,"(5, 2)","(-1, 0)",onion,"(3, 2)","(0, -1)",dish,"(4, 2):soup('onion', 3, 20)","(4, 2):soup('onion', 3, 20);(4, 3):empty",0.0,12.0,5,interact,0.0,0.0,0.0,0.0,0.0,12.0,False,"(5, 2)",onion,"(3, 2)",dish,"(4, 2):soup('onion', 3, 20)","(4, 2):soup('onion', 3, 20);(4, 3):empty"
67,5,interact,"(5, 2)","(-1, 0)",onion,"(3, 2)","(0, -1)",dish,"(4, 2):soup('onion', 3, 20)","(4, 2):soup('onion', 3, 20);(4, 3):empty",0.0,12.0,5,interact,0.0,0.0,0.0,0.0,0.0,12.0,False,"(5, 2)",onion,"(3, 2)",dish,"(4, 2):soup('onion', 3, 20)","(4, 2):soup('onion', 3, 20);(4, 3):empty"
68,5,interact,"(5, 2)","(-1, 0)",onion,"(3, 2)","(0, -1)",dish,"(4, 2):soup('onion', 3, 20)","(4, 2):soup('onion', 3, 20);(4, 3):empty",0.0,12.0,5,interact,0.0,0.0,0.0,0.0,0.0,12.0,False,"(5, 2)",onion,"(3, 2)",dish,"(4, 2):soup('onion', 3, 20)","(4, 2):soup('onion', 3, 20);(4, 3):empty"
69,5,interact,"(5, 2)","(-1, 0)",onion,"(3, 2)","(0, -1)",dish,"(4, 2):soup('onion', 3, 20)","(4, 2):soup('onion', 3, 20);(4, 3):empty",0.0,12.0,5,interact,0.0,0.0,0.0,0.0,0.0,12.0,False,"(5, 2)",onion,"(3, 2)",dish,"(4, 2):soup('onion', 3, 20)","(4, 2):soup('onion', 3, 20);(4, 3):empty"
70,5,interact,"(5, 2)","(-1, 0)",onion,"(3, 2)","(0, -1)",dish,"(4, 2):soup('onion', 3, 20)","(4, 2):soup('onion', 3, 20);(4, 3):empty",0.0,12.0,5,interact,0.0,0.0,0.0,0.0,0.0,12.0,False,"(5, 2)",onion,"(3, 2)",dish,"(4, 2):soup('onion', 3, 20)","(4, 2):soup('onion', 3, 20);(4, 3):empty"
71,5,interact,"(5, 2)","(-1, 0)",onion,"(3, 2)","(0, -1)",dish,"(4, 2):soup('onion', 3, 20)","(4, 2):soup('onion', 3, 20);(4, 3):empty",0.0,12.0,5,interact,0.0,0.0,0.0,0.0,0.0,12.0,False,"(5, 2)",onion,"(3, 2)",dish,"(4, 2):soup('onion', 3, 20)","(4, 2):soup('onion', 3, 20);(4, 3):empty"
72,5,interact,"(5, 2)","(-1, 0)",onion,"(3, 2)","(0, -1)",dish,"(4, 2):soup('onion', 3, 20)","(4, 2):soup('onion', 3, 20);(4, 3):empty",0.0,12.0,5,interact,0.0,0.0,0.0,0.0,0.0,12.0,False,"(5, 2)",onion,"(3, 2)",dish,"(4, 2):soup('onion', 3, 20)","(4, 2):soup('onion', 3, 20);(4, 3):empty"
73,5,interact,"(5, 2)","(-1, 0)",onion,"(3, 2)","(0, -1)",dish,"(4, 2):soup('onion', 3, 20)","(4, 2):soup('onion', 3, 20);(4, 3):empty",0.0,12.0,5,interact,0.0,0.0,0.0,0.0,0.0,12.0,False,"(5, 2)",onion,"(3, 2)",dish,"(4, 2):soup('onion', 3, 20)","(4, 2):soup('onion', 3, 20);(4, 3):empty"
74,5,interact,"(5, 2)","(-1, 0)",onion,"(3, 2)","(0, -1)",dish,"(4, 2):soup('onion', 3, 20)","(4, 2):soup('onion', 3, 20);(4, 3):empty",0.0,12.0,5,interact,0.0,0.0,0.0,0.0,0.0,12.0,False,"(5, 2)",onion,"(3, 2)",dish,"(4, 2):soup('onion', 3, 20)","(4, 2):soup('onion', 3, 20);(4, 3):empty"
75,5,interact,"(5, 2)","(-1, 0)",onion,"(3, 2)","(0, -1)",dish,"(4, 2):soup('onion', 3, 20)","(4, 2):soup('onion', 3, 20);(4, 3):empty",0.0,12.0,5,interact,0.0,0.0,0.0,0.0,0.0,12.0,False,"(5, 2)",onion,"(3, 2)",dish,"(4, 2):soup('onion', 3, 20)","(4, 2):soup('onion', 3, 20);(4, 3):empty"
76,5,interact,"(5, 2)","(-1, 0)",onion,"(3, 2)","(0, -1)",dish,"(4, 2):soup('onion', 3, 20)","(4, 2):soup('onion', 3, 20);(4, 3):empty",0.0,12.0,5,interact,0.0,0.0,0.0,0.0,0.0,12.0,False,"(5, 2)",onion,"(3, 2)",dish,"(4, 2):soup('onion', 3, 20)","(4, 2):soup('onion', 3, 20);(4, 3):empty"
77,5,interact,"(5, 2)","(-1, 0)",onion,"(3, 2)","(0, -1)",dish,"(4, 2):soup('onion', 3, 20)","(4, 2):soup('onion', 3, 20);(4, 3):empty",0.0,12.0,5,interact,0.0,0.0,0.0,0.0,0.0,12.0,False,"(5, 2)",onion,"(3, 2)",dish,"(4, 2):soup('onion', 3, 20)","(4, 2):soup('onion', 3, 20);(4, 3):empty"
78,5,interact,"(5, 2)","(-1, 0)",onion,"(3, 2)","(0, -1)",dish,"(4, 2):soup('onion', 3, 20)","(4, 2):soup('onion', 3, 20);(4, 3):empty",0.0,12.0,5,interact,0.0,0.0,0.0,0.0,0.0,12.0,False,"(5, 2)",onion,"(3, 2)",dish,"(4, 2):soup('onion', 3, 20)","(4, 2):soup('onion', 3, 20);(4, 3):empty"
79,5,interact,"(5, 2)","(-1, 0)",onion,"(3, 2)","(0, -1)",dish,"(4, 2):soup('onion', 3, 20)","(4, 2):soup('onion', 3, 20);(4, 3):empty",0.0,12.0,5,interact,0.0,0.0,0.0,0.0,0.0,12.0,False,"(5, 2)",onion,"(3, 2)",dish,"(4, 2):soup('onion', 3, 20)","(4, 2):soup('onion', 3, 20);(4, 3):empty"
80,5,interact,"(5, 2)","(-1, 0)",onion,"(3, 2)","(0, -1)",dish,"(4, 2):soup('onion', 3, 20)","(4, 2):soup('onion', 3, 20);(4, 3):empty",0.0,12.0,5,interact,0.0,0.0,0.0,0.0,0.0,12.0,False,"(5, 2)",onion,"(3, 2)",dish,"(4, 2):soup('onion', 3, 20)","(4, 2):soup('onion', 3, 20);(4, 3):empty"
81,5,interact,"(5, 2)","(-1, 0)",onion,"(3, 2)","(0, -1)",dish,"(4, 2):soup('onion', 3, 20)","(4, 2):soup('onion', 3, 20);(4, 3):empty",0.0,12.0,5,interact,0.0,0.0,0.0,0.0,0.0,12.0,False,"(5, 2)",onion,"(3, 2)",dish,"(4, 2):soup('onion', 3, 20)","(4, 2):soup('onion', 3, 20);(4, 3):empty"
82,5,interact,"(5, 2)","(-1, 0)",onion,"(3, 2)","(0, -1)",dish,"(4, 2):soup('onion', 3, 20)","(4, 2):soup('onion', 3, 20);(4, 3):empty",0.0,12.0,5,interact,0.0,0.0,0.0,0.0,0.0,12.0,False,"(5, 2)",onion,"(3, 2)",dish,"(4, 2):soup('onion', 3, 20)","(4, 2):soup('onion', 3, 20);(4, 3):empty"
83,5,interact,"(5, 2)","(-1, 0)",onion,"(3, 2)","(0, -1)",dish,"(4, 2):soup('onion', 3, 20)","(4, 2):soup('onion', 3, 20);(4, 3):empty",0.0,12.0,5,interact,0.0,0.0,0.0,0.0,0.0,12.0,False,"(5, 2)",onion,"(3, 2)",dish,"(4, 2):soup('onion', 3, 20)","(4, 2):soup('onion', 3, 20);(4, 3):empty"
84,5,interact,"(5, 2)","(-1, 0)",onion,"(3, 2)","(0, -1)",dish,"(4, 2):soup('onion', 3, 20)","(4, 2):soup('onion', 3, 20);(4, 3):empty",0.0,12.0,5,interact,0.0,0.0,0.0,0.0,0.0,12.0,False,"(5, 2)",onion,"(3, 2)",dish,"(4, 2):soup('onion', 3, 20)","(4, 2):soup('onion', 3, 20);(4, 3):empty"
85,5,interact,"(5, 2)","(-1, 0)",onion,"(3, 2)","(0, -1)",dish,"(4, 2):soup('onion', 3, 20)","(4, 2):soup('onion', 3, 20);(4, 3):empty",0.0,12.0,5,interact,0.0,0.0,0.0,0.0,0.0,12.0,False,"(5, 2)",onion,"(3, 2)",dish,"(4, 2):soup('onion', 3, 20)","(4, 2):soup('onion', 3, 20);(4, 3):empty"
86,5,interact,"(5, 2)","(-1, 0)",onion,"(3, 2)","(0, -1)",dish,"(4, 2):soup('onion', 3, 20)","(4, 2):soup('onion', 3, 20);(4, 3):empty",0.0,12.0,5,interact,0.0,0.0,0.0,0.0,0.0,12.0,False,"(5, 2)",onion,"(3, 2)",dish,"(4, 2):soup('onion', 3, 20)","(4, 2):soup('onion', 3, 20);(4, 3):empty"
87,5,interact,"(5, 2)","(-1, 0)",onion,"(3, 2)","(0, -1)",dish,"(4, 2):soup('onion', 3, 20)","(4, 2):soup('onion', 3, 20);(4, 3):empty",0.0,12.0,5,interact,0.0,0.0,0.0,0.0,0.0,12.0,False,"(5, 2)",onion,"(3, 2)",dish,"(4, 2):soup('onion', 3, 20)","(4, 2):soup('onion', 3, 20);(4, 3):empty"
88,5,interact,"(5, 2)","(-1, 0)",onion,"(3, 2)","(0, -1)",dish,"(4, 2):soup('onion', 3, 20)","(4, 2):soup('onion', 3, 20);(4, 3):empty",0.0,12.0,5,interact,0.0,0.0,0.0,0.0,0.0,12.0,False,"(5, 2)",onion,"(3, 2)",dish,"(4, 2):soup('onion', 3, 20)","(4, 2):soup('onion', 3, 20);(4, 3):empty"
89,5,interact,"(5, 2)","(-1, 0)",onion,"(3, 2)","(0, -1)",dish,"(4, 2):soup('onion', 3, 20)","(4, 2):soup('onion', 3, 20);(4, 3):empty",0.0,12.0,5,interact,0.0,0.0,0.0,0.0,0.0,12.0,False,"(5, 2)",onion,"(3, 2)",dish,"(4, 2):soup('onion', 3, 20)","(4, 2):soup('onion', 3, 20);(4, 3):empty"
90,5,interact,"(5, 2)","(-1, 0)",onion,"(3, 2)","(0, -1)",dish,"(4, 2):soup('onion', 3, 20)","(4, 2):soup('onion', 3, 20);(4, 3):empty",0.0,12.0,5,interact,0.0,0.0,0.0,0.0,0.0,12.0,False,"(5, 2)",onion,"(3, 2)",dish,"(4, 2):soup('onion', 3, 20)","(4, 2):soup('onion', 3, 20);(4, 3):empty"
91,5,interact,"(5, 2)","(-1, 0)",onion,"(3, 2)","(0, -1)",dish,"(4, 2):soup('onion', 3, 20)","(4, 2):soup('onion', 3, 20);(4, 3):empty",0.0,12.0,5,interact,0.0,0.0,0.0,0.0,0.0,12.0,False,"(5, 2)",onion,"(3, 2)",dish,"(4, 2):soup('onion', 3, 20)","(4, 2):soup('onion', 3, 20);(4, 3):empty"
92,5,interact,"(5, 2)","(-1, 0)",onion,"(3, 2)","(0, -1)",dish,"(4, 2):soup('onion', 3, 20)","(4, 2):soup('onion', 3, 20);(4, 3):empty",0.0,12.0,5,interact,0.0,0.0,0.0,0.0,0.0,12.0,False,"(5, 2)",onion,"(3, 2)",dish,"(4, 2):soup('onion', 3, 20)","(4, 2):soup('onion', 3, 20);(4, 3):empty"
93,5,interact,"(5, 2)","(-1, 0)",onion,"(3, 2)","(0, -1)",dish,"(4, 2):soup('onion', 3, 20)","(4, 2):soup('onion', 3, 20);(4, 3):empty",0.0,12.0,5,interact,0.0,0.0,0.0,0.0,0.0,12.0,False,"(5, 2)",onion,"(3, 2)",dish,"(4, 2):soup('onion', 3, 20)","(4, 2):soup('onion', 3, 20);(4, 3):empty"
94,5,interact,"(5, 2)","(-1, 0)",onion,"(3, 2)","(0, -1)",dish,"(4, 2):soup('onion', 3, 20)","(4, 2):soup('onion', 3, 20);(4, 3):empty",0.0,12.0,5,interact,0.0,0.0,0.0,0.0,0.0,12.0,False,"(5, 2)",onion,"(3, 2)",dish,"(4, 2):soup('onion', 3, 20)","(4, 2):soup('onion', 3, 20);(4, 3):empty"
95,5,interact,"(5, 2)","(-1, 0)",onion,"(3, 2)","(0, -1)",dish,"(4, 2):soup('onion', 3, 20)","(4, 2):soup('onion', 3, 20);(4, 3):empty",0.0,12.0,5,interact,0.0,0.0,0.0,0.0,0.0,12.0,False,"(5, 2)",onion,"(3, 2)",dish,"(4, 2):soup('onion', 3, 20)","(4, 2):soup('onion', 3, 20);(4, 3):empty"
96,5,interact,"(5, 2)","(-1, 0)",onion,"(3, 2)","(0, -1)",dish,"(4, 2):soup('onion', 3, 20)","(4, 2):soup('onion', 3, 20);(4, 3):empty",0.0,12.0,5,interact,0.0,0.0,0.0,0.0,0.0,12.0,False,"(5, 2)",onion,"(3, 2)",dish,"(4, 2):soup('onion', 3, 20)","(4, 2):soup('onion', 3, 20);(4, 3):empty"
97,5,interact,"(5, 2)","(-1, 0)",onion,"(3, 2)","(0, -1)",dish,"(4, 2):soup('onion', 3, 20)","(4, 2):soup('onion', 3, 20);(4, 3):empty",0.0,12.0,5,interact,0.0,0.0,0.0,0.0,0.0,12.0,False,"(5, 2)",onion,"(3, 2)",dish,"(4, 2):soup('onion', 3, 20)","(4, 2):soup('onion', 3, 20);(4, 3):empty"
98,5,interact,"(5, 2)","(-1, 0)",onion,"(3, 2)","(0, -1)",dish,"(4, 2):soup('onion', 3, 20)","(4, 2):soup('onion', 3, 20);(4, 3):empty",0.0,12.0,5,interact,0.0,0.0,0.0,0.0,0.0,12.0,False,"(5, 2)",onion,"(3, 2)",dish,"(4, 2):soup('onion', 3, 20)","(4, 2):soup('onion', 3, 20);(4, 3):empty"
99,5,interact,"(5, 2)","(-1, 0)",onion,"(3, 2)","(0, -1)",dish,"(4, 2):soup('onion', 3, 20)","(4, 2):soup('onion', 3, 20);(4, 3):empty",0.0,12.0,5,interact,0.0,0.0,0.0,0.0,0.0,12.0,False,"(5, 2)",onion,"(3, 2)",dish,"(4, 2):soup('onion', 3, 20)","(4, 2):soup('onion', 3, 20);(4, 3):empty"
100,5,interact,"(5, 2)","(-1, 0)",onion,"(3, 2)","(0, -1)",dish,"(4, 2):soup('onion', 3, 20)","(4, 2):soup('onion', 3, 20);(4, 3):empty",0.0,12.0,5,interact,0.0,0.0,0.0,0.0,0.0,12.0,False,"(5, 2)",onion,"(3, 2)",dish,"(4, 2):soup('onion', 3, 20)","(4, 2):soup('onion', 3, 20);(4, 3):empty"
101,5,interact,"(5, 2)","(-1, 0)",onion,"(3, 2)","(0, -1)",dish,"(4, 2):soup('onion', 3, 20)","(4, 2):soup('onion', 3, 20);(4, 3):empty",0.0,12.0,5,interact,0.0,0.0,0.0,0.0,0.0,12.0,False,"(5, 2)",onion,"(3, 2)",dish,"(4, 2):soup('onion', 3, 20)","(4, 2):soup('onion', 3, 20);(4, 3):empty"
102,5,interact,"(5, 2)","(-1, 0)",onion,"(3, 2)","(0, -1)",dish,"(4, 2):soup('onion', 3, 20)","(4, 2):soup('onion', 3, 20);(4, 3):empty",0.0,12.0,5,interact,0.0,0.0,0.0,0.0,0.0,12.0,False,"(5, 2)",onion,"(3, 2)",dish,"(4, 2):soup('onion', 3, 20)","(4, 2):soup('onion', 3, 20);(4, 3):empty"
103,5,interact,"(5, 2)","(-1, 0)",onion,"(3, 2)","(0, -1)",dish,"(4, 2):soup('onion', 3, 20)","(4, 2):soup('onion', 3, 20);(4, 3):empty",0.0,12.0,5,interact,0.0,0.0,0.0,0.0,0.0,12.0,False,"(5, 2)",onion,"(3, 2)",dish,"(4, 2):soup('onion', 3, 20)","(4, 2):soup('onion', 3, 20);(4, 3):empty"
104,5,interact,"(5, 2)","(-1, 0)",onion,"(3, 2)","(0, -1)",dish,"(4, 2):soup('onion', 3, 20)","(4, 2):soup('onion', 3, 20);(4, 3):empty",0.0,12.0,5,interact,0.0,0.0,0.0,0.0,0.0,12.0,False,"(5, 2)",onion,"(3, 2)",dish,"(4, 2):soup('onion', 3, 20)","(4, 2):soup('onion', 3, 20);(4, 3):empty"
105,5,interact,"(5, 2)","(-1, 0)",onion,"(3, 2)","(0, -1)",dish,"(4, 2):soup('onion', 3, 20)","(4, 2):soup('onion', 3, 20);(4, 3):empty",0.0,12.0,5,interact,0.0,0.0,0.0,0.0,0.0,12.0,False,"(5, 2)",onion,"(3, 2)",dish,"(4, 2):soup('onion', 3, 20)","(4, 2):soup('onion', 3, 20);(4, 3):empty"
106,5,interact,"(5, 2)","(-1, 0)",onion,"(3, 2)","(0, -1)",dish,"(4, 2):soup('onion', 3, 20)","(4, 2):soup('onion', 3, 20);(4, 3):empty",0.0,12.0,5,interact,0.0,0.0,0.0,0.0,0.0,12.0,False,"(5, 2)",onion,"(3, 2)",dish,"(4, 2):soup('onion', 3, 20)","(4, 2):soup('onion', 3, 20);(4, 3):empty"
107,5,interact,"(5, 2)","(-1, 0)",onion,"(3, 2)","(0, -1)",dish,"(4, 2):soup('onion', 3, 20)","(4, 2):soup('onion', 3, 20);(4, 3):empty",0.0,12.0,5,interact,0.0,0.0,0.0,0.0,0.0,12.0,False,"(5, 2)",onion,"(3, 2)",dish,"(4, 2):soup('onion', 3, 20)","(4, 2):soup('onion', 3, 20);(4, 3):empty"
108,5,interact,"(5, 2)","(-1, 0)",onion,"(3, 2)","(0, -1)",dish,"(4, 2):soup('onion', 3, 20)","(4, 2):soup('onion', 3, 20);(4, 3):empty",0.0,12.0,5,interact,0.0,0.0,0.0,0.0,0.0,12.0,False,"(5, 2)",onion,"(3, 2)",dish,"(4, 2):soup('onion', 3, 20)","(4, 2):soup('onion', 3, 20);(4, 3):empty"
109,5,interact,"(5, 2)","(-1, 0)",onion,"(3, 2)","(0, -1)",dish,"(4, 2):soup('onion', 3, 20)","(4, 2):soup('onion', 3, 20);(4, 3):empty",0.0,12.0,5,interact,0.0,0.0,0.0,0.0,0.0,12.0,False,"(5, 2)",onion,"(3, 2)",dish,"(4, 2):soup('onion', 3, 20)","(4, 2):soup('onion', 3, 20);(4, 3):empty"
110,5,interact,"(5, 2)","(-1, 0)",onion,"(3, 2)","(0, -1)",dish,"(4, 2):soup('onion', 3, 20)","(4, 2):soup('onion', 3, 20);(4, 3):empty",0.0,12.0,5,interact,0.0,0.0,0.0,0.0,0.0,12.0,False,"(5, 2)",onion,"(3, 2)",dish,"(4, 2):soup('onion', 3, 20)","(4, 2):soup('onion', 3, 20);(4, 3):empty"
111,5,interact,"(5, 2)","(-1, 0)",onion,"(3, 2)","(0, -1)",dish,"(4, 2):soup('onion', 3, 20)","(4, 2):soup('onion', 3, 20);(4, 3):empty",0.0,12.0,5,interact,0.0,0.0,0.0,0.0,0.0,12.0,False,"(5, 2)",onion,"(3, 2)",dish,"(4, 2):soup('onion', 3, 20)","(4, 2):soup('onion', 3, 20);(4, 3):empty"
112,5,interact,"(5, 2)","(-1, 0)",onion,"(3, 2)","(0, -1)",dish,"(4, 2):soup('onion', 3, 20)","(4, 2):soup('onion', 3, 20);(4, 3):empty",0.0,12.0,5,interact,0.0,0.0,0.0,0.0,0.0,12.0,False,"(5, 2)",onion,"(3, 2)",dish,"(4, 2):soup('onion', 3, 20)","(4, 2):soup('onion', 3, 20);(4, 3):empty"
113,5,interact,"(5, 2)","(-1, 0)",onion,"(3, 2)","(0, -1)",dish,"(4, 2):soup('onion', 3, 20)","(4, 2):soup('onion', 3, 20);(4, 3):empty",0.0,12.0,5,interact,0.0,0.0,0.0,0.0,0.0,12.0,False,"(5, 2)",onion,"(3, 2)",dish,"(4, 2):soup('onion', 3, 20)","(4, 2):soup('onion', 3, 20);(4, 3):empty"
114,5,interact,"(5, 2)","(-1, 0)",onion,"(3, 2)","(0, -1)",dish,"(4, 2):soup('onion', 3, 20)","(4, 2):soup('onion', 3, 20);(4, 3):empty",0.0,12.0,5,interact,0.0,0.0,0.0,0.0,0.0,12.0,False,"(5, 2)",onion,"(3, 2)",dish,"(4, 2):soup('onion', 3, 20)","(4, 2):soup('onion', 3, 20);(4, 3):empty"
115,5,interact,"(5, 2)","(-1, 0)",onion,"(3, 2)","(0, -1)",dish,"(4, 2):soup('onion', 3, 20)","(4, 2):soup('onion', 3, 20);(4, 3):empty",0.0,12.0,5,interact,0.0,0.0,0.0,0.0,0.0,12.0,False,"(5, 2)",onion,"(3, 2)",dish,"(4, 2):soup('onion', 3, 20)","(4, 2):soup('onion', 3, 20);(4, 3):empty"
116,5,interact,"(5, 2)","(-1, 0)",onion,"(3, 2)","(0, -1)",dish,"(4, 2):soup('onion', 3, 20)","(4, 2):soup('onion', 3, 20);(4, 3):empty",0.0,12.0,5,interact,0.0,0.0,0.0,0.0,0.0,12.0,False,"(5, 2)",onion,"(3, 2)",dish,"(4, 2):soup('onion', 3, 20)","(4, 2):soup('onion', 3, 20);(4, 3):empty"
117,5,interact,"(5, 2)","(-1, 0)",onion,"(3, 2)","(0, -1)",dish,"(4, 2):soup('onion', 3, 20)","(4, 2):soup('onion', 3, 20);(4, 3):empty",0.0,12.0,5,interact,0.0,0.0,0.0,0.0,0.0,12.0,False,"(5, 2)",onion,"(3, 2)",dish,"(4, 2):soup('onion', 3, 20)","(4, 2):soup('onion', 3, 20);(4, 3):empty"
118,5,interact,"(5, 2)","(-1, 0)",onion,"(3, 2)","(0, -1)",dish,"(4, 2):soup('onion', 3, 20)","(4, 2):soup('onion', 3, 20);(4, 3):empty",0.0,12.0,5,interact,0.0,0.0,0.0,0.0,0.0,12.0,False,"(5, 2)",onion,"(3, 2)",dish,"(4, 2):soup('onion', 3, 20)","(4, 2):soup('onion', 3, 20);(4, 3):empty"
119,5,interact,"(5, 2)","(-1, 0)",onion,"(3, 2)","(0, -1)",dish,"(4, 2):soup('onion', 3, 20)","(4, 2):soup('onion', 3, 20);(4, 3):empty",0.0,12.0,5,interact,0.0,0.0,0.0,0.0,0.0,12.0,False,"(5, 2)",onion,"(3, 2)",dish,"(4, 2):soup('onion', 3, 20)","(4, 2):soup('onion', 3, 20);(4, 3):empty"
120,5,interact,"(5, 2)","(-1, 0)",onion,"(3, 2)","(0, -1)",dish,"(4, 2):soup('onion', 3, 20)","(4, 2):soup('onion', 3, 20);(4, 3):empty",0.0,12.0,5,interact,0.0,0.0,0.0,0.0,0.0,12.0,False,"(5, 2)",onion,"(3, 2)",dish,"(4, 2):soup('onion', 3, 20)","(4, 2):soup('onion', 3, 20);(4, 3):empty"
121,5,interact,"(5, 2)","(-1, 0)",onion,"(3, 2)","(0, -1)",dish,"(4, 2):soup('onion', 3, 20)","(4, 2):soup('onion', 3, 20);(4, 3):empty",0.0,12.0,5,interact,0.0,0.0,0.0,0.0,0.0,12.0,False,"(5, 2)",onion,"(3, 2)",dish,"(4, 2):soup('onion', 3, 20)","(4, 2):soup('onion', 3, 20);(4, 3):empty"
122,5,interact,"(5, 2)","(-1, 0)",onion,"(3, 2)","(0, -1)",dish,"(4, 2):soup('onion', 3, 20)","(4, 2):soup('onion', 3, 20);(4, 3):empty",0.0,12.0,5,interact,0.0,0.0,0.0,0.0,0.0,12.0,False,"(5, 2)",onion,"(3, 2)",dish,"(4, 2):soup('onion', 3, 20)","(4, 2):soup('onion', 3, 20);(4, 3):empty"
123,5,interact,"(5, 2)","(-1, 0)",onion,"(3, 2)","(0, -1)",dish,"(4, 2):soup('onion', 3, 20)","(4, 2):soup('onion', 3, 20);(4, 3):empty",0.0,12.0,5,interact,0.0,0.0,0.0,0.0,0.0,12.0,False,"(5, 2)",onion,"(3, 2)",dish,"(4, 2):soup('onion', 3, 20)","(4, 2):soup('onion', 3, 20);(4, 3):empty"
124,5,interact,"(5, 2)","(-1, 0)",onion,"(3, 2)","(0, -1)",dish,"(4, 2):soup('onion', 3, 20)","(4, 2):soup('onion', 3, 20);(4, 3):empty",0.0,12.0,5,interact,0.0,0.0,0.0,0.0,0.0,12.0,False,"(5, 2)",onion,"(3, 2)",dish,"(4, 2):soup('onion', 3, 20)","(4, 2):soup('onion', 3, 20);(4, 3):empty"
125,5,interact,"(5, 2)","(-1, 0)",onion,"(3, 2)","(0, -1)",dish,"(4, 2):soup('onion', 3, 20)","(4, 2):soup('onion', 3, 20);(4, 3):empty",0.0,12.0,5,interact,0.0,0.0,0.0,0.0,0.0,12.0,False,"(5, 2)",onion,"(3, 2)",dish,"(4, 2):soup('onion', 3, 20)","(4, 2):soup('onion', 3, 20);(4, 3):empty"
126,5,interact,"(5, 2)","(-1, 0)",onion,"(3, 2)","(0, -1)",dish,"(4, 2):soup('onion', 3, 20)","(4, 2):soup('onion', 3, 20);(4, 3):empty",0.0,12.0,5,interact,0.0,0.0,0.0,0.0,0.0,12.0,False,"(5, 2)",onion,"(3, 2)",dish,"(4, 2):soup('onion', 3, 20)","(4, 2):soup('onion', 3, 20);(4, 3):empty"
127,5,interact,"(5, 2)","(-1, 0)",onion,"(3, 2)","(0, -1)",dish,"(4, 2):soup('onion', 3, 20)","(4, 2):soup('onion', 3, 20);(4, 3):empty",0.0,12.0,5,interact,0.0,0.0,0.0,0.0,0.0,12.0,False,"(5, 2)",onion,"(3, 2)",dish,"(4, 2):soup('onion', 3, 20)","(4, 2):soup('onion', 3, 20);(4, 3):empty"
128,5,interact,"(5, 2)","(-1, 0)",onion,"(3, 2)","(0, -1)",dish,"(4, 2):soup('onion', 3, 20)","(4, 2):soup('onion', 3, 20);(4, 3):empty",0.0,12.0,5,interact,0.0,0.0,0.0,0.0,0.0,12.0,False,"(5, 2)",onion,"(3, 2)",dish,"(4, 2):soup('onion', 3, 20)","(4, 2):soup('onion', 3, 20);(4, 3):empty"
129,5,interact,"(5, 2)","(-1, 0)",onion,"(3, 2)","(0, -1)",dish,"(4, 2):soup('onion', 3, 20)","(4, 2):soup('onion', 3, 20);(4, 3):empty",0.0,12.0,5,interact,0.0,0.0,0.0,0.0,0.0,12.0,False,"(5, 2)",onion,"(3, 2)",dish,"(4, 2):soup('onion', 3, 20)","(4, 2):soup('onion', 3, 20);(4, 3):empty"
130,5,interact,"(5, 2)","(-1, 0)",onion,"(3, 2)","(0, -1)",dish,"(4, 2):soup('onion', 3, 20)","(4, 2):soup('onion', 3, 20);(4, 3):empty",0.0,12.0,5,interact,0.0,0.0,0.0,0.0,0.0,12.0,False,"(5, 2)",onion,"(3, 2)",dish,"(4, 2):soup('onion', 3, 20)","(4, 2):soup('onion', 3, 20);(4, 3):empty"
131,5,interact,"(5, 2)","(-1, 0)",onion,"(3, 2)","(0, -1)",dish,"(4, 2):soup('onion', 3, 20)","(4, 2):soup('onion', 3, 20);(4, 3):empty",0.0,12.0,5,interact,0.0,0.0,0.0,0.0,0.0,12.0,False,"(5, 2)",onion,"(3, 2)",dish,"(4, 2):soup('onion', 3, 20)","(4, 2):soup('onion', 3, 20);(4, 3):empty"
132,5,interact,"(5, 2)","(-1, 0)",onion,"(3, 2)","(0, -1)",dish,"(4, 2):soup('onion', 3, 20)","(4, 2):soup('onion', 3, 20);(4, 3):empty",0.0,12.0,5,interact,0.0,0.0,0.0,0.0,0.0,12.0,False,"(5, 2)",onion,"(3, 2)",dish,"(4, 2):soup('onion', 3, 20)","(4, 2):soup('onion', 3, 20);(4, 3):empty"
133,5,interact,"(5, 2)","(-1, 0)",onion,"(3, 2)","(0, -1)",dish,"(4, 2):soup('onion', 3, 20)","(4, 2):soup('onion', 3, 20);(4, 3):empty",0.0,12.0,5,interact,0.0,0.0,0.0,0.0,0.0,12.0,False,"(5, 2)",onion,"(3, 2)",dish,"(4, 2):soup('onion', 3, 20)","(4, 2):soup('onion', 3, 20);(4, 3):empty"
134,5,interact,"(5, 2)","(-1, 0)",onion,"(3, 2)","(0, -1)",dish,"(4, 2):soup('onion', 3, 20)","(4, 2):soup('onion', 3, 20);(4, 3):empty",0.0,12.0,5,interact,0.0,0.0,0.0,0.0,0.0,12.0,False,"(5, 2)",onion,"(3, 2)",dish,"(4, 2):soup('onion', 3, 20)","(4, 2):soup('onion', 3, 20);(4, 3):empty"
135,5,interact,"(5, 2)","(-1, 0)",onion,"(3, 2)","(0, -1)",dish,"(4, 2):soup('onion', 3, 20)","(4, 2):soup('onion', 3, 20);(4, 3):empty",0.0,12.0,5,interact,0.0,0.0,0.0,0.0,0.0,12.0,False,"(5, 2)",onion,"(3, 2)",dish,"(4, 2):soup('onion', 3, 20)","(4, 2):soup('onion', 3, 20);(4, 3):empty"
136,5,interact,"(5, 2)","(-1, 0)",onion,"(3, 2)","(0, -1)",dish,"(4, 2):soup('onion', 3, 20)","(4, 2):soup('onion', 3, 20);(4, 3):empty",0.0,12.0,5,interact,0.0,0.0,0.0,0.0,0.0,12.0,False,"(5, 2)",onion,"(3, 2)",dish,"(4, 2):soup('onion', 3, 20)","(4, 2):soup('onion', 3, 20);(4, 3):empty"
137,5,interact,"(5, 2)","(-1, 0)",onion,"(3, 2)","(0, -1)",dish,"(4, 2):soup('onion', 3, 20)","(4, 2):soup('onion', 3, 20);(4, 3):empty",0.0,12.0,5,interact,0.0,0.0,0.0,0.0,0.0,12.0,False,"(5, 2)",onion,"(3, 2)",dish,"(4, 2):soup('onion', 3, 20)","(4, 2):soup('onion', 3, 20);(4, 3):empty"
138,5,interact,"(5, 2)","(-1, 0)",onion,"(3, 2)","(0, -1)",dish,"(4, 2):soup('onion', 3, 20)","(4, 2):soup('onion', 3, 20);(4, 3):empty",0.0,12.0,5,interact,0.0,0.0,0.0,0.0,0.0,12.0,False,"(5, 2)",onion,"(3, 2)",dish,"(4, 2):soup('onion', 3, 20)","(4, 2):soup('onion', 3, 20);(4, 3):empty"
139,5,interact,"(5, 2)","(-1, 0)",onion,"(3, 2)","(0, -1)",dish,"(4, 2):soup('onion', 3, 20)","(4, 2):soup('onion', 3, 20);(4, 3):empty",0.0,12.0,5,interact,0.0,0.0,0.0,0.0,0.0,12.0,False,"(5, 2)",onion,"(3, 2)",dish,"(4, 2):soup('onion', 3, 20)","(4, 2):soup('onion', 3, 20);(4, 3):empty"
140,5,interact,"(5, 2)","(-1, 0)",onion,"(3, 2)","(0, -1)",dish,"(4, 2):soup('onion', 3, 20)","(4, 2):soup('onion', 3, 20);(4, 3):empty",0.0,12.0,5,interact,0.0,0.0,0.0,0.0,0.0,12.0,False,"(5, 2)",onion,"(3, 2)",dish,"(4, 2):soup('onion', 3, 20)","(4, 2):soup('onion', 3, 20);(4, 3):empty"
141,5,interact,"(5, 2)","(-1, 0)",onion,"(3, 2)","(0, -1)",dish,"(4, 2):soup('onion', 3, 20)","(4, 2):soup('onion', 3, 20);(4, 3):empty",0.0,12.0,5,interact,0.0,0.0,0.0,0.0,0.0,12.0,False,"(5, 2)",onion,"(3, 2)",dish,"(4, 2):soup('onion', 3, 20)","(4, 2):soup('onion', 3, 20);(4, 3):empty"
142,5,interact,"(5, 2)","(-1, 0)",onion,"(3, 2)","(0, -1)",dish,"(4, 2):soup('onion', 3, 20)","(4, 2):soup('onion', 3, 20);(4, 3):empty",0.0,12.0,5,interact,0.0,0.0,0.0,0.0,0.0,12.0,False,"(5, 2)",onion,"(3, 2)",dish,"(4, 2):soup('onion', 3, 20)","(4, 2):soup('onion', 3, 20);(4, 3):empty"
143,5,interact,"(5, 2)","(-1, 0)",onion,"(3, 2)","(0, -1)",dish,"(4, 2):soup('onion', 3, 20)","(4, 2):soup('onion', 3, 20);(4, 3):empty",0.0,12.0,5,interact,0.0,0.0,0.0,0.0,0.0,12.0,False,"(5, 2)",onion,"(3, 2)",dish,"(4, 2):soup('onion', 3, 20)","(4, 2):soup('onion', 3, 20);(4, 3):empty"
144,5,interact,"(5, 2)","(-1, 0)",onion,"(3, 2)","(0, -1)",dish,"(4, 2):soup('onion', 3, 20)","(4, 2):soup('onion', 3, 20);(4, 3):empty",0.0,12.0,5,interact,0.0,0.0,0.0,0.0,0.0,12.0,False,"(5, 2)",onion,"(3, 2)",dish,"(4, 2):soup('onion', 3, 20)","(4, 2):soup('onion', 3, 20);(4, 3):empty"
145,5,interact,"(5, 2)","(-1, 0)",onion,"(3, 2)","(0, -1)",dish,"(4, 2):soup('onion', 3, 20)","(4, 2):soup('onion', 3, 20);(4, 3):empty",0.0,12.0,5,interact,0.0,0.0,0.0,0.0,0.0,12.0,False,"(5, 2)",onion,"(3, 2)",dish,"(4, 2):soup('onion', 3, 20)","(4, 2):soup('onion', 3, 20);(4, 3):empty"
146,5,interact,"(5, 2)","(-1, 0)",onion,"(3, 2)","(0, -1)",dish,"(4, 2):soup('onion', 3, 20)","(4, 2):soup('onion', 3, 20);(4, 3):empty",0.0,12.0,5,interact,0.0,0.0,0.0,0.0,0.0,12.0,False,"(5, 2)",onion,"(3, 2)",dish,"(4, 2):soup('onion', 3, 20)","(4, 2):soup('onion', 3, 20);(4, 3):empty"
147,5,interact,"(5, 2)","(-1, 0)",onion,"(3, 2)","(0, -1)",dish,"(4, 2):soup('onion', 3, 20)","(4, 2):soup('onion', 3, 20);(4, 3):empty",0.0,12.0,5,interact,0.0,0.0,0.0,0.0,0.0,12.0,False,"(5, 2)",onion,"(3, 2)",dish,"(4, 2):soup('onion', 3, 20)","(4, 2):soup('onion', 3, 20);(4, 3):empty"
148,5,interact,"(5, 2)","(-1, 0)",onion,"(3, 2)","(0, -1)",dish,"(4, 2):soup('onion', 3, 20)","(4, 2):soup('onion', 3, 20);(4, 3):empty",0.0,12.0,5,interact,0.0,0.0,0.0,0.0,0.0,12.0,False,"(5, 2)",onion,"(3, 2)",dish,"(4, 2):soup('onion', 3, 20)","(4, 2):soup('onion', 3, 20);(4, 3):empty"
149,5,interact,"(5, 2)","(-1, 0)",onion,"(3, 2)","(0, -1)",dish,"(4, 2):soup('onion', 3, 20)","(4, 2):soup('onion', 3, 20);(4, 3):empty",0.0,12.0,5,interact,0.0,0.0,0.0,0.0,0.0,12.0,False,"(5, 2)",onion,"(3, 2)",dish,"(4, 2):soup('onion', 3, 20)","(4, 2):soup('onion', 3, 20);(4, 3):empty"
150,5,interact,"(5, 2)","(-1, 0)",onion,"(3, 2)","(0, -1)",dish,"(4, 2):soup('onion', 3, 20)","(4, 2):soup('onion', 3, 20);(4, 3):empty",0.0,12.0,5,interact,0.0,0.0,0.0,0.0,0.0,12.0,False,"(5, 2)",onion,"(3, 2)",dish,"(4, 2):soup('onion', 3, 20)","(4, 2):soup('onion', 3, 20);(4, 3):empty"
151,5,interact,"(5, 2)","(-1, 0)",onion,"(3, 2)","(0, -1)",dish,"(4, 2):soup('onion', 3, 20)","(4, 2):soup('onion', 3, 20);(4, 3):empty",0.0,12.0,5,interact,0.0,0.0,0.0,0.0,0.0,12.0,False,"(5, 2)",onion,"(3, 2)",dish,"(4, 2):soup('onion', 3, 20)","(4, 2):soup('onion', 3, 20);(4, 3):empty"
152,5,interact,"(5, 2)","(-1, 0)",onion,"(3, 2)","(0, -1)",dish,"(4, 2):soup('onion', 3, 20)","(4, 2):soup('onion', 3, 20);(4, 3):empty",0.0,12.0,5,interact,0.0,0.0,0.0,0.0,0.0,12.0,False,"(5, 2)",onion,"(3, 2)",dish,"(4, 2):soup('onion', 3, 20)","(4, 2):soup('onion', 3, 20);(4, 3):empty"
153,5,interact,"(5, 2)","(-1, 0)",onion,"(3, 2)","(0, -1)",dish,"(4, 2):soup('onion', 3, 20)","(4, 2):soup('onion', 3, 20);(4, 3):empty",0.0,12.0,5,interact,0.0,0.0,0.0,0.0,0.0,12.0,False,"(5, 2)",onion,"(3, 2)",dish,"(4, 2):soup('onion', 3, 20)","(4, 2):soup('onion', 3, 20);(4, 3):empty"
154,5,interact,"(5, 2)","(-1, 0)",onion,"(3, 2)","(0, -1)",dish,"(4, 2):soup('onion', 3, 20)","(4, 2):soup('onion', 3, 20);(4, 3):empty",0.0,12.0,5,interact,0.0,0.0,0.0,0.0,0.0,12.0,False,"(5, 2)",onion,"(3, 2)",dish,"(4, 2):soup('onion', 3, 20)","(4, 2):soup('onion', 3, 20);(4, 3):empty"
155,5,interact,"(5, 2)","(-1, 0)",onion,"(3, 2)","(0, -1)",dish,"(4, 2):soup('onion', 3, 20)","(4, 2):soup('onion', 3, 20);(4, 3):empty",0.0,12.0,5,interact,0.0,0.0,0.0,0.0,0.0,12.0,False,"(5, 2)",onion,"(3, 2)",dish,"(4, 2):soup('onion', 3, 20)","(4, 2):soup('onion', 3, 20);(4, 3):empty"
156,5,interact,"(5, 2)","(-1, 0)",onion,"(3, 2)","(0, -1)",dish,"(4, 2):soup('onion', 3, 20)","(4, 2):soup('onion', 3, 20);(4, 3):empty",0.0,12.0,5,interact,0.0,0.0,0.0,0.0,0.0,12.0,False,"(5, 2)",onion,"(3, 2)",dish,"(4, 2):soup('onion', 3, 20)","(4, 2):soup('onion', 3, 20);(4, 3):empty"
157,5,interact,"(5, 2)","(-1, 0)",onion,"(3, 2)","(0, -1)",dish,"(4, 2):soup('onion', 3, 20)","(4, 2):soup('onion', 3, 20);(4, 3):empty",0.0,12.0,5,interact,0.0,0.0,0.0,0.0,0.0,12.0,False,"(5, 2)",onion,"(3, 2)",dish,"(4, 2):soup('onion', 3, 20)","(4, 2):soup('onion', 3, 20);(4, 3):empty"
158,5,interact,"(5, 2)","(-1, 0)",onion,"(3, 2)","(0, -1)",dish,"(4, 2):soup('onion', 3, 20)","(4, 2):soup('onion', 3, 20);(4, 3):empty",0.0,12.0,5,interact,0.0,0.0,0.0,0.0,0.0,12.0,False,"(5, 2)",onion,"(3, 2)",dish,"(4, 2):soup('onion', 3, 20)","(4, 2):soup('onion', 3, 20);(4, 3):empty"
159,5,interact,"(5, 2)","(-1, 0)",onion,"(3, 2)","(0, -1)",dish,"(4, 2):soup('onion', 3, 20)","(4, 2):soup('onion', 3, 20);(4, 3):empty",0.0,12.0,5,interact,0.0,0.0,0.0,0.0,0.0,12.0,False,"(5, 2)",onion,"(3, 2)",dish,"(4, 2):soup('onion', 3, 20)","(4, 2):soup('onion', 3, 20);(4, 3):empty"
160,5,interact,"(5, 2)","(-1, 0)",onion,"(3, 2)","(0, -1)",dish,"(4, 2):soup('onion', 3, 20)","(4, 2):soup('onion', 3, 20);(4, 3):empty",0.0,12.0,5,interact,0.0,0.0,0.0,0.0,0.0,12.0,False,"(5, 2)",onion,"(3, 2)",dish,"(4, 2):soup('onion', 3, 20)","(4, 2):soup('onion', 3, 20);(4, 3):empty"
161,5,interact,"(5, 2)","(-1, 0)",onion,"(3, 2)","(0, -1)",dish,"(4, 2):soup('onion', 3, 20)","(4, 2):soup('onion', 3, 20);(4, 3):empty",0.0,12.0,5,interact,0.0,0.0,0.0,0.0,0.0,12.0,False,"(5, 2)",onion,"(3, 2)",dish,"(4, 2):soup('onion', 3, 20)","(4, 2):soup('onion', 3, 20);(4, 3):empty"
162,5,interact,"(5, 2)","(-1, 0)",onion,"(3, 2)","(0, -1)",dish,"(4, 2):soup('onion', 3, 20)","(4, 2):soup('onion', 3, 20);(4, 3):empty",0.0,12.0,5,interact,0.0,0.0,0.0,0.0,0.0,12.0,False,"(5, 2)",onion,"(3, 2)",dish,"(4, 2):soup('onion', 3, 20)","(4, 2):soup('onion', 3, 20);(4, 3):empty"
163,5,interact,"(5, 2)","(-1, 0)",onion,"(3, 2)","(0, -1)",dish,"(4, 2):soup('onion', 3, 20)","(4, 2):soup('onion', 3, 20);(4, 3):empty",0.0,12.0,5,interact,0.0,0.0,0.0,0.0,0.0,12.0,False,"(5, 2)",onion,"(3, 2)",dish,"(4, 2):soup('onion', 3, 20)","(4, 2):soup('onion', 3, 20);(4, 3):empty"
164,5,interact,"(5, 2)","(-1, 0)",onion,"(3, 2)","(0, -1)",dish,"(4, 2):soup('onion', 3, 20)","(4, 2):soup('onion', 3, 20);(4, 3):empty",0.0,12.0,5,interact,0.0,0.0,0.0,0.0,0.0,12.0,False,"(5, 2)",onion,"(3, 2)",dish,"(4, 2):soup('onion', 3, 20)","(4, 2):soup('onion', 3, 20);(4, 3):empty"
165,5,interact,"(5, 2)","(-1, 0)",onion,"(3, 2)","(0, -1)",dish,"(4, 2):soup('onion', 3, 20)","(4, 2):soup('onion', 3, 20);(4, 3):empty",0.0,12.0,5,interact,0.0,0.0,0.0,0.0,0.0,12.0,False,"(5, 2)",onion,"(3, 2)",dish,"(4, 2):soup('onion', 3, 20)","(4, 2):soup('onion', 3, 20);(4, 3):empty"
166,5,interact,"(5, 2)","(-1, 0)",onion,"(3, 2)","(0, -1)",dish,"(4, 2):soup('onion', 3, 20)","(4, 2):soup('onion', 3, 20);(4, 3):empty",0.0,12.0,5,interact,0.0,0.0,0.0,0.0,0.0,12.0,False,"(5, 2)",onion,"(3, 2)",dish,"(4, 2):soup('onion', 3, 20)","(4, 2):soup('onion', 3, 20);(4, 3):empty"
167,5,interact,"(5, 2)","(-1, 0)",onion,"(3, 2)","(0, -1)",dish,"(4, 2):soup('onion', 3, 20)","(4, 2):soup('onion', 3, 20);(4, 3):empty",0.0,12.0,5,interact,0.0,0.0,0.0,0.0,0.0,12.0,False,"(5, 2)",onion,"(3, 2)",dish,"(4, 2):soup('onion', 3, 20)","(4, 2):soup('onion', 3, 20);(4, 3):empty"
168,5,interact,"(5, 2)","(-1, 0)",onion,"(3, 2)","(0, -1)",dish,"(4, 2):soup('onion', 3, 20)","(4, 2):soup('onion', 3, 20);(4, 3):empty",0.0,12.0,5,interact,0.0,0.0,0.0,0.0,0.0,12.0,False,"(5, 2)",onion,"(3, 2)",dish,"(4, 2):soup('onion', 3, 20)","(4, 2):soup('onion', 3, 20);(4, 3):empty"
169,5,interact,"(5, 2)","(-1, 0)",onion,"(3, 2)","(0, -1)",dish,"(4, 2):soup('onion', 3, 20)","(4, 2):soup('onion', 3, 20);(4, 3):empty",0.0,12.0,5,interact,0.0,0.0,0.0,0.0,0.0,12.0,False,"(5, 2)",onion,"(3, 2)",dish,"(4, 2):soup('onion', 3, 20)","(4, 2):soup('onion', 3, 20);(4, 3):empty"
170,5,interact,"(5, 2)","(-1, 0)",onion,"(3, 2)","(0, -1)",dish,"(4, 2):soup('onion', 3, 20)","(4, 2):soup('onion', 3, 20);(4, 3):empty",0.0,12.0,5,interact,0.0,0.0,0.0,0.0,0.0,12.0,False,"(5, 2)",onion,"(3, 2)",dish,"(4, 2):soup('onion', 3, 20)","(4, 2):soup('onion', 3, 20);(4, 3):empty"
171,5,interact,"(5, 2)","(-1, 0)",onion,"(3, 2)","(0, -1)",dish,"(4, 2):soup('onion', 3, 20)","(4, 2):soup('onion', 3, 20);(4, 3):empty",0.0,12.0,5,interact,0.0,0.0,0.0,0.0,0.0,12.0,False,"(5, 2)",onion,"(3, 2)",dish,"(4, 2):soup('onion', 3, 20)","(4, 2):soup('onion', 3, 20);(4, 3):empty"
172,5,interact,"(5, 2)","(-1, 0)",onion,"(3, 2)","(0, -1)",dish,"(4, 2):soup('onion', 3, 20)","(4, 2):soup('onion', 3, 20);(4, 3):empty",0.0,12.0,5,interact,0.0,0.0,0.0,0.0,0.0,12.0,False,"(5, 2)",onion,"(3, 2)",dish,"(4, 2):soup('onion', 3, 20)","(4, 2):soup('onion', 3, 20);(4, 3):empty"
173,5,interact,"(5, 2)","(-1, 0)",onion,"(3, 2)","(0, -1)",dish,"(4, 2):soup('onion', 3, 20)","(4, 2):soup('onion', 3, 20);(4, 3):empty",0.0,12.0,5,interact,0.0,0.0,0.0,0.0,0.0,12.0,False,"(5, 2)",onion,"(3, 2)",dish,"(4, 2):soup('onion', 3, 20)","(4, 2):soup('onion', 3, 20);(4, 3):empty"
174,5,interact,"(5, 2)","(-1, 0)",onion,"(3, 2)","(0, -1)",dish,"(4, 2):soup('onion', 3, 20)","(4, 2):soup('onion', 3, 20);(4, 3):empty",0.0,12.0,5,interact,0.0,0.0,0.0,0.0,0.0,12.0,False,"(5, 2)",onion,"(3, 2)",dish,"(4, 2):soup('onion', 3, 20)","(4, 2):soup('onion', 3, 20);(4, 3):empty"
175,5,interact,"(5, 2)","(-1, 0)",onion,"(3, 2)","(0, -1)",dish,"(4, 2):soup('onion', 3, 20)","(4, 2):soup('onion', 3, 20);(4, 3):empty",0.0,12.0,5,interact,0.0,0.0,0.0,0.0,0.0,12.0,False,"(5, 2)",onion,"(3, 2)",dish,"(4, 2):soup('onion', 3, 20)","(4, 2):soup('onion', 3, 20);(4, 3):empty"
176,5,interact,"(5, 2)","(-1, 0)",onion,"(3, 2)","(0, -1)",dish,"(4, 2):soup('onion', 3, 20)","(4, 2):soup('onion', 3, 20);(4, 3):empty",0.0,12.0,5,interact,0.0,0.0,0.0,0.0,0.0,12.0,False,"(5, 2)",onion,"(3, 2)",dish,"(4, 2):soup('onion', 3, 20)","(4, 2):soup('onion', 3, 20);(4, 3):empty"
177,5,interact,"(5, 2)","(-1, 0)",onion,"(3, 2)","(0, -1)",dish,"(4, 2):soup('onion', 3, 20)","(4, 2):soup('onion', 3, 20);(4, 3):empty",0.0,12.0,5,interact,0.0,0.0,0.0,0.0,0.0,12.0,False,"(5, 2)",onion,"(3, 2)",dish,"(4, 2):soup('onion', 3, 20)","(4, 2):soup('onion', 3, 20);(4, 3):empty"
178,5,interact,"(5, 2)","(-1, 0)",onion,"(3, 2)","(0, -1)",dish,"(4, 2):soup('onion', 3, 20)","(4, 2):soup('onion', 3, 20);(4, 3):empty",0.0,12.0,5,interact,0.0,0.0,0.0,0.0,0.0,12.0,False,"(5, 2)",onion,"(3, 2)",dish,"(4, 2):soup('onion', 3, 20)","(4, 2):soup('onion', 3, 20);(4, 3):empty"
179,5,interact,"(5, 2)","(-1, 0)",onion,"(3, 2)","(0, -1)",dish,"(4, 2):soup('onion', 3, 20)","(4, 2):soup('onion', 3, 20);(4, 3):empty",0.0,12.0,5,interact,0.0,0.0,0.0,0.0,0.0,12.0,False,"(5, 2)",onion,"(3, 2)",dish,"(4, 2):soup('onion', 3, 20)","(4, 2):soup('onion', 3, 20);(4, 3):empty"
180,5,interact,"(5, 2)","(-1, 0)",onion,"(3, 2)","(0, -1)",dish,"(4, 2):soup('onion', 3, 20)","(4, 2):soup('onion', 3, 20);(4, 3):empty",0.0,12.0,5,interact,0.0,0.0,0.0,0.0,0.0,12.0,False,"(5, 2)",onion,"(3, 2)",dish,"(4, 2):soup('onion', 3, 20)","(4, 2):soup('onion', 3, 20);(4, 3):empty"
181,5,interact,"(5, 2)","(-1, 0)",onion,"(3, 2)","(0, -1)",dish,"(4, 2):soup('onion', 3, 20)","(4, 2):soup('onion', 3, 20);(4, 3):empty",0.0,12.0,5,interact,0.0,0.0,0.0,0.0,0.0,12.0,False,"(5, 2)",onion,"(3, 2)",dish,"(4, 2):soup('onion', 3, 20)","(4, 2):soup('onion', 3, 20);(4, 3):empty"
182,5,interact,"(5, 2)","(-1, 0)",onion,"(3, 2)","(0, -1)",dish,"(4, 2):soup('onion', 3, 20)","(4, 2):soup('onion', 3, 20);(4, 3):empty",0.0,12.0,5,interact,0.0,0.0,0.0,0.0,0.0,12.0,False,"(5, 2)",onion,"(3, 2)",dish,"(4, 2):soup('onion', 3, 20)","(4, 2):soup('onion', 3, 20);(4, 3):empty"
183,5,interact,"(5, 2)","(-1, 0)",onion,"(3, 2)","(0, -1)",dish,"(4, 2):soup('onion', 3, 20)","(4, 2):soup('onion', 3, 20);(4, 3):empty",0.0,12.0,5,interact,0.0,0.0,0.0,0.0,0.0,12.0,False,"(5, 2)",onion,"(3, 2)",dish,"(4, 2):soup('onion', 3, 20)","(4, 2):soup('onion', 3, 20);(4, 3):empty"
184,5,interact,"(5, 2)","(-1, 0)",onion,"(3, 2)","(0, -1)",dish,"(4, 2):soup('onion', 3, 20)","(4, 2):soup('onion', 3, 20);(4, 3):empty",0.0,12.0,5,interact,0.0,0.0,0.0,0.0,0.0,12.0,False,"(5, 2)",onion,"(3, 2)",dish,"(4, 2):soup('onion', 3, 20)","(4, 2):soup('onion', 3, 20);(4, 3):empty"
185,5,interact,"(5, 2)","(-1, 0)",onion,"(3, 2)","(0, -1)",dish,"(4, 2):soup('onion', 3, 20)","(4, 2):soup('onion', 3, 20);(4, 3):empty",0.0,12.0,5,interact,0.0,0.0,0.0,0.0,0.0,12.0,False,"(5, 2)",onion,"(3, 2)",dish,"(4, 2):soup('onion', 3, 20)","(4, 2):soup('onion', 3, 20);(4, 3):empty"
186,5,interact,"(5, 2)","(-1, 0)",onion,"(3, 2)","(0, -1)",dish,"(4, 2):soup('onion', 3, 20)","(4, 2):soup('onion', 3, 20);(4, 3):empty",0.0,12.0,5,interact,0.0,0.0,0.0,0.0,0.0,12.0,False,"(5, 2)",onion,"(3, 2)",dish,"(4, 2):soup('onion', 3, 20)","(4, 2):soup('onion', 3, 20);(4, 3):empty"
187,5,interact,"(5, 2)","(-1, 0)",onion,"(3, 2)","(0, -1)",dish,"(4, 2):soup('onion', 3, 20)","(4, 2):soup('onion', 3, 20);(4, 3):empty",0.0,12.0,5,interact,0.0,0.0,0.0,0.0,0.0,12.0,False,"(5, 2)",onion,"(3, 2)",dish,"(4, 2):soup('onion', 3, 20)","(4, 2):soup('onion', 3, 20);(4, 3):empty"
188,5,interact,"(5, 2)","(-1, 0)",onion,"(3, 2)","(0, -1)",dish,"(4, 2):soup('onion', 3, 20)","(4, 2):soup('onion', 3, 20);(4, 3):empty",0.0,12.0,5,interact,0.0,0.0,0.0,0.0,0.0,12.0,False,"(5, 2)",onion,"(3, 2)",dish,"(4, 2):soup('onion', 3, 20)","(4, 2):soup('onion', 3, 20);(4, 3):empty"
189,5,interact,"(5, 2)","(-1, 0)",onion,"(3, 2)","(0, -1)",dish,"(4, 2):soup('onion', 3, 20)","(4, 2):soup('onion', 3, 20);(4, 3):empty",0.0,12.0,5,interact,0.0,0.0,0.0,0.0,0.0,12.0,False,"(5, 2)",onion,"(3, 2)",dish,"(4, 2):soup('onion', 3, 20)","(4, 2):soup('onion', 3, 20);(4, 3):empty"
190,5,interact,"(5, 2)","(-1, 0)",onion,"(3, 2)","(0, -1)",dish,"(4, 2):soup('onion', 3, 20)","(4, 2):soup('onion', 3, 20);(4, 3):empty",0.0,12.0,5,interact,0.0,0.0,0.0,0.0,0.0,12.0,False,"(5, 2)",onion,"(3, 2)",dish,"(4, 2):soup('onion', 3, 20)","(4, 2):soup('onion', 3, 20);(4, 3):empty"
191,5,interact,"(5, 2)","(-1, 0)",onion,"(3, 2)","(0, -1)",dish,"(4, 2):soup('onion', 3, 20)","(4, 2):soup('onion', 3, 20);(4, 3):empty",0.0,12.0,5,interact,0.0,0.0,0.0,0.0,0.0,12.0,False,"(5, 2)",onion,"(3, 2)",dish,"(4, 2):soup('onion', 3, 20)","(4, 2):soup('onion', 3, 20);(4, 3):empty"
192,5,interact,"(5, 2)","(-1, 0)",onion,"(3, 2)","(0, -1)",dish,"(4, 2):soup('onion', 3, 20)","(4, 2):soup('onion', 3, 20);(4, 3):empty",0.0,12.0,5,interact,0.0,0.0,0.0,0.0,0.0,12.0,False,"(5, 2)",onion,"(3, 2)",dish,"(4, 2):soup('onion', 3, 20)","(4, 2):soup('onion', 3, 20);(4, 3):empty"
193,5,interact,"(5, 2)","(-1, 0)",onion,"(3, 2)","(0, -1)",dish,"(4, 2):soup('onion', 3, 20)","(4, 2):soup('onion', 3, 20);(4, 3):empty",0.0,12.0,5,interact,0.0,0.0,0.0,0.0,0.0,12.0,False,"(5, 2)",onion,"(3, 2)",dish,"(4, 2):soup('onion', 3, 20)","(4, 2):soup('onion', 3, 20);(4, 3):empty"
194,5,interact,"(5, 2)","(-1, 0)",onion,"(3, 2)","(0, -1)",dish,"(4, 2):soup('onion', 3, 20)","(4, 2):soup('onion', 3, 20);(4, 3):empty",0.0,12.0,5,interact,0.0,0.0,0.0,0.0,0.0,12.0,False,"(5, 2)",onion,"(3, 2)",dish,"(4, 2):soup('onion', 3, 20)","(4, 2):soup('onion', 3, 20);(4, 3):empty"
195,5,interact,"(5, 2)","(-1, 0)",onion,"(3, 2)","(0, -1)",dish,"(4, 2):soup('onion', 3, 20)","(4, 2):soup('onion', 3, 20);(4, 3):empty",0.0,12.0,5,interact,0.0,0.0,0.0,0.0,0.0,12.0,False,"(5, 2)",onion,"(3, 2)",dish,"(4, 2):soup('onion', 3, 20)","(4, 2):soup('onion', 3, 20);(4, 3):empty"
196,5,interact,"(5, 2)","(-1, 0)",onion,"(3, 2)","(0, -1)",dish,"(4, 2):soup('onion', 3, 20)","(4, 2):soup('onion', 3, 20);(4, 3):empty",0.0,12.0,5,interact,0.0,0.0,0.0,0.0,0.0,12.0,False,"(5, 2)",onion,"(3, 2)",dish,"(4, 2):soup('onion', 3, 20)","(4, 2):soup('onion', 3, 20);(4, 3):empty"
197,5,interact,"(5, 2)","(-1, 0)",onion,"(3, 2)","(0, -1)",dish,"(4, 2):soup('onion', 3, 20)","(4, 2):soup('onion', 3, 20);(4, 3):empty",0.0,12.0,5,interact,0.0,0.0,0.0,0.0,0.0,12.0,False,"(5, 2)",onion,"(3, 2)",dish,"(4, 2):soup('onion', 3, 20)","(4, 2):soup('onion', 3, 20);(4, 3):empty"
198,5,interact,"(5, 2)","(-1, 0)",onion,"(3, 2)","(0, -1)",dish,"(4, 2):soup('onion', 3, 20)","(4, 2):soup('onion', 3, 20);(4, 3):empty",0.0,12.0,5,interact,0.0,0.0,0.0,0.0,0.0,12.0,False,"(5, 2)",onion,"(3, 2)",dish,"(4, 2):soup('onion', 3, 20)","(4, 2):soup('onion', 3, 20);(4, 3):empty"
199,5,interact,"(5, 2)","(-1, 0)",onion,"(3, 2)","(0, -1)",dish,"(4, 2):soup('onion', 3, 20)","(4, 2):soup('onion', 3, 20);(4, 3):empty",0.0,12.0,5,interact,0.0,0.0,0.0,0.0,0.0,12.0,False,"(5, 2)",onion,"(3, 2)",dish,"(4, 2):soup('onion', 3, 20)","(4, 2):soup('onion', 3, 20);(4, 3):empty"
200,5,interact,"(5, 2)","(-1, 0)",onion,"(3, 2)","(0, -1)",dish,"(4, 2):soup('onion', 3, 20)","(4, 2):soup('onion', 3, 20);(4, 3):empty",0.0,12.0,5,interact,0.0,0.0,0.0,0.0,0.0,12.0,False,"(5, 2)",onion,"(3, 2)",dish,"(4, 2):soup('onion', 3, 20)","(4, 2):soup('onion', 3, 20);(4, 3):empty"
201,5,interact,"(5, 2)","(-1, 0)",onion,"(3, 2)","(0, -1)",dish,"(4, 2):soup('onion', 3, 20)","(4, 2):soup('onion', 3, 20);(4, 3):empty",0.0,12.0,5,interact,0.0,0.0,0.0,0.0,0.0,12.0,False,"(5, 2)",onion,"(3, 2)",dish,"(4, 2):soup('onion', 3, 20)","(4, 2):soup('onion', 3, 20);(4, 3):empty"
202,5,interact,"(5, 2)","(-1, 0)",onion,"(3, 2)","(0, -1)",dish,"(4, 2):soup('onion', 3, 20)","(4, 2):soup('onion', 3, 20);(4, 3):empty",0.0,12.0,5,interact,0.0,0.0,0.0,0.0,0.0,12.0,False,"(5, 2)",onion,"(3, 2)",dish,"(4, 2):soup('onion', 3, 20)","(4, 2):soup('onion', 3, 20);(4, 3):empty"
203,5,interact,"(5, 2)","(-1, 0)",onion,"(3, 2)","(0, -1)",dish,"(4, 2):soup('onion', 3, 20)","(4, 2):soup('onion', 3, 20);(4, 3):empty",0.0,12.0,5,interact,0.0,0.0,0.0,0.0,0.0,12.0,False,"(5, 2)",onion,"(3, 2)",dish,"(4, 2):soup('onion', 3, 20)","(4, 2):soup('onion', 3, 20);(4, 3):empty"
204,5,interact,"(5, 2)","(-1, 0)",onion,"(3, 2)","(0, -1)",dish,"(4, 2):soup('onion', 3, 20)","(4, 2):soup('onion', 3, 20);(4, 3):empty",0.0,12.0,5,interact,0.0,0.0,0.0,0.0,0.0,12.0,False,"(5, 2)",onion,"(3, 2)",dish,"(4, 2):soup('onion', 3, 20)","(4, 2):soup('onion', 3, 20);(4, 3):empty"
205,5,interact,"(5, 2)","(-1, 0)",onion,"(3, 2)","(0, -1)",dish,"(4, 2):soup('onion', 3, 20)","(4, 2):soup('onion', 3, 20);(4, 3):empty",0.0,12.0,5,interact,0.0,0.0,0.0,0.0,0.0,12.0,False,"(5, 2)",onion,"(3, 2)",dish,"(4, 2):soup('onion', 3, 20)","(4, 2):soup('onion', 3, 20);(4, 3):empty"
206,5,interact,"(5, 2)","(-1, 0)",onion,"(3, 2)","(0, -1)",dish,"(4, 2):soup('onion', 3, 20)","(4, 2):soup('onion', 3, 20);(4, 3):empty",0.0,12.0,5,interact,0.0,0.0,0.0,0.0,0.0,12.0,False,"(5, 2)",onion,"(3, 2)",dish,"(4, 2):soup('onion', 3, 20)","(4, 2):soup('onion', 3, 20);(4, 3):empty"
207,5,interact,"(5, 2)","(-1, 0)",onion,"(3, 2)","(0, -1)",dish,"(4, 2):soup('onion', 3, 20)","(4, 2):soup('onion', 3, 20);(4, 3):empty",0.0,12.0,5,interact,0.0,0.0,0.0,0.0,0.0,12.0,False,"(5, 2)",onion,"(3, 2)",dish,"(4, 2):soup('onion', 3, 20)","(4, 2):soup('onion', 3, 20);(4, 3):empty"
208,5,interact,"(5, 2)","(-1, 0)",onion,"(3, 2)","(0, -1)",dish,"(4, 2):soup('onion', 3, 20)","(4, 2):soup('onion', 3, 20);(4, 3):empty",0.0,12.0,5,interact,0.0,0.0,0.0,0.0,0.0,12.0,False,"(5, 2)",onion,"(3, 2)",dish,"(4, 2):soup('onion', 3, 20)","(4, 2):soup('onion', 3, 20);(4, 3):empty"
209,5,interact,"(5, 2)","(-1, 0)",onion,"(3, 2)","(0, -1)",dish,"(4, 2):soup('onion', 3, 20)","(4, 2):soup('onion', 3, 20);(4, 3):empty",0.0,12.0,5,interact,0.0,0.0,0.0,0.0,0.0,12.0,False,"(5, 2)",onion,"(3, 2)",dish,"(4, 2):soup('onion', 3, 20)","(4, 2):soup('onion', 3, 20);(4, 3):empty"
210,5,interact,"(5, 2)","(-1, 0)",onion,"(3, 2)","(0, -1)",dish,"(4, 2):soup('onion', 3, 20)","(4, 2):soup('onion', 3, 20);(4, 3):empty",0.0,12.0,5,interact,0.0,0.0,0.0,0.0,0.0,12.0,False,"(5, 2)",onion,"(3, 2)",dish,"(4, 2):soup('onion', 3, 20)","(4, 2):soup('onion', 3, 20);(4, 3):empty"
211,5,interact,"(5, 2)","(-1, 0)",onion,"(3, 2)","(0, -1)",dish,"(4, 2):soup('onion', 3, 20)","(4, 2):soup('onion', 3, 20);(4, 3):empty",0.0,12.0,5,interact,0.0,0.0,0.0,0.0,0.0,12.0,False,"(5, 2)",onion,"(3, 2)",dish,"(4, 2):soup('onion', 3, 20)","(4, 2):soup('onion', 3, 20);(4, 3):empty"
212,5,interact,"(5, 2)","(-1, 0)",onion,"(3, 2)","(0, -1)",dish,"(4, 2):soup('onion', 3, 20)","(4, 2):soup('onion', 3, 20);(4, 3):empty",0.0,12.0,5,interact,0.0,0.0,0.0,0.0,0.0,12.0,False,"(5, 2)",onion,"(3, 2)",dish,"(4, 2):soup('onion', 3, 20)","(4, 2):soup('onion', 3, 20);(4, 3):empty"
213,5,interact,"(5, 2)","(-1, 0)",onion,"(3, 2)","(0, -1)",dish,"(4, 2):soup('onion', 3, 20)","(4, 2):soup('onion', 3, 20);(4, 3):empty",0.0,12.0,5,interact,0.0,0.0,0.0,0.0,0.0,12.0,False,"(5, 2)",onion,"(3, 2)",dish,"(4, 2):soup('onion', 3, 20)","(4, 2):soup('onion', 3, 20);(4, 3):empty"
214,5,interact,"(5, 2)","(-1, 0)",onion,"(3, 2)","(0, -1)",dish,"(4, 2):soup('onion', 3, 20)","(4, 2):soup('onion', 3, 20);(4, 3):empty",0.0,12.0,5,interact,0.0,0.0,0.0,0.0,0.0,12.0,False,"(5, 2)",onion,"(3, 2)",dish,"(4, 2):soup('onion', 3, 20)","(4, 2):soup('onion', 3, 20);(4, 3):empty"
215,5,interact,"(5, 2)","(-1, 0)",onion,"(3, 2)","(0, -1)",dish,"(4, 2):soup('onion', 3, 20)","(4, 2):soup('onion', 3, 20);(4, 3):empty",0.0,12.0,5,interact,0.0,0.0,0.0,0.0,0.0,12.0,False,"(5, 2)",onion,"(3, 2)",dish,"(4, 2):soup('onion', 3, 20)","(4, 2):soup('onion', 3, 20);(4, 3):empty"
216,5,interact,"(5, 2)","(-1, 0)",onion,"(3, 2)","(0, -1)",dish,"(4, 2):soup('onion', 3, 20)","(4, 2):soup('onion', 3, 20);(4, 3):empty",0.0,12.0,5,interact,0.0,0.0,0.0,0.0,0.0,12.0,False,"(5, 2)",onion,"(3, 2)",dish,"(4, 2):soup('onion', 3, 20)","(4, 2):soup('onion', 3, 20);(4, 3):empty"
217,5,interact,"(5, 2)","(-1, 0)",onion,"(3, 2)","(0, -1)",dish,"(4, 2):soup('onion', 3, 20)","(4, 2):soup('onion', 3, 20);(4, 3):empty",0.0,12.0,5,interact,0.0,0.0,0.0,0.0,0.0,12.0,False,"(5, 2)",onion,"(3, 2)",dish,"(4, 2):soup('onion', 3, 20)","(4, 2):soup('onion', 3, 20);(4, 3):empty"
218,5,interact,"(5, 2)","(-1, 0)",onion,"(3, 2)","(0, -1)",dish,"(4, 2):soup('onion', 3, 20)","(4, 2):soup('onion', 3, 20);(4, 3):empty",0.0,12.0,5,interact,0.0,0.0,0.0,0.0,0.0,12.0,False,"(5, 2)",onion,"(3, 2)",dish,"(4, 2):soup('onion', 3, 20)","(4, 2):soup('onion', 3, 20);(4, 3):empty"
219,5,interact,"(5, 2)","(-1, 0)",onion,"(3, 2)","(0, -1)",dish,"(4, 2):soup('onion', 3, 20)","(4, 2):soup('onion', 3, 20);(4, 3):empty",0.0,12.0,5,interact,0.0,0.0,0.0,0.0,0.0,12.0,False,"(5, 2)",onion,"(3, 2)",dish,"(4, 2):soup('onion', 3, 20)","(4, 2):soup('onion', 3, 20);(4, 3):empty"
220,5,interact,"(5, 2)","(-1, 0)",onion,"(3, 2)","(0, -1)",dish,"(4, 2):soup('onion', 3, 20)","(4, 2):soup('onion', 3, 20);(4, 3):empty",0.0,12.0,5,interact,0.0,0.0,0.0,0.0,0.0,12.0,False,"(5, 2)",onion,"(3, 2)",dish,"(4, 2):soup('onion', 3, 20)","(4, 2):soup('onion', 3, 20);(4, 3):empty"
221,5,interact,"(5, 2)","(-1, 0)",onion,"(3, 2)","(0, -1)",dish,"(4, 2):soup('onion', 3, 20)","(4, 2):soup('onion', 3, 20);(4, 3):empty",0.0,12.0,5,interact,0.0,0.0,0.0,0.0,0.0,12.0,False,"(5, 2)",onion,"(3, 2)",dish,"(4, 2):soup('onion', 3, 20)","(4, 2):soup('onion', 3, 20);(4, 3):empty"
222,5,interact,"(5, 2)","(-1, 0)",onion,"(3, 2)","(0, -1)",dish,"(4, 2):soup('onion', 3, 20)","(4, 2):soup('onion', 3, 20);(4, 3):empty",0.0,12.0,5,interact,0.0,0.0,0.0,0.0,0.0,12.0,False,"(5, 2)",onion,"(3, 2)",dish,"(4, 2):soup('onion', 3, 20)","(4, 2):soup('onion', 3, 20);(4, 3):empty"
223,5,interact,"(5, 2)","(-1, 0)",onion,"(3, 2)","(0, -1)",dish,"(4, 2):soup('onion', 3, 20)","(4, 2):soup('onion', 3, 20);(4, 3):empty",0.0,12.0,5,interact,0.0,0.0,0.0,0.0,0.0,12.0,False,"(5, 2)",onion,"(3, 2)",dish,"(4, 2):soup('onion', 3, 20)","(4, 2):soup('onion', 3, 20);(4, 3):empty"
224,5,interact,"(5, 2)","(-1, 0)",onion,"(3, 2)","(0, -1)",dish,"(4, 2):soup('onion', 3, 20)","(4, 2):soup('onion', 3, 20);(4, 3):empty",0.0,12.0,5,interact,0.0,0.0,0.0,0.0,0.0,12.0,False,"(5, 2)",onion,"(3, 2)",dish,"(4, 2):soup('onion', 3, 20)","(4, 2):soup('onion', 3, 20);(4, 3):empty"
225,5,interact,"(5, 2)","(-1, 0)",onion,"(3, 2)","(0, -1)",dish,"(4, 2):soup('onion', 3, 20)","(4, 2):soup('onion', 3, 20);(4, 3):empty",0.0,12.0,5,interact,0.0,0.0,0.0,0.0,0.0,12.0,False,"(5, 2)",onion,"(3, 2)",dish,"(4, 2):soup('onion', 3, 20)","(4, 2):soup('onion', 3, 20);(4, 3):empty"
226,5,interact,"(5, 2)","(-1, 0)",onion,"(3, 2)","(0, -1)",dish,"(4, 2):soup('onion', 3, 20)","(4, 2):soup('onion', 3, 20);(4, 3):empty",0.0,12.0,5,interact,0.0,0.0,0.0,0.0,0.0,12.0,False,"(5, 2)",onion,"(3, 2)",dish,"(4, 2):soup('onion', 3, 20)","(4, 2):soup('onion', 3, 20);(4, 3):empty"
227,5,interact,"(5, 2)","(-1, 0)",onion,"(3, 2)","(0, -1)",dish,"(4, 2):soup('onion', 3, 20)","(4, 2):soup('onion', 3, 20);(4, 3):empty",0.0,12.0,5,interact,0.0,0.0,0.0,0.0,0.0,12.0,False,"(5, 2)",onion,"(3, 2)",dish,"(4, 2):soup('onion', 3, 20)","(4, 2):soup('onion', 3, 20);(4, 3):empty"
228,5,interact,"(5, 2)","(-1, 0)",onion,"(3, 2)","(0, -1)",dish,"(4, 2):soup('onion', 3, 20)","(4, 2):soup('onion', 3, 20);(4, 3):empty",0.0,12.0,5,interact,0.0,0.0,0.0,0.0,0.0,12.0,False,"(5, 2)",onion,"(3, 2)",dish,"(4, 2):soup('onion', 3, 20)","(4, 2):soup('onion', 3, 20);(4, 3):empty"
229,5,interact,"(5, 2)","(-1, 0)",onion,"(3, 2)","(0, -1)",dish,"(4, 2):soup('onion', 3, 20)","(4, 2):soup('onion', 3, 20);(4, 3):empty",0.0,12.0,5,interact,0.0,0.0,0.0,0.0,0.0,12.0,False,"(5, 2)",onion,"(3, 2)",dish,"(4, 2):soup('onion', 3, 20)","(4, 2):soup('onion', 3, 20);(4, 3):empty"
230,5,interact,"(5, 2)","(-1, 0)",onion,"(3, 2)","(0, -1)",dish,"(4, 2):soup('onion', 3, 20)","(4, 2):soup('onion', 3, 20);(4, 3):empty",0.0,12.0,5,interact,0.0,0.0,0.0,0.0,0.0,12.0,False,"(5, 2)",onion,"(3, 2)",dish,"(4, 2):soup('onion', 3, 20)","(4, 2):soup('onion', 3, 20);(4, 3):empty"
231,5,interact,"(5, 2)","(-1, 0)",onion,"(3, 2)","(0, -1)",dish,"(4, 2):soup('onion', 3, 20)","(4, 2):soup('onion', 3, 20);(4, 3):empty",0.0,12.0,5,interact,0.0,0.0,0.0,0.0,0.0,12.0,False,"(5, 2)",onion,"(3, 2)",dish,"(4, 2):soup('onion', 3, 20)","(4, 2):soup('onion', 3, 20);(4, 3):empty"
232,5,interact,"(5, 2)","(-1, 0)",onion,"(3, 2)","(0, -1)",dish,"(4, 2):soup('onion', 3, 20)","(4, 2):soup('onion', 3, 20);(4, 3):empty",0.0,12.0,5,interact,0.0,0.0,0.0,0.0,0.0,12.0,False,"(5, 2)",onion,"(3, 2)",dish,"(4, 2):soup('onion', 3, 20)","(4, 2):soup('onion', 3, 20);(4, 3):empty"
233,5,interact,"(5, 2)","(-1, 0)",onion,"(3, 2)","(0, -1)",dish,"(4, 2):soup('onion', 3, 20)","(4, 2):soup('onion', 3, 20);(4, 3):empty",0.0,12.0,5,interact,0.0,0.0,0.0,0.0,0.0,12.0,False,"(5, 2)",onion,"(3, 2)",dish,"(4, 2):soup('onion', 3, 20)","(4, 2):soup('onion', 3, 20);(4, 3):empty"
234,5,interact,"(5, 2)","(-1, 0)",onion,"(3, 2)","(0, -1)",dish,"(4, 2):soup('onion', 3, 20)","(4, 2):soup('onion', 3, 20);(4, 3):empty",0.0,12.0,5,interact,0.0,0.0,0.0,0.0,0.0,12.0,False,"(5, 2)",onion,"(3, 2)",dish,"(4, 2):soup('onion', 3, 20)","(4, 2):soup('onion', 3, 20);(4, 3):empty"
235,5,interact,"(5, 2)","(-1, 0)",onion,"(3, 2)","(0, -1)",dish,"(4, 2):soup('onion', 3, 20)","(4, 2):soup('onion', 3, 20);(4, 3):empty",0.0,12.0,5,interact,0.0,0.0,0.0,0.0,0.0,12.0,False,"(5, 2)",onion,"(3, 2)",dish,"(4, 2):soup('onion', 3, 20)","(4, 2):soup('onion', 3, 20);(4, 3):empty"
236,5,interact,"(5, 2)","(-1, 0)",onion,"(3, 2)","(0, -1)",dish,"(4, 2):soup('onion', 3, 20)","(4, 2):soup('onion', 3, 20);(4, 3):empty",0.0,12.0,5,interact,0.0,0.0,0.0,0.0,0.0,12.0,False,"(5, 2)",onion,"(3, 2)",dish,"(4, 2):soup('onion', 3, 20)","(4, 2):soup('onion', 3, 20);(4, 3):empty"
237,5,interact,"(5, 2)","(-1, 0)",onion,"(3, 2)","(0, -1)",dish,"(4, 2):soup('onion', 3, 20)","(4, 2):soup('onion', 3, 20);(4, 3):empty",0.0,12.0,5,interact,0.0,0.0,0.0,0.0,0.0,12.0,False,"(5, 2)",onion,"(3, 2)",dish,"(4, 2):soup('onion', 3, 20)","(4, 2):soup('onion', 3, 20);(4, 3):empty"
238,5,interact,"(5, 2)","(-1, 0)",onion,"(3, 2)","(0, -1)",dish,"(4, 2):soup('onion', 3, 20)","(4, 2):soup('onion', 3, 20);(4, 3):empty",0.0,12.0,5,interact,0.0,0.0,0.0,0.0,0.0,12.0,False,"(5, 2)",onion,"(3, 2)",dish,"(4, 2):soup('onion', 3, 20)","(4, 2):soup('onion', 3, 20);(4, 3):empty"
239,5,interact,"(5, 2)","(-1, 0)",onion,"(3, 2)","(0, -1)",dish,"(4, 2):soup('onion', 3, 20)","(4, 2):soup('onion', 3, 20);(4, 3):empty",0.0,12.0,5,interact,0.0,0.0,0.0,0.0,0.0,12.0,False,"(5, 2)",onion,"(3, 2)",dish,"(4, 2):soup('onion', 3, 20)","(4, 2):soup('onion', 3, 20);(4, 3):empty"
240,5,interact,"(5, 2)","(-1, 0)",onion,"(3, 2)","(0, -1)",dish,"(4, 2):soup('onion', 3, 20)","(4, 2):soup('onion', 3, 20);(4, 3):empty",0.0,12.0,5,interact,0.0,0.0,0.0,0.0,0.0,12.0,False,"(5, 2)",onion,"(3, 2)",dish,"(4, 2):soup('onion', 3, 20)","(4, 2):soup('onion', 3, 20);(4, 3):empty"
241,5,interact,"(5, 2)","(-1, 0)",onion,"(3, 2)","(0, -1)",dish,"(4, 2):soup('onion', 3, 20)","(4, 2):soup('onion', 3, 20);(4, 3):empty",0.0,12.0,5,interact,0.0,0.0,0.0,0.0,0.0,12.0,False,"(5, 2)",onion,"(3, 2)",dish,"(4, 2):soup('onion', 3, 20)","(4, 2):soup('onion', 3, 20);(4, 3):empty"
242,5,interact,"(5, 2)","(-1, 0)",onion,"(3, 2)","(0, -1)",dish,"(4, 2):soup('onion', 3, 20)","(4, 2):soup('onion', 3, 20);(4, 3):empty",0.0,12.0,5,interact,0.0,0.0,0.0,0.0,0.0,12.0,False,"(5, 2)",onion,"(3, 2)",dish,"(4, 2):soup('onion', 3, 20)","(4, 2):soup('onion', 3, 20);(4, 3):empty"
243,5,interact,"(5, 2)","(-1, 0)",onion,"(3, 2)","(0, -1)",dish,"(4, 2):soup('onion', 3, 20)","(4, 2):soup('onion', 3, 20);(4, 3):empty",0.0,12.0,5,interact,0.0,0.0,0.0,0.0,0.0,12.0,False,"(5, 2)",onion,"(3, 2)",dish,"(4, 2):soup('onion', 3, 20)","(4, 2):soup('onion', 3, 20);(4, 3):empty"
244,5,interact,"(5, 2)","(-1, 0)",onion,"(3, 2)","(0, -1)",dish,"(4, 2):soup('onion', 3, 20)","(4, 2):soup('onion', 3, 20);(4, 3):empty",0.0,12.0,5,interact,0.0,0.0,0.0,0.0,0.0,12.0,False,"(5, 2)",onion,"(3, 2)",dish,"(4, 2):soup('onion', 3, 20)","(4, 2):soup('onion', 3, 20);(4, 3):empty"
245,5,interact,"(5, 2)","(-1, 0)",onion,"(3, 2)","(0, -1)",dish,"(4, 2):soup('onion', 3, 20)","(4, 2):soup('onion', 3, 20);(4, 3):empty",0.0,12.0,5,interact,0.0,0.0,0.0,0.0,0.0,12.0,False,"(5, 2)",onion,"(3, 2)",dish,"(4, 2):soup('onion', 3, 20)","(4, 2):soup('onion', 3, 20);(4, 3):empty"
246,5,interact,"(5, 2)","(-1, 0)",onion,"(3, 2)","(0, -1)",dish,"(4, 2):soup('onion', 3, 20)","(4, 2):soup('onion', 3, 20);(4, 3):empty",0.0,12.0,5,interact,0.0,0.0,0.0,0.0,0.0,12.0,False,"(5, 2)",onion,"(3, 2)",dish,"(4, 2):soup('onion', 3, 20)","(4, 2):soup('onion', 3, 20);(4, 3):empty"
247,5,interact,"(5, 2)","(-1, 0)",onion,"(3, 2)","(0, -1)",dish,"(4, 2):soup('onion', 3, 20)","(4, 2):soup('onion', 3, 20);(4, 3):empty",0.0,12.0,5,interact,0.0,0.0,0.0,0.0,0.0,12.0,False,"(5, 2)",onion,"(3, 2)",dish,"(4, 2):soup('onion', 3, 20)","(4, 2):soup('onion', 3, 20);(4, 3):empty"
248,5,interact,"(5, 2)","(-1, 0)",onion,"(3, 2)","(0, -1)",dish,"(4, 2):soup('onion', 3, 20)","(4, 2):soup('onion', 3, 20);(4, 3):empty",0.0,12.0,5,interact,0.0,0.0,0.0,0.0,0.0,12.0,False,"(5, 2)",onion,"(3, 2)",dish,"(4, 2):soup('onion', 3, 20)","(4, 2):soup('onion', 3, 20);(4, 3):empty"
249,5,interact,"(5, 2)","(-1, 0)",onion,"(3, 2)","(0, -1)",dish,"(4, 2):soup('onion', 3, 20)","(4, 2):soup('onion', 3, 20);(4, 3):empty",0.0,12.0,5,interact,0.0,0.0,0.0,0.0,0.0,12.0,False,"(5, 2)",onion,"(3, 2)",dish,"(4, 2):soup('onion', 3, 20)","(4, 2):soup('onion', 3, 20);(4, 3):empty"
250,5,interact,"(5, 2)","(-1, 0)",onion,"(3, 2)","(0, -1)",dish,"(4, 2):soup('onion', 3, 20)","(4, 2):soup('onion', 3, 20);(4, 3):empty",0.0,12.0,5,interact,0.0,0.0,0.0,0.0,0.0,12.0,False,"(5, 2)",onion,"(3, 2)",dish,"(4, 2):soup('onion', 3, 20)","(4, 2):soup('onion', 3, 20);(4, 3):empty"
251,5,interact,"(5, 2)","(-1, 0)",onion,"(3, 2)","(0, -1)",dish,"(4, 2):soup('onion', 3, 20)","(4, 2):soup('onion', 3, 20);(4, 3):empty",0.0,12.0,5,interact,0.0,0.0,0.0,0.0,0.0,12.0,False,"(5, 2)",onion,"(3, 2)",dish,"(4, 2):soup('onion', 3, 20)","(4, 2):soup('onion', 3, 20);(4, 3):empty"
252,5,interact,"(5, 2)","(-1, 0)",onion,"(3, 2)","(0, -1)",dish,"(4, 2):soup('onion', 3, 20)","(4, 2):soup('onion', 3, 20);(4, 3):empty",0.0,12.0,5,interact,0.0,0.0,0.0,0.0,0.0,12.0,False,"(5, 2)",onion,"(3, 2)",dish,"(4, 2):soup('onion', 3, 20)","(4, 2):soup('onion', 3, 20);(4, 3):empty"
253,5,interact,"(5, 2)","(-1, 0)",onion,"(3, 2)","(0, -1)",dish,"(4, 2):soup('onion', 3, 20)","(4, 2):soup('onion', 3, 20);(4, 3):empty",0.0,12.0,5,interact,0.0,0.0,0.0,0.0,0.0,12.0,False,"(5, 2)",onion,"(3, 2)",dish,"(4, 2):soup('onion', 3, 20)","(4, 2):soup('onion', 3, 20);(4, 3):empty"
254,5,interact,"(5, 2)","(-1, 0)",onion,"(3, 2)","(0, -1)",dish,"(4, 2):soup('onion', 3, 20)","(4, 2):soup('onion', 3, 20);(4, 3):empty",0.0,12.0,5,interact,0.0,0.0,0.0,0.0,0.0,12.0,False,"(5, 2)",onion,"(3, 2)",dish,"(4, 2):soup('onion', 3, 20)","(4, 2):soup('onion', 3, 20);(4, 3):empty"
255,5,interact,"(5, 2)","(-1, 0)",onion,"(3, 2)","(0, -1)",dish,"(4, 2):soup('onion', 3, 20)","(4, 2):soup('onion', 3, 20);(4, 3):empty",0.0,12.0,5,interact,0.0,0.0,0.0,0.0,0.0,12.0,False,"(5, 2)",onion,"(3, 2)",dish,"(4, 2):soup('onion', 3, 20)","(4, 2):soup('onion', 3, 20);(4, 3):empty"
256,5,interact,"(5, 2)","(-1, 0)",onion,"(3, 2)","(0, -1)",dish,"(4, 2):soup('onion', 3, 20)","(4, 2):soup('onion', 3, 20);(4, 3):empty",0.0,12.0,5,interact,0.0,0.0,0.0,0.0,0.0,12.0,False,"(5, 2)",onion,"(3, 2)",dish,"(4, 2):soup('onion', 3, 20)","(4, 2):soup('onion', 3, 20);(4, 3):empty"
257,5,interact,"(5, 2)","(-1, 0)",onion,"(3, 2)","(0, -1)",dish,"(4, 2):soup('onion', 3, 20)","(4, 2):soup('onion', 3, 20);(4, 3):empty",0.0,12.0,5,interact,0.0,0.0,0.0,0.0,0.0,12.0,False,"(5, 2)",onion,"(3, 2)",dish,"(4, 2):soup('onion', 3, 20)","(4, 2):soup('onion', 3, 20);(4, 3):empty"
258,5,interact,"(5, 2)","(-1, 0)",onion,"(3, 2)","(0, -1)",dish,"(4, 2):soup('onion', 3, 20)","(4, 2):soup('onion', 3, 20);(4, 3):empty",0.0,12.0,5,interact,0.0,0.0,0.0,0.0,0.0,12.0,False,"(5, 2)",onion,"(3, 2)",dish,"(4, 2):soup('onion', 3, 20)","(4, 2):soup('onion', 3, 20);(4, 3):empty"
259,5,interact,"(5, 2)","(-1, 0)",onion,"(3, 2)","(0, -1)",dish,"(4, 2):soup('onion', 3, 20)","(4, 2):soup('onion', 3, 20);(4, 3):empty",0.0,12.0,5,interact,0.0,0.0,0.0,0.0,0.0,12.0,False,"(5, 2)",onion,"(3, 2)",dish,"(4, 2):soup('onion', 3, 20)","(4, 2):soup('onion', 3, 20);(4, 3):empty"
260,5,interact,"(5, 2)","(-1, 0)",onion,"(3, 2)","(0, -1)",dish,"(4, 2):soup('onion', 3, 20)","(4, 2):soup('onion', 3, 20);(4, 3):empty",0.0,12.0,5,interact,0.0,0.0,0.0,0.0,0.0,12.0,False,"(5, 2)",onion,"(3, 2)",dish,"(4, 2):soup('onion', 3, 20)","(4, 2):soup('onion', 3, 20);(4, 3):empty"
261,5,interact,"(5, 2)","(-1, 0)",onion,"(3, 2)","(0, -1)",dish,"(4, 2):soup('onion', 3, 20)","(4, 2):soup('onion', 3, 20);(4, 3):empty",0.0,12.0,5,interact,0.0,0.0,0.0,0.0,0.0,12.0,False,"(5, 2)",onion,"(3, 2)",dish,"(4, 2):soup('onion', 3, 20)","(4, 2):soup('onion', 3, 20);(4, 3):empty"
262,5,interact,"(5, 2)","(-1, 0)",onion,"(3, 2)","(0, -1)",dish,"(4, 2):soup('onion', 3, 20)","(4, 2):soup('onion', 3, 20);(4, 3):empty",0.0,12.0,5,interact,0.0,0.0,0.0,0.0,0.0,12.0,False,"(5, 2)",onion,"(3, 2)",dish,"(4, 2):soup('onion', 3, 20)","(4, 2):soup('onion', 3, 20);(4, 3):empty"
263,5,interact,"(5, 2)","(-1, 0)",onion,"(3, 2)","(0, -1)",dish,"(4, 2):soup('onion', 3, 20)","(4, 2):soup('onion', 3, 20);(4, 3):empty",0.0,12.0,5,interact,0.0,0.0,0.0,0.0,0.0,12.0,False,"(5, 2)",onion,"(3, 2)",dish,"(4, 2):soup('onion', 3, 20)","(4, 2):soup('onion', 3, 20);(4, 3):empty"
264,5,interact,"(5, 2)","(-1, 0)",onion,"(3, 2)","(0, -1)",dish,"(4, 2):soup('onion', 3, 20)","(4, 2):soup('onion', 3, 20);(4, 3):empty",0.0,12.0,5,interact,0.0,0.0,0.0,0.0,0.0,12.0,False,"(5, 2)",onion,"(3, 2)",dish,"(4, 2):soup('onion', 3, 20)","(4, 2):soup('onion', 3, 20);(4, 3):empty"
265,5,interact,"(5, 2)","(-1, 0)",onion,"(3, 2)","(0, -1)",dish,"(4, 2):soup('onion', 3, 20)","(4, 2):soup('onion', 3, 20);(4, 3):empty",0.0,12.0,5,interact,0.0,0.0,0.0,0.0,0.0,12.0,False,"(5, 2)",onion,"(3, 2)",dish,"(4, 2):soup('onion', 3, 20)","(4, 2):soup('onion', 3, 20);(4, 3):empty"
266,5,interact,"(5, 2)","(-1, 0)",onion,"(3, 2)","(0, -1)",dish,"(4, 2):soup('onion', 3, 20)","(4, 2):soup('onion', 3, 20);(4, 3):empty",0.0,12.0,5,interact,0.0,0.0,0.0,0.0,0.0,12.0,False,"(5, 2)",onion,"(3, 2)",dish,"(4, 2):soup('onion', 3, 20)","(4, 2):soup('onion', 3, 20);(4, 3):empty"
267,5,interact,"(5, 2)","(-1, 0)",onion,"(3, 2)","(0, -1)",dish,"(4, 2):soup('onion', 3, 20)","(4, 2):soup('onion', 3, 20);(4, 3):empty",0.0,12.0,5,interact,0.0,0.0,0.0,0.0,0.0,12.0,False,"(5, 2)",onion,"(3, 2)",dish,"(4, 2):soup('onion', 3, 20)","(4, 2):soup('onion', 3, 20);(4, 3):empty"
268,5,interact,"(5, 2)","(-1, 0)",onion,"(3, 2)","(0, -1)",dish,"(4, 2):soup('onion', 3, 20)","(4, 2):soup('onion', 3, 20);(4, 3):empty",0.0,12.0,5,interact,0.0,0.0,0.0,0.0,0.0,12.0,False,"(5, 2)",onion,"(3, 2)",dish,"(4, 2):soup('onion', 3, 20)","(4, 2):soup('onion', 3, 20);(4, 3):empty"
269,5,interact,"(5, 2)","(-1, 0)",onion,"(3, 2)","(0, -1)",dish,"(4, 2):soup('onion', 3, 20)","(4, 2):soup('onion', 3, 20);(4, 3):empty",0.0,12.0,5,interact,0.0,0.0,0.0,0.0,0.0,12.0,False,"(5, 2)",onion,"(3, 2)",dish,"(4, 2):soup('onion', 3, 20)","(4, 2):soup('onion', 3, 20);(4, 3):empty"
270,5,interact,"(5, 2)","(-1, 0)",onion,"(3, 2)","(0, -1)",dish,"(4, 2):soup('onion', 3, 20)","(4, 2):soup('onion', 3, 20);(4, 3):empty",0.0,12.0,5,interact,0.0,0.0,0.0,0.0,0.0,12.0,False,"(5, 2)",onion,"(3, 2)",dish,"(4, 2):soup('onion', 3, 20)","(4, 2):soup('onion', 3, 20);(4, 3):empty"
271,5,interact,"(5, 2)","(-1, 0)",onion,"(3, 2)","(0, -1)",dish,"(4, 2):soup('onion', 3, 20)","(4, 2):soup('onion', 3, 20);(4, 3):empty",0.0,12.0,5,interact,0.0,0.0,0.0,0.0,0.0,12.0,False,"(5, 2)",onion,"(3, 2)",dish,"(4, 2):soup('onion', 3, 20)","(4, 2):soup('onion', 3, 20);(4, 3):empty"
272,5,interact,"(5, 2)","(-1, 0)",onion,"(3, 2)","(0, -1)",dish,"(4, 2):soup('onion', 3, 20)","(4, 2):soup('onion', 3, 20);(4, 3):empty",0.0,12.0,5,interact,0.0,0.0,0.0,0.0,0.0,12.0,False,"(5, 2)",onion,"(3, 2)",dish,"(4, 2):soup('onion', 3, 20)","(4, 2):soup('onion', 3, 20);(4, 3):empty"
273,5,interact,"(5, 2)","(-1, 0)",onion,"(3, 2)","(0, -1)",dish,"(4, 2):soup('onion', 3, 20)","(4, 2):soup('onion', 3, 20);(4, 3):empty",0.0,12.0,5,interact,0.0,0.0,0.0,0.0,0.0,12.0,False,"(5, 2)",onion,"(3, 2)",dish,"(4, 2):soup('onion', 3, 20)","(4, 2):soup('onion', 3, 20);(4, 3):empty"
274,5,interact,"(5, 2)","(-1, 0)",onion,"(3, 2)","(0, -1)",dish,"(4, 2):soup('onion', 3, 20)","(4, 2):soup('onion', 3, 20);(4, 3):empty",0.0,12.0,5,interact,0.0,0.0,0.0,0.0,0.0,12.0,False,"(5, 2)",onion,"(3, 2)",dish,"(4, 2):soup('onion', 3, 20)","(4, 2):soup('onion', 3, 20);(4, 3):empty"
275,5,interact,"(5, 2)","(-1, 0)",onion,"(3, 2)","(0, -1)",dish,"(4, 2):soup('onion', 3, 20)","(4, 2):soup('onion', 3, 20);(4, 3):empty",0.0,12.0,5,interact,0.0,0.0,0.0,0.0,0.0,12.0,False,"(5, 2)",onion,"(3, 2)",dish,"(4, 2):soup('onion', 3, 20)","(4, 2):soup('onion', 3, 20);(4, 3):empty"
276,5,interact,"(5, 2)","(-1, 0)",onion,"(3, 2)","(0, -1)",dish,"(4, 2):soup('onion', 3, 20)","(4, 2):soup('onion', 3, 20);(4, 3):empty",0.0,12.0,5,interact,0.0,0.0,0.0,0.0,0.0,12.0,False,"(5, 2)",onion,"(3, 2)",dish,"(4, 2):soup('onion', 3, 20)","(4, 2):soup('onion', 3, 20);(4, 3):empty"
277,5,interact,"(5, 2)","(-1, 0)",onion,"(3, 2)","(0, -1)",dish,"(4, 2):soup('onion', 3, 20)","(4, 2):soup('onion', 3, 20);(4, 3):empty",0.0,12.0,5,interact,0.0,0.0,0.0,0.0,0.0,12.0,False,"(5, 2)",onion,"(3, 2)",dish,"(4, 2):soup('onion', 3, 20)","(4, 2):soup('onion', 3, 20);(4, 3):empty"
278,5,interact,"(5, 2)","(-1, 0)",onion,"(3, 2)","(0, -1)",dish,"(4, 2):soup('onion', 3, 20)","(4, 2):soup('onion', 3, 20);(4, 3):empty",0.0,12.0,5,interact,0.0,0.0,0.0,0.0,0.0,12.0,False,"(5, 2)",onion,"(3, 2)",dish,"(4, 2):soup('onion', 3, 20)","(4, 2):soup('onion', 3, 20);(4, 3):empty"
279,5,interact,"(5, 2)","(-1, 0)",onion,"(3, 2)","(0, -1)",dish,"(4, 2):soup('onion', 3, 20)","(4, 2):soup('onion', 3, 20);(4, 3):empty",0.0,12.0,5,interact,0.0,0.0,0.0,0.0,0.0,12.0,False,"(5, 2)",onion,"(3, 2)",dish,"(4, 2):soup('onion', 3, 20)","(4, 2):soup('onion', 3, 20);(4, 3):empty"
280,5,interact,"(5, 2)","(-1, 0)",onion,"(3, 2)","(0, -1)",dish,"(4, 2):soup('onion', 3, 20)","(4, 2):soup('onion', 3, 20);(4, 3):empty",0.0,12.0,5,interact,0.0,0.0,0.0,0.0,0.0,12.0,False,"(5, 2)",onion,"(3, 2)",dish,"(4, 2):soup('onion', 3, 20)","(4, 2):soup('onion', 3, 20);(4, 3):empty"
281,5,interact,"(5, 2)","(-1, 0)",onion,"(3, 2)","(0, -1)",dish,"(4, 2):soup('onion', 3, 20)","(4, 2):soup('onion', 3, 20);(4, 3):empty",0.0,12.0,5,interact,0.0,0.0,0.0,0.0,0.0,12.0,False,"(5, 2)",onion,"(3, 2)",dish,"(4, 2):soup('onion', 3, 20)","(4, 2):soup('onion', 3, 20);(4, 3):empty"
282,5,interact,"(5, 2)","(-1, 0)",onion,"(3, 2)","(0, -1)",dish,"(4, 2):soup('onion', 3, 20)","(4, 2):soup('onion', 3, 20);(4, 3):empty",0.0,12.0,5,interact,0.0,0.0,0.0,0.0,0.0,12.0,False,"(5, 2)",onion,"(3, 2)",dish,"(4, 2):soup('onion', 3, 20)","(4, 2):soup('onion', 3, 20);(4, 3):empty"
283,5,interact,"(5, 2)","(-1, 0)",onion,"(3, 2)","(0, -1)",dish,"(4, 2):soup('onion', 3, 20)","(4, 2):soup('onion', 3, 20);(4, 3):empty",0.0,12.0,5,interact,0.0,0.0,0.0,0.0,0.0,12.0,False,"(5, 2)",onion,"(3, 2)",dish,"(4, 2):soup('onion', 3, 20)","(4, 2):soup('onion', 3, 20);(4, 3):empty"
284,5,interact,"(5, 2)","(-1, 0)",onion,"(3, 2)","(0, -1)",dish,"(4, 2):soup('onion', 3, 20)","(4, 2):soup('onion', 3, 20);(4, 3):empty",0.0,12.0,5,interact,0.0,0.0,0.0,0.0,0.0,12.0,False,"(5, 2)",onion,"(3, 2)",dish,"(4, 2):soup('onion', 3, 20)","(4, 2):soup('onion', 3, 20);(4, 3):empty"
285,5,interact,"(5, 2)","(-1, 0)",onion,"(3, 2)","(0, -1)",dish,"(4, 2):soup('onion', 3, 20)","(4, 2):soup('onion', 3, 20);(4, 3):empty",0.0,12.0,5,interact,0.0,0.0,0.0,0.0,0.0,12.0,False,"(5, 2)",onion,"(3, 2)",dish,"(4, 2):soup('onion', 3, 20)","(4, 2):soup('onion', 3, 20);(4, 3):empty"
286,5,interact,"(5, 2)","(-1, 0)",onion,"(3, 2)","(0, -1)",dish,"(4, 2):soup('onion', 3, 20)","(4, 2):soup('onion', 3, 20);(4, 3):empty",0.0,12.0,5,interact,0.0,0.0,0.0,0.0,0.0,12.0,False,"(5, 2)",onion,"(3, 2)",dish,"(4, 2):soup('onion', 3, 20)","(4, 2):soup('onion', 3, 20);(4, 3):empty"
287,5,interact,"(5, 2)","(-1, 0)",onion,"(3, 2)","(0, -1)",dish,"(4, 2):soup('onion', 3, 20)","(4, 2):soup('onion', 3, 20);(4, 3):empty",0.0,12.0,5,interact,0.0,0.0,0.0,0.0,0.0,12.0,False,"(5, 2)",onion,"(3, 2)",dish,"(4, 2):soup('onion', 3, 20)","(4, 2):soup('onion', 3, 20);(4, 3):empty"
288,5,interact,"(5, 2)","(-1, 0)",onion,"(3, 2)","(0, -1)",dish,"(4, 2):soup('onion', 3, 20)","(4, 2):soup('onion', 3, 20);(4, 3):empty",0.0,12.0,5,interact,0.0,0.0,0.0,0.0,0.0,12.0,False,"(5, 2)",onion,"(3, 2)",dish,"(4, 2):soup('onion', 3, 20)","(4, 2):soup('onion', 3, 20);(4, 3):empty"
289,5,interact,"(5, 2)","(-1, 0)",onion,"(3, 2)","(0, -1)",dish,"(4, 2):soup('onion', 3, 20)","(4, 2):soup('onion', 3, 20);(4, 3):empty",0.0,12.0,5,interact,0.0,0.0,0.0,0.0,0.0,12.0,False,"(5, 2)",onion,"(3, 2)",dish,"(4, 2):soup('onion', 3, 20)","(4, 2):soup('onion', 3, 20);(4, 3):empty"
290,5,interact,"(5, 2)","(-1, 0)",onion,"(3, 2)","(0, -1)",dish,"(4, 2):soup('onion', 3, 20)","(4, 2):soup('onion', 3, 20);(4, 3):empty",0.0,12.0,5,interact,0.0,0.0,0.0,0.0,0.0,12.0,False,"(5, 2)",onion,"(3, 2)",dish,"(4, 2):soup('onion', 3, 20)","(4, 2):soup('onion', 3, 20);(4, 3):empty"
291,5,interact,"(5, 2)","(-1, 0)",onion,"(3, 2)","(0, -1)",dish,"(4, 2):soup('onion', 3, 20)","(4, 2):soup('onion', 3, 20);(4, 3):empty",0.0,12.0,5,interact,0.0,0.0,0.0,0.0,0.0,12.0,False,"(5, 2)",onion,"(3, 2)",dish,"(4, 2):soup('onion', 3, 20)","(4, 2):soup('onion', 3, 20);(4, 3):empty"
292,5,interact,"(5, 2)","(-1, 0)",onion,"(3, 2)","(0, -1)",dish,"(4, 2):soup('onion', 3, 20)","(4, 2):soup('onion', 3, 20);(4, 3):empty",0.0,12.0,5,interact,0.0,0.0,0.0,0.0,0.0,12.0,False,"(5, 2)",onion,"(3, 2)",dish,"(4, 2):soup('onion', 3, 20)","(4, 2):soup('onion', 3, 20);(4, 3):empty"
293,5,interact,"(5, 2)","(-1, 0)",onion,"(3, 2)","(0, -1)",dish,"(4, 2):soup('onion', 3, 20)","(4, 2):soup('onion', 3, 20);(4, 3):empty",0.0,12.0,5,interact,0.0,0.0,0.0,0.0,0.0,12.0,False,"(5, 2)",onion,"(3, 2)",dish,"(4, 2):soup('onion', 3, 20)","(4, 2):soup('onion', 3, 20);(4, 3):empty"
294,5,interact,"(5, 2)","(-1, 0)",onion,"(3, 2)","(0, -1)",dish,"(4, 2):soup('onion', 3, 20)","(4, 2):soup('onion', 3, 20);(4, 3):empty",0.0,12.0,5,interact,0.0,0.0,0.0,0.0,0.0,12.0,False,"(5, 2)",onion,"(3, 2)",dish,"(4, 2):soup('onion', 3, 20)","(4, 2):soup('onion', 3, 20);(4, 3):empty"
295,5,interact,"(5, 2)","(-1, 0)",onion,"(3, 2)","(0, -1)",dish,"(4, 2):soup('onion', 3, 20)","(4, 2):soup('onion', 3, 20);(4, 3):empty",0.0,12.0,5,interact,0.0,0.0,0.0,0.0,0.0,12.0,False,"(5, 2)",onion,"(3, 2)",dish,"(4, 2):soup('onion', 3, 20)","(4, 2):soup('onion', 3, 20);(4, 3):empty"
296,5,interact,"(5, 2)","(-1, 0)",onion,"(3, 2)","(0, -1)",dish,"(4, 2):soup('onion', 3, 20)","(4, 2):soup('onion', 3, 20);(4, 3):empty",0.0,12.0,5,interact,0.0,0.0,0.0,0.0,0.0,12.0,False,"(5, 2)",onion,"(3, 2)",dish,"(4, 2):soup('onion', 3, 20)","(4, 2):soup('onion', 3, 20);(4, 3):empty"
297,5,interact,"(5, 2)","(-1, 0)",onion,"(3, 2)","(0, -1)",dish,"(4, 2):soup('onion', 3, 20)","(4, 2):soup('onion', 3, 20);(4, 3):empty",0.0,12.0,5,interact,0.0,0.0,0.0,0.0,0.0,12.0,False,"(5, 2)",onion,"(3, 2)",dish,"(4, 2):soup('onion', 3, 20)","(4, 2):soup('onion', 3, 20);(4, 3):empty"
298,5,interact,"(5, 2)","(-1, 0)",onion,"(3, 2)","(0, -1)",dish,"(4, 2):soup('onion', 3, 20)","(4, 2):soup('onion', 3, 20);(4, 3):empty",0.0,12.0,5,interact,0.0,0.0,0.0,0.0,0.0,12.0,False,"(5, 2)",onion,"(3, 2)",dish,"(4, 2):soup('onion', 3, 20)","(4, 2):soup('onion', 3, 20);(4, 3):empty"
299,5,interact,"(5, 2)","(-1, 0)",onion,"(3, 2)","(0, -1)",dish,"(4, 2):soup('onion', 3, 20)","(4, 2):soup('onion', 3, 20);(4, 3):empty",0.0,12.0,5,interact,0.0,0.0,0.0,0.0,0.0,12.0,False,"(5, 2)",onion,"(3, 2)",dish,"(4, 2):soup('onion', 3, 20)","(4, 2):soup('onion', 3, 20);(4, 3):empty"
300,5,interact,"(5, 2)","(-1, 0)",onion,"(3, 2)","(0, -1)",dish,"(4, 2):soup('onion', 3, 20)","(4, 2):soup('onion', 3, 20);(4, 3):empty",0.0,12.0,5,interact,0.0,0.0,0.0,0.0,0.0,12.0,False,"(5, 2)",onion,"(3, 2)",dish,"(4, 2):soup('onion', 3, 20)","(4, 2):soup('onion', 3, 20);(4, 3):empty"
301,5,interact,"(5, 2)","(-1, 0)",onion,"(3, 2)","(0, -1)",dish,"(4, 2):soup('onion', 3, 20)","(4, 2):soup('onion', 3, 20);(4, 3):empty",0.0,12.0,5,interact,0.0,0.0,0.0,0.0,0.0,12.0,False,"(5, 2)",onion,"(3, 2)",dish,"(4, 2):soup('onion', 3, 20)","(4, 2):soup('onion', 3, 20);(4, 3):empty"
302,5,interact,"(5, 2)","(-1, 0)",onion,"(3, 2)","(0, -1)",dish,"(4, 2):soup('onion', 3, 20)","(4, 2):soup('onion', 3, 20);(4, 3):empty",0.0,12.0,5,interact,0.0,0.0,0.0,0.0,0.0,12.0,False,"(5, 2)",onion,"(3, 2)",dish,"(4, 2):soup('onion', 3, 20)","(4, 2):soup('onion', 3, 20);(4, 3):empty"
303,5,interact,"(5, 2)","(-1, 0)",onion,"(3, 2)","(0, -1)",dish,"(4, 2):soup('onion', 3, 20)","(4, 2):soup('onion', 3, 20);(4, 3):empty",0.0,12.0,5,interact,0.0,0.0,0.0,0.0,0.0,12.0,False,"(5, 2)",onion,"(3, 2)",dish,"(4, 2):soup('onion', 3, 20)","(4, 2):soup('onion', 3, 20);(4, 3):empty"
304,5,interact,"(5, 2)","(-1, 0)",onion,"(3, 2)","(0, -1)",dish,"(4, 2):soup('onion', 3, 20)","(4, 2):soup('onion', 3, 20);(4, 3):empty",0.0,12.0,5,interact,0.0,0.0,0.0,0.0,0.0,12.0,False,"(5, 2)",onion,"(3, 2)",dish,"(4, 2):soup('onion', 3, 20)","(4, 2):soup('onion', 3, 20);(4, 3):empty"
305,5,interact,"(5, 2)","(-1, 0)",onion,"(3, 2)","(0, -1)",dish,"(4, 2):soup('onion', 3, 20)","(4, 2):soup('onion', 3, 20);(4, 3):empty",0.0,12.0,5,interact,0.0,0.0,0.0,0.0,0.0,12.0,False,"(5, 2)",onion,"(3, 2)",dish,"(4, 2):soup('onion', 3, 20)","(4, 2):soup('onion', 3, 20);(4, 3):empty"
306,5,interact,"(5, 2)","(-1, 0)",onion,"(3, 2)","(0, -1)",dish,"(4, 2):soup('onion', 3, 20)","(4, 2):soup('onion', 3, 20);(4, 3):empty",0.0,12.0,5,interact,0.0,0.0,0.0,0.0,0.0,12.0,False,"(5, 2)",onion,"(3, 2)",dish,"(4, 2):soup('onion', 3, 20)","(4, 2):soup('onion', 3, 20);(4, 3):empty"
307,5,interact,"(5, 2)","(-1, 0)",onion,"(3, 2)","(0, -1)",dish,"(4, 2):soup('onion', 3, 20)","(4, 2):soup('onion', 3, 20);(4, 3):empty",0.0,12.0,5,interact,0.0,0.0,0.0,0.0,0.0,12.0,False,"(5, 2)",onion,"(3, 2)",dish,"(4, 2):soup('onion', 3, 20)","(4, 2):soup('onion', 3, 20);(4, 3):empty"
308,5,interact,"(5, 2)","(-1, 0)",onion,"(3, 2)","(0, -1)",dish,"(4, 2):soup('onion', 3, 20)","(4, 2):soup('onion', 3, 20);(4, 3):empty",0.0,12.0,5,interact,0.0,0.0,0.0,0.0,0.0,12.0,False,"(5, 2)",onion,"(3, 2)",dish,"(4, 2):soup('onion', 3, 20)","(4, 2):soup('onion', 3, 20);(4, 3):empty"
309,5,interact,"(5, 2)","(-1, 0)",onion,"(3, 2)","(0, -1)",dish,"(4, 2):soup('onion', 3, 20)","(4, 2):soup('onion', 3, 20);(4, 3):empty",0.0,12.0,5,interact,0.0,0.0,0.0,0.0,0.0,12.0,False,"(5, 2)",onion,"(3, 2)",dish,"(4, 2):soup('onion', 3, 20)","(4, 2):soup('onion', 3, 20);(4, 3):empty"
310,5,interact,"(5, 2)","(-1, 0)",onion,"(3, 2)","(0, -1)",dish,"(4, 2):soup('onion', 3, 20)","(4, 2):soup('onion', 3, 20);(4, 3):empty",0.0,12.0,5,interact,0.0,0.0,0.0,0.0,0.0,12.0,False,"(5, 2)",onion,"(3, 2)",dish,"(4, 2):soup('onion', 3, 20)","(4, 2):soup('onion', 3, 20);(4, 3):empty"
311,5,interact,"(5, 2)","(-1, 0)",onion,"(3, 2)","(0, -1)",dish,"(4, 2):soup('onion', 3, 20)","(4, 2):soup('onion', 3, 20);(4, 3):empty",0.0,12.0,5,interact,0.0,0.0,0.0,0.0,0.0,12.0,False,"(5, 2)",onion,"(3, 2)",dish,"(4, 2):soup('onion', 3, 20)","(4, 2):soup('onion', 3, 20);(4, 3):empty"
312,5,interact,"(5, 2)","(-1, 0)",onion,"(3, 2)","(0, -1)",dish,"(4, 2):soup('onion', 3, 20)","(4, 2):soup('onion', 3, 20);(4, 3):empty",0.0,12.0,5,interact,0.0,0.0,0.0,0.0,0.0,12.0,False,"(5, 2)",onion,"(3, 2)",dish,"(4, 2):soup('onion', 3, 20)","(4, 2):soup('onion', 3, 20);(4, 3):empty"
313,5,interact,"(5, 2)","(-1, 0)",onion,"(3, 2)","(0, -1)",dish,"(4, 2):soup('onion', 3, 20)","(4, 2):soup('onion', 3, 20);(4, 3):empty",0.0,12.0,5,interact,0.0,0.0,0.0,0.0,0.0,12.0,False,"(5, 2)",onion,"(3, 2)",dish,"(4, 2):soup('onion', 3, 20)","(4, 2):soup('onion', 3, 20);(4, 3):empty"
314,5,interact,"(5, 2)","(-1, 0)",onion,"(3, 2)","(0, -1)",dish,"(4, 2):soup('onion', 3, 20)","(4, 2):soup('onion', 3, 20);(4, 3):empty",0.0,12.0,5,interact,0.0,0.0,0.0,0.0,0.0,12.0,False,"(5, 2)",onion,"(3, 2)",dish,"(4, 2):soup('onion', 3, 20)","(4, 2):soup('onion', 3, 20);(4, 3):empty"
315,5,interact,"(5, 2)","(-1, 0)",onion,"(3, 2)","(0, -1)",dish,"(4, 2):soup('onion', 3, 20)","(4, 2):soup('onion', 3, 20);(4, 3):empty",0.0,12.0,5,interact,0.0,0.0,0.0,0.0,0.0,12.0,False,"(5, 2)",onion,"(3, 2)",dish,"(4, 2):soup('onion', 3, 20)","(4, 2):soup('onion', 3, 20);(4, 3):empty"
316,5,interact,"(5, 2)","(-1, 0)",onion,"(3, 2)","(0, -1)",dish,"(4, 2):soup('onion', 3, 20)","(4, 2):soup('onion', 3, 20);(4, 3):empty",0.0,12.0,5,interact,0.0,0.0,0.0,0.0,0.0,12.0,False,"(5, 2)",onion,"(3, 2)",dish,"(4, 2):soup('onion', 3, 20)","(4, 2):soup('onion', 3, 20);(4, 3):empty"
317,5,interact,"(5, 2)","(-1, 0)",onion,"(3, 2)","(0, -1)",dish,"(4, 2):soup('onion', 3, 20)","(4, 2):soup('onion', 3, 20);(4, 3):empty",0.0,12.0,5,interact,0.0,0.0,0.0,0.0,0.0,12.0,False,"(5, 2)",onion,"(3, 2)",dish,"(4, 2):soup('onion', 3, 20)","(4, 2):soup('onion', 3, 20);(4, 3):empty"
318,5,interact,"(5, 2)","(-1, 0)",onion,"(3, 2)","(0, -1)",dish,"(4, 2):soup('onion', 3, 20)","(4, 2):soup('onion', 3, 20);(4, 3):empty",0.0,12.0,5,interact,0.0,0.0,0.0,0.0,0.0,12.0,False,"(5, 2)",onion,"(3, 2)",dish,"(4, 2):soup('onion', 3, 20)","(4, 2):soup('onion', 3, 20);(4, 3):empty"
319,5,interact,"(5, 2)","(-1, 0)",onion,"(3, 2)","(0, -1)",dish,"(4, 2):soup('onion', 3, 20)","(4, 2):soup('onion', 3, 20);(4, 3):empty",0.0,12.0,5,interact,0.0,0.0,0.0,0.0,0.0,12.0,False,"(5, 2)",onion,"(3, 2)",dish,"(4, 2):soup('onion', 3, 20)","(4, 2):soup('onion', 3, 20);(4, 3):empty"
320,5,interact,"(5, 2)","(-1, 0)",onion,"(3, 2)","(0, -1)",dish,"(4, 2):soup('onion', 3, 20)","(4, 2):soup('onion', 3, 20);(4, 3):empty",0.0,12.0,5,interact,0.0,0.0,0.0,0.0,0.0,12.0,False,"(5, 2)",onion,"(3, 2)",dish,"(4, 2):soup('onion', 3, 20)","(4, 2):soup('onion', 3, 20);(4, 3):empty"
321,5,interact,"(5, 2)","(-1, 0)",onion,"(3, 2)","(0, -1)",dish,"(4, 2):soup('onion', 3, 20)","(4, 2):soup('onion', 3, 20);(4, 3):empty",0.0,12.0,5,interact,0.0,0.0,0.0,0.0,0.0,12.0,False,"(5, 2)",onion,"(3, 2)",dish,"(4, 2):soup('onion', 3, 20)","(4, 2):soup('onion', 3, 20);(4, 3):empty"
322,5,interact,"(5, 2)","(-1, 0)",onion,"(3, 2)","(0, -1)",dish,"(4, 2):soup('onion', 3, 20)","(4, 2):soup('onion', 3, 20);(4, 3):empty",0.0,12.0,5,interact,0.0,0.0,0.0,0.0,0.0,12.0,False,"(5, 2)",onion,"(3, 2)",dish,"(4, 2):soup('onion', 3, 20)","(4, 2):soup('onion', 3, 20);(4, 3):empty"
323,5,interact,"(5, 2)","(-1, 0)",onion,"(3, 2)","(0, -1)",dish,"(4, 2):soup('onion', 3, 20)","(4, 2):soup('onion', 3, 20);(4, 3):empty",0.0,12.0,5,interact,0.0,0.0,0.0,0.0,0.0,12.0,False,"(5, 2)",onion,"(3, 2)",dish,"(4, 2):soup('onion', 3, 20)","(4, 2):soup('onion', 3, 20);(4, 3):empty"
324,5,interact,"(5, 2)","(-1, 0)",onion,"(3, 2)","(0, -1)",dish,"(4, 2):soup('onion', 3, 20)","(4, 2):soup('onion', 3, 20);(4, 3):empty",0.0,12.0,5,interact,0.0,0.0,0.0,0.0,0.0,12.0,False,"(5, 2)",onion,"(3, 2)",dish,"(4, 2):soup('onion', 3, 20)","(4, 2):soup('onion', 3, 20);(4, 3):empty"
325,5,interact,"(5, 2)","(-1, 0)",onion,"(3, 2)","(0, -1)",dish,"(4, 2):soup('onion', 3, 20)","(4, 2):soup('onion', 3, 20);(4, 3):empty",0.0,12.0,5,interact,0.0,0.0,0.0,0.0,0.0,12.0,False,"(5, 2)",onion,"(3, 2)",dish,"(4, 2):soup('onion', 3, 20)","(4, 2):soup('onion', 3, 20);(4, 3):empty"
326,5,interact,"(5, 2)","(-1, 0)",onion,"(3, 2)","(0, -1)",dish,"(4, 2):soup('onion', 3, 20)","(4, 2):soup('onion', 3, 20);(4, 3):empty",0.0,12.0,5,interact,0.0,0.0,0.0,0.0,0.0,12.0,False,"(5, 2)",onion,"(3, 2)",dish,"(4, 2):soup('onion', 3, 20)","(4, 2):soup('onion', 3, 20);(4, 3):empty"
327,5,interact,"(5, 2)","(-1, 0)",onion,"(3, 2)","(0, -1)",dish,"(4, 2):soup('onion', 3, 20)","(4, 2):soup('onion', 3, 20);(4, 3):empty",0.0,12.0,5,interact,0.0,0.0,0.0,0.0,0.0,12.0,False,"(5, 2)",onion,"(3, 2)",dish,"(4, 2):soup('onion', 3, 20)","(4, 2):soup('onion', 3, 20);(4, 3):empty"
328,5,interact,"(5, 2)","(-1, 0)",onion,"(3, 2)","(0, -1)",dish,"(4, 2):soup('onion', 3, 20)","(4, 2):soup('onion', 3, 20);(4, 3):empty",0.0,12.0,5,interact,0.0,0.0,0.0,0.0,0.0,12.0,False,"(5, 2)",onion,"(3, 2)",dish,"(4, 2):soup('onion', 3, 20)","(4, 2):soup('onion', 3, 20);(4, 3):empty"
329,5,interact,"(5, 2)","(-1, 0)",onion,"(3, 2)","(0, -1)",dish,"(4, 2):soup('onion', 3, 20)","(4, 2):soup('onion', 3, 20);(4, 3):empty",0.0,12.0,5,interact,0.0,0.0,0.0,0.0,0.0,12.0,False,"(5, 2)",onion,"(3, 2)",dish,"(4, 2):soup('onion', 3, 20)","(4, 2):soup('onion', 3, 20);(4, 3):empty"
330,5,interact,"(5, 2)","(-1, 0)",onion,"(3, 2)","(0, -1)",dish,"(4, 2):soup('onion', 3, 20)","(4, 2):soup('onion', 3, 20);(4, 3):empty",0.0,12.0,5,interact,0.0,0.0,0.0,0.0,0.0,12.0,False,"(5, 2)",onion,"(3, 2)",dish,"(4, 2):soup('onion', 3, 20)","(4, 2):soup('onion', 3, 20);(4, 3):empty"
331,5,interact,"(5, 2)","(-1, 0)",onion,"(3, 2)","(0, -1)",dish,"(4, 2):soup('onion', 3, 20)","(4, 2):soup('onion', 3, 20);(4, 3):empty",0.0,12.0,5,interact,0.0,0.0,0.0,0.0,0.0,12.0,False,"(5, 2)",onion,"(3, 2)",dish,"(4, 2):soup('onion', 3, 20)","(4, 2):soup('onion', 3, 20);(4, 3):empty"
332,5,interact,"(5, 2)","(-1, 0)",onion,"(3, 2)","(0, -1)",dish,"(4, 2):soup('onion', 3, 20)","(4, 2):soup('onion', 3, 20);(4, 3):empty",0.0,12.0,5,interact,0.0,0.0,0.0,0.0,0.0,12.0,False,"(5, 2)",onion,"(3, 2)",dish,"(4, 2):soup('onion', 3, 20)","(4, 2):soup('onion', 3, 20);(4, 3):empty"
333,5,interact,"(5, 2)","(-1, 0)",onion,"(3, 2)","(0, -1)",dish,"(4, 2):soup('onion', 3, 20)","(4, 2):soup('onion', 3, 20);(4, 3):empty",0.0,12.0,5,interact,0.0,0.0,0.0,0.0,0.0,12.0,False,"(5, 2)",onion,"(3, 2)",dish,"(4, 2):soup('onion', 3, 20)","(4, 2):soup('onion', 3, 20);(4, 3):empty"
334,5,interact,"(5, 2)","(-1, 0)",onion,"(3, 2)","(0, -1)",dish,"(4, 2):soup('onion', 3, 20)","(4, 2):soup('onion', 3, 20);(4, 3):empty",0.0,12.0,5,interact,0.0,0.0,0.0,0.0,0.0,12.0,False,"(5, 2)",onion,"(3, 2)",dish,"(4, 2):soup('onion', 3, 20)","(4, 2):soup('onion', 3, 20);(4, 3):empty"
335,5,interact,"(5, 2)","(-1, 0)",onion,"(3, 2)","(0, -1)",dish,"(4, 2):soup('onion', 3, 20)","(4, 2):soup('onion', 3, 20);(4, 3):empty",0.0,12.0,5,interact,0.0,0.0,0.0,0.0,0.0,12.0,False,"(5, 2)",onion,"(3, 2)",dish,"(4, 2):soup('onion', 3, 20)","(4, 2):soup('onion', 3, 20);(4, 3):empty"
336,5,interact,"(5, 2)","(-1, 0)",onion,"(3, 2)","(0, -1)",dish,"(4, 2):soup('onion', 3, 20)","(4, 2):soup('onion', 3, 20);(4, 3):empty",0.0,12.0,5,interact,0.0,0.0,0.0,0.0,0.0,12.0,False,"(5, 2)",onion,"(3, 2)",dish,"(4, 2):soup('onion', 3, 20)","(4, 2):soup('onion', 3, 20);(4, 3):empty"
337,5,interact,"(5, 2)","(-1, 0)",onion,"(3, 2)","(0, -1)",dish,"(4, 2):soup('onion', 3, 20)","(4, 2):soup('onion', 3, 20);(4, 3):empty",0.0,12.0,5,interact,0.0,0.0,0.0,0.0,0.0,12.0,False,"(5, 2)",onion,"(3, 2)",dish,"(4, 2):soup('onion', 3, 20)","(4, 2):soup('onion', 3, 20);(4, 3):empty"
338,5,interact,"(5, 2)","(-1, 0)",onion,"(3, 2)","(0, -1)",dish,"(4, 2):soup('onion', 3, 20)","(4, 2):soup('onion', 3, 20);(4, 3):empty",0.0,12.0,5,interact,0.0,0.0,0.0,0.0,0.0,12.0,False,"(5, 2)",onion,"(3, 2)",dish,"(4, 2):soup('onion', 3, 20)","(4, 2):soup('onion', 3, 20);(4, 3):empty"
339,5,interact,"(5, 2)","(-1, 0)",onion,"(3, 2)","(0, -1)",dish,"(4, 2):soup('onion', 3, 20)","(4, 2):soup('onion', 3, 20);(4, 3):empty",0.0,12.0,5,interact,0.0,0.0,0.0,0.0,0.0,12.0,False,"(5, 2)",onion,"(3, 2)",dish,"(4, 2):soup('onion', 3, 20)","(4, 2):soup('onion', 3, 20);(4, 3):empty"
340,5,interact,"(5, 2)","(-1, 0)",onion,"(3, 2)","(0, -1)",dish,"(4, 2):soup('onion', 3, 20)","(4, 2):soup('onion', 3, 20);(4, 3):empty",0.0,12.0,5,interact,0.0,0.0,0.0,0.0,0.0,12.0,False,"(5, 2)",onion,"(3, 2)",dish,"(4, 2):soup('onion', 3, 20)","(4, 2):soup('onion', 3, 20);(4, 3):empty"
341,5,interact,"(5, 2)","(-1, 0)",onion,"(3, 2)","(0, -1)",dish,"(4, 2):soup('onion', 3, 20)","(4, 2):soup('onion', 3, 20);(4, 3):empty",0.0,12.0,5,interact,0.0,0.0,0.0,0.0,0.0,12.0,False,"(5, 2)",onion,"(3, 2)",dish,"(4, 2):soup('onion', 3, 20)","(4, 2):soup('onion', 3, 20);(4, 3):empty"
342,5,interact,"(5, 2)","(-1, 0)",onion,"(3, 2)","(0, -1)",dish,"(4, 2):soup('onion', 3, 20)","(4, 2):soup('onion', 3, 20);(4, 3):empty",0.0,12.0,5,interact,0.0,0.0,0.0,0.0,0.0,12.0,False,"(5, 2)",onion,"(3, 2)",dish,"(4, 2):soup('onion', 3, 20)","(4, 2):soup('onion', 3, 20);(4, 3):empty"
343,5,interact,"(5, 2)","(-1, 0)",onion,"(3, 2)","(0, -1)",dish,"(4, 2):soup('onion', 3, 20)","(4, 2):soup('onion', 3, 20);(4, 3):empty",0.0,12.0,5,interact,0.0,0.0,0.0,0.0,0.0,12.0,False,"(5, 2)",onion,"(3, 2)",dish,"(4, 2):soup('onion', 3, 20)","(4, 2):soup('onion', 3, 20);(4, 3):empty"
344,5,interact,"(5, 2)","(-1, 0)",onion,"(3, 2)","(0, -1)",dish,"(4, 2):soup('onion', 3, 20)","(4, 2):soup('onion', 3, 20);(4, 3):empty",0.0,12.0,5,interact,0.0,0.0,0.0,0.0,0.0,12.0,False,"(5, 2)",onion,"(3, 2)",dish,"(4, 2):soup('onion', 3, 20)","(4, 2):soup('onion', 3, 20);(4, 3):empty"
345,5,interact,"(5, 2)","(-1, 0)",onion,"(3, 2)","(0, -1)",dish,"(4, 2):soup('onion', 3, 20)","(4, 2):soup('onion', 3, 20);(4, 3):empty",0.0,12.0,5,interact,0.0,0.0,0.0,0.0,0.0,12.0,False,"(5, 2)",onion,"(3, 2)",dish,"(4, 2):soup('onion', 3, 20)","(4, 2):soup('onion', 3, 20);(4, 3):empty"
346,5,interact,"(5, 2)","(-1, 0)",onion,"(3, 2)","(0, -1)",dish,"(4, 2):soup('onion', 3, 20)","(4, 2):soup('onion', 3, 20);(4, 3):empty",0.0,12.0,5,interact,0.0,0.0,0.0,0.0,0.0,12.0,False,"(5, 2)",onion,"(3, 2)",dish,"(4, 2):soup('onion', 3, 20)","(4, 2):soup('onion', 3, 20);(4, 3):empty"
347,5,interact,"(5, 2)","(-1, 0)",onion,"(3, 2)","(0, -1)",dish,"(4, 2):soup('onion', 3, 20)","(4, 2):soup('onion', 3, 20);(4, 3):empty",0.0,12.0,5,interact,0.0,0.0,0.0,0.0,0.0,12.0,False,"(5, 2)",onion,"(3, 2)",dish,"(4, 2):soup('onion', 3, 20)","(4, 2):soup('onion', 3, 20);(4, 3):empty"
348,5,interact,"(5, 2)","(-1, 0)",onion,"(3, 2)","(0, -1)",dish,"(4, 2):soup('onion', 3, 20)","(4, 2):soup('onion', 3, 20);(4, 3):empty",0.0,12.0,5,interact,0.0,0.0,0.0,0.0,0.0,12.0,False,"(5, 2)",onion,"(3, 2)",dish,"(4, 2):soup('onion', 3, 20)","(4, 2):soup('onion', 3, 20);(4, 3):empty"
349,5,interact,"(5, 2)","(-1, 0)",onion,"(3, 2)","(0, -1)",dish,"(4, 2):soup('onion', 3, 20)","(4, 2):soup('onion', 3, 20);(4, 3):empty",0.0,12.0,5,interact,0.0,0.0,0.0,0.0,0.0,12.0,False,"(5, 2)",onion,"(3, 2)",dish,"(4, 2):soup('onion', 3, 20)","(4, 2):soup('onion', 3, 20);(4, 3):empty"
350,5,interact,"(5, 2)","(-1, 0)",onion,"(3, 2)","(0, -1)",dish,"(4, 2):soup('onion', 3, 20)","(4, 2):soup('onion', 3, 20);(4, 3):empty",0.0,12.0,5,interact,0.0,0.0,0.0,0.0,0.0,12.0,False,"(5, 2)",onion,"(3, 2)",dish,"(4, 2):soup('onion', 3, 20)","(4, 2):soup('onion', 3, 20);(4, 3):empty"
351,5,interact,"(5, 2)","(-1, 0)",onion,"(3, 2)","(0, -1)",dish,"(4, 2):soup('onion', 3, 20)","(4, 2):soup('onion', 3, 20);(4, 3):empty",0.0,12.0,5,interact,0.0,0.0,0.0,0.0,0.0,12.0,False,"(5, 2)",onion,"(3, 2)",dish,"(4, 2):soup('onion', 3, 20)","(4, 2):soup('onion', 3, 20);(4, 3):empty"
352,5,interact,"(5, 2)","(-1, 0)",onion,"(3, 2)","(0, -1)",dish,"(4, 2):soup('onion', 3, 20)","(4, 2):soup('onion', 3, 20);(4, 3):empty",0.0,12.0,5,interact,0.0,0.0,0.0,0.0,0.0,12.0,False,"(5, 2)",onion,"(3, 2)",dish,"(4, 2):soup('onion', 3, 20)","(4, 2):soup('onion', 3, 20);(4, 3):empty"
353,5,interact,"(5, 2)","(-1, 0)",onion,"(3, 2)","(0, -1)",dish,"(4, 2):soup('onion', 3, 20)","(4, 2):soup('onion', 3, 20);(4, 3):empty",0.0,12.0,5,interact,0.0,0.0,0.0,0.0,0.0,12.0,False,"(5, 2)",onion,"(3, 2)",dish,"(4, 2):soup('onion', 3, 20)","(4, 2):soup('onion', 3, 20);(4, 3):empty"
354,5,interact,"(5, 2)","(-1, 0)",onion,"(3, 2)","(0, -1)",dish,"(4, 2):soup('onion', 3, 20)","(4, 2):soup('onion', 3, 20);(4, 3):empty",0.0,12.0,5,interact,0.0,0.0,0.0,0.0,0.0,12.0,False,"(5, 2)",onion,"(3, 2)",dish,"(4, 2):soup('onion', 3, 20)","(4, 2):soup('onion', 3, 20);(4, 3):empty"
355,5,interact,"(5, 2)","(-1, 0)",onion,"(3, 2)","(0, -1)",dish,"(4, 2):soup('onion', 3, 20)","(4, 2):soup('onion', 3, 20);(4, 3):empty",0.0,12.0,5,interact,0.0,0.0,0.0,0.0,0.0,12.0,False,"(5, 2)",onion,"(3, 2)",dish,"(4, 2):soup('onion', 3, 20)","(4, 2):soup('onion', 3, 20);(4, 3):empty"
356,5,interact,"(5, 2)","(-1, 0)",onion,"(3, 2)","(0, -1)",dish,"(4, 2):soup('onion', 3, 20)","(4, 2):soup('onion', 3, 20);(4, 3):empty",0.0,12.0,5,interact,0.0,0.0,0.0,0.0,0.0,12.0,False,"(5, 2)",onion,"(3, 2)",dish,"(4, 2):soup('onion', 3, 20)","(4, 2):soup('onion', 3, 20);(4, 3):empty"
357,5,interact,"(5, 2)","(-1, 0)",onion,"(3, 2)","(0, -1)",dish,"(4, 2):soup('onion', 3, 20)","(4, 2):soup('onion', 3, 20);(4, 3):empty",0.0,12.0,5,interact,0.0,0.0,0.0,0.0,0.0,12.0,False,"(5, 2)",onion,"(3, 2)",dish,"(4, 2):soup('onion', 3, 20)","(4, 2):soup('onion', 3, 20);(4, 3):empty"
358,5,interact,"(5, 2)","(-1, 0)",onion,"(3, 2)","(0, -1)",dish,"(4, 2):soup('onion', 3, 20)","(4, 2):soup('onion', 3, 20);(4, 3):empty",0.0,12.0,5,interact,0.0,0.0,0.0,0.0,0.0,12.0,False,"(5, 2)",onion,"(3, 2)",dish,"(4, 2):soup('onion', 3, 20)","(4, 2):soup('onion', 3, 20);(4, 3):empty"
359,5,interact,"(5, 2)","(-1, 0)",onion,"(3, 2)","(0, -1)",dish,"(4, 2):soup('onion', 3, 20)","(4, 2):soup('onion', 3, 20);(4, 3):empty",0.0,12.0,5,interact,0.0,0.0,0.0,0.0,0.0,12.0,False,"(5, 2)",onion,"(3, 2)",dish,"(4, 2):soup('onion', 3, 20)","(4, 2):soup('onion', 3, 20);(4, 3):empty"
360,5,interact,"(5, 2)","(-1, 0)",onion,"(3, 2)","(0, -1)",dish,"(4, 2):soup('onion', 3, 20)","(4, 2):soup('onion', 3, 20);(4, 3):empty",0.0,12.0,5,interact,0.0,0.0,0.0,0.0,0.0,12.0,False,"(5, 2)",onion,"(3, 2)",dish,"(4, 2):soup('onion', 3, 20)","(4, 2):soup('onion', 3, 20);(4, 3):empty"
361,5,interact,"(5, 2)","(-1, 0)",onion,"(3, 2)","(0, -1)",dish,"(4, 2):soup('onion', 3, 20)","(4, 2):soup('onion', 3, 20);(4, 3):empty",0.0,12.0,5,interact,0.0,0.0,0.0,0.0,0.0,12.0,False,"(5, 2)",onion,"(3, 2)",dish,"(4, 2):soup('onion', 3, 20)","(4, 2):soup('onion', 3, 20);(4, 3):empty"
362,5,interact,"(5, 2)","(-1, 0)",onion,"(3, 2)","(0, -1)",dish,"(4, 2):soup('onion', 3, 20)","(4, 2):soup('onion', 3, 20);(4, 3):empty",0.0,12.0,5,interact,0.0,0.0,0.0,0.0,0.0,12.0,False,"(5, 2)",onion,"(3, 2)",dish,"(4, 2):soup('onion', 3, 20)","(4, 2):soup('onion', 3, 20);(4, 3):empty"
363,5,interact,"(5, 2)","(-1, 0)",onion,"(3, 2)","(0, -1)",dish,"(4, 2):soup('onion', 3, 20)","(4, 2):soup('onion', 3, 20);(4, 3):empty",0.0,12.0,5,interact,0.0,0.0,0.0,0.0,0.0,12.0,False,"(5, 2)",onion,"(3, 2)",dish,"(4, 2):soup('onion', 3, 20)","(4, 2):soup('onion', 3, 20);(4, 3):empty"
364,5,interact,"(5, 2)","(-1, 0)",onion,"(3, 2)","(0, -1)",dish,"(4, 2):soup('onion', 3, 20)","(4, 2):soup('onion', 3, 20);(4, 3):empty",0.0,12.0,5,interact,0.0,0.0,0.0,0.0,0.0,12.0,False,"(5, 2)",onion,"(3, 2)",dish,"(4, 2):soup('onion', 3, 20)","(4, 2):soup('onion', 3, 20);(4, 3):empty"
365,5,interact,"(5, 2)","(-1, 0)",onion,"(3, 2)","(0, -1)",dish,"(4, 2):soup('onion', 3, 20)","(4, 2):soup('onion', 3, 20);(4, 3):empty",0.0,12.0,5,interact,0.0,0.0,0.0,0.0,0.0,12.0,False,"(5, 2)",onion,"(3, 2)",dish,"(4, 2):soup('onion', 3, 20)","(4, 2):soup('onion', 3, 20);(4, 3):empty"
366,5,interact,"(5, 2)","(-1, 0)",onion,"(3, 2)","(0, -1)",dish,"(4, 2):soup('onion', 3, 20)","(4, 2):soup('onion', 3, 20);(4, 3):empty",0.0,12.0,5,interact,0.0,0.0,0.0,0.0,0.0,12.0,False,"(5, 2)",onion,"(3, 2)",dish,"(4, 2):soup('onion', 3, 20)","(4, 2):soup('onion', 3, 20);(4, 3):empty"
367,5,interact,"(5, 2)","(-1, 0)",onion,"(3, 2)","(0, -1)",dish,"(4, 2):soup('onion', 3, 20)","(4, 2):soup('onion', 3, 20);(4, 3):empty",0.0,12.0,5,interact,0.0,0.0,0.0,0.0,0.0,12.0,False,"(5, 2)",onion,"(3, 2)",dish,"(4, 2):soup('onion', 3, 20)","(4, 2):soup('onion', 3, 20);(4, 3):empty"
368,5,interact,"(5, 2)","(-1, 0)",onion,"(3, 2)","(0, -1)",dish,"(4, 2):soup('onion', 3, 20)","(4, 2):soup('onion', 3, 20);(4, 3):empty",0.0,12.0,5,interact,0.0,0.0,0.0,0.0,0.0,12.0,False,"(5, 2)",onion,"(3, 2)",dish,"(4, 2):soup('onion', 3, 20)","(4, 2):soup('onion', 3, 20);(4, 3):empty"
369,5,interact,"(5, 2)","(-1, 0)",onion,"(3, 2)","(0, -1)",dish,"(4, 2):soup('onion', 3, 20)","(4, 2):soup('onion', 3, 20);(4, 3):empty",0.0,12.0,5,interact,0.0,0.0,0.0,0.0,0.0,12.0,False,"(5, 2)",onion,"(3, 2)",dish,"(4, 2):soup('onion', 3, 20)","(4, 2):soup('onion', 3, 20);(4, 3):empty"
370,5,interact,"(5, 2)","(-1, 0)",onion,"(3, 2)","(0, -1)",dish,"(4, 2):soup('onion', 3, 20)","(4, 2):soup('onion', 3, 20);(4, 3):empty",0.0,12.0,5,interact,0.0,0.0,0.0,0.0,0.0,12.0,False,"(5, 2)",onion,"(3, 2)",dish,"(4, 2):soup('onion', 3, 20)","(4, 2):soup('onion', 3, 20);(4, 3):empty"
371,5,interact,"(5, 2)","(-1, 0)",onion,"(3, 2)","(0, -1)",dish,"(4, 2):soup('onion', 3, 20)","(4, 2):soup('onion', 3, 20);(4, 3):empty",0.0,12.0,5,interact,0.0,0.0,0.0,0.0,0.0,12.0,False,"(5, 2)",onion,"(3, 2)",dish,"(4, 2):soup('onion', 3, 20)","(4, 2):soup('onion', 3, 20);(4, 3):empty"
372,5,interact,"(5, 2)","(-1, 0)",onion,"(3, 2)","(0, -1)",dish,"(4, 2):soup('onion', 3, 20)","(4, 2):soup('onion', 3, 20);(4, 3):empty",0.0,12.0,5,interact,0.0,0.0,0.0,0.0,0.0,12.0,False,"(5, 2)",onion,"(3, 2)",dish,"(4, 2):soup('onion', 3, 20)","(4, 2):soup('onion', 3, 20);(4, 3):empty"
373,5,interact,"(5, 2)","(-1, 0)",onion,"(3, 2)","(0, -1)",dish,"(4, 2):soup('onion', 3, 20)","(4, 2):soup('onion', 3, 20);(4, 3):empty",0.0,12.0,5,interact,0.0,0.0,0.0,0.0,0.0,12.0,False,"(5, 2)",onion,"(3, 2)",dish,"(4, 2):soup('onion', 3, 20)","(4, 2):soup('onion', 3, 20);(4, 3):empty"
374,5,interact,"(5, 2)","(-1, 0)",onion,"(3, 2)","(0, -1)",dish,"(4, 2):soup('onion', 3, 20)","(4, 2):soup('onion', 3, 20);(4, 3):empty",0.0,12.0,5,interact,0.0,0.0,0.0,0.0,0.0,12.0,False,"(5, 2)",onion,"(3, 2)",dish,"(4, 2):soup('onion', 3, 20)","(4, 2):soup('onion', 3, 20);(4, 3):empty"
375,5,interact,"(5, 2)","(-1, 0)",onion,"(3, 2)","(0, -1)",dish,"(4, 2):soup('onion', 3, 20)","(4, 2):soup('onion', 3, 20);(4, 3):empty",0.0,12.0,5,interact,0.0,0.0,0.0,0.0,0.0,12.0,False,"(5, 2)",onion,"(3, 2)",dish,"(4, 2):soup('onion', 3, 20)","(4, 2):soup('onion', 3, 20);(4, 3):empty"
376,5,interact,"(5, 2)","(-1, 0)",onion,"(3, 2)","(0, -1)",dish,"(4, 2):soup('onion', 3, 20)","(4, 2):soup('onion', 3, 20);(4, 3):empty",0.0,12.0,5,interact,0.0,0.0,0.0,0.0,0.0,12.0,False,"(5, 2)",onion,"(3, 2)",dish,"(4, 2):soup('onion', 3, 20)","(4, 2):soup('onion', 3, 20);(4, 3):empty"
377,5,interact,"(5, 2)","(-1, 0)",onion,"(3, 2)","(0, -1)",dish,"(4, 2):soup('onion', 3, 20)","(4, 2):soup('onion', 3, 20);(4, 3):empty",0.0,12.0,5,interact,0.0,0.0,0.0,0.0,0.0,12.0,False,"(5, 2)",onion,"(3, 2)",dish,"(4, 2):soup('onion', 3, 20)","(4, 2):soup('onion', 3, 20);(4, 3):empty"
378,5,interact,"(5, 2)","(-1, 0)",onion,"(3, 2)","(0, -1)",dish,"(4, 2):soup('onion', 3, 20)","(4, 2):soup('onion', 3, 20);(4, 3):empty",0.0,12.0,5,interact,0.0,0.0,0.0,0.0,0.0,12.0,False,"(5, 2)",onion,"(3, 2)",dish,"(4, 2):soup('onion', 3, 20)","(4, 2):soup('onion', 3, 20);(4, 3):empty"
379,5,interact,"(5, 2)","(-1, 0)",onion,"(3, 2)","(0, -1)",dish,"(4, 2):soup('onion', 3, 20)","(4, 2):soup('onion', 3, 20);(4, 3):empty",0.0,12.0,5,interact,0.0,0.0,0.0,0.0,0.0,12.0,False,"(5, 2)",onion,"(3, 2)",dish,"(4, 2):soup('onion', 3, 20)","(4, 2):soup('onion', 3, 20);(4, 3):empty"
380,5,interact,"(5, 2)","(-1, 0)",onion,"(3, 2)","(0, -1)",dish,"(4, 2):soup('onion', 3, 20)","(4, 2):soup('onion', 3, 20);(4, 3):empty",0.0,12.0,5,interact,0.0,0.0,0.0,0.0,0.0,12.0,False,"(5, 2)",onion,"(3, 2)",dish,"(4, 2):soup('onion', 3, 20)","(4, 2):soup('onion', 3, 20);(4, 3):empty"
381,5,interact,"(5, 2)","(-1, 0)",onion,"(3, 2)","(0, -1)",dish,"(4, 2):soup('onion', 3, 20)","(4, 2):soup('onion', 3, 20);(4, 3):empty",0.0,12.0,5,interact,0.0,0.0,0.0,0.0,0.0,12.0,False,"(5, 2)",onion,"(3, 2)",dish,"(4, 2):soup('onion', 3, 20)","(4, 2):soup('onion', 3, 20);(4, 3):empty"
382,5,interact,"(5, 2)","(-1, 0)",onion,"(3, 2)","(0, -1)",dish,"(4, 2):soup('onion', 3, 20)","(4, 2):soup('onion', 3, 20);(4, 3):empty",0.0,12.0,5,interact,0.0,0.0,0.0,0.0,0.0,12.0,False,"(5, 2)",onion,"(3, 2)",dish,"(4, 2):soup('onion', 3, 20)","(4, 2):soup('onion', 3, 20);(4, 3):empty"
383,5,interact,"(5, 2)","(-1, 0)",onion,"(3, 2)","(0, -1)",dish,"(4, 2):soup('onion', 3, 20)","(4, 2):soup('onion', 3, 20);(4, 3):empty",0.0,12.0,5,interact,0.0,0.0,0.0,0.0,0.0,12.0,False,"(5, 2)",onion,"(3, 2)",dish,"(4, 2):soup('onion', 3, 20)","(4, 2):soup('onion', 3, 20);(4, 3):empty"
384,5,interact,"(5, 2)","(-1, 0)",onion,"(3, 2)","(0, -1)",dish,"(4, 2):soup('onion', 3, 20)","(4, 2):soup('onion', 3, 20);(4, 3):empty",0.0,12.0,5,interact,0.0,0.0,0.0,0.0,0.0,12.0,False,"(5, 2)",onion,"(3, 2)",dish,"(4, 2):soup('onion', 3, 20)","(4, 2):soup('onion', 3, 20);(4, 3):empty"
385,5,interact,"(5, 2)","(-1, 0)",onion,"(3, 2)","(0, -1)",dish,"(4, 2):soup('onion', 3, 20)","(4, 2):soup('onion', 3, 20);(4, 3):empty",0.0,12.0,5,interact,0.0,0.0,0.0,0.0,0.0,12.0,False,"(5, 2)",onion,"(3, 2)",dish,"(4, 2):soup('onion', 3, 20)","(4, 2):soup('onion', 3, 20);(4, 3):empty"
386,5,interact,"(5, 2)","(-1, 0)",onion,"(3, 2)","(0, -1)",dish,"(4, 2):soup('onion', 3, 20)","(4, 2):soup('onion', 3, 20);(4, 3):empty",0.0,12.0,5,interact,0.0,0.0,0.0,0.0,0.0,12.0,False,"(5, 2)",onion,"(3, 2)",dish,"(4, 2):soup('onion', 3, 20)","(4, 2):soup('onion', 3, 20);(4, 3):empty"
387,5,interact,"(5, 2)","(-1, 0)",onion,"(3, 2)","(0, -1)",dish,"(4, 2):soup('onion', 3, 20)","(4, 2):soup('onion', 3, 20);(4, 3):empty",0.0,12.0,5,interact,0.0,0.0,0.0,0.0,0.0,12.0,False,"(5, 2)",onion,"(3, 2)",dish,"(4, 2):soup('onion', 3, 20)","(4, 2):soup('onion', 3, 20);(4, 3):empty"
388,5,interact,"(5, 2)","(-1, 0)",onion,"(3, 2)","(0, -1)",dish,"(4, 2):soup('onion', 3, 20)","(4, 2):soup('onion', 3, 20);(4, 3):empty",0.0,12.0,5,interact,0.0,0.0,0.0,0.0,0.0,12.0,False,"(5, 2)",onion,"(3, 2)",dish,"(4, 2):soup('onion', 3, 20)","(4, 2):soup('onion', 3, 20);(4, 3):empty"
389,5,interact,"(5, 2)","(-1, 0)",onion,"(3, 2)","(0, -1)",dish,"(4, 2):soup('onion', 3, 20)","(4, 2):soup('onion', 3, 20);(4, 3):empty",0.0,12.0,5,interact,0.0,0.0,0.0,0.0,0.0,12.0,False,"(5, 2)",onion,"(3, 2)",dish,"(4, 2):soup('onion', 3, 20)","(4, 2):soup('onion', 3, 20);(4, 3):empty"
390,5,interact,"(5, 2)","(-1, 0)",onion,"(3, 2)","(0, -1)",dish,"(4, 2):soup('onion', 3, 20)","(4, 2):soup('onion', 3, 20);(4, 3):empty",0.0,12.0,5,interact,0.0,0.0,0.0,0.0,0.0,12.0,False,"(5, 2)",onion,"(3, 2)",dish,"(4, 2):soup('onion', 3, 20)","(4, 2):soup('onion', 3, 20);(4, 3):empty"
391,5,interact,"(5, 2)","(-1, 0)",onion,"(3, 2)","(0, -1)",dish,"(4, 2):soup('onion', 3, 20)","(4, 2):soup('onion', 3, 20);(4, 3):empty",0.0,12.0,5,interact,0.0,0.0,0.0,0.0,0.0,12.0,False,"(5, 2)",onion,"(3, 2)",dish,"(4, 2):soup('onion', 3, 20)","(4, 2):soup('onion', 3, 20);(4, 3):empty"
392,5,interact,"(5, 2)","(-1, 0)",onion,"(3, 2)","(0, -1)",dish,"(4, 2):soup('onion', 3, 20)","(4, 2):soup('onion', 3, 20);(4, 3):empty",0.0,12.0,5,interact,0.0,0.0,0.0,0.0,0.0,12.0,False,"(5, 2)",onion,"(3, 2)",dish,"(4, 2):soup('onion', 3, 20)","(4, 2):soup('onion', 3, 20);(4, 3):empty"
393,5,interact,"(5, 2)","(-1, 0)",onion,"(3, 2)","(0, -1)",dish,"(4, 2):soup('onion', 3, 20)","(4, 2):soup('onion', 3, 20);(4, 3):empty",0.0,12.0,5,interact,0.0,0.0,0.0,0.0,0.0,12.0,False,"(5, 2)",onion,"(3, 2)",dish,"(4, 2):soup('onion', 3, 20)","(4, 2):soup('onion', 3, 20);(4, 3):empty"
394,5,interact,"(5, 2)","(-1, 0)",onion,"(3, 2)","(0, -1)",dish,"(4, 2):soup('onion', 3, 20)","(4, 2):soup('onion', 3, 20);(4, 3):empty",0.0,12.0,5,interact,0.0,0.0,0.0,0.0,0.0,12.0,False,"(5, 2)",onion,"(3, 2)",dish,"(4, 2):soup('onion', 3, 20)","(4, 2):soup('onion', 3, 20);(4, 3):empty"
395,5,interact,"(5, 2)","(-1, 0)",onion,"(3, 2)","(0, -1)",dish,"(4, 2):soup('onion', 3, 20)","(4, 2):soup('onion', 3, 20);(4, 3):empty",0.0,12.0,5,interact,0.0,0.0,0.0,0.0,0.0,12.0,False,"(5, 2)",onion,"(3, 2)",dish,"(4, 2):soup('onion', 3, 20)","(4, 2):soup('onion', 3, 20);(4, 3):empty"
396,5,interact,"(5, 2)","(-1, 0)",onion,"(3, 2)","(0, -1)",dish,"(4, 2):soup('onion', 3, 20)","(4, 2):soup('onion', 3, 20);(4, 3):empty",0.0,12.0,5,interact,0.0,0.0,0.0,0.0,0.0,12.0,False,"(5, 2)",onion,"(3, 2)",dish,"(4, 2):soup('onion', 3, 20)","(4, 2):soup('onion', 3, 20);(4, 3):empty"
397,5,interact,"(5, 2)","(-1, 0)",onion,"(3, 2)","(0, -1)",dish,"(4, 2):soup('onion', 3, 20)","(4, 2):soup('onion', 3, 20);(4, 3):empty",0.0,12.0,5,interact,0.0,0.0,0.0,0.0,0.0,12.0,False,"(5, 2)",onion,"(3, 2)",dish,"(4, 2):soup('onion', 3, 20)","(4, 2):soup('onion', 3, 20);(4, 3):empty"
398,5,interact,"(5, 2)","(-1, 0)",onion,"(3, 2)","(0, -1)",dish,"(4, 2):soup('onion', 3, 20)","(4, 2):soup('onion', 3, 20);(4, 3):empty",0.0,12.0,5,interact,0.0,0.0,0.0,0.0,0.0,12.0,False,"(5, 2)",onion,"(3, 2)",dish,"(4, 2):soup('onion', 3, 20)","(4, 2):soup('onion', 3, 20);(4, 3):empty"
399,5,interact,"(5, 2)","(-1, 0)",onion,"(3, 2)","(0, -1)",dish,"(4, 2):soup('onion', 3, 20)","(4, 2):soup('onion', 3, 20);(4, 3):empty",0.0,12.0,5,interact,0.0,0.0,0.0,0.0,0.0,12.0,False,"(5, 2)",onion,"(3, 2)",dish,"(4, 2):soup('onion', 3, 20)","(4, 2):soup('onion', 3, 20);(4, 3):empty"
