step,ego_action_idx,ego_action,p0_pos,p0_orient,p0_held,p1_pos,p1_orient,p1_held,objects_before,pots_before,cum_sparse_before,cum_shaped_before,partner_action_idx,partner_action,reward,sparse_reward,built_in_shaped_reward,custom_shaped_reward,cum_sparse_after,cum_shaped_after,delivery_event,p0_pos_after,p0_held_after,p1_pos_after,p1_held_after,objects_after,pots_after
0,3,"(-1, 0)","(6, 2)","(0, -1)",,"(1, 3)","(0, -1)",,,"(4, 2):empty;(4, 3):empty",0.0,0.0,2,"(1, 0)",0.0,0.0,0.0,0.0,0.0,0.0,False,"(5, 2)",,"(2, 3)",,,"(4, 2):empty;(4, 3):empty"
1,0,"(0, -1)","(5, 2)","(-1, 0)",,"(2, 3)","(1, 0)",,,"(4, 2):empty;(4, 3):empty",0.0,0.0,1,"(0, 1)",0.0,0.0,0.0,0.0,0.0,0.0,False,"(5, 2)",,"(2, 3)",,,"(4, 2):empty;(4, 3):empty"
2,5,interact,"(5, 2)","(0, -1)",,"(2, 3)","(0, 1)",,,"(4, 2):empty;(4, 3):empty",0.0,0.0,2,"(1, 0)",0.0,0.0,0.0,0.0,0.0,0.0,False,"(5, 2)",onion,"(3, 3)",,,"(4, 2):empty;(4, 3):empty"
3,3,"(-1, 0)","(5, 2)","(0, -1)",onion,"(3, 3)","(1, 0)",,,"(4, 2):empty;(4, 3):empty",0.0,0.0,1,"(0, 1)",0.0,0.0,0.0,0.0,0.0,0.0,False,"(5, 2)",onion,"(3, 3)",,,"(4, 2):empty;(4, 3):empty"
4,5,interact,"(5, 2)","(-1, 0)",onion,"(3, 3)","(0, 1)",,,"(4, 2):empty;(4, 3):empty",0.0,0.0,5,interact,3.0594,0.0,3.0,0.0594,0.0,3.0,False,"(5, 2)",,"(3, 3)",dish,"(4, 2):soup('onion', 1, 0)","(4, 2):soup('onion', 1, 0);(4, 3):empty"
5,0,"(0, -1)","(5, 2)","(-1, 0)",,"(3, 3)","(0, 1)",dish,"(4, 2):soup('onion', 1, 0)","(4, 2):soup('onion', 1, 0);(4, 3):empty",0.0,3.0,2,"(1, 0)",-0.0006000000000000006,0.0,0.0,-0.0006000000000000006,0.0,3.0,False,"(5, 2)",,"(3, 3)",dish,"(4, 2):soup('onion', 1, 0)","(4, 2):soup('onion', 1, 0);(4, 3):empty"
6,5,interact,"(5, 2)","(0, -1)",,"(3, 3)","(1, 0)",dish,"(4, 2):soup('onion', 1, 0)","(4, 2):soup('onion', 1, 0);(4, 3):empty",0.0,3.0,0,"(0, -1)",-0.0006000000000000006,0.0,0.0,-0.0006000000000000006,0.0,3.0,False,"(5, 2)",onion,"(3, 2)",dish,"(4, 2):soup('onion', 1, 0)","(4, 2):soup('onion', 1, 0);(4, 3):empty"
7,3,"(-1, 0)","(5, 2)","(0, -1)",onion,"(3, 2)","(0, -1)",dish,"(4, 2):soup('onion', 1, 0)","(4, 2):soup('onion', 1, 0);(4, 3):empty",0.0,3.0,2,"(1, 0)",-0.0006000000000000006,0.0,0.0,-0.0006000000000000006,0.0,3.0,False,"(5, 2)",onion,"(3, 2)",dish,"(4, 2):soup('onion', 1, 0)","(4, 2):soup('onion', 1, 0);(4, 3):empty"
8,5,interact,"(5, 2)","(-1, 0)",onion,"(3, 2)","(1, 0)",dish,"(4, 2):soup('onion', 1, 0)","(4, 2):soup('onion', 1, 0);(4, 3):empty",0.0,3.0,2,"(1, 0)",3.0588,0.0,3.0,0.0588,0.0,6.0,False,"(5, 2)",,"(3, 2)",dish,"(4, 2):soup('onion', 2, 0)","(4, 2):soup('onion', 2, 0);(4, 3):empty"
9,0,"(0, -1)","(5, 2)","(-1, 0)",,"(3, 2)","(1, 0)",dish,"(4, 2):soup('onion', 2, 0)","(4, 2):soup('onion', 2, 0);(4, 3):empty",0.0,6.0,4,"(0, 0)",-0.0012000000000000012,0.0,0.0,-0.0012000000000000012,0.0,6.0,False,"(5, 2)",,"(3, 2)",dish,"(4, 2):soup('onion', 2, 0)","(4, 2):soup('onion', 2, 0);(4, 3):empty"
10,5,interact,"(5, 2)","(0, -1)",,"(3, 2)","(1, 0)",dish,"(4, 2):soup('onion', 2, 0)","(4, 2):soup('onion', 2, 0);(4, 3):empty",0.0,6.0,4,"(0, 0)",-0.0012000000000000012,0.0,0.0,-0.0012000000000000012,0.0,6.0,False,"(5, 2)",onion,"(3, 2)",dish,"(4, 2):soup('onion', 2, 0)","(4, 2):soup('onion', 2, 0);(4, 3):empty"
11,3,"(-1, 0)","(5, 2)","(0, -1)",onion,"(3, 2)","(1, 0)",dish,"(4, 2):soup('onion', 2, 0)","(4, 2):soup('onion', 2, 0);(4, 3):empty",0.0,6.0,4,"(0, 0)",-0.0012000000000000012,0.0,0.0,-0.0012000000000000012,0.0,6.0,False,"(5, 2)",onion,"(3, 2)",dish,"(4, 2):soup('onion', 2, 0)","(4, 2):soup('onion', 2, 0);(4, 3):empty"
12,5,interact,"(5, 2)","(-1, 0)",onion,"(3, 2)","(1, 0)",dish,"(4, 2):soup('onion', 2, 0)","(4, 2):soup('onion', 2, 0);(4, 3):empty",0.0,6.0,2,"(1, 0)",3.078,0.0,3.0,0.07800000000000001,0.0,9.0,False,"(5, 2)",,"(3, 2)",dish,"(4, 2):soup('onion', 3, 1)","(4, 2):soup('onion', 3, 1);(4, 3):empty"
13,0,"(0, -1)","(5, 2)","(-1, 0)",,"(3, 2)","(1, 0)",dish,"(4, 2):soup('onion', 3, 1)","(4, 2):soup('onion', 3, 1);(4, 3):empty",0.0,9.0,2,"(1, 0)",-0.0020000000000000018,0.0,0.0,-0.0020000000000000018,0.0,9.0,False,"(5, 2)",,"(3, 2)",dish,"(4, 2):soup('onion', 3, 2)","(4, 2):soup('onion', 3, 2);(4, 3):empty"
14,5,interact,"(5, 2)","(0, -1)",,"(3, 2)","(1, 0)",dish,"(4, 2):soup('onion', 3, 2)","(4, 2):soup('onion', 3, 2);(4, 3):empty",0.0,9.0,4,"(0, 0)",-0.0020000000000000018,0.0,0.0,-0.0020000000000000018,0.0,9.0,False,"(5, 2)",onion,"(3, 2)",dish,"(4, 2):soup('onion', 3, 3)","(4, 2):soup('onion', 3, 3);(4, 3):empty"
15,1,"(0, 1)","(5, 2)","(0, -1)",onion,"(3, 2)","(1, 0)",dish,"(4, 2):soup('onion', 3, 3)","(4, 2):soup('onion', 3, 3);(4, 3):empty",0.0,9.0,2,"(1, 0)",-0.0020000000000000018,0.0,0.0,-0.0020000000000000018,0.0,9.0,False,"(5, 3)",onion,"(3, 2)",dish,"(4, 2):soup('onion', 3, 4)","(4, 2):soup('onion', 3, 4);(4, 3):empty"
16,3,"(-1, 0)","(5, 3)","(0, 1)",onion,"(3, 2)","(1, 0)",dish,"(4, 2):soup('onion', 3, 4)","(4, 2):soup('onion', 3, 4);(4, 3):empty",0.0,9.0,3,"(-1, 0)",-0.0020000000000000018,0.0,0.0,-0.0020000000000000018,0.0,9.0,False,"(5, 3)",onion,"(2, 2)",dish,"(4, 2):soup('onion', 3, 5)","(4, 2):soup('onion', 3, 5);(4, 3):empty"
17,5,interact,"(5, 3)","(-1, 0)",onion,"(2, 2)","(-1, 0)",dish,"(4, 2):soup('onion', 3, 5)","(4, 2):soup('onion', 3, 5);(4, 3):empty",0.0,9.0,2,"(1, 0)",3.0574,0.0,3.0,0.057399999999999986,0.0,12.0,False,"(5, 3)",,"(3, 2)",dish,"(4, 2):soup('onion', 3, 6);(4, 3):soup('onion', 1, 0)","(4, 2):soup('onion', 3, 6);(4, 3):soup('onion', 1, 0)"
18,0,"(0, -1)","(5, 3)","(-1, 0)",,"(3, 2)","(1, 0)",dish,"(4, 2):soup('onion', 3, 6);(4, 3):soup('onion', 1, 0)","(4, 2):soup('onion', 3, 6);(4, 3):soup('onion', 1, 0)",0.0,12.0,4,"(0, 0)",-0.0026000000000000246,0.0,0.0,-0.0026000000000000246,0.0,12.0,False,"(5, 2)",,"(3, 2)",dish,"(4, 2):soup('onion', 3, 7);(4, 3):soup('onion', 1, 0)","(4, 2):soup('onion', 3, 7);(4, 3):soup('onion', 1, 0)"
19,5,interact,"(5, 2)","(0, -1)",,"(3, 2)","(1, 0)",dish,"(4, 2):soup('onion', 3, 7);(4, 3):soup('onion', 1, 0)","(4, 2):soup('onion', 3, 7);(4, 3):soup('onion', 1, 0)",0.0,12.0,4,"(0, 0)",-0.0026000000000000246,0.0,0.0,-0.0026000000000000246,0.0,12.0,False,"(5, 2)",onion,"(3, 2)",dish,"(4, 2):soup('onion', 3, 8);(4, 3):soup('onion', 1, 0)","(4, 2):soup('onion', 3, 8);(4, 3):soup('onion', 1, 0)"
20,1,"(0, 1)","(5, 2)","(0, -1)",onion,"(3, 2)","(1, 0)",dish,"(4, 2):soup('onion', 3, 8);(4, 3):soup('onion', 1, 0)","(4, 2):soup('onion', 3, 8);(4, 3):soup('onion', 1, 0)",0.0,12.0,4,"(0, 0)",-0.0026000000000000246,0.0,0.0,-0.0026000000000000246,0.0,12.0,False,"(5, 3)",onion,"(3, 2)",dish,"(4, 2):soup('onion', 3, 9);(4, 3):soup('onion', 1, 0)","(4, 2):soup('onion', 3, 9);(4, 3):soup('onion', 1, 0)"
21,3,"(-1, 0)","(5, 3)","(0, 1)",onion,"(3, 2)","(1, 0)",dish,"(4, 2):soup('onion', 3, 9);(4, 3):soup('onion', 1, 0)","(4, 2):soup('onion', 3, 9);(4, 3):soup('onion', 1, 0)",0.0,12.0,5,interact,-0.0026000000000000246,0.0,0.0,-0.0026000000000000246,0.0,12.0,False,"(5, 3)",onion,"(3, 2)",dish,"(4, 2):soup('onion', 3, 10);(4, 3):soup('onion', 1, 0)","(4, 2):soup('onion', 3, 10);(4, 3):soup('onion', 1, 0)"
22,5,interact,"(5, 3)","(-1, 0)",onion,"(3, 2)","(1, 0)",dish,"(4, 2):soup('onion', 3, 10);(4, 3):soup('onion', 1, 0)","(4, 2):soup('onion', 3, 10);(4, 3):soup('onion', 1, 0)",0.0,12.0,4,"(0, 0)",3.0568,0.0,3.0,0.05680000000000001,0.0,15.0,False,"(5, 3)",,"(3, 2)",dish,"(4, 2):soup('onion', 3, 11);(4, 3):soup('onion', 2, 0)","(4, 2):soup('onion', 3, 11);(4, 3):soup('onion', 2, 0)"
23,0,"(0, -1)","(5, 3)","(-1, 0)",,"(3, 2)","(1, 0)",dish,"(4, 2):soup('onion', 3, 11);(4, 3):soup('onion', 2, 0)","(4, 2):soup('onion', 3, 11);(4, 3):soup('onion', 2, 0)",0.0,15.0,4,"(0, 0)",-0.003200000000000003,0.0,0.0,-0.003200000000000003,0.0,15.0,False,"(5, 2)",,"(3, 2)",dish,"(4, 2):soup('onion', 3, 12);(4, 3):soup('onion', 2, 0)","(4, 2):soup('onion', 3, 12);(4, 3):soup('onion', 2, 0)"
24,5,interact,"(5, 2)","(0, -1)",,"(3, 2)","(1, 0)",dish,"(4, 2):soup('onion', 3, 12);(4, 3):soup('onion', 2, 0)","(4, 2):soup('onion', 3, 12);(4, 3):soup('onion', 2, 0)",0.0,15.0,4,"(0, 0)",-0.003200000000000003,0.0,0.0,-0.003200000000000003,0.0,15.0,False,"(5, 2)",onion,"(3, 2)",dish,"(4, 2):soup('onion', 3, 13);(4, 3):soup('onion', 2, 0)","(4, 2):soup('onion', 3, 13);(4, 3):soup('onion', 2, 0)"
25,1,"(0, 1)","(5, 2)","(0, -1)",onion,"(3, 2)","(1, 0)",dish,"(4, 2):soup('onion', 3, 13);(4, 3):soup('onion', 2, 0)","(4, 2):soup('onion', 3, 13);(4, 3):soup('onion', 2, 0)",0.0,15.0,4,"(0, 0)",-0.003200000000000003,0.0,0.0,-0.003200000000000003,0.0,15.0,False,"(5, 3)",onion,"(3, 2)",dish,"(4, 2):soup('onion', 3, 14);(4, 3):soup('onion', 2, 0)","(4, 2):soup('onion', 3, 14);(4, 3):soup('onion', 2, 0)"
26,3,"(-1, 0)","(5, 3)","(0, 1)",onion,"(3, 2)","(1, 0)",dish,"(4, 2):soup('onion', 3, 14);(4, 3):soup('onion', 2, 0)","(4, 2):soup('onion', 3, 14);(4, 3):soup('onion', 2, 0)",0.0,15.0,5,interact,-0.003200000000000003,0.0,0.0,-0.003200000000000003,0.0,15.0,False,"(5, 3)",onion,"(3, 2)",dish,"(4, 2):soup('onion', 3, 15);(4, 3):soup('onion', 2, 0)","(4, 2):soup('onion', 3, 15);(4, 3):soup('onion', 2, 0)"
27,5,interact,"(5, 3)","(-1, 0)",onion,"(3, 2)","(1, 0)",dish,"(4, 2):soup('onion', 3, 15);(4, 3):soup('onion', 2, 0)","(4, 2):soup('onion', 3, 15);(4, 3):soup('onion', 2, 0)",0.0,15.0,4,"(0, 0)",3.076,0.0,3.0,0.07599999999999998,0.0,18.0,False,"(5, 3)",,"(3, 2)",dish,"(4, 2):soup('onion', 3, 16);(4, 3):soup('onion', 3, 1)","(4, 2):soup('onion', 3, 16);(4, 3):soup('onion', 3, 1)"
28,0,"(0, -1)","(5, 3)","(-1, 0)",,"(3, 2)","(1, 0)",dish,"(4, 2):soup('onion', 3, 16);(4, 3):soup('onion', 3, 1)","(4, 2):soup('onion', 3, 16);(4, 3):soup('onion', 3, 1)",0.0,18.0,4,"(0, 0)",-0.0040000000000000036,0.0,0.0,-0.0040000000000000036,0.0,18.0,False,"(5, 2)",,"(3, 2)",dish,"(4, 2):soup('onion', 3, 17);(4, 3):soup('onion', 3, 2)","(4, 2):soup('onion', 3, 17);(4, 3):soup('onion', 3, 2)"
29,5,interact,"(5, 2)","(0, -1)",,"(3, 2)","(1, 0)",dish,"(4, 2):soup('onion', 3, 17);(4, 3):soup('onion', 3, 2)","(4, 2):soup('onion', 3, 17);(4, 3):soup('onion', 3, 2)",0.0,18.0,4,"(0, 0)",-0.0040000000000000036,0.0,0.0,-0.0040000000000000036,0.0,18.0,False,"(5, 2)",onion,"(3, 2)",dish,"(4, 2):soup('onion', 3, 18);(4, 3):soup('onion', 3, 3)","(4, 2):soup('onion', 3, 18);(4, 3):soup('onion', 3, 3)"
30,1,"(0, 1)","(5, 2)","(0, -1)",onion,"(3, 2)","(1, 0)",dish,"(4, 2):soup('onion', 3, 18);(4, 3):soup('onion', 3, 3)","(4, 2):soup('onion', 3, 18);(4, 3):soup('onion', 3, 3)",0.0,18.0,4,"(0, 0)",-0.0040000000000000036,0.0,0.0,-0.0040000000000000036,0.0,18.0,False,"(5, 3)",onion,"(3, 2)",dish,"(4, 2):soup('onion', 3, 19);(4, 3):soup('onion', 3, 4)","(4, 2):soup('onion', 3, 19);(4, 3):soup('onion', 3, 4)"
31,3,"(-1, 0)","(5, 3)","(0, 1)",onion,"(3, 2)","(1, 0)",dish,"(4, 2):soup('onion', 3, 19);(4, 3):soup('onion', 3, 4)","(4, 2):soup('onion', 3, 19);(4, 3):soup('onion', 3, 4)",0.0,18.0,5,interact,0.09500000000000003,0.0,0.0,0.09500000000000003,0.0,18.0,False,"(5, 3)",onion,"(3, 2)",dish,"(4, 2):soup('onion', 3, 20);(4, 3):soup('onion', 3, 5)","(4, 2):soup('onion', 3, 20);(4, 3):soup('onion', 3, 5)"
32,0,"(0, -1)","(5, 3)","(-1, 0)",onion,"(3, 2)","(1, 0)",dish,"(4, 2):soup('onion', 3, 20);(4, 3):soup('onion', 3, 5)","(4, 2):soup('onion', 3, 20);(4, 3):soup('onion', 3, 5)",0.0,18.0,5,interact,5.0841,0.0,5.0,0.08410000000000002,0.0,23.0,False,"(5, 2)",onion,"(3, 2)","soup('onion', 3, 20)","(4, 3):soup('onion', 3, 6)","(4, 2):empty;(4, 3):soup('onion', 3, 6)"
33,3,"(-1, 0)","(5, 2)","(0, -1)",onion,"(3, 2)","(1, 0)","soup('onion', 3, 20)","(4, 3):soup('onion', 3, 6)","(4, 2):empty;(4, 3):soup('onion', 3, 6)",0.0,23.0,0,"(0, -1)",-0.005900000000000016,0.0,0.0,-0.005900000000000016,0.0,23.0,False,"(5, 2)",onion,"(3, 2)","soup('onion', 3, 20)","(4, 3):soup('onion', 3, 7)","(4, 2):empty;(4, 3):soup('onion', 3, 7)"
34,5,interact,"(5, 2)","(-1, 0)",onion,"(3, 2)","(0, -1)","soup('onion', 3, 20)","(4, 3):soup('onion', 3, 7)","(4, 2):empty;(4, 3):soup('onion', 3, 7)",0.0,23.0,5,interact,22.6674,20.0,3.0,-0.33260000000000006,20.0,26.0,True,"(5, 2)",,"(3, 2)",,"(4, 2):soup('onion', 1, 0);(4, 3):soup('onion', 3, 8)","(4, 2):soup('onion', 1, 0);(4, 3):soup('onion', 3, 8)"
35,0,"(0, -1)","(5, 2)","(-1, 0)",,"(3, 2)","(0, -1)",,"(4, 2):soup('onion', 1, 0);(4, 3):soup('onion', 3, 8)","(4, 2):soup('onion', 1, 0);(4, 3):soup('onion', 3, 8)",20.0,26.0,1,"(0, 1)",-0.0026000000000000246,0.0,0.0,-0.0026000000000000246,20.0,26.0,False,"(5, 2)",,"(3, 3)",,"(4, 2):soup('onion', 1, 0);(4, 3):soup('onion', 3, 9)","(4, 2):soup('onion', 1, 0);(4, 3):soup('onion', 3, 9)"
36,5,interact,"(5, 2)","(0, -1)",,"(3, 3)","(0, 1)",,"(4, 2):soup('onion', 1, 0);(4, 3):soup('onion', 3, 9)","(4, 2):soup('onion', 1, 0);(4, 3):soup('onion', 3, 9)",20.0,26.0,5,interact,2.9974,0.0,3.0,-0.0026000000000000246,20.0,29.0,False,"(5, 2)",onion,"(3, 3)",dish,"(4, 2):soup('onion', 1, 0);(4, 3):soup('onion', 3, 10)","(4, 2):soup('onion', 1, 0);(4, 3):soup('onion', 3, 10)"
37,3,"(-1, 0)","(5, 2)","(0, -1)",onion,"(3, 3)","(0, 1)",dish,"(4, 2):soup('onion', 1, 0);(4, 3):soup('onion', 3, 10)","(4, 2):soup('onion', 1, 0);(4, 3):soup('onion', 3, 10)",20.0,29.0,0,"(0, -1)",-0.0026000000000000246,0.0,0.0,-0.0026000000000000246,20.0,29.0,False,"(5, 2)",onion,"(3, 2)",dish,"(4, 2):soup('onion', 1, 0);(4, 3):soup('onion', 3, 11)","(4, 2):soup('onion', 1, 0);(4, 3):soup('onion', 3, 11)"
38,5,interact,"(5, 2)","(-1, 0)",onion,"(3, 2)","(0, -1)",dish,"(4, 2):soup('onion', 1, 0);(4, 3):soup('onion', 3, 11)","(4, 2):soup('onion', 1, 0);(4, 3):soup('onion', 3, 11)",20.0,29.0,2,"(1, 0)",3.0568,0.0,3.0,0.05680000000000001,20.0,32.0,False,"(5, 2)",,"(3, 2)",dish,"(4, 2):soup('onion', 2, 0);(4, 3):soup('onion', 3, 12)","(4, 2):soup('onion', 2, 0);(4, 3):soup('onion', 3, 12)"
39,0,"(0, -1)","(5, 2)","(-1, 0)",,"(3, 2)","(1, 0)",dish,"(4, 2):soup('onion', 2, 0);(4, 3):soup('onion', 3, 12)","(4, 2):soup('onion', 2, 0);(4, 3):soup('onion', 3, 12)",20.0,32.0,5,interact,-0.003200000000000003,0.0,0.0,-0.003200000000000003,20.0,32.0,False,"(5, 2)",,"(3, 2)",dish,"(4, 2):soup('onion', 2, 0);(4, 3):soup('onion', 3, 13)","(4, 2):soup('onion', 2, 0);(4, 3):soup('onion', 3, 13)"
40,5,interact,"(5, 2)","(0, -1)",,"(3, 2)","(1, 0)",dish,"(4, 2):soup('onion', 2, 0);(4, 3):soup('onion', 3, 13)","(4, 2):soup('onion', 2, 0);(4, 3):soup('onion', 3, 13)",20.0,32.0,4,"(0, 0)",-0.003200000000000003,0.0,0.0,-0.003200000000000003,20.0,32.0,False,"(5, 2)",onion,"(3, 2)",dish,"(4, 2):soup('onion', 2, 0);(4, 3):soup('onion', 3, 14)","(4, 2):soup('onion', 2, 0);(4, 3):soup('onion', 3, 14)"
41,3,"(-1, 0)","(5, 2)","(0, -1)",onion,"(3, 2)","(1, 0)",dish,"(4, 2):soup('onion', 2, 0);(4, 3):soup('onion', 3, 14)","(4, 2):soup('onion', 2, 0);(4, 3):soup('onion', 3, 14)",20.0,32.0,4,"(0, 0)",-0.003200000000000003,0.0,0.0,-0.003200000000000003,20.0,32.0,False,"(5, 2)",onion,"(3, 2)",dish,"(4, 2):soup('onion', 2, 0);(4, 3):soup('onion', 3, 15)","(4, 2):soup('onion', 2, 0);(4, 3):soup('onion', 3, 15)"
42,5,interact,"(5, 2)","(-1, 0)",onion,"(3, 2)","(1, 0)",dish,"(4, 2):soup('onion', 2, 0);(4, 3):soup('onion', 3, 15)","(4, 2):soup('onion', 2, 0);(4, 3):soup('onion', 3, 15)",20.0,32.0,5,interact,3.076,0.0,3.0,0.07599999999999998,20.0,35.0,False,"(5, 2)",,"(3, 2)",dish,"(4, 2):soup('onion', 3, 1);(4, 3):soup('onion', 3, 16)","(4, 2):soup('onion', 3, 1);(4, 3):soup('onion', 3, 16)"
43,0,"(0, -1)","(5, 2)","(-1, 0)",,"(3, 2)","(1, 0)",dish,"(4, 2):soup('onion', 3, 1);(4, 3):soup('onion', 3, 16)","(4, 2):soup('onion', 3, 1);(4, 3):soup('onion', 3, 16)",20.0,35.0,4,"(0, 0)",-0.0040000000000000036,0.0,0.0,-0.0040000000000000036,20.0,35.0,False,"(5, 2)",,"(3, 2)",dish,"(4, 2):soup('onion', 3, 2);(4, 3):soup('onion', 3, 17)","(4, 2):soup('onion', 3, 2);(4, 3):soup('onion', 3, 17)"
44,5,interact,"(5, 2)","(0, -1)",,"(3, 2)","(1, 0)",dish,"(4, 2):soup('onion', 3, 2);(4, 3):soup('onion', 3, 17)","(4, 2):soup('onion', 3, 2);(4, 3):soup('onion', 3, 17)",20.0,35.0,4,"(0, 0)",-0.0040000000000000036,0.0,0.0,-0.0040000000000000036,20.0,35.0,False,"(5, 2)",onion,"(3, 2)",dish,"(4, 2):soup('onion', 3, 3);(4, 3):soup('onion', 3, 18)","(4, 2):soup('onion', 3, 3);(4, 3):soup('onion', 3, 18)"
45,1,"(0, 1)","(5, 2)","(0, -1)",onion,"(3, 2)","(1, 0)",dish,"(4, 2):soup('onion', 3, 3);(4, 3):soup('onion', 3, 18)","(4, 2):soup('onion', 3, 3);(4, 3):soup('onion', 3, 18)",20.0,35.0,4,"(0, 0)",-0.0040000000000000036,0.0,0.0,-0.0040000000000000036,20.0,35.0,False,"(5, 3)",onion,"(3, 2)",dish,"(4, 2):soup('onion', 3, 4);(4, 3):soup('onion', 3, 19)","(4, 2):soup('onion', 3, 4);(4, 3):soup('onion', 3, 19)"
46,3,"(-1, 0)","(5, 3)","(0, 1)",onion,"(3, 2)","(1, 0)",dish,"(4, 2):soup('onion', 3, 4);(4, 3):soup('onion', 3, 19)","(4, 2):soup('onion', 3, 4);(4, 3):soup('onion', 3, 19)",20.0,35.0,5,interact,0.09500000000000003,0.0,0.0,0.09500000000000003,20.0,35.0,False,"(5, 3)",onion,"(3, 2)",dish,"(4, 2):soup('onion', 3, 5);(4, 3):soup('onion', 3, 20)","(4, 2):soup('onion', 3, 5);(4, 3):soup('onion', 3, 20)"
47,5,interact,"(5, 3)","(-1, 0)",onion,"(3, 2)","(1, 0)",dish,"(4, 2):soup('onion', 3, 5);(4, 3):soup('onion', 3, 20)","(4, 2):soup('onion', 3, 5);(4, 3):soup('onion', 3, 20)",20.0,35.0,1,"(0, 1)",-0.004999999999999983,0.0,0.0,-0.004999999999999983,20.0,35.0,False,"(5, 3)",onion,"(3, 3)",dish,"(4, 2):soup('onion', 3, 6);(4, 3):soup('onion', 3, 20)","(4, 2):soup('onion', 3, 6);(4, 3):soup('onion', 3, 20)"
48,5,interact,"(5, 3)","(-1, 0)",onion,"(3, 3)","(0, 1)",dish,"(4, 2):soup('onion', 3, 6);(4, 3):soup('onion', 3, 20)","(4, 2):soup('onion', 3, 6);(4, 3):soup('onion', 3, 20)",20.0,35.0,5,interact,-0.004999999999999983,0.0,0.0,-0.004999999999999983,20.0,35.0,False,"(5, 3)",onion,"(3, 3)",dish,"(4, 2):soup('onion', 3, 7);(4, 3):soup('onion', 3, 20)","(4, 2):soup('onion', 3, 7);(4, 3):soup('onion', 3, 20)"
49,5,interact,"(5, 3)","(-1, 0)",onion,"(3, 3)","(0, 1)",dish,"(4, 2):soup('onion', 3, 7);(4, 3):soup('onion', 3, 20)","(4, 2):soup('onion', 3, 7);(4, 3):soup('onion', 3, 20)",20.0,35.0,5,interact,-0.004999999999999983,0.0,0.0,-0.004999999999999983,20.0,35.0,False,"(5, 3)",onion,"(3, 3)",dish,"(4, 2):soup('onion', 3, 8);(4, 3):soup('onion', 3, 20)","(4, 2):soup('onion', 3, 8);(4, 3):soup('onion', 3, 20)"
50,5,interact,"(5, 3)","(-1, 0)",onion,"(3, 3)","(0, 1)",dish,"(4, 2):soup('onion', 3, 8);(4, 3):soup('onion', 3, 20)","(4, 2):soup('onion', 3, 8);(4, 3):soup('onion', 3, 20)",20.0,35.0,5,interact,-0.004999999999999983,0.0,0.0,-0.004999999999999983,20.0,35.0,False,"(5, 3)",onion,"(3, 3)",dish,"(4, 2):soup('onion', 3, 9);(4, 3):soup('onion', 3, 20)","(4, 2):soup('onion', 3, 9);(4, 3):soup('onion', 3, 20)"
51,5,interact,"(5, 3)","(-1, 0)",onion,"(3, 3)","(0, 1)",dish,"(4, 2):soup('onion', 3, 9);(4, 3):soup('onion', 3, 20)","(4, 2):soup('onion', 3, 9);(4, 3):soup('onion', 3, 20)",20.0,35.0,5,interact,-0.004999999999999983,0.0,0.0,-0.004999999999999983,20.0,35.0,False,"(5, 3)",onion,"(3, 3)",dish,"(4, 2):soup('onion', 3, 10);(4, 3):soup('onion', 3, 20)","(4, 2):soup('onion', 3, 10);(4, 3):soup('onion', 3, 20)"
52,5,interact,"(5, 3)","(-1, 0)",onion,"(3, 3)","(0, 1)",dish,"(4, 2):soup('onion', 3, 10);(4, 3):soup('onion', 3, 20)","(4, 2):soup('onion', 3, 10);(4, 3):soup('onion', 3, 20)",20.0,35.0,5,interact,-0.014900000000000004,0.0,0.0,-0.014900000000000004,20.0,35.0,False,"(5, 3)",onion,"(3, 3)",dish,"(4, 2):soup('onion', 3, 11);(4, 3):soup('onion', 3, 20)","(4, 2):soup('onion', 3, 11);(4, 3):soup('onion', 3, 20)"
53,5,interact,"(5, 3)","(-1, 0)",onion,"(3, 3)","(0, 1)",dish,"(4, 2):soup('onion', 3, 11);(4, 3):soup('onion', 3, 20)","(4, 2):soup('onion', 3, 11);(4, 3):soup('onion', 3, 20)",20.0,35.0,5,interact,-0.014800000000000058,0.0,0.0,-0.014800000000000058,20.0,35.0,False,"(5, 3)",onion,"(3, 3)",dish,"(4, 2):soup('onion', 3, 12);(4, 3):soup('onion', 3, 20)","(4, 2):soup('onion', 3, 12);(4, 3):soup('onion', 3, 20)"
54,5,interact,"(5, 3)","(-1, 0)",onion,"(3, 3)","(0, 1)",dish,"(4, 2):soup('onion', 3, 12);(4, 3):soup('onion', 3, 20)","(4, 2):soup('onion', 3, 12);(4, 3):soup('onion', 3, 20)",20.0,35.0,5,interact,-0.014699999999999935,0.0,0.0,-0.014699999999999935,20.0,35.0,False,"(5, 3)",onion,"(3, 3)",dish,"(4, 2):soup('onion', 3, 13);(4, 3):soup('onion', 3, 20)","(4, 2):soup('onion', 3, 13);(4, 3):soup('onion', 3, 20)"
55,5,interact,"(5, 3)","(-1, 0)",onion,"(3, 3)","(0, 1)",dish,"(4, 2):soup('onion', 3, 13);(4, 3):soup('onion', 3, 20)","(4, 2):soup('onion', 3, 13);(4, 3):soup('onion', 3, 20)",20.0,35.0,5,interact,-0.01460000000000008,0.0,0.0,-0.01460000000000008,20.0,35.0,False,"(5, 3)",onion,"(3, 3)",dish,"(4, 2):soup('onion', 3, 14);(4, 3):soup('onion', 3, 20)","(4, 2):soup('onion', 3, 14);(4, 3):soup('onion', 3, 20)"
56,5,interact,"(5, 3)","(-1, 0)",onion,"(3, 3)","(0, 1)",dish,"(4, 2):soup('onion', 3, 14);(4, 3):soup('onion', 3, 20)","(4, 2):soup('onion', 3, 14);(4, 3):soup('onion', 3, 20)",20.0,35.0,5,interact,-0.014499999999999957,0.0,0.0,-0.014499999999999957,20.0,35.0,False,"(5, 3)",onion,"(3, 3)",dish,"(4, 2):soup('onion', 3, 15);(4, 3):soup('onion', 3, 20)","(4, 2):soup('onion', 3, 15);(4, 3):soup('onion', 3, 20)"
57,5,interact,"(5, 3)","(-1, 0)",onion,"(3, 3)","(0, 1)",dish,"(4, 2):soup('onion', 3, 15);(4, 3):soup('onion', 3, 20)","(4, 2):soup('onion', 3, 15);(4, 3):soup('onion', 3, 20)",20.0,35.0,5,interact,-0.014400000000000013,0.0,0.0,-0.014400000000000013,20.0,35.0,False,"(5, 3)",onion,"(3, 3)",dish,"(4, 2):soup('onion', 3, 16);(4, 3):soup('onion', 3, 20)","(4, 2):soup('onion', 3, 16);(4, 3):soup('onion', 3, 20)"
58,5,interact,"(5, 3)","(-1, 0)",onion,"(3, 3)","(0, 1)",dish,"(4, 2):soup('onion', 3, 16);(4, 3):soup('onion', 3, 20)","(4, 2):soup('onion', 3, 16);(4, 3):soup('onion', 3, 20)",20.0,35.0,5,interact,-0.01430000000000007,0.0,0.0,-0.01430000000000007,20.0,35.0,False,"(5, 3)",onion,"(3, 3)",dish,"(4, 2):soup('onion', 3, 17);(4, 3):soup('onion', 3, 20)","(4, 2):soup('onion', 3, 17);(4, 3):soup('onion', 3, 20)"
59,5,interact,"(5, 3)","(-1, 0)",onion,"(3, 3)","(0, 1)",dish,"(4, 2):soup('onion', 3, 17);(4, 3):soup('onion', 3, 20)","(4, 2):soup('onion', 3, 17);(4, 3):soup('onion', 3, 20)",20.0,35.0,5,interact,-0.014199999999999947,0.0,0.0,-0.014199999999999947,20.0,35.0,False,"(5, 3)",onion,"(3, 3)",dish,"(4, 2):soup('onion', 3, 18);(4, 3):soup('onion', 3, 20)","(4, 2):soup('onion', 3, 18);(4, 3):soup('onion', 3, 20)"
60,5,interact,"(5, 3)","(-1, 0)",onion,"(3, 3)","(0, 1)",dish,"(4, 2):soup('onion', 3, 18);(4, 3):soup('onion', 3, 20)","(4, 2):soup('onion', 3, 18);(4, 3):soup('onion', 3, 20)",20.0,35.0,5,interact,-0.014100000000000001,0.0,0.0,-0.014100000000000001,20.0,35.0,False,"(5, 3)",onion,"(3, 3)",dish,"(4, 2):soup('onion', 3, 19);(4, 3):soup('onion', 3, 20)","(4, 2):soup('onion', 3, 19);(4, 3):soup('onion', 3, 20)"
61,5,interact,"(5, 3)","(-1, 0)",onion,"(3, 3)","(0, 1)",dish,"(4, 2):soup('onion', 3, 19);(4, 3):soup('onion', 3, 20)","(4, 2):soup('onion', 3, 19);(4, 3):soup('onion', 3, 20)",20.0,35.0,5,interact,0.025599999999999935,0.0,0.0,0.025599999999999935,20.0,35.0,False,"(5, 3)",onion,"(3, 3)",dish,"(4, 2):soup('onion', 3, 20);(4, 3):soup('onion', 3, 20)","(4, 2):soup('onion', 3, 20);(4, 3):soup('onion', 3, 20)"
62,3,"(-1, 0)","(5, 3)","(-1, 0)",onion,"(3, 3)","(0, 1)",dish,"(4, 2):soup('onion', 3, 20);(4, 3):soup('onion', 3, 20)","(4, 2):soup('onion', 3, 20);(4, 3):soup('onion', 3, 20)",20.0,35.0,5,interact,-0.01429999999999998,0.0,0.0,-0.01429999999999998,20.0,35.0,False,"(5, 3)",onion,"(3, 3)",dish,"(4, 2):soup('onion', 3, 20);(4, 3):soup('onion', 3, 20)","(4, 2):soup('onion', 3, 20);(4, 3):soup('onion', 3, 20)"
63,3,"(-1, 0)","(5, 3)","(-1, 0)",onion,"(3, 3)","(0, 1)",dish,"(4, 2):soup('onion', 3, 20);(4, 3):soup('onion', 3, 20)","(4, 2):soup('onion', 3, 20);(4, 3):soup('onion', 3, 20)",20.0,35.0,5,interact,-0.014200000000000036,0.0,0.0,-0.014200000000000036,20.0,35.0,False,"(5, 3)",onion,"(3, 3)",dish,"(4, 2):soup('onion', 3, 20);(4, 3):soup('onion', 3, 20)","(4, 2):soup('onion', 3, 20);(4, 3):soup('onion', 3, 20)"
64,3,"(-1, 0)","(5, 3)","(-1, 0)",onion,"(3, 3)","(0, 1)",dish,"(4, 2):soup('onion', 3, 20);(4, 3):soup('onion', 3, 20)","(4, 2):soup('onion', 3, 20);(4, 3):soup('onion', 3, 20)",20.0,35.0,5,interact,-0.0041999999999999815,0.0,0.0,-0.0041999999999999815,20.0,35.0,False,"(5, 3)",onion,"(3, 3)",dish,"(4, 2):soup('onion', 3, 20);(4, 3):soup('onion', 3, 20)","(4, 2):soup('onion', 3, 20);(4, 3):soup('onion', 3, 20)"
65,3,"(-1, 0)","(5, 3)","(-1, 0)",onion,"(3, 3)","(0, 1)",dish,"(4, 2):soup('onion', 3, 20);(4, 3):soup('onion', 3, 20)","(4, 2):soup('onion', 3, 20);(4, 3):soup('onion', 3, 20)",20.0,35.0,5,interact,-0.0041999999999999815,0.0,0.0,-0.0041999999999999815,20.0,35.0,False,"(5, 3)",onion,"(3, 3)",dish,"(4, 2):soup('onion', 3, 20);(4, 3):soup('onion', 3, 20)","(4, 2):soup('onion', 3, 20);(4, 3):soup('onion', 3, 20)"
66,3,"(-1, 0)","(5, 3)","(-1, 0)",onion,"(3, 3)","(0, 1)",dish,"(4, 2):soup('onion', 3, 20);(4, 3):soup('onion', 3, 20)","(4, 2):soup('onion', 3, 20);(4, 3):soup('onion', 3, 20)",20.0,35.0,5,interact,-0.0041999999999999815,0.0,0.0,-0.0041999999999999815,20.0,35.0,False,"(5, 3)",onion,"(3, 3)",dish,"(4, 2):soup('onion', 3, 20);(4, 3):soup('onion', 3, 20)","(4, 2):soup('onion', 3, 20);(4, 3):soup('onion', 3, 20)"
67,3,"(-1, 0)","(5, 3)","(-1, 0)",onion,"(3, 3)","(0, 1)",dish,"(4, 2):soup('onion', 3, 20);(4, 3):soup('onion', 3, 20)","(4, 2):soup('onion', 3, 20);(4, 3):soup('onion', 3, 20)",20.0,35.0,5,interact,-0.014100000000000092,0.0,0.0,-0.014100000000000092,20.0,35.0,False,"(5, 3)",onion,"(3, 3)",dish,"(4, 2):soup('onion', 3, 20);(4, 3):soup('onion', 3, 20)","(4, 2):soup('onion', 3, 20);(4, 3):soup('onion', 3, 20)"
68,3,"(-1, 0)","(5, 3)","(-1, 0)",onion,"(3, 3)","(0, 1)",dish,"(4, 2):soup('onion', 3, 20);(4, 3):soup('onion', 3, 20)","(4, 2):soup('onion', 3, 20);(4, 3):soup('onion', 3, 20)",20.0,35.0,5,interact,-0.013999999999999924,0.0,0.0,-0.013999999999999924,20.0,35.0,False,"(5, 3)",onion,"(3, 3)",dish,"(4, 2):soup('onion', 3, 20);(4, 3):soup('onion', 3, 20)","(4, 2):soup('onion', 3, 20);(4, 3):soup('onion', 3, 20)"
69,3,"(-1, 0)","(5, 3)","(-1, 0)",onion,"(3, 3)","(0, 1)",dish,"(4, 2):soup('onion', 3, 20);(4, 3):soup('onion', 3, 20)","(4, 2):soup('onion', 3, 20);(4, 3):soup('onion', 3, 20)",20.0,35.0,5,interact,-0.01389999999999998,0.0,0.0,-0.01389999999999998,20.0,35.0,False,"(5, 3)",onion,"(3, 3)",dish,"(4, 2):soup('onion', 3, 20);(4, 3):soup('onion', 3, 20)","(4, 2):soup('onion', 3, 20);(4, 3):soup('onion', 3, 20)"
70,3,"(-1, 0)","(5, 3)","(-1, 0)",onion,"(3, 3)","(0, 1)",dish,"(4, 2):soup('onion', 3, 20);(4, 3):soup('onion', 3, 20)","(4, 2):soup('onion', 3, 20);(4, 3):soup('onion', 3, 20)",20.0,35.0,5,interact,-0.013799999999999991,0.0,0.0,-0.013799999999999991,20.0,35.0,False,"(5, 3)",onion,"(3, 3)",dish,"(4, 2):soup('onion', 3, 20);(4, 3):soup('onion', 3, 20)","(4, 2):soup('onion', 3, 20);(4, 3):soup('onion', 3, 20)"
71,3,"(-1, 0)","(5, 3)","(-1, 0)",onion,"(3, 3)","(0, 1)",dish,"(4, 2):soup('onion', 3, 20);(4, 3):soup('onion', 3, 20)","(4, 2):soup('onion', 3, 20);(4, 3):soup('onion', 3, 20)",20.0,35.0,5,interact,-0.013700000000000045,0.0,0.0,-0.013700000000000045,20.0,35.0,False,"(5, 3)",onion,"(3, 3)",dish,"(4, 2):soup('onion', 3, 20);(4, 3):soup('onion', 3, 20)","(4, 2):soup('onion', 3, 20);(4, 3):soup('onion', 3, 20)"
72,3,"(-1, 0)","(5, 3)","(-1, 0)",onion,"(3, 3)","(0, 1)",dish,"(4, 2):soup('onion', 3, 20);(4, 3):soup('onion', 3, 20)","(4, 2):soup('onion', 3, 20);(4, 3):soup('onion', 3, 20)",20.0,35.0,5,interact,-0.013600000000000056,0.0,0.0,-0.013600000000000056,20.0,35.0,False,"(5, 3)",onion,"(3, 3)",dish,"(4, 2):soup('onion', 3, 20);(4, 3):soup('onion', 3, 20)","(4, 2):soup('onion', 3, 20);(4, 3):soup('onion', 3, 20)"
73,3,"(-1, 0)","(5, 3)","(-1, 0)",onion,"(3, 3)","(0, 1)",dish,"(4, 2):soup('onion', 3, 20);(4, 3):soup('onion', 3, 20)","(4, 2):soup('onion', 3, 20);(4, 3):soup('onion', 3, 20)",20.0,35.0,5,interact,-0.013499999999999979,0.0,0.0,-0.013499999999999979,20.0,35.0,False,"(5, 3)",onion,"(3, 3)",dish,"(4, 2):soup('onion', 3, 20);(4, 3):soup('onion', 3, 20)","(4, 2):soup('onion', 3, 20);(4, 3):soup('onion', 3, 20)"
74,3,"(-1, 0)","(5, 3)","(-1, 0)",onion,"(3, 3)","(0, 1)",dish,"(4, 2):soup('onion', 3, 20);(4, 3):soup('onion', 3, 20)","(4, 2):soup('onion', 3, 20);(4, 3):soup('onion', 3, 20)",20.0,35.0,5,interact,-0.013399999999999947,0.0,0.0,-0.013399999999999947,20.0,35.0,False,"(5, 3)",onion,"(3, 3)",dish,"(4, 2):soup('onion', 3, 20);(4, 3):soup('onion', 3, 20)","(4, 2):soup('onion', 3, 20);(4, 3):soup('onion', 3, 20)"
75,3,"(-1, 0)","(5, 3)","(-1, 0)",onion,"(3, 3)","(0, 1)",dish,"(4, 2):soup('onion', 3, 20);(4, 3):soup('onion', 3, 20)","(4, 2):soup('onion', 3, 20);(4, 3):soup('onion', 3, 20)",20.0,35.0,5,interact,-0.013299999999999958,0.0,0.0,-0.013299999999999958,20.0,35.0,False,"(5, 3)",onion,"(3, 3)",dish,"(4, 2):soup('onion', 3, 20);(4, 3):soup('onion', 3, 20)","(4, 2):soup('onion', 3, 20);(4, 3):soup('onion', 3, 20)"
76,3,"(-1, 0)","(5, 3)","(-1, 0)",onion,"(3, 3)","(0, 1)",dish,"(4, 2):soup('onion', 3, 20);(4, 3):soup('onion', 3, 20)","(4, 2):soup('onion', 3, 20);(4, 3):soup('onion', 3, 20)",20.0,35.0,5,interact,-0.013200000000000057,0.0,0.0,-0.013200000000000057,20.0,35.0,False,"(5, 3)",onion,"(3, 3)",dish,"(4, 2):soup('onion', 3, 20);(4, 3):soup('onion', 3, 20)","(4, 2):soup('onion', 3, 20);(4, 3):soup('onion', 3, 20)"
77,3,"(-1, 0)","(5, 3)","(-1, 0)",onion,"(3, 3)","(0, 1)",dish,"(4, 2):soup('onion', 3, 20);(4, 3):soup('onion', 3, 20)","(4, 2):soup('onion', 3, 20);(4, 3):soup('onion', 3, 20)",20.0,35.0,5,interact,-0.01309999999999998,0.0,0.0,-0.01309999999999998,20.0,35.0,False,"(5, 3)",onion,"(3, 3)",dish,"(4, 2):soup('onion', 3, 20);(4, 3):soup('onion', 3, 20)","(4, 2):soup('onion', 3, 20);(4, 3):soup('onion', 3, 20)"
78,3,"(-1, 0)","(5, 3)","(-1, 0)",onion,"(3, 3)","(0, 1)",dish,"(4, 2):soup('onion', 3, 20);(4, 3):soup('onion', 3, 20)","(4, 2):soup('onion', 3, 20);(4, 3):soup('onion', 3, 20)",20.0,35.0,5,interact,-0.013000000000000034,0.0,0.0,-0.013000000000000034,20.0,35.0,False,"(5, 3)",onion,"(3, 3)",dish,"(4, 2):soup('onion', 3, 20);(4, 3):soup('onion', 3, 20)","(4, 2):soup('onion', 3, 20);(4, 3):soup('onion', 3, 20)"
79,3,"(-1, 0)","(5, 3)","(-1, 0)",onion,"(3, 3)","(0, 1)",dish,"(4, 2):soup('onion', 3, 20);(4, 3):soup('onion', 3, 20)","(4, 2):soup('onion', 3, 20);(4, 3):soup('onion', 3, 20)",20.0,35.0,5,interact,-0.0029999999999999805,0.0,0.0,-0.0029999999999999805,20.0,35.0,False,"(5, 3)",onion,"(3, 3)",dish,"(4, 2):soup('onion', 3, 20);(4, 3):soup('onion', 3, 20)","(4, 2):soup('onion', 3, 20);(4, 3):soup('onion', 3, 20)"
80,3,"(-1, 0)","(5, 3)","(-1, 0)",onion,"(3, 3)","(0, 1)",dish,"(4, 2):soup('onion', 3, 20);(4, 3):soup('onion', 3, 20)","(4, 2):soup('onion', 3, 20);(4, 3):soup('onion', 3, 20)",20.0,35.0,5,interact,-0.0029999999999999805,0.0,0.0,-0.0029999999999999805,20.0,35.0,False,"(5, 3)",onion,"(3, 3)",dish,"(4, 2):soup('onion', 3, 20);(4, 3):soup('onion', 3, 20)","(4, 2):soup('onion', 3, 20);(4, 3):soup('onion', 3, 20)"
81,3,"(-1, 0)","(5, 3)","(-1, 0)",onion,"(3, 3)","(0, 1)",dish,"(4, 2):soup('onion', 3, 20);(4, 3):soup('onion', 3, 20)","(4, 2):soup('onion', 3, 20);(4, 3):soup('onion', 3, 20)",20.0,35.0,5,interact,-0.0029999999999999805,0.0,0.0,-0.0029999999999999805,20.0,35.0,False,"(5, 3)",onion,"(3, 3)",dish,"(4, 2):soup('onion', 3, 20);(4, 3):soup('onion', 3, 20)","(4, 2):soup('onion', 3, 20);(4, 3):soup('onion', 3, 20)"
82,3,"(-1, 0)","(5, 3)","(-1, 0)",onion,"(3, 3)","(0, 1)",dish,"(4, 2):soup('onion', 3, 20);(4, 3):soup('onion', 3, 20)","(4, 2):soup('onion', 3, 20);(4, 3):soup('onion', 3, 20)",20.0,35.0,5,interact,-0.0029999999999999805,0.0,0.0,-0.0029999999999999805,20.0,35.0,False,"(5, 3)",onion,"(3, 3)",dish,"(4, 2):soup('onion', 3, 20);(4, 3):soup('onion', 3, 20)","(4, 2):soup('onion', 3, 20);(4, 3):soup('onion', 3, 20)"
83,3,"(-1, 0)","(5, 3)","(-1, 0)",onion,"(3, 3)","(0, 1)",dish,"(4, 2):soup('onion', 3, 20);(4, 3):soup('onion', 3, 20)","(4, 2):soup('onion', 3, 20);(4, 3):soup('onion', 3, 20)",20.0,35.0,5,interact,-0.0029999999999999805,0.0,0.0,-0.0029999999999999805,20.0,35.0,False,"(5, 3)",onion,"(3, 3)",dish,"(4, 2):soup('onion', 3, 20);(4, 3):soup('onion', 3, 20)","(4, 2):soup('onion', 3, 20);(4, 3):soup('onion', 3, 20)"
84,3,"(-1, 0)","(5, 3)","(-1, 0)",onion,"(3, 3)","(0, 1)",dish,"(4, 2):soup('onion', 3, 20);(4, 3):soup('onion', 3, 20)","(4, 2):soup('onion', 3, 20);(4, 3):soup('onion', 3, 20)",20.0,35.0,5,interact,-0.0029999999999999805,0.0,0.0,-0.0029999999999999805,20.0,35.0,False,"(5, 3)",onion,"(3, 3)",dish,"(4, 2):soup('onion', 3, 20);(4, 3):soup('onion', 3, 20)","(4, 2):soup('onion', 3, 20);(4, 3):soup('onion', 3, 20)"
85,3,"(-1, 0)","(5, 3)","(-1, 0)",onion,"(3, 3)","(0, 1)",dish,"(4, 2):soup('onion', 3, 20);(4, 3):soup('onion', 3, 20)","(4, 2):soup('onion', 3, 20);(4, 3):soup('onion', 3, 20)",20.0,35.0,5,interact,-0.0029999999999999805,0.0,0.0,-0.0029999999999999805,20.0,35.0,False,"(5, 3)",onion,"(3, 3)",dish,"(4, 2):soup('onion', 3, 20);(4, 3):soup('onion', 3, 20)","(4, 2):soup('onion', 3, 20);(4, 3):soup('onion', 3, 20)"
86,3,"(-1, 0)","(5, 3)","(-1, 0)",onion,"(3, 3)","(0, 1)",dish,"(4, 2):soup('onion', 3, 20);(4, 3):soup('onion', 3, 20)","(4, 2):soup('onion', 3, 20);(4, 3):soup('onion', 3, 20)",20.0,35.0,5,interact,-0.0029999999999999805,0.0,0.0,-0.0029999999999999805,20.0,35.0,False,"(5, 3)",onion,"(3, 3)",dish,"(4, 2):soup('onion', 3, 20);(4, 3):soup('onion', 3, 20)","(4, 2):soup('onion', 3, 20);(4, 3):soup('onion', 3, 20)"
87,3,"(-1, 0)","(5, 3)","(-1, 0)",onion,"(3, 3)","(0, 1)",dish,"(4, 2):soup('onion', 3, 20);(4, 3):soup('onion', 3, 20)","(4, 2):soup('onion', 3, 20);(4, 3):soup('onion', 3, 20)",20.0,35.0,5,interact,-0.0029999999999999805,0.0,0.0,-0.0029999999999999805,20.0,35.0,False,"(5, 3)",onion,"(3, 3)",dish,"(4, 2):soup('onion', 3, 20);(4, 3):soup('onion', 3, 20)","(4, 2):soup('onion', 3, 20);(4, 3):soup('onion', 3, 20)"
88,3,"(-1, 0)","(5, 3)","(-1, 0)",onion,"(3, 3)","(0, 1)",dish,"(4, 2):soup('onion', 3, 20);(4, 3):soup('onion', 3, 20)","(4, 2):soup('onion', 3, 20);(4, 3):soup('onion', 3, 20)",20.0,35.0,5,interact,-0.0029999999999999805,0.0,0.0,-0.0029999999999999805,20.0,35.0,False,"(5, 3)",onion,"(3, 3)",dish,"(4, 2):soup('onion', 3, 20);(4, 3):soup('onion', 3, 20)","(4, 2):soup('onion', 3, 20);(4, 3):soup('onion', 3, 20)"
89,3,"(-1, 0)","(5, 3)","(-1, 0)",onion,"(3, 3)","(0, 1)",dish,"(4, 2):soup('onion', 3, 20);(4, 3):soup('onion', 3, 20)","(4, 2):soup('onion', 3, 20);(4, 3):soup('onion', 3, 20)",20.0,35.0,5,interact,-0.0029999999999999805,0.0,0.0,-0.0029999999999999805,20.0,35.0,False,"(5, 3)",onion,"(3, 3)",dish,"(4, 2):soup('onion', 3, 20);(4, 3):soup('onion', 3, 20)","(4, 2):soup('onion', 3, 20);(4, 3):soup('onion', 3, 20)"
90,3,"(-1, 0)","(5, 3)","(-1, 0)",onion,"(3, 3)","(0, 1)",dish,"(4, 2):soup('onion', 3, 20);(4, 3):soup('onion', 3, 20)","(4, 2):soup('onion', 3, 20);(4, 3):soup('onion', 3, 20)",20.0,35.0,5,interact,-0.0029999999999999805,0.0,0.0,-0.0029999999999999805,20.0,35.0,False,"(5, 3)",onion,"(3, 3)",dish,"(4, 2):soup('onion', 3, 20);(4, 3):soup('onion', 3, 20)","(4, 2):soup('onion', 3, 20);(4, 3):soup('onion', 3, 20)"
91,3,"(-1, 0)","(5, 3)","(-1, 0)",onion,"(3, 3)","(0, 1)",dish,"(4, 2):soup('onion', 3, 20);(4, 3):soup('onion', 3, 20)","(4, 2):soup('onion', 3, 20);(4, 3):soup('onion', 3, 20)",20.0,35.0,5,interact,-0.0029999999999999805,0.0,0.0,-0.0029999999999999805,20.0,35.0,False,"(5, 3)",onion,"(3, 3)",dish,"(4, 2):soup('onion', 3, 20);(4, 3):soup('onion', 3, 20)","(4, 2):soup('onion', 3, 20);(4, 3):soup('onion', 3, 20)"
92,3,"(-1, 0)","(5, 3)","(-1, 0)",onion,"(3, 3)","(0, 1)",dish,"(4, 2):soup('onion', 3, 20);(4, 3):soup('onion', 3, 20)","(4, 2):soup('onion', 3, 20);(4, 3):soup('onion', 3, 20)",20.0,35.0,5,interact,-0.0029999999999999805,0.0,0.0,-0.0029999999999999805,20.0,35.0,False,"(5, 3)",onion,"(3, 3)",dish,"(4, 2):soup('onion', 3, 20);(4, 3):soup('onion', 3, 20)","(4, 2):soup('onion', 3, 20);(4, 3):soup('onion', 3, 20)"
93,3,"(-1, 0)","(5, 3)","(-1, 0)",onion,"(3, 3)","(0, 1)",dish,"(4, 2):soup('onion', 3, 20);(4, 3):soup('onion', 3, 20)","(4, 2):soup('onion', 3, 20);(4, 3):soup('onion', 3, 20)",20.0,35.0,5,interact,-0.0029999999999999805,0.0,0.0,-0.0029999999999999805,20.0,35.0,False,"(5, 3)",onion,"(3, 3)",dish,"(4, 2):soup('onion', 3, 20);(4, 3):soup('onion', 3, 20)","(4, 2):soup('onion', 3, 20);(4, 3):soup('onion', 3, 20)"
94,3,"(-1, 0)","(5, 3)","(-1, 0)",onion,"(3, 3)","(0, 1)",dish,"(4, 2):soup('onion', 3, 20);(4, 3):soup('onion', 3, 20)","(4, 2):soup('onion', 3, 20);(4, 3):soup('onion', 3, 20)",20.0,35.0,5,interact,-0.0029999999999999805,0.0,0.0,-0.0029999999999999805,20.0,35.0,False,"(5, 3)",onion,"(3, 3)",dish,"(4, 2):soup('onion', 3, 20);(4, 3):soup('onion', 3, 20)","(4, 2):soup('onion', 3, 20);(4, 3):soup('onion', 3, 20)"
95,3,"(-1, 0)","(5, 3)","(-1, 0)",onion,"(3, 3)","(0, 1)",dish,"(4, 2):soup('onion', 3, 20);(4, 3):soup('onion', 3, 20)","(4, 2):soup('onion', 3, 20);(4, 3):soup('onion', 3, 20)",20.0,35.0,5,interact,-0.0029999999999999805,0.0,0.0,-0.0029999999999999805,20.0,35.0,False,"(5, 3)",onion,"(3, 3)",dish,"(4, 2):soup('onion', 3, 20);(4, 3):soup('onion', 3, 20)","(4, 2):soup('onion', 3, 20);(4, 3):soup('onion', 3, 20)"
96,3,"(-1, 0)","(5, 3)","(-1, 0)",onion,"(3, 3)","(0, 1)",dish,"(4, 2):soup('onion', 3, 20);(4, 3):soup('onion', 3, 20)","(4, 2):soup('onion', 3, 20);(4, 3):soup('onion', 3, 20)",20.0,35.0,5,interact,-0.0029999999999999805,0.0,0.0,-0.0029999999999999805,20.0,35.0,False,"(5, 3)",onion,"(3, 3)",dish,"(4, 2):soup('onion', 3, 20);(4, 3):soup('onion', 3, 20)","(4, 2):soup('onion', 3, 20);(4, 3):soup('onion', 3, 20)"
97,3,"(-1, 0)","(5, 3)","(-1, 0)",onion,"(3, 3)","(0, 1)",dish,"(4, 2):soup('onion', 3, 20);(4, 3):soup('onion', 3, 20)","(4, 2):soup('onion', 3, 20);(4, 3):soup('onion', 3, 20)",20.0,35.0,5,interact,-0.0029999999999999805,0.0,0.0,-0.0029999999999999805,20.0,35.0,False,"(5, 3)",onion,"(3, 3)",dish,"(4, 2):soup('onion', 3, 20);(4, 3):soup('onion', 3, 20)","(4, 2):soup('onion', 3, 20);(4, 3):soup('onion', 3, 20)"
98,3,"(-1, 0)","(5, 3)","(-1, 0)",onion,"(3, 3)","(0, 1)",dish,"(4, 2):soup('onion', 3, 20);(4, 3):soup('onion', 3, 20)","(4, 2):soup('onion', 3, 20);(4, 3):soup('onion', 3, 20)",20.0,35.0,5,interact,-0.0029999999999999805,0.0,0.0,-0.0029999999999999805,20.0,35.0,False,"(5, 3)",onion,"(3, 3)",dish,"(4, 2):soup('onion', 3, 20);(4, 3):soup('onion', 3, 20)","(4, 2):soup('onion', 3, 20);(4, 3):soup('onion', 3, 20)"
99,3,"(-1, 0)","(5, 3)","(-1, 0)",onion,"(3, 3)","(0, 1)",dish,"(4, 2):soup('onion', 3, 20);(4, 3):soup('onion', 3, 20)","(4, 2):soup('onion', 3, 20);(4, 3):soup('onion', 3, 20)",20.0,35.0,5,interact,-0.0029999999999999805,0.0,0.0,-0.0029999999999999805,20.0,35.0,False,"(5, 3)",onion,"(3, 3)",dish,"(4, 2):soup('onion', 3, 20);(4, 3):soup('onion', 3, 20)","(4, 2):soup('onion', 3, 20);(4, 3):soup('onion', 3, 20)"
100,3,"(-1, 0)","(5, 3)","(-1, 0)",onion,"(3, 3)","(0, 1)",dish,"(4, 2):soup('onion', 3, 20);(4, 3):soup('onion', 3, 20)","(4, 2):soup('onion', 3, 20);(4, 3):soup('onion', 3, 20)",20.0,35.0,5,interact,-0.0029999999999999805,0.0,0.0,-0.0029999999999999805,20.0,35.0,False,"(5, 3)",onion,"(3, 3)",dish,"(4, 2):soup('onion', 3, 20);(4, 3):soup('onion', 3, 20)","(4, 2):soup('onion', 3, 20);(4, 3):soup('onion', 3, 20)"
101,3,"(-1, 0)","(5, 3)","(-1, 0)",onion,"(3, 3)","(0, 1)",dish,"(4, 2):soup('onion', 3, 20);(4, 3):soup('onion', 3, 20)","(4, 2):soup('onion', 3, 20);(4, 3):soup('onion', 3, 20)",20.0,35.0,5,interact,-0.0029999999999999805,0.0,0.0,-0.0029999999999999805,20.0,35.0,False,"(5, 3)",onion,"(3, 3)",dish,"(4, 2):soup('onion', 3, 20);(4, 3):soup('onion', 3, 20)","(4, 2):soup('onion', 3, 20);(4, 3):soup('onion', 3, 20)"
102,3,"(-1, 0)","(5, 3)","(-1, 0)",onion,"(3, 3)","(0, 1)",dish,"(4, 2):soup('onion', 3, 20);(4, 3):soup('onion', 3, 20)","(4, 2):soup('onion', 3, 20);(4, 3):soup('onion', 3, 20)",20.0,35.0,5,interact,-0.0029999999999999805,0.0,0.0,-0.0029999999999999805,20.0,35.0,False,"(5, 3)",onion,"(3, 3)",dish,"(4, 2):soup('onion', 3, 20);(4, 3):soup('onion', 3, 20)","(4, 2):soup('onion', 3, 20);(4, 3):soup('onion', 3, 20)"
103,3,"(-1, 0)","(5, 3)","(-1, 0)",onion,"(3, 3)","(0, 1)",dish,"(4, 2):soup('onion', 3, 20);(4, 3):soup('onion', 3, 20)","(4, 2):soup('onion', 3, 20);(4, 3):soup('onion', 3, 20)",20.0,35.0,5,interact,-0.0029999999999999805,0.0,0.0,-0.0029999999999999805,20.0,35.0,False,"(5, 3)",onion,"(3, 3)",dish,"(4, 2):soup('onion', 3, 20);(4, 3):soup('onion', 3, 20)","(4, 2):soup('onion', 3, 20);(4, 3):soup('onion', 3, 20)"
104,3,"(-1, 0)","(5, 3)","(-1, 0)",onion,"(3, 3)","(0, 1)",dish,"(4, 2):soup('onion', 3, 20);(4, 3):soup('onion', 3, 20)","(4, 2):soup('onion', 3, 20);(4, 3):soup('onion', 3, 20)",20.0,35.0,5,interact,-0.0029999999999999805,0.0,0.0,-0.0029999999999999805,20.0,35.0,False,"(5, 3)",onion,"(3, 3)",dish,"(4, 2):soup('onion', 3, 20);(4, 3):soup('onion', 3, 20)","(4, 2):soup('onion', 3, 20);(4, 3):soup('onion', 3, 20)"
105,3,"(-1, 0)","(5, 3)","(-1, 0)",onion,"(3, 3)","(0, 1)",dish,"(4, 2):soup('onion', 3, 20);(4, 3):soup('onion', 3, 20)","(4, 2):soup('onion', 3, 20);(4, 3):soup('onion', 3, 20)",20.0,35.0,5,interact,-0.0029999999999999805,0.0,0.0,-0.0029999999999999805,20.0,35.0,False,"(5, 3)",onion,"(3, 3)",dish,"(4, 2):soup('onion', 3, 20);(4, 3):soup('onion', 3, 20)","(4, 2):soup('onion', 3, 20);(4, 3):soup('onion', 3, 20)"
106,3,"(-1, 0)","(5, 3)","(-1, 0)",onion,"(3, 3)","(0, 1)",dish,"(4, 2):soup('onion', 3, 20);(4, 3):soup('onion', 3, 20)","(4, 2):soup('onion', 3, 20);(4, 3):soup('onion', 3, 20)",20.0,35.0,5,interact,-0.0029999999999999805,0.0,0.0,-0.0029999999999999805,20.0,35.0,False,"(5, 3)",onion,"(3, 3)",dish,"(4, 2):soup('onion', 3, 20);(4, 3):soup('onion', 3, 20)","(4, 2):soup('onion', 3, 20);(4, 3):soup('onion', 3, 20)"
107,3,"(-1, 0)","(5, 3)","(-1, 0)",onion,"(3, 3)","(0, 1)",dish,"(4, 2):soup('onion', 3, 20);(4, 3):soup('onion', 3, 20)","(4, 2):soup('onion', 3, 20);(4, 3):soup('onion', 3, 20)",20.0,35.0,5,interact,-0.0029999999999999805,0.0,0.0,-0.0029999999999999805,20.0,35.0,False,"(5, 3)",onion,"(3, 3)",dish,"(4, 2):soup('onion', 3, 20);(4, 3):soup('onion', 3, 20)","(4, 2):soup('onion', 3, 20);(4, 3):soup('onion', 3, 20)"
108,3,"(-1, 0)","(5, 3)","(-1, 0)",onion,"(3, 3)","(0, 1)",dish,"(4, 2):soup('onion', 3, 20);(4, 3):soup('onion', 3, 20)","(4, 2):soup('onion', 3, 20);(4, 3):soup('onion', 3, 20)",20.0,35.0,5,interact,-0.0029999999999999805,0.0,0.0,-0.0029999999999999805,20.0,35.0,False,"(5, 3)",onion,"(3, 3)",dish,"(4, 2):soup('onion', 3, 20);(4, 3):soup('onion', 3, 20)","(4, 2):soup('onion', 3, 20);(4, 3):soup('onion', 3, 20)"
109,3,"(-1, 0)","(5, 3)","(-1, 0)",onion,"(3, 3)","(0, 1)",dish,"(4, 2):soup('onion', 3, 20);(4, 3):soup('onion', 3, 20)","(4, 2):soup('onion', 3, 20);(4, 3):soup('onion', 3, 20)",20.0,35.0,5,interact,-0.0029999999999999805,0.0,0.0,-0.0029999999999999805,20.0,35.0,False,"(5, 3)",onion,"(3, 3)",dish,"(4, 2):soup('onion', 3, 20);(4, 3):soup('onion', 3, 20)","(4, 2):soup('onion', 3, 20);(4, 3):soup('onion', 3, 20)"
110,3,"(-1, 0)","(5, 3)","(-1, 0)",onion,"(3, 3)","(0, 1)",dish,"(4, 2):soup('onion', 3, 20);(4, 3):soup('onion', 3, 20)","(4, 2):soup('onion', 3, 20);(4, 3):soup('onion', 3, 20)",20.0,35.0,5,interact,-0.0029999999999999805,0.0,0.0,-0.0029999999999999805,20.0,35.0,False,"(5, 3)",onion,"(3, 3)",dish,"(4, 2):soup('onion', 3, 20);(4, 3):soup('onion', 3, 20)","(4, 2):soup('onion', 3, 20);(4, 3):soup('onion', 3, 20)"
111,3,"(-1, 0)","(5, 3)","(-1, 0)",onion,"(3, 3)","(0, 1)",dish,"(4, 2):soup('onion', 3, 20);(4, 3):soup('onion', 3, 20)","(4, 2):soup('onion', 3, 20);(4, 3):soup('onion', 3, 20)",20.0,35.0,5,interact,-0.0029999999999999805,0.0,0.0,-0.0029999999999999805,20.0,35.0,False,"(5, 3)",onion,"(3, 3)",dish,"(4, 2):soup('onion', 3, 20);(4, 3):soup('onion', 3, 20)","(4, 2):soup('onion', 3, 20);(4, 3):soup('onion', 3, 20)"
112,3,"(-1, 0)","(5, 3)","(-1, 0)",onion,"(3, 3)","(0, 1)",dish,"(4, 2):soup('onion', 3, 20);(4, 3):soup('onion', 3, 20)","(4, 2):soup('onion', 3, 20);(4, 3):soup('onion', 3, 20)",20.0,35.0,5,interact,-0.0029999999999999805,0.0,0.0,-0.0029999999999999805,20.0,35.0,False,"(5, 3)",onion,"(3, 3)",dish,"(4, 2):soup('onion', 3, 20);(4, 3):soup('onion', 3, 20)","(4, 2):soup('onion', 3, 20);(4, 3):soup('onion', 3, 20)"
113,3,"(-1, 0)","(5, 3)","(-1, 0)",onion,"(3, 3)","(0, 1)",dish,"(4, 2):soup('onion', 3, 20);(4, 3):soup('onion', 3, 20)","(4, 2):soup('onion', 3, 20);(4, 3):soup('onion', 3, 20)",20.0,35.0,5,interact,-0.0029999999999999805,0.0,0.0,-0.0029999999999999805,20.0,35.0,False,"(5, 3)",onion,"(3, 3)",dish,"(4, 2):soup('onion', 3, 20);(4, 3):soup('onion', 3, 20)","(4, 2):soup('onion', 3, 20);(4, 3):soup('onion', 3, 20)"
114,3,"(-1, 0)","(5, 3)","(-1, 0)",onion,"(3, 3)","(0, 1)",dish,"(4, 2):soup('onion', 3, 20);(4, 3):soup('onion', 3, 20)","(4, 2):soup('onion', 3, 20);(4, 3):soup('onion', 3, 20)",20.0,35.0,5,interact,-0.0029999999999999805,0.0,0.0,-0.0029999999999999805,20.0,35.0,False,"(5, 3)",onion,"(3, 3)",dish,"(4, 2):soup('onion', 3, 20);(4, 3):soup('onion', 3, 20)","(4, 2):soup('onion', 3, 20);(4, 3):soup('onion', 3, 20)"
115,3,"(-1, 0)","(5, 3)","(-1, 0)",onion,"(3, 3)","(0, 1)",dish,"(4, 2):soup('onion', 3, 20);(4, 3):soup('onion', 3, 20)","(4, 2):soup('onion', 3, 20);(4, 3):soup('onion', 3, 20)",20.0,35.0,5,interact,-0.0029999999999999805,0.0,0.0,-0.0029999999999999805,20.0,35.0,False,"(5, 3)",onion,"(3, 3)",dish,"(4, 2):soup('onion', 3, 20);(4, 3):soup('onion', 3, 20)","(4, 2):soup('onion', 3, 20);(4, 3):soup('onion', 3, 20)"
116,3,"(-1, 0)","(5, 3)","(-1, 0)",onion,"(3, 3)","(0, 1)",dish,"(4, 2):soup('onion', 3, 20);(4, 3):soup('onion', 3, 20)","(4, 2):soup('onion', 3, 20);(4, 3):soup('onion', 3, 20)",20.0,35.0,5,interact,-0.0029999999999999805,0.0,0.0,-0.0029999999999999805,20.0,35.0,False,"(5, 3)",onion,"(3, 3)",dish,"(4, 2):soup('onion', 3, 20);(4, 3):soup('onion', 3, 20)","(4, 2):soup('onion', 3, 20);(4, 3):soup('onion', 3, 20)"
117,3,"(-1, 0)","(5, 3)","(-1, 0)",onion,"(3, 3)","(0, 1)",dish,"(4, 2):soup('onion', 3, 20);(4, 3):soup('onion', 3, 20)","(4, 2):soup('onion', 3, 20);(4, 3):soup('onion', 3, 20)",20.0,35.0,5,interact,-0.0029999999999999805,0.0,0.0,-0.0029999999999999805,20.0,35.0,False,"(5, 3)",onion,"(3, 3)",dish,"(4, 2):soup('onion', 3, 20);(4, 3):soup('onion', 3, 20)","(4, 2):soup('onion', 3, 20);(4, 3):soup('onion', 3, 20)"
118,3,"(-1, 0)","(5, 3)","(-1, 0)",onion,"(3, 3)","(0, 1)",dish,"(4, 2):soup('onion', 3, 20);(4, 3):soup('onion', 3, 20)","(4, 2):soup('onion', 3, 20);(4, 3):soup('onion', 3, 20)",20.0,35.0,5,interact,-0.0029999999999999805,0.0,0.0,-0.0029999999999999805,20.0,35.0,False,"(5, 3)",onion,"(3, 3)",dish,"(4, 2):soup('onion', 3, 20);(4, 3):soup('onion', 3, 20)","(4, 2):soup('onion', 3, 20);(4, 3):soup('onion', 3, 20)"
119,3,"(-1, 0)","(5, 3)","(-1, 0)",onion,"(3, 3)","(0, 1)",dish,"(4, 2):soup('onion', 3, 20);(4, 3):soup('onion', 3, 20)","(4, 2):soup('onion', 3, 20);(4, 3):soup('onion', 3, 20)",20.0,35.0,5,interact,-0.0029999999999999805,0.0,0.0,-0.0029999999999999805,20.0,35.0,False,"(5, 3)",onion,"(3, 3)",dish,"(4, 2):soup('onion', 3, 20);(4, 3):soup('onion', 3, 20)","(4, 2):soup('onion', 3, 20);(4, 3):soup('onion', 3, 20)"
120,3,"(-1, 0)","(5, 3)","(-1, 0)",onion,"(3, 3)","(0, 1)",dish,"(4, 2):soup('onion', 3, 20);(4, 3):soup('onion', 3, 20)","(4, 2):soup('onion', 3, 20);(4, 3):soup('onion', 3, 20)",20.0,35.0,5,interact,-0.0029999999999999805,0.0,0.0,-0.0029999999999999805,20.0,35.0,False,"(5, 3)",onion,"(3, 3)",dish,"(4, 2):soup('onion', 3, 20);(4, 3):soup('onion', 3, 20)","(4, 2):soup('onion', 3, 20);(4, 3):soup('onion', 3, 20)"
121,3,"(-1, 0)","(5, 3)","(-1, 0)",onion,"(3, 3)","(0, 1)",dish,"(4, 2):soup('onion', 3, 20);(4, 3):soup('onion', 3, 20)","(4, 2):soup('onion', 3, 20);(4, 3):soup('onion', 3, 20)",20.0,35.0,5,interact,-0.0029999999999999805,0.0,0.0,-0.0029999999999999805,20.0,35.0,False,"(5, 3)",onion,"(3, 3)",dish,"(4, 2):soup('onion', 3, 20);(4, 3):soup('onion', 3, 20)","(4, 2):soup('onion', 3, 20);(4, 3):soup('onion', 3, 20)"
122,3,"(-1, 0)","(5, 3)","(-1, 0)",onion,"(3, 3)","(0, 1)",dish,"(4, 2):soup('onion', 3, 20);(4, 3):soup('onion', 3, 20)","(4, 2):soup('onion', 3, 20);(4, 3):soup('onion', 3, 20)",20.0,35.0,5,interact,-0.0029999999999999805,0.0,0.0,-0.0029999999999999805,20.0,35.0,False,"(5, 3)",onion,"(3, 3)",dish,"(4, 2):soup('onion', 3, 20);(4, 3):soup('onion', 3, 20)","(4, 2):soup('onion', 3, 20);(4, 3):soup('onion', 3, 20)"
123,3,"(-1, 0)","(5, 3)","(-1, 0)",onion,"(3, 3)","(0, 1)",dish,"(4, 2):soup('onion', 3, 20);(4, 3):soup('onion', 3, 20)","(4, 2):soup('onion', 3, 20);(4, 3):soup('onion', 3, 20)",20.0,35.0,5,interact,-0.0029999999999999805,0.0,0.0,-0.0029999999999999805,20.0,35.0,False,"(5, 3)",onion,"(3, 3)",dish,"(4, 2):soup('onion', 3, 20);(4, 3):soup('onion', 3, 20)","(4, 2):soup('onion', 3, 20);(4, 3):soup('onion', 3, 20)"
124,3,"(-1, 0)","(5, 3)","(-1, 0)",onion,"(3, 3)","(0, 1)",dish,"(4, 2):soup('onion', 3, 20);(4, 3):soup('onion', 3, 20)","(4, 2):soup('onion', 3, 20);(4, 3):soup('onion', 3, 20)",20.0,35.0,5,interact,-0.0029999999999999805,0.0,0.0,-0.0029999999999999805,20.0,35.0,False,"(5, 3)",onion,"(3, 3)",dish,"(4, 2):soup('onion', 3, 20);(4, 3):soup('onion', 3, 20)","(4, 2):soup('onion', 3, 20);(4, 3):soup('onion', 3, 20)"
125,3,"(-1, 0)","(5, 3)","(-1, 0)",onion,"(3, 3)","(0, 1)",dish,"(4, 2):soup('onion', 3, 20);(4, 3):soup('onion', 3, 20)","(4, 2):soup('onion', 3, 20);(4, 3):soup('onion', 3, 20)",20.0,35.0,5,interact,-0.0029999999999999805,0.0,0.0,-0.0029999999999999805,20.0,35.0,False,"(5, 3)",onion,"(3, 3)",dish,"(4, 2):soup('onion', 3, 20);(4, 3):soup('onion', 3, 20)","(4, 2):soup('onion', 3, 20);(4, 3):soup('onion', 3, 20)"
126,3,"(-1, 0)","(5, 3)","(-1, 0)",onion,"(3, 3)","(0, 1)",dish,"(4, 2):soup('onion', 3, 20);(4, 3):soup('onion', 3, 20)","(4, 2):soup('onion', 3, 20);(4, 3):soup('onion', 3, 20)",20.0,35.0,5,interact,-0.0029999999999999805,0.0,0.0,-0.0029999999999999805,20.0,35.0,False,"(5, 3)",onion,"(3, 3)",dish,"(4, 2):soup('onion', 3, 20);(4, 3):soup('onion', 3, 20)","(4, 2):soup('onion', 3, 20);(4, 3):soup('onion', 3, 20)"
127,3,"(-1, 0)","(5, 3)","(-1, 0)",onion,"(3, 3)","(0, 1)",dish,"(4, 2):soup('onion', 3, 20);(4, 3):soup('onion', 3, 20)","(4, 2):soup('onion', 3, 20);(4, 3):soup('onion', 3, 20)",20.0,35.0,5,interact,-0.0029999999999999805,0.0,0.0,-0.0029999999999999805,20.0,35.0,False,"(5, 3)",onion,"(3, 3)",dish,"(4, 2):soup('onion', 3, 20);(4, 3):soup('onion', 3, 20)","(4, 2):soup('onion', 3, 20);(4, 3):soup('onion', 3, 20)"
128,3,"(-1, 0)","(5, 3)","(-1, 0)",onion,"(3, 3)","(0, 1)",dish,"(4, 2):soup('onion', 3, 20);(4, 3):soup('onion', 3, 20)","(4, 2):soup('onion', 3, 20);(4, 3):soup('onion', 3, 20)",20.0,35.0,5,interact,-0.0029999999999999805,0.0,0.0,-0.0029999999999999805,20.0,35.0,False,"(5, 3)",onion,"(3, 3)",dish,"(4, 2):soup('onion', 3, 20);(4, 3):soup('onion', 3, 20)","(4, 2):soup('onion', 3, 20);(4, 3):soup('onion', 3, 20)"
129,3,"(-1, 0)","(5, 3)","(-1, 0)",onion,"(3, 3)","(0, 1)",dish,"(4, 2):soup('onion', 3, 20);(4, 3):soup('onion', 3, 20)","(4, 2):soup('onion', 3, 20);(4, 3):soup('onion', 3, 20)",20.0,35.0,5,interact,-0.0029999999999999805,0.0,0.0,-0.0029999999999999805,20.0,35.0,False,"(5, 3)",onion,"(3, 3)",dish,"(4, 2):soup('onion', 3, 20);(4, 3):soup('onion', 3, 20)","(4, 2):soup('onion', 3, 20);(4, 3):soup('onion', 3, 20)"
130,3,"(-1, 0)","(5, 3)","(-1, 0)",onion,"(3, 3)","(0, 1)",dish,"(4, 2):soup('onion', 3, 20);(4, 3):soup('onion', 3, 20)","(4, 2):soup('onion', 3, 20);(4, 3):soup('onion', 3, 20)",20.0,35.0,5,interact,-0.0029999999999999805,0.0,0.0,-0.0029999999999999805,20.0,35.0,False,"(5, 3)",onion,"(3, 3)",dish,"(4, 2):soup('onion', 3, 20);(4, 3):soup('onion', 3, 20)","(4, 2):soup('onion', 3, 20);(4, 3):soup('onion', 3, 20)"
131,3,"(-1, 0)","(5, 3)","(-1, 0)",onion,"(3, 3)","(0, 1)",dish,"(4, 2):soup('onion', 3, 20);(4, 3):soup('onion', 3, 20)","(4, 2):soup('onion', 3, 20);(4, 3):soup('onion', 3, 20)",20.0,35.0,5,interact,-0.0029999999999999805,0.0,0.0,-0.0029999999999999805,20.0,35.0,False,"(5, 3)",onion,"(3, 3)",dish,"(4, 2):soup('onion', 3, 20);(4, 3):soup('onion', 3, 20)","(4, 2):soup('onion', 3, 20);(4, 3):soup('onion', 3, 20)"
132,3,"(-1, 0)","(5, 3)","(-1, 0)",onion,"(3, 3)","(0, 1)",dish,"(4, 2):soup('onion', 3, 20);(4, 3):soup('onion', 3, 20)","(4, 2):soup('onion', 3, 20);(4, 3):soup('onion', 3, 20)",20.0,35.0,5,interact,-0.0029999999999999805,0.0,0.0,-0.0029999999999999805,20.0,35.0,False,"(5, 3)",onion,"(3, 3)",dish,"(4, 2):soup('onion', 3, 20);(4, 3):soup('onion', 3, 20)","(4, 2):soup('onion', 3, 20);(4, 3):soup('onion', 3, 20)"
133,3,"(-1, 0)","(5, 3)","(-1, 0)",onion,"(3, 3)","(0, 1)",dish,"(4, 2):soup('onion', 3, 20);(4, 3):soup('onion', 3, 20)","(4, 2):soup('onion', 3, 20);(4, 3):soup('onion', 3, 20)",20.0,35.0,5,interact,-0.0029999999999999805,0.0,0.0,-0.0029999999999999805,20.0,35.0,False,"(5, 3)",onion,"(3, 3)",dish,"(4, 2):soup('onion', 3, 20);(4, 3):soup('onion', 3, 20)","(4, 2):soup('onion', 3, 20);(4, 3):soup('onion', 3, 20)"
134,3,"(-1, 0)","(5, 3)","(-1, 0)",onion,"(3, 3)","(0, 1)",dish,"(4, 2):soup('onion', 3, 20);(4, 3):soup('onion', 3, 20)","(4, 2):soup('onion', 3, 20);(4, 3):soup('onion', 3, 20)",20.0,35.0,5,interact,-0.0029999999999999805,0.0,0.0,-0.0029999999999999805,20.0,35.0,False,"(5, 3)",onion,"(3, 3)",dish,"(4, 2):soup('onion', 3, 20);(4, 3):soup('onion', 3, 20)","(4, 2):soup('onion', 3, 20);(4, 3):soup('onion', 3, 20)"
135,3,"(-1, 0)","(5, 3)","(-1, 0)",onion,"(3, 3)","(0, 1)",dish,"(4, 2):soup('onion', 3, 20);(4, 3):soup('onion', 3, 20)","(4, 2):soup('onion', 3, 20);(4, 3):soup('onion', 3, 20)",20.0,35.0,5,interact,-0.0029999999999999805,0.0,0.0,-0.0029999999999999805,20.0,35.0,False,"(5, 3)",onion,"(3, 3)",dish,"(4, 2):soup('onion', 3, 20);(4, 3):soup('onion', 3, 20)","(4, 2):soup('onion', 3, 20);(4, 3):soup('onion', 3, 20)"
136,3,"(-1, 0)","(5, 3)","(-1, 0)",onion,"(3, 3)","(0, 1)",dish,"(4, 2):soup('onion', 3, 20);(4, 3):soup('onion', 3, 20)","(4, 2):soup('onion', 3, 20);(4, 3):soup('onion', 3, 20)",20.0,35.0,5,interact,-0.0029999999999999805,0.0,0.0,-0.0029999999999999805,20.0,35.0,False,"(5, 3)",onion,"(3, 3)",dish,"(4, 2):soup('onion', 3, 20);(4, 3):soup('onion', 3, 20)","(4, 2):soup('onion', 3, 20);(4, 3):soup('onion', 3, 20)"
137,3,"(-1, 0)","(5, 3)","(-1, 0)",onion,"(3, 3)","(0, 1)",dish,"(4, 2):soup('onion', 3, 20);(4, 3):soup('onion', 3, 20)","(4, 2):soup('onion', 3, 20);(4, 3):soup('onion', 3, 20)",20.0,35.0,5,interact,-0.0029999999999999805,0.0,0.0,-0.0029999999999999805,20.0,35.0,False,"(5, 3)",onion,"(3, 3)",dish,"(4, 2):soup('onion', 3, 20);(4, 3):soup('onion', 3, 20)","(4, 2):soup('onion', 3, 20);(4, 3):soup('onion', 3, 20)"
138,3,"(-1, 0)","(5, 3)","(-1, 0)",onion,"(3, 3)","(0, 1)",dish,"(4, 2):soup('onion', 3, 20);(4, 3):soup('onion', 3, 20)","(4, 2):soup('onion', 3, 20);(4, 3):soup('onion', 3, 20)",20.0,35.0,5,interact,-0.0029999999999999805,0.0,0.0,-0.0029999999999999805,20.0,35.0,False,"(5, 3)",onion,"(3, 3)",dish,"(4, 2):soup('onion', 3, 20);(4, 3):soup('onion', 3, 20)","(4, 2):soup('onion', 3, 20);(4, 3):soup('onion', 3, 20)"
139,3,"(-1, 0)","(5, 3)","(-1, 0)",onion,"(3, 3)","(0, 1)",dish,"(4, 2):soup('onion', 3, 20);(4, 3):soup('onion', 3, 20)","(4, 2):soup('onion', 3, 20);(4, 3):soup('onion', 3, 20)",20.0,35.0,5,interact,-0.0029999999999999805,0.0,0.0,-0.0029999999999999805,20.0,35.0,False,"(5, 3)",onion,"(3, 3)",dish,"(4, 2):soup('onion', 3, 20);(4, 3):soup('onion', 3, 20)","(4, 2):soup('onion', 3, 20);(4, 3):soup('onion', 3, 20)"
140,3,"(-1, 0)","(5, 3)","(-1, 0)",onion,"(3, 3)","(0, 1)",dish,"(4, 2):soup('onion', 3, 20);(4, 3):soup('onion', 3, 20)","(4, 2):soup('onion', 3, 20);(4, 3):soup('onion', 3, 20)",20.0,35.0,5,interact,-0.0029999999999999805,0.0,0.0,-0.0029999999999999805,20.0,35.0,False,"(5, 3)",onion,"(3, 3)",dish,"(4, 2):soup('onion', 3, 20);(4, 3):soup('onion', 3, 20)","(4, 2):soup('onion', 3, 20);(4, 3):soup('onion', 3, 20)"
141,3,"(-1, 0)","(5, 3)","(-1, 0)",onion,"(3, 3)","(0, 1)",dish,"(4, 2):soup('onion', 3, 20);(4, 3):soup('onion', 3, 20)","(4, 2):soup('onion', 3, 20);(4, 3):soup('onion', 3, 20)",20.0,35.0,5,interact,-0.0029999999999999805,0.0,0.0,-0.0029999999999999805,20.0,35.0,False,"(5, 3)",onion,"(3, 3)",dish,"(4, 2):soup('onion', 3, 20);(4, 3):soup('onion', 3, 20)","(4, 2):soup('onion', 3, 20);(4, 3):soup('onion', 3, 20)"
142,3,"(-1, 0)","(5, 3)","(-1, 0)",onion,"(3, 3)","(0, 1)",dish,"(4, 2):soup('onion', 3, 20);(4, 3):soup('onion', 3, 20)","(4, 2):soup('onion', 3, 20);(4, 3):soup('onion', 3, 20)",20.0,35.0,5,interact,-0.0029999999999999805,0.0,0.0,-0.0029999999999999805,20.0,35.0,False,"(5, 3)",onion,"(3, 3)",dish,"(4, 2):soup('onion', 3, 20);(4, 3):soup('onion', 3, 20)","(4, 2):soup('onion', 3, 20);(4, 3):soup('onion', 3, 20)"
143,3,"(-1, 0)","(5, 3)","(-1, 0)",onion,"(3, 3)","(0, 1)",dish,"(4, 2):soup('onion', 3, 20);(4, 3):soup('onion', 3, 20)","(4, 2):soup('onion', 3, 20);(4, 3):soup('onion', 3, 20)",20.0,35.0,5,interact,-0.0029999999999999805,0.0,0.0,-0.0029999999999999805,20.0,35.0,False,"(5, 3)",onion,"(3, 3)",dish,"(4, 2):soup('onion', 3, 20);(4, 3):soup('onion', 3, 20)","(4, 2):soup('onion', 3, 20);(4, 3):soup('onion', 3, 20)"
144,3,"(-1, 0)","(5, 3)","(-1, 0)",onion,"(3, 3)","(0, 1)",dish,"(4, 2):soup('onion', 3, 20);(4, 3):soup('onion', 3, 20)","(4, 2):soup('onion', 3, 20);(4, 3):soup('onion', 3, 20)",20.0,35.0,5,interact,-0.0029999999999999805,0.0,0.0,-0.0029999999999999805,20.0,35.0,False,"(5, 3)",onion,"(3, 3)",dish,"(4, 2):soup('onion', 3, 20);(4, 3):soup('onion', 3, 20)","(4, 2):soup('onion', 3, 20);(4, 3):soup('onion', 3, 20)"
145,3,"(-1, 0)","(5, 3)","(-1, 0)",onion,"(3, 3)","(0, 1)",dish,"(4, 2):soup('onion', 3, 20);(4, 3):soup('onion', 3, 20)","(4, 2):soup('onion', 3, 20);(4, 3):soup('onion', 3, 20)",20.0,35.0,5,interact,-0.0029999999999999805,0.0,0.0,-0.0029999999999999805,20.0,35.0,False,"(5, 3)",onion,"(3, 3)",dish,"(4, 2):soup('onion', 3, 20);(4, 3):soup('onion', 3, 20)","(4, 2):soup('onion', 3, 20);(4, 3):soup('onion', 3, 20)"
146,3,"(-1, 0)","(5, 3)","(-1, 0)",onion,"(3, 3)","(0, 1)",dish,"(4, 2):soup('onion', 3, 20);(4, 3):soup('onion', 3, 20)","(4, 2):soup('onion', 3, 20);(4, 3):soup('onion', 3, 20)",20.0,35.0,5,interact,-0.0029999999999999805,0.0,0.0,-0.0029999999999999805,20.0,35.0,False,"(5, 3)",onion,"(3, 3)",dish,"(4, 2):soup('onion', 3, 20);(4, 3):soup('onion', 3, 20)","(4, 2):soup('onion', 3, 20);(4, 3):soup('onion', 3, 20)"
147,3,"(-1, 0)","(5, 3)","(-1, 0)",onion,"(3, 3)","(0, 1)",dish,"(4, 2):soup('onion', 3, 20);(4, 3):soup('onion', 3, 20)","(4, 2):soup('onion', 3, 20);(4, 3):soup('onion', 3, 20)",20.0,35.0,5,interact,-0.0029999999999999805,0.0,0.0,-0.0029999999999999805,20.0,35.0,False,"(5, 3)",onion,"(3, 3)",dish,"(4, 2):soup('onion', 3, 20);(4, 3):soup('onion', 3, 20)","(4, 2):soup('onion', 3, 20);(4, 3):soup('onion', 3, 20)"
148,3,"(-1, 0)","(5, 3)","(-1, 0)",onion,"(3, 3)","(0, 1)",dish,"(4, 2):soup('onion', 3, 20);(4, 3):soup('onion', 3, 20)","(4, 2):soup('onion', 3, 20);(4, 3):soup('onion', 3, 20)",20.0,35.0,5,interact,-0.0029999999999999805,0.0,0.0,-0.0029999999999999805,20.0,35.0,False,"(5, 3)",onion,"(3, 3)",dish,"(4, 2):soup('onion', 3, 20);(4, 3):soup('onion', 3, 20)","(4, 2):soup('onion', 3, 20);(4, 3):soup('onion', 3, 20)"
149,3,"(-1, 0)","(5, 3)","(-1, 0)",onion,"(3, 3)","(0, 1)",dish,"(4, 2):soup('onion', 3, 20);(4, 3):soup('onion', 3, 20)","(4, 2):soup('onion', 3, 20);(4, 3):soup('onion', 3, 20)",20.0,35.0,5,interact,-0.0029999999999999805,0.0,0.0,-0.0029999999999999805,20.0,35.0,False,"(5, 3)",onion,"(3, 3)",dish,"(4, 2):soup('onion', 3, 20);(4, 3):soup('onion', 3, 20)","(4, 2):soup('onion', 3, 20);(4, 3):soup('onion', 3, 20)"
150,3,"(-1, 0)","(5, 3)","(-1, 0)",onion,"(3, 3)","(0, 1)",dish,"(4, 2):soup('onion', 3, 20);(4, 3):soup('onion', 3, 20)","(4, 2):soup('onion', 3, 20);(4, 3):soup('onion', 3, 20)",20.0,35.0,5,interact,-0.0029999999999999805,0.0,0.0,-0.0029999999999999805,20.0,35.0,False,"(5, 3)",onion,"(3, 3)",dish,"(4, 2):soup('onion', 3, 20);(4, 3):soup('onion', 3, 20)","(4, 2):soup('onion', 3, 20);(4, 3):soup('onion', 3, 20)"
151,3,"(-1, 0)","(5, 3)","(-1, 0)",onion,"(3, 3)","(0, 1)",dish,"(4, 2):soup('onion', 3, 20);(4, 3):soup('onion', 3, 20)","(4, 2):soup('onion', 3, 20);(4, 3):soup('onion', 3, 20)",20.0,35.0,5,interact,-0.0029999999999999805,0.0,0.0,-0.0029999999999999805,20.0,35.0,False,"(5, 3)",onion,"(3, 3)",dish,"(4, 2):soup('onion', 3, 20);(4, 3):soup('onion', 3, 20)","(4, 2):soup('onion', 3, 20);(4, 3):soup('onion', 3, 20)"
152,3,"(-1, 0)","(5, 3)","(-1, 0)",onion,"(3, 3)","(0, 1)",dish,"(4, 2):soup('onion', 3, 20);(4, 3):soup('onion', 3, 20)","(4, 2):soup('onion', 3, 20);(4, 3):soup('onion', 3, 20)",20.0,35.0,5,interact,-0.0029999999999999805,0.0,0.0,-0.0029999999999999805,20.0,35.0,False,"(5, 3)",onion,"(3, 3)",dish,"(4, 2):soup('onion', 3, 20);(4, 3):soup('onion', 3, 20)","(4, 2):soup('onion', 3, 20);(4, 3):soup('onion', 3, 20)"
153,3,"(-1, 0)","(5, 3)","(-1, 0)",onion,"(3, 3)","(0, 1)",dish,"(4, 2):soup('onion', 3, 20);(4, 3):soup('onion', 3, 20)","(4, 2):soup('onion', 3, 20);(4, 3):soup('onion', 3, 20)",20.0,35.0,5,interact,-0.0029999999999999805,0.0,0.0,-0.0029999999999999805,20.0,35.0,False,"(5, 3)",onion,"(3, 3)",dish,"(4, 2):soup('onion', 3, 20);(4, 3):soup('onion', 3, 20)","(4, 2):soup('onion', 3, 20);(4, 3):soup('onion', 3, 20)"
154,3,"(-1, 0)","(5, 3)","(-1, 0)",onion,"(3, 3)","(0, 1)",dish,"(4, 2):soup('onion', 3, 20);(4, 3):soup('onion', 3, 20)","(4, 2):soup('onion', 3, 20);(4, 3):soup('onion', 3, 20)",20.0,35.0,5,interact,-0.0029999999999999805,0.0,0.0,-0.0029999999999999805,20.0,35.0,False,"(5, 3)",onion,"(3, 3)",dish,"(4, 2):soup('onion', 3, 20);(4, 3):soup('onion', 3, 20)","(4, 2):soup('onion', 3, 20);(4, 3):soup('onion', 3, 20)"
155,3,"(-1, 0)","(5, 3)","(-1, 0)",onion,"(3, 3)","(0, 1)",dish,"(4, 2):soup('onion', 3, 20);(4, 3):soup('onion', 3, 20)","(4, 2):soup('onion', 3, 20);(4, 3):soup('onion', 3, 20)",20.0,35.0,5,interact,-0.0029999999999999805,0.0,0.0,-0.0029999999999999805,20.0,35.0,False,"(5, 3)",onion,"(3, 3)",dish,"(4, 2):soup('onion', 3, 20);(4, 3):soup('onion', 3, 20)","(4, 2):soup('onion', 3, 20);(4, 3):soup('onion', 3, 20)"
156,3,"(-1, 0)","(5, 3)","(-1, 0)",onion,"(3, 3)","(0, 1)",dish,"(4, 2):soup('onion', 3, 20);(4, 3):soup('onion', 3, 20)","(4, 2):soup('onion', 3, 20);(4, 3):soup('onion', 3, 20)",20.0,35.0,5,interact,-0.0029999999999999805,0.0,0.0,-0.0029999999999999805,20.0,35.0,False,"(5, 3)",onion,"(3, 3)",dish,"(4, 2):soup('onion', 3, 20);(4, 3):soup('onion', 3, 20)","(4, 2):soup('onion', 3, 20);(4, 3):soup('onion', 3, 20)"
157,3,"(-1, 0)","(5, 3)","(-1, 0)",onion,"(3, 3)","(0, 1)",dish,"(4, 2):soup('onion', 3, 20);(4, 3):soup('onion', 3, 20)","(4, 2):soup('onion', 3, 20);(4, 3):soup('onion', 3, 20)",20.0,35.0,5,interact,-0.0029999999999999805,0.0,0.0,-0.0029999999999999805,20.0,35.0,False,"(5, 3)",onion,"(3, 3)",dish,"(4, 2):soup('onion', 3, 20);(4, 3):soup('onion', 3, 20)","(4, 2):soup('onion', 3, 20);(4, 3):soup('onion', 3, 20)"
158,3,"(-1, 0)","(5, 3)","(-1, 0)",onion,"(3, 3)","(0, 1)",dish,"(4, 2):soup('onion', 3, 20);(4, 3):soup('onion', 3, 20)","(4, 2):soup('onion', 3, 20);(4, 3):soup('onion', 3, 20)",20.0,35.0,5,interact,-0.0029999999999999805,0.0,0.0,-0.0029999999999999805,20.0,35.0,False,"(5, 3)",onion,"(3, 3)",dish,"(4, 2):soup('onion', 3, 20);(4, 3):soup('onion', 3, 20)","(4, 2):soup('onion', 3, 20);(4, 3):soup('onion', 3, 20)"
159,3,"(-1, 0)","(5, 3)","(-1, 0)",onion,"(3, 3)","(0, 1)",dish,"(4, 2):soup('onion', 3, 20);(4, 3):soup('onion', 3, 20)","(4, 2):soup('onion', 3, 20);(4, 3):soup('onion', 3, 20)",20.0,35.0,5,interact,-0.0029999999999999805,0.0,0.0,-0.0029999999999999805,20.0,35.0,False,"(5, 3)",onion,"(3, 3)",dish,"(4, 2):soup('onion', 3, 20);(4, 3):soup('onion', 3, 20)","(4, 2):soup('onion', 3, 20);(4, 3):soup('onion', 3, 20)"
160,3,"(-1, 0)","(5, 3)","(-1, 0)",onion,"(3, 3)","(0, 1)",dish,"(4, 2):soup('onion', 3, 20);(4, 3):soup('onion', 3, 20)","(4, 2):soup('onion', 3, 20);(4, 3):soup('onion', 3, 20)",20.0,35.0,5,interact,-0.0029999999999999805,0.0,0.0,-0.0029999999999999805,20.0,35.0,False,"(5, 3)",onion,"(3, 3)",dish,"(4, 2):soup('onion', 3, 20);(4, 3):soup('onion', 3, 20)","(4, 2):soup('onion', 3, 20);(4, 3):soup('onion', 3, 20)"
161,3,"(-1, 0)","(5, 3)","(-1, 0)",onion,"(3, 3)","(0, 1)",dish,"(4, 2):soup('onion', 3, 20);(4, 3):soup('onion', 3, 20)","(4, 2):soup('onion', 3, 20);(4, 3):soup('onion', 3, 20)",20.0,35.0,5,interact,-0.0029999999999999805,0.0,0.0,-0.0029999999999999805,20.0,35.0,False,"(5, 3)",onion,"(3, 3)",dish,"(4, 2):soup('onion', 3, 20);(4, 3):soup('onion', 3, 20)","(4, 2):soup('onion', 3, 20);(4, 3):soup('onion', 3, 20)"
162,3,"(-1, 0)","(5, 3)","(-1, 0)",onion,"(3, 3)","(0, 1)",dish,"(4, 2):soup('onion', 3, 20);(4, 3):soup('onion', 3, 20)","(4, 2):soup('onion', 3, 20);(4, 3):soup('onion', 3, 20)",20.0,35.0,5,interact,-0.0029999999999999805,0.0,0.0,-0.0029999999999999805,20.0,35.0,False,"(5, 3)",onion,"(3, 3)",dish,"(4, 2):soup('onion', 3, 20);(4, 3):soup('onion', 3, 20)","(4, 2):soup('onion', 3, 20);(4, 3):soup('onion', 3, 20)"
163,3,"(-1, 0)","(5, 3)","(-1, 0)",onion,"(3, 3)","(0, 1)",dish,"(4, 2):soup('onion', 3, 20);(4, 3):soup('onion', 3, 20)","(4, 2):soup('onion', 3, 20);(4, 3):soup('onion', 3, 20)",20.0,35.0,5,interact,-0.0029999999999999805,0.0,0.0,-0.0029999999999999805,20.0,35.0,False,"(5, 3)",onion,"(3, 3)",dish,"(4, 2):soup('onion', 3, 20);(4, 3):soup('onion', 3, 20)","(4, 2):soup('onion', 3, 20);(4, 3):soup('onion', 3, 20)"
164,3,"(-1, 0)","(5, 3)","(-1, 0)",onion,"(3, 3)","(0, 1)",dish,"(4, 2):soup('onion', 3, 20);(4, 3):soup('onion', 3, 20)","(4, 2):soup('onion', 3, 20);(4, 3):soup('onion', 3, 20)",20.0,35.0,5,interact,-0.0029999999999999805,0.0,0.0,-0.0029999999999999805,20.0,35.0,False,"(5, 3)",onion,"(3, 3)",dish,"(4, 2):soup('onion', 3, 20);(4, 3):soup('onion', 3, 20)","(4, 2):soup('onion', 3, 20);(4, 3):soup('onion', 3, 20)"
165,3,"(-1, 0)","(5, 3)","(-1, 0)",onion,"(3, 3)","(0, 1)",dish,"(4, 2):soup('onion', 3, 20);(4, 3):soup('onion', 3, 20)","(4, 2):soup('onion', 3, 20);(4, 3):soup('onion', 3, 20)",20.0,35.0,5,interact,-0.0029999999999999805,0.0,0.0,-0.0029999999999999805,20.0,35.0,False,"(5, 3)",onion,"(3, 3)",dish,"(4, 2):soup('onion', 3, 20);(4, 3):soup('onion', 3, 20)","(4, 2):soup('onion', 3, 20);(4, 3):soup('onion', 3, 20)"
166,3,"(-1, 0)","(5, 3)","(-1, 0)",onion,"(3, 3)","(0, 1)",dish,"(4, 2):soup('onion', 3, 20);(4, 3):soup('onion', 3, 20)","(4, 2):soup('onion', 3, 20);(4, 3):soup('onion', 3, 20)",20.0,35.0,5,interact,-0.0029999999999999805,0.0,0.0,-0.0029999999999999805,20.0,35.0,False,"(5, 3)",onion,"(3, 3)",dish,"(4, 2):soup('onion', 3, 20);(4, 3):soup('onion', 3, 20)","(4, 2):soup('onion', 3, 20);(4, 3):soup('onion', 3, 20)"
167,3,"(-1, 0)","(5, 3)","(-1, 0)",onion,"(3, 3)","(0, 1)",dish,"(4, 2):soup('onion', 3, 20);(4, 3):soup('onion', 3, 20)","(4, 2):soup('onion', 3, 20);(4, 3):soup('onion', 3, 20)",20.0,35.0,5,interact,-0.0029999999999999805,0.0,0.0,-0.0029999999999999805,20.0,35.0,False,"(5, 3)",onion,"(3, 3)",dish,"(4, 2):soup('onion', 3, 20);(4, 3):soup('onion', 3, 20)","(4, 2):soup('onion', 3, 20);(4, 3):soup('onion', 3, 20)"
168,3,"(-1, 0)","(5, 3)","(-1, 0)",onion,"(3, 3)","(0, 1)",dish,"(4, 2):soup('onion', 3, 20);(4, 3):soup('onion', 3, 20)","(4, 2):soup('onion', 3, 20);(4, 3):soup('onion', 3, 20)",20.0,35.0,5,interact,-0.0029999999999999805,0.0,0.0,-0.0029999999999999805,20.0,35.0,False,"(5, 3)",onion,"(3, 3)",dish,"(4, 2):soup('onion', 3, 20);(4, 3):soup('onion', 3, 20)","(4, 2):soup('onion', 3, 20);(4, 3):soup('onion', 3, 20)"
169,3,"(-1, 0)","(5, 3)","(-1, 0)",onion,"(3, 3)","(0, 1)",dish,"(4, 2):soup('onion', 3, 20);(4, 3):soup('onion', 3, 20)","(4, 2):soup('onion', 3, 20);(4, 3):soup('onion', 3, 20)",20.0,35.0,5,interact,-0.0029999999999999805,0.0,0.0,-0.0029999999999999805,20.0,35.0,False,"(5, 3)",onion,"(3, 3)",dish,"(4, 2):soup('onion', 3, 20);(4, 3):soup('onion', 3, 20)","(4, 2):soup('onion', 3, 20);(4, 3):soup('onion', 3, 20)"
170,3,"(-1, 0)","(5, 3)","(-1, 0)",onion,"(3, 3)","(0, 1)",dish,"(4, 2):soup('onion', 3, 20);(4, 3):soup('onion', 3, 20)","(4, 2):soup('onion', 3, 20);(4, 3):soup('onion', 3, 20)",20.0,35.0,5,interact,-0.0029999999999999805,0.0,0.0,-0.0029999999999999805,20.0,35.0,False,"(5, 3)",onion,"(3, 3)",dish,"(4, 2):soup('onion', 3, 20);(4, 3):soup('onion', 3, 20)","(4, 2):soup('onion', 3, 20);(4, 3):soup('onion', 3, 20)"
171,3,"(-1, 0)","(5, 3)","(-1, 0)",onion,"(3, 3)","(0, 1)",dish,"(4, 2):soup('onion', 3, 20);(4, 3):soup('onion', 3, 20)","(4, 2):soup('onion', 3, 20);(4, 3):soup('onion', 3, 20)",20.0,35.0,5,interact,-0.0029999999999999805,0.0,0.0,-0.0029999999999999805,20.0,35.0,False,"(5, 3)",onion,"(3, 3)",dish,"(4, 2):soup('onion', 3, 20);(4, 3):soup('onion', 3, 20)","(4, 2):soup('onion', 3, 20);(4, 3):soup('onion', 3, 20)"
172,3,"(-1, 0)","(5, 3)","(-1, 0)",onion,"(3, 3)","(0, 1)",dish,"(4, 2):soup('onion', 3, 20);(4, 3):soup('onion', 3, 20)","(4, 2):soup('onion', 3, 20);(4, 3):soup('onion', 3, 20)",20.0,35.0,5,interact,-0.0029999999999999805,0.0,0.0,-0.0029999999999999805,20.0,35.0,False,"(5, 3)",onion,"(3, 3)",dish,"(4, 2):soup('onion', 3, 20);(4, 3):soup('onion', 3, 20)","(4, 2):soup('onion', 3, 20);(4, 3):soup('onion', 3, 20)"
173,3,"(-1, 0)","(5, 3)","(-1, 0)",onion,"(3, 3)","(0, 1)",dish,"(4, 2):soup('onion', 3, 20);(4, 3):soup('onion', 3, 20)","(4, 2):soup('onion', 3, 20);(4, 3):soup('onion', 3, 20)",20.0,35.0,5,interact,-0.0029999999999999805,0.0,0.0,-0.0029999999999999805,20.0,35.0,False,"(5, 3)",onion,"(3, 3)",dish,"(4, 2):soup('onion', 3, 20);(4, 3):soup('onion', 3, 20)","(4, 2):soup('onion', 3, 20);(4, 3):soup('onion', 3, 20)"
174,3,"(-1, 0)","(5, 3)","(-1, 0)",onion,"(3, 3)","(0, 1)",dish,"(4, 2):soup('onion', 3, 20);(4, 3):soup('onion', 3, 20)","(4, 2):soup('onion', 3, 20);(4, 3):soup('onion', 3, 20)",20.0,35.0,5,interact,-0.0029999999999999805,0.0,0.0,-0.0029999999999999805,20.0,35.0,False,"(5, 3)",onion,"(3, 3)",dish,"(4, 2):soup('onion', 3, 20);(4, 3):soup('onion', 3, 20)","(4, 2):soup('onion', 3, 20);(4, 3):soup('onion', 3, 20)"
175,3,"(-1, 0)","(5, 3)","(-1, 0)",onion,"(3, 3)","(0, 1)",dish,"(4, 2):soup('onion', 3, 20);(4, 3):soup('onion', 3, 20)","(4, 2):soup('onion', 3, 20);(4, 3):soup('onion', 3, 20)",20.0,35.0,5,interact,-0.0029999999999999805,0.0,0.0,-0.0029999999999999805,20.0,35.0,False,"(5, 3)",onion,"(3, 3)",dish,"(4, 2):soup('onion', 3, 20);(4, 3):soup('onion', 3, 20)","(4, 2):soup('onion', 3, 20);(4, 3):soup('onion', 3, 20)"
176,3,"(-1, 0)","(5, 3)","(-1, 0)",onion,"(3, 3)","(0, 1)",dish,"(4, 2):soup('onion', 3, 20);(4, 3):soup('onion', 3, 20)","(4, 2):soup('onion', 3, 20);(4, 3):soup('onion', 3, 20)",20.0,35.0,5,interact,-0.0029999999999999805,0.0,0.0,-0.0029999999999999805,20.0,35.0,False,"(5, 3)",onion,"(3, 3)",dish,"(4, 2):soup('onion', 3, 20);(4, 3):soup('onion', 3, 20)","(4, 2):soup('onion', 3, 20);(4, 3):soup('onion', 3, 20)"
177,3,"(-1, 0)","(5, 3)","(-1, 0)",onion,"(3, 3)","(0, 1)",dish,"(4, 2):soup('onion', 3, 20);(4, 3):soup('onion', 3, 20)","(4, 2):soup('onion', 3, 20);(4, 3):soup('onion', 3, 20)",20.0,35.0,5,interact,-0.0029999999999999805,0.0,0.0,-0.0029999999999999805,20.0,35.0,False,"(5, 3)",onion,"(3, 3)",dish,"(4, 2):soup('onion', 3, 20);(4, 3):soup('onion', 3, 20)","(4, 2):soup('onion', 3, 20);(4, 3):soup('onion', 3, 20)"
178,3,"(-1, 0)","(5, 3)","(-1, 0)",onion,"(3, 3)","(0, 1)",dish,"(4, 2):soup('onion', 3, 20);(4, 3):soup('onion', 3, 20)","(4, 2):soup('onion', 3, 20);(4, 3):soup('onion', 3, 20)",20.0,35.0,5,interact,-0.0029999999999999805,0.0,0.0,-0.0029999999999999805,20.0,35.0,False,"(5, 3)",onion,"(3, 3)",dish,"(4, 2):soup('onion', 3, 20);(4, 3):soup('onion', 3, 20)","(4, 2):soup('onion', 3, 20);(4, 3):soup('onion', 3, 20)"
179,3,"(-1, 0)","(5, 3)","(-1, 0)",onion,"(3, 3)","(0, 1)",dish,"(4, 2):soup('onion', 3, 20);(4, 3):soup('onion', 3, 20)","(4, 2):soup('onion', 3, 20);(4, 3):soup('onion', 3, 20)",20.0,35.0,5,interact,-0.0029999999999999805,0.0,0.0,-0.0029999999999999805,20.0,35.0,False,"(5, 3)",onion,"(3, 3)",dish,"(4, 2):soup('onion', 3, 20);(4, 3):soup('onion', 3, 20)","(4, 2):soup('onion', 3, 20);(4, 3):soup('onion', 3, 20)"
180,3,"(-1, 0)","(5, 3)","(-1, 0)",onion,"(3, 3)","(0, 1)",dish,"(4, 2):soup('onion', 3, 20);(4, 3):soup('onion', 3, 20)","(4, 2):soup('onion', 3, 20);(4, 3):soup('onion', 3, 20)",20.0,35.0,5,interact,-0.0029999999999999805,0.0,0.0,-0.0029999999999999805,20.0,35.0,False,"(5, 3)",onion,"(3, 3)",dish,"(4, 2):soup('onion', 3, 20);(4, 3):soup('onion', 3, 20)","(4, 2):soup('onion', 3, 20);(4, 3):soup('onion', 3, 20)"
181,3,"(-1, 0)","(5, 3)","(-1, 0)",onion,"(3, 3)","(0, 1)",dish,"(4, 2):soup('onion', 3, 20);(4, 3):soup('onion', 3, 20)","(4, 2):soup('onion', 3, 20);(4, 3):soup('onion', 3, 20)",20.0,35.0,5,interact,-0.0029999999999999805,0.0,0.0,-0.0029999999999999805,20.0,35.0,False,"(5, 3)",onion,"(3, 3)",dish,"(4, 2):soup('onion', 3, 20);(4, 3):soup('onion', 3, 20)","(4, 2):soup('onion', 3, 20);(4, 3):soup('onion', 3, 20)"
182,3,"(-1, 0)","(5, 3)","(-1, 0)",onion,"(3, 3)","(0, 1)",dish,"(4, 2):soup('onion', 3, 20);(4, 3):soup('onion', 3, 20)","(4, 2):soup('onion', 3, 20);(4, 3):soup('onion', 3, 20)",20.0,35.0,5,interact,-0.0029999999999999805,0.0,0.0,-0.0029999999999999805,20.0,35.0,False,"(5, 3)",onion,"(3, 3)",dish,"(4, 2):soup('onion', 3, 20);(4, 3):soup('onion', 3, 20)","(4, 2):soup('onion', 3, 20);(4, 3):soup('onion', 3, 20)"
183,3,"(-1, 0)","(5, 3)","(-1, 0)",onion,"(3, 3)","(0, 1)",dish,"(4, 2):soup('onion', 3, 20);(4, 3):soup('onion', 3, 20)","(4, 2):soup('onion', 3, 20);(4, 3):soup('onion', 3, 20)",20.0,35.0,5,interact,-0.0029999999999999805,0.0,0.0,-0.0029999999999999805,20.0,35.0,False,"(5, 3)",onion,"(3, 3)",dish,"(4, 2):soup('onion', 3, 20);(4, 3):soup('onion', 3, 20)","(4, 2):soup('onion', 3, 20);(4, 3):soup('onion', 3, 20)"
184,3,"(-1, 0)","(5, 3)","(-1, 0)",onion,"(3, 3)","(0, 1)",dish,"(4, 2):soup('onion', 3, 20);(4, 3):soup('onion', 3, 20)","(4, 2):soup('onion', 3, 20);(4, 3):soup('onion', 3, 20)",20.0,35.0,5,interact,-0.0029999999999999805,0.0,0.0,-0.0029999999999999805,20.0,35.0,False,"(5, 3)",onion,"(3, 3)",dish,"(4, 2):soup('onion', 3, 20);(4, 3):soup('onion', 3, 20)","(4, 2):soup('onion', 3, 20);(4, 3):soup('onion', 3, 20)"
185,3,"(-1, 0)","(5, 3)","(-1, 0)",onion,"(3, 3)","(0, 1)",dish,"(4, 2):soup('onion', 3, 20);(4, 3):soup('onion', 3, 20)","(4, 2):soup('onion', 3, 20);(4, 3):soup('onion', 3, 20)",20.0,35.0,5,interact,-0.0029999999999999805,0.0,0.0,-0.0029999999999999805,20.0,35.0,False,"(5, 3)",onion,"(3, 3)",dish,"(4, 2):soup('onion', 3, 20);(4, 3):soup('onion', 3, 20)","(4, 2):soup('onion', 3, 20);(4, 3):soup('onion', 3, 20)"
186,3,"(-1, 0)","(5, 3)","(-1, 0)",onion,"(3, 3)","(0, 1)",dish,"(4, 2):soup('onion', 3, 20);(4, 3):soup('onion', 3, 20)","(4, 2):soup('onion', 3, 20);(4, 3):soup('onion', 3, 20)",20.0,35.0,5,interact,-0.0029999999999999805,0.0,0.0,-0.0029999999999999805,20.0,35.0,False,"(5, 3)",onion,"(3, 3)",dish,"(4, 2):soup('onion', 3, 20);(4, 3):soup('onion', 3, 20)","(4, 2):soup('onion', 3, 20);(4, 3):soup('onion', 3, 20)"
187,3,"(-1, 0)","(5, 3)","(-1, 0)",onion,"(3, 3)","(0, 1)",dish,"(4, 2):soup('onion', 3, 20);(4, 3):soup('onion', 3, 20)","(4, 2):soup('onion', 3, 20);(4, 3):soup('onion', 3, 20)",20.0,35.0,5,interact,-0.0029999999999999805,0.0,0.0,-0.0029999999999999805,20.0,35.0,False,"(5, 3)",onion,"(3, 3)",dish,"(4, 2):soup('onion', 3, 20);(4, 3):soup('onion', 3, 20)","(4, 2):soup('onion', 3, 20);(4, 3):soup('onion', 3, 20)"
188,3,"(-1, 0)","(5, 3)","(-1, 0)",onion,"(3, 3)","(0, 1)",dish,"(4, 2):soup('onion', 3, 20);(4, 3):soup('onion', 3, 20)","(4, 2):soup('onion', 3, 20);(4, 3):soup('onion', 3, 20)",20.0,35.0,5,interact,-0.0029999999999999805,0.0,0.0,-0.0029999999999999805,20.0,35.0,False,"(5, 3)",onion,"(3, 3)",dish,"(4, 2):soup('onion', 3, 20);(4, 3):soup('onion', 3, 20)","(4, 2):soup('onion', 3, 20);(4, 3):soup('onion', 3, 20)"
189,3,"(-1, 0)","(5, 3)","(-1, 0)",onion,"(3, 3)","(0, 1)",dish,"(4, 2):soup('onion', 3, 20);(4, 3):soup('onion', 3, 20)","(4, 2):soup('onion', 3, 20);(4, 3):soup('onion', 3, 20)",20.0,35.0,5,interact,-0.0029999999999999805,0.0,0.0,-0.0029999999999999805,20.0,35.0,False,"(5, 3)",onion,"(3, 3)",dish,"(4, 2):soup('onion', 3, 20);(4, 3):soup('onion', 3, 20)","(4, 2):soup('onion', 3, 20);(4, 3):soup('onion', 3, 20)"
190,3,"(-1, 0)","(5, 3)","(-1, 0)",onion,"(3, 3)","(0, 1)",dish,"(4, 2):soup('onion', 3, 20);(4, 3):soup('onion', 3, 20)","(4, 2):soup('onion', 3, 20);(4, 3):soup('onion', 3, 20)",20.0,35.0,5,interact,-0.0029999999999999805,0.0,0.0,-0.0029999999999999805,20.0,35.0,False,"(5, 3)",onion,"(3, 3)",dish,"(4, 2):soup('onion', 3, 20);(4, 3):soup('onion', 3, 20)","(4, 2):soup('onion', 3, 20);(4, 3):soup('onion', 3, 20)"
191,3,"(-1, 0)","(5, 3)","(-1, 0)",onion,"(3, 3)","(0, 1)",dish,"(4, 2):soup('onion', 3, 20);(4, 3):soup('onion', 3, 20)","(4, 2):soup('onion', 3, 20);(4, 3):soup('onion', 3, 20)",20.0,35.0,5,interact,-0.0029999999999999805,0.0,0.0,-0.0029999999999999805,20.0,35.0,False,"(5, 3)",onion,"(3, 3)",dish,"(4, 2):soup('onion', 3, 20);(4, 3):soup('onion', 3, 20)","(4, 2):soup('onion', 3, 20);(4, 3):soup('onion', 3, 20)"
192,3,"(-1, 0)","(5, 3)","(-1, 0)",onion,"(3, 3)","(0, 1)",dish,"(4, 2):soup('onion', 3, 20);(4, 3):soup('onion', 3, 20)","(4, 2):soup('onion', 3, 20);(4, 3):soup('onion', 3, 20)",20.0,35.0,5,interact,-0.0029999999999999805,0.0,0.0,-0.0029999999999999805,20.0,35.0,False,"(5, 3)",onion,"(3, 3)",dish,"(4, 2):soup('onion', 3, 20);(4, 3):soup('onion', 3, 20)","(4, 2):soup('onion', 3, 20);(4, 3):soup('onion', 3, 20)"
193,3,"(-1, 0)","(5, 3)","(-1, 0)",onion,"(3, 3)","(0, 1)",dish,"(4, 2):soup('onion', 3, 20);(4, 3):soup('onion', 3, 20)","(4, 2):soup('onion', 3, 20);(4, 3):soup('onion', 3, 20)",20.0,35.0,5,interact,-0.0029999999999999805,0.0,0.0,-0.0029999999999999805,20.0,35.0,False,"(5, 3)",onion,"(3, 3)",dish,"(4, 2):soup('onion', 3, 20);(4, 3):soup('onion', 3, 20)","(4, 2):soup('onion', 3, 20);(4, 3):soup('onion', 3, 20)"
194,3,"(-1, 0)","(5, 3)","(-1, 0)",onion,"(3, 3)","(0, 1)",dish,"(4, 2):soup('onion', 3, 20);(4, 3):soup('onion', 3, 20)","(4, 2):soup('onion', 3, 20);(4, 3):soup('onion', 3, 20)",20.0,35.0,5,interact,-0.0029999999999999805,0.0,0.0,-0.0029999999999999805,20.0,35.0,False,"(5, 3)",onion,"(3, 3)",dish,"(4, 2):soup('onion', 3, 20);(4, 3):soup('onion', 3, 20)","(4, 2):soup('onion', 3, 20);(4, 3):soup('onion', 3, 20)"
195,3,"(-1, 0)","(5, 3)","(-1, 0)",onion,"(3, 3)","(0, 1)",dish,"(4, 2):soup('onion', 3, 20);(4, 3):soup('onion', 3, 20)","(4, 2):soup('onion', 3, 20);(4, 3):soup('onion', 3, 20)",20.0,35.0,5,interact,-0.0029999999999999805,0.0,0.0,-0.0029999999999999805,20.0,35.0,False,"(5, 3)",onion,"(3, 3)",dish,"(4, 2):soup('onion', 3, 20);(4, 3):soup('onion', 3, 20)","(4, 2):soup('onion', 3, 20);(4, 3):soup('onion', 3, 20)"
196,3,"(-1, 0)","(5, 3)","(-1, 0)",onion,"(3, 3)","(0, 1)",dish,"(4, 2):soup('onion', 3, 20);(4, 3):soup('onion', 3, 20)","(4, 2):soup('onion', 3, 20);(4, 3):soup('onion', 3, 20)",20.0,35.0,5,interact,-0.0029999999999999805,0.0,0.0,-0.0029999999999999805,20.0,35.0,False,"(5, 3)",onion,"(3, 3)",dish,"(4, 2):soup('onion', 3, 20);(4, 3):soup('onion', 3, 20)","(4, 2):soup('onion', 3, 20);(4, 3):soup('onion', 3, 20)"
197,3,"(-1, 0)","(5, 3)","(-1, 0)",onion,"(3, 3)","(0, 1)",dish,"(4, 2):soup('onion', 3, 20);(4, 3):soup('onion', 3, 20)","(4, 2):soup('onion', 3, 20);(4, 3):soup('onion', 3, 20)",20.0,35.0,5,interact,-0.0029999999999999805,0.0,0.0,-0.0029999999999999805,20.0,35.0,False,"(5, 3)",onion,"(3, 3)",dish,"(4, 2):soup('onion', 3, 20);(4, 3):soup('onion', 3, 20)","(4, 2):soup('onion', 3, 20);(4, 3):soup('onion', 3, 20)"
198,3,"(-1, 0)","(5, 3)","(-1, 0)",onion,"(3, 3)","(0, 1)",dish,"(4, 2):soup('onion', 3, 20);(4, 3):soup('onion', 3, 20)","(4, 2):soup('onion', 3, 20);(4, 3):soup('onion', 3, 20)",20.0,35.0,5,interact,-0.0029999999999999805,0.0,0.0,-0.0029999999999999805,20.0,35.0,False,"(5, 3)",onion,"(3, 3)",dish,"(4, 2):soup('onion', 3, 20);(4, 3):soup('onion', 3, 20)","(4, 2):soup('onion', 3, 20);(4, 3):soup('onion', 3, 20)"
199,3,"(-1, 0)","(5, 3)","(-1, 0)",onion,"(3, 3)","(0, 1)",dish,"(4, 2):soup('onion', 3, 20);(4, 3):soup('onion', 3, 20)","(4, 2):soup('onion', 3, 20);(4, 3):soup('onion', 3, 20)",20.0,35.0,5,interact,-0.0029999999999999805,0.0,0.0,-0.0029999999999999805,20.0,35.0,False,"(5, 3)",onion,"(3, 3)",dish,"(4, 2):soup('onion', 3, 20);(4, 3):soup('onion', 3, 20)","(4, 2):soup('onion', 3, 20);(4, 3):soup('onion', 3, 20)"
200,3,"(-1, 0)","(5, 3)","(-1, 0)",onion,"(3, 3)","(0, 1)",dish,"(4, 2):soup('onion', 3, 20);(4, 3):soup('onion', 3, 20)","(4, 2):soup('onion', 3, 20);(4, 3):soup('onion', 3, 20)",20.0,35.0,5,interact,-0.0029999999999999805,0.0,0.0,-0.0029999999999999805,20.0,35.0,False,"(5, 3)",onion,"(3, 3)",dish,"(4, 2):soup('onion', 3, 20);(4, 3):soup('onion', 3, 20)","(4, 2):soup('onion', 3, 20);(4, 3):soup('onion', 3, 20)"
201,3,"(-1, 0)","(5, 3)","(-1, 0)",onion,"(3, 3)","(0, 1)",dish,"(4, 2):soup('onion', 3, 20);(4, 3):soup('onion', 3, 20)","(4, 2):soup('onion', 3, 20);(4, 3):soup('onion', 3, 20)",20.0,35.0,5,interact,-0.0029999999999999805,0.0,0.0,-0.0029999999999999805,20.0,35.0,False,"(5, 3)",onion,"(3, 3)",dish,"(4, 2):soup('onion', 3, 20);(4, 3):soup('onion', 3, 20)","(4, 2):soup('onion', 3, 20);(4, 3):soup('onion', 3, 20)"
202,3,"(-1, 0)","(5, 3)","(-1, 0)",onion,"(3, 3)","(0, 1)",dish,"(4, 2):soup('onion', 3, 20);(4, 3):soup('onion', 3, 20)","(4, 2):soup('onion', 3, 20);(4, 3):soup('onion', 3, 20)",20.0,35.0,5,interact,-0.0029999999999999805,0.0,0.0,-0.0029999999999999805,20.0,35.0,False,"(5, 3)",onion,"(3, 3)",dish,"(4, 2):soup('onion', 3, 20);(4, 3):soup('onion', 3, 20)","(4, 2):soup('onion', 3, 20);(4, 3):soup('onion', 3, 20)"
203,3,"(-1, 0)","(5, 3)","(-1, 0)",onion,"(3, 3)","(0, 1)",dish,"(4, 2):soup('onion', 3, 20);(4, 3):soup('onion', 3, 20)","(4, 2):soup('onion', 3, 20);(4, 3):soup('onion', 3, 20)",20.0,35.0,5,interact,-0.0029999999999999805,0.0,0.0,-0.0029999999999999805,20.0,35.0,False,"(5, 3)",onion,"(3, 3)",dish,"(4, 2):soup('onion', 3, 20);(4, 3):soup('onion', 3, 20)","(4, 2):soup('onion', 3, 20);(4, 3):soup('onion', 3, 20)"
204,3,"(-1, 0)","(5, 3)","(-1, 0)",onion,"(3, 3)","(0, 1)",dish,"(4, 2):soup('onion', 3, 20);(4, 3):soup('onion', 3, 20)","(4, 2):soup('onion', 3, 20);(4, 3):soup('onion', 3, 20)",20.0,35.0,5,interact,-0.0029999999999999805,0.0,0.0,-0.0029999999999999805,20.0,35.0,False,"(5, 3)",onion,"(3, 3)",dish,"(4, 2):soup('onion', 3, 20);(4, 3):soup('onion', 3, 20)","(4, 2):soup('onion', 3, 20);(4, 3):soup('onion', 3, 20)"
205,3,"(-1, 0)","(5, 3)","(-1, 0)",onion,"(3, 3)","(0, 1)",dish,"(4, 2):soup('onion', 3, 20);(4, 3):soup('onion', 3, 20)","(4, 2):soup('onion', 3, 20);(4, 3):soup('onion', 3, 20)",20.0,35.0,5,interact,-0.0029999999999999805,0.0,0.0,-0.0029999999999999805,20.0,35.0,False,"(5, 3)",onion,"(3, 3)",dish,"(4, 2):soup('onion', 3, 20);(4, 3):soup('onion', 3, 20)","(4, 2):soup('onion', 3, 20);(4, 3):soup('onion', 3, 20)"
206,3,"(-1, 0)","(5, 3)","(-1, 0)",onion,"(3, 3)","(0, 1)",dish,"(4, 2):soup('onion', 3, 20);(4, 3):soup('onion', 3, 20)","(4, 2):soup('onion', 3, 20);(4, 3):soup('onion', 3, 20)",20.0,35.0,5,interact,-0.0029999999999999805,0.0,0.0,-0.0029999999999999805,20.0,35.0,False,"(5, 3)",onion,"(3, 3)",dish,"(4, 2):soup('onion', 3, 20);(4, 3):soup('onion', 3, 20)","(4, 2):soup('onion', 3, 20);(4, 3):soup('onion', 3, 20)"
207,3,"(-1, 0)","(5, 3)","(-1, 0)",onion,"(3, 3)","(0, 1)",dish,"(4, 2):soup('onion', 3, 20);(4, 3):soup('onion', 3, 20)","(4, 2):soup('onion', 3, 20);(4, 3):soup('onion', 3, 20)",20.0,35.0,5,interact,-0.0029999999999999805,0.0,0.0,-0.0029999999999999805,20.0,35.0,False,"(5, 3)",onion,"(3, 3)",dish,"(4, 2):soup('onion', 3, 20);(4, 3):soup('onion', 3, 20)","(4, 2):soup('onion', 3, 20);(4, 3):soup('onion', 3, 20)"
208,3,"(-1, 0)","(5, 3)","(-1, 0)",onion,"(3, 3)","(0, 1)",dish,"(4, 2):soup('onion', 3, 20);(4, 3):soup('onion', 3, 20)","(4, 2):soup('onion', 3, 20);(4, 3):soup('onion', 3, 20)",20.0,35.0,5,interact,-0.0029999999999999805,0.0,0.0,-0.0029999999999999805,20.0,35.0,False,"(5, 3)",onion,"(3, 3)",dish,"(4, 2):soup('onion', 3, 20);(4, 3):soup('onion', 3, 20)","(4, 2):soup('onion', 3, 20);(4, 3):soup('onion', 3, 20)"
209,3,"(-1, 0)","(5, 3)","(-1, 0)",onion,"(3, 3)","(0, 1)",dish,"(4, 2):soup('onion', 3, 20);(4, 3):soup('onion', 3, 20)","(4, 2):soup('onion', 3, 20);(4, 3):soup('onion', 3, 20)",20.0,35.0,5,interact,-0.0029999999999999805,0.0,0.0,-0.0029999999999999805,20.0,35.0,False,"(5, 3)",onion,"(3, 3)",dish,"(4, 2):soup('onion', 3, 20);(4, 3):soup('onion', 3, 20)","(4, 2):soup('onion', 3, 20);(4, 3):soup('onion', 3, 20)"
210,3,"(-1, 0)","(5, 3)","(-1, 0)",onion,"(3, 3)","(0, 1)",dish,"(4, 2):soup('onion', 3, 20);(4, 3):soup('onion', 3, 20)","(4, 2):soup('onion', 3, 20);(4, 3):soup('onion', 3, 20)",20.0,35.0,5,interact,-0.0029999999999999805,0.0,0.0,-0.0029999999999999805,20.0,35.0,False,"(5, 3)",onion,"(3, 3)",dish,"(4, 2):soup('onion', 3, 20);(4, 3):soup('onion', 3, 20)","(4, 2):soup('onion', 3, 20);(4, 3):soup('onion', 3, 20)"
211,3,"(-1, 0)","(5, 3)","(-1, 0)",onion,"(3, 3)","(0, 1)",dish,"(4, 2):soup('onion', 3, 20);(4, 3):soup('onion', 3, 20)","(4, 2):soup('onion', 3, 20);(4, 3):soup('onion', 3, 20)",20.0,35.0,5,interact,-0.0029999999999999805,0.0,0.0,-0.0029999999999999805,20.0,35.0,False,"(5, 3)",onion,"(3, 3)",dish,"(4, 2):soup('onion', 3, 20);(4, 3):soup('onion', 3, 20)","(4, 2):soup('onion', 3, 20);(4, 3):soup('onion', 3, 20)"
212,3,"(-1, 0)","(5, 3)","(-1, 0)",onion,"(3, 3)","(0, 1)",dish,"(4, 2):soup('onion', 3, 20);(4, 3):soup('onion', 3, 20)","(4, 2):soup('onion', 3, 20);(4, 3):soup('onion', 3, 20)",20.0,35.0,5,interact,-0.0029999999999999805,0.0,0.0,-0.0029999999999999805,20.0,35.0,False,"(5, 3)",onion,"(3, 3)",dish,"(4, 2):soup('onion', 3, 20);(4, 3):soup('onion', 3, 20)","(4, 2):soup('onion', 3, 20);(4, 3):soup('onion', 3, 20)"
213,3,"(-1, 0)","(5, 3)","(-1, 0)",onion,"(3, 3)","(0, 1)",dish,"(4, 2):soup('onion', 3, 20);(4, 3):soup('onion', 3, 20)","(4, 2):soup('onion', 3, 20);(4, 3):soup('onion', 3, 20)",20.0,35.0,5,interact,-0.0029999999999999805,0.0,0.0,-0.0029999999999999805,20.0,35.0,False,"(5, 3)",onion,"(3, 3)",dish,"(4, 2):soup('onion', 3, 20);(4, 3):soup('onion', 3, 20)","(4, 2):soup('onion', 3, 20);(4, 3):soup('onion', 3, 20)"
214,3,"(-1, 0)","(5, 3)","(-1, 0)",onion,"(3, 3)","(0, 1)",dish,"(4, 2):soup('onion', 3, 20);(4, 3):soup('onion', 3, 20)","(4, 2):soup('onion', 3, 20);(4, 3):soup('onion', 3, 20)",20.0,35.0,5,interact,-0.0029999999999999805,0.0,0.0,-0.0029999999999999805,20.0,35.0,False,"(5, 3)",onion,"(3, 3)",dish,"(4, 2):soup('onion', 3, 20);(4, 3):soup('onion', 3, 20)","(4, 2):soup('onion', 3, 20);(4, 3):soup('onion', 3, 20)"
215,3,"(-1, 0)","(5, 3)","(-1, 0)",onion,"(3, 3)","(0, 1)",dish,"(4, 2):soup('onion', 3, 20);(4, 3):soup('onion', 3, 20)","(4, 2):soup('onion', 3, 20);(4, 3):soup('onion', 3, 20)",20.0,35.0,5,interact,-0.0029999999999999805,0.0,0.0,-0.0029999999999999805,20.0,35.0,False,"(5, 3)",onion,"(3, 3)",dish,"(4, 2):soup('onion', 3, 20);(4, 3):soup('onion', 3, 20)","(4, 2):soup('onion', 3, 20);(4, 3):soup('onion', 3, 20)"
216,3,"(-1, 0)","(5, 3)","(-1, 0)",onion,"(3, 3)","(0, 1)",dish,"(4, 2):soup('onion', 3, 20);(4, 3):soup('onion', 3, 20)","(4, 2):soup('onion', 3, 20);(4, 3):soup('onion', 3, 20)",20.0,35.0,5,interact,-0.0029999999999999805,0.0,0.0,-0.0029999999999999805,20.0,35.0,False,"(5, 3)",onion,"(3, 3)",dish,"(4, 2):soup('onion', 3, 20);(4, 3):soup('onion', 3, 20)","(4, 2):soup('onion', 3, 20);(4, 3):soup('onion', 3, 20)"
217,3,"(-1, 0)","(5, 3)","(-1, 0)",onion,"(3, 3)","(0, 1)",dish,"(4, 2):soup('onion', 3, 20);(4, 3):soup('onion', 3, 20)","(4, 2):soup('onion', 3, 20);(4, 3):soup('onion', 3, 20)",20.0,35.0,5,interact,-0.0029999999999999805,0.0,0.0,-0.0029999999999999805,20.0,35.0,False,"(5, 3)",onion,"(3, 3)",dish,"(4, 2):soup('onion', 3, 20);(4, 3):soup('onion', 3, 20)","(4, 2):soup('onion', 3, 20);(4, 3):soup('onion', 3, 20)"
218,3,"(-1, 0)","(5, 3)","(-1, 0)",onion,"(3, 3)","(0, 1)",dish,"(4, 2):soup('onion', 3, 20);(4, 3):soup('onion', 3, 20)","(4, 2):soup('onion', 3, 20);(4, 3):soup('onion', 3, 20)",20.0,35.0,5,interact,-0.0029999999999999805,0.0,0.0,-0.0029999999999999805,20.0,35.0,False,"(5, 3)",onion,"(3, 3)",dish,"(4, 2):soup('onion', 3, 20);(4, 3):soup('onion', 3, 20)","(4, 2):soup('onion', 3, 20);(4, 3):soup('onion', 3, 20)"
219,3,"(-1, 0)","(5, 3)","(-1, 0)",onion,"(3, 3)","(0, 1)",dish,"(4, 2):soup('onion', 3, 20);(4, 3):soup('onion', 3, 20)","(4, 2):soup('onion', 3, 20);(4, 3):soup('onion', 3, 20)",20.0,35.0,5,interact,-0.0029999999999999805,0.0,0.0,-0.0029999999999999805,20.0,35.0,False,"(5, 3)",onion,"(3, 3)",dish,"(4, 2):soup('onion', 3, 20);(4, 3):soup('onion', 3, 20)","(4, 2):soup('onion', 3, 20);(4, 3):soup('onion', 3, 20)"
220,3,"(-1, 0)","(5, 3)","(-1, 0)",onion,"(3, 3)","(0, 1)",dish,"(4, 2):soup('onion', 3, 20);(4, 3):soup('onion', 3, 20)","(4, 2):soup('onion', 3, 20);(4, 3):soup('onion', 3, 20)",20.0,35.0,5,interact,-0.0029999999999999805,0.0,0.0,-0.0029999999999999805,20.0,35.0,False,"(5, 3)",onion,"(3, 3)",dish,"(4, 2):soup('onion', 3, 20);(4, 3):soup('onion', 3, 20)","(4, 2):soup('onion', 3, 20);(4, 3):soup('onion', 3, 20)"
221,3,"(-1, 0)","(5, 3)","(-1, 0)",onion,"(3, 3)","(0, 1)",dish,"(4, 2):soup('onion', 3, 20);(4, 3):soup('onion', 3, 20)","(4, 2):soup('onion', 3, 20);(4, 3):soup('onion', 3, 20)",20.0,35.0,5,interact,-0.0029999999999999805,0.0,0.0,-0.0029999999999999805,20.0,35.0,False,"(5, 3)",onion,"(3, 3)",dish,"(4, 2):soup('onion', 3, 20);(4, 3):soup('onion', 3, 20)","(4, 2):soup('onion', 3, 20);(4, 3):soup('onion', 3, 20)"
222,3,"(-1, 0)","(5, 3)","(-1, 0)",onion,"(3, 3)","(0, 1)",dish,"(4, 2):soup('onion', 3, 20);(4, 3):soup('onion', 3, 20)","(4, 2):soup('onion', 3, 20);(4, 3):soup('onion', 3, 20)",20.0,35.0,5,interact,-0.0029999999999999805,0.0,0.0,-0.0029999999999999805,20.0,35.0,False,"(5, 3)",onion,"(3, 3)",dish,"(4, 2):soup('onion', 3, 20);(4, 3):soup('onion', 3, 20)","(4, 2):soup('onion', 3, 20);(4, 3):soup('onion', 3, 20)"
223,3,"(-1, 0)","(5, 3)","(-1, 0)",onion,"(3, 3)","(0, 1)",dish,"(4, 2):soup('onion', 3, 20);(4, 3):soup('onion', 3, 20)","(4, 2):soup('onion', 3, 20);(4, 3):soup('onion', 3, 20)",20.0,35.0,5,interact,-0.0029999999999999805,0.0,0.0,-0.0029999999999999805,20.0,35.0,False,"(5, 3)",onion,"(3, 3)",dish,"(4, 2):soup('onion', 3, 20);(4, 3):soup('onion', 3, 20)","(4, 2):soup('onion', 3, 20);(4, 3):soup('onion', 3, 20)"
224,3,"(-1, 0)","(5, 3)","(-1, 0)",onion,"(3, 3)","(0, 1)",dish,"(4, 2):soup('onion', 3, 20);(4, 3):soup('onion', 3, 20)","(4, 2):soup('onion', 3, 20);(4, 3):soup('onion', 3, 20)",20.0,35.0,5,interact,-0.0029999999999999805,0.0,0.0,-0.0029999999999999805,20.0,35.0,False,"(5, 3)",onion,"(3, 3)",dish,"(4, 2):soup('onion', 3, 20);(4, 3):soup('onion', 3, 20)","(4, 2):soup('onion', 3, 20);(4, 3):soup('onion', 3, 20)"
225,3,"(-1, 0)","(5, 3)","(-1, 0)",onion,"(3, 3)","(0, 1)",dish,"(4, 2):soup('onion', 3, 20);(4, 3):soup('onion', 3, 20)","(4, 2):soup('onion', 3, 20);(4, 3):soup('onion', 3, 20)",20.0,35.0,5,interact,-0.0029999999999999805,0.0,0.0,-0.0029999999999999805,20.0,35.0,False,"(5, 3)",onion,"(3, 3)",dish,"(4, 2):soup('onion', 3, 20);(4, 3):soup('onion', 3, 20)","(4, 2):soup('onion', 3, 20);(4, 3):soup('onion', 3, 20)"
226,3,"(-1, 0)","(5, 3)","(-1, 0)",onion,"(3, 3)","(0, 1)",dish,"(4, 2):soup('onion', 3, 20);(4, 3):soup('onion', 3, 20)","(4, 2):soup('onion', 3, 20);(4, 3):soup('onion', 3, 20)",20.0,35.0,5,interact,-0.0029999999999999805,0.0,0.0,-0.0029999999999999805,20.0,35.0,False,"(5, 3)",onion,"(3, 3)",dish,"(4, 2):soup('onion', 3, 20);(4, 3):soup('onion', 3, 20)","(4, 2):soup('onion', 3, 20);(4, 3):soup('onion', 3, 20)"
227,3,"(-1, 0)","(5, 3)","(-1, 0)",onion,"(3, 3)","(0, 1)",dish,"(4, 2):soup('onion', 3, 20);(4, 3):soup('onion', 3, 20)","(4, 2):soup('onion', 3, 20);(4, 3):soup('onion', 3, 20)",20.0,35.0,5,interact,-0.0029999999999999805,0.0,0.0,-0.0029999999999999805,20.0,35.0,False,"(5, 3)",onion,"(3, 3)",dish,"(4, 2):soup('onion', 3, 20);(4, 3):soup('onion', 3, 20)","(4, 2):soup('onion', 3, 20);(4, 3):soup('onion', 3, 20)"
228,3,"(-1, 0)","(5, 3)","(-1, 0)",onion,"(3, 3)","(0, 1)",dish,"(4, 2):soup('onion', 3, 20);(4, 3):soup('onion', 3, 20)","(4, 2):soup('onion', 3, 20);(4, 3):soup('onion', 3, 20)",20.0,35.0,5,interact,-0.0029999999999999805,0.0,0.0,-0.0029999999999999805,20.0,35.0,False,"(5, 3)",onion,"(3, 3)",dish,"(4, 2):soup('onion', 3, 20);(4, 3):soup('onion', 3, 20)","(4, 2):soup('onion', 3, 20);(4, 3):soup('onion', 3, 20)"
229,3,"(-1, 0)","(5, 3)","(-1, 0)",onion,"(3, 3)","(0, 1)",dish,"(4, 2):soup('onion', 3, 20);(4, 3):soup('onion', 3, 20)","(4, 2):soup('onion', 3, 20);(4, 3):soup('onion', 3, 20)",20.0,35.0,5,interact,-0.0029999999999999805,0.0,0.0,-0.0029999999999999805,20.0,35.0,False,"(5, 3)",onion,"(3, 3)",dish,"(4, 2):soup('onion', 3, 20);(4, 3):soup('onion', 3, 20)","(4, 2):soup('onion', 3, 20);(4, 3):soup('onion', 3, 20)"
230,3,"(-1, 0)","(5, 3)","(-1, 0)",onion,"(3, 3)","(0, 1)",dish,"(4, 2):soup('onion', 3, 20);(4, 3):soup('onion', 3, 20)","(4, 2):soup('onion', 3, 20);(4, 3):soup('onion', 3, 20)",20.0,35.0,5,interact,-0.0029999999999999805,0.0,0.0,-0.0029999999999999805,20.0,35.0,False,"(5, 3)",onion,"(3, 3)",dish,"(4, 2):soup('onion', 3, 20);(4, 3):soup('onion', 3, 20)","(4, 2):soup('onion', 3, 20);(4, 3):soup('onion', 3, 20)"
231,3,"(-1, 0)","(5, 3)","(-1, 0)",onion,"(3, 3)","(0, 1)",dish,"(4, 2):soup('onion', 3, 20);(4, 3):soup('onion', 3, 20)","(4, 2):soup('onion', 3, 20);(4, 3):soup('onion', 3, 20)",20.0,35.0,5,interact,-0.0029999999999999805,0.0,0.0,-0.0029999999999999805,20.0,35.0,False,"(5, 3)",onion,"(3, 3)",dish,"(4, 2):soup('onion', 3, 20);(4, 3):soup('onion', 3, 20)","(4, 2):soup('onion', 3, 20);(4, 3):soup('onion', 3, 20)"
232,3,"(-1, 0)","(5, 3)","(-1, 0)",onion,"(3, 3)","(0, 1)",dish,"(4, 2):soup('onion', 3, 20);(4, 3):soup('onion', 3, 20)","(4, 2):soup('onion', 3, 20);(4, 3):soup('onion', 3, 20)",20.0,35.0,5,interact,-0.0029999999999999805,0.0,0.0,-0.0029999999999999805,20.0,35.0,False,"(5, 3)",onion,"(3, 3)",dish,"(4, 2):soup('onion', 3, 20);(4, 3):soup('onion', 3, 20)","(4, 2):soup('onion', 3, 20);(4, 3):soup('onion', 3, 20)"
233,3,"(-1, 0)","(5, 3)","(-1, 0)",onion,"(3, 3)","(0, 1)",dish,"(4, 2):soup('onion', 3, 20);(4, 3):soup('onion', 3, 20)","(4, 2):soup('onion', 3, 20);(4, 3):soup('onion', 3, 20)",20.0,35.0,5,interact,-0.0029999999999999805,0.0,0.0,-0.0029999999999999805,20.0,35.0,False,"(5, 3)",onion,"(3, 3)",dish,"(4, 2):soup('onion', 3, 20);(4, 3):soup('onion', 3, 20)","(4, 2):soup('onion', 3, 20);(4, 3):soup('onion', 3, 20)"
234,3,"(-1, 0)","(5, 3)","(-1, 0)",onion,"(3, 3)","(0, 1)",dish,"(4, 2):soup('onion', 3, 20);(4, 3):soup('onion', 3, 20)","(4, 2):soup('onion', 3, 20);(4, 3):soup('onion', 3, 20)",20.0,35.0,5,interact,-0.0029999999999999805,0.0,0.0,-0.0029999999999999805,20.0,35.0,False,"(5, 3)",onion,"(3, 3)",dish,"(4, 2):soup('onion', 3, 20);(4, 3):soup('onion', 3, 20)","(4, 2):soup('onion', 3, 20);(4, 3):soup('onion', 3, 20)"
235,3,"(-1, 0)","(5, 3)","(-1, 0)",onion,"(3, 3)","(0, 1)",dish,"(4, 2):soup('onion', 3, 20);(4, 3):soup('onion', 3, 20)","(4, 2):soup('onion', 3, 20);(4, 3):soup('onion', 3, 20)",20.0,35.0,5,interact,-0.0029999999999999805,0.0,0.0,-0.0029999999999999805,20.0,35.0,False,"(5, 3)",onion,"(3, 3)",dish,"(4, 2):soup('onion', 3, 20);(4, 3):soup('onion', 3, 20)","(4, 2):soup('onion', 3, 20);(4, 3):soup('onion', 3, 20)"
236,3,"(-1, 0)","(5, 3)","(-1, 0)",onion,"(3, 3)","(0, 1)",dish,"(4, 2):soup('onion', 3, 20);(4, 3):soup('onion', 3, 20)","(4, 2):soup('onion', 3, 20);(4, 3):soup('onion', 3, 20)",20.0,35.0,5,interact,-0.0029999999999999805,0.0,0.0,-0.0029999999999999805,20.0,35.0,False,"(5, 3)",onion,"(3, 3)",dish,"(4, 2):soup('onion', 3, 20);(4, 3):soup('onion', 3, 20)","(4, 2):soup('onion', 3, 20);(4, 3):soup('onion', 3, 20)"
237,3,"(-1, 0)","(5, 3)","(-1, 0)",onion,"(3, 3)","(0, 1)",dish,"(4, 2):soup('onion', 3, 20);(4, 3):soup('onion', 3, 20)","(4, 2):soup('onion', 3, 20);(4, 3):soup('onion', 3, 20)",20.0,35.0,5,interact,-0.0029999999999999805,0.0,0.0,-0.0029999999999999805,20.0,35.0,False,"(5, 3)",onion,"(3, 3)",dish,"(4, 2):soup('onion', 3, 20);(4, 3):soup('onion', 3, 20)","(4, 2):soup('onion', 3, 20);(4, 3):soup('onion', 3, 20)"
238,3,"(-1, 0)","(5, 3)","(-1, 0)",onion,"(3, 3)","(0, 1)",dish,"(4, 2):soup('onion', 3, 20);(4, 3):soup('onion', 3, 20)","(4, 2):soup('onion', 3, 20);(4, 3):soup('onion', 3, 20)",20.0,35.0,5,interact,-0.0029999999999999805,0.0,0.0,-0.0029999999999999805,20.0,35.0,False,"(5, 3)",onion,"(3, 3)",dish,"(4, 2):soup('onion', 3, 20);(4, 3):soup('onion', 3, 20)","(4, 2):soup('onion', 3, 20);(4, 3):soup('onion', 3, 20)"
239,3,"(-1, 0)","(5, 3)","(-1, 0)",onion,"(3, 3)","(0, 1)",dish,"(4, 2):soup('onion', 3, 20);(4, 3):soup('onion', 3, 20)","(4, 2):soup('onion', 3, 20);(4, 3):soup('onion', 3, 20)",20.0,35.0,5,interact,-0.0029999999999999805,0.0,0.0,-0.0029999999999999805,20.0,35.0,False,"(5, 3)",onion,"(3, 3)",dish,"(4, 2):soup('onion', 3, 20);(4, 3):soup('onion', 3, 20)","(4, 2):soup('onion', 3, 20);(4, 3):soup('onion', 3, 20)"
240,3,"(-1, 0)","(5, 3)","(-1, 0)",onion,"(3, 3)","(0, 1)",dish,"(4, 2):soup('onion', 3, 20);(4, 3):soup('onion', 3, 20)","(4, 2):soup('onion', 3, 20);(4, 3):soup('onion', 3, 20)",20.0,35.0,5,interact,-0.0029999999999999805,0.0,0.0,-0.0029999999999999805,20.0,35.0,False,"(5, 3)",onion,"(3, 3)",dish,"(4, 2):soup('onion', 3, 20);(4, 3):soup('onion', 3, 20)","(4, 2):soup('onion', 3, 20);(4, 3):soup('onion', 3, 20)"
241,3,"(-1, 0)","(5, 3)","(-1, 0)",onion,"(3, 3)","(0, 1)",dish,"(4, 2):soup('onion', 3, 20);(4, 3):soup('onion', 3, 20)","(4, 2):soup('onion', 3, 20);(4, 3):soup('onion', 3, 20)",20.0,35.0,5,interact,-0.0029999999999999805,0.0,0.0,-0.0029999999999999805,20.0,35.0,False,"(5, 3)",onion,"(3, 3)",dish,"(4, 2):soup('onion', 3, 20);(4, 3):soup('onion', 3, 20)","(4, 2):soup('onion', 3, 20);(4, 3):soup('onion', 3, 20)"
242,3,"(-1, 0)","(5, 3)","(-1, 0)",onion,"(3, 3)","(0, 1)",dish,"(4, 2):soup('onion', 3, 20);(4, 3):soup('onion', 3, 20)","(4, 2):soup('onion', 3, 20);(4, 3):soup('onion', 3, 20)",20.0,35.0,5,interact,-0.0029999999999999805,0.0,0.0,-0.0029999999999999805,20.0,35.0,False,"(5, 3)",onion,"(3, 3)",dish,"(4, 2):soup('onion', 3, 20);(4, 3):soup('onion', 3, 20)","(4, 2):soup('onion', 3, 20);(4, 3):soup('onion', 3, 20)"
243,3,"(-1, 0)","(5, 3)","(-1, 0)",onion,"(3, 3)","(0, 1)",dish,"(4, 2):soup('onion', 3, 20);(4, 3):soup('onion', 3, 20)","(4, 2):soup('onion', 3, 20);(4, 3):soup('onion', 3, 20)",20.0,35.0,5,interact,-0.0029999999999999805,0.0,0.0,-0.0029999999999999805,20.0,35.0,False,"(5, 3)",onion,"(3, 3)",dish,"(4, 2):soup('onion', 3, 20);(4, 3):soup('onion', 3, 20)","(4, 2):soup('onion', 3, 20);(4, 3):soup('onion', 3, 20)"
244,3,"(-1, 0)","(5, 3)","(-1, 0)",onion,"(3, 3)","(0, 1)",dish,"(4, 2):soup('onion', 3, 20);(4, 3):soup('onion', 3, 20)","(4, 2):soup('onion', 3, 20);(4, 3):soup('onion', 3, 20)",20.0,35.0,5,interact,-0.0029999999999999805,0.0,0.0,-0.0029999999999999805,20.0,35.0,False,"(5, 3)",onion,"(3, 3)",dish,"(4, 2):soup('onion', 3, 20);(4, 3):soup('onion', 3, 20)","(4, 2):soup('onion', 3, 20);(4, 3):soup('onion', 3, 20)"
245,3,"(-1, 0)","(5, 3)","(-1, 0)",onion,"(3, 3)","(0, 1)",dish,"(4, 2):soup('onion', 3, 20);(4, 3):soup('onion', 3, 20)","(4, 2):soup('onion', 3, 20);(4, 3):soup('onion', 3, 20)",20.0,35.0,5,interact,-0.0029999999999999805,0.0,0.0,-0.0029999999999999805,20.0,35.0,False,"(5, 3)",onion,"(3, 3)",dish,"(4, 2):soup('onion', 3, 20);(4, 3):soup('onion', 3, 20)","(4, 2):soup('onion', 3, 20);(4, 3):soup('onion', 3, 20)"
246,3,"(-1, 0)","(5, 3)","(-1, 0)",onion,"(3, 3)","(0, 1)",dish,"(4, 2):soup('onion', 3, 20);(4, 3):soup('onion', 3, 20)","(4, 2):soup('onion', 3, 20);(4, 3):soup('onion', 3, 20)",20.0,35.0,5,interact,-0.0029999999999999805,0.0,0.0,-0.0029999999999999805,20.0,35.0,False,"(5, 3)",onion,"(3, 3)",dish,"(4, 2):soup('onion', 3, 20);(4, 3):soup('onion', 3, 20)","(4, 2):soup('onion', 3, 20);(4, 3):soup('onion', 3, 20)"
247,3,"(-1, 0)","(5, 3)","(-1, 0)",onion,"(3, 3)","(0, 1)",dish,"(4, 2):soup('onion', 3, 20);(4, 3):soup('onion', 3, 20)","(4, 2):soup('onion', 3, 20);(4, 3):soup('onion', 3, 20)",20.0,35.0,5,interact,-0.0029999999999999805,0.0,0.0,-0.0029999999999999805,20.0,35.0,False,"(5, 3)",onion,"(3, 3)",dish,"(4, 2):soup('onion', 3, 20);(4, 3):soup('onion', 3, 20)","(4, 2):soup('onion', 3, 20);(4, 3):soup('onion', 3, 20)"
248,3,"(-1, 0)","(5, 3)","(-1, 0)",onion,"(3, 3)","(0, 1)",dish,"(4, 2):soup('onion', 3, 20);(4, 3):soup('onion', 3, 20)","(4, 2):soup('onion', 3, 20);(4, 3):soup('onion', 3, 20)",20.0,35.0,5,interact,-0.0029999999999999805,0.0,0.0,-0.0029999999999999805,20.0,35.0,False,"(5, 3)",onion,"(3, 3)",dish,"(4, 2):soup('onion', 3, 20);(4, 3):soup('onion', 3, 20)","(4, 2):soup('onion', 3, 20);(4, 3):soup('onion', 3, 20)"
249,3,"(-1, 0)","(5, 3)","(-1, 0)",onion,"(3, 3)","(0, 1)",dish,"(4, 2):soup('onion', 3, 20);(4, 3):soup('onion', 3, 20)","(4, 2):soup('onion', 3, 20);(4, 3):soup('onion', 3, 20)",20.0,35.0,5,interact,-0.0029999999999999805,0.0,0.0,-0.0029999999999999805,20.0,35.0,False,"(5, 3)",onion,"(3, 3)",dish,"(4, 2):soup('onion', 3, 20);(4, 3):soup('onion', 3, 20)","(4, 2):soup('onion', 3, 20);(4, 3):soup('onion', 3, 20)"
250,3,"(-1, 0)","(5, 3)","(-1, 0)",onion,"(3, 3)","(0, 1)",dish,"(4, 2):soup('onion', 3, 20);(4, 3):soup('onion', 3, 20)","(4, 2):soup('onion', 3, 20);(4, 3):soup('onion', 3, 20)",20.0,35.0,5,interact,-0.0029999999999999805,0.0,0.0,-0.0029999999999999805,20.0,35.0,False,"(5, 3)",onion,"(3, 3)",dish,"(4, 2):soup('onion', 3, 20);(4, 3):soup('onion', 3, 20)","(4, 2):soup('onion', 3, 20);(4, 3):soup('onion', 3, 20)"
251,3,"(-1, 0)","(5, 3)","(-1, 0)",onion,"(3, 3)","(0, 1)",dish,"(4, 2):soup('onion', 3, 20);(4, 3):soup('onion', 3, 20)","(4, 2):soup('onion', 3, 20);(4, 3):soup('onion', 3, 20)",20.0,35.0,5,interact,-0.0029999999999999805,0.0,0.0,-0.0029999999999999805,20.0,35.0,False,"(5, 3)",onion,"(3, 3)",dish,"(4, 2):soup('onion', 3, 20);(4, 3):soup('onion', 3, 20)","(4, 2):soup('onion', 3, 20);(4, 3):soup('onion', 3, 20)"
252,3,"(-1, 0)","(5, 3)","(-1, 0)",onion,"(3, 3)","(0, 1)",dish,"(4, 2):soup('onion', 3, 20);(4, 3):soup('onion', 3, 20)","(4, 2):soup('onion', 3, 20);(4, 3):soup('onion', 3, 20)",20.0,35.0,5,interact,-0.0029999999999999805,0.0,0.0,-0.0029999999999999805,20.0,35.0,False,"(5, 3)",onion,"(3, 3)",dish,"(4, 2):soup('onion', 3, 20);(4, 3):soup('onion', 3, 20)","(4, 2):soup('onion', 3, 20);(4, 3):soup('onion', 3, 20)"
253,3,"(-1, 0)","(5, 3)","(-1, 0)",onion,"(3, 3)","(0, 1)",dish,"(4, 2):soup('onion', 3, 20);(4, 3):soup('onion', 3, 20)","(4, 2):soup('onion', 3, 20);(4, 3):soup('onion', 3, 20)",20.0,35.0,5,interact,-0.0029999999999999805,0.0,0.0,-0.0029999999999999805,20.0,35.0,False,"(5, 3)",onion,"(3, 3)",dish,"(4, 2):soup('onion', 3, 20);(4, 3):soup('onion', 3, 20)","(4, 2):soup('onion', 3, 20);(4, 3):soup('onion', 3, 20)"
254,3,"(-1, 0)","(5, 3)","(-1, 0)",onion,"(3, 3)","(0, 1)",dish,"(4, 2):soup('onion', 3, 20);(4, 3):soup('onion', 3, 20)","(4, 2):soup('onion', 3, 20);(4, 3):soup('onion', 3, 20)",20.0,35.0,5,interact,-0.0029999999999999805,0.0,0.0,-0.0029999999999999805,20.0,35.0,False,"(5, 3)",onion,"(3, 3)",dish,"(4, 2):soup('onion', 3, 20);(4, 3):soup('onion', 3, 20)","(4, 2):soup('onion', 3, 20);(4, 3):soup('onion', 3, 20)"
255,3,"(-1, 0)","(5, 3)","(-1, 0)",onion,"(3, 3)","(0, 1)",dish,"(4, 2):soup('onion', 3, 20);(4, 3):soup('onion', 3, 20)","(4, 2):soup('onion', 3, 20);(4, 3):soup('onion', 3, 20)",20.0,35.0,5,interact,-0.0029999999999999805,0.0,0.0,-0.0029999999999999805,20.0,35.0,False,"(5, 3)",onion,"(3, 3)",dish,"(4, 2):soup('onion', 3, 20);(4, 3):soup('onion', 3, 20)","(4, 2):soup('onion', 3, 20);(4, 3):soup('onion', 3, 20)"
256,3,"(-1, 0)","(5, 3)","(-1, 0)",onion,"(3, 3)","(0, 1)",dish,"(4, 2):soup('onion', 3, 20);(4, 3):soup('onion', 3, 20)","(4, 2):soup('onion', 3, 20);(4, 3):soup('onion', 3, 20)",20.0,35.0,5,interact,-0.0029999999999999805,0.0,0.0,-0.0029999999999999805,20.0,35.0,False,"(5, 3)",onion,"(3, 3)",dish,"(4, 2):soup('onion', 3, 20);(4, 3):soup('onion', 3, 20)","(4, 2):soup('onion', 3, 20);(4, 3):soup('onion', 3, 20)"
257,3,"(-1, 0)","(5, 3)","(-1, 0)",onion,"(3, 3)","(0, 1)",dish,"(4, 2):soup('onion', 3, 20);(4, 3):soup('onion', 3, 20)","(4, 2):soup('onion', 3, 20);(4, 3):soup('onion', 3, 20)",20.0,35.0,5,interact,-0.0029999999999999805,0.0,0.0,-0.0029999999999999805,20.0,35.0,False,"(5, 3)",onion,"(3, 3)",dish,"(4, 2):soup('onion', 3, 20);(4, 3):soup('onion', 3, 20)","(4, 2):soup('onion', 3, 20);(4, 3):soup('onion', 3, 20)"
258,3,"(-1, 0)","(5, 3)","(-1, 0)",onion,"(3, 3)","(0, 1)",dish,"(4, 2):soup('onion', 3, 20);(4, 3):soup('onion', 3, 20)","(4, 2):soup('onion', 3, 20);(4, 3):soup('onion', 3, 20)",20.0,35.0,5,interact,-0.0029999999999999805,0.0,0.0,-0.0029999999999999805,20.0,35.0,False,"(5, 3)",onion,"(3, 3)",dish,"(4, 2):soup('onion', 3, 20);(4, 3):soup('onion', 3, 20)","(4, 2):soup('onion', 3, 20);(4, 3):soup('onion', 3, 20)"
259,3,"(-1, 0)","(5, 3)","(-1, 0)",onion,"(3, 3)","(0, 1)",dish,"(4, 2):soup('onion', 3, 20);(4, 3):soup('onion', 3, 20)","(4, 2):soup('onion', 3, 20);(4, 3):soup('onion', 3, 20)",20.0,35.0,5,interact,-0.0029999999999999805,0.0,0.0,-0.0029999999999999805,20.0,35.0,False,"(5, 3)",onion,"(3, 3)",dish,"(4, 2):soup('onion', 3, 20);(4, 3):soup('onion', 3, 20)","(4, 2):soup('onion', 3, 20);(4, 3):soup('onion', 3, 20)"
260,3,"(-1, 0)","(5, 3)","(-1, 0)",onion,"(3, 3)","(0, 1)",dish,"(4, 2):soup('onion', 3, 20);(4, 3):soup('onion', 3, 20)","(4, 2):soup('onion', 3, 20);(4, 3):soup('onion', 3, 20)",20.0,35.0,5,interact,-0.0029999999999999805,0.0,0.0,-0.0029999999999999805,20.0,35.0,False,"(5, 3)",onion,"(3, 3)",dish,"(4, 2):soup('onion', 3, 20);(4, 3):soup('onion', 3, 20)","(4, 2):soup('onion', 3, 20);(4, 3):soup('onion', 3, 20)"
261,3,"(-1, 0)","(5, 3)","(-1, 0)",onion,"(3, 3)","(0, 1)",dish,"(4, 2):soup('onion', 3, 20);(4, 3):soup('onion', 3, 20)","(4, 2):soup('onion', 3, 20);(4, 3):soup('onion', 3, 20)",20.0,35.0,5,interact,-0.0029999999999999805,0.0,0.0,-0.0029999999999999805,20.0,35.0,False,"(5, 3)",onion,"(3, 3)",dish,"(4, 2):soup('onion', 3, 20);(4, 3):soup('onion', 3, 20)","(4, 2):soup('onion', 3, 20);(4, 3):soup('onion', 3, 20)"
262,3,"(-1, 0)","(5, 3)","(-1, 0)",onion,"(3, 3)","(0, 1)",dish,"(4, 2):soup('onion', 3, 20);(4, 3):soup('onion', 3, 20)","(4, 2):soup('onion', 3, 20);(4, 3):soup('onion', 3, 20)",20.0,35.0,5,interact,-0.0029999999999999805,0.0,0.0,-0.0029999999999999805,20.0,35.0,False,"(5, 3)",onion,"(3, 3)",dish,"(4, 2):soup('onion', 3, 20);(4, 3):soup('onion', 3, 20)","(4, 2):soup('onion', 3, 20);(4, 3):soup('onion', 3, 20)"
263,3,"(-1, 0)","(5, 3)","(-1, 0)",onion,"(3, 3)","(0, 1)",dish,"(4, 2):soup('onion', 3, 20);(4, 3):soup('onion', 3, 20)","(4, 2):soup('onion', 3, 20);(4, 3):soup('onion', 3, 20)",20.0,35.0,5,interact,-0.0029999999999999805,0.0,0.0,-0.0029999999999999805,20.0,35.0,False,"(5, 3)",onion,"(3, 3)",dish,"(4, 2):soup('onion', 3, 20);(4, 3):soup('onion', 3, 20)","(4, 2):soup('onion', 3, 20);(4, 3):soup('onion', 3, 20)"
264,3,"(-1, 0)","(5, 3)","(-1, 0)",onion,"(3, 3)","(0, 1)",dish,"(4, 2):soup('onion', 3, 20);(4, 3):soup('onion', 3, 20)","(4, 2):soup('onion', 3, 20);(4, 3):soup('onion', 3, 20)",20.0,35.0,5,interact,-0.0029999999999999805,0.0,0.0,-0.0029999999999999805,20.0,35.0,False,"(5, 3)",onion,"(3, 3)",dish,"(4, 2):soup('onion', 3, 20);(4, 3):soup('onion', 3, 20)","(4, 2):soup('onion', 3, 20);(4, 3):soup('onion', 3, 20)"
265,3,"(-1, 0)","(5, 3)","(-1, 0)",onion,"(3, 3)","(0, 1)",dish,"(4, 2):soup('onion', 3, 20);(4, 3):soup('onion', 3, 20)","(4, 2):soup('onion', 3, 20);(4, 3):soup('onion', 3, 20)",20.0,35.0,5,interact,-0.0029999999999999805,0.0,0.0,-0.0029999999999999805,20.0,35.0,False,"(5, 3)",onion,"(3, 3)",dish,"(4, 2):soup('onion', 3, 20);(4, 3):soup('onion', 3, 20)","(4, 2):soup('onion', 3, 20);(4, 3):soup('onion', 3, 20)"
266,3,"(-1, 0)","(5, 3)","(-1, 0)",onion,"(3, 3)","(0, 1)",dish,"(4, 2):soup('onion', 3, 20);(4, 3):soup('onion', 3, 20)","(4, 2):soup('onion', 3, 20);(4, 3):soup('onion', 3, 20)",20.0,35.0,5,interact,-0.0029999999999999805,0.0,0.0,-0.0029999999999999805,20.0,35.0,False,"(5, 3)",onion,"(3, 3)",dish,"(4, 2):soup('onion', 3, 20);(4, 3):soup('onion', 3, 20)","(4, 2):soup('onion', 3, 20);(4, 3):soup('onion', 3, 20)"
267,3,"(-1, 0)","(5, 3)","(-1, 0)",onion,"(3, 3)","(0, 1)",dish,"(4, 2):soup('onion', 3, 20);(4, 3):soup('onion', 3, 20)","(4, 2):soup('onion', 3, 20);(4, 3):soup('onion', 3, 20)",20.0,35.0,5,interact,-0.0029999999999999805,0.0,0.0,-0.0029999999999999805,20.0,35.0,False,"(5, 3)",onion,"(3, 3)",dish,"(4, 2):soup('onion', 3, 20);(4, 3):soup('onion', 3, 20)","(4, 2):soup('onion', 3, 20);(4, 3):soup('onion', 3, 20)"
268,3,"(-1, 0)","(5, 3)","(-1, 0)",onion,"(3, 3)","(0, 1)",dish,"(4, 2):soup('onion', 3, 20);(4, 3):soup('onion', 3, 20)","(4, 2):soup('onion', 3, 20);(4, 3):soup('onion', 3, 20)",20.0,35.0,5,interact,-0.0029999999999999805,0.0,0.0,-0.0029999999999999805,20.0,35.0,False,"(5, 3)",onion,"(3, 3)",dish,"(4, 2):soup('onion', 3, 20);(4, 3):soup('onion', 3, 20)","(4, 2):soup('onion', 3, 20);(4, 3):soup('onion', 3, 20)"
269,3,"(-1, 0)","(5, 3)","(-1, 0)",onion,"(3, 3)","(0, 1)",dish,"(4, 2):soup('onion', 3, 20);(4, 3):soup('onion', 3, 20)","(4, 2):soup('onion', 3, 20);(4, 3):soup('onion', 3, 20)",20.0,35.0,5,interact,-0.0029999999999999805,0.0,0.0,-0.0029999999999999805,20.0,35.0,False,"(5, 3)",onion,"(3, 3)",dish,"(4, 2):soup('onion', 3, 20);(4, 3):soup('onion', 3, 20)","(4, 2):soup('onion', 3, 20);(4, 3):soup('onion', 3, 20)"
270,3,"(-1, 0)","(5, 3)","(-1, 0)",onion,"(3, 3)","(0, 1)",dish,"(4, 2):soup('onion', 3, 20);(4, 3):soup('onion', 3, 20)","(4, 2):soup('onion', 3, 20);(4, 3):soup('onion', 3, 20)",20.0,35.0,5,interact,-0.0029999999999999805,0.0,0.0,-0.0029999999999999805,20.0,35.0,False,"(5, 3)",onion,"(3, 3)",dish,"(4, 2):soup('onion', 3, 20);(4, 3):soup('onion', 3, 20)","(4, 2):soup('onion', 3, 20);(4, 3):soup('onion', 3, 20)"
271,3,"(-1, 0)","(5, 3)","(-1, 0)",onion,"(3, 3)","(0, 1)",dish,"(4, 2):soup('onion', 3, 20);(4, 3):soup('onion', 3, 20)","(4, 2):soup('onion', 3, 20);(4, 3):soup('onion', 3, 20)",20.0,35.0,5,interact,-0.0029999999999999805,0.0,0.0,-0.0029999999999999805,20.0,35.0,False,"(5, 3)",onion,"(3, 3)",dish,"(4, 2):soup('onion', 3, 20);(4, 3):soup('onion', 3, 20)","(4, 2):soup('onion', 3, 20);(4, 3):soup('onion', 3, 20)"
272,3,"(-1, 0)","(5, 3)","(-1, 0)",onion,"(3, 3)","(0, 1)",dish,"(4, 2):soup('onion', 3, 20);(4, 3):soup('onion', 3, 20)","(4, 2):soup('onion', 3, 20);(4, 3):soup('onion', 3, 20)",20.0,35.0,5,interact,-0.0029999999999999805,0.0,0.0,-0.0029999999999999805,20.0,35.0,False,"(5, 3)",onion,"(3, 3)",dish,"(4, 2):soup('onion', 3, 20);(4, 3):soup('onion', 3, 20)","(4, 2):soup('onion', 3, 20);(4, 3):soup('onion', 3, 20)"
273,3,"(-1, 0)","(5, 3)","(-1, 0)",onion,"(3, 3)","(0, 1)",dish,"(4, 2):soup('onion', 3, 20);(4, 3):soup('onion', 3, 20)","(4, 2):soup('onion', 3, 20);(4, 3):soup('onion', 3, 20)",20.0,35.0,5,interact,-0.0029999999999999805,0.0,0.0,-0.0029999999999999805,20.0,35.0,False,"(5, 3)",onion,"(3, 3)",dish,"(4, 2):soup('onion', 3, 20);(4, 3):soup('onion', 3, 20)","(4, 2):soup('onion', 3, 20);(4, 3):soup('onion', 3, 20)"
274,3,"(-1, 0)","(5, 3)","(-1, 0)",onion,"(3, 3)","(0, 1)",dish,"(4, 2):soup('onion', 3, 20);(4, 3):soup('onion', 3, 20)","(4, 2):soup('onion', 3, 20);(4, 3):soup('onion', 3, 20)",20.0,35.0,5,interact,-0.0029999999999999805,0.0,0.0,-0.0029999999999999805,20.0,35.0,False,"(5, 3)",onion,"(3, 3)",dish,"(4, 2):soup('onion', 3, 20);(4, 3):soup('onion', 3, 20)","(4, 2):soup('onion', 3, 20);(4, 3):soup('onion', 3, 20)"
275,3,"(-1, 0)","(5, 3)","(-1, 0)",onion,"(3, 3)","(0, 1)",dish,"(4, 2):soup('onion', 3, 20);(4, 3):soup('onion', 3, 20)","(4, 2):soup('onion', 3, 20);(4, 3):soup('onion', 3, 20)",20.0,35.0,5,interact,-0.0029999999999999805,0.0,0.0,-0.0029999999999999805,20.0,35.0,False,"(5, 3)",onion,"(3, 3)",dish,"(4, 2):soup('onion', 3, 20);(4, 3):soup('onion', 3, 20)","(4, 2):soup('onion', 3, 20);(4, 3):soup('onion', 3, 20)"
276,3,"(-1, 0)","(5, 3)","(-1, 0)",onion,"(3, 3)","(0, 1)",dish,"(4, 2):soup('onion', 3, 20);(4, 3):soup('onion', 3, 20)","(4, 2):soup('onion', 3, 20);(4, 3):soup('onion', 3, 20)",20.0,35.0,5,interact,-0.0029999999999999805,0.0,0.0,-0.0029999999999999805,20.0,35.0,False,"(5, 3)",onion,"(3, 3)",dish,"(4, 2):soup('onion', 3, 20);(4, 3):soup('onion', 3, 20)","(4, 2):soup('onion', 3, 20);(4, 3):soup('onion', 3, 20)"
277,3,"(-1, 0)","(5, 3)","(-1, 0)",onion,"(3, 3)","(0, 1)",dish,"(4, 2):soup('onion', 3, 20);(4, 3):soup('onion', 3, 20)","(4, 2):soup('onion', 3, 20);(4, 3):soup('onion', 3, 20)",20.0,35.0,5,interact,-0.0029999999999999805,0.0,0.0,-0.0029999999999999805,20.0,35.0,False,"(5, 3)",onion,"(3, 3)",dish,"(4, 2):soup('onion', 3, 20);(4, 3):soup('onion', 3, 20)","(4, 2):soup('onion', 3, 20);(4, 3):soup('onion', 3, 20)"
278,3,"(-1, 0)","(5, 3)","(-1, 0)",onion,"(3, 3)","(0, 1)",dish,"(4, 2):soup('onion', 3, 20);(4, 3):soup('onion', 3, 20)","(4, 2):soup('onion', 3, 20);(4, 3):soup('onion', 3, 20)",20.0,35.0,5,interact,-0.0029999999999999805,0.0,0.0,-0.0029999999999999805,20.0,35.0,False,"(5, 3)",onion,"(3, 3)",dish,"(4, 2):soup('onion', 3, 20);(4, 3):soup('onion', 3, 20)","(4, 2):soup('onion', 3, 20);(4, 3):soup('onion', 3, 20)"
279,3,"(-1, 0)","(5, 3)","(-1, 0)",onion,"(3, 3)","(0, 1)",dish,"(4, 2):soup('onion', 3, 20);(4, 3):soup('onion', 3, 20)","(4, 2):soup('onion', 3, 20);(4, 3):soup('onion', 3, 20)",20.0,35.0,5,interact,-0.0029999999999999805,0.0,0.0,-0.0029999999999999805,20.0,35.0,False,"(5, 3)",onion,"(3, 3)",dish,"(4, 2):soup('onion', 3, 20);(4, 3):soup('onion', 3, 20)","(4, 2):soup('onion', 3, 20);(4, 3):soup('onion', 3, 20)"
280,3,"(-1, 0)","(5, 3)","(-1, 0)",onion,"(3, 3)","(0, 1)",dish,"(4, 2):soup('onion', 3, 20);(4, 3):soup('onion', 3, 20)","(4, 2):soup('onion', 3, 20);(4, 3):soup('onion', 3, 20)",20.0,35.0,5,interact,-0.0029999999999999805,0.0,0.0,-0.0029999999999999805,20.0,35.0,False,"(5, 3)",onion,"(3, 3)",dish,"(4, 2):soup('onion', 3, 20);(4, 3):soup('onion', 3, 20)","(4, 2):soup('onion', 3, 20);(4, 3):soup('onion', 3, 20)"
281,3,"(-1, 0)","(5, 3)","(-1, 0)",onion,"(3, 3)","(0, 1)",dish,"(4, 2):soup('onion', 3, 20);(4, 3):soup('onion', 3, 20)","(4, 2):soup('onion', 3, 20);(4, 3):soup('onion', 3, 20)",20.0,35.0,5,interact,-0.0029999999999999805,0.0,0.0,-0.0029999999999999805,20.0,35.0,False,"(5, 3)",onion,"(3, 3)",dish,"(4, 2):soup('onion', 3, 20);(4, 3):soup('onion', 3, 20)","(4, 2):soup('onion', 3, 20);(4, 3):soup('onion', 3, 20)"
282,3,"(-1, 0)","(5, 3)","(-1, 0)",onion,"(3, 3)","(0, 1)",dish,"(4, 2):soup('onion', 3, 20);(4, 3):soup('onion', 3, 20)","(4, 2):soup('onion', 3, 20);(4, 3):soup('onion', 3, 20)",20.0,35.0,5,interact,-0.0029999999999999805,0.0,0.0,-0.0029999999999999805,20.0,35.0,False,"(5, 3)",onion,"(3, 3)",dish,"(4, 2):soup('onion', 3, 20);(4, 3):soup('onion', 3, 20)","(4, 2):soup('onion', 3, 20);(4, 3):soup('onion', 3, 20)"
283,3,"(-1, 0)","(5, 3)","(-1, 0)",onion,"(3, 3)","(0, 1)",dish,"(4, 2):soup('onion', 3, 20);(4, 3):soup('onion', 3, 20)","(4, 2):soup('onion', 3, 20);(4, 3):soup('onion', 3, 20)",20.0,35.0,5,interact,-0.0029999999999999805,0.0,0.0,-0.0029999999999999805,20.0,35.0,False,"(5, 3)",onion,"(3, 3)",dish,"(4, 2):soup('onion', 3, 20);(4, 3):soup('onion', 3, 20)","(4, 2):soup('onion', 3, 20);(4, 3):soup('onion', 3, 20)"
284,3,"(-1, 0)","(5, 3)","(-1, 0)",onion,"(3, 3)","(0, 1)",dish,"(4, 2):soup('onion', 3, 20);(4, 3):soup('onion', 3, 20)","(4, 2):soup('onion', 3, 20);(4, 3):soup('onion', 3, 20)",20.0,35.0,5,interact,-0.0029999999999999805,0.0,0.0,-0.0029999999999999805,20.0,35.0,False,"(5, 3)",onion,"(3, 3)",dish,"(4, 2):soup('onion', 3, 20);(4, 3):soup('onion', 3, 20)","(4, 2):soup('onion', 3, 20);(4, 3):soup('onion', 3, 20)"
285,3,"(-1, 0)","(5, 3)","(-1, 0)",onion,"(3, 3)","(0, 1)",dish,"(4, 2):soup('onion', 3, 20);(4, 3):soup('onion', 3, 20)","(4, 2):soup('onion', 3, 20);(4, 3):soup('onion', 3, 20)",20.0,35.0,5,interact,-0.0029999999999999805,0.0,0.0,-0.0029999999999999805,20.0,35.0,False,"(5, 3)",onion,"(3, 3)",dish,"(4, 2):soup('onion', 3, 20);(4, 3):soup('onion', 3, 20)","(4, 2):soup('onion', 3, 20);(4, 3):soup('onion', 3, 20)"
286,3,"(-1, 0)","(5, 3)","(-1, 0)",onion,"(3, 3)","(0, 1)",dish,"(4, 2):soup('onion', 3, 20);(4, 3):soup('onion', 3, 20)","(4, 2):soup('onion', 3, 20);(4, 3):soup('onion', 3, 20)",20.0,35.0,5,interact,-0.0029999999999999805,0.0,0.0,-0.0029999999999999805,20.0,35.0,False,"(5, 3)",onion,"(3, 3)",dish,"(4, 2):soup('onion', 3, 20);(4, 3):soup('onion', 3, 20)","(4, 2):soup('onion', 3, 20);(4, 3):soup('onion', 3, 20)"
287,3,"(-1, 0)","(5, 3)","(-1, 0)",onion,"(3, 3)","(0, 1)",dish,"(4, 2):soup('onion', 3, 20);(4, 3):soup('onion', 3, 20)","(4, 2):soup('onion', 3, 20);(4, 3):soup('onion', 3, 20)",20.0,35.0,5,interact,-0.0029999999999999805,0.0,0.0,-0.0029999999999999805,20.0,35.0,False,"(5, 3)",onion,"(3, 3)",dish,"(4, 2):soup('onion', 3, 20);(4, 3):soup('onion', 3, 20)","(4, 2):soup('onion', 3, 20);(4, 3):soup('onion', 3, 20)"
288,3,"(-1, 0)","(5, 3)","(-1, 0)",onion,"(3, 3)","(0, 1)",dish,"(4, 2):soup('onion', 3, 20);(4, 3):soup('onion', 3, 20)","(4, 2):soup('onion', 3, 20);(4, 3):soup('onion', 3, 20)",20.0,35.0,5,interact,-0.0029999999999999805,0.0,0.0,-0.0029999999999999805,20.0,35.0,False,"(5, 3)",onion,"(3, 3)",dish,"(4, 2):soup('onion', 3, 20);(4, 3):soup('onion', 3, 20)","(4, 2):soup('onion', 3, 20);(4, 3):soup('onion', 3, 20)"
289,3,"(-1, 0)","(5, 3)","(-1, 0)",onion,"(3, 3)","(0, 1)",dish,"(4, 2):soup('onion', 3, 20);(4, 3):soup('onion', 3, 20)","(4, 2):soup('onion', 3, 20);(4, 3):soup('onion', 3, 20)",20.0,35.0,5,interact,-0.0029999999999999805,0.0,0.0,-0.0029999999999999805,20.0,35.0,False,"(5, 3)",onion,"(3, 3)",dish,"(4, 2):soup('onion', 3, 20);(4, 3):soup('onion', 3, 20)","(4, 2):soup('onion', 3, 20);(4, 3):soup('onion', 3, 20)"
290,3,"(-1, 0)","(5, 3)","(-1, 0)",onion,"(3, 3)","(0, 1)",dish,"(4, 2):soup('onion', 3, 20);(4, 3):soup('onion', 3, 20)","(4, 2):soup('onion', 3, 20);(4, 3):soup('onion', 3, 20)",20.0,35.0,5,interact,-0.0029999999999999805,0.0,0.0,-0.0029999999999999805,20.0,35.0,False,"(5, 3)",onion,"(3, 3)",dish,"(4, 2):soup('onion', 3, 20);(4, 3):soup('onion', 3, 20)","(4, 2):soup('onion', 3, 20);(4, 3):soup('onion', 3, 20)"
291,3,"(-1, 0)","(5, 3)","(-1, 0)",onion,"(3, 3)","(0, 1)",dish,"(4, 2):soup('onion', 3, 20);(4, 3):soup('onion', 3, 20)","(4, 2):soup('onion', 3, 20);(4, 3):soup('onion', 3, 20)",20.0,35.0,5,interact,-0.0029999999999999805,0.0,0.0,-0.0029999999999999805,20.0,35.0,False,"(5, 3)",onion,"(3, 3)",dish,"(4, 2):soup('onion', 3, 20);(4, 3):soup('onion', 3, 20)","(4, 2):soup('onion', 3, 20);(4, 3):soup('onion', 3, 20)"
292,3,"(-1, 0)","(5, 3)","(-1, 0)",onion,"(3, 3)","(0, 1)",dish,"(4, 2):soup('onion', 3, 20);(4, 3):soup('onion', 3, 20)","(4, 2):soup('onion', 3, 20);(4, 3):soup('onion', 3, 20)",20.0,35.0,5,interact,-0.0029999999999999805,0.0,0.0,-0.0029999999999999805,20.0,35.0,False,"(5, 3)",onion,"(3, 3)",dish,"(4, 2):soup('onion', 3, 20);(4, 3):soup('onion', 3, 20)","(4, 2):soup('onion', 3, 20);(4, 3):soup('onion', 3, 20)"
293,3,"(-1, 0)","(5, 3)","(-1, 0)",onion,"(3, 3)","(0, 1)",dish,"(4, 2):soup('onion', 3, 20);(4, 3):soup('onion', 3, 20)","(4, 2):soup('onion', 3, 20);(4, 3):soup('onion', 3, 20)",20.0,35.0,5,interact,-0.0029999999999999805,0.0,0.0,-0.0029999999999999805,20.0,35.0,False,"(5, 3)",onion,"(3, 3)",dish,"(4, 2):soup('onion', 3, 20);(4, 3):soup('onion', 3, 20)","(4, 2):soup('onion', 3, 20);(4, 3):soup('onion', 3, 20)"
294,3,"(-1, 0)","(5, 3)","(-1, 0)",onion,"(3, 3)","(0, 1)",dish,"(4, 2):soup('onion', 3, 20);(4, 3):soup('onion', 3, 20)","(4, 2):soup('onion', 3, 20);(4, 3):soup('onion', 3, 20)",20.0,35.0,5,interact,-0.0029999999999999805,0.0,0.0,-0.0029999999999999805,20.0,35.0,False,"(5, 3)",onion,"(3, 3)",dish,"(4, 2):soup('onion', 3, 20);(4, 3):soup('onion', 3, 20)","(4, 2):soup('onion', 3, 20);(4, 3):soup('onion', 3, 20)"
295,3,"(-1, 0)","(5, 3)","(-1, 0)",onion,"(3, 3)","(0, 1)",dish,"(4, 2):soup('onion', 3, 20);(4, 3):soup('onion', 3, 20)","(4, 2):soup('onion', 3, 20);(4, 3):soup('onion', 3, 20)",20.0,35.0,5,interact,-0.0029999999999999805,0.0,0.0,-0.0029999999999999805,20.0,35.0,False,"(5, 3)",onion,"(3, 3)",dish,"(4, 2):soup('onion', 3, 20);(4, 3):soup('onion', 3, 20)","(4, 2):soup('onion', 3, 20);(4, 3):soup('onion', 3, 20)"
296,3,"(-1, 0)","(5, 3)","(-1, 0)",onion,"(3, 3)","(0, 1)",dish,"(4, 2):soup('onion', 3, 20);(4, 3):soup('onion', 3, 20)","(4, 2):soup('onion', 3, 20);(4, 3):soup('onion', 3, 20)",20.0,35.0,5,interact,-0.0029999999999999805,0.0,0.0,-0.0029999999999999805,20.0,35.0,False,"(5, 3)",onion,"(3, 3)",dish,"(4, 2):soup('onion', 3, 20);(4, 3):soup('onion', 3, 20)","(4, 2):soup('onion', 3, 20);(4, 3):soup('onion', 3, 20)"
297,3,"(-1, 0)","(5, 3)","(-1, 0)",onion,"(3, 3)","(0, 1)",dish,"(4, 2):soup('onion', 3, 20);(4, 3):soup('onion', 3, 20)","(4, 2):soup('onion', 3, 20);(4, 3):soup('onion', 3, 20)",20.0,35.0,5,interact,-0.0029999999999999805,0.0,0.0,-0.0029999999999999805,20.0,35.0,False,"(5, 3)",onion,"(3, 3)",dish,"(4, 2):soup('onion', 3, 20);(4, 3):soup('onion', 3, 20)","(4, 2):soup('onion', 3, 20);(4, 3):soup('onion', 3, 20)"
298,3,"(-1, 0)","(5, 3)","(-1, 0)",onion,"(3, 3)","(0, 1)",dish,"(4, 2):soup('onion', 3, 20);(4, 3):soup('onion', 3, 20)","(4, 2):soup('onion', 3, 20);(4, 3):soup('onion', 3, 20)",20.0,35.0,5,interact,-0.0029999999999999805,0.0,0.0,-0.0029999999999999805,20.0,35.0,False,"(5, 3)",onion,"(3, 3)",dish,"(4, 2):soup('onion', 3, 20);(4, 3):soup('onion', 3, 20)","(4, 2):soup('onion', 3, 20);(4, 3):soup('onion', 3, 20)"
299,3,"(-1, 0)","(5, 3)","(-1, 0)",onion,"(3, 3)","(0, 1)",dish,"(4, 2):soup('onion', 3, 20);(4, 3):soup('onion', 3, 20)","(4, 2):soup('onion', 3, 20);(4, 3):soup('onion', 3, 20)",20.0,35.0,5,interact,-0.0029999999999999805,0.0,0.0,-0.0029999999999999805,20.0,35.0,False,"(5, 3)",onion,"(3, 3)",dish,"(4, 2):soup('onion', 3, 20);(4, 3):soup('onion', 3, 20)","(4, 2):soup('onion', 3, 20);(4, 3):soup('onion', 3, 20)"
300,3,"(-1, 0)","(5, 3)","(-1, 0)",onion,"(3, 3)","(0, 1)",dish,"(4, 2):soup('onion', 3, 20);(4, 3):soup('onion', 3, 20)","(4, 2):soup('onion', 3, 20);(4, 3):soup('onion', 3, 20)",20.0,35.0,5,interact,-0.0029999999999999805,0.0,0.0,-0.0029999999999999805,20.0,35.0,False,"(5, 3)",onion,"(3, 3)",dish,"(4, 2):soup('onion', 3, 20);(4, 3):soup('onion', 3, 20)","(4, 2):soup('onion', 3, 20);(4, 3):soup('onion', 3, 20)"
301,3,"(-1, 0)","(5, 3)","(-1, 0)",onion,"(3, 3)","(0, 1)",dish,"(4, 2):soup('onion', 3, 20);(4, 3):soup('onion', 3, 20)","(4, 2):soup('onion', 3, 20);(4, 3):soup('onion', 3, 20)",20.0,35.0,5,interact,-0.0029999999999999805,0.0,0.0,-0.0029999999999999805,20.0,35.0,False,"(5, 3)",onion,"(3, 3)",dish,"(4, 2):soup('onion', 3, 20);(4, 3):soup('onion', 3, 20)","(4, 2):soup('onion', 3, 20);(4, 3):soup('onion', 3, 20)"
302,3,"(-1, 0)","(5, 3)","(-1, 0)",onion,"(3, 3)","(0, 1)",dish,"(4, 2):soup('onion', 3, 20);(4, 3):soup('onion', 3, 20)","(4, 2):soup('onion', 3, 20);(4, 3):soup('onion', 3, 20)",20.0,35.0,5,interact,-0.0029999999999999805,0.0,0.0,-0.0029999999999999805,20.0,35.0,False,"(5, 3)",onion,"(3, 3)",dish,"(4, 2):soup('onion', 3, 20);(4, 3):soup('onion', 3, 20)","(4, 2):soup('onion', 3, 20);(4, 3):soup('onion', 3, 20)"
303,3,"(-1, 0)","(5, 3)","(-1, 0)",onion,"(3, 3)","(0, 1)",dish,"(4, 2):soup('onion', 3, 20);(4, 3):soup('onion', 3, 20)","(4, 2):soup('onion', 3, 20);(4, 3):soup('onion', 3, 20)",20.0,35.0,5,interact,-0.0029999999999999805,0.0,0.0,-0.0029999999999999805,20.0,35.0,False,"(5, 3)",onion,"(3, 3)",dish,"(4, 2):soup('onion', 3, 20);(4, 3):soup('onion', 3, 20)","(4, 2):soup('onion', 3, 20);(4, 3):soup('onion', 3, 20)"
304,3,"(-1, 0)","(5, 3)","(-1, 0)",onion,"(3, 3)","(0, 1)",dish,"(4, 2):soup('onion', 3, 20);(4, 3):soup('onion', 3, 20)","(4, 2):soup('onion', 3, 20);(4, 3):soup('onion', 3, 20)",20.0,35.0,5,interact,-0.0029999999999999805,0.0,0.0,-0.0029999999999999805,20.0,35.0,False,"(5, 3)",onion,"(3, 3)",dish,"(4, 2):soup('onion', 3, 20);(4, 3):soup('onion', 3, 20)","(4, 2):soup('onion', 3, 20);(4, 3):soup('onion', 3, 20)"
305,3,"(-1, 0)","(5, 3)","(-1, 0)",onion,"(3, 3)","(0, 1)",dish,"(4, 2):soup('onion', 3, 20);(4, 3):soup('onion', 3, 20)","(4, 2):soup('onion', 3, 20);(4, 3):soup('onion', 3, 20)",20.0,35.0,5,interact,-0.0029999999999999805,0.0,0.0,-0.0029999999999999805,20.0,35.0,False,"(5, 3)",onion,"(3, 3)",dish,"(4, 2):soup('onion', 3, 20);(4, 3):soup('onion', 3, 20)","(4, 2):soup('onion', 3, 20);(4, 3):soup('onion', 3, 20)"
306,3,"(-1, 0)","(5, 3)","(-1, 0)",onion,"(3, 3)","(0, 1)",dish,"(4, 2):soup('onion', 3, 20);(4, 3):soup('onion', 3, 20)","(4, 2):soup('onion', 3, 20);(4, 3):soup('onion', 3, 20)",20.0,35.0,5,interact,-0.0029999999999999805,0.0,0.0,-0.0029999999999999805,20.0,35.0,False,"(5, 3)",onion,"(3, 3)",dish,"(4, 2):soup('onion', 3, 20);(4, 3):soup('onion', 3, 20)","(4, 2):soup('onion', 3, 20);(4, 3):soup('onion', 3, 20)"
307,3,"(-1, 0)","(5, 3)","(-1, 0)",onion,"(3, 3)","(0, 1)",dish,"(4, 2):soup('onion', 3, 20);(4, 3):soup('onion', 3, 20)","(4, 2):soup('onion', 3, 20);(4, 3):soup('onion', 3, 20)",20.0,35.0,5,interact,-0.0029999999999999805,0.0,0.0,-0.0029999999999999805,20.0,35.0,False,"(5, 3)",onion,"(3, 3)",dish,"(4, 2):soup('onion', 3, 20);(4, 3):soup('onion', 3, 20)","(4, 2):soup('onion', 3, 20);(4, 3):soup('onion', 3, 20)"
308,3,"(-1, 0)","(5, 3)","(-1, 0)",onion,"(3, 3)","(0, 1)",dish,"(4, 2):soup('onion', 3, 20);(4, 3):soup('onion', 3, 20)","(4, 2):soup('onion', 3, 20);(4, 3):soup('onion', 3, 20)",20.0,35.0,5,interact,-0.0029999999999999805,0.0,0.0,-0.0029999999999999805,20.0,35.0,False,"(5, 3)",onion,"(3, 3)",dish,"(4, 2):soup('onion', 3, 20);(4, 3):soup('onion', 3, 20)","(4, 2):soup('onion', 3, 20);(4, 3):soup('onion', 3, 20)"
309,3,"(-1, 0)","(5, 3)","(-1, 0)",onion,"(3, 3)","(0, 1)",dish,"(4, 2):soup('onion', 3, 20);(4, 3):soup('onion', 3, 20)","(4, 2):soup('onion', 3, 20);(4, 3):soup('onion', 3, 20)",20.0,35.0,5,interact,-0.0029999999999999805,0.0,0.0,-0.0029999999999999805,20.0,35.0,False,"(5, 3)",onion,"(3, 3)",dish,"(4, 2):soup('onion', 3, 20);(4, 3):soup('onion', 3, 20)","(4, 2):soup('onion', 3, 20);(4, 3):soup('onion', 3, 20)"
310,3,"(-1, 0)","(5, 3)","(-1, 0)",onion,"(3, 3)","(0, 1)",dish,"(4, 2):soup('onion', 3, 20);(4, 3):soup('onion', 3, 20)","(4, 2):soup('onion', 3, 20);(4, 3):soup('onion', 3, 20)",20.0,35.0,5,interact,-0.0029999999999999805,0.0,0.0,-0.0029999999999999805,20.0,35.0,False,"(5, 3)",onion,"(3, 3)",dish,"(4, 2):soup('onion', 3, 20);(4, 3):soup('onion', 3, 20)","(4, 2):soup('onion', 3, 20);(4, 3):soup('onion', 3, 20)"
311,3,"(-1, 0)","(5, 3)","(-1, 0)",onion,"(3, 3)","(0, 1)",dish,"(4, 2):soup('onion', 3, 20);(4, 3):soup('onion', 3, 20)","(4, 2):soup('onion', 3, 20);(4, 3):soup('onion', 3, 20)",20.0,35.0,5,interact,-0.0029999999999999805,0.0,0.0,-0.0029999999999999805,20.0,35.0,False,"(5, 3)",onion,"(3, 3)",dish,"(4, 2):soup('onion', 3, 20);(4, 3):soup('onion', 3, 20)","(4, 2):soup('onion', 3, 20);(4, 3):soup('onion', 3, 20)"
312,3,"(-1, 0)","(5, 3)","(-1, 0)",onion,"(3, 3)","(0, 1)",dish,"(4, 2):soup('onion', 3, 20);(4, 3):soup('onion', 3, 20)","(4, 2):soup('onion', 3, 20);(4, 3):soup('onion', 3, 20)",20.0,35.0,5,interact,-0.0029999999999999805,0.0,0.0,-0.0029999999999999805,20.0,35.0,False,"(5, 3)",onion,"(3, 3)",dish,"(4, 2):soup('onion', 3, 20);(4, 3):soup('onion', 3, 20)","(4, 2):soup('onion', 3, 20);(4, 3):soup('onion', 3, 20)"
313,3,"(-1, 0)","(5, 3)","(-1, 0)",onion,"(3, 3)","(0, 1)",dish,"(4, 2):soup('onion', 3, 20);(4, 3):soup('onion', 3, 20)","(4, 2):soup('onion', 3, 20);(4, 3):soup('onion', 3, 20)",20.0,35.0,5,interact,-0.0029999999999999805,0.0,0.0,-0.0029999999999999805,20.0,35.0,False,"(5, 3)",onion,"(3, 3)",dish,"(4, 2):soup('onion', 3, 20);(4, 3):soup('onion', 3, 20)","(4, 2):soup('onion', 3, 20);(4, 3):soup('onion', 3, 20)"
314,3,"(-1, 0)","(5, 3)","(-1, 0)",onion,"(3, 3)","(0, 1)",dish,"(4, 2):soup('onion', 3, 20);(4, 3):soup('onion', 3, 20)","(4, 2):soup('onion', 3, 20);(4, 3):soup('onion', 3, 20)",20.0,35.0,5,interact,-0.0029999999999999805,0.0,0.0,-0.0029999999999999805,20.0,35.0,False,"(5, 3)",onion,"(3, 3)",dish,"(4, 2):soup('onion', 3, 20);(4, 3):soup('onion', 3, 20)","(4, 2):soup('onion', 3, 20);(4, 3):soup('onion', 3, 20)"
315,3,"(-1, 0)","(5, 3)","(-1, 0)",onion,"(3, 3)","(0, 1)",dish,"(4, 2):soup('onion', 3, 20);(4, 3):soup('onion', 3, 20)","(4, 2):soup('onion', 3, 20);(4, 3):soup('onion', 3, 20)",20.0,35.0,5,interact,-0.0029999999999999805,0.0,0.0,-0.0029999999999999805,20.0,35.0,False,"(5, 3)",onion,"(3, 3)",dish,"(4, 2):soup('onion', 3, 20);(4, 3):soup('onion', 3, 20)","(4, 2):soup('onion', 3, 20);(4, 3):soup('onion', 3, 20)"
316,3,"(-1, 0)","(5, 3)","(-1, 0)",onion,"(3, 3)","(0, 1)",dish,"(4, 2):soup('onion', 3, 20);(4, 3):soup('onion', 3, 20)","(4, 2):soup('onion', 3, 20);(4, 3):soup('onion', 3, 20)",20.0,35.0,5,interact,-0.0029999999999999805,0.0,0.0,-0.0029999999999999805,20.0,35.0,False,"(5, 3)",onion,"(3, 3)",dish,"(4, 2):soup('onion', 3, 20);(4, 3):soup('onion', 3, 20)","(4, 2):soup('onion', 3, 20);(4, 3):soup('onion', 3, 20)"
317,3,"(-1, 0)","(5, 3)","(-1, 0)",onion,"(3, 3)","(0, 1)",dish,"(4, 2):soup('onion', 3, 20);(4, 3):soup('onion', 3, 20)","(4, 2):soup('onion', 3, 20);(4, 3):soup('onion', 3, 20)",20.0,35.0,5,interact,-0.0029999999999999805,0.0,0.0,-0.0029999999999999805,20.0,35.0,False,"(5, 3)",onion,"(3, 3)",dish,"(4, 2):soup('onion', 3, 20);(4, 3):soup('onion', 3, 20)","(4, 2):soup('onion', 3, 20);(4, 3):soup('onion', 3, 20)"
318,3,"(-1, 0)","(5, 3)","(-1, 0)",onion,"(3, 3)","(0, 1)",dish,"(4, 2):soup('onion', 3, 20);(4, 3):soup('onion', 3, 20)","(4, 2):soup('onion', 3, 20);(4, 3):soup('onion', 3, 20)",20.0,35.0,5,interact,-0.0029999999999999805,0.0,0.0,-0.0029999999999999805,20.0,35.0,False,"(5, 3)",onion,"(3, 3)",dish,"(4, 2):soup('onion', 3, 20);(4, 3):soup('onion', 3, 20)","(4, 2):soup('onion', 3, 20);(4, 3):soup('onion', 3, 20)"
319,3,"(-1, 0)","(5, 3)","(-1, 0)",onion,"(3, 3)","(0, 1)",dish,"(4, 2):soup('onion', 3, 20);(4, 3):soup('onion', 3, 20)","(4, 2):soup('onion', 3, 20);(4, 3):soup('onion', 3, 20)",20.0,35.0,5,interact,-0.0029999999999999805,0.0,0.0,-0.0029999999999999805,20.0,35.0,False,"(5, 3)",onion,"(3, 3)",dish,"(4, 2):soup('onion', 3, 20);(4, 3):soup('onion', 3, 20)","(4, 2):soup('onion', 3, 20);(4, 3):soup('onion', 3, 20)"
320,3,"(-1, 0)","(5, 3)","(-1, 0)",onion,"(3, 3)","(0, 1)",dish,"(4, 2):soup('onion', 3, 20);(4, 3):soup('onion', 3, 20)","(4, 2):soup('onion', 3, 20);(4, 3):soup('onion', 3, 20)",20.0,35.0,5,interact,-0.0029999999999999805,0.0,0.0,-0.0029999999999999805,20.0,35.0,False,"(5, 3)",onion,"(3, 3)",dish,"(4, 2):soup('onion', 3, 20);(4, 3):soup('onion', 3, 20)","(4, 2):soup('onion', 3, 20);(4, 3):soup('onion', 3, 20)"
321,3,"(-1, 0)","(5, 3)","(-1, 0)",onion,"(3, 3)","(0, 1)",dish,"(4, 2):soup('onion', 3, 20);(4, 3):soup('onion', 3, 20)","(4, 2):soup('onion', 3, 20);(4, 3):soup('onion', 3, 20)",20.0,35.0,5,interact,-0.0029999999999999805,0.0,0.0,-0.0029999999999999805,20.0,35.0,False,"(5, 3)",onion,"(3, 3)",dish,"(4, 2):soup('onion', 3, 20);(4, 3):soup('onion', 3, 20)","(4, 2):soup('onion', 3, 20);(4, 3):soup('onion', 3, 20)"
322,3,"(-1, 0)","(5, 3)","(-1, 0)",onion,"(3, 3)","(0, 1)",dish,"(4, 2):soup('onion', 3, 20);(4, 3):soup('onion', 3, 20)","(4, 2):soup('onion', 3, 20);(4, 3):soup('onion', 3, 20)",20.0,35.0,5,interact,-0.0029999999999999805,0.0,0.0,-0.0029999999999999805,20.0,35.0,False,"(5, 3)",onion,"(3, 3)",dish,"(4, 2):soup('onion', 3, 20);(4, 3):soup('onion', 3, 20)","(4, 2):soup('onion', 3, 20);(4, 3):soup('onion', 3, 20)"
323,3,"(-1, 0)","(5, 3)","(-1, 0)",onion,"(3, 3)","(0, 1)",dish,"(4, 2):soup('onion', 3, 20);(4, 3):soup('onion', 3, 20)","(4, 2):soup('onion', 3, 20);(4, 3):soup('onion', 3, 20)",20.0,35.0,5,interact,-0.0029999999999999805,0.0,0.0,-0.0029999999999999805,20.0,35.0,False,"(5, 3)",onion,"(3, 3)",dish,"(4, 2):soup('onion', 3, 20);(4, 3):soup('onion', 3, 20)","(4, 2):soup('onion', 3, 20);(4, 3):soup('onion', 3, 20)"
324,3,"(-1, 0)","(5, 3)","(-1, 0)",onion,"(3, 3)","(0, 1)",dish,"(4, 2):soup('onion', 3, 20);(4, 3):soup('onion', 3, 20)","(4, 2):soup('onion', 3, 20);(4, 3):soup('onion', 3, 20)",20.0,35.0,5,interact,-0.0029999999999999805,0.0,0.0,-0.0029999999999999805,20.0,35.0,False,"(5, 3)",onion,"(3, 3)",dish,"(4, 2):soup('onion', 3, 20);(4, 3):soup('onion', 3, 20)","(4, 2):soup('onion', 3, 20);(4, 3):soup('onion', 3, 20)"
325,3,"(-1, 0)","(5, 3)","(-1, 0)",onion,"(3, 3)","(0, 1)",dish,"(4, 2):soup('onion', 3, 20);(4, 3):soup('onion', 3, 20)","(4, 2):soup('onion', 3, 20);(4, 3):soup('onion', 3, 20)",20.0,35.0,5,interact,-0.0029999999999999805,0.0,0.0,-0.0029999999999999805,20.0,35.0,False,"(5, 3)",onion,"(3, 3)",dish,"(4, 2):soup('onion', 3, 20);(4, 3):soup('onion', 3, 20)","(4, 2):soup('onion', 3, 20);(4, 3):soup('onion', 3, 20)"
326,3,"(-1, 0)","(5, 3)","(-1, 0)",onion,"(3, 3)","(0, 1)",dish,"(4, 2):soup('onion', 3, 20);(4, 3):soup('onion', 3, 20)","(4, 2):soup('onion', 3, 20);(4, 3):soup('onion', 3, 20)",20.0,35.0,5,interact,-0.0029999999999999805,0.0,0.0,-0.0029999999999999805,20.0,35.0,False,"(5, 3)",onion,"(3, 3)",dish,"(4, 2):soup('onion', 3, 20);(4, 3):soup('onion', 3, 20)","(4, 2):soup('onion', 3, 20);(4, 3):soup('onion', 3, 20)"
327,3,"(-1, 0)","(5, 3)","(-1, 0)",onion,"(3, 3)","(0, 1)",dish,"(4, 2):soup('onion', 3, 20);(4, 3):soup('onion', 3, 20)","(4, 2):soup('onion', 3, 20);(4, 3):soup('onion', 3, 20)",20.0,35.0,5,interact,-0.0029999999999999805,0.0,0.0,-0.0029999999999999805,20.0,35.0,False,"(5, 3)",onion,"(3, 3)",dish,"(4, 2):soup('onion', 3, 20);(4, 3):soup('onion', 3, 20)","(4, 2):soup('onion', 3, 20);(4, 3):soup('onion', 3, 20)"
328,3,"(-1, 0)","(5, 3)","(-1, 0)",onion,"(3, 3)","(0, 1)",dish,"(4, 2):soup('onion', 3, 20);(4, 3):soup('onion', 3, 20)","(4, 2):soup('onion', 3, 20);(4, 3):soup('onion', 3, 20)",20.0,35.0,5,interact,-0.0029999999999999805,0.0,0.0,-0.0029999999999999805,20.0,35.0,False,"(5, 3)",onion,"(3, 3)",dish,"(4, 2):soup('onion', 3, 20);(4, 3):soup('onion', 3, 20)","(4, 2):soup('onion', 3, 20);(4, 3):soup('onion', 3, 20)"
329,3,"(-1, 0)","(5, 3)","(-1, 0)",onion,"(3, 3)","(0, 1)",dish,"(4, 2):soup('onion', 3, 20);(4, 3):soup('onion', 3, 20)","(4, 2):soup('onion', 3, 20);(4, 3):soup('onion', 3, 20)",20.0,35.0,5,interact,-0.0029999999999999805,0.0,0.0,-0.0029999999999999805,20.0,35.0,False,"(5, 3)",onion,"(3, 3)",dish,"(4, 2):soup('onion', 3, 20);(4, 3):soup('onion', 3, 20)","(4, 2):soup('onion', 3, 20);(4, 3):soup('onion', 3, 20)"
330,3,"(-1, 0)","(5, 3)","(-1, 0)",onion,"(3, 3)","(0, 1)",dish,"(4, 2):soup('onion', 3, 20);(4, 3):soup('onion', 3, 20)","(4, 2):soup('onion', 3, 20);(4, 3):soup('onion', 3, 20)",20.0,35.0,5,interact,-0.0029999999999999805,0.0,0.0,-0.0029999999999999805,20.0,35.0,False,"(5, 3)",onion,"(3, 3)",dish,"(4, 2):soup('onion', 3, 20);(4, 3):soup('onion', 3, 20)","(4, 2):soup('onion', 3, 20);(4, 3):soup('onion', 3, 20)"
331,3,"(-1, 0)","(5, 3)","(-1, 0)",onion,"(3, 3)","(0, 1)",dish,"(4, 2):soup('onion', 3, 20);(4, 3):soup('onion', 3, 20)","(4, 2):soup('onion', 3, 20);(4, 3):soup('onion', 3, 20)",20.0,35.0,5,interact,-0.0029999999999999805,0.0,0.0,-0.0029999999999999805,20.0,35.0,False,"(5, 3)",onion,"(3, 3)",dish,"(4, 2):soup('onion', 3, 20);(4, 3):soup('onion', 3, 20)","(4, 2):soup('onion', 3, 20);(4, 3):soup('onion', 3, 20)"
332,3,"(-1, 0)","(5, 3)","(-1, 0)",onion,"(3, 3)","(0, 1)",dish,"(4, 2):soup('onion', 3, 20);(4, 3):soup('onion', 3, 20)","(4, 2):soup('onion', 3, 20);(4, 3):soup('onion', 3, 20)",20.0,35.0,5,interact,-0.0029999999999999805,0.0,0.0,-0.0029999999999999805,20.0,35.0,False,"(5, 3)",onion,"(3, 3)",dish,"(4, 2):soup('onion', 3, 20);(4, 3):soup('onion', 3, 20)","(4, 2):soup('onion', 3, 20);(4, 3):soup('onion', 3, 20)"
333,3,"(-1, 0)","(5, 3)","(-1, 0)",onion,"(3, 3)","(0, 1)",dish,"(4, 2):soup('onion', 3, 20);(4, 3):soup('onion', 3, 20)","(4, 2):soup('onion', 3, 20);(4, 3):soup('onion', 3, 20)",20.0,35.0,5,interact,-0.0029999999999999805,0.0,0.0,-0.0029999999999999805,20.0,35.0,False,"(5, 3)",onion,"(3, 3)",dish,"(4, 2):soup('onion', 3, 20);(4, 3):soup('onion', 3, 20)","(4, 2):soup('onion', 3, 20);(4, 3):soup('onion', 3, 20)"
334,3,"(-1, 0)","(5, 3)","(-1, 0)",onion,"(3, 3)","(0, 1)",dish,"(4, 2):soup('onion', 3, 20);(4, 3):soup('onion', 3, 20)","(4, 2):soup('onion', 3, 20);(4, 3):soup('onion', 3, 20)",20.0,35.0,5,interact,-0.0029999999999999805,0.0,0.0,-0.0029999999999999805,20.0,35.0,False,"(5, 3)",onion,"(3, 3)",dish,"(4, 2):soup('onion', 3, 20);(4, 3):soup('onion', 3, 20)","(4, 2):soup('onion', 3, 20);(4, 3):soup('onion', 3, 20)"
335,3,"(-1, 0)","(5, 3)","(-1, 0)",onion,"(3, 3)","(0, 1)",dish,"(4, 2):soup('onion', 3, 20);(4, 3):soup('onion', 3, 20)","(4, 2):soup('onion', 3, 20);(4, 3):soup('onion', 3, 20)",20.0,35.0,5,interact,-0.0029999999999999805,0.0,0.0,-0.0029999999999999805,20.0,35.0,False,"(5, 3)",onion,"(3, 3)",dish,"(4, 2):soup('onion', 3, 20);(4, 3):soup('onion', 3, 20)","(4, 2):soup('onion', 3, 20);(4, 3):soup('onion', 3, 20)"
336,3,"(-1, 0)","(5, 3)","(-1, 0)",onion,"(3, 3)","(0, 1)",dish,"(4, 2):soup('onion', 3, 20);(4, 3):soup('onion', 3, 20)","(4, 2):soup('onion', 3, 20);(4, 3):soup('onion', 3, 20)",20.0,35.0,5,interact,-0.0029999999999999805,0.0,0.0,-0.0029999999999999805,20.0,35.0,False,"(5, 3)",onion,"(3, 3)",dish,"(4, 2):soup('onion', 3, 20);(4, 3):soup('onion', 3, 20)","(4, 2):soup('onion', 3, 20);(4, 3):soup('onion', 3, 20)"
337,3,"(-1, 0)","(5, 3)","(-1, 0)",onion,"(3, 3)","(0, 1)",dish,"(4, 2):soup('onion', 3, 20);(4, 3):soup('onion', 3, 20)","(4, 2):soup('onion', 3, 20);(4, 3):soup('onion', 3, 20)",20.0,35.0,5,interact,-0.0029999999999999805,0.0,0.0,-0.0029999999999999805,20.0,35.0,False,"(5, 3)",onion,"(3, 3)",dish,"(4, 2):soup('onion', 3, 20);(4, 3):soup('onion', 3, 20)","(4, 2):soup('onion', 3, 20);(4, 3):soup('onion', 3, 20)"
338,3,"(-1, 0)","(5, 3)","(-1, 0)",onion,"(3, 3)","(0, 1)",dish,"(4, 2):soup('onion', 3, 20);(4, 3):soup('onion', 3, 20)","(4, 2):soup('onion', 3, 20);(4, 3):soup('onion', 3, 20)",20.0,35.0,5,interact,-0.0029999999999999805,0.0,0.0,-0.0029999999999999805,20.0,35.0,False,"(5, 3)",onion,"(3, 3)",dish,"(4, 2):soup('onion', 3, 20);(4, 3):soup('onion', 3, 20)","(4, 2):soup('onion', 3, 20);(4, 3):soup('onion', 3, 20)"
339,3,"(-1, 0)","(5, 3)","(-1, 0)",onion,"(3, 3)","(0, 1)",dish,"(4, 2):soup('onion', 3, 20);(4, 3):soup('onion', 3, 20)","(4, 2):soup('onion', 3, 20);(4, 3):soup('onion', 3, 20)",20.0,35.0,5,interact,-0.0029999999999999805,0.0,0.0,-0.0029999999999999805,20.0,35.0,False,"(5, 3)",onion,"(3, 3)",dish,"(4, 2):soup('onion', 3, 20);(4, 3):soup('onion', 3, 20)","(4, 2):soup('onion', 3, 20);(4, 3):soup('onion', 3, 20)"
340,3,"(-1, 0)","(5, 3)","(-1, 0)",onion,"(3, 3)","(0, 1)",dish,"(4, 2):soup('onion', 3, 20);(4, 3):soup('onion', 3, 20)","(4, 2):soup('onion', 3, 20);(4, 3):soup('onion', 3, 20)",20.0,35.0,5,interact,-0.0029999999999999805,0.0,0.0,-0.0029999999999999805,20.0,35.0,False,"(5, 3)",onion,"(3, 3)",dish,"(4, 2):soup('onion', 3, 20);(4, 3):soup('onion', 3, 20)","(4, 2):soup('onion', 3, 20);(4, 3):soup('onion', 3, 20)"
341,3,"(-1, 0)","(5, 3)","(-1, 0)",onion,"(3, 3)","(0, 1)",dish,"(4, 2):soup('onion', 3, 20);(4, 3):soup('onion', 3, 20)","(4, 2):soup('onion', 3, 20);(4, 3):soup('onion', 3, 20)",20.0,35.0,5,interact,-0.0029999999999999805,0.0,0.0,-0.0029999999999999805,20.0,35.0,False,"(5, 3)",onion,"(3, 3)",dish,"(4, 2):soup('onion', 3, 20);(4, 3):soup('onion', 3, 20)","(4, 2):soup('onion', 3, 20);(4, 3):soup('onion', 3, 20)"
342,3,"(-1, 0)","(5, 3)","(-1, 0)",onion,"(3, 3)","(0, 1)",dish,"(4, 2):soup('onion', 3, 20);(4, 3):soup('onion', 3, 20)","(4, 2):soup('onion', 3, 20);(4, 3):soup('onion', 3, 20)",20.0,35.0,5,interact,-0.0029999999999999805,0.0,0.0,-0.0029999999999999805,20.0,35.0,False,"(5, 3)",onion,"(3, 3)",dish,"(4, 2):soup('onion', 3, 20);(4, 3):soup('onion', 3, 20)","(4, 2):soup('onion', 3, 20);(4, 3):soup('onion', 3, 20)"
343,3,"(-1, 0)","(5, 3)","(-1, 0)",onion,"(3, 3)","(0, 1)",dish,"(4, 2):soup('onion', 3, 20);(4, 3):soup('onion', 3, 20)","(4, 2):soup('onion', 3, 20);(4, 3):soup('onion', 3, 20)",20.0,35.0,5,interact,-0.0029999999999999805,0.0,0.0,-0.0029999999999999805,20.0,35.0,False,"(5, 3)",onion,"(3, 3)",dish,"(4, 2):soup('onion', 3, 20);(4, 3):soup('onion', 3, 20)","(4, 2):soup('onion', 3, 20);(4, 3):soup('onion', 3, 20)"
344,3,"(-1, 0)","(5, 3)","(-1, 0)",onion,"(3, 3)","(0, 1)",dish,"(4, 2):soup('onion', 3, 20);(4, 3):soup('onion', 3, 20)","(4, 2):soup('onion', 3, 20);(4, 3):soup('onion', 3, 20)",20.0,35.0,5,interact,-0.0029999999999999805,0.0,0.0,-0.0029999999999999805,20.0,35.0,False,"(5, 3)",onion,"(3, 3)",dish,"(4, 2):soup('onion', 3, 20);(4, 3):soup('onion', 3, 20)","(4, 2):soup('onion', 3, 20);(4, 3):soup('onion', 3, 20)"
345,3,"(-1, 0)","(5, 3)","(-1, 0)",onion,"(3, 3)","(0, 1)",dish,"(4, 2):soup('onion', 3, 20);(4, 3):soup('onion', 3, 20)","(4, 2):soup('onion', 3, 20);(4, 3):soup('onion', 3, 20)",20.0,35.0,5,interact,-0.0029999999999999805,0.0,0.0,-0.0029999999999999805,20.0,35.0,False,"(5, 3)",onion,"(3, 3)",dish,"(4, 2):soup('onion', 3, 20);(4, 3):soup('onion', 3, 20)","(4, 2):soup('onion', 3, 20);(4, 3):soup('onion', 3, 20)"
346,3,"(-1, 0)","(5, 3)","(-1, 0)",onion,"(3, 3)","(0, 1)",dish,"(4, 2):soup('onion', 3, 20);(4, 3):soup('onion', 3, 20)","(4, 2):soup('onion', 3, 20);(4, 3):soup('onion', 3, 20)",20.0,35.0,5,interact,-0.0029999999999999805,0.0,0.0,-0.0029999999999999805,20.0,35.0,False,"(5, 3)",onion,"(3, 3)",dish,"(4, 2):soup('onion', 3, 20);(4, 3):soup('onion', 3, 20)","(4, 2):soup('onion', 3, 20);(4, 3):soup('onion', 3, 20)"
347,3,"(-1, 0)","(5, 3)","(-1, 0)",onion,"(3, 3)","(0, 1)",dish,"(4, 2):soup('onion', 3, 20);(4, 3):soup('onion', 3, 20)","(4, 2):soup('onion', 3, 20);(4, 3):soup('onion', 3, 20)",20.0,35.0,5,interact,-0.0029999999999999805,0.0,0.0,-0.0029999999999999805,20.0,35.0,False,"(5, 3)",onion,"(3, 3)",dish,"(4, 2):soup('onion', 3, 20);(4, 3):soup('onion', 3, 20)","(4, 2):soup('onion', 3, 20);(4, 3):soup('onion', 3, 20)"
348,3,"(-1, 0)","(5, 3)","(-1, 0)",onion,"(3, 3)","(0, 1)",dish,"(4, 2):soup('onion', 3, 20);(4, 3):soup('onion', 3, 20)","(4, 2):soup('onion', 3, 20);(4, 3):soup('onion', 3, 20)",20.0,35.0,5,interact,-0.0029999999999999805,0.0,0.0,-0.0029999999999999805,20.0,35.0,False,"(5, 3)",onion,"(3, 3)",dish,"(4, 2):soup('onion', 3, 20);(4, 3):soup('onion', 3, 20)","(4, 2):soup('onion', 3, 20);(4, 3):soup('onion', 3, 20)"
349,3,"(-1, 0)","(5, 3)","(-1, 0)",onion,"(3, 3)","(0, 1)",dish,"(4, 2):soup('onion', 3, 20);(4, 3):soup('onion', 3, 20)","(4, 2):soup('onion', 3, 20);(4, 3):soup('onion', 3, 20)",20.0,35.0,5,interact,-0.0029999999999999805,0.0,0.0,-0.0029999999999999805,20.0,35.0,False,"(5, 3)",onion,"(3, 3)",dish,"(4, 2):soup('onion', 3, 20);(4, 3):soup('onion', 3, 20)","(4, 2):soup('onion', 3, 20);(4, 3):soup('onion', 3, 20)"
350,3,"(-1, 0)","(5, 3)","(-1, 0)",onion,"(3, 3)","(0, 1)",dish,"(4, 2):soup('onion', 3, 20);(4, 3):soup('onion', 3, 20)","(4, 2):soup('onion', 3, 20);(4, 3):soup('onion', 3, 20)",20.0,35.0,5,interact,-0.0029999999999999805,0.0,0.0,-0.0029999999999999805,20.0,35.0,False,"(5, 3)",onion,"(3, 3)",dish,"(4, 2):soup('onion', 3, 20);(4, 3):soup('onion', 3, 20)","(4, 2):soup('onion', 3, 20);(4, 3):soup('onion', 3, 20)"
351,3,"(-1, 0)","(5, 3)","(-1, 0)",onion,"(3, 3)","(0, 1)",dish,"(4, 2):soup('onion', 3, 20);(4, 3):soup('onion', 3, 20)","(4, 2):soup('onion', 3, 20);(4, 3):soup('onion', 3, 20)",20.0,35.0,5,interact,-0.0029999999999999805,0.0,0.0,-0.0029999999999999805,20.0,35.0,False,"(5, 3)",onion,"(3, 3)",dish,"(4, 2):soup('onion', 3, 20);(4, 3):soup('onion', 3, 20)","(4, 2):soup('onion', 3, 20);(4, 3):soup('onion', 3, 20)"
352,3,"(-1, 0)","(5, 3)","(-1, 0)",onion,"(3, 3)","(0, 1)",dish,"(4, 2):soup('onion', 3, 20);(4, 3):soup('onion', 3, 20)","(4, 2):soup('onion', 3, 20);(4, 3):soup('onion', 3, 20)",20.0,35.0,5,interact,-0.0029999999999999805,0.0,0.0,-0.0029999999999999805,20.0,35.0,False,"(5, 3)",onion,"(3, 3)",dish,"(4, 2):soup('onion', 3, 20);(4, 3):soup('onion', 3, 20)","(4, 2):soup('onion', 3, 20);(4, 3):soup('onion', 3, 20)"
353,3,"(-1, 0)","(5, 3)","(-1, 0)",onion,"(3, 3)","(0, 1)",dish,"(4, 2):soup('onion', 3, 20);(4, 3):soup('onion', 3, 20)","(4, 2):soup('onion', 3, 20);(4, 3):soup('onion', 3, 20)",20.0,35.0,5,interact,-0.0029999999999999805,0.0,0.0,-0.0029999999999999805,20.0,35.0,False,"(5, 3)",onion,"(3, 3)",dish,"(4, 2):soup('onion', 3, 20);(4, 3):soup('onion', 3, 20)","(4, 2):soup('onion', 3, 20);(4, 3):soup('onion', 3, 20)"
354,3,"(-1, 0)","(5, 3)","(-1, 0)",onion,"(3, 3)","(0, 1)",dish,"(4, 2):soup('onion', 3, 20);(4, 3):soup('onion', 3, 20)","(4, 2):soup('onion', 3, 20);(4, 3):soup('onion', 3, 20)",20.0,35.0,5,interact,-0.0029999999999999805,0.0,0.0,-0.0029999999999999805,20.0,35.0,False,"(5, 3)",onion,"(3, 3)",dish,"(4, 2):soup('onion', 3, 20);(4, 3):soup('onion', 3, 20)","(4, 2):soup('onion', 3, 20);(4, 3):soup('onion', 3, 20)"
355,3,"(-1, 0)","(5, 3)","(-1, 0)",onion,"(3, 3)","(0, 1)",dish,"(4, 2):soup('onion', 3, 20);(4, 3):soup('onion', 3, 20)","(4, 2):soup('onion', 3, 20);(4, 3):soup('onion', 3, 20)",20.0,35.0,5,interact,-0.0029999999999999805,0.0,0.0,-0.0029999999999999805,20.0,35.0,False,"(5, 3)",onion,"(3, 3)",dish,"(4, 2):soup('onion', 3, 20);(4, 3):soup('onion', 3, 20)","(4, 2):soup('onion', 3, 20);(4, 3):soup('onion', 3, 20)"
356,3,"(-1, 0)","(5, 3)","(-1, 0)",onion,"(3, 3)","(0, 1)",dish,"(4, 2):soup('onion', 3, 20);(4, 3):soup('onion', 3, 20)","(4, 2):soup('onion', 3, 20);(4, 3):soup('onion', 3, 20)",20.0,35.0,5,interact,-0.0029999999999999805,0.0,0.0,-0.0029999999999999805,20.0,35.0,False,"(5, 3)",onion,"(3, 3)",dish,"(4, 2):soup('onion', 3, 20);(4, 3):soup('onion', 3, 20)","(4, 2):soup('onion', 3, 20);(4, 3):soup('onion', 3, 20)"
357,3,"(-1, 0)","(5, 3)","(-1, 0)",onion,"(3, 3)","(0, 1)",dish,"(4, 2):soup('onion', 3, 20);(4, 3):soup('onion', 3, 20)","(4, 2):soup('onion', 3, 20);(4, 3):soup('onion', 3, 20)",20.0,35.0,5,interact,-0.0029999999999999805,0.0,0.0,-0.0029999999999999805,20.0,35.0,False,"(5, 3)",onion,"(3, 3)",dish,"(4, 2):soup('onion', 3, 20);(4, 3):soup('onion', 3, 20)","(4, 2):soup('onion', 3, 20);(4, 3):soup('onion', 3, 20)"
358,3,"(-1, 0)","(5, 3)","(-1, 0)",onion,"(3, 3)","(0, 1)",dish,"(4, 2):soup('onion', 3, 20);(4, 3):soup('onion', 3, 20)","(4, 2):soup('onion', 3, 20);(4, 3):soup('onion', 3, 20)",20.0,35.0,5,interact,-0.0029999999999999805,0.0,0.0,-0.0029999999999999805,20.0,35.0,False,"(5, 3)",onion,"(3, 3)",dish,"(4, 2):soup('onion', 3, 20);(4, 3):soup('onion', 3, 20)","(4, 2):soup('onion', 3, 20);(4, 3):soup('onion', 3, 20)"
359,3,"(-1, 0)","(5, 3)","(-1, 0)",onion,"(3, 3)","(0, 1)",dish,"(4, 2):soup('onion', 3, 20);(4, 3):soup('onion', 3, 20)","(4, 2):soup('onion', 3, 20);(4, 3):soup('onion', 3, 20)",20.0,35.0,5,interact,-0.0029999999999999805,0.0,0.0,-0.0029999999999999805,20.0,35.0,False,"(5, 3)",onion,"(3, 3)",dish,"(4, 2):soup('onion', 3, 20);(4, 3):soup('onion', 3, 20)","(4, 2):soup('onion', 3, 20);(4, 3):soup('onion', 3, 20)"
360,3,"(-1, 0)","(5, 3)","(-1, 0)",onion,"(3, 3)","(0, 1)",dish,"(4, 2):soup('onion', 3, 20);(4, 3):soup('onion', 3, 20)","(4, 2):soup('onion', 3, 20);(4, 3):soup('onion', 3, 20)",20.0,35.0,5,interact,-0.0029999999999999805,0.0,0.0,-0.0029999999999999805,20.0,35.0,False,"(5, 3)",onion,"(3, 3)",dish,"(4, 2):soup('onion', 3, 20);(4, 3):soup('onion', 3, 20)","(4, 2):soup('onion', 3, 20);(4, 3):soup('onion', 3, 20)"
361,3,"(-1, 0)","(5, 3)","(-1, 0)",onion,"(3, 3)","(0, 1)",dish,"(4, 2):soup('onion', 3, 20);(4, 3):soup('onion', 3, 20)","(4, 2):soup('onion', 3, 20);(4, 3):soup('onion', 3, 20)",20.0,35.0,5,interact,-0.0029999999999999805,0.0,0.0,-0.0029999999999999805,20.0,35.0,False,"(5, 3)",onion,"(3, 3)",dish,"(4, 2):soup('onion', 3, 20);(4, 3):soup('onion', 3, 20)","(4, 2):soup('onion', 3, 20);(4, 3):soup('onion', 3, 20)"
362,3,"(-1, 0)","(5, 3)","(-1, 0)",onion,"(3, 3)","(0, 1)",dish,"(4, 2):soup('onion', 3, 20);(4, 3):soup('onion', 3, 20)","(4, 2):soup('onion', 3, 20);(4, 3):soup('onion', 3, 20)",20.0,35.0,5,interact,-0.0029999999999999805,0.0,0.0,-0.0029999999999999805,20.0,35.0,False,"(5, 3)",onion,"(3, 3)",dish,"(4, 2):soup('onion', 3, 20);(4, 3):soup('onion', 3, 20)","(4, 2):soup('onion', 3, 20);(4, 3):soup('onion', 3, 20)"
363,3,"(-1, 0)","(5, 3)","(-1, 0)",onion,"(3, 3)","(0, 1)",dish,"(4, 2):soup('onion', 3, 20);(4, 3):soup('onion', 3, 20)","(4, 2):soup('onion', 3, 20);(4, 3):soup('onion', 3, 20)",20.0,35.0,5,interact,-0.0029999999999999805,0.0,0.0,-0.0029999999999999805,20.0,35.0,False,"(5, 3)",onion,"(3, 3)",dish,"(4, 2):soup('onion', 3, 20);(4, 3):soup('onion', 3, 20)","(4, 2):soup('onion', 3, 20);(4, 3):soup('onion', 3, 20)"
364,3,"(-1, 0)","(5, 3)","(-1, 0)",onion,"(3, 3)","(0, 1)",dish,"(4, 2):soup('onion', 3, 20);(4, 3):soup('onion', 3, 20)","(4, 2):soup('onion', 3, 20);(4, 3):soup('onion', 3, 20)",20.0,35.0,5,interact,-0.0029999999999999805,0.0,0.0,-0.0029999999999999805,20.0,35.0,False,"(5, 3)",onion,"(3, 3)",dish,"(4, 2):soup('onion', 3, 20);(4, 3):soup('onion', 3, 20)","(4, 2):soup('onion', 3, 20);(4, 3):soup('onion', 3, 20)"
365,3,"(-1, 0)","(5, 3)","(-1, 0)",onion,"(3, 3)","(0, 1)",dish,"(4, 2):soup('onion', 3, 20);(4, 3):soup('onion', 3, 20)","(4, 2):soup('onion', 3, 20);(4, 3):soup('onion', 3, 20)",20.0,35.0,5,interact,-0.0029999999999999805,0.0,0.0,-0.0029999999999999805,20.0,35.0,False,"(5, 3)",onion,"(3, 3)",dish,"(4, 2):soup('onion', 3, 20);(4, 3):soup('onion', 3, 20)","(4, 2):soup('onion', 3, 20);(4, 3):soup('onion', 3, 20)"
366,3,"(-1, 0)","(5, 3)","(-1, 0)",onion,"(3, 3)","(0, 1)",dish,"(4, 2):soup('onion', 3, 20);(4, 3):soup('onion', 3, 20)","(4, 2):soup('onion', 3, 20);(4, 3):soup('onion', 3, 20)",20.0,35.0,5,interact,-0.0029999999999999805,0.0,0.0,-0.0029999999999999805,20.0,35.0,False,"(5, 3)",onion,"(3, 3)",dish,"(4, 2):soup('onion', 3, 20);(4, 3):soup('onion', 3, 20)","(4, 2):soup('onion', 3, 20);(4, 3):soup('onion', 3, 20)"
367,3,"(-1, 0)","(5, 3)","(-1, 0)",onion,"(3, 3)","(0, 1)",dish,"(4, 2):soup('onion', 3, 20);(4, 3):soup('onion', 3, 20)","(4, 2):soup('onion', 3, 20);(4, 3):soup('onion', 3, 20)",20.0,35.0,5,interact,-0.0029999999999999805,0.0,0.0,-0.0029999999999999805,20.0,35.0,False,"(5, 3)",onion,"(3, 3)",dish,"(4, 2):soup('onion', 3, 20);(4, 3):soup('onion', 3, 20)","(4, 2):soup('onion', 3, 20);(4, 3):soup('onion', 3, 20)"
368,3,"(-1, 0)","(5, 3)","(-1, 0)",onion,"(3, 3)","(0, 1)",dish,"(4, 2):soup('onion', 3, 20);(4, 3):soup('onion', 3, 20)","(4, 2):soup('onion', 3, 20);(4, 3):soup('onion', 3, 20)",20.0,35.0,5,interact,-0.0029999999999999805,0.0,0.0,-0.0029999999999999805,20.0,35.0,False,"(5, 3)",onion,"(3, 3)",dish,"(4, 2):soup('onion', 3, 20);(4, 3):soup('onion', 3, 20)","(4, 2):soup('onion', 3, 20);(4, 3):soup('onion', 3, 20)"
369,3,"(-1, 0)","(5, 3)","(-1, 0)",onion,"(3, 3)","(0, 1)",dish,"(4, 2):soup('onion', 3, 20);(4, 3):soup('onion', 3, 20)","(4, 2):soup('onion', 3, 20);(4, 3):soup('onion', 3, 20)",20.0,35.0,5,interact,-0.0029999999999999805,0.0,0.0,-0.0029999999999999805,20.0,35.0,False,"(5, 3)",onion,"(3, 3)",dish,"(4, 2):soup('onion', 3, 20);(4, 3):soup('onion', 3, 20)","(4, 2):soup('onion', 3, 20);(4, 3):soup('onion', 3, 20)"
370,3,"(-1, 0)","(5, 3)","(-1, 0)",onion,"(3, 3)","(0, 1)",dish,"(4, 2):soup('onion', 3, 20);(4, 3):soup('onion', 3, 20)","(4, 2):soup('onion', 3, 20);(4, 3):soup('onion', 3, 20)",20.0,35.0,5,interact,-0.0029999999999999805,0.0,0.0,-0.0029999999999999805,20.0,35.0,False,"(5, 3)",onion,"(3, 3)",dish,"(4, 2):soup('onion', 3, 20);(4, 3):soup('onion', 3, 20)","(4, 2):soup('onion', 3, 20);(4, 3):soup('onion', 3, 20)"
371,3,"(-1, 0)","(5, 3)","(-1, 0)",onion,"(3, 3)","(0, 1)",dish,"(4, 2):soup('onion', 3, 20);(4, 3):soup('onion', 3, 20)","(4, 2):soup('onion', 3, 20);(4, 3):soup('onion', 3, 20)",20.0,35.0,5,interact,-0.0029999999999999805,0.0,0.0,-0.0029999999999999805,20.0,35.0,False,"(5, 3)",onion,"(3, 3)",dish,"(4, 2):soup('onion', 3, 20);(4, 3):soup('onion', 3, 20)","(4, 2):soup('onion', 3, 20);(4, 3):soup('onion', 3, 20)"
372,3,"(-1, 0)","(5, 3)","(-1, 0)",onion,"(3, 3)","(0, 1)",dish,"(4, 2):soup('onion', 3, 20);(4, 3):soup('onion', 3, 20)","(4, 2):soup('onion', 3, 20);(4, 3):soup('onion', 3, 20)",20.0,35.0,5,interact,-0.0029999999999999805,0.0,0.0,-0.0029999999999999805,20.0,35.0,False,"(5, 3)",onion,"(3, 3)",dish,"(4, 2):soup('onion', 3, 20);(4, 3):soup('onion', 3, 20)","(4, 2):soup('onion', 3, 20);(4, 3):soup('onion', 3, 20)"
373,3,"(-1, 0)","(5, 3)","(-1, 0)",onion,"(3, 3)","(0, 1)",dish,"(4, 2):soup('onion', 3, 20);(4, 3):soup('onion', 3, 20)","(4, 2):soup('onion', 3, 20);(4, 3):soup('onion', 3, 20)",20.0,35.0,5,interact,-0.0029999999999999805,0.0,0.0,-0.0029999999999999805,20.0,35.0,False,"(5, 3)",onion,"(3, 3)",dish,"(4, 2):soup('onion', 3, 20);(4, 3):soup('onion', 3, 20)","(4, 2):soup('onion', 3, 20);(4, 3):soup('onion', 3, 20)"
374,3,"(-1, 0)","(5, 3)","(-1, 0)",onion,"(3, 3)","(0, 1)",dish,"(4, 2):soup('onion', 3, 20);(4, 3):soup('onion', 3, 20)","(4, 2):soup('onion', 3, 20);(4, 3):soup('onion', 3, 20)",20.0,35.0,5,interact,-0.0029999999999999805,0.0,0.0,-0.0029999999999999805,20.0,35.0,False,"(5, 3)",onion,"(3, 3)",dish,"(4, 2):soup('onion', 3, 20);(4, 3):soup('onion', 3, 20)","(4, 2):soup('onion', 3, 20);(4, 3):soup('onion', 3, 20)"
375,3,"(-1, 0)","(5, 3)","(-1, 0)",onion,"(3, 3)","(0, 1)",dish,"(4, 2):soup('onion', 3, 20);(4, 3):soup('onion', 3, 20)","(4, 2):soup('onion', 3, 20);(4, 3):soup('onion', 3, 20)",20.0,35.0,5,interact,-0.0029999999999999805,0.0,0.0,-0.0029999999999999805,20.0,35.0,False,"(5, 3)",onion,"(3, 3)",dish,"(4, 2):soup('onion', 3, 20);(4, 3):soup('onion', 3, 20)","(4, 2):soup('onion', 3, 20);(4, 3):soup('onion', 3, 20)"
376,3,"(-1, 0)","(5, 3)","(-1, 0)",onion,"(3, 3)","(0, 1)",dish,"(4, 2):soup('onion', 3, 20);(4, 3):soup('onion', 3, 20)","(4, 2):soup('onion', 3, 20);(4, 3):soup('onion', 3, 20)",20.0,35.0,5,interact,-0.0029999999999999805,0.0,0.0,-0.0029999999999999805,20.0,35.0,False,"(5, 3)",onion,"(3, 3)",dish,"(4, 2):soup('onion', 3, 20);(4, 3):soup('onion', 3, 20)","(4, 2):soup('onion', 3, 20);(4, 3):soup('onion', 3, 20)"
377,3,"(-1, 0)","(5, 3)","(-1, 0)",onion,"(3, 3)","(0, 1)",dish,"(4, 2):soup('onion', 3, 20);(4, 3):soup('onion', 3, 20)","(4, 2):soup('onion', 3, 20);(4, 3):soup('onion', 3, 20)",20.0,35.0,5,interact,-0.0029999999999999805,0.0,0.0,-0.0029999999999999805,20.0,35.0,False,"(5, 3)",onion,"(3, 3)",dish,"(4, 2):soup('onion', 3, 20);(4, 3):soup('onion', 3, 20)","(4, 2):soup('onion', 3, 20);(4, 3):soup('onion', 3, 20)"
378,3,"(-1, 0)","(5, 3)","(-1, 0)",onion,"(3, 3)","(0, 1)",dish,"(4, 2):soup('onion', 3, 20);(4, 3):soup('onion', 3, 20)","(4, 2):soup('onion', 3, 20);(4, 3):soup('onion', 3, 20)",20.0,35.0,5,interact,-0.0029999999999999805,0.0,0.0,-0.0029999999999999805,20.0,35.0,False,"(5, 3)",onion,"(3, 3)",dish,"(4, 2):soup('onion', 3, 20);(4, 3):soup('onion', 3, 20)","(4, 2):soup('onion', 3, 20);(4, 3):soup('onion', 3, 20)"
379,3,"(-1, 0)","(5, 3)","(-1, 0)",onion,"(3, 3)","(0, 1)",dish,"(4, 2):soup('onion', 3, 20);(4, 3):soup('onion', 3, 20)","(4, 2):soup('onion', 3, 20);(4, 3):soup('onion', 3, 20)",20.0,35.0,5,interact,-0.0029999999999999805,0.0,0.0,-0.0029999999999999805,20.0,35.0,False,"(5, 3)",onion,"(3, 3)",dish,"(4, 2):soup('onion', 3, 20);(4, 3):soup('onion', 3, 20)","(4, 2):soup('onion', 3, 20);(4, 3):soup('onion', 3, 20)"
380,3,"(-1, 0)","(5, 3)","(-1, 0)",onion,"(3, 3)","(0, 1)",dish,"(4, 2):soup('onion', 3, 20);(4, 3):soup('onion', 3, 20)","(4, 2):soup('onion', 3, 20);(4, 3):soup('onion', 3, 20)",20.0,35.0,5,interact,-0.0029999999999999805,0.0,0.0,-0.0029999999999999805,20.0,35.0,False,"(5, 3)",onion,"(3, 3)",dish,"(4, 2):soup('onion', 3, 20);(4, 3):soup('onion', 3, 20)","(4, 2):soup('onion', 3, 20);(4, 3):soup('onion', 3, 20)"
381,3,"(-1, 0)","(5, 3)","(-1, 0)",onion,"(3, 3)","(0, 1)",dish,"(4, 2):soup('onion', 3, 20);(4, 3):soup('onion', 3, 20)","(4, 2):soup('onion', 3, 20);(4, 3):soup('onion', 3, 20)",20.0,35.0,5,interact,-0.0029999999999999805,0.0,0.0,-0.0029999999999999805,20.0,35.0,False,"(5, 3)",onion,"(3, 3)",dish,"(4, 2):soup('onion', 3, 20);(4, 3):soup('onion', 3, 20)","(4, 2):soup('onion', 3, 20);(4, 3):soup('onion', 3, 20)"
382,3,"(-1, 0)","(5, 3)","(-1, 0)",onion,"(3, 3)","(0, 1)",dish,"(4, 2):soup('onion', 3, 20);(4, 3):soup('onion', 3, 20)","(4, 2):soup('onion', 3, 20);(4, 3):soup('onion', 3, 20)",20.0,35.0,5,interact,-0.0029999999999999805,0.0,0.0,-0.0029999999999999805,20.0,35.0,False,"(5, 3)",onion,"(3, 3)",dish,"(4, 2):soup('onion', 3, 20);(4, 3):soup('onion', 3, 20)","(4, 2):soup('onion', 3, 20);(4, 3):soup('onion', 3, 20)"
383,3,"(-1, 0)","(5, 3)","(-1, 0)",onion,"(3, 3)","(0, 1)",dish,"(4, 2):soup('onion', 3, 20);(4, 3):soup('onion', 3, 20)","(4, 2):soup('onion', 3, 20);(4, 3):soup('onion', 3, 20)",20.0,35.0,5,interact,-0.0029999999999999805,0.0,0.0,-0.0029999999999999805,20.0,35.0,False,"(5, 3)",onion,"(3, 3)",dish,"(4, 2):soup('onion', 3, 20);(4, 3):soup('onion', 3, 20)","(4, 2):soup('onion', 3, 20);(4, 3):soup('onion', 3, 20)"
384,3,"(-1, 0)","(5, 3)","(-1, 0)",onion,"(3, 3)","(0, 1)",dish,"(4, 2):soup('onion', 3, 20);(4, 3):soup('onion', 3, 20)","(4, 2):soup('onion', 3, 20);(4, 3):soup('onion', 3, 20)",20.0,35.0,5,interact,-0.0029999999999999805,0.0,0.0,-0.0029999999999999805,20.0,35.0,False,"(5, 3)",onion,"(3, 3)",dish,"(4, 2):soup('onion', 3, 20);(4, 3):soup('onion', 3, 20)","(4, 2):soup('onion', 3, 20);(4, 3):soup('onion', 3, 20)"
385,3,"(-1, 0)","(5, 3)","(-1, 0)",onion,"(3, 3)","(0, 1)",dish,"(4, 2):soup('onion', 3, 20);(4, 3):soup('onion', 3, 20)","(4, 2):soup('onion', 3, 20);(4, 3):soup('onion', 3, 20)",20.0,35.0,5,interact,-0.0029999999999999805,0.0,0.0,-0.0029999999999999805,20.0,35.0,False,"(5, 3)",onion,"(3, 3)",dish,"(4, 2):soup('onion', 3, 20);(4, 3):soup('onion', 3, 20)","(4, 2):soup('onion', 3, 20);(4, 3):soup('onion', 3, 20)"
386,3,"(-1, 0)","(5, 3)","(-1, 0)",onion,"(3, 3)","(0, 1)",dish,"(4, 2):soup('onion', 3, 20);(4, 3):soup('onion', 3, 20)","(4, 2):soup('onion', 3, 20);(4, 3):soup('onion', 3, 20)",20.0,35.0,5,interact,-0.0029999999999999805,0.0,0.0,-0.0029999999999999805,20.0,35.0,False,"(5, 3)",onion,"(3, 3)",dish,"(4, 2):soup('onion', 3, 20);(4, 3):soup('onion', 3, 20)","(4, 2):soup('onion', 3, 20);(4, 3):soup('onion', 3, 20)"
387,3,"(-1, 0)","(5, 3)","(-1, 0)",onion,"(3, 3)","(0, 1)",dish,"(4, 2):soup('onion', 3, 20);(4, 3):soup('onion', 3, 20)","(4, 2):soup('onion', 3, 20);(4, 3):soup('onion', 3, 20)",20.0,35.0,5,interact,-0.0029999999999999805,0.0,0.0,-0.0029999999999999805,20.0,35.0,False,"(5, 3)",onion,"(3, 3)",dish,"(4, 2):soup('onion', 3, 20);(4, 3):soup('onion', 3, 20)","(4, 2):soup('onion', 3, 20);(4, 3):soup('onion', 3, 20)"
388,3,"(-1, 0)","(5, 3)","(-1, 0)",onion,"(3, 3)","(0, 1)",dish,"(4, 2):soup('onion', 3, 20);(4, 3):soup('onion', 3, 20)","(4, 2):soup('onion', 3, 20);(4, 3):soup('onion', 3, 20)",20.0,35.0,5,interact,-0.0029999999999999805,0.0,0.0,-0.0029999999999999805,20.0,35.0,False,"(5, 3)",onion,"(3, 3)",dish,"(4, 2):soup('onion', 3, 20);(4, 3):soup('onion', 3, 20)","(4, 2):soup('onion', 3, 20);(4, 3):soup('onion', 3, 20)"
389,3,"(-1, 0)","(5, 3)","(-1, 0)",onion,"(3, 3)","(0, 1)",dish,"(4, 2):soup('onion', 3, 20);(4, 3):soup('onion', 3, 20)","(4, 2):soup('onion', 3, 20);(4, 3):soup('onion', 3, 20)",20.0,35.0,5,interact,-0.0029999999999999805,0.0,0.0,-0.0029999999999999805,20.0,35.0,False,"(5, 3)",onion,"(3, 3)",dish,"(4, 2):soup('onion', 3, 20);(4, 3):soup('onion', 3, 20)","(4, 2):soup('onion', 3, 20);(4, 3):soup('onion', 3, 20)"
390,3,"(-1, 0)","(5, 3)","(-1, 0)",onion,"(3, 3)","(0, 1)",dish,"(4, 2):soup('onion', 3, 20);(4, 3):soup('onion', 3, 20)","(4, 2):soup('onion', 3, 20);(4, 3):soup('onion', 3, 20)",20.0,35.0,5,interact,-0.0029999999999999805,0.0,0.0,-0.0029999999999999805,20.0,35.0,False,"(5, 3)",onion,"(3, 3)",dish,"(4, 2):soup('onion', 3, 20);(4, 3):soup('onion', 3, 20)","(4, 2):soup('onion', 3, 20);(4, 3):soup('onion', 3, 20)"
391,3,"(-1, 0)","(5, 3)","(-1, 0)",onion,"(3, 3)","(0, 1)",dish,"(4, 2):soup('onion', 3, 20);(4, 3):soup('onion', 3, 20)","(4, 2):soup('onion', 3, 20);(4, 3):soup('onion', 3, 20)",20.0,35.0,5,interact,-0.0029999999999999805,0.0,0.0,-0.0029999999999999805,20.0,35.0,False,"(5, 3)",onion,"(3, 3)",dish,"(4, 2):soup('onion', 3, 20);(4, 3):soup('onion', 3, 20)","(4, 2):soup('onion', 3, 20);(4, 3):soup('onion', 3, 20)"
392,3,"(-1, 0)","(5, 3)","(-1, 0)",onion,"(3, 3)","(0, 1)",dish,"(4, 2):soup('onion', 3, 20);(4, 3):soup('onion', 3, 20)","(4, 2):soup('onion', 3, 20);(4, 3):soup('onion', 3, 20)",20.0,35.0,5,interact,-0.0029999999999999805,0.0,0.0,-0.0029999999999999805,20.0,35.0,False,"(5, 3)",onion,"(3, 3)",dish,"(4, 2):soup('onion', 3, 20);(4, 3):soup('onion', 3, 20)","(4, 2):soup('onion', 3, 20);(4, 3):soup('onion', 3, 20)"
393,3,"(-1, 0)","(5, 3)","(-1, 0)",onion,"(3, 3)","(0, 1)",dish,"(4, 2):soup('onion', 3, 20);(4, 3):soup('onion', 3, 20)","(4, 2):soup('onion', 3, 20);(4, 3):soup('onion', 3, 20)",20.0,35.0,5,interact,-0.0029999999999999805,0.0,0.0,-0.0029999999999999805,20.0,35.0,False,"(5, 3)",onion,"(3, 3)",dish,"(4, 2):soup('onion', 3, 20);(4, 3):soup('onion', 3, 20)","(4, 2):soup('onion', 3, 20);(4, 3):soup('onion', 3, 20)"
394,3,"(-1, 0)","(5, 3)","(-1, 0)",onion,"(3, 3)","(0, 1)",dish,"(4, 2):soup('onion', 3, 20);(4, 3):soup('onion', 3, 20)","(4, 2):soup('onion', 3, 20);(4, 3):soup('onion', 3, 20)",20.0,35.0,5,interact,-0.0029999999999999805,0.0,0.0,-0.0029999999999999805,20.0,35.0,False,"(5, 3)",onion,"(3, 3)",dish,"(4, 2):soup('onion', 3, 20);(4, 3):soup('onion', 3, 20)","(4, 2):soup('onion', 3, 20);(4, 3):soup('onion', 3, 20)"
395,3,"(-1, 0)","(5, 3)","(-1, 0)",onion,"(3, 3)","(0, 1)",dish,"(4, 2):soup('onion', 3, 20);(4, 3):soup('onion', 3, 20)","(4, 2):soup('onion', 3, 20);(4, 3):soup('onion', 3, 20)",20.0,35.0,5,interact,-0.0029999999999999805,0.0,0.0,-0.0029999999999999805,20.0,35.0,False,"(5, 3)",onion,"(3, 3)",dish,"(4, 2):soup('onion', 3, 20);(4, 3):soup('onion', 3, 20)","(4, 2):soup('onion', 3, 20);(4, 3):soup('onion', 3, 20)"
396,3,"(-1, 0)","(5, 3)","(-1, 0)",onion,"(3, 3)","(0, 1)",dish,"(4, 2):soup('onion', 3, 20);(4, 3):soup('onion', 3, 20)","(4, 2):soup('onion', 3, 20);(4, 3):soup('onion', 3, 20)",20.0,35.0,5,interact,-0.0029999999999999805,0.0,0.0,-0.0029999999999999805,20.0,35.0,False,"(5, 3)",onion,"(3, 3)",dish,"(4, 2):soup('onion', 3, 20);(4, 3):soup('onion', 3, 20)","(4, 2):soup('onion', 3, 20);(4, 3):soup('onion', 3, 20)"
397,3,"(-1, 0)","(5, 3)","(-1, 0)",onion,"(3, 3)","(0, 1)",dish,"(4, 2):soup('onion', 3, 20);(4, 3):soup('onion', 3, 20)","(4, 2):soup('onion', 3, 20);(4, 3):soup('onion', 3, 20)",20.0,35.0,5,interact,-0.0029999999999999805,0.0,0.0,-0.0029999999999999805,20.0,35.0,False,"(5, 3)",onion,"(3, 3)",dish,"(4, 2):soup('onion', 3, 20);(4, 3):soup('onion', 3, 20)","(4, 2):soup('onion', 3, 20);(4, 3):soup('onion', 3, 20)"
398,3,"(-1, 0)","(5, 3)","(-1, 0)",onion,"(3, 3)","(0, 1)",dish,"(4, 2):soup('onion', 3, 20);(4, 3):soup('onion', 3, 20)","(4, 2):soup('onion', 3, 20);(4, 3):soup('onion', 3, 20)",20.0,35.0,5,interact,-0.0029999999999999805,0.0,0.0,-0.0029999999999999805,20.0,35.0,False,"(5, 3)",onion,"(3, 3)",dish,"(4, 2):soup('onion', 3, 20);(4, 3):soup('onion', 3, 20)","(4, 2):soup('onion', 3, 20);(4, 3):soup('onion', 3, 20)"
399,3,"(-1, 0)","(5, 3)","(-1, 0)",onion,"(3, 3)","(0, 1)",dish,"(4, 2):soup('onion', 3, 20);(4, 3):soup('onion', 3, 20)","(4, 2):soup('onion', 3, 20);(4, 3):soup('onion', 3, 20)",20.0,35.0,5,interact,-0.0029999999999999805,0.0,0.0,-0.0029999999999999805,20.0,35.0,False,"(5, 3)",onion,"(3, 3)",dish,"(4, 2):soup('onion', 3, 20);(4, 3):soup('onion', 3, 20)","(4, 2):soup('onion', 3, 20);(4, 3):soup('onion', 3, 20)"
