step,ego_action_idx,ego_action,p0_pos,p0_orient,p0_held,p1_pos,p1_orient,p1_held,objects_before,pots_before,cum_sparse_before,cum_shaped_before,partner_action_idx,partner_action,reward,sparse_reward,built_in_shaped_reward,custom_shaped_reward,cum_sparse_after,cum_shaped_after,delivery_event,p0_pos_after,p0_held_after,p1_pos_after,p1_held_after,objects_after,pots_after
0,3,"(-1, 0)","(6, 2)","(0, -1)",,"(1, 3)","(0, -1)",,,"(4, 2):empty;(4, 3):empty",0.0,0.0,2,"(1, 0)",0.0,0.0,0.0,0.0,0.0,0.0,False,"(5, 2)",,"(2, 3)",,,"(4, 2):empty;(4, 3):empty"
1,0,"(0, -1)","(5, 2)","(-1, 0)",,"(2, 3)","(1, 0)",,,"(4, 2):empty;(4, 3):empty",0.0,0.0,5,interact,0.0,0.0,0.0,0.0,0.0,0.0,False,"(5, 2)",,"(2, 3)",,,"(4, 2):empty;(4, 3):empty"
2,5,interact,"(5, 2)","(0, -1)",,"(2, 3)","(1, 0)",,,"(4, 2):empty;(4, 3):empty",0.0,0.0,5,interact,0.0,0.0,0.0,0.0,0.0,0.0,False,"(5, 2)",onion,"(2, 3)",,,"(4, 2):empty;(4, 3):empty"
3,3,"(-1, 0)","(5, 2)","(0, -1)",onion,"(2, 3)","(1, 0)",,,"(4, 2):empty;(4, 3):empty",0.0,0.0,5,interact,0.0,0.0,0.0,0.0,0.0,0.0,False,"(5, 2)",onion,"(2, 3)",,,"(4, 2):empty;(4, 3):empty"
4,5,interact,"(5, 2)","(-1, 0)",onion,"(2, 3)","(1, 0)",,,"(4, 2):empty;(4, 3):empty",0.0,0.0,5,interact,3.3564,0.0,3.0,0.3564,0.0,3.0,False,"(5, 2)",,"(2, 3)",,"(4, 2):soup('onion', 1, 0)","(4, 2):soup('onion', 1, 0);(4, 3):empty"
5,0,"(0, -1)","(5, 2)","(-1, 0)",,"(2, 3)","(1, 0)",,"(4, 2):soup('onion', 1, 0)","(4, 2):soup('onion', 1, 0);(4, 3):empty",0.0,3.0,5,interact,-0.003600000000000003,0.0,0.0,-0.003600000000000003,0.0,3.0,False,"(5, 2)",,"(2, 3)",,"(4, 2):soup('onion', 1, 0)","(4, 2):soup('onion', 1, 0);(4, 3):empty"
6,5,interact,"(5, 2)","(0, -1)",,"(2, 3)","(1, 0)",,"(4, 2):soup('onion', 1, 0)","(4, 2):soup('onion', 1, 0);(4, 3):empty",0.0,3.0,5,interact,-0.003600000000000003,0.0,0.0,-0.003600000000000003,0.0,3.0,False,"(5, 2)",onion,"(2, 3)",,"(4, 2):soup('onion', 1, 0)","(4, 2):soup('onion', 1, 0);(4, 3):empty"
7,3,"(-1, 0)","(5, 2)","(0, -1)",onion,"(2, 3)","(1, 0)",,"(4, 2):soup('onion', 1, 0)","(4, 2):soup('onion', 1, 0);(4, 3):empty",0.0,3.0,5,interact,-0.003600000000000003,0.0,0.0,-0.003600000000000003,0.0,3.0,False,"(5, 2)",onion,"(2, 3)",,"(4, 2):soup('onion', 1, 0)","(4, 2):soup('onion', 1, 0);(4, 3):empty"
8,5,interact,"(5, 2)","(-1, 0)",onion,"(2, 3)","(1, 0)",,"(4, 2):soup('onion', 1, 0)","(4, 2):soup('onion', 1, 0);(4, 3):empty",0.0,3.0,5,interact,3.3528,0.0,3.0,0.35279999999999995,0.0,6.0,False,"(5, 2)",,"(2, 3)",,"(4, 2):soup('onion', 2, 0)","(4, 2):soup('onion', 2, 0);(4, 3):empty"
9,0,"(0, -1)","(5, 2)","(-1, 0)",,"(2, 3)","(1, 0)",,"(4, 2):soup('onion', 2, 0)","(4, 2):soup('onion', 2, 0);(4, 3):empty",0.0,6.0,5,interact,-0.007200000000000006,0.0,0.0,-0.007200000000000006,0.0,6.0,False,"(5, 2)",,"(2, 3)",,"(4, 2):soup('onion', 2, 0)","(4, 2):soup('onion', 2, 0);(4, 3):empty"
10,5,interact,"(5, 2)","(0, -1)",,"(2, 3)","(1, 0)",,"(4, 2):soup('onion', 2, 0)","(4, 2):soup('onion', 2, 0);(4, 3):empty",0.0,6.0,5,interact,-0.007200000000000006,0.0,0.0,-0.007200000000000006,0.0,6.0,False,"(5, 2)",onion,"(2, 3)",,"(4, 2):soup('onion', 2, 0)","(4, 2):soup('onion', 2, 0);(4, 3):empty"
11,3,"(-1, 0)","(5, 2)","(0, -1)",onion,"(2, 3)","(1, 0)",,"(4, 2):soup('onion', 2, 0)","(4, 2):soup('onion', 2, 0);(4, 3):empty",0.0,6.0,5,interact,-0.007200000000000006,0.0,0.0,-0.007200000000000006,0.0,6.0,False,"(5, 2)",onion,"(2, 3)",,"(4, 2):soup('onion', 2, 0)","(4, 2):soup('onion', 2, 0);(4, 3):empty"
12,5,interact,"(5, 2)","(-1, 0)",onion,"(2, 3)","(1, 0)",,"(4, 2):soup('onion', 2, 0)","(4, 2):soup('onion', 2, 0);(4, 3):empty",0.0,6.0,5,interact,3.468,0.0,3.0,0.46799999999999997,0.0,9.0,False,"(5, 2)",,"(2, 3)",,"(4, 2):soup('onion', 3, 1)","(4, 2):soup('onion', 3, 1);(4, 3):empty"
13,5,interact,"(5, 2)","(-1, 0)",,"(2, 3)","(1, 0)",,"(4, 2):soup('onion', 3, 1)","(4, 2):soup('onion', 3, 1);(4, 3):empty",0.0,9.0,5,interact,-0.01200000000000001,0.0,0.0,-0.01200000000000001,0.0,9.0,False,"(5, 2)",,"(2, 3)",,"(4, 2):soup('onion', 3, 2)","(4, 2):soup('onion', 3, 2);(4, 3):empty"
14,5,interact,"(5, 2)","(-1, 0)",,"(2, 3)","(1, 0)",,"(4, 2):soup('onion', 3, 2)","(4, 2):soup('onion', 3, 2);(4, 3):empty",0.0,9.0,5,interact,-0.01200000000000001,0.0,0.0,-0.01200000000000001,0.0,9.0,False,"(5, 2)",,"(2, 3)",,"(4, 2):soup('onion', 3, 3)","(4, 2):soup('onion', 3, 3);(4, 3):empty"
15,5,interact,"(5, 2)","(-1, 0)",,"(2, 3)","(1, 0)",,"(4, 2):soup('onion', 3, 3)","(4, 2):soup('onion', 3, 3);(4, 3):empty",0.0,9.0,5,interact,-0.01200000000000001,0.0,0.0,-0.01200000000000001,0.0,9.0,False,"(5, 2)",,"(2, 3)",,"(4, 2):soup('onion', 3, 4)","(4, 2):soup('onion', 3, 4);(4, 3):empty"
16,5,interact,"(5, 2)","(-1, 0)",,"(2, 3)","(1, 0)",,"(4, 2):soup('onion', 3, 4)","(4, 2):soup('onion', 3, 4);(4, 3):empty",0.0,9.0,5,interact,-0.01200000000000001,0.0,0.0,-0.01200000000000001,0.0,9.0,False,"(5, 2)",,"(2, 3)",,"(4, 2):soup('onion', 3, 5)","(4, 2):soup('onion', 3, 5);(4, 3):empty"
17,5,interact,"(5, 2)","(-1, 0)",,"(2, 3)","(1, 0)",,"(4, 2):soup('onion', 3, 5)","(4, 2):soup('onion', 3, 5);(4, 3):empty",0.0,9.0,5,interact,-0.01200000000000001,0.0,0.0,-0.01200000000000001,0.0,9.0,False,"(5, 2)",,"(2, 3)",,"(4, 2):soup('onion', 3, 6)","(4, 2):soup('onion', 3, 6);(4, 3):empty"
18,5,interact,"(5, 2)","(-1, 0)",,"(2, 3)","(1, 0)",,"(4, 2):soup('onion', 3, 6)","(4, 2):soup('onion', 3, 6);(4, 3):empty",0.0,9.0,5,interact,-0.01200000000000001,0.0,0.0,-0.01200000000000001,0.0,9.0,False,"(5, 2)",,"(2, 3)",,"(4, 2):soup('onion', 3, 7)","(4, 2):soup('onion', 3, 7);(4, 3):empty"
19,5,interact,"(5, 2)","(-1, 0)",,"(2, 3)","(1, 0)",,"(4, 2):soup('onion', 3, 7)","(4, 2):soup('onion', 3, 7);(4, 3):empty",0.0,9.0,5,interact,-0.01200000000000001,0.0,0.0,-0.01200000000000001,0.0,9.0,False,"(5, 2)",,"(2, 3)",,"(4, 2):soup('onion', 3, 8)","(4, 2):soup('onion', 3, 8);(4, 3):empty"
20,5,interact,"(5, 2)","(-1, 0)",,"(2, 3)","(1, 0)",,"(4, 2):soup('onion', 3, 8)","(4, 2):soup('onion', 3, 8);(4, 3):empty",0.0,9.0,5,interact,-0.01200000000000001,0.0,0.0,-0.01200000000000001,0.0,9.0,False,"(5, 2)",,"(2, 3)",,"(4, 2):soup('onion', 3, 9)","(4, 2):soup('onion', 3, 9);(4, 3):empty"
21,5,interact,"(5, 2)","(-1, 0)",,"(2, 3)","(1, 0)",,"(4, 2):soup('onion', 3, 9)","(4, 2):soup('onion', 3, 9);(4, 3):empty",0.0,9.0,5,interact,-0.01200000000000001,0.0,0.0,-0.01200000000000001,0.0,9.0,False,"(5, 2)",,"(2, 3)",,"(4, 2):soup('onion', 3, 10)","(4, 2):soup('onion', 3, 10);(4, 3):empty"
22,5,interact,"(5, 2)","(-1, 0)",,"(2, 3)","(1, 0)",,"(4, 2):soup('onion', 3, 10)","(4, 2):soup('onion', 3, 10);(4, 3):empty",0.0,9.0,5,interact,-0.01200000000000001,0.0,0.0,-0.01200000000000001,0.0,9.0,False,"(5, 2)",,"(2, 3)",,"(4, 2):soup('onion', 3, 11)","(4, 2):soup('onion', 3, 11);(4, 3):empty"
23,5,interact,"(5, 2)","(-1, 0)",,"(2, 3)","(1, 0)",,"(4, 2):soup('onion', 3, 11)","(4, 2):soup('onion', 3, 11);(4, 3):empty",0.0,9.0,5,interact,-0.01200000000000001,0.0,0.0,-0.01200000000000001,0.0,9.0,False,"(5, 2)",,"(2, 3)",,"(4, 2):soup('onion', 3, 12)","(4, 2):soup('onion', 3, 12);(4, 3):empty"
24,5,interact,"(5, 2)","(-1, 0)",,"(2, 3)","(1, 0)",,"(4, 2):soup('onion', 3, 12)","(4, 2):soup('onion', 3, 12);(4, 3):empty",0.0,9.0,5,interact,-0.01200000000000001,0.0,0.0,-0.01200000000000001,0.0,9.0,False,"(5, 2)",,"(2, 3)",,"(4, 2):soup('onion', 3, 13)","(4, 2):soup('onion', 3, 13);(4, 3):empty"
25,5,interact,"(5, 2)","(-1, 0)",,"(2, 3)","(1, 0)",,"(4, 2):soup('onion', 3, 13)","(4, 2):soup('onion', 3, 13);(4, 3):empty",0.0,9.0,5,interact,-0.01200000000000001,0.0,0.0,-0.01200000000000001,0.0,9.0,False,"(5, 2)",,"(2, 3)",,"(4, 2):soup('onion', 3, 14)","(4, 2):soup('onion', 3, 14);(4, 3):empty"
26,5,interact,"(5, 2)","(-1, 0)",,"(2, 3)","(1, 0)",,"(4, 2):soup('onion', 3, 14)","(4, 2):soup('onion', 3, 14);(4, 3):empty",0.0,9.0,5,interact,-0.01200000000000001,0.0,0.0,-0.01200000000000001,0.0,9.0,False,"(5, 2)",,"(2, 3)",,"(4, 2):soup('onion', 3, 15)","(4, 2):soup('onion', 3, 15);(4, 3):empty"
27,5,interact,"(5, 2)","(-1, 0)",,"(2, 3)","(1, 0)",,"(4, 2):soup('onion', 3, 15)","(4, 2):soup('onion', 3, 15);(4, 3):empty",0.0,9.0,5,interact,-0.01200000000000001,0.0,0.0,-0.01200000000000001,0.0,9.0,False,"(5, 2)",,"(2, 3)",,"(4, 2):soup('onion', 3, 16)","(4, 2):soup('onion', 3, 16);(4, 3):empty"
28,5,interact,"(5, 2)","(-1, 0)",,"(2, 3)","(1, 0)",,"(4, 2):soup('onion', 3, 16)","(4, 2):soup('onion', 3, 16);(4, 3):empty",0.0,9.0,5,interact,-0.01200000000000001,0.0,0.0,-0.01200000000000001,0.0,9.0,False,"(5, 2)",,"(2, 3)",,"(4, 2):soup('onion', 3, 17)","(4, 2):soup('onion', 3, 17);(4, 3):empty"
29,5,interact,"(5, 2)","(-1, 0)",,"(2, 3)","(1, 0)",,"(4, 2):soup('onion', 3, 17)","(4, 2):soup('onion', 3, 17);(4, 3):empty",0.0,9.0,5,interact,-0.01200000000000001,0.0,0.0,-0.01200000000000001,0.0,9.0,False,"(5, 2)",,"(2, 3)",,"(4, 2):soup('onion', 3, 18)","(4, 2):soup('onion', 3, 18);(4, 3):empty"
30,5,interact,"(5, 2)","(-1, 0)",,"(2, 3)","(1, 0)",,"(4, 2):soup('onion', 3, 18)","(4, 2):soup('onion', 3, 18);(4, 3):empty",0.0,9.0,5,interact,-0.01200000000000001,0.0,0.0,-0.01200000000000001,0.0,9.0,False,"(5, 2)",,"(2, 3)",,"(4, 2):soup('onion', 3, 19)","(4, 2):soup('onion', 3, 19);(4, 3):empty"
31,5,interact,"(5, 2)","(-1, 0)",,"(2, 3)","(1, 0)",,"(4, 2):soup('onion', 3, 19)","(4, 2):soup('onion', 3, 19);(4, 3):empty",0.0,9.0,5,interact,0.2255999999999999,0.0,0.0,0.2255999999999999,0.0,9.0,False,"(5, 2)",,"(2, 3)",,"(4, 2):soup('onion', 3, 20)","(4, 2):soup('onion', 3, 20);(4, 3):empty"
32,0,"(0, -1)","(5, 2)","(-1, 0)",,"(2, 3)","(1, 0)",,"(4, 2):soup('onion', 3, 20)","(4, 2):soup('onion', 3, 20);(4, 3):empty",0.0,9.0,5,interact,-0.014400000000000012,0.0,0.0,-0.014400000000000012,0.0,9.0,False,"(5, 2)",,"(2, 3)",,"(4, 2):soup('onion', 3, 20)","(4, 2):soup('onion', 3, 20);(4, 3):empty"
33,5,interact,"(5, 2)","(0, -1)",,"(2, 3)","(1, 0)",,"(4, 2):soup('onion', 3, 20)","(4, 2):soup('onion', 3, 20);(4, 3):empty",0.0,9.0,5,interact,-0.014400000000000012,0.0,0.0,-0.014400000000000012,0.0,9.0,False,"(5, 2)",onion,"(2, 3)",,"(4, 2):soup('onion', 3, 20)","(4, 2):soup('onion', 3, 20);(4, 3):empty"
34,3,"(-1, 0)","(5, 2)","(0, -1)",onion,"(2, 3)","(1, 0)",,"(4, 2):soup('onion', 3, 20)","(4, 2):soup('onion', 3, 20);(4, 3):empty",0.0,9.0,5,interact,-0.014400000000000012,0.0,0.0,-0.014400000000000012,0.0,9.0,False,"(5, 2)",onion,"(2, 3)",,"(4, 2):soup('onion', 3, 20)","(4, 2):soup('onion', 3, 20);(4, 3):empty"
35,3,"(-1, 0)","(5, 2)","(-1, 0)",onion,"(2, 3)","(1, 0)",,"(4, 2):soup('onion', 3, 20)","(4, 2):soup('onion', 3, 20);(4, 3):empty",0.0,9.0,5,interact,-0.014400000000000012,0.0,0.0,-0.014400000000000012,0.0,9.0,False,"(5, 2)",onion,"(2, 3)",,"(4, 2):soup('onion', 3, 20)","(4, 2):soup('onion', 3, 20);(4, 3):empty"
36,3,"(-1, 0)","(5, 2)","(-1, 0)",onion,"(2, 3)","(1, 0)",,"(4, 2):soup('onion', 3, 20)","(4, 2):soup('onion', 3, 20);(4, 3):empty",0.0,9.0,5,interact,-0.014400000000000012,0.0,0.0,-0.014400000000000012,0.0,9.0,False,"(5, 2)",onion,"(2, 3)",,"(4, 2):soup('onion', 3, 20)","(4, 2):soup('onion', 3, 20);(4, 3):empty"
37,3,"(-1, 0)","(5, 2)","(-1, 0)",onion,"(2, 3)","(1, 0)",,"(4, 2):soup('onion', 3, 20)","(4, 2):soup('onion', 3, 20);(4, 3):empty",0.0,9.0,5,interact,-0.07380000000000013,0.0,0.0,-0.07380000000000013,0.0,9.0,False,"(5, 2)",onion,"(2, 3)",,"(4, 2):soup('onion', 3, 20)","(4, 2):soup('onion', 3, 20);(4, 3):empty"
38,3,"(-1, 0)","(5, 2)","(-1, 0)",onion,"(2, 3)","(1, 0)",,"(4, 2):soup('onion', 3, 20)","(4, 2):soup('onion', 3, 20);(4, 3):empty",0.0,9.0,5,interact,-0.07319999999999993,0.0,0.0,-0.07319999999999993,0.0,9.0,False,"(5, 2)",onion,"(2, 3)",,"(4, 2):soup('onion', 3, 20)","(4, 2):soup('onion', 3, 20);(4, 3):empty"
39,3,"(-1, 0)","(5, 2)","(-1, 0)",onion,"(2, 3)","(1, 0)",,"(4, 2):soup('onion', 3, 20)","(4, 2):soup('onion', 3, 20);(4, 3):empty",0.0,9.0,5,interact,-0.0726,0.0,0.0,-0.0726,0.0,9.0,False,"(5, 2)",onion,"(2, 3)",,"(4, 2):soup('onion', 3, 20)","(4, 2):soup('onion', 3, 20);(4, 3):empty"
40,3,"(-1, 0)","(5, 2)","(-1, 0)",onion,"(2, 3)","(1, 0)",,"(4, 2):soup('onion', 3, 20)","(4, 2):soup('onion', 3, 20);(4, 3):empty",0.0,9.0,5,interact,-0.0719999999999998,0.0,0.0,-0.0719999999999998,0.0,9.0,False,"(5, 2)",onion,"(2, 3)",,"(4, 2):soup('onion', 3, 20)","(4, 2):soup('onion', 3, 20);(4, 3):empty"
41,3,"(-1, 0)","(5, 2)","(-1, 0)",onion,"(2, 3)","(1, 0)",,"(4, 2):soup('onion', 3, 20)","(4, 2):soup('onion', 3, 20);(4, 3):empty",0.0,9.0,5,interact,-0.07139999999999999,0.0,0.0,-0.07139999999999999,0.0,9.0,False,"(5, 2)",onion,"(2, 3)",,"(4, 2):soup('onion', 3, 20)","(4, 2):soup('onion', 3, 20);(4, 3):empty"
42,3,"(-1, 0)","(5, 2)","(-1, 0)",onion,"(2, 3)","(1, 0)",,"(4, 2):soup('onion', 3, 20)","(4, 2):soup('onion', 3, 20);(4, 3):empty",0.0,9.0,5,interact,-0.07080000000000006,0.0,0.0,-0.07080000000000006,0.0,9.0,False,"(5, 2)",onion,"(2, 3)",,"(4, 2):soup('onion', 3, 20)","(4, 2):soup('onion', 3, 20);(4, 3):empty"
43,3,"(-1, 0)","(5, 2)","(-1, 0)",onion,"(2, 3)","(1, 0)",,"(4, 2):soup('onion', 3, 20)","(4, 2):soup('onion', 3, 20);(4, 3):empty",0.0,9.0,5,interact,-0.0702,0.0,0.0,-0.0702,0.0,9.0,False,"(5, 2)",onion,"(2, 3)",,"(4, 2):soup('onion', 3, 20)","(4, 2):soup('onion', 3, 20);(4, 3):empty"
44,3,"(-1, 0)","(5, 2)","(-1, 0)",onion,"(2, 3)","(1, 0)",,"(4, 2):soup('onion', 3, 20)","(4, 2):soup('onion', 3, 20);(4, 3):empty",0.0,9.0,5,interact,-0.06959999999999993,0.0,0.0,-0.06959999999999993,0.0,9.0,False,"(5, 2)",onion,"(2, 3)",,"(4, 2):soup('onion', 3, 20)","(4, 2):soup('onion', 3, 20);(4, 3):empty"
45,3,"(-1, 0)","(5, 2)","(-1, 0)",onion,"(2, 3)","(1, 0)",,"(4, 2):soup('onion', 3, 20)","(4, 2):soup('onion', 3, 20);(4, 3):empty",0.0,9.0,5,interact,-0.06899999999999999,0.0,0.0,-0.06899999999999999,0.0,9.0,False,"(5, 2)",onion,"(2, 3)",,"(4, 2):soup('onion', 3, 20)","(4, 2):soup('onion', 3, 20);(4, 3):empty"
46,3,"(-1, 0)","(5, 2)","(-1, 0)",onion,"(2, 3)","(1, 0)",,"(4, 2):soup('onion', 3, 20)","(4, 2):soup('onion', 3, 20);(4, 3):empty",0.0,9.0,5,interact,-0.06840000000000006,0.0,0.0,-0.06840000000000006,0.0,9.0,False,"(5, 2)",onion,"(2, 3)",,"(4, 2):soup('onion', 3, 20)","(4, 2):soup('onion', 3, 20);(4, 3):empty"
47,3,"(-1, 0)","(5, 2)","(-1, 0)",onion,"(2, 3)","(1, 0)",,"(4, 2):soup('onion', 3, 20)","(4, 2):soup('onion', 3, 20);(4, 3):empty",0.0,9.0,5,interact,-0.06779999999999999,0.0,0.0,-0.06779999999999999,0.0,9.0,False,"(5, 2)",onion,"(2, 3)",,"(4, 2):soup('onion', 3, 20)","(4, 2):soup('onion', 3, 20);(4, 3):empty"
48,3,"(-1, 0)","(5, 2)","(-1, 0)",onion,"(2, 3)","(1, 0)",,"(4, 2):soup('onion', 3, 20)","(4, 2):soup('onion', 3, 20);(4, 3):empty",0.0,9.0,5,interact,-0.06719999999999993,0.0,0.0,-0.06719999999999993,0.0,9.0,False,"(5, 2)",onion,"(2, 3)",,"(4, 2):soup('onion', 3, 20)","(4, 2):soup('onion', 3, 20);(4, 3):empty"
49,3,"(-1, 0)","(5, 2)","(-1, 0)",onion,"(2, 3)","(1, 0)",,"(4, 2):soup('onion', 3, 20)","(4, 2):soup('onion', 3, 20);(4, 3):empty",0.0,9.0,5,interact,-0.007200000000000006,0.0,0.0,-0.007200000000000006,0.0,9.0,False,"(5, 2)",onion,"(2, 3)",,"(4, 2):soup('onion', 3, 20)","(4, 2):soup('onion', 3, 20);(4, 3):empty"
50,3,"(-1, 0)","(5, 2)","(-1, 0)",onion,"(2, 3)","(1, 0)",,"(4, 2):soup('onion', 3, 20)","(4, 2):soup('onion', 3, 20);(4, 3):empty",0.0,9.0,5,interact,-0.007200000000000006,0.0,0.0,-0.007200000000000006,0.0,9.0,False,"(5, 2)",onion,"(2, 3)",,"(4, 2):soup('onion', 3, 20)","(4, 2):soup('onion', 3, 20);(4, 3):empty"
51,3,"(-1, 0)","(5, 2)","(-1, 0)",onion,"(2, 3)","(1, 0)",,"(4, 2):soup('onion', 3, 20)","(4, 2):soup('onion', 3, 20);(4, 3):empty",0.0,9.0,5,interact,-0.007200000000000006,0.0,0.0,-0.007200000000000006,0.0,9.0,False,"(5, 2)",onion,"(2, 3)",,"(4, 2):soup('onion', 3, 20)","(4, 2):soup('onion', 3, 20);(4, 3):empty"
52,3,"(-1, 0)","(5, 2)","(-1, 0)",onion,"(2, 3)","(1, 0)",,"(4, 2):soup('onion', 3, 20)","(4, 2):soup('onion', 3, 20);(4, 3):empty",0.0,9.0,5,interact,-0.007200000000000006,0.0,0.0,-0.007200000000000006,0.0,9.0,False,"(5, 2)",onion,"(2, 3)",,"(4, 2):soup('onion', 3, 20)","(4, 2):soup('onion', 3, 20);(4, 3):empty"
53,3,"(-1, 0)","(5, 2)","(-1, 0)",onion,"(2, 3)","(1, 0)",,"(4, 2):soup('onion', 3, 20)","(4, 2):soup('onion', 3, 20);(4, 3):empty",0.0,9.0,5,interact,-0.007200000000000006,0.0,0.0,-0.007200000000000006,0.0,9.0,False,"(5, 2)",onion,"(2, 3)",,"(4, 2):soup('onion', 3, 20)","(4, 2):soup('onion', 3, 20);(4, 3):empty"
54,3,"(-1, 0)","(5, 2)","(-1, 0)",onion,"(2, 3)","(1, 0)",,"(4, 2):soup('onion', 3, 20)","(4, 2):soup('onion', 3, 20);(4, 3):empty",0.0,9.0,5,interact,-0.007200000000000006,0.0,0.0,-0.007200000000000006,0.0,9.0,False,"(5, 2)",onion,"(2, 3)",,"(4, 2):soup('onion', 3, 20)","(4, 2):soup('onion', 3, 20);(4, 3):empty"
55,3,"(-1, 0)","(5, 2)","(-1, 0)",onion,"(2, 3)","(1, 0)",,"(4, 2):soup('onion', 3, 20)","(4, 2):soup('onion', 3, 20);(4, 3):empty",0.0,9.0,5,interact,-0.007200000000000006,0.0,0.0,-0.007200000000000006,0.0,9.0,False,"(5, 2)",onion,"(2, 3)",,"(4, 2):soup('onion', 3, 20)","(4, 2):soup('onion', 3, 20);(4, 3):empty"
56,3,"(-1, 0)","(5, 2)","(-1, 0)",onion,"(2, 3)","(1, 0)",,"(4, 2):soup('onion', 3, 20)","(4, 2):soup('onion', 3, 20);(4, 3):empty",0.0,9.0,5,interact,-0.007200000000000006,0.0,0.0,-0.007200000000000006,0.0,9.0,False,"(5, 2)",onion,"(2, 3)",,"(4, 2):soup('onion', 3, 20)","(4, 2):soup('onion', 3, 20);(4, 3):empty"
57,3,"(-1, 0)","(5, 2)","(-1, 0)",onion,"(2, 3)","(1, 0)",,"(4, 2):soup('onion', 3, 20)","(4, 2):soup('onion', 3, 20);(4, 3):empty",0.0,9.0,5,interact,-0.007200000000000006,0.0,0.0,-0.007200000000000006,0.0,9.0,False,"(5, 2)",onion,"(2, 3)",,"(4, 2):soup('onion', 3, 20)","(4, 2):soup('onion', 3, 20);(4, 3):empty"
58,3,"(-1, 0)","(5, 2)","(-1, 0)",onion,"(2, 3)","(1, 0)",,"(4, 2):soup('onion', 3, 20)","(4, 2):soup('onion', 3, 20);(4, 3):empty",0.0,9.0,5,interact,-0.007200000000000006,0.0,0.0,-0.007200000000000006,0.0,9.0,False,"(5, 2)",onion,"(2, 3)",,"(4, 2):soup('onion', 3, 20)","(4, 2):soup('onion', 3, 20);(4, 3):empty"
59,3,"(-1, 0)","(5, 2)","(-1, 0)",onion,"(2, 3)","(1, 0)",,"(4, 2):soup('onion', 3, 20)","(4, 2):soup('onion', 3, 20);(4, 3):empty",0.0,9.0,5,interact,-0.007200000000000006,0.0,0.0,-0.007200000000000006,0.0,9.0,False,"(5, 2)",onion,"(2, 3)",,"(4, 2):soup('onion', 3, 20)","(4, 2):soup('onion', 3, 20);(4, 3):empty"
60,3,"(-1, 0)","(5, 2)","(-1, 0)",onion,"(2, 3)","(1, 0)",,"(4, 2):soup('onion', 3, 20)","(4, 2):soup('onion', 3, 20);(4, 3):empty",0.0,9.0,5,interact,-0.007200000000000006,0.0,0.0,-0.007200000000000006,0.0,9.0,False,"(5, 2)",onion,"(2, 3)",,"(4, 2):soup('onion', 3, 20)","(4, 2):soup('onion', 3, 20);(4, 3):empty"
61,3,"(-1, 0)","(5, 2)","(-1, 0)",onion,"(2, 3)","(1, 0)",,"(4, 2):soup('onion', 3, 20)","(4, 2):soup('onion', 3, 20);(4, 3):empty",0.0,9.0,5,interact,-0.007200000000000006,0.0,0.0,-0.007200000000000006,0.0,9.0,False,"(5, 2)",onion,"(2, 3)",,"(4, 2):soup('onion', 3, 20)","(4, 2):soup('onion', 3, 20);(4, 3):empty"
62,3,"(-1, 0)","(5, 2)","(-1, 0)",onion,"(2, 3)","(1, 0)",,"(4, 2):soup('onion', 3, 20)","(4, 2):soup('onion', 3, 20);(4, 3):empty",0.0,9.0,5,interact,-0.007200000000000006,0.0,0.0,-0.007200000000000006,0.0,9.0,False,"(5, 2)",onion,"(2, 3)",,"(4, 2):soup('onion', 3, 20)","(4, 2):soup('onion', 3, 20);(4, 3):empty"
63,3,"(-1, 0)","(5, 2)","(-1, 0)",onion,"(2, 3)","(1, 0)",,"(4, 2):soup('onion', 3, 20)","(4, 2):soup('onion', 3, 20);(4, 3):empty",0.0,9.0,5,interact,-0.007200000000000006,0.0,0.0,-0.007200000000000006,0.0,9.0,False,"(5, 2)",onion,"(2, 3)",,"(4, 2):soup('onion', 3, 20)","(4, 2):soup('onion', 3, 20);(4, 3):empty"
64,3,"(-1, 0)","(5, 2)","(-1, 0)",onion,"(2, 3)","(1, 0)",,"(4, 2):soup('onion', 3, 20)","(4, 2):soup('onion', 3, 20);(4, 3):empty",0.0,9.0,5,interact,-0.007200000000000006,0.0,0.0,-0.007200000000000006,0.0,9.0,False,"(5, 2)",onion,"(2, 3)",,"(4, 2):soup('onion', 3, 20)","(4, 2):soup('onion', 3, 20);(4, 3):empty"
65,3,"(-1, 0)","(5, 2)","(-1, 0)",onion,"(2, 3)","(1, 0)",,"(4, 2):soup('onion', 3, 20)","(4, 2):soup('onion', 3, 20);(4, 3):empty",0.0,9.0,5,interact,-0.007200000000000006,0.0,0.0,-0.007200000000000006,0.0,9.0,False,"(5, 2)",onion,"(2, 3)",,"(4, 2):soup('onion', 3, 20)","(4, 2):soup('onion', 3, 20);(4, 3):empty"
66,3,"(-1, 0)","(5, 2)","(-1, 0)",onion,"(2, 3)","(1, 0)",,"(4, 2):soup('onion', 3, 20)","(4, 2):soup('onion', 3, 20);(4, 3):empty",0.0,9.0,5,interact,-0.007200000000000006,0.0,0.0,-0.007200000000000006,0.0,9.0,False,"(5, 2)",onion,"(2, 3)",,"(4, 2):soup('onion', 3, 20)","(4, 2):soup('onion', 3, 20);(4, 3):empty"
67,3,"(-1, 0)","(5, 2)","(-1, 0)",onion,"(2, 3)","(1, 0)",,"(4, 2):soup('onion', 3, 20)","(4, 2):soup('onion', 3, 20);(4, 3):empty",0.0,9.0,5,interact,-0.007200000000000006,0.0,0.0,-0.007200000000000006,0.0,9.0,False,"(5, 2)",onion,"(2, 3)",,"(4, 2):soup('onion', 3, 20)","(4, 2):soup('onion', 3, 20);(4, 3):empty"
68,3,"(-1, 0)","(5, 2)","(-1, 0)",onion,"(2, 3)","(1, 0)",,"(4, 2):soup('onion', 3, 20)","(4, 2):soup('onion', 3, 20);(4, 3):empty",0.0,9.0,5,interact,-0.007200000000000006,0.0,0.0,-0.007200000000000006,0.0,9.0,False,"(5, 2)",onion,"(2, 3)",,"(4, 2):soup('onion', 3, 20)","(4, 2):soup('onion', 3, 20);(4, 3):empty"
69,3,"(-1, 0)","(5, 2)","(-1, 0)",onion,"(2, 3)","(1, 0)",,"(4, 2):soup('onion', 3, 20)","(4, 2):soup('onion', 3, 20);(4, 3):empty",0.0,9.0,5,interact,-0.007200000000000006,0.0,0.0,-0.007200000000000006,0.0,9.0,False,"(5, 2)",onion,"(2, 3)",,"(4, 2):soup('onion', 3, 20)","(4, 2):soup('onion', 3, 20);(4, 3):empty"
70,3,"(-1, 0)","(5, 2)","(-1, 0)",onion,"(2, 3)","(1, 0)",,"(4, 2):soup('onion', 3, 20)","(4, 2):soup('onion', 3, 20);(4, 3):empty",0.0,9.0,5,interact,-0.007200000000000006,0.0,0.0,-0.007200000000000006,0.0,9.0,False,"(5, 2)",onion,"(2, 3)",,"(4, 2):soup('onion', 3, 20)","(4, 2):soup('onion', 3, 20);(4, 3):empty"
71,3,"(-1, 0)","(5, 2)","(-1, 0)",onion,"(2, 3)","(1, 0)",,"(4, 2):soup('onion', 3, 20)","(4, 2):soup('onion', 3, 20);(4, 3):empty",0.0,9.0,5,interact,-0.007200000000000006,0.0,0.0,-0.007200000000000006,0.0,9.0,False,"(5, 2)",onion,"(2, 3)",,"(4, 2):soup('onion', 3, 20)","(4, 2):soup('onion', 3, 20);(4, 3):empty"
72,3,"(-1, 0)","(5, 2)","(-1, 0)",onion,"(2, 3)","(1, 0)",,"(4, 2):soup('onion', 3, 20)","(4, 2):soup('onion', 3, 20);(4, 3):empty",0.0,9.0,5,interact,-0.007200000000000006,0.0,0.0,-0.007200000000000006,0.0,9.0,False,"(5, 2)",onion,"(2, 3)",,"(4, 2):soup('onion', 3, 20)","(4, 2):soup('onion', 3, 20);(4, 3):empty"
73,3,"(-1, 0)","(5, 2)","(-1, 0)",onion,"(2, 3)","(1, 0)",,"(4, 2):soup('onion', 3, 20)","(4, 2):soup('onion', 3, 20);(4, 3):empty",0.0,9.0,5,interact,-0.007200000000000006,0.0,0.0,-0.007200000000000006,0.0,9.0,False,"(5, 2)",onion,"(2, 3)",,"(4, 2):soup('onion', 3, 20)","(4, 2):soup('onion', 3, 20);(4, 3):empty"
74,3,"(-1, 0)","(5, 2)","(-1, 0)",onion,"(2, 3)","(1, 0)",,"(4, 2):soup('onion', 3, 20)","(4, 2):soup('onion', 3, 20);(4, 3):empty",0.0,9.0,5,interact,-0.007200000000000006,0.0,0.0,-0.007200000000000006,0.0,9.0,False,"(5, 2)",onion,"(2, 3)",,"(4, 2):soup('onion', 3, 20)","(4, 2):soup('onion', 3, 20);(4, 3):empty"
75,3,"(-1, 0)","(5, 2)","(-1, 0)",onion,"(2, 3)","(1, 0)",,"(4, 2):soup('onion', 3, 20)","(4, 2):soup('onion', 3, 20);(4, 3):empty",0.0,9.0,5,interact,-0.007200000000000006,0.0,0.0,-0.007200000000000006,0.0,9.0,False,"(5, 2)",onion,"(2, 3)",,"(4, 2):soup('onion', 3, 20)","(4, 2):soup('onion', 3, 20);(4, 3):empty"
76,3,"(-1, 0)","(5, 2)","(-1, 0)",onion,"(2, 3)","(1, 0)",,"(4, 2):soup('onion', 3, 20)","(4, 2):soup('onion', 3, 20);(4, 3):empty",0.0,9.0,5,interact,-0.007200000000000006,0.0,0.0,-0.007200000000000006,0.0,9.0,False,"(5, 2)",onion,"(2, 3)",,"(4, 2):soup('onion', 3, 20)","(4, 2):soup('onion', 3, 20);(4, 3):empty"
77,3,"(-1, 0)","(5, 2)","(-1, 0)",onion,"(2, 3)","(1, 0)",,"(4, 2):soup('onion', 3, 20)","(4, 2):soup('onion', 3, 20);(4, 3):empty",0.0,9.0,5,interact,-0.007200000000000006,0.0,0.0,-0.007200000000000006,0.0,9.0,False,"(5, 2)",onion,"(2, 3)",,"(4, 2):soup('onion', 3, 20)","(4, 2):soup('onion', 3, 20);(4, 3):empty"
78,3,"(-1, 0)","(5, 2)","(-1, 0)",onion,"(2, 3)","(1, 0)",,"(4, 2):soup('onion', 3, 20)","(4, 2):soup('onion', 3, 20);(4, 3):empty",0.0,9.0,5,interact,-0.007200000000000006,0.0,0.0,-0.007200000000000006,0.0,9.0,False,"(5, 2)",onion,"(2, 3)",,"(4, 2):soup('onion', 3, 20)","(4, 2):soup('onion', 3, 20);(4, 3):empty"
79,3,"(-1, 0)","(5, 2)","(-1, 0)",onion,"(2, 3)","(1, 0)",,"(4, 2):soup('onion', 3, 20)","(4, 2):soup('onion', 3, 20);(4, 3):empty",0.0,9.0,5,interact,-0.007200000000000006,0.0,0.0,-0.007200000000000006,0.0,9.0,False,"(5, 2)",onion,"(2, 3)",,"(4, 2):soup('onion', 3, 20)","(4, 2):soup('onion', 3, 20);(4, 3):empty"
80,3,"(-1, 0)","(5, 2)","(-1, 0)",onion,"(2, 3)","(1, 0)",,"(4, 2):soup('onion', 3, 20)","(4, 2):soup('onion', 3, 20);(4, 3):empty",0.0,9.0,5,interact,-0.007200000000000006,0.0,0.0,-0.007200000000000006,0.0,9.0,False,"(5, 2)",onion,"(2, 3)",,"(4, 2):soup('onion', 3, 20)","(4, 2):soup('onion', 3, 20);(4, 3):empty"
81,3,"(-1, 0)","(5, 2)","(-1, 0)",onion,"(2, 3)","(1, 0)",,"(4, 2):soup('onion', 3, 20)","(4, 2):soup('onion', 3, 20);(4, 3):empty",0.0,9.0,5,interact,-0.007200000000000006,0.0,0.0,-0.007200000000000006,0.0,9.0,False,"(5, 2)",onion,"(2, 3)",,"(4, 2):soup('onion', 3, 20)","(4, 2):soup('onion', 3, 20);(4, 3):empty"
82,3,"(-1, 0)","(5, 2)","(-1, 0)",onion,"(2, 3)","(1, 0)",,"(4, 2):soup('onion', 3, 20)","(4, 2):soup('onion', 3, 20);(4, 3):empty",0.0,9.0,5,interact,-0.007200000000000006,0.0,0.0,-0.007200000000000006,0.0,9.0,False,"(5, 2)",onion,"(2, 3)",,"(4, 2):soup('onion', 3, 20)","(4, 2):soup('onion', 3, 20);(4, 3):empty"
83,3,"(-1, 0)","(5, 2)","(-1, 0)",onion,"(2, 3)","(1, 0)",,"(4, 2):soup('onion', 3, 20)","(4, 2):soup('onion', 3, 20);(4, 3):empty",0.0,9.0,5,interact,-0.007200000000000006,0.0,0.0,-0.007200000000000006,0.0,9.0,False,"(5, 2)",onion,"(2, 3)",,"(4, 2):soup('onion', 3, 20)","(4, 2):soup('onion', 3, 20);(4, 3):empty"
84,3,"(-1, 0)","(5, 2)","(-1, 0)",onion,"(2, 3)","(1, 0)",,"(4, 2):soup('onion', 3, 20)","(4, 2):soup('onion', 3, 20);(4, 3):empty",0.0,9.0,5,interact,-0.007200000000000006,0.0,0.0,-0.007200000000000006,0.0,9.0,False,"(5, 2)",onion,"(2, 3)",,"(4, 2):soup('onion', 3, 20)","(4, 2):soup('onion', 3, 20);(4, 3):empty"
85,3,"(-1, 0)","(5, 2)","(-1, 0)",onion,"(2, 3)","(1, 0)",,"(4, 2):soup('onion', 3, 20)","(4, 2):soup('onion', 3, 20);(4, 3):empty",0.0,9.0,5,interact,-0.007200000000000006,0.0,0.0,-0.007200000000000006,0.0,9.0,False,"(5, 2)",onion,"(2, 3)",,"(4, 2):soup('onion', 3, 20)","(4, 2):soup('onion', 3, 20);(4, 3):empty"
86,3,"(-1, 0)","(5, 2)","(-1, 0)",onion,"(2, 3)","(1, 0)",,"(4, 2):soup('onion', 3, 20)","(4, 2):soup('onion', 3, 20);(4, 3):empty",0.0,9.0,5,interact,-0.007200000000000006,0.0,0.0,-0.007200000000000006,0.0,9.0,False,"(5, 2)",onion,"(2, 3)",,"(4, 2):soup('onion', 3, 20)","(4, 2):soup('onion', 3, 20);(4, 3):empty"
87,3,"(-1, 0)","(5, 2)","(-1, 0)",onion,"(2, 3)","(1, 0)",,"(4, 2):soup('onion', 3, 20)","(4, 2):soup('onion', 3, 20);(4, 3):empty",0.0,9.0,5,interact,-0.007200000000000006,0.0,0.0,-0.007200000000000006,0.0,9.0,False,"(5, 2)",onion,"(2, 3)",,"(4, 2):soup('onion', 3, 20)","(4, 2):soup('onion', 3, 20);(4, 3):empty"
88,3,"(-1, 0)","(5, 2)","(-1, 0)",onion,"(2, 3)","(1, 0)",,"(4, 2):soup('onion', 3, 20)","(4, 2):soup('onion', 3, 20);(4, 3):empty",0.0,9.0,5,interact,-0.007200000000000006,0.0,0.0,-0.007200000000000006,0.0,9.0,False,"(5, 2)",onion,"(2, 3)",,"(4, 2):soup('onion', 3, 20)","(4, 2):soup('onion', 3, 20);(4, 3):empty"
89,3,"(-1, 0)","(5, 2)","(-1, 0)",onion,"(2, 3)","(1, 0)",,"(4, 2):soup('onion', 3, 20)","(4, 2):soup('onion', 3, 20);(4, 3):empty",0.0,9.0,5,interact,-0.007200000000000006,0.0,0.0,-0.007200000000000006,0.0,9.0,False,"(5, 2)",onion,"(2, 3)",,"(4, 2):soup('onion', 3, 20)","(4, 2):soup('onion', 3, 20);(4, 3):empty"
90,3,"(-1, 0)","(5, 2)","(-1, 0)",onion,"(2, 3)","(1, 0)",,"(4, 2):soup('onion', 3, 20)","(4, 2):soup('onion', 3, 20);(4, 3):empty",0.0,9.0,5,interact,-0.007200000000000006,0.0,0.0,-0.007200000000000006,0.0,9.0,False,"(5, 2)",onion,"(2, 3)",,"(4, 2):soup('onion', 3, 20)","(4, 2):soup('onion', 3, 20);(4, 3):empty"
91,3,"(-1, 0)","(5, 2)","(-1, 0)",onion,"(2, 3)","(1, 0)",,"(4, 2):soup('onion', 3, 20)","(4, 2):soup('onion', 3, 20);(4, 3):empty",0.0,9.0,5,interact,-0.007200000000000006,0.0,0.0,-0.007200000000000006,0.0,9.0,False,"(5, 2)",onion,"(2, 3)",,"(4, 2):soup('onion', 3, 20)","(4, 2):soup('onion', 3, 20);(4, 3):empty"
92,3,"(-1, 0)","(5, 2)","(-1, 0)",onion,"(2, 3)","(1, 0)",,"(4, 2):soup('onion', 3, 20)","(4, 2):soup('onion', 3, 20);(4, 3):empty",0.0,9.0,5,interact,-0.007200000000000006,0.0,0.0,-0.007200000000000006,0.0,9.0,False,"(5, 2)",onion,"(2, 3)",,"(4, 2):soup('onion', 3, 20)","(4, 2):soup('onion', 3, 20);(4, 3):empty"
93,3,"(-1, 0)","(5, 2)","(-1, 0)",onion,"(2, 3)","(1, 0)",,"(4, 2):soup('onion', 3, 20)","(4, 2):soup('onion', 3, 20);(4, 3):empty",0.0,9.0,5,interact,-0.007200000000000006,0.0,0.0,-0.007200000000000006,0.0,9.0,False,"(5, 2)",onion,"(2, 3)",,"(4, 2):soup('onion', 3, 20)","(4, 2):soup('onion', 3, 20);(4, 3):empty"
94,3,"(-1, 0)","(5, 2)","(-1, 0)",onion,"(2, 3)","(1, 0)",,"(4, 2):soup('onion', 3, 20)","(4, 2):soup('onion', 3, 20);(4, 3):empty",0.0,9.0,5,interact,-0.007200000000000006,0.0,0.0,-0.007200000000000006,0.0,9.0,False,"(5, 2)",onion,"(2, 3)",,"(4, 2):soup('onion', 3, 20)","(4, 2):soup('onion', 3, 20);(4, 3):empty"
95,3,"(-1, 0)","(5, 2)","(-1, 0)",onion,"(2, 3)","(1, 0)",,"(4, 2):soup('onion', 3, 20)","(4, 2):soup('onion', 3, 20);(4, 3):empty",0.0,9.0,5,interact,-0.007200000000000006,0.0,0.0,-0.007200000000000006,0.0,9.0,False,"(5, 2)",onion,"(2, 3)",,"(4, 2):soup('onion', 3, 20)","(4, 2):soup('onion', 3, 20);(4, 3):empty"
96,3,"(-1, 0)","(5, 2)","(-1, 0)",onion,"(2, 3)","(1, 0)",,"(4, 2):soup('onion', 3, 20)","(4, 2):soup('onion', 3, 20);(4, 3):empty",0.0,9.0,5,interact,-0.007200000000000006,0.0,0.0,-0.007200000000000006,0.0,9.0,False,"(5, 2)",onion,"(2, 3)",,"(4, 2):soup('onion', 3, 20)","(4, 2):soup('onion', 3, 20);(4, 3):empty"
97,3,"(-1, 0)","(5, 2)","(-1, 0)",onion,"(2, 3)","(1, 0)",,"(4, 2):soup('onion', 3, 20)","(4, 2):soup('onion', 3, 20);(4, 3):empty",0.0,9.0,5,interact,-0.007200000000000006,0.0,0.0,-0.007200000000000006,0.0,9.0,False,"(5, 2)",onion,"(2, 3)",,"(4, 2):soup('onion', 3, 20)","(4, 2):soup('onion', 3, 20);(4, 3):empty"
98,3,"(-1, 0)","(5, 2)","(-1, 0)",onion,"(2, 3)","(1, 0)",,"(4, 2):soup('onion', 3, 20)","(4, 2):soup('onion', 3, 20);(4, 3):empty",0.0,9.0,5,interact,-0.007200000000000006,0.0,0.0,-0.007200000000000006,0.0,9.0,False,"(5, 2)",onion,"(2, 3)",,"(4, 2):soup('onion', 3, 20)","(4, 2):soup('onion', 3, 20);(4, 3):empty"
99,3,"(-1, 0)","(5, 2)","(-1, 0)",onion,"(2, 3)","(1, 0)",,"(4, 2):soup('onion', 3, 20)","(4, 2):soup('onion', 3, 20);(4, 3):empty",0.0,9.0,5,interact,-0.007200000000000006,0.0,0.0,-0.007200000000000006,0.0,9.0,False,"(5, 2)",onion,"(2, 3)",,"(4, 2):soup('onion', 3, 20)","(4, 2):soup('onion', 3, 20);(4, 3):empty"
100,3,"(-1, 0)","(5, 2)","(-1, 0)",onion,"(2, 3)","(1, 0)",,"(4, 2):soup('onion', 3, 20)","(4, 2):soup('onion', 3, 20);(4, 3):empty",0.0,9.0,5,interact,-0.007200000000000006,0.0,0.0,-0.007200000000000006,0.0,9.0,False,"(5, 2)",onion,"(2, 3)",,"(4, 2):soup('onion', 3, 20)","(4, 2):soup('onion', 3, 20);(4, 3):empty"
101,3,"(-1, 0)","(5, 2)","(-1, 0)",onion,"(2, 3)","(1, 0)",,"(4, 2):soup('onion', 3, 20)","(4, 2):soup('onion', 3, 20);(4, 3):empty",0.0,9.0,5,interact,-0.007200000000000006,0.0,0.0,-0.007200000000000006,0.0,9.0,False,"(5, 2)",onion,"(2, 3)",,"(4, 2):soup('onion', 3, 20)","(4, 2):soup('onion', 3, 20);(4, 3):empty"
102,3,"(-1, 0)","(5, 2)","(-1, 0)",onion,"(2, 3)","(1, 0)",,"(4, 2):soup('onion', 3, 20)","(4, 2):soup('onion', 3, 20);(4, 3):empty",0.0,9.0,5,interact,-0.007200000000000006,0.0,0.0,-0.007200000000000006,0.0,9.0,False,"(5, 2)",onion,"(2, 3)",,"(4, 2):soup('onion', 3, 20)","(4, 2):soup('onion', 3, 20);(4, 3):empty"
103,3,"(-1, 0)","(5, 2)","(-1, 0)",onion,"(2, 3)","(1, 0)",,"(4, 2):soup('onion', 3, 20)","(4, 2):soup('onion', 3, 20);(4, 3):empty",0.0,9.0,5,interact,-0.007200000000000006,0.0,0.0,-0.007200000000000006,0.0,9.0,False,"(5, 2)",onion,"(2, 3)",,"(4, 2):soup('onion', 3, 20)","(4, 2):soup('onion', 3, 20);(4, 3):empty"
104,3,"(-1, 0)","(5, 2)","(-1, 0)",onion,"(2, 3)","(1, 0)",,"(4, 2):soup('onion', 3, 20)","(4, 2):soup('onion', 3, 20);(4, 3):empty",0.0,9.0,5,interact,-0.007200000000000006,0.0,0.0,-0.007200000000000006,0.0,9.0,False,"(5, 2)",onion,"(2, 3)",,"(4, 2):soup('onion', 3, 20)","(4, 2):soup('onion', 3, 20);(4, 3):empty"
105,3,"(-1, 0)","(5, 2)","(-1, 0)",onion,"(2, 3)","(1, 0)",,"(4, 2):soup('onion', 3, 20)","(4, 2):soup('onion', 3, 20);(4, 3):empty",0.0,9.0,5,interact,-0.007200000000000006,0.0,0.0,-0.007200000000000006,0.0,9.0,False,"(5, 2)",onion,"(2, 3)",,"(4, 2):soup('onion', 3, 20)","(4, 2):soup('onion', 3, 20);(4, 3):empty"
106,3,"(-1, 0)","(5, 2)","(-1, 0)",onion,"(2, 3)","(1, 0)",,"(4, 2):soup('onion', 3, 20)","(4, 2):soup('onion', 3, 20);(4, 3):empty",0.0,9.0,5,interact,-0.007200000000000006,0.0,0.0,-0.007200000000000006,0.0,9.0,False,"(5, 2)",onion,"(2, 3)",,"(4, 2):soup('onion', 3, 20)","(4, 2):soup('onion', 3, 20);(4, 3):empty"
107,3,"(-1, 0)","(5, 2)","(-1, 0)",onion,"(2, 3)","(1, 0)",,"(4, 2):soup('onion', 3, 20)","(4, 2):soup('onion', 3, 20);(4, 3):empty",0.0,9.0,5,interact,-0.007200000000000006,0.0,0.0,-0.007200000000000006,0.0,9.0,False,"(5, 2)",onion,"(2, 3)",,"(4, 2):soup('onion', 3, 20)","(4, 2):soup('onion', 3, 20);(4, 3):empty"
108,3,"(-1, 0)","(5, 2)","(-1, 0)",onion,"(2, 3)","(1, 0)",,"(4, 2):soup('onion', 3, 20)","(4, 2):soup('onion', 3, 20);(4, 3):empty",0.0,9.0,5,interact,-0.007200000000000006,0.0,0.0,-0.007200000000000006,0.0,9.0,False,"(5, 2)",onion,"(2, 3)",,"(4, 2):soup('onion', 3, 20)","(4, 2):soup('onion', 3, 20);(4, 3):empty"
109,3,"(-1, 0)","(5, 2)","(-1, 0)",onion,"(2, 3)","(1, 0)",,"(4, 2):soup('onion', 3, 20)","(4, 2):soup('onion', 3, 20);(4, 3):empty",0.0,9.0,5,interact,-0.007200000000000006,0.0,0.0,-0.007200000000000006,0.0,9.0,False,"(5, 2)",onion,"(2, 3)",,"(4, 2):soup('onion', 3, 20)","(4, 2):soup('onion', 3, 20);(4, 3):empty"
110,3,"(-1, 0)","(5, 2)","(-1, 0)",onion,"(2, 3)","(1, 0)",,"(4, 2):soup('onion', 3, 20)","(4, 2):soup('onion', 3, 20);(4, 3):empty",0.0,9.0,5,interact,-0.007200000000000006,0.0,0.0,-0.007200000000000006,0.0,9.0,False,"(5, 2)",onion,"(2, 3)",,"(4, 2):soup('onion', 3, 20)","(4, 2):soup('onion', 3, 20);(4, 3):empty"
111,3,"(-1, 0)","(5, 2)","(-1, 0)",onion,"(2, 3)","(1, 0)",,"(4, 2):soup('onion', 3, 20)","(4, 2):soup('onion', 3, 20);(4, 3):empty",0.0,9.0,5,interact,-0.007200000000000006,0.0,0.0,-0.007200000000000006,0.0,9.0,False,"(5, 2)",onion,"(2, 3)",,"(4, 2):soup('onion', 3, 20)","(4, 2):soup('onion', 3, 20);(4, 3):empty"
112,3,"(-1, 0)","(5, 2)","(-1, 0)",onion,"(2, 3)","(1, 0)",,"(4, 2):soup('onion', 3, 20)","(4, 2):soup('onion', 3, 20);(4, 3):empty",0.0,9.0,5,interact,-0.007200000000000006,0.0,0.0,-0.007200000000000006,0.0,9.0,False,"(5, 2)",onion,"(2, 3)",,"(4, 2):soup('onion', 3, 20)","(4, 2):soup('onion', 3, 20);(4, 3):empty"
113,3,"(-1, 0)","(5, 2)","(-1, 0)",onion,"(2, 3)","(1, 0)",,"(4, 2):soup('onion', 3, 20)","(4, 2):soup('onion', 3, 20);(4, 3):empty",0.0,9.0,5,interact,-0.007200000000000006,0.0,0.0,-0.007200000000000006,0.0,9.0,False,"(5, 2)",onion,"(2, 3)",,"(4, 2):soup('onion', 3, 20)","(4, 2):soup('onion', 3, 20);(4, 3):empty"
114,3,"(-1, 0)","(5, 2)","(-1, 0)",onion,"(2, 3)","(1, 0)",,"(4, 2):soup('onion', 3, 20)","(4, 2):soup('onion', 3, 20);(4, 3):empty",0.0,9.0,5,interact,-0.007200000000000006,0.0,0.0,-0.007200000000000006,0.0,9.0,False,"(5, 2)",onion,"(2, 3)",,"(4, 2):soup('onion', 3, 20)","(4, 2):soup('onion', 3, 20);(4, 3):empty"
115,3,"(-1, 0)","(5, 2)","(-1, 0)",onion,"(2, 3)","(1, 0)",,"(4, 2):soup('onion', 3, 20)","(4, 2):soup('onion', 3, 20);(4, 3):empty",0.0,9.0,5,interact,-0.007200000000000006,0.0,0.0,-0.007200000000000006,0.0,9.0,False,"(5, 2)",onion,"(2, 3)",,"(4, 2):soup('onion', 3, 20)","(4, 2):soup('onion', 3, 20);(4, 3):empty"
116,3,"(-1, 0)","(5, 2)","(-1, 0)",onion,"(2, 3)","(1, 0)",,"(4, 2):soup('onion', 3, 20)","(4, 2):soup('onion', 3, 20);(4, 3):empty",0.0,9.0,5,interact,-0.007200000000000006,0.0,0.0,-0.007200000000000006,0.0,9.0,False,"(5, 2)",onion,"(2, 3)",,"(4, 2):soup('onion', 3, 20)","(4, 2):soup('onion', 3, 20);(4, 3):empty"
117,3,"(-1, 0)","(5, 2)","(-1, 0)",onion,"(2, 3)","(1, 0)",,"(4, 2):soup('onion', 3, 20)","(4, 2):soup('onion', 3, 20);(4, 3):empty",0.0,9.0,5,interact,-0.007200000000000006,0.0,0.0,-0.007200000000000006,0.0,9.0,False,"(5, 2)",onion,"(2, 3)",,"(4, 2):soup('onion', 3, 20)","(4, 2):soup('onion', 3, 20);(4, 3):empty"
118,3,"(-1, 0)","(5, 2)","(-1, 0)",onion,"(2, 3)","(1, 0)",,"(4, 2):soup('onion', 3, 20)","(4, 2):soup('onion', 3, 20);(4, 3):empty",0.0,9.0,5,interact,-0.007200000000000006,0.0,0.0,-0.007200000000000006,0.0,9.0,False,"(5, 2)",onion,"(2, 3)",,"(4, 2):soup('onion', 3, 20)","(4, 2):soup('onion', 3, 20);(4, 3):empty"
119,3,"(-1, 0)","(5, 2)","(-1, 0)",onion,"(2, 3)","(1, 0)",,"(4, 2):soup('onion', 3, 20)","(4, 2):soup('onion', 3, 20);(4, 3):empty",0.0,9.0,5,interact,-0.007200000000000006,0.0,0.0,-0.007200000000000006,0.0,9.0,False,"(5, 2)",onion,"(2, 3)",,"(4, 2):soup('onion', 3, 20)","(4, 2):soup('onion', 3, 20);(4, 3):empty"
120,3,"(-1, 0)","(5, 2)","(-1, 0)",onion,"(2, 3)","(1, 0)",,"(4, 2):soup('onion', 3, 20)","(4, 2):soup('onion', 3, 20);(4, 3):empty",0.0,9.0,5,interact,-0.007200000000000006,0.0,0.0,-0.007200000000000006,0.0,9.0,False,"(5, 2)",onion,"(2, 3)",,"(4, 2):soup('onion', 3, 20)","(4, 2):soup('onion', 3, 20);(4, 3):empty"
121,3,"(-1, 0)","(5, 2)","(-1, 0)",onion,"(2, 3)","(1, 0)",,"(4, 2):soup('onion', 3, 20)","(4, 2):soup('onion', 3, 20);(4, 3):empty",0.0,9.0,5,interact,-0.007200000000000006,0.0,0.0,-0.007200000000000006,0.0,9.0,False,"(5, 2)",onion,"(2, 3)",,"(4, 2):soup('onion', 3, 20)","(4, 2):soup('onion', 3, 20);(4, 3):empty"
122,3,"(-1, 0)","(5, 2)","(-1, 0)",onion,"(2, 3)","(1, 0)",,"(4, 2):soup('onion', 3, 20)","(4, 2):soup('onion', 3, 20);(4, 3):empty",0.0,9.0,5,interact,-0.007200000000000006,0.0,0.0,-0.007200000000000006,0.0,9.0,False,"(5, 2)",onion,"(2, 3)",,"(4, 2):soup('onion', 3, 20)","(4, 2):soup('onion', 3, 20);(4, 3):empty"
123,3,"(-1, 0)","(5, 2)","(-1, 0)",onion,"(2, 3)","(1, 0)",,"(4, 2):soup('onion', 3, 20)","(4, 2):soup('onion', 3, 20);(4, 3):empty",0.0,9.0,5,interact,-0.007200000000000006,0.0,0.0,-0.007200000000000006,0.0,9.0,False,"(5, 2)",onion,"(2, 3)",,"(4, 2):soup('onion', 3, 20)","(4, 2):soup('onion', 3, 20);(4, 3):empty"
124,3,"(-1, 0)","(5, 2)","(-1, 0)",onion,"(2, 3)","(1, 0)",,"(4, 2):soup('onion', 3, 20)","(4, 2):soup('onion', 3, 20);(4, 3):empty",0.0,9.0,5,interact,-0.007200000000000006,0.0,0.0,-0.007200000000000006,0.0,9.0,False,"(5, 2)",onion,"(2, 3)",,"(4, 2):soup('onion', 3, 20)","(4, 2):soup('onion', 3, 20);(4, 3):empty"
125,3,"(-1, 0)","(5, 2)","(-1, 0)",onion,"(2, 3)","(1, 0)",,"(4, 2):soup('onion', 3, 20)","(4, 2):soup('onion', 3, 20);(4, 3):empty",0.0,9.0,5,interact,-0.007200000000000006,0.0,0.0,-0.007200000000000006,0.0,9.0,False,"(5, 2)",onion,"(2, 3)",,"(4, 2):soup('onion', 3, 20)","(4, 2):soup('onion', 3, 20);(4, 3):empty"
126,3,"(-1, 0)","(5, 2)","(-1, 0)",onion,"(2, 3)","(1, 0)",,"(4, 2):soup('onion', 3, 20)","(4, 2):soup('onion', 3, 20);(4, 3):empty",0.0,9.0,5,interact,-0.007200000000000006,0.0,0.0,-0.007200000000000006,0.0,9.0,False,"(5, 2)",onion,"(2, 3)",,"(4, 2):soup('onion', 3, 20)","(4, 2):soup('onion', 3, 20);(4, 3):empty"
127,3,"(-1, 0)","(5, 2)","(-1, 0)",onion,"(2, 3)","(1, 0)",,"(4, 2):soup('onion', 3, 20)","(4, 2):soup('onion', 3, 20);(4, 3):empty",0.0,9.0,5,interact,-0.007200000000000006,0.0,0.0,-0.007200000000000006,0.0,9.0,False,"(5, 2)",onion,"(2, 3)",,"(4, 2):soup('onion', 3, 20)","(4, 2):soup('onion', 3, 20);(4, 3):empty"
128,3,"(-1, 0)","(5, 2)","(-1, 0)",onion,"(2, 3)","(1, 0)",,"(4, 2):soup('onion', 3, 20)","(4, 2):soup('onion', 3, 20);(4, 3):empty",0.0,9.0,5,interact,-0.007200000000000006,0.0,0.0,-0.007200000000000006,0.0,9.0,False,"(5, 2)",onion,"(2, 3)",,"(4, 2):soup('onion', 3, 20)","(4, 2):soup('onion', 3, 20);(4, 3):empty"
129,3,"(-1, 0)","(5, 2)","(-1, 0)",onion,"(2, 3)","(1, 0)",,"(4, 2):soup('onion', 3, 20)","(4, 2):soup('onion', 3, 20);(4, 3):empty",0.0,9.0,5,interact,-0.007200000000000006,0.0,0.0,-0.007200000000000006,0.0,9.0,False,"(5, 2)",onion,"(2, 3)",,"(4, 2):soup('onion', 3, 20)","(4, 2):soup('onion', 3, 20);(4, 3):empty"
130,3,"(-1, 0)","(5, 2)","(-1, 0)",onion,"(2, 3)","(1, 0)",,"(4, 2):soup('onion', 3, 20)","(4, 2):soup('onion', 3, 20);(4, 3):empty",0.0,9.0,5,interact,-0.007200000000000006,0.0,0.0,-0.007200000000000006,0.0,9.0,False,"(5, 2)",onion,"(2, 3)",,"(4, 2):soup('onion', 3, 20)","(4, 2):soup('onion', 3, 20);(4, 3):empty"
131,3,"(-1, 0)","(5, 2)","(-1, 0)",onion,"(2, 3)","(1, 0)",,"(4, 2):soup('onion', 3, 20)","(4, 2):soup('onion', 3, 20);(4, 3):empty",0.0,9.0,5,interact,-0.007200000000000006,0.0,0.0,-0.007200000000000006,0.0,9.0,False,"(5, 2)",onion,"(2, 3)",,"(4, 2):soup('onion', 3, 20)","(4, 2):soup('onion', 3, 20);(4, 3):empty"
132,3,"(-1, 0)","(5, 2)","(-1, 0)",onion,"(2, 3)","(1, 0)",,"(4, 2):soup('onion', 3, 20)","(4, 2):soup('onion', 3, 20);(4, 3):empty",0.0,9.0,5,interact,-0.007200000000000006,0.0,0.0,-0.007200000000000006,0.0,9.0,False,"(5, 2)",onion,"(2, 3)",,"(4, 2):soup('onion', 3, 20)","(4, 2):soup('onion', 3, 20);(4, 3):empty"
133,3,"(-1, 0)","(5, 2)","(-1, 0)",onion,"(2, 3)","(1, 0)",,"(4, 2):soup('onion', 3, 20)","(4, 2):soup('onion', 3, 20);(4, 3):empty",0.0,9.0,5,interact,-0.007200000000000006,0.0,0.0,-0.007200000000000006,0.0,9.0,False,"(5, 2)",onion,"(2, 3)",,"(4, 2):soup('onion', 3, 20)","(4, 2):soup('onion', 3, 20);(4, 3):empty"
134,3,"(-1, 0)","(5, 2)","(-1, 0)",onion,"(2, 3)","(1, 0)",,"(4, 2):soup('onion', 3, 20)","(4, 2):soup('onion', 3, 20);(4, 3):empty",0.0,9.0,5,interact,-0.007200000000000006,0.0,0.0,-0.007200000000000006,0.0,9.0,False,"(5, 2)",onion,"(2, 3)",,"(4, 2):soup('onion', 3, 20)","(4, 2):soup('onion', 3, 20);(4, 3):empty"
135,3,"(-1, 0)","(5, 2)","(-1, 0)",onion,"(2, 3)","(1, 0)",,"(4, 2):soup('onion', 3, 20)","(4, 2):soup('onion', 3, 20);(4, 3):empty",0.0,9.0,5,interact,-0.007200000000000006,0.0,0.0,-0.007200000000000006,0.0,9.0,False,"(5, 2)",onion,"(2, 3)",,"(4, 2):soup('onion', 3, 20)","(4, 2):soup('onion', 3, 20);(4, 3):empty"
136,3,"(-1, 0)","(5, 2)","(-1, 0)",onion,"(2, 3)","(1, 0)",,"(4, 2):soup('onion', 3, 20)","(4, 2):soup('onion', 3, 20);(4, 3):empty",0.0,9.0,5,interact,-0.007200000000000006,0.0,0.0,-0.007200000000000006,0.0,9.0,False,"(5, 2)",onion,"(2, 3)",,"(4, 2):soup('onion', 3, 20)","(4, 2):soup('onion', 3, 20);(4, 3):empty"
137,3,"(-1, 0)","(5, 2)","(-1, 0)",onion,"(2, 3)","(1, 0)",,"(4, 2):soup('onion', 3, 20)","(4, 2):soup('onion', 3, 20);(4, 3):empty",0.0,9.0,5,interact,-0.007200000000000006,0.0,0.0,-0.007200000000000006,0.0,9.0,False,"(5, 2)",onion,"(2, 3)",,"(4, 2):soup('onion', 3, 20)","(4, 2):soup('onion', 3, 20);(4, 3):empty"
138,3,"(-1, 0)","(5, 2)","(-1, 0)",onion,"(2, 3)","(1, 0)",,"(4, 2):soup('onion', 3, 20)","(4, 2):soup('onion', 3, 20);(4, 3):empty",0.0,9.0,5,interact,-0.007200000000000006,0.0,0.0,-0.007200000000000006,0.0,9.0,False,"(5, 2)",onion,"(2, 3)",,"(4, 2):soup('onion', 3, 20)","(4, 2):soup('onion', 3, 20);(4, 3):empty"
139,3,"(-1, 0)","(5, 2)","(-1, 0)",onion,"(2, 3)","(1, 0)",,"(4, 2):soup('onion', 3, 20)","(4, 2):soup('onion', 3, 20);(4, 3):empty",0.0,9.0,5,interact,-0.007200000000000006,0.0,0.0,-0.007200000000000006,0.0,9.0,False,"(5, 2)",onion,"(2, 3)",,"(4, 2):soup('onion', 3, 20)","(4, 2):soup('onion', 3, 20);(4, 3):empty"
140,3,"(-1, 0)","(5, 2)","(-1, 0)",onion,"(2, 3)","(1, 0)",,"(4, 2):soup('onion', 3, 20)","(4, 2):soup('onion', 3, 20);(4, 3):empty",0.0,9.0,5,interact,-0.007200000000000006,0.0,0.0,-0.007200000000000006,0.0,9.0,False,"(5, 2)",onion,"(2, 3)",,"(4, 2):soup('onion', 3, 20)","(4, 2):soup('onion', 3, 20);(4, 3):empty"
141,3,"(-1, 0)","(5, 2)","(-1, 0)",onion,"(2, 3)","(1, 0)",,"(4, 2):soup('onion', 3, 20)","(4, 2):soup('onion', 3, 20);(4, 3):empty",0.0,9.0,5,interact,-0.007200000000000006,0.0,0.0,-0.007200000000000006,0.0,9.0,False,"(5, 2)",onion,"(2, 3)",,"(4, 2):soup('onion', 3, 20)","(4, 2):soup('onion', 3, 20);(4, 3):empty"
142,3,"(-1, 0)","(5, 2)","(-1, 0)",onion,"(2, 3)","(1, 0)",,"(4, 2):soup('onion', 3, 20)","(4, 2):soup('onion', 3, 20);(4, 3):empty",0.0,9.0,5,interact,-0.007200000000000006,0.0,0.0,-0.007200000000000006,0.0,9.0,False,"(5, 2)",onion,"(2, 3)",,"(4, 2):soup('onion', 3, 20)","(4, 2):soup('onion', 3, 20);(4, 3):empty"
143,3,"(-1, 0)","(5, 2)","(-1, 0)",onion,"(2, 3)","(1, 0)",,"(4, 2):soup('onion', 3, 20)","(4, 2):soup('onion', 3, 20);(4, 3):empty",0.0,9.0,5,interact,-0.007200000000000006,0.0,0.0,-0.007200000000000006,0.0,9.0,False,"(5, 2)",onion,"(2, 3)",,"(4, 2):soup('onion', 3, 20)","(4, 2):soup('onion', 3, 20);(4, 3):empty"
144,3,"(-1, 0)","(5, 2)","(-1, 0)",onion,"(2, 3)","(1, 0)",,"(4, 2):soup('onion', 3, 20)","(4, 2):soup('onion', 3, 20);(4, 3):empty",0.0,9.0,5,interact,-0.007200000000000006,0.0,0.0,-0.007200000000000006,0.0,9.0,False,"(5, 2)",onion,"(2, 3)",,"(4, 2):soup('onion', 3, 20)","(4, 2):soup('onion', 3, 20);(4, 3):empty"
145,3,"(-1, 0)","(5, 2)","(-1, 0)",onion,"(2, 3)","(1, 0)",,"(4, 2):soup('onion', 3, 20)","(4, 2):soup('onion', 3, 20);(4, 3):empty",0.0,9.0,5,interact,-0.007200000000000006,0.0,0.0,-0.007200000000000006,0.0,9.0,False,"(5, 2)",onion,"(2, 3)",,"(4, 2):soup('onion', 3, 20)","(4, 2):soup('onion', 3, 20);(4, 3):empty"
146,3,"(-1, 0)","(5, 2)","(-1, 0)",onion,"(2, 3)","(1, 0)",,"(4, 2):soup('onion', 3, 20)","(4, 2):soup('onion', 3, 20);(4, 3):empty",0.0,9.0,5,interact,-0.007200000000000006,0.0,0.0,-0.007200000000000006,0.0,9.0,False,"(5, 2)",onion,"(2, 3)",,"(4, 2):soup('onion', 3, 20)","(4, 2):soup('onion', 3, 20);(4, 3):empty"
147,3,"(-1, 0)","(5, 2)","(-1, 0)",onion,"(2, 3)","(1, 0)",,"(4, 2):soup('onion', 3, 20)","(4, 2):soup('onion', 3, 20);(4, 3):empty",0.0,9.0,5,interact,-0.007200000000000006,0.0,0.0,-0.007200000000000006,0.0,9.0,False,"(5, 2)",onion,"(2, 3)",,"(4, 2):soup('onion', 3, 20)","(4, 2):soup('onion', 3, 20);(4, 3):empty"
148,3,"(-1, 0)","(5, 2)","(-1, 0)",onion,"(2, 3)","(1, 0)",,"(4, 2):soup('onion', 3, 20)","(4, 2):soup('onion', 3, 20);(4, 3):empty",0.0,9.0,5,interact,-0.007200000000000006,0.0,0.0,-0.007200000000000006,0.0,9.0,False,"(5, 2)",onion,"(2, 3)",,"(4, 2):soup('onion', 3, 20)","(4, 2):soup('onion', 3, 20);(4, 3):empty"
149,3,"(-1, 0)","(5, 2)","(-1, 0)",onion,"(2, 3)","(1, 0)",,"(4, 2):soup('onion', 3, 20)","(4, 2):soup('onion', 3, 20);(4, 3):empty",0.0,9.0,5,interact,-0.007200000000000006,0.0,0.0,-0.007200000000000006,0.0,9.0,False,"(5, 2)",onion,"(2, 3)",,"(4, 2):soup('onion', 3, 20)","(4, 2):soup('onion', 3, 20);(4, 3):empty"
150,3,"(-1, 0)","(5, 2)","(-1, 0)",onion,"(2, 3)","(1, 0)",,"(4, 2):soup('onion', 3, 20)","(4, 2):soup('onion', 3, 20);(4, 3):empty",0.0,9.0,5,interact,-0.007200000000000006,0.0,0.0,-0.007200000000000006,0.0,9.0,False,"(5, 2)",onion,"(2, 3)",,"(4, 2):soup('onion', 3, 20)","(4, 2):soup('onion', 3, 20);(4, 3):empty"
151,3,"(-1, 0)","(5, 2)","(-1, 0)",onion,"(2, 3)","(1, 0)",,"(4, 2):soup('onion', 3, 20)","(4, 2):soup('onion', 3, 20);(4, 3):empty",0.0,9.0,5,interact,-0.007200000000000006,0.0,0.0,-0.007200000000000006,0.0,9.0,False,"(5, 2)",onion,"(2, 3)",,"(4, 2):soup('onion', 3, 20)","(4, 2):soup('onion', 3, 20);(4, 3):empty"
152,3,"(-1, 0)","(5, 2)","(-1, 0)",onion,"(2, 3)","(1, 0)",,"(4, 2):soup('onion', 3, 20)","(4, 2):soup('onion', 3, 20);(4, 3):empty",0.0,9.0,5,interact,-0.007200000000000006,0.0,0.0,-0.007200000000000006,0.0,9.0,False,"(5, 2)",onion,"(2, 3)",,"(4, 2):soup('onion', 3, 20)","(4, 2):soup('onion', 3, 20);(4, 3):empty"
153,3,"(-1, 0)","(5, 2)","(-1, 0)",onion,"(2, 3)","(1, 0)",,"(4, 2):soup('onion', 3, 20)","(4, 2):soup('onion', 3, 20);(4, 3):empty",0.0,9.0,5,interact,-0.007200000000000006,0.0,0.0,-0.007200000000000006,0.0,9.0,False,"(5, 2)",onion,"(2, 3)",,"(4, 2):soup('onion', 3, 20)","(4, 2):soup('onion', 3, 20);(4, 3):empty"
154,3,"(-1, 0)","(5, 2)","(-1, 0)",onion,"(2, 3)","(1, 0)",,"(4, 2):soup('onion', 3, 20)","(4, 2):soup('onion', 3, 20);(4, 3):empty",0.0,9.0,5,interact,-0.007200000000000006,0.0,0.0,-0.007200000000000006,0.0,9.0,False,"(5, 2)",onion,"(2, 3)",,"(4, 2):soup('onion', 3, 20)","(4, 2):soup('onion', 3, 20);(4, 3):empty"
155,3,"(-1, 0)","(5, 2)","(-1, 0)",onion,"(2, 3)","(1, 0)",,"(4, 2):soup('onion', 3, 20)","(4, 2):soup('onion', 3, 20);(4, 3):empty",0.0,9.0,5,interact,-0.007200000000000006,0.0,0.0,-0.007200000000000006,0.0,9.0,False,"(5, 2)",onion,"(2, 3)",,"(4, 2):soup('onion', 3, 20)","(4, 2):soup('onion', 3, 20);(4, 3):empty"
156,3,"(-1, 0)","(5, 2)","(-1, 0)",onion,"(2, 3)","(1, 0)",,"(4, 2):soup('onion', 3, 20)","(4, 2):soup('onion', 3, 20);(4, 3):empty",0.0,9.0,5,interact,-0.007200000000000006,0.0,0.0,-0.007200000000000006,0.0,9.0,False,"(5, 2)",onion,"(2, 3)",,"(4, 2):soup('onion', 3, 20)","(4, 2):soup('onion', 3, 20);(4, 3):empty"
157,3,"(-1, 0)","(5, 2)","(-1, 0)",onion,"(2, 3)","(1, 0)",,"(4, 2):soup('onion', 3, 20)","(4, 2):soup('onion', 3, 20);(4, 3):empty",0.0,9.0,5,interact,-0.007200000000000006,0.0,0.0,-0.007200000000000006,0.0,9.0,False,"(5, 2)",onion,"(2, 3)",,"(4, 2):soup('onion', 3, 20)","(4, 2):soup('onion', 3, 20);(4, 3):empty"
158,3,"(-1, 0)","(5, 2)","(-1, 0)",onion,"(2, 3)","(1, 0)",,"(4, 2):soup('onion', 3, 20)","(4, 2):soup('onion', 3, 20);(4, 3):empty",0.0,9.0,5,interact,-0.007200000000000006,0.0,0.0,-0.007200000000000006,0.0,9.0,False,"(5, 2)",onion,"(2, 3)",,"(4, 2):soup('onion', 3, 20)","(4, 2):soup('onion', 3, 20);(4, 3):empty"
159,3,"(-1, 0)","(5, 2)","(-1, 0)",onion,"(2, 3)","(1, 0)",,"(4, 2):soup('onion', 3, 20)","(4, 2):soup('onion', 3, 20);(4, 3):empty",0.0,9.0,5,interact,-0.007200000000000006,0.0,0.0,-0.007200000000000006,0.0,9.0,False,"(5, 2)",onion,"(2, 3)",,"(4, 2):soup('onion', 3, 20)","(4, 2):soup('onion', 3, 20);(4, 3):empty"
160,3,"(-1, 0)","(5, 2)","(-1, 0)",onion,"(2, 3)","(1, 0)",,"(4, 2):soup('onion', 3, 20)","(4, 2):soup('onion', 3, 20);(4, 3):empty",0.0,9.0,5,interact,-0.007200000000000006,0.0,0.0,-0.007200000000000006,0.0,9.0,False,"(5, 2)",onion,"(2, 3)",,"(4, 2):soup('onion', 3, 20)","(4, 2):soup('onion', 3, 20);(4, 3):empty"
161,3,"(-1, 0)","(5, 2)","(-1, 0)",onion,"(2, 3)","(1, 0)",,"(4, 2):soup('onion', 3, 20)","(4, 2):soup('onion', 3, 20);(4, 3):empty",0.0,9.0,5,interact,-0.007200000000000006,0.0,0.0,-0.007200000000000006,0.0,9.0,False,"(5, 2)",onion,"(2, 3)",,"(4, 2):soup('onion', 3, 20)","(4, 2):soup('onion', 3, 20);(4, 3):empty"
162,3,"(-1, 0)","(5, 2)","(-1, 0)",onion,"(2, 3)","(1, 0)",,"(4, 2):soup('onion', 3, 20)","(4, 2):soup('onion', 3, 20);(4, 3):empty",0.0,9.0,5,interact,-0.007200000000000006,0.0,0.0,-0.007200000000000006,0.0,9.0,False,"(5, 2)",onion,"(2, 3)",,"(4, 2):soup('onion', 3, 20)","(4, 2):soup('onion', 3, 20);(4, 3):empty"
163,3,"(-1, 0)","(5, 2)","(-1, 0)",onion,"(2, 3)","(1, 0)",,"(4, 2):soup('onion', 3, 20)","(4, 2):soup('onion', 3, 20);(4, 3):empty",0.0,9.0,5,interact,-0.007200000000000006,0.0,0.0,-0.007200000000000006,0.0,9.0,False,"(5, 2)",onion,"(2, 3)",,"(4, 2):soup('onion', 3, 20)","(4, 2):soup('onion', 3, 20);(4, 3):empty"
164,3,"(-1, 0)","(5, 2)","(-1, 0)",onion,"(2, 3)","(1, 0)",,"(4, 2):soup('onion', 3, 20)","(4, 2):soup('onion', 3, 20);(4, 3):empty",0.0,9.0,5,interact,-0.007200000000000006,0.0,0.0,-0.007200000000000006,0.0,9.0,False,"(5, 2)",onion,"(2, 3)",,"(4, 2):soup('onion', 3, 20)","(4, 2):soup('onion', 3, 20);(4, 3):empty"
165,3,"(-1, 0)","(5, 2)","(-1, 0)",onion,"(2, 3)","(1, 0)",,"(4, 2):soup('onion', 3, 20)","(4, 2):soup('onion', 3, 20);(4, 3):empty",0.0,9.0,5,interact,-0.007200000000000006,0.0,0.0,-0.007200000000000006,0.0,9.0,False,"(5, 2)",onion,"(2, 3)",,"(4, 2):soup('onion', 3, 20)","(4, 2):soup('onion', 3, 20);(4, 3):empty"
166,3,"(-1, 0)","(5, 2)","(-1, 0)",onion,"(2, 3)","(1, 0)",,"(4, 2):soup('onion', 3, 20)","(4, 2):soup('onion', 3, 20);(4, 3):empty",0.0,9.0,5,interact,-0.007200000000000006,0.0,0.0,-0.007200000000000006,0.0,9.0,False,"(5, 2)",onion,"(2, 3)",,"(4, 2):soup('onion', 3, 20)","(4, 2):soup('onion', 3, 20);(4, 3):empty"
167,3,"(-1, 0)","(5, 2)","(-1, 0)",onion,"(2, 3)","(1, 0)",,"(4, 2):soup('onion', 3, 20)","(4, 2):soup('onion', 3, 20);(4, 3):empty",0.0,9.0,5,interact,-0.007200000000000006,0.0,0.0,-0.007200000000000006,0.0,9.0,False,"(5, 2)",onion,"(2, 3)",,"(4, 2):soup('onion', 3, 20)","(4, 2):soup('onion', 3, 20);(4, 3):empty"
168,3,"(-1, 0)","(5, 2)","(-1, 0)",onion,"(2, 3)","(1, 0)",,"(4, 2):soup('onion', 3, 20)","(4, 2):soup('onion', 3, 20);(4, 3):empty",0.0,9.0,5,interact,-0.007200000000000006,0.0,0.0,-0.007200000000000006,0.0,9.0,False,"(5, 2)",onion,"(2, 3)",,"(4, 2):soup('onion', 3, 20)","(4, 2):soup('onion', 3, 20);(4, 3):empty"
169,3,"(-1, 0)","(5, 2)","(-1, 0)",onion,"(2, 3)","(1, 0)",,"(4, 2):soup('onion', 3, 20)","(4, 2):soup('onion', 3, 20);(4, 3):empty",0.0,9.0,5,interact,-0.007200000000000006,0.0,0.0,-0.007200000000000006,0.0,9.0,False,"(5, 2)",onion,"(2, 3)",,"(4, 2):soup('onion', 3, 20)","(4, 2):soup('onion', 3, 20);(4, 3):empty"
170,3,"(-1, 0)","(5, 2)","(-1, 0)",onion,"(2, 3)","(1, 0)",,"(4, 2):soup('onion', 3, 20)","(4, 2):soup('onion', 3, 20);(4, 3):empty",0.0,9.0,5,interact,-0.007200000000000006,0.0,0.0,-0.007200000000000006,0.0,9.0,False,"(5, 2)",onion,"(2, 3)",,"(4, 2):soup('onion', 3, 20)","(4, 2):soup('onion', 3, 20);(4, 3):empty"
171,3,"(-1, 0)","(5, 2)","(-1, 0)",onion,"(2, 3)","(1, 0)",,"(4, 2):soup('onion', 3, 20)","(4, 2):soup('onion', 3, 20);(4, 3):empty",0.0,9.0,5,interact,-0.007200000000000006,0.0,0.0,-0.007200000000000006,0.0,9.0,False,"(5, 2)",onion,"(2, 3)",,"(4, 2):soup('onion', 3, 20)","(4, 2):soup('onion', 3, 20);(4, 3):empty"
172,3,"(-1, 0)","(5, 2)","(-1, 0)",onion,"(2, 3)","(1, 0)",,"(4, 2):soup('onion', 3, 20)","(4, 2):soup('onion', 3, 20);(4, 3):empty",0.0,9.0,5,interact,-0.007200000000000006,0.0,0.0,-0.007200000000000006,0.0,9.0,False,"(5, 2)",onion,"(2, 3)",,"(4, 2):soup('onion', 3, 20)","(4, 2):soup('onion', 3, 20);(4, 3):empty"
173,3,"(-1, 0)","(5, 2)","(-1, 0)",onion,"(2, 3)","(1, 0)",,"(4, 2):soup('onion', 3, 20)","(4, 2):soup('onion', 3, 20);(4, 3):empty",0.0,9.0,5,interact,-0.007200000000000006,0.0,0.0,-0.007200000000000006,0.0,9.0,False,"(5, 2)",onion,"(2, 3)",,"(4, 2):soup('onion', 3, 20)","(4, 2):soup('onion', 3, 20);(4, 3):empty"
174,3,"(-1, 0)","(5, 2)","(-1, 0)",onion,"(2, 3)","(1, 0)",,"(4, 2):soup('onion', 3, 20)","(4, 2):soup('onion', 3, 20);(4, 3):empty",0.0,9.0,5,interact,-0.007200000000000006,0.0,0.0,-0.007200000000000006,0.0,9.0,False,"(5, 2)",onion,"(2, 3)",,"(4, 2):soup('onion', 3, 20)","(4, 2):soup('onion', 3, 20);(4, 3):empty"
175,3,"(-1, 0)","(5, 2)","(-1, 0)",onion,"(2, 3)","(1, 0)",,"(4, 2):soup('onion', 3, 20)","(4, 2):soup('onion', 3, 20);(4, 3):empty",0.0,9.0,5,interact,-0.007200000000000006,0.0,0.0,-0.007200000000000006,0.0,9.0,False,"(5, 2)",onion,"(2, 3)",,"(4, 2):soup('onion', 3, 20)","(4, 2):soup('onion', 3, 20);(4, 3):empty"
176,3,"(-1, 0)","(5, 2)","(-1, 0)",onion,"(2, 3)","(1, 0)",,"(4, 2):soup('onion', 3, 20)","(4, 2):soup('onion', 3, 20);(4, 3):empty",0.0,9.0,5,interact,-0.007200000000000006,0.0,0.0,-0.007200000000000006,0.0,9.0,False,"(5, 2)",onion,"(2, 3)",,"(4, 2):soup('onion', 3, 20)","(4, 2):soup('onion', 3, 20);(4, 3):empty"
177,3,"(-1, 0)","(5, 2)","(-1, 0)",onion,"(2, 3)","(1, 0)",,"(4, 2):soup('onion', 3, 20)","(4, 2):soup('onion', 3, 20);(4, 3):empty",0.0,9.0,5,interact,-0.007200000000000006,0.0,0.0,-0.007200000000000006,0.0,9.0,False,"(5, 2)",onion,"(2, 3)",,"(4, 2):soup('onion', 3, 20)","(4, 2):soup('onion', 3, 20);(4, 3):empty"
178,3,"(-1, 0)","(5, 2)","(-1, 0)",onion,"(2, 3)","(1, 0)",,"(4, 2):soup('onion', 3, 20)","(4, 2):soup('onion', 3, 20);(4, 3):empty",0.0,9.0,5,interact,-0.007200000000000006,0.0,0.0,-0.007200000000000006,0.0,9.0,False,"(5, 2)",onion,"(2, 3)",,"(4, 2):soup('onion', 3, 20)","(4, 2):soup('onion', 3, 20);(4, 3):empty"
179,3,"(-1, 0)","(5, 2)","(-1, 0)",onion,"(2, 3)","(1, 0)",,"(4, 2):soup('onion', 3, 20)","(4, 2):soup('onion', 3, 20);(4, 3):empty",0.0,9.0,5,interact,-0.007200000000000006,0.0,0.0,-0.007200000000000006,0.0,9.0,False,"(5, 2)",onion,"(2, 3)",,"(4, 2):soup('onion', 3, 20)","(4, 2):soup('onion', 3, 20);(4, 3):empty"
180,3,"(-1, 0)","(5, 2)","(-1, 0)",onion,"(2, 3)","(1, 0)",,"(4, 2):soup('onion', 3, 20)","(4, 2):soup('onion', 3, 20);(4, 3):empty",0.0,9.0,5,interact,-0.007200000000000006,0.0,0.0,-0.007200000000000006,0.0,9.0,False,"(5, 2)",onion,"(2, 3)",,"(4, 2):soup('onion', 3, 20)","(4, 2):soup('onion', 3, 20);(4, 3):empty"
181,3,"(-1, 0)","(5, 2)","(-1, 0)",onion,"(2, 3)","(1, 0)",,"(4, 2):soup('onion', 3, 20)","(4, 2):soup('onion', 3, 20);(4, 3):empty",0.0,9.0,5,interact,-0.007200000000000006,0.0,0.0,-0.007200000000000006,0.0,9.0,False,"(5, 2)",onion,"(2, 3)",,"(4, 2):soup('onion', 3, 20)","(4, 2):soup('onion', 3, 20);(4, 3):empty"
182,3,"(-1, 0)","(5, 2)","(-1, 0)",onion,"(2, 3)","(1, 0)",,"(4, 2):soup('onion', 3, 20)","(4, 2):soup('onion', 3, 20);(4, 3):empty",0.0,9.0,5,interact,-0.007200000000000006,0.0,0.0,-0.007200000000000006,0.0,9.0,False,"(5, 2)",onion,"(2, 3)",,"(4, 2):soup('onion', 3, 20)","(4, 2):soup('onion', 3, 20);(4, 3):empty"
183,3,"(-1, 0)","(5, 2)","(-1, 0)",onion,"(2, 3)","(1, 0)",,"(4, 2):soup('onion', 3, 20)","(4, 2):soup('onion', 3, 20);(4, 3):empty",0.0,9.0,5,interact,-0.007200000000000006,0.0,0.0,-0.007200000000000006,0.0,9.0,False,"(5, 2)",onion,"(2, 3)",,"(4, 2):soup('onion', 3, 20)","(4, 2):soup('onion', 3, 20);(4, 3):empty"
184,3,"(-1, 0)","(5, 2)","(-1, 0)",onion,"(2, 3)","(1, 0)",,"(4, 2):soup('onion', 3, 20)","(4, 2):soup('onion', 3, 20);(4, 3):empty",0.0,9.0,5,interact,-0.007200000000000006,0.0,0.0,-0.007200000000000006,0.0,9.0,False,"(5, 2)",onion,"(2, 3)",,"(4, 2):soup('onion', 3, 20)","(4, 2):soup('onion', 3, 20);(4, 3):empty"
185,3,"(-1, 0)","(5, 2)","(-1, 0)",onion,"(2, 3)","(1, 0)",,"(4, 2):soup('onion', 3, 20)","(4, 2):soup('onion', 3, 20);(4, 3):empty",0.0,9.0,5,interact,-0.007200000000000006,0.0,0.0,-0.007200000000000006,0.0,9.0,False,"(5, 2)",onion,"(2, 3)",,"(4, 2):soup('onion', 3, 20)","(4, 2):soup('onion', 3, 20);(4, 3):empty"
186,3,"(-1, 0)","(5, 2)","(-1, 0)",onion,"(2, 3)","(1, 0)",,"(4, 2):soup('onion', 3, 20)","(4, 2):soup('onion', 3, 20);(4, 3):empty",0.0,9.0,5,interact,-0.007200000000000006,0.0,0.0,-0.007200000000000006,0.0,9.0,False,"(5, 2)",onion,"(2, 3)",,"(4, 2):soup('onion', 3, 20)","(4, 2):soup('onion', 3, 20);(4, 3):empty"
187,3,"(-1, 0)","(5, 2)","(-1, 0)",onion,"(2, 3)","(1, 0)",,"(4, 2):soup('onion', 3, 20)","(4, 2):soup('onion', 3, 20);(4, 3):empty",0.0,9.0,5,interact,-0.007200000000000006,0.0,0.0,-0.007200000000000006,0.0,9.0,False,"(5, 2)",onion,"(2, 3)",,"(4, 2):soup('onion', 3, 20)","(4, 2):soup('onion', 3, 20);(4, 3):empty"
188,3,"(-1, 0)","(5, 2)","(-1, 0)",onion,"(2, 3)","(1, 0)",,"(4, 2):soup('onion', 3, 20)","(4, 2):soup('onion', 3, 20);(4, 3):empty",0.0,9.0,5,interact,-0.007200000000000006,0.0,0.0,-0.007200000000000006,0.0,9.0,False,"(5, 2)",onion,"(2, 3)",,"(4, 2):soup('onion', 3, 20)","(4, 2):soup('onion', 3, 20);(4, 3):empty"
189,3,"(-1, 0)","(5, 2)","(-1, 0)",onion,"(2, 3)","(1, 0)",,"(4, 2):soup('onion', 3, 20)","(4, 2):soup('onion', 3, 20);(4, 3):empty",0.0,9.0,5,interact,-0.007200000000000006,0.0,0.0,-0.007200000000000006,0.0,9.0,False,"(5, 2)",onion,"(2, 3)",,"(4, 2):soup('onion', 3, 20)","(4, 2):soup('onion', 3, 20);(4, 3):empty"
190,3,"(-1, 0)","(5, 2)","(-1, 0)",onion,"(2, 3)","(1, 0)",,"(4, 2):soup('onion', 3, 20)","(4, 2):soup('onion', 3, 20);(4, 3):empty",0.0,9.0,5,interact,-0.007200000000000006,0.0,0.0,-0.007200000000000006,0.0,9.0,False,"(5, 2)",onion,"(2, 3)",,"(4, 2):soup('onion', 3, 20)","(4, 2):soup('onion', 3, 20);(4, 3):empty"
191,3,"(-1, 0)","(5, 2)","(-1, 0)",onion,"(2, 3)","(1, 0)",,"(4, 2):soup('onion', 3, 20)","(4, 2):soup('onion', 3, 20);(4, 3):empty",0.0,9.0,5,interact,-0.007200000000000006,0.0,0.0,-0.007200000000000006,0.0,9.0,False,"(5, 2)",onion,"(2, 3)",,"(4, 2):soup('onion', 3, 20)","(4, 2):soup('onion', 3, 20);(4, 3):empty"
192,3,"(-1, 0)","(5, 2)","(-1, 0)",onion,"(2, 3)","(1, 0)",,"(4, 2):soup('onion', 3, 20)","(4, 2):soup('onion', 3, 20);(4, 3):empty",0.0,9.0,5,interact,-0.007200000000000006,0.0,0.0,-0.007200000000000006,0.0,9.0,False,"(5, 2)",onion,"(2, 3)",,"(4, 2):soup('onion', 3, 20)","(4, 2):soup('onion', 3, 20);(4, 3):empty"
193,3,"(-1, 0)","(5, 2)","(-1, 0)",onion,"(2, 3)","(1, 0)",,"(4, 2):soup('onion', 3, 20)","(4, 2):soup('onion', 3, 20);(4, 3):empty",0.0,9.0,5,interact,-0.007200000000000006,0.0,0.0,-0.007200000000000006,0.0,9.0,False,"(5, 2)",onion,"(2, 3)",,"(4, 2):soup('onion', 3, 20)","(4, 2):soup('onion', 3, 20);(4, 3):empty"
194,3,"(-1, 0)","(5, 2)","(-1, 0)",onion,"(2, 3)","(1, 0)",,"(4, 2):soup('onion', 3, 20)","(4, 2):soup('onion', 3, 20);(4, 3):empty",0.0,9.0,5,interact,-0.007200000000000006,0.0,0.0,-0.007200000000000006,0.0,9.0,False,"(5, 2)",onion,"(2, 3)",,"(4, 2):soup('onion', 3, 20)","(4, 2):soup('onion', 3, 20);(4, 3):empty"
195,3,"(-1, 0)","(5, 2)","(-1, 0)",onion,"(2, 3)","(1, 0)",,"(4, 2):soup('onion', 3, 20)","(4, 2):soup('onion', 3, 20);(4, 3):empty",0.0,9.0,5,interact,-0.007200000000000006,0.0,0.0,-0.007200000000000006,0.0,9.0,False,"(5, 2)",onion,"(2, 3)",,"(4, 2):soup('onion', 3, 20)","(4, 2):soup('onion', 3, 20);(4, 3):empty"
196,3,"(-1, 0)","(5, 2)","(-1, 0)",onion,"(2, 3)","(1, 0)",,"(4, 2):soup('onion', 3, 20)","(4, 2):soup('onion', 3, 20);(4, 3):empty",0.0,9.0,5,interact,-0.007200000000000006,0.0,0.0,-0.007200000000000006,0.0,9.0,False,"(5, 2)",onion,"(2, 3)",,"(4, 2):soup('onion', 3, 20)","(4, 2):soup('onion', 3, 20);(4, 3):empty"
197,3,"(-1, 0)","(5, 2)","(-1, 0)",onion,"(2, 3)","(1, 0)",,"(4, 2):soup('onion', 3, 20)","(4, 2):soup('onion', 3, 20);(4, 3):empty",0.0,9.0,5,interact,-0.007200000000000006,0.0,0.0,-0.007200000000000006,0.0,9.0,False,"(5, 2)",onion,"(2, 3)",,"(4, 2):soup('onion', 3, 20)","(4, 2):soup('onion', 3, 20);(4, 3):empty"
198,3,"(-1, 0)","(5, 2)","(-1, 0)",onion,"(2, 3)","(1, 0)",,"(4, 2):soup('onion', 3, 20)","(4, 2):soup('onion', 3, 20);(4, 3):empty",0.0,9.0,5,interact,-0.007200000000000006,0.0,0.0,-0.007200000000000006,0.0,9.0,False,"(5, 2)",onion,"(2, 3)",,"(4, 2):soup('onion', 3, 20)","(4, 2):soup('onion', 3, 20);(4, 3):empty"
199,3,"(-1, 0)","(5, 2)","(-1, 0)",onion,"(2, 3)","(1, 0)",,"(4, 2):soup('onion', 3, 20)","(4, 2):soup('onion', 3, 20);(4, 3):empty",0.0,9.0,5,interact,-0.007200000000000006,0.0,0.0,-0.007200000000000006,0.0,9.0,False,"(5, 2)",onion,"(2, 3)",,"(4, 2):soup('onion', 3, 20)","(4, 2):soup('onion', 3, 20);(4, 3):empty"
200,3,"(-1, 0)","(5, 2)","(-1, 0)",onion,"(2, 3)","(1, 0)",,"(4, 2):soup('onion', 3, 20)","(4, 2):soup('onion', 3, 20);(4, 3):empty",0.0,9.0,5,interact,-0.007200000000000006,0.0,0.0,-0.007200000000000006,0.0,9.0,False,"(5, 2)",onion,"(2, 3)",,"(4, 2):soup('onion', 3, 20)","(4, 2):soup('onion', 3, 20);(4, 3):empty"
201,3,"(-1, 0)","(5, 2)","(-1, 0)",onion,"(2, 3)","(1, 0)",,"(4, 2):soup('onion', 3, 20)","(4, 2):soup('onion', 3, 20);(4, 3):empty",0.0,9.0,5,interact,-0.007200000000000006,0.0,0.0,-0.007200000000000006,0.0,9.0,False,"(5, 2)",onion,"(2, 3)",,"(4, 2):soup('onion', 3, 20)","(4, 2):soup('onion', 3, 20);(4, 3):empty"
202,3,"(-1, 0)","(5, 2)","(-1, 0)",onion,"(2, 3)","(1, 0)",,"(4, 2):soup('onion', 3, 20)","(4, 2):soup('onion', 3, 20);(4, 3):empty",0.0,9.0,5,interact,-0.007200000000000006,0.0,0.0,-0.007200000000000006,0.0,9.0,False,"(5, 2)",onion,"(2, 3)",,"(4, 2):soup('onion', 3, 20)","(4, 2):soup('onion', 3, 20);(4, 3):empty"
203,3,"(-1, 0)","(5, 2)","(-1, 0)",onion,"(2, 3)","(1, 0)",,"(4, 2):soup('onion', 3, 20)","(4, 2):soup('onion', 3, 20);(4, 3):empty",0.0,9.0,5,interact,-0.007200000000000006,0.0,0.0,-0.007200000000000006,0.0,9.0,False,"(5, 2)",onion,"(2, 3)",,"(4, 2):soup('onion', 3, 20)","(4, 2):soup('onion', 3, 20);(4, 3):empty"
204,3,"(-1, 0)","(5, 2)","(-1, 0)",onion,"(2, 3)","(1, 0)",,"(4, 2):soup('onion', 3, 20)","(4, 2):soup('onion', 3, 20);(4, 3):empty",0.0,9.0,5,interact,-0.007200000000000006,0.0,0.0,-0.007200000000000006,0.0,9.0,False,"(5, 2)",onion,"(2, 3)",,"(4, 2):soup('onion', 3, 20)","(4, 2):soup('onion', 3, 20);(4, 3):empty"
205,3,"(-1, 0)","(5, 2)","(-1, 0)",onion,"(2, 3)","(1, 0)",,"(4, 2):soup('onion', 3, 20)","(4, 2):soup('onion', 3, 20);(4, 3):empty",0.0,9.0,5,interact,-0.007200000000000006,0.0,0.0,-0.007200000000000006,0.0,9.0,False,"(5, 2)",onion,"(2, 3)",,"(4, 2):soup('onion', 3, 20)","(4, 2):soup('onion', 3, 20);(4, 3):empty"
206,3,"(-1, 0)","(5, 2)","(-1, 0)",onion,"(2, 3)","(1, 0)",,"(4, 2):soup('onion', 3, 20)","(4, 2):soup('onion', 3, 20);(4, 3):empty",0.0,9.0,5,interact,-0.007200000000000006,0.0,0.0,-0.007200000000000006,0.0,9.0,False,"(5, 2)",onion,"(2, 3)",,"(4, 2):soup('onion', 3, 20)","(4, 2):soup('onion', 3, 20);(4, 3):empty"
207,3,"(-1, 0)","(5, 2)","(-1, 0)",onion,"(2, 3)","(1, 0)",,"(4, 2):soup('onion', 3, 20)","(4, 2):soup('onion', 3, 20);(4, 3):empty",0.0,9.0,5,interact,-0.007200000000000006,0.0,0.0,-0.007200000000000006,0.0,9.0,False,"(5, 2)",onion,"(2, 3)",,"(4, 2):soup('onion', 3, 20)","(4, 2):soup('onion', 3, 20);(4, 3):empty"
208,3,"(-1, 0)","(5, 2)","(-1, 0)",onion,"(2, 3)","(1, 0)",,"(4, 2):soup('onion', 3, 20)","(4, 2):soup('onion', 3, 20);(4, 3):empty",0.0,9.0,5,interact,-0.007200000000000006,0.0,0.0,-0.007200000000000006,0.0,9.0,False,"(5, 2)",onion,"(2, 3)",,"(4, 2):soup('onion', 3, 20)","(4, 2):soup('onion', 3, 20);(4, 3):empty"
209,3,"(-1, 0)","(5, 2)","(-1, 0)",onion,"(2, 3)","(1, 0)",,"(4, 2):soup('onion', 3, 20)","(4, 2):soup('onion', 3, 20);(4, 3):empty",0.0,9.0,5,interact,-0.007200000000000006,0.0,0.0,-0.007200000000000006,0.0,9.0,False,"(5, 2)",onion,"(2, 3)",,"(4, 2):soup('onion', 3, 20)","(4, 2):soup('onion', 3, 20);(4, 3):empty"
210,3,"(-1, 0)","(5, 2)","(-1, 0)",onion,"(2, 3)","(1, 0)",,"(4, 2):soup('onion', 3, 20)","(4, 2):soup('onion', 3, 20);(4, 3):empty",0.0,9.0,5,interact,-0.007200000000000006,0.0,0.0,-0.007200000000000006,0.0,9.0,False,"(5, 2)",onion,"(2, 3)",,"(4, 2):soup('onion', 3, 20)","(4, 2):soup('onion', 3, 20);(4, 3):empty"
211,3,"(-1, 0)","(5, 2)","(-1, 0)",onion,"(2, 3)","(1, 0)",,"(4, 2):soup('onion', 3, 20)","(4, 2):soup('onion', 3, 20);(4, 3):empty",0.0,9.0,5,interact,-0.007200000000000006,0.0,0.0,-0.007200000000000006,0.0,9.0,False,"(5, 2)",onion,"(2, 3)",,"(4, 2):soup('onion', 3, 20)","(4, 2):soup('onion', 3, 20);(4, 3):empty"
212,3,"(-1, 0)","(5, 2)","(-1, 0)",onion,"(2, 3)","(1, 0)",,"(4, 2):soup('onion', 3, 20)","(4, 2):soup('onion', 3, 20);(4, 3):empty",0.0,9.0,5,interact,-0.007200000000000006,0.0,0.0,-0.007200000000000006,0.0,9.0,False,"(5, 2)",onion,"(2, 3)",,"(4, 2):soup('onion', 3, 20)","(4, 2):soup('onion', 3, 20);(4, 3):empty"
213,3,"(-1, 0)","(5, 2)","(-1, 0)",onion,"(2, 3)","(1, 0)",,"(4, 2):soup('onion', 3, 20)","(4, 2):soup('onion', 3, 20);(4, 3):empty",0.0,9.0,5,interact,-0.007200000000000006,0.0,0.0,-0.007200000000000006,0.0,9.0,False,"(5, 2)",onion,"(2, 3)",,"(4, 2):soup('onion', 3, 20)","(4, 2):soup('onion', 3, 20);(4, 3):empty"
214,3,"(-1, 0)","(5, 2)","(-1, 0)",onion,"(2, 3)","(1, 0)",,"(4, 2):soup('onion', 3, 20)","(4, 2):soup('onion', 3, 20);(4, 3):empty",0.0,9.0,5,interact,-0.007200000000000006,0.0,0.0,-0.007200000000000006,0.0,9.0,False,"(5, 2)",onion,"(2, 3)",,"(4, 2):soup('onion', 3, 20)","(4, 2):soup('onion', 3, 20);(4, 3):empty"
215,3,"(-1, 0)","(5, 2)","(-1, 0)",onion,"(2, 3)","(1, 0)",,"(4, 2):soup('onion', 3, 20)","(4, 2):soup('onion', 3, 20);(4, 3):empty",0.0,9.0,5,interact,-0.007200000000000006,0.0,0.0,-0.007200000000000006,0.0,9.0,False,"(5, 2)",onion,"(2, 3)",,"(4, 2):soup('onion', 3, 20)","(4, 2):soup('onion', 3, 20);(4, 3):empty"
216,3,"(-1, 0)","(5, 2)","(-1, 0)",onion,"(2, 3)","(1, 0)",,"(4, 2):soup('onion', 3, 20)","(4, 2):soup('onion', 3, 20);(4, 3):empty",0.0,9.0,5,interact,-0.007200000000000006,0.0,0.0,-0.007200000000000006,0.0,9.0,False,"(5, 2)",onion,"(2, 3)",,"(4, 2):soup('onion', 3, 20)","(4, 2):soup('onion', 3, 20);(4, 3):empty"
217,3,"(-1, 0)","(5, 2)","(-1, 0)",onion,"(2, 3)","(1, 0)",,"(4, 2):soup('onion', 3, 20)","(4, 2):soup('onion', 3, 20);(4, 3):empty",0.0,9.0,5,interact,-0.007200000000000006,0.0,0.0,-0.007200000000000006,0.0,9.0,False,"(5, 2)",onion,"(2, 3)",,"(4, 2):soup('onion', 3, 20)","(4, 2):soup('onion', 3, 20);(4, 3):empty"
218,3,"(-1, 0)","(5, 2)","(-1, 0)",onion,"(2, 3)","(1, 0)",,"(4, 2):soup('onion', 3, 20)","(4, 2):soup('onion', 3, 20);(4, 3):empty",0.0,9.0,5,interact,-0.007200000000000006,0.0,0.0,-0.007200000000000006,0.0,9.0,False,"(5, 2)",onion,"(2, 3)",,"(4, 2):soup('onion', 3, 20)","(4, 2):soup('onion', 3, 20);(4, 3):empty"
219,3,"(-1, 0)","(5, 2)","(-1, 0)",onion,"(2, 3)","(1, 0)",,"(4, 2):soup('onion', 3, 20)","(4, 2):soup('onion', 3, 20);(4, 3):empty",0.0,9.0,5,interact,-0.007200000000000006,0.0,0.0,-0.007200000000000006,0.0,9.0,False,"(5, 2)",onion,"(2, 3)",,"(4, 2):soup('onion', 3, 20)","(4, 2):soup('onion', 3, 20);(4, 3):empty"
220,3,"(-1, 0)","(5, 2)","(-1, 0)",onion,"(2, 3)","(1, 0)",,"(4, 2):soup('onion', 3, 20)","(4, 2):soup('onion', 3, 20);(4, 3):empty",0.0,9.0,5,interact,-0.007200000000000006,0.0,0.0,-0.007200000000000006,0.0,9.0,False,"(5, 2)",onion,"(2, 3)",,"(4, 2):soup('onion', 3, 20)","(4, 2):soup('onion', 3, 20);(4, 3):empty"
221,3,"(-1, 0)","(5, 2)","(-1, 0)",onion,"(2, 3)","(1, 0)",,"(4, 2):soup('onion', 3, 20)","(4, 2):soup('onion', 3, 20);(4, 3):empty",0.0,9.0,5,interact,-0.007200000000000006,0.0,0.0,-0.007200000000000006,0.0,9.0,False,"(5, 2)",onion,"(2, 3)",,"(4, 2):soup('onion', 3, 20)","(4, 2):soup('onion', 3, 20);(4, 3):empty"
222,3,"(-1, 0)","(5, 2)","(-1, 0)",onion,"(2, 3)","(1, 0)",,"(4, 2):soup('onion', 3, 20)","(4, 2):soup('onion', 3, 20);(4, 3):empty",0.0,9.0,5,interact,-0.007200000000000006,0.0,0.0,-0.007200000000000006,0.0,9.0,False,"(5, 2)",onion,"(2, 3)",,"(4, 2):soup('onion', 3, 20)","(4, 2):soup('onion', 3, 20);(4, 3):empty"
223,3,"(-1, 0)","(5, 2)","(-1, 0)",onion,"(2, 3)","(1, 0)",,"(4, 2):soup('onion', 3, 20)","(4, 2):soup('onion', 3, 20);(4, 3):empty",0.0,9.0,5,interact,-0.007200000000000006,0.0,0.0,-0.007200000000000006,0.0,9.0,False,"(5, 2)",onion,"(2, 3)",,"(4, 2):soup('onion', 3, 20)","(4, 2):soup('onion', 3, 20);(4, 3):empty"
224,3,"(-1, 0)","(5, 2)","(-1, 0)",onion,"(2, 3)","(1, 0)",,"(4, 2):soup('onion', 3, 20)","(4, 2):soup('onion', 3, 20);(4, 3):empty",0.0,9.0,5,interact,-0.007200000000000006,0.0,0.0,-0.007200000000000006,0.0,9.0,False,"(5, 2)",onion,"(2, 3)",,"(4, 2):soup('onion', 3, 20)","(4, 2):soup('onion', 3, 20);(4, 3):empty"
225,3,"(-1, 0)","(5, 2)","(-1, 0)",onion,"(2, 3)","(1, 0)",,"(4, 2):soup('onion', 3, 20)","(4, 2):soup('onion', 3, 20);(4, 3):empty",0.0,9.0,5,interact,-0.007200000000000006,0.0,0.0,-0.007200000000000006,0.0,9.0,False,"(5, 2)",onion,"(2, 3)",,"(4, 2):soup('onion', 3, 20)","(4, 2):soup('onion', 3, 20);(4, 3):empty"
226,3,"(-1, 0)","(5, 2)","(-1, 0)",onion,"(2, 3)","(1, 0)",,"(4, 2):soup('onion', 3, 20)","(4, 2):soup('onion', 3, 20);(4, 3):empty",0.0,9.0,5,interact,-0.007200000000000006,0.0,0.0,-0.007200000000000006,0.0,9.0,False,"(5, 2)",onion,"(2, 3)",,"(4, 2):soup('onion', 3, 20)","(4, 2):soup('onion', 3, 20);(4, 3):empty"
227,3,"(-1, 0)","(5, 2)","(-1, 0)",onion,"(2, 3)","(1, 0)",,"(4, 2):soup('onion', 3, 20)","(4, 2):soup('onion', 3, 20);(4, 3):empty",0.0,9.0,5,interact,-0.007200000000000006,0.0,0.0,-0.007200000000000006,0.0,9.0,False,"(5, 2)",onion,"(2, 3)",,"(4, 2):soup('onion', 3, 20)","(4, 2):soup('onion', 3, 20);(4, 3):empty"
228,3,"(-1, 0)","(5, 2)","(-1, 0)",onion,"(2, 3)","(1, 0)",,"(4, 2):soup('onion', 3, 20)","(4, 2):soup('onion', 3, 20);(4, 3):empty",0.0,9.0,5,interact,-0.007200000000000006,0.0,0.0,-0.007200000000000006,0.0,9.0,False,"(5, 2)",onion,"(2, 3)",,"(4, 2):soup('onion', 3, 20)","(4, 2):soup('onion', 3, 20);(4, 3):empty"
229,3,"(-1, 0)","(5, 2)","(-1, 0)",onion,"(2, 3)","(1, 0)",,"(4, 2):soup('onion', 3, 20)","(4, 2):soup('onion', 3, 20);(4, 3):empty",0.0,9.0,5,interact,-0.007200000000000006,0.0,0.0,-0.007200000000000006,0.0,9.0,False,"(5, 2)",onion,"(2, 3)",,"(4, 2):soup('onion', 3, 20)","(4, 2):soup('onion', 3, 20);(4, 3):empty"
230,3,"(-1, 0)","(5, 2)","(-1, 0)",onion,"(2, 3)","(1, 0)",,"(4, 2):soup('onion', 3, 20)","(4, 2):soup('onion', 3, 20);(4, 3):empty",0.0,9.0,5,interact,-0.007200000000000006,0.0,0.0,-0.007200000000000006,0.0,9.0,False,"(5, 2)",onion,"(2, 3)",,"(4, 2):soup('onion', 3, 20)","(4, 2):soup('onion', 3, 20);(4, 3):empty"
231,3,"(-1, 0)","(5, 2)","(-1, 0)",onion,"(2, 3)","(1, 0)",,"(4, 2):soup('onion', 3, 20)","(4, 2):soup('onion', 3, 20);(4, 3):empty",0.0,9.0,5,interact,-0.007200000000000006,0.0,0.0,-0.007200000000000006,0.0,9.0,False,"(5, 2)",onion,"(2, 3)",,"(4, 2):soup('onion', 3, 20)","(4, 2):soup('onion', 3, 20);(4, 3):empty"
232,3,"(-1, 0)","(5, 2)","(-1, 0)",onion,"(2, 3)","(1, 0)",,"(4, 2):soup('onion', 3, 20)","(4, 2):soup('onion', 3, 20);(4, 3):empty",0.0,9.0,5,interact,-0.007200000000000006,0.0,0.0,-0.007200000000000006,0.0,9.0,False,"(5, 2)",onion,"(2, 3)",,"(4, 2):soup('onion', 3, 20)","(4, 2):soup('onion', 3, 20);(4, 3):empty"
233,3,"(-1, 0)","(5, 2)","(-1, 0)",onion,"(2, 3)","(1, 0)",,"(4, 2):soup('onion', 3, 20)","(4, 2):soup('onion', 3, 20);(4, 3):empty",0.0,9.0,5,interact,-0.007200000000000006,0.0,0.0,-0.007200000000000006,0.0,9.0,False,"(5, 2)",onion,"(2, 3)",,"(4, 2):soup('onion', 3, 20)","(4, 2):soup('onion', 3, 20);(4, 3):empty"
234,3,"(-1, 0)","(5, 2)","(-1, 0)",onion,"(2, 3)","(1, 0)",,"(4, 2):soup('onion', 3, 20)","(4, 2):soup('onion', 3, 20);(4, 3):empty",0.0,9.0,5,interact,-0.007200000000000006,0.0,0.0,-0.007200000000000006,0.0,9.0,False,"(5, 2)",onion,"(2, 3)",,"(4, 2):soup('onion', 3, 20)","(4, 2):soup('onion', 3, 20);(4, 3):empty"
235,3,"(-1, 0)","(5, 2)","(-1, 0)",onion,"(2, 3)","(1, 0)",,"(4, 2):soup('onion', 3, 20)","(4, 2):soup('onion', 3, 20);(4, 3):empty",0.0,9.0,5,interact,-0.007200000000000006,0.0,0.0,-0.007200000000000006,0.0,9.0,False,"(5, 2)",onion,"(2, 3)",,"(4, 2):soup('onion', 3, 20)","(4, 2):soup('onion', 3, 20);(4, 3):empty"
236,3,"(-1, 0)","(5, 2)","(-1, 0)",onion,"(2, 3)","(1, 0)",,"(4, 2):soup('onion', 3, 20)","(4, 2):soup('onion', 3, 20);(4, 3):empty",0.0,9.0,5,interact,-0.007200000000000006,0.0,0.0,-0.007200000000000006,0.0,9.0,False,"(5, 2)",onion,"(2, 3)",,"(4, 2):soup('onion', 3, 20)","(4, 2):soup('onion', 3, 20);(4, 3):empty"
237,3,"(-1, 0)","(5, 2)","(-1, 0)",onion,"(2, 3)","(1, 0)",,"(4, 2):soup('onion', 3, 20)","(4, 2):soup('onion', 3, 20);(4, 3):empty",0.0,9.0,5,interact,-0.007200000000000006,0.0,0.0,-0.007200000000000006,0.0,9.0,False,"(5, 2)",onion,"(2, 3)",,"(4, 2):soup('onion', 3, 20)","(4, 2):soup('onion', 3, 20);(4, 3):empty"
238,3,"(-1, 0)","(5, 2)","(-1, 0)",onion,"(2, 3)","(1, 0)",,"(4, 2):soup('onion', 3, 20)","(4, 2):soup('onion', 3, 20);(4, 3):empty",0.0,9.0,5,interact,-0.007200000000000006,0.0,0.0,-0.007200000000000006,0.0,9.0,False,"(5, 2)",onion,"(2, 3)",,"(4, 2):soup('onion', 3, 20)","(4, 2):soup('onion', 3, 20);(4, 3):empty"
239,3,"(-1, 0)","(5, 2)","(-1, 0)",onion,"(2, 3)","(1, 0)",,"(4, 2):soup('onion', 3, 20)","(4, 2):soup('onion', 3, 20);(4, 3):empty",0.0,9.0,5,interact,-0.007200000000000006,0.0,0.0,-0.007200000000000006,0.0,9.0,False,"(5, 2)",onion,"(2, 3)",,"(4, 2):soup('onion', 3, 20)","(4, 2):soup('onion', 3, 20);(4, 3):empty"
240,3,"(-1, 0)","(5, 2)","(-1, 0)",onion,"(2, 3)","(1, 0)",,"(4, 2):soup('onion', 3, 20)","(4, 2):soup('onion', 3, 20);(4, 3):empty",0.0,9.0,5,interact,-0.007200000000000006,0.0,0.0,-0.007200000000000006,0.0,9.0,False,"(5, 2)",onion,"(2, 3)",,"(4, 2):soup('onion', 3, 20)","(4, 2):soup('onion', 3, 20);(4, 3):empty"
241,3,"(-1, 0)","(5, 2)","(-1, 0)",onion,"(2, 3)","(1, 0)",,"(4, 2):soup('onion', 3, 20)","(4, 2):soup('onion', 3, 20);(4, 3):empty",0.0,9.0,5,interact,-0.007200000000000006,0.0,0.0,-0.007200000000000006,0.0,9.0,False,"(5, 2)",onion,"(2, 3)",,"(4, 2):soup('onion', 3, 20)","(4, 2):soup('onion', 3, 20);(4, 3):empty"
242,3,"(-1, 0)","(5, 2)","(-1, 0)",onion,"(2, 3)","(1, 0)",,"(4, 2):soup('onion', 3, 20)","(4, 2):soup('onion', 3, 20);(4, 3):empty",0.0,9.0,5,interact,-0.007200000000000006,0.0,0.0,-0.007200000000000006,0.0,9.0,False,"(5, 2)",onion,"(2, 3)",,"(4, 2):soup('onion', 3, 20)","(4, 2):soup('onion', 3, 20);(4, 3):empty"
243,3,"(-1, 0)","(5, 2)","(-1, 0)",onion,"(2, 3)","(1, 0)",,"(4, 2):soup('onion', 3, 20)","(4, 2):soup('onion', 3, 20);(4, 3):empty",0.0,9.0,5,interact,-0.007200000000000006,0.0,0.0,-0.007200000000000006,0.0,9.0,False,"(5, 2)",onion,"(2, 3)",,"(4, 2):soup('onion', 3, 20)","(4, 2):soup('onion', 3, 20);(4, 3):empty"
244,3,"(-1, 0)","(5, 2)","(-1, 0)",onion,"(2, 3)","(1, 0)",,"(4, 2):soup('onion', 3, 20)","(4, 2):soup('onion', 3, 20);(4, 3):empty",0.0,9.0,5,interact,-0.007200000000000006,0.0,0.0,-0.007200000000000006,0.0,9.0,False,"(5, 2)",onion,"(2, 3)",,"(4, 2):soup('onion', 3, 20)","(4, 2):soup('onion', 3, 20);(4, 3):empty"
245,3,"(-1, 0)","(5, 2)","(-1, 0)",onion,"(2, 3)","(1, 0)",,"(4, 2):soup('onion', 3, 20)","(4, 2):soup('onion', 3, 20);(4, 3):empty",0.0,9.0,5,interact,-0.007200000000000006,0.0,0.0,-0.007200000000000006,0.0,9.0,False,"(5, 2)",onion,"(2, 3)",,"(4, 2):soup('onion', 3, 20)","(4, 2):soup('onion', 3, 20);(4, 3):empty"
246,3,"(-1, 0)","(5, 2)","(-1, 0)",onion,"(2, 3)","(1, 0)",,"(4, 2):soup('onion', 3, 20)","(4, 2):soup('onion', 3, 20);(4, 3):empty",0.0,9.0,5,interact,-0.007200000000000006,0.0,0.0,-0.007200000000000006,0.0,9.0,False,"(5, 2)",onion,"(2, 3)",,"(4, 2):soup('onion', 3, 20)","(4, 2):soup('onion', 3, 20);(4, 3):empty"
247,3,"(-1, 0)","(5, 2)","(-1, 0)",onion,"(2, 3)","(1, 0)",,"(4, 2):soup('onion', 3, 20)","(4, 2):soup('onion', 3, 20);(4, 3):empty",0.0,9.0,5,interact,-0.007200000000000006,0.0,0.0,-0.007200000000000006,0.0,9.0,False,"(5, 2)",onion,"(2, 3)",,"(4, 2):soup('onion', 3, 20)","(4, 2):soup('onion', 3, 20);(4, 3):empty"
248,3,"(-1, 0)","(5, 2)","(-1, 0)",onion,"(2, 3)","(1, 0)",,"(4, 2):soup('onion', 3, 20)","(4, 2):soup('onion', 3, 20);(4, 3):empty",0.0,9.0,5,interact,-0.007200000000000006,0.0,0.0,-0.007200000000000006,0.0,9.0,False,"(5, 2)",onion,"(2, 3)",,"(4, 2):soup('onion', 3, 20)","(4, 2):soup('onion', 3, 20);(4, 3):empty"
249,3,"(-1, 0)","(5, 2)","(-1, 0)",onion,"(2, 3)","(1, 0)",,"(4, 2):soup('onion', 3, 20)","(4, 2):soup('onion', 3, 20);(4, 3):empty",0.0,9.0,5,interact,-0.007200000000000006,0.0,0.0,-0.007200000000000006,0.0,9.0,False,"(5, 2)",onion,"(2, 3)",,"(4, 2):soup('onion', 3, 20)","(4, 2):soup('onion', 3, 20);(4, 3):empty"
250,3,"(-1, 0)","(5, 2)","(-1, 0)",onion,"(2, 3)","(1, 0)",,"(4, 2):soup('onion', 3, 20)","(4, 2):soup('onion', 3, 20);(4, 3):empty",0.0,9.0,5,interact,-0.007200000000000006,0.0,0.0,-0.007200000000000006,0.0,9.0,False,"(5, 2)",onion,"(2, 3)",,"(4, 2):soup('onion', 3, 20)","(4, 2):soup('onion', 3, 20);(4, 3):empty"
251,3,"(-1, 0)","(5, 2)","(-1, 0)",onion,"(2, 3)","(1, 0)",,"(4, 2):soup('onion', 3, 20)","(4, 2):soup('onion', 3, 20);(4, 3):empty",0.0,9.0,5,interact,-0.007200000000000006,0.0,0.0,-0.007200000000000006,0.0,9.0,False,"(5, 2)",onion,"(2, 3)",,"(4, 2):soup('onion', 3, 20)","(4, 2):soup('onion', 3, 20);(4, 3):empty"
252,3,"(-1, 0)","(5, 2)","(-1, 0)",onion,"(2, 3)","(1, 0)",,"(4, 2):soup('onion', 3, 20)","(4, 2):soup('onion', 3, 20);(4, 3):empty",0.0,9.0,5,interact,-0.007200000000000006,0.0,0.0,-0.007200000000000006,0.0,9.0,False,"(5, 2)",onion,"(2, 3)",,"(4, 2):soup('onion', 3, 20)","(4, 2):soup('onion', 3, 20);(4, 3):empty"
253,3,"(-1, 0)","(5, 2)","(-1, 0)",onion,"(2, 3)","(1, 0)",,"(4, 2):soup('onion', 3, 20)","(4, 2):soup('onion', 3, 20);(4, 3):empty",0.0,9.0,5,interact,-0.007200000000000006,0.0,0.0,-0.007200000000000006,0.0,9.0,False,"(5, 2)",onion,"(2, 3)",,"(4, 2):soup('onion', 3, 20)","(4, 2):soup('onion', 3, 20);(4, 3):empty"
254,3,"(-1, 0)","(5, 2)","(-1, 0)",onion,"(2, 3)","(1, 0)",,"(4, 2):soup('onion', 3, 20)","(4, 2):soup('onion', 3, 20);(4, 3):empty",0.0,9.0,5,interact,-0.007200000000000006,0.0,0.0,-0.007200000000000006,0.0,9.0,False,"(5, 2)",onion,"(2, 3)",,"(4, 2):soup('onion', 3, 20)","(4, 2):soup('onion', 3, 20);(4, 3):empty"
255,3,"(-1, 0)","(5, 2)","(-1, 0)",onion,"(2, 3)","(1, 0)",,"(4, 2):soup('onion', 3, 20)","(4, 2):soup('onion', 3, 20);(4, 3):empty",0.0,9.0,5,interact,-0.007200000000000006,0.0,0.0,-0.007200000000000006,0.0,9.0,False,"(5, 2)",onion,"(2, 3)",,"(4, 2):soup('onion', 3, 20)","(4, 2):soup('onion', 3, 20);(4, 3):empty"
256,3,"(-1, 0)","(5, 2)","(-1, 0)",onion,"(2, 3)","(1, 0)",,"(4, 2):soup('onion', 3, 20)","(4, 2):soup('onion', 3, 20);(4, 3):empty",0.0,9.0,5,interact,-0.007200000000000006,0.0,0.0,-0.007200000000000006,0.0,9.0,False,"(5, 2)",onion,"(2, 3)",,"(4, 2):soup('onion', 3, 20)","(4, 2):soup('onion', 3, 20);(4, 3):empty"
257,3,"(-1, 0)","(5, 2)","(-1, 0)",onion,"(2, 3)","(1, 0)",,"(4, 2):soup('onion', 3, 20)","(4, 2):soup('onion', 3, 20);(4, 3):empty",0.0,9.0,5,interact,-0.007200000000000006,0.0,0.0,-0.007200000000000006,0.0,9.0,False,"(5, 2)",onion,"(2, 3)",,"(4, 2):soup('onion', 3, 20)","(4, 2):soup('onion', 3, 20);(4, 3):empty"
258,3,"(-1, 0)","(5, 2)","(-1, 0)",onion,"(2, 3)","(1, 0)",,"(4, 2):soup('onion', 3, 20)","(4, 2):soup('onion', 3, 20);(4, 3):empty",0.0,9.0,5,interact,-0.007200000000000006,0.0,0.0,-0.007200000000000006,0.0,9.0,False,"(5, 2)",onion,"(2, 3)",,"(4, 2):soup('onion', 3, 20)","(4, 2):soup('onion', 3, 20);(4, 3):empty"
259,3,"(-1, 0)","(5, 2)","(-1, 0)",onion,"(2, 3)","(1, 0)",,"(4, 2):soup('onion', 3, 20)","(4, 2):soup('onion', 3, 20);(4, 3):empty",0.0,9.0,5,interact,-0.007200000000000006,0.0,0.0,-0.007200000000000006,0.0,9.0,False,"(5, 2)",onion,"(2, 3)",,"(4, 2):soup('onion', 3, 20)","(4, 2):soup('onion', 3, 20);(4, 3):empty"
260,3,"(-1, 0)","(5, 2)","(-1, 0)",onion,"(2, 3)","(1, 0)",,"(4, 2):soup('onion', 3, 20)","(4, 2):soup('onion', 3, 20);(4, 3):empty",0.0,9.0,5,interact,-0.007200000000000006,0.0,0.0,-0.007200000000000006,0.0,9.0,False,"(5, 2)",onion,"(2, 3)",,"(4, 2):soup('onion', 3, 20)","(4, 2):soup('onion', 3, 20);(4, 3):empty"
261,3,"(-1, 0)","(5, 2)","(-1, 0)",onion,"(2, 3)","(1, 0)",,"(4, 2):soup('onion', 3, 20)","(4, 2):soup('onion', 3, 20);(4, 3):empty",0.0,9.0,5,interact,-0.007200000000000006,0.0,0.0,-0.007200000000000006,0.0,9.0,False,"(5, 2)",onion,"(2, 3)",,"(4, 2):soup('onion', 3, 20)","(4, 2):soup('onion', 3, 20);(4, 3):empty"
262,3,"(-1, 0)","(5, 2)","(-1, 0)",onion,"(2, 3)","(1, 0)",,"(4, 2):soup('onion', 3, 20)","(4, 2):soup('onion', 3, 20);(4, 3):empty",0.0,9.0,5,interact,-0.007200000000000006,0.0,0.0,-0.007200000000000006,0.0,9.0,False,"(5, 2)",onion,"(2, 3)",,"(4, 2):soup('onion', 3, 20)","(4, 2):soup('onion', 3, 20);(4, 3):empty"
263,3,"(-1, 0)","(5, 2)","(-1, 0)",onion,"(2, 3)","(1, 0)",,"(4, 2):soup('onion', 3, 20)","(4, 2):soup('onion', 3, 20);(4, 3):empty",0.0,9.0,5,interact,-0.007200000000000006,0.0,0.0,-0.007200000000000006,0.0,9.0,False,"(5, 2)",onion,"(2, 3)",,"(4, 2):soup('onion', 3, 20)","(4, 2):soup('onion', 3, 20);(4, 3):empty"
264,3,"(-1, 0)","(5, 2)","(-1, 0)",onion,"(2, 3)","(1, 0)",,"(4, 2):soup('onion', 3, 20)","(4, 2):soup('onion', 3, 20);(4, 3):empty",0.0,9.0,5,interact,-0.007200000000000006,0.0,0.0,-0.007200000000000006,0.0,9.0,False,"(5, 2)",onion,"(2, 3)",,"(4, 2):soup('onion', 3, 20)","(4, 2):soup('onion', 3, 20);(4, 3):empty"
265,3,"(-1, 0)","(5, 2)","(-1, 0)",onion,"(2, 3)","(1, 0)",,"(4, 2):soup('onion', 3, 20)","(4, 2):soup('onion', 3, 20);(4, 3):empty",0.0,9.0,5,interact,-0.007200000000000006,0.0,0.0,-0.007200000000000006,0.0,9.0,False,"(5, 2)",onion,"(2, 3)",,"(4, 2):soup('onion', 3, 20)","(4, 2):soup('onion', 3, 20);(4, 3):empty"
266,3,"(-1, 0)","(5, 2)","(-1, 0)",onion,"(2, 3)","(1, 0)",,"(4, 2):soup('onion', 3, 20)","(4, 2):soup('onion', 3, 20);(4, 3):empty",0.0,9.0,5,interact,-0.007200000000000006,0.0,0.0,-0.007200000000000006,0.0,9.0,False,"(5, 2)",onion,"(2, 3)",,"(4, 2):soup('onion', 3, 20)","(4, 2):soup('onion', 3, 20);(4, 3):empty"
267,3,"(-1, 0)","(5, 2)","(-1, 0)",onion,"(2, 3)","(1, 0)",,"(4, 2):soup('onion', 3, 20)","(4, 2):soup('onion', 3, 20);(4, 3):empty",0.0,9.0,5,interact,-0.007200000000000006,0.0,0.0,-0.007200000000000006,0.0,9.0,False,"(5, 2)",onion,"(2, 3)",,"(4, 2):soup('onion', 3, 20)","(4, 2):soup('onion', 3, 20);(4, 3):empty"
268,3,"(-1, 0)","(5, 2)","(-1, 0)",onion,"(2, 3)","(1, 0)",,"(4, 2):soup('onion', 3, 20)","(4, 2):soup('onion', 3, 20);(4, 3):empty",0.0,9.0,5,interact,-0.007200000000000006,0.0,0.0,-0.007200000000000006,0.0,9.0,False,"(5, 2)",onion,"(2, 3)",,"(4, 2):soup('onion', 3, 20)","(4, 2):soup('onion', 3, 20);(4, 3):empty"
269,3,"(-1, 0)","(5, 2)","(-1, 0)",onion,"(2, 3)","(1, 0)",,"(4, 2):soup('onion', 3, 20)","(4, 2):soup('onion', 3, 20);(4, 3):empty",0.0,9.0,5,interact,-0.007200000000000006,0.0,0.0,-0.007200000000000006,0.0,9.0,False,"(5, 2)",onion,"(2, 3)",,"(4, 2):soup('onion', 3, 20)","(4, 2):soup('onion', 3, 20);(4, 3):empty"
270,3,"(-1, 0)","(5, 2)","(-1, 0)",onion,"(2, 3)","(1, 0)",,"(4, 2):soup('onion', 3, 20)","(4, 2):soup('onion', 3, 20);(4, 3):empty",0.0,9.0,5,interact,-0.007200000000000006,0.0,0.0,-0.007200000000000006,0.0,9.0,False,"(5, 2)",onion,"(2, 3)",,"(4, 2):soup('onion', 3, 20)","(4, 2):soup('onion', 3, 20);(4, 3):empty"
271,3,"(-1, 0)","(5, 2)","(-1, 0)",onion,"(2, 3)","(1, 0)",,"(4, 2):soup('onion', 3, 20)","(4, 2):soup('onion', 3, 20);(4, 3):empty",0.0,9.0,5,interact,-0.007200000000000006,0.0,0.0,-0.007200000000000006,0.0,9.0,False,"(5, 2)",onion,"(2, 3)",,"(4, 2):soup('onion', 3, 20)","(4, 2):soup('onion', 3, 20);(4, 3):empty"
272,3,"(-1, 0)","(5, 2)","(-1, 0)",onion,"(2, 3)","(1, 0)",,"(4, 2):soup('onion', 3, 20)","(4, 2):soup('onion', 3, 20);(4, 3):empty",0.0,9.0,5,interact,-0.007200000000000006,0.0,0.0,-0.007200000000000006,0.0,9.0,False,"(5, 2)",onion,"(2, 3)",,"(4, 2):soup('onion', 3, 20)","(4, 2):soup('onion', 3, 20);(4, 3):empty"
273,3,"(-1, 0)","(5, 2)","(-1, 0)",onion,"(2, 3)","(1, 0)",,"(4, 2):soup('onion', 3, 20)","(4, 2):soup('onion', 3, 20);(4, 3):empty",0.0,9.0,5,interact,-0.007200000000000006,0.0,0.0,-0.007200000000000006,0.0,9.0,False,"(5, 2)",onion,"(2, 3)",,"(4, 2):soup('onion', 3, 20)","(4, 2):soup('onion', 3, 20);(4, 3):empty"
274,3,"(-1, 0)","(5, 2)","(-1, 0)",onion,"(2, 3)","(1, 0)",,"(4, 2):soup('onion', 3, 20)","(4, 2):soup('onion', 3, 20);(4, 3):empty",0.0,9.0,5,interact,-0.007200000000000006,0.0,0.0,-0.007200000000000006,0.0,9.0,False,"(5, 2)",onion,"(2, 3)",,"(4, 2):soup('onion', 3, 20)","(4, 2):soup('onion', 3, 20);(4, 3):empty"
275,3,"(-1, 0)","(5, 2)","(-1, 0)",onion,"(2, 3)","(1, 0)",,"(4, 2):soup('onion', 3, 20)","(4, 2):soup('onion', 3, 20);(4, 3):empty",0.0,9.0,5,interact,-0.007200000000000006,0.0,0.0,-0.007200000000000006,0.0,9.0,False,"(5, 2)",onion,"(2, 3)",,"(4, 2):soup('onion', 3, 20)","(4, 2):soup('onion', 3, 20);(4, 3):empty"
276,3,"(-1, 0)","(5, 2)","(-1, 0)",onion,"(2, 3)","(1, 0)",,"(4, 2):soup('onion', 3, 20)","(4, 2):soup('onion', 3, 20);(4, 3):empty",0.0,9.0,5,interact,-0.007200000000000006,0.0,0.0,-0.007200000000000006,0.0,9.0,False,"(5, 2)",onion,"(2, 3)",,"(4, 2):soup('onion', 3, 20)","(4, 2):soup('onion', 3, 20);(4, 3):empty"
277,3,"(-1, 0)","(5, 2)","(-1, 0)",onion,"(2, 3)","(1, 0)",,"(4, 2):soup('onion', 3, 20)","(4, 2):soup('onion', 3, 20);(4, 3):empty",0.0,9.0,5,interact,-0.007200000000000006,0.0,0.0,-0.007200000000000006,0.0,9.0,False,"(5, 2)",onion,"(2, 3)",,"(4, 2):soup('onion', 3, 20)","(4, 2):soup('onion', 3, 20);(4, 3):empty"
278,3,"(-1, 0)","(5, 2)","(-1, 0)",onion,"(2, 3)","(1, 0)",,"(4, 2):soup('onion', 3, 20)","(4, 2):soup('onion', 3, 20);(4, 3):empty",0.0,9.0,5,interact,-0.007200000000000006,0.0,0.0,-0.007200000000000006,0.0,9.0,False,"(5, 2)",onion,"(2, 3)",,"(4, 2):soup('onion', 3, 20)","(4, 2):soup('onion', 3, 20);(4, 3):empty"
279,3,"(-1, 0)","(5, 2)","(-1, 0)",onion,"(2, 3)","(1, 0)",,"(4, 2):soup('onion', 3, 20)","(4, 2):soup('onion', 3, 20);(4, 3):empty",0.0,9.0,5,interact,-0.007200000000000006,0.0,0.0,-0.007200000000000006,0.0,9.0,False,"(5, 2)",onion,"(2, 3)",,"(4, 2):soup('onion', 3, 20)","(4, 2):soup('onion', 3, 20);(4, 3):empty"
280,3,"(-1, 0)","(5, 2)","(-1, 0)",onion,"(2, 3)","(1, 0)",,"(4, 2):soup('onion', 3, 20)","(4, 2):soup('onion', 3, 20);(4, 3):empty",0.0,9.0,5,interact,-0.007200000000000006,0.0,0.0,-0.007200000000000006,0.0,9.0,False,"(5, 2)",onion,"(2, 3)",,"(4, 2):soup('onion', 3, 20)","(4, 2):soup('onion', 3, 20);(4, 3):empty"
281,3,"(-1, 0)","(5, 2)","(-1, 0)",onion,"(2, 3)","(1, 0)",,"(4, 2):soup('onion', 3, 20)","(4, 2):soup('onion', 3, 20);(4, 3):empty",0.0,9.0,5,interact,-0.007200000000000006,0.0,0.0,-0.007200000000000006,0.0,9.0,False,"(5, 2)",onion,"(2, 3)",,"(4, 2):soup('onion', 3, 20)","(4, 2):soup('onion', 3, 20);(4, 3):empty"
282,3,"(-1, 0)","(5, 2)","(-1, 0)",onion,"(2, 3)","(1, 0)",,"(4, 2):soup('onion', 3, 20)","(4, 2):soup('onion', 3, 20);(4, 3):empty",0.0,9.0,5,interact,-0.007200000000000006,0.0,0.0,-0.007200000000000006,0.0,9.0,False,"(5, 2)",onion,"(2, 3)",,"(4, 2):soup('onion', 3, 20)","(4, 2):soup('onion', 3, 20);(4, 3):empty"
283,3,"(-1, 0)","(5, 2)","(-1, 0)",onion,"(2, 3)","(1, 0)",,"(4, 2):soup('onion', 3, 20)","(4, 2):soup('onion', 3, 20);(4, 3):empty",0.0,9.0,5,interact,-0.007200000000000006,0.0,0.0,-0.007200000000000006,0.0,9.0,False,"(5, 2)",onion,"(2, 3)",,"(4, 2):soup('onion', 3, 20)","(4, 2):soup('onion', 3, 20);(4, 3):empty"
284,3,"(-1, 0)","(5, 2)","(-1, 0)",onion,"(2, 3)","(1, 0)",,"(4, 2):soup('onion', 3, 20)","(4, 2):soup('onion', 3, 20);(4, 3):empty",0.0,9.0,5,interact,-0.007200000000000006,0.0,0.0,-0.007200000000000006,0.0,9.0,False,"(5, 2)",onion,"(2, 3)",,"(4, 2):soup('onion', 3, 20)","(4, 2):soup('onion', 3, 20);(4, 3):empty"
285,3,"(-1, 0)","(5, 2)","(-1, 0)",onion,"(2, 3)","(1, 0)",,"(4, 2):soup('onion', 3, 20)","(4, 2):soup('onion', 3, 20);(4, 3):empty",0.0,9.0,5,interact,-0.007200000000000006,0.0,0.0,-0.007200000000000006,0.0,9.0,False,"(5, 2)",onion,"(2, 3)",,"(4, 2):soup('onion', 3, 20)","(4, 2):soup('onion', 3, 20);(4, 3):empty"
286,3,"(-1, 0)","(5, 2)","(-1, 0)",onion,"(2, 3)","(1, 0)",,"(4, 2):soup('onion', 3, 20)","(4, 2):soup('onion', 3, 20);(4, 3):empty",0.0,9.0,5,interact,-0.007200000000000006,0.0,0.0,-0.007200000000000006,0.0,9.0,False,"(5, 2)",onion,"(2, 3)",,"(4, 2):soup('onion', 3, 20)","(4, 2):soup('onion', 3, 20);(4, 3):empty"
287,3,"(-1, 0)","(5, 2)","(-1, 0)",onion,"(2, 3)","(1, 0)",,"(4, 2):soup('onion', 3, 20)","(4, 2):soup('onion', 3, 20);(4, 3):empty",0.0,9.0,5,interact,-0.007200000000000006,0.0,0.0,-0.007200000000000006,0.0,9.0,False,"(5, 2)",onion,"(2, 3)",,"(4, 2):soup('onion', 3, 20)","(4, 2):soup('onion', 3, 20);(4, 3):empty"
288,3,"(-1, 0)","(5, 2)","(-1, 0)",onion,"(2, 3)","(1, 0)",,"(4, 2):soup('onion', 3, 20)","(4, 2):soup('onion', 3, 20);(4, 3):empty",0.0,9.0,5,interact,-0.007200000000000006,0.0,0.0,-0.007200000000000006,0.0,9.0,False,"(5, 2)",onion,"(2, 3)",,"(4, 2):soup('onion', 3, 20)","(4, 2):soup('onion', 3, 20);(4, 3):empty"
289,3,"(-1, 0)","(5, 2)","(-1, 0)",onion,"(2, 3)","(1, 0)",,"(4, 2):soup('onion', 3, 20)","(4, 2):soup('onion', 3, 20);(4, 3):empty",0.0,9.0,5,interact,-0.007200000000000006,0.0,0.0,-0.007200000000000006,0.0,9.0,False,"(5, 2)",onion,"(2, 3)",,"(4, 2):soup('onion', 3, 20)","(4, 2):soup('onion', 3, 20);(4, 3):empty"
290,3,"(-1, 0)","(5, 2)","(-1, 0)",onion,"(2, 3)","(1, 0)",,"(4, 2):soup('onion', 3, 20)","(4, 2):soup('onion', 3, 20);(4, 3):empty",0.0,9.0,5,interact,-0.007200000000000006,0.0,0.0,-0.007200000000000006,0.0,9.0,False,"(5, 2)",onion,"(2, 3)",,"(4, 2):soup('onion', 3, 20)","(4, 2):soup('onion', 3, 20);(4, 3):empty"
291,3,"(-1, 0)","(5, 2)","(-1, 0)",onion,"(2, 3)","(1, 0)",,"(4, 2):soup('onion', 3, 20)","(4, 2):soup('onion', 3, 20);(4, 3):empty",0.0,9.0,5,interact,-0.007200000000000006,0.0,0.0,-0.007200000000000006,0.0,9.0,False,"(5, 2)",onion,"(2, 3)",,"(4, 2):soup('onion', 3, 20)","(4, 2):soup('onion', 3, 20);(4, 3):empty"
292,3,"(-1, 0)","(5, 2)","(-1, 0)",onion,"(2, 3)","(1, 0)",,"(4, 2):soup('onion', 3, 20)","(4, 2):soup('onion', 3, 20);(4, 3):empty",0.0,9.0,5,interact,-0.007200000000000006,0.0,0.0,-0.007200000000000006,0.0,9.0,False,"(5, 2)",onion,"(2, 3)",,"(4, 2):soup('onion', 3, 20)","(4, 2):soup('onion', 3, 20);(4, 3):empty"
293,3,"(-1, 0)","(5, 2)","(-1, 0)",onion,"(2, 3)","(1, 0)",,"(4, 2):soup('onion', 3, 20)","(4, 2):soup('onion', 3, 20);(4, 3):empty",0.0,9.0,5,interact,-0.007200000000000006,0.0,0.0,-0.007200000000000006,0.0,9.0,False,"(5, 2)",onion,"(2, 3)",,"(4, 2):soup('onion', 3, 20)","(4, 2):soup('onion', 3, 20);(4, 3):empty"
294,3,"(-1, 0)","(5, 2)","(-1, 0)",onion,"(2, 3)","(1, 0)",,"(4, 2):soup('onion', 3, 20)","(4, 2):soup('onion', 3, 20);(4, 3):empty",0.0,9.0,5,interact,-0.007200000000000006,0.0,0.0,-0.007200000000000006,0.0,9.0,False,"(5, 2)",onion,"(2, 3)",,"(4, 2):soup('onion', 3, 20)","(4, 2):soup('onion', 3, 20);(4, 3):empty"
295,3,"(-1, 0)","(5, 2)","(-1, 0)",onion,"(2, 3)","(1, 0)",,"(4, 2):soup('onion', 3, 20)","(4, 2):soup('onion', 3, 20);(4, 3):empty",0.0,9.0,5,interact,-0.007200000000000006,0.0,0.0,-0.007200000000000006,0.0,9.0,False,"(5, 2)",onion,"(2, 3)",,"(4, 2):soup('onion', 3, 20)","(4, 2):soup('onion', 3, 20);(4, 3):empty"
296,3,"(-1, 0)","(5, 2)","(-1, 0)",onion,"(2, 3)","(1, 0)",,"(4, 2):soup('onion', 3, 20)","(4, 2):soup('onion', 3, 20);(4, 3):empty",0.0,9.0,5,interact,-0.007200000000000006,0.0,0.0,-0.007200000000000006,0.0,9.0,False,"(5, 2)",onion,"(2, 3)",,"(4, 2):soup('onion', 3, 20)","(4, 2):soup('onion', 3, 20);(4, 3):empty"
297,3,"(-1, 0)","(5, 2)","(-1, 0)",onion,"(2, 3)","(1, 0)",,"(4, 2):soup('onion', 3, 20)","(4, 2):soup('onion', 3, 20);(4, 3):empty",0.0,9.0,5,interact,-0.007200000000000006,0.0,0.0,-0.007200000000000006,0.0,9.0,False,"(5, 2)",onion,"(2, 3)",,"(4, 2):soup('onion', 3, 20)","(4, 2):soup('onion', 3, 20);(4, 3):empty"
298,3,"(-1, 0)","(5, 2)","(-1, 0)",onion,"(2, 3)","(1, 0)",,"(4, 2):soup('onion', 3, 20)","(4, 2):soup('onion', 3, 20);(4, 3):empty",0.0,9.0,5,interact,-0.007200000000000006,0.0,0.0,-0.007200000000000006,0.0,9.0,False,"(5, 2)",onion,"(2, 3)",,"(4, 2):soup('onion', 3, 20)","(4, 2):soup('onion', 3, 20);(4, 3):empty"
299,3,"(-1, 0)","(5, 2)","(-1, 0)",onion,"(2, 3)","(1, 0)",,"(4, 2):soup('onion', 3, 20)","(4, 2):soup('onion', 3, 20);(4, 3):empty",0.0,9.0,5,interact,-0.007200000000000006,0.0,0.0,-0.007200000000000006,0.0,9.0,False,"(5, 2)",onion,"(2, 3)",,"(4, 2):soup('onion', 3, 20)","(4, 2):soup('onion', 3, 20);(4, 3):empty"
300,3,"(-1, 0)","(5, 2)","(-1, 0)",onion,"(2, 3)","(1, 0)",,"(4, 2):soup('onion', 3, 20)","(4, 2):soup('onion', 3, 20);(4, 3):empty",0.0,9.0,5,interact,-0.007200000000000006,0.0,0.0,-0.007200000000000006,0.0,9.0,False,"(5, 2)",onion,"(2, 3)",,"(4, 2):soup('onion', 3, 20)","(4, 2):soup('onion', 3, 20);(4, 3):empty"
301,3,"(-1, 0)","(5, 2)","(-1, 0)",onion,"(2, 3)","(1, 0)",,"(4, 2):soup('onion', 3, 20)","(4, 2):soup('onion', 3, 20);(4, 3):empty",0.0,9.0,5,interact,-0.007200000000000006,0.0,0.0,-0.007200000000000006,0.0,9.0,False,"(5, 2)",onion,"(2, 3)",,"(4, 2):soup('onion', 3, 20)","(4, 2):soup('onion', 3, 20);(4, 3):empty"
302,3,"(-1, 0)","(5, 2)","(-1, 0)",onion,"(2, 3)","(1, 0)",,"(4, 2):soup('onion', 3, 20)","(4, 2):soup('onion', 3, 20);(4, 3):empty",0.0,9.0,5,interact,-0.007200000000000006,0.0,0.0,-0.007200000000000006,0.0,9.0,False,"(5, 2)",onion,"(2, 3)",,"(4, 2):soup('onion', 3, 20)","(4, 2):soup('onion', 3, 20);(4, 3):empty"
303,3,"(-1, 0)","(5, 2)","(-1, 0)",onion,"(2, 3)","(1, 0)",,"(4, 2):soup('onion', 3, 20)","(4, 2):soup('onion', 3, 20);(4, 3):empty",0.0,9.0,5,interact,-0.007200000000000006,0.0,0.0,-0.007200000000000006,0.0,9.0,False,"(5, 2)",onion,"(2, 3)",,"(4, 2):soup('onion', 3, 20)","(4, 2):soup('onion', 3, 20);(4, 3):empty"
304,3,"(-1, 0)","(5, 2)","(-1, 0)",onion,"(2, 3)","(1, 0)",,"(4, 2):soup('onion', 3, 20)","(4, 2):soup('onion', 3, 20);(4, 3):empty",0.0,9.0,5,interact,-0.007200000000000006,0.0,0.0,-0.007200000000000006,0.0,9.0,False,"(5, 2)",onion,"(2, 3)",,"(4, 2):soup('onion', 3, 20)","(4, 2):soup('onion', 3, 20);(4, 3):empty"
305,3,"(-1, 0)","(5, 2)","(-1, 0)",onion,"(2, 3)","(1, 0)",,"(4, 2):soup('onion', 3, 20)","(4, 2):soup('onion', 3, 20);(4, 3):empty",0.0,9.0,5,interact,-0.007200000000000006,0.0,0.0,-0.007200000000000006,0.0,9.0,False,"(5, 2)",onion,"(2, 3)",,"(4, 2):soup('onion', 3, 20)","(4, 2):soup('onion', 3, 20);(4, 3):empty"
306,3,"(-1, 0)","(5, 2)","(-1, 0)",onion,"(2, 3)","(1, 0)",,"(4, 2):soup('onion', 3, 20)","(4, 2):soup('onion', 3, 20);(4, 3):empty",0.0,9.0,5,interact,-0.007200000000000006,0.0,0.0,-0.007200000000000006,0.0,9.0,False,"(5, 2)",onion,"(2, 3)",,"(4, 2):soup('onion', 3, 20)","(4, 2):soup('onion', 3, 20);(4, 3):empty"
307,3,"(-1, 0)","(5, 2)","(-1, 0)",onion,"(2, 3)","(1, 0)",,"(4, 2):soup('onion', 3, 20)","(4, 2):soup('onion', 3, 20);(4, 3):empty",0.0,9.0,5,interact,-0.007200000000000006,0.0,0.0,-0.007200000000000006,0.0,9.0,False,"(5, 2)",onion,"(2, 3)",,"(4, 2):soup('onion', 3, 20)","(4, 2):soup('onion', 3, 20);(4, 3):empty"
308,3,"(-1, 0)","(5, 2)","(-1, 0)",onion,"(2, 3)","(1, 0)",,"(4, 2):soup('onion', 3, 20)","(4, 2):soup('onion', 3, 20);(4, 3):empty",0.0,9.0,5,interact,-0.007200000000000006,0.0,0.0,-0.007200000000000006,0.0,9.0,False,"(5, 2)",onion,"(2, 3)",,"(4, 2):soup('onion', 3, 20)","(4, 2):soup('onion', 3, 20);(4, 3):empty"
309,3,"(-1, 0)","(5, 2)","(-1, 0)",onion,"(2, 3)","(1, 0)",,"(4, 2):soup('onion', 3, 20)","(4, 2):soup('onion', 3, 20);(4, 3):empty",0.0,9.0,5,interact,-0.007200000000000006,0.0,0.0,-0.007200000000000006,0.0,9.0,False,"(5, 2)",onion,"(2, 3)",,"(4, 2):soup('onion', 3, 20)","(4, 2):soup('onion', 3, 20);(4, 3):empty"
310,3,"(-1, 0)","(5, 2)","(-1, 0)",onion,"(2, 3)","(1, 0)",,"(4, 2):soup('onion', 3, 20)","(4, 2):soup('onion', 3, 20);(4, 3):empty",0.0,9.0,5,interact,-0.007200000000000006,0.0,0.0,-0.007200000000000006,0.0,9.0,False,"(5, 2)",onion,"(2, 3)",,"(4, 2):soup('onion', 3, 20)","(4, 2):soup('onion', 3, 20);(4, 3):empty"
311,3,"(-1, 0)","(5, 2)","(-1, 0)",onion,"(2, 3)","(1, 0)",,"(4, 2):soup('onion', 3, 20)","(4, 2):soup('onion', 3, 20);(4, 3):empty",0.0,9.0,5,interact,-0.007200000000000006,0.0,0.0,-0.007200000000000006,0.0,9.0,False,"(5, 2)",onion,"(2, 3)",,"(4, 2):soup('onion', 3, 20)","(4, 2):soup('onion', 3, 20);(4, 3):empty"
312,3,"(-1, 0)","(5, 2)","(-1, 0)",onion,"(2, 3)","(1, 0)",,"(4, 2):soup('onion', 3, 20)","(4, 2):soup('onion', 3, 20);(4, 3):empty",0.0,9.0,5,interact,-0.007200000000000006,0.0,0.0,-0.007200000000000006,0.0,9.0,False,"(5, 2)",onion,"(2, 3)",,"(4, 2):soup('onion', 3, 20)","(4, 2):soup('onion', 3, 20);(4, 3):empty"
313,3,"(-1, 0)","(5, 2)","(-1, 0)",onion,"(2, 3)","(1, 0)",,"(4, 2):soup('onion', 3, 20)","(4, 2):soup('onion', 3, 20);(4, 3):empty",0.0,9.0,5,interact,-0.007200000000000006,0.0,0.0,-0.007200000000000006,0.0,9.0,False,"(5, 2)",onion,"(2, 3)",,"(4, 2):soup('onion', 3, 20)","(4, 2):soup('onion', 3, 20);(4, 3):empty"
314,3,"(-1, 0)","(5, 2)","(-1, 0)",onion,"(2, 3)","(1, 0)",,"(4, 2):soup('onion', 3, 20)","(4, 2):soup('onion', 3, 20);(4, 3):empty",0.0,9.0,5,interact,-0.007200000000000006,0.0,0.0,-0.007200000000000006,0.0,9.0,False,"(5, 2)",onion,"(2, 3)",,"(4, 2):soup('onion', 3, 20)","(4, 2):soup('onion', 3, 20);(4, 3):empty"
315,3,"(-1, 0)","(5, 2)","(-1, 0)",onion,"(2, 3)","(1, 0)",,"(4, 2):soup('onion', 3, 20)","(4, 2):soup('onion', 3, 20);(4, 3):empty",0.0,9.0,5,interact,-0.007200000000000006,0.0,0.0,-0.007200000000000006,0.0,9.0,False,"(5, 2)",onion,"(2, 3)",,"(4, 2):soup('onion', 3, 20)","(4, 2):soup('onion', 3, 20);(4, 3):empty"
316,3,"(-1, 0)","(5, 2)","(-1, 0)",onion,"(2, 3)","(1, 0)",,"(4, 2):soup('onion', 3, 20)","(4, 2):soup('onion', 3, 20);(4, 3):empty",0.0,9.0,5,interact,-0.007200000000000006,0.0,0.0,-0.007200000000000006,0.0,9.0,False,"(5, 2)",onion,"(2, 3)",,"(4, 2):soup('onion', 3, 20)","(4, 2):soup('onion', 3, 20);(4, 3):empty"
317,3,"(-1, 0)","(5, 2)","(-1, 0)",onion,"(2, 3)","(1, 0)",,"(4, 2):soup('onion', 3, 20)","(4, 2):soup('onion', 3, 20);(4, 3):empty",0.0,9.0,5,interact,-0.007200000000000006,0.0,0.0,-0.007200000000000006,0.0,9.0,False,"(5, 2)",onion,"(2, 3)",,"(4, 2):soup('onion', 3, 20)","(4, 2):soup('onion', 3, 20);(4, 3):empty"
318,3,"(-1, 0)","(5, 2)","(-1, 0)",onion,"(2, 3)","(1, 0)",,"(4, 2):soup('onion', 3, 20)","(4, 2):soup('onion', 3, 20);(4, 3):empty",0.0,9.0,5,interact,-0.007200000000000006,0.0,0.0,-0.007200000000000006,0.0,9.0,False,"(5, 2)",onion,"(2, 3)",,"(4, 2):soup('onion', 3, 20)","(4, 2):soup('onion', 3, 20);(4, 3):empty"
319,3,"(-1, 0)","(5, 2)","(-1, 0)",onion,"(2, 3)","(1, 0)",,"(4, 2):soup('onion', 3, 20)","(4, 2):soup('onion', 3, 20);(4, 3):empty",0.0,9.0,5,interact,-0.007200000000000006,0.0,0.0,-0.007200000000000006,0.0,9.0,False,"(5, 2)",onion,"(2, 3)",,"(4, 2):soup('onion', 3, 20)","(4, 2):soup('onion', 3, 20);(4, 3):empty"
320,3,"(-1, 0)","(5, 2)","(-1, 0)",onion,"(2, 3)","(1, 0)",,"(4, 2):soup('onion', 3, 20)","(4, 2):soup('onion', 3, 20);(4, 3):empty",0.0,9.0,5,interact,-0.007200000000000006,0.0,0.0,-0.007200000000000006,0.0,9.0,False,"(5, 2)",onion,"(2, 3)",,"(4, 2):soup('onion', 3, 20)","(4, 2):soup('onion', 3, 20);(4, 3):empty"
321,3,"(-1, 0)","(5, 2)","(-1, 0)",onion,"(2, 3)","(1, 0)",,"(4, 2):soup('onion', 3, 20)","(4, 2):soup('onion', 3, 20);(4, 3):empty",0.0,9.0,5,interact,-0.007200000000000006,0.0,0.0,-0.007200000000000006,0.0,9.0,False,"(5, 2)",onion,"(2, 3)",,"(4, 2):soup('onion', 3, 20)","(4, 2):soup('onion', 3, 20);(4, 3):empty"
322,3,"(-1, 0)","(5, 2)","(-1, 0)",onion,"(2, 3)","(1, 0)",,"(4, 2):soup('onion', 3, 20)","(4, 2):soup('onion', 3, 20);(4, 3):empty",0.0,9.0,5,interact,-0.007200000000000006,0.0,0.0,-0.007200000000000006,0.0,9.0,False,"(5, 2)",onion,"(2, 3)",,"(4, 2):soup('onion', 3, 20)","(4, 2):soup('onion', 3, 20);(4, 3):empty"
323,3,"(-1, 0)","(5, 2)","(-1, 0)",onion,"(2, 3)","(1, 0)",,"(4, 2):soup('onion', 3, 20)","(4, 2):soup('onion', 3, 20);(4, 3):empty",0.0,9.0,5,interact,-0.007200000000000006,0.0,0.0,-0.007200000000000006,0.0,9.0,False,"(5, 2)",onion,"(2, 3)",,"(4, 2):soup('onion', 3, 20)","(4, 2):soup('onion', 3, 20);(4, 3):empty"
324,3,"(-1, 0)","(5, 2)","(-1, 0)",onion,"(2, 3)","(1, 0)",,"(4, 2):soup('onion', 3, 20)","(4, 2):soup('onion', 3, 20);(4, 3):empty",0.0,9.0,5,interact,-0.007200000000000006,0.0,0.0,-0.007200000000000006,0.0,9.0,False,"(5, 2)",onion,"(2, 3)",,"(4, 2):soup('onion', 3, 20)","(4, 2):soup('onion', 3, 20);(4, 3):empty"
325,3,"(-1, 0)","(5, 2)","(-1, 0)",onion,"(2, 3)","(1, 0)",,"(4, 2):soup('onion', 3, 20)","(4, 2):soup('onion', 3, 20);(4, 3):empty",0.0,9.0,5,interact,-0.007200000000000006,0.0,0.0,-0.007200000000000006,0.0,9.0,False,"(5, 2)",onion,"(2, 3)",,"(4, 2):soup('onion', 3, 20)","(4, 2):soup('onion', 3, 20);(4, 3):empty"
326,3,"(-1, 0)","(5, 2)","(-1, 0)",onion,"(2, 3)","(1, 0)",,"(4, 2):soup('onion', 3, 20)","(4, 2):soup('onion', 3, 20);(4, 3):empty",0.0,9.0,5,interact,-0.007200000000000006,0.0,0.0,-0.007200000000000006,0.0,9.0,False,"(5, 2)",onion,"(2, 3)",,"(4, 2):soup('onion', 3, 20)","(4, 2):soup('onion', 3, 20);(4, 3):empty"
327,3,"(-1, 0)","(5, 2)","(-1, 0)",onion,"(2, 3)","(1, 0)",,"(4, 2):soup('onion', 3, 20)","(4, 2):soup('onion', 3, 20);(4, 3):empty",0.0,9.0,5,interact,-0.007200000000000006,0.0,0.0,-0.007200000000000006,0.0,9.0,False,"(5, 2)",onion,"(2, 3)",,"(4, 2):soup('onion', 3, 20)","(4, 2):soup('onion', 3, 20);(4, 3):empty"
328,3,"(-1, 0)","(5, 2)","(-1, 0)",onion,"(2, 3)","(1, 0)",,"(4, 2):soup('onion', 3, 20)","(4, 2):soup('onion', 3, 20);(4, 3):empty",0.0,9.0,5,interact,-0.007200000000000006,0.0,0.0,-0.007200000000000006,0.0,9.0,False,"(5, 2)",onion,"(2, 3)",,"(4, 2):soup('onion', 3, 20)","(4, 2):soup('onion', 3, 20);(4, 3):empty"
329,3,"(-1, 0)","(5, 2)","(-1, 0)",onion,"(2, 3)","(1, 0)",,"(4, 2):soup('onion', 3, 20)","(4, 2):soup('onion', 3, 20);(4, 3):empty",0.0,9.0,5,interact,-0.007200000000000006,0.0,0.0,-0.007200000000000006,0.0,9.0,False,"(5, 2)",onion,"(2, 3)",,"(4, 2):soup('onion', 3, 20)","(4, 2):soup('onion', 3, 20);(4, 3):empty"
330,3,"(-1, 0)","(5, 2)","(-1, 0)",onion,"(2, 3)","(1, 0)",,"(4, 2):soup('onion', 3, 20)","(4, 2):soup('onion', 3, 20);(4, 3):empty",0.0,9.0,5,interact,-0.007200000000000006,0.0,0.0,-0.007200000000000006,0.0,9.0,False,"(5, 2)",onion,"(2, 3)",,"(4, 2):soup('onion', 3, 20)","(4, 2):soup('onion', 3, 20);(4, 3):empty"
331,3,"(-1, 0)","(5, 2)","(-1, 0)",onion,"(2, 3)","(1, 0)",,"(4, 2):soup('onion', 3, 20)","(4, 2):soup('onion', 3, 20);(4, 3):empty",0.0,9.0,5,interact,-0.007200000000000006,0.0,0.0,-0.007200000000000006,0.0,9.0,False,"(5, 2)",onion,"(2, 3)",,"(4, 2):soup('onion', 3, 20)","(4, 2):soup('onion', 3, 20);(4, 3):empty"
332,3,"(-1, 0)","(5, 2)","(-1, 0)",onion,"(2, 3)","(1, 0)",,"(4, 2):soup('onion', 3, 20)","(4, 2):soup('onion', 3, 20);(4, 3):empty",0.0,9.0,5,interact,-0.007200000000000006,0.0,0.0,-0.007200000000000006,0.0,9.0,False,"(5, 2)",onion,"(2, 3)",,"(4, 2):soup('onion', 3, 20)","(4, 2):soup('onion', 3, 20);(4, 3):empty"
333,3,"(-1, 0)","(5, 2)","(-1, 0)",onion,"(2, 3)","(1, 0)",,"(4, 2):soup('onion', 3, 20)","(4, 2):soup('onion', 3, 20);(4, 3):empty",0.0,9.0,5,interact,-0.007200000000000006,0.0,0.0,-0.007200000000000006,0.0,9.0,False,"(5, 2)",onion,"(2, 3)",,"(4, 2):soup('onion', 3, 20)","(4, 2):soup('onion', 3, 20);(4, 3):empty"
334,3,"(-1, 0)","(5, 2)","(-1, 0)",onion,"(2, 3)","(1, 0)",,"(4, 2):soup('onion', 3, 20)","(4, 2):soup('onion', 3, 20);(4, 3):empty",0.0,9.0,5,interact,-0.007200000000000006,0.0,0.0,-0.007200000000000006,0.0,9.0,False,"(5, 2)",onion,"(2, 3)",,"(4, 2):soup('onion', 3, 20)","(4, 2):soup('onion', 3, 20);(4, 3):empty"
335,3,"(-1, 0)","(5, 2)","(-1, 0)",onion,"(2, 3)","(1, 0)",,"(4, 2):soup('onion', 3, 20)","(4, 2):soup('onion', 3, 20);(4, 3):empty",0.0,9.0,5,interact,-0.007200000000000006,0.0,0.0,-0.007200000000000006,0.0,9.0,False,"(5, 2)",onion,"(2, 3)",,"(4, 2):soup('onion', 3, 20)","(4, 2):soup('onion', 3, 20);(4, 3):empty"
336,3,"(-1, 0)","(5, 2)","(-1, 0)",onion,"(2, 3)","(1, 0)",,"(4, 2):soup('onion', 3, 20)","(4, 2):soup('onion', 3, 20);(4, 3):empty",0.0,9.0,5,interact,-0.007200000000000006,0.0,0.0,-0.007200000000000006,0.0,9.0,False,"(5, 2)",onion,"(2, 3)",,"(4, 2):soup('onion', 3, 20)","(4, 2):soup('onion', 3, 20);(4, 3):empty"
337,3,"(-1, 0)","(5, 2)","(-1, 0)",onion,"(2, 3)","(1, 0)",,"(4, 2):soup('onion', 3, 20)","(4, 2):soup('onion', 3, 20);(4, 3):empty",0.0,9.0,5,interact,-0.007200000000000006,0.0,0.0,-0.007200000000000006,0.0,9.0,False,"(5, 2)",onion,"(2, 3)",,"(4, 2):soup('onion', 3, 20)","(4, 2):soup('onion', 3, 20);(4, 3):empty"
338,3,"(-1, 0)","(5, 2)","(-1, 0)",onion,"(2, 3)","(1, 0)",,"(4, 2):soup('onion', 3, 20)","(4, 2):soup('onion', 3, 20);(4, 3):empty",0.0,9.0,5,interact,-0.007200000000000006,0.0,0.0,-0.007200000000000006,0.0,9.0,False,"(5, 2)",onion,"(2, 3)",,"(4, 2):soup('onion', 3, 20)","(4, 2):soup('onion', 3, 20);(4, 3):empty"
339,3,"(-1, 0)","(5, 2)","(-1, 0)",onion,"(2, 3)","(1, 0)",,"(4, 2):soup('onion', 3, 20)","(4, 2):soup('onion', 3, 20);(4, 3):empty",0.0,9.0,5,interact,-0.007200000000000006,0.0,0.0,-0.007200000000000006,0.0,9.0,False,"(5, 2)",onion,"(2, 3)",,"(4, 2):soup('onion', 3, 20)","(4, 2):soup('onion', 3, 20);(4, 3):empty"
340,3,"(-1, 0)","(5, 2)","(-1, 0)",onion,"(2, 3)","(1, 0)",,"(4, 2):soup('onion', 3, 20)","(4, 2):soup('onion', 3, 20);(4, 3):empty",0.0,9.0,5,interact,-0.007200000000000006,0.0,0.0,-0.007200000000000006,0.0,9.0,False,"(5, 2)",onion,"(2, 3)",,"(4, 2):soup('onion', 3, 20)","(4, 2):soup('onion', 3, 20);(4, 3):empty"
341,3,"(-1, 0)","(5, 2)","(-1, 0)",onion,"(2, 3)","(1, 0)",,"(4, 2):soup('onion', 3, 20)","(4, 2):soup('onion', 3, 20);(4, 3):empty",0.0,9.0,5,interact,-0.007200000000000006,0.0,0.0,-0.007200000000000006,0.0,9.0,False,"(5, 2)",onion,"(2, 3)",,"(4, 2):soup('onion', 3, 20)","(4, 2):soup('onion', 3, 20);(4, 3):empty"
342,3,"(-1, 0)","(5, 2)","(-1, 0)",onion,"(2, 3)","(1, 0)",,"(4, 2):soup('onion', 3, 20)","(4, 2):soup('onion', 3, 20);(4, 3):empty",0.0,9.0,5,interact,-0.007200000000000006,0.0,0.0,-0.007200000000000006,0.0,9.0,False,"(5, 2)",onion,"(2, 3)",,"(4, 2):soup('onion', 3, 20)","(4, 2):soup('onion', 3, 20);(4, 3):empty"
343,3,"(-1, 0)","(5, 2)","(-1, 0)",onion,"(2, 3)","(1, 0)",,"(4, 2):soup('onion', 3, 20)","(4, 2):soup('onion', 3, 20);(4, 3):empty",0.0,9.0,5,interact,-0.007200000000000006,0.0,0.0,-0.007200000000000006,0.0,9.0,False,"(5, 2)",onion,"(2, 3)",,"(4, 2):soup('onion', 3, 20)","(4, 2):soup('onion', 3, 20);(4, 3):empty"
344,3,"(-1, 0)","(5, 2)","(-1, 0)",onion,"(2, 3)","(1, 0)",,"(4, 2):soup('onion', 3, 20)","(4, 2):soup('onion', 3, 20);(4, 3):empty",0.0,9.0,5,interact,-0.007200000000000006,0.0,0.0,-0.007200000000000006,0.0,9.0,False,"(5, 2)",onion,"(2, 3)",,"(4, 2):soup('onion', 3, 20)","(4, 2):soup('onion', 3, 20);(4, 3):empty"
345,3,"(-1, 0)","(5, 2)","(-1, 0)",onion,"(2, 3)","(1, 0)",,"(4, 2):soup('onion', 3, 20)","(4, 2):soup('onion', 3, 20);(4, 3):empty",0.0,9.0,5,interact,-0.007200000000000006,0.0,0.0,-0.007200000000000006,0.0,9.0,False,"(5, 2)",onion,"(2, 3)",,"(4, 2):soup('onion', 3, 20)","(4, 2):soup('onion', 3, 20);(4, 3):empty"
346,3,"(-1, 0)","(5, 2)","(-1, 0)",onion,"(2, 3)","(1, 0)",,"(4, 2):soup('onion', 3, 20)","(4, 2):soup('onion', 3, 20);(4, 3):empty",0.0,9.0,5,interact,-0.007200000000000006,0.0,0.0,-0.007200000000000006,0.0,9.0,False,"(5, 2)",onion,"(2, 3)",,"(4, 2):soup('onion', 3, 20)","(4, 2):soup('onion', 3, 20);(4, 3):empty"
347,3,"(-1, 0)","(5, 2)","(-1, 0)",onion,"(2, 3)","(1, 0)",,"(4, 2):soup('onion', 3, 20)","(4, 2):soup('onion', 3, 20);(4, 3):empty",0.0,9.0,5,interact,-0.007200000000000006,0.0,0.0,-0.007200000000000006,0.0,9.0,False,"(5, 2)",onion,"(2, 3)",,"(4, 2):soup('onion', 3, 20)","(4, 2):soup('onion', 3, 20);(4, 3):empty"
348,3,"(-1, 0)","(5, 2)","(-1, 0)",onion,"(2, 3)","(1, 0)",,"(4, 2):soup('onion', 3, 20)","(4, 2):soup('onion', 3, 20);(4, 3):empty",0.0,9.0,5,interact,-0.007200000000000006,0.0,0.0,-0.007200000000000006,0.0,9.0,False,"(5, 2)",onion,"(2, 3)",,"(4, 2):soup('onion', 3, 20)","(4, 2):soup('onion', 3, 20);(4, 3):empty"
349,3,"(-1, 0)","(5, 2)","(-1, 0)",onion,"(2, 3)","(1, 0)",,"(4, 2):soup('onion', 3, 20)","(4, 2):soup('onion', 3, 20);(4, 3):empty",0.0,9.0,5,interact,-0.007200000000000006,0.0,0.0,-0.007200000000000006,0.0,9.0,False,"(5, 2)",onion,"(2, 3)",,"(4, 2):soup('onion', 3, 20)","(4, 2):soup('onion', 3, 20);(4, 3):empty"
350,3,"(-1, 0)","(5, 2)","(-1, 0)",onion,"(2, 3)","(1, 0)",,"(4, 2):soup('onion', 3, 20)","(4, 2):soup('onion', 3, 20);(4, 3):empty",0.0,9.0,5,interact,-0.007200000000000006,0.0,0.0,-0.007200000000000006,0.0,9.0,False,"(5, 2)",onion,"(2, 3)",,"(4, 2):soup('onion', 3, 20)","(4, 2):soup('onion', 3, 20);(4, 3):empty"
351,3,"(-1, 0)","(5, 2)","(-1, 0)",onion,"(2, 3)","(1, 0)",,"(4, 2):soup('onion', 3, 20)","(4, 2):soup('onion', 3, 20);(4, 3):empty",0.0,9.0,5,interact,-0.007200000000000006,0.0,0.0,-0.007200000000000006,0.0,9.0,False,"(5, 2)",onion,"(2, 3)",,"(4, 2):soup('onion', 3, 20)","(4, 2):soup('onion', 3, 20);(4, 3):empty"
352,3,"(-1, 0)","(5, 2)","(-1, 0)",onion,"(2, 3)","(1, 0)",,"(4, 2):soup('onion', 3, 20)","(4, 2):soup('onion', 3, 20);(4, 3):empty",0.0,9.0,5,interact,-0.007200000000000006,0.0,0.0,-0.007200000000000006,0.0,9.0,False,"(5, 2)",onion,"(2, 3)",,"(4, 2):soup('onion', 3, 20)","(4, 2):soup('onion', 3, 20);(4, 3):empty"
353,3,"(-1, 0)","(5, 2)","(-1, 0)",onion,"(2, 3)","(1, 0)",,"(4, 2):soup('onion', 3, 20)","(4, 2):soup('onion', 3, 20);(4, 3):empty",0.0,9.0,5,interact,-0.007200000000000006,0.0,0.0,-0.007200000000000006,0.0,9.0,False,"(5, 2)",onion,"(2, 3)",,"(4, 2):soup('onion', 3, 20)","(4, 2):soup('onion', 3, 20);(4, 3):empty"
354,3,"(-1, 0)","(5, 2)","(-1, 0)",onion,"(2, 3)","(1, 0)",,"(4, 2):soup('onion', 3, 20)","(4, 2):soup('onion', 3, 20);(4, 3):empty",0.0,9.0,5,interact,-0.007200000000000006,0.0,0.0,-0.007200000000000006,0.0,9.0,False,"(5, 2)",onion,"(2, 3)",,"(4, 2):soup('onion', 3, 20)","(4, 2):soup('onion', 3, 20);(4, 3):empty"
355,3,"(-1, 0)","(5, 2)","(-1, 0)",onion,"(2, 3)","(1, 0)",,"(4, 2):soup('onion', 3, 20)","(4, 2):soup('onion', 3, 20);(4, 3):empty",0.0,9.0,5,interact,-0.007200000000000006,0.0,0.0,-0.007200000000000006,0.0,9.0,False,"(5, 2)",onion,"(2, 3)",,"(4, 2):soup('onion', 3, 20)","(4, 2):soup('onion', 3, 20);(4, 3):empty"
356,3,"(-1, 0)","(5, 2)","(-1, 0)",onion,"(2, 3)","(1, 0)",,"(4, 2):soup('onion', 3, 20)","(4, 2):soup('onion', 3, 20);(4, 3):empty",0.0,9.0,5,interact,-0.007200000000000006,0.0,0.0,-0.007200000000000006,0.0,9.0,False,"(5, 2)",onion,"(2, 3)",,"(4, 2):soup('onion', 3, 20)","(4, 2):soup('onion', 3, 20);(4, 3):empty"
357,3,"(-1, 0)","(5, 2)","(-1, 0)",onion,"(2, 3)","(1, 0)",,"(4, 2):soup('onion', 3, 20)","(4, 2):soup('onion', 3, 20);(4, 3):empty",0.0,9.0,5,interact,-0.007200000000000006,0.0,0.0,-0.007200000000000006,0.0,9.0,False,"(5, 2)",onion,"(2, 3)",,"(4, 2):soup('onion', 3, 20)","(4, 2):soup('onion', 3, 20);(4, 3):empty"
358,3,"(-1, 0)","(5, 2)","(-1, 0)",onion,"(2, 3)","(1, 0)",,"(4, 2):soup('onion', 3, 20)","(4, 2):soup('onion', 3, 20);(4, 3):empty",0.0,9.0,5,interact,-0.007200000000000006,0.0,0.0,-0.007200000000000006,0.0,9.0,False,"(5, 2)",onion,"(2, 3)",,"(4, 2):soup('onion', 3, 20)","(4, 2):soup('onion', 3, 20);(4, 3):empty"
359,3,"(-1, 0)","(5, 2)","(-1, 0)",onion,"(2, 3)","(1, 0)",,"(4, 2):soup('onion', 3, 20)","(4, 2):soup('onion', 3, 20);(4, 3):empty",0.0,9.0,5,interact,-0.007200000000000006,0.0,0.0,-0.007200000000000006,0.0,9.0,False,"(5, 2)",onion,"(2, 3)",,"(4, 2):soup('onion', 3, 20)","(4, 2):soup('onion', 3, 20);(4, 3):empty"
360,3,"(-1, 0)","(5, 2)","(-1, 0)",onion,"(2, 3)","(1, 0)",,"(4, 2):soup('onion', 3, 20)","(4, 2):soup('onion', 3, 20);(4, 3):empty",0.0,9.0,5,interact,-0.007200000000000006,0.0,0.0,-0.007200000000000006,0.0,9.0,False,"(5, 2)",onion,"(2, 3)",,"(4, 2):soup('onion', 3, 20)","(4, 2):soup('onion', 3, 20);(4, 3):empty"
361,3,"(-1, 0)","(5, 2)","(-1, 0)",onion,"(2, 3)","(1, 0)",,"(4, 2):soup('onion', 3, 20)","(4, 2):soup('onion', 3, 20);(4, 3):empty",0.0,9.0,5,interact,-0.007200000000000006,0.0,0.0,-0.007200000000000006,0.0,9.0,False,"(5, 2)",onion,"(2, 3)",,"(4, 2):soup('onion', 3, 20)","(4, 2):soup('onion', 3, 20);(4, 3):empty"
362,3,"(-1, 0)","(5, 2)","(-1, 0)",onion,"(2, 3)","(1, 0)",,"(4, 2):soup('onion', 3, 20)","(4, 2):soup('onion', 3, 20);(4, 3):empty",0.0,9.0,5,interact,-0.007200000000000006,0.0,0.0,-0.007200000000000006,0.0,9.0,False,"(5, 2)",onion,"(2, 3)",,"(4, 2):soup('onion', 3, 20)","(4, 2):soup('onion', 3, 20);(4, 3):empty"
363,3,"(-1, 0)","(5, 2)","(-1, 0)",onion,"(2, 3)","(1, 0)",,"(4, 2):soup('onion', 3, 20)","(4, 2):soup('onion', 3, 20);(4, 3):empty",0.0,9.0,5,interact,-0.007200000000000006,0.0,0.0,-0.007200000000000006,0.0,9.0,False,"(5, 2)",onion,"(2, 3)",,"(4, 2):soup('onion', 3, 20)","(4, 2):soup('onion', 3, 20);(4, 3):empty"
364,3,"(-1, 0)","(5, 2)","(-1, 0)",onion,"(2, 3)","(1, 0)",,"(4, 2):soup('onion', 3, 20)","(4, 2):soup('onion', 3, 20);(4, 3):empty",0.0,9.0,5,interact,-0.007200000000000006,0.0,0.0,-0.007200000000000006,0.0,9.0,False,"(5, 2)",onion,"(2, 3)",,"(4, 2):soup('onion', 3, 20)","(4, 2):soup('onion', 3, 20);(4, 3):empty"
365,3,"(-1, 0)","(5, 2)","(-1, 0)",onion,"(2, 3)","(1, 0)",,"(4, 2):soup('onion', 3, 20)","(4, 2):soup('onion', 3, 20);(4, 3):empty",0.0,9.0,5,interact,-0.007200000000000006,0.0,0.0,-0.007200000000000006,0.0,9.0,False,"(5, 2)",onion,"(2, 3)",,"(4, 2):soup('onion', 3, 20)","(4, 2):soup('onion', 3, 20);(4, 3):empty"
366,3,"(-1, 0)","(5, 2)","(-1, 0)",onion,"(2, 3)","(1, 0)",,"(4, 2):soup('onion', 3, 20)","(4, 2):soup('onion', 3, 20);(4, 3):empty",0.0,9.0,5,interact,-0.007200000000000006,0.0,0.0,-0.007200000000000006,0.0,9.0,False,"(5, 2)",onion,"(2, 3)",,"(4, 2):soup('onion', 3, 20)","(4, 2):soup('onion', 3, 20);(4, 3):empty"
367,3,"(-1, 0)","(5, 2)","(-1, 0)",onion,"(2, 3)","(1, 0)",,"(4, 2):soup('onion', 3, 20)","(4, 2):soup('onion', 3, 20);(4, 3):empty",0.0,9.0,5,interact,-0.007200000000000006,0.0,0.0,-0.007200000000000006,0.0,9.0,False,"(5, 2)",onion,"(2, 3)",,"(4, 2):soup('onion', 3, 20)","(4, 2):soup('onion', 3, 20);(4, 3):empty"
368,3,"(-1, 0)","(5, 2)","(-1, 0)",onion,"(2, 3)","(1, 0)",,"(4, 2):soup('onion', 3, 20)","(4, 2):soup('onion', 3, 20);(4, 3):empty",0.0,9.0,5,interact,-0.007200000000000006,0.0,0.0,-0.007200000000000006,0.0,9.0,False,"(5, 2)",onion,"(2, 3)",,"(4, 2):soup('onion', 3, 20)","(4, 2):soup('onion', 3, 20);(4, 3):empty"
369,3,"(-1, 0)","(5, 2)","(-1, 0)",onion,"(2, 3)","(1, 0)",,"(4, 2):soup('onion', 3, 20)","(4, 2):soup('onion', 3, 20);(4, 3):empty",0.0,9.0,5,interact,-0.007200000000000006,0.0,0.0,-0.007200000000000006,0.0,9.0,False,"(5, 2)",onion,"(2, 3)",,"(4, 2):soup('onion', 3, 20)","(4, 2):soup('onion', 3, 20);(4, 3):empty"
370,3,"(-1, 0)","(5, 2)","(-1, 0)",onion,"(2, 3)","(1, 0)",,"(4, 2):soup('onion', 3, 20)","(4, 2):soup('onion', 3, 20);(4, 3):empty",0.0,9.0,5,interact,-0.007200000000000006,0.0,0.0,-0.007200000000000006,0.0,9.0,False,"(5, 2)",onion,"(2, 3)",,"(4, 2):soup('onion', 3, 20)","(4, 2):soup('onion', 3, 20);(4, 3):empty"
371,3,"(-1, 0)","(5, 2)","(-1, 0)",onion,"(2, 3)","(1, 0)",,"(4, 2):soup('onion', 3, 20)","(4, 2):soup('onion', 3, 20);(4, 3):empty",0.0,9.0,5,interact,-0.007200000000000006,0.0,0.0,-0.007200000000000006,0.0,9.0,False,"(5, 2)",onion,"(2, 3)",,"(4, 2):soup('onion', 3, 20)","(4, 2):soup('onion', 3, 20);(4, 3):empty"
372,3,"(-1, 0)","(5, 2)","(-1, 0)",onion,"(2, 3)","(1, 0)",,"(4, 2):soup('onion', 3, 20)","(4, 2):soup('onion', 3, 20);(4, 3):empty",0.0,9.0,5,interact,-0.007200000000000006,0.0,0.0,-0.007200000000000006,0.0,9.0,False,"(5, 2)",onion,"(2, 3)",,"(4, 2):soup('onion', 3, 20)","(4, 2):soup('onion', 3, 20);(4, 3):empty"
373,3,"(-1, 0)","(5, 2)","(-1, 0)",onion,"(2, 3)","(1, 0)",,"(4, 2):soup('onion', 3, 20)","(4, 2):soup('onion', 3, 20);(4, 3):empty",0.0,9.0,5,interact,-0.007200000000000006,0.0,0.0,-0.007200000000000006,0.0,9.0,False,"(5, 2)",onion,"(2, 3)",,"(4, 2):soup('onion', 3, 20)","(4, 2):soup('onion', 3, 20);(4, 3):empty"
374,3,"(-1, 0)","(5, 2)","(-1, 0)",onion,"(2, 3)","(1, 0)",,"(4, 2):soup('onion', 3, 20)","(4, 2):soup('onion', 3, 20);(4, 3):empty",0.0,9.0,5,interact,-0.007200000000000006,0.0,0.0,-0.007200000000000006,0.0,9.0,False,"(5, 2)",onion,"(2, 3)",,"(4, 2):soup('onion', 3, 20)","(4, 2):soup('onion', 3, 20);(4, 3):empty"
375,3,"(-1, 0)","(5, 2)","(-1, 0)",onion,"(2, 3)","(1, 0)",,"(4, 2):soup('onion', 3, 20)","(4, 2):soup('onion', 3, 20);(4, 3):empty",0.0,9.0,5,interact,-0.007200000000000006,0.0,0.0,-0.007200000000000006,0.0,9.0,False,"(5, 2)",onion,"(2, 3)",,"(4, 2):soup('onion', 3, 20)","(4, 2):soup('onion', 3, 20);(4, 3):empty"
376,3,"(-1, 0)","(5, 2)","(-1, 0)",onion,"(2, 3)","(1, 0)",,"(4, 2):soup('onion', 3, 20)","(4, 2):soup('onion', 3, 20);(4, 3):empty",0.0,9.0,5,interact,-0.007200000000000006,0.0,0.0,-0.007200000000000006,0.0,9.0,False,"(5, 2)",onion,"(2, 3)",,"(4, 2):soup('onion', 3, 20)","(4, 2):soup('onion', 3, 20);(4, 3):empty"
377,3,"(-1, 0)","(5, 2)","(-1, 0)",onion,"(2, 3)","(1, 0)",,"(4, 2):soup('onion', 3, 20)","(4, 2):soup('onion', 3, 20);(4, 3):empty",0.0,9.0,5,interact,-0.007200000000000006,0.0,0.0,-0.007200000000000006,0.0,9.0,False,"(5, 2)",onion,"(2, 3)",,"(4, 2):soup('onion', 3, 20)","(4, 2):soup('onion', 3, 20);(4, 3):empty"
378,3,"(-1, 0)","(5, 2)","(-1, 0)",onion,"(2, 3)","(1, 0)",,"(4, 2):soup('onion', 3, 20)","(4, 2):soup('onion', 3, 20);(4, 3):empty",0.0,9.0,5,interact,-0.007200000000000006,0.0,0.0,-0.007200000000000006,0.0,9.0,False,"(5, 2)",onion,"(2, 3)",,"(4, 2):soup('onion', 3, 20)","(4, 2):soup('onion', 3, 20);(4, 3):empty"
379,3,"(-1, 0)","(5, 2)","(-1, 0)",onion,"(2, 3)","(1, 0)",,"(4, 2):soup('onion', 3, 20)","(4, 2):soup('onion', 3, 20);(4, 3):empty",0.0,9.0,5,interact,-0.007200000000000006,0.0,0.0,-0.007200000000000006,0.0,9.0,False,"(5, 2)",onion,"(2, 3)",,"(4, 2):soup('onion', 3, 20)","(4, 2):soup('onion', 3, 20);(4, 3):empty"
380,3,"(-1, 0)","(5, 2)","(-1, 0)",onion,"(2, 3)","(1, 0)",,"(4, 2):soup('onion', 3, 20)","(4, 2):soup('onion', 3, 20);(4, 3):empty",0.0,9.0,5,interact,-0.007200000000000006,0.0,0.0,-0.007200000000000006,0.0,9.0,False,"(5, 2)",onion,"(2, 3)",,"(4, 2):soup('onion', 3, 20)","(4, 2):soup('onion', 3, 20);(4, 3):empty"
381,3,"(-1, 0)","(5, 2)","(-1, 0)",onion,"(2, 3)","(1, 0)",,"(4, 2):soup('onion', 3, 20)","(4, 2):soup('onion', 3, 20);(4, 3):empty",0.0,9.0,5,interact,-0.007200000000000006,0.0,0.0,-0.007200000000000006,0.0,9.0,False,"(5, 2)",onion,"(2, 3)",,"(4, 2):soup('onion', 3, 20)","(4, 2):soup('onion', 3, 20);(4, 3):empty"
382,3,"(-1, 0)","(5, 2)","(-1, 0)",onion,"(2, 3)","(1, 0)",,"(4, 2):soup('onion', 3, 20)","(4, 2):soup('onion', 3, 20);(4, 3):empty",0.0,9.0,5,interact,-0.007200000000000006,0.0,0.0,-0.007200000000000006,0.0,9.0,False,"(5, 2)",onion,"(2, 3)",,"(4, 2):soup('onion', 3, 20)","(4, 2):soup('onion', 3, 20);(4, 3):empty"
383,3,"(-1, 0)","(5, 2)","(-1, 0)",onion,"(2, 3)","(1, 0)",,"(4, 2):soup('onion', 3, 20)","(4, 2):soup('onion', 3, 20);(4, 3):empty",0.0,9.0,5,interact,-0.007200000000000006,0.0,0.0,-0.007200000000000006,0.0,9.0,False,"(5, 2)",onion,"(2, 3)",,"(4, 2):soup('onion', 3, 20)","(4, 2):soup('onion', 3, 20);(4, 3):empty"
384,3,"(-1, 0)","(5, 2)","(-1, 0)",onion,"(2, 3)","(1, 0)",,"(4, 2):soup('onion', 3, 20)","(4, 2):soup('onion', 3, 20);(4, 3):empty",0.0,9.0,5,interact,-0.007200000000000006,0.0,0.0,-0.007200000000000006,0.0,9.0,False,"(5, 2)",onion,"(2, 3)",,"(4, 2):soup('onion', 3, 20)","(4, 2):soup('onion', 3, 20);(4, 3):empty"
385,3,"(-1, 0)","(5, 2)","(-1, 0)",onion,"(2, 3)","(1, 0)",,"(4, 2):soup('onion', 3, 20)","(4, 2):soup('onion', 3, 20);(4, 3):empty",0.0,9.0,5,interact,-0.007200000000000006,0.0,0.0,-0.007200000000000006,0.0,9.0,False,"(5, 2)",onion,"(2, 3)",,"(4, 2):soup('onion', 3, 20)","(4, 2):soup('onion', 3, 20);(4, 3):empty"
386,3,"(-1, 0)","(5, 2)","(-1, 0)",onion,"(2, 3)","(1, 0)",,"(4, 2):soup('onion', 3, 20)","(4, 2):soup('onion', 3, 20);(4, 3):empty",0.0,9.0,5,interact,-0.007200000000000006,0.0,0.0,-0.007200000000000006,0.0,9.0,False,"(5, 2)",onion,"(2, 3)",,"(4, 2):soup('onion', 3, 20)","(4, 2):soup('onion', 3, 20);(4, 3):empty"
387,3,"(-1, 0)","(5, 2)","(-1, 0)",onion,"(2, 3)","(1, 0)",,"(4, 2):soup('onion', 3, 20)","(4, 2):soup('onion', 3, 20);(4, 3):empty",0.0,9.0,5,interact,-0.007200000000000006,0.0,0.0,-0.007200000000000006,0.0,9.0,False,"(5, 2)",onion,"(2, 3)",,"(4, 2):soup('onion', 3, 20)","(4, 2):soup('onion', 3, 20);(4, 3):empty"
388,3,"(-1, 0)","(5, 2)","(-1, 0)",onion,"(2, 3)","(1, 0)",,"(4, 2):soup('onion', 3, 20)","(4, 2):soup('onion', 3, 20);(4, 3):empty",0.0,9.0,5,interact,-0.007200000000000006,0.0,0.0,-0.007200000000000006,0.0,9.0,False,"(5, 2)",onion,"(2, 3)",,"(4, 2):soup('onion', 3, 20)","(4, 2):soup('onion', 3, 20);(4, 3):empty"
389,3,"(-1, 0)","(5, 2)","(-1, 0)",onion,"(2, 3)","(1, 0)",,"(4, 2):soup('onion', 3, 20)","(4, 2):soup('onion', 3, 20);(4, 3):empty",0.0,9.0,5,interact,-0.007200000000000006,0.0,0.0,-0.007200000000000006,0.0,9.0,False,"(5, 2)",onion,"(2, 3)",,"(4, 2):soup('onion', 3, 20)","(4, 2):soup('onion', 3, 20);(4, 3):empty"
390,3,"(-1, 0)","(5, 2)","(-1, 0)",onion,"(2, 3)","(1, 0)",,"(4, 2):soup('onion', 3, 20)","(4, 2):soup('onion', 3, 20);(4, 3):empty",0.0,9.0,5,interact,-0.007200000000000006,0.0,0.0,-0.007200000000000006,0.0,9.0,False,"(5, 2)",onion,"(2, 3)",,"(4, 2):soup('onion', 3, 20)","(4, 2):soup('onion', 3, 20);(4, 3):empty"
391,3,"(-1, 0)","(5, 2)","(-1, 0)",onion,"(2, 3)","(1, 0)",,"(4, 2):soup('onion', 3, 20)","(4, 2):soup('onion', 3, 20);(4, 3):empty",0.0,9.0,5,interact,-0.007200000000000006,0.0,0.0,-0.007200000000000006,0.0,9.0,False,"(5, 2)",onion,"(2, 3)",,"(4, 2):soup('onion', 3, 20)","(4, 2):soup('onion', 3, 20);(4, 3):empty"
392,3,"(-1, 0)","(5, 2)","(-1, 0)",onion,"(2, 3)","(1, 0)",,"(4, 2):soup('onion', 3, 20)","(4, 2):soup('onion', 3, 20);(4, 3):empty",0.0,9.0,5,interact,-0.007200000000000006,0.0,0.0,-0.007200000000000006,0.0,9.0,False,"(5, 2)",onion,"(2, 3)",,"(4, 2):soup('onion', 3, 20)","(4, 2):soup('onion', 3, 20);(4, 3):empty"
393,3,"(-1, 0)","(5, 2)","(-1, 0)",onion,"(2, 3)","(1, 0)",,"(4, 2):soup('onion', 3, 20)","(4, 2):soup('onion', 3, 20);(4, 3):empty",0.0,9.0,5,interact,-0.007200000000000006,0.0,0.0,-0.007200000000000006,0.0,9.0,False,"(5, 2)",onion,"(2, 3)",,"(4, 2):soup('onion', 3, 20)","(4, 2):soup('onion', 3, 20);(4, 3):empty"
394,3,"(-1, 0)","(5, 2)","(-1, 0)",onion,"(2, 3)","(1, 0)",,"(4, 2):soup('onion', 3, 20)","(4, 2):soup('onion', 3, 20);(4, 3):empty",0.0,9.0,5,interact,-0.007200000000000006,0.0,0.0,-0.007200000000000006,0.0,9.0,False,"(5, 2)",onion,"(2, 3)",,"(4, 2):soup('onion', 3, 20)","(4, 2):soup('onion', 3, 20);(4, 3):empty"
395,3,"(-1, 0)","(5, 2)","(-1, 0)",onion,"(2, 3)","(1, 0)",,"(4, 2):soup('onion', 3, 20)","(4, 2):soup('onion', 3, 20);(4, 3):empty",0.0,9.0,5,interact,-0.007200000000000006,0.0,0.0,-0.007200000000000006,0.0,9.0,False,"(5, 2)",onion,"(2, 3)",,"(4, 2):soup('onion', 3, 20)","(4, 2):soup('onion', 3, 20);(4, 3):empty"
396,3,"(-1, 0)","(5, 2)","(-1, 0)",onion,"(2, 3)","(1, 0)",,"(4, 2):soup('onion', 3, 20)","(4, 2):soup('onion', 3, 20);(4, 3):empty",0.0,9.0,5,interact,-0.007200000000000006,0.0,0.0,-0.007200000000000006,0.0,9.0,False,"(5, 2)",onion,"(2, 3)",,"(4, 2):soup('onion', 3, 20)","(4, 2):soup('onion', 3, 20);(4, 3):empty"
397,3,"(-1, 0)","(5, 2)","(-1, 0)",onion,"(2, 3)","(1, 0)",,"(4, 2):soup('onion', 3, 20)","(4, 2):soup('onion', 3, 20);(4, 3):empty",0.0,9.0,5,interact,-0.007200000000000006,0.0,0.0,-0.007200000000000006,0.0,9.0,False,"(5, 2)",onion,"(2, 3)",,"(4, 2):soup('onion', 3, 20)","(4, 2):soup('onion', 3, 20);(4, 3):empty"
398,3,"(-1, 0)","(5, 2)","(-1, 0)",onion,"(2, 3)","(1, 0)",,"(4, 2):soup('onion', 3, 20)","(4, 2):soup('onion', 3, 20);(4, 3):empty",0.0,9.0,5,interact,-0.007200000000000006,0.0,0.0,-0.007200000000000006,0.0,9.0,False,"(5, 2)",onion,"(2, 3)",,"(4, 2):soup('onion', 3, 20)","(4, 2):soup('onion', 3, 20);(4, 3):empty"
399,3,"(-1, 0)","(5, 2)","(-1, 0)",onion,"(2, 3)","(1, 0)",,"(4, 2):soup('onion', 3, 20)","(4, 2):soup('onion', 3, 20);(4, 3):empty",0.0,9.0,5,interact,-0.007200000000000006,0.0,0.0,-0.007200000000000006,0.0,9.0,False,"(5, 2)",onion,"(2, 3)",,"(4, 2):soup('onion', 3, 20)","(4, 2):soup('onion', 3, 20);(4, 3):empty"
