step,ego_action_idx,ego_action,p0_pos,p0_orient,p0_held,p1_pos,p1_orient,p1_held,objects_before,pots_before,cum_sparse_before,cum_shaped_before,partner_action_idx,partner_action,reward,sparse_reward,built_in_shaped_reward,custom_shaped_reward,cum_sparse_after,cum_shaped_after,delivery_event,p0_pos_after,p0_held_after,p1_pos_after,p1_held_after,objects_after,pots_after
0,2,"(1, 0)","(2, 1)","(0, -1)",,"(1, 2)","(0, -1)",,,"(3, 0):empty;(4, 1):empty",0.0,0.0,1,"(0, 1)",0.0,0.0,0.0,0.0,0.0,0.0,False,"(3, 1)",,"(1, 3)",,,"(3, 0):empty;(4, 1):empty"
1,1,"(0, 1)","(3, 1)","(1, 0)",,"(1, 3)","(0, 1)",,,"(3, 0):empty;(4, 1):empty",0.0,0.0,5,interact,0.0,0.0,0.0,0.0,0.0,0.0,False,"(3, 2)",,"(1, 3)",onion,,"(3, 0):empty;(4, 1):empty"
2,1,"(0, 1)","(3, 2)","(0, 1)",,"(1, 3)","(0, 1)",onion,,"(3, 0):empty;(4, 1):empty",0.0,0.0,0,"(0, -1)",0.0,0.0,0.0,0.0,0.0,0.0,False,"(3, 3)",,"(1, 2)",onion,,"(3, 0):empty;(4, 1):empty"
3,3,"(-1, 0)","(3, 3)","(0, 1)",,"(1, 2)","(0, -1)",onion,,"(3, 0):empty;(4, 1):empty",0.0,0.0,0,"(0, -1)",0.0,0.0,0.0,0.0,0.0,0.0,False,"(2, 3)",,"(1, 1)",onion,,"(3, 0):empty;(4, 1):empty"
4,3,"(-1, 0)","(2, 3)","(-1, 0)",,"(1, 1)","(0, -1)",onion,,"(3, 0):empty;(4, 1):empty",0.0,0.0,2,"(1, 0)",0.0,0.0,0.0,0.0,0.0,0.0,False,"(1, 3)",,"(2, 1)",onion,,"(3, 0):empty;(4, 1):empty"
5,5,interact,"(1, 3)","(-1, 0)",,"(2, 1)","(1, 0)",onion,,"(3, 0):empty;(4, 1):empty",0.0,0.0,0,"(0, -1)",0.0,0.0,0.0,0.0,0.0,0.0,False,"(1, 3)",onion,"(2, 1)",onion,,"(3, 0):empty;(4, 1):empty"
6,2,"(1, 0)","(1, 3)","(-1, 0)",onion,"(2, 1)","(0, -1)",onion,,"(3, 0):empty;(4, 1):empty",0.0,0.0,2,"(1, 0)",0.0,0.0,0.0,0.0,0.0,0.0,False,"(2, 3)",onion,"(3, 1)",onion,,"(3, 0):empty;(4, 1):empty"
7,2,"(1, 0)","(2, 3)","(1, 0)",onion,"(3, 1)","(1, 0)",onion,,"(3, 0):empty;(4, 1):empty",0.0,0.0,5,interact,3.0,0.0,3.0,0.0,0.0,3.0,False,"(3, 3)",onion,"(3, 1)",,"(4, 1):soup('onion', 1, 0)","(3, 0):empty;(4, 1):soup('onion', 1, 0)"
8,0,"(0, -1)","(3, 3)","(1, 0)",onion,"(3, 1)","(1, 0)",,"(4, 1):soup('onion', 1, 0)","(3, 0):empty;(4, 1):soup('onion', 1, 0)",0.0,3.0,3,"(-1, 0)",0.0,0.0,0.0,0.0,0.0,3.0,False,"(3, 2)",onion,"(2, 1)",,"(4, 1):soup('onion', 1, 0)","(3, 0):empty;(4, 1):soup('onion', 1, 0)"
9,2,"(1, 0)","(3, 2)","(0, -1)",onion,"(2, 1)","(-1, 0)",,"(4, 1):soup('onion', 1, 0)","(3, 0):empty;(4, 1):soup('onion', 1, 0)",0.0,3.0,3,"(-1, 0)",0.0,0.0,0.0,0.0,0.0,3.0,False,"(3, 2)",onion,"(1, 1)",,"(4, 1):soup('onion', 1, 0)","(3, 0):empty;(4, 1):soup('onion', 1, 0)"
10,0,"(0, -1)","(3, 2)","(1, 0)",onion,"(1, 1)","(-1, 0)",,"(4, 1):soup('onion', 1, 0)","(3, 0):empty;(4, 1):soup('onion', 1, 0)",0.0,3.0,3,"(-1, 0)",0.0,0.0,0.0,0.0,0.0,3.0,False,"(3, 1)",onion,"(1, 1)",,"(4, 1):soup('onion', 1, 0)","(3, 0):empty;(4, 1):soup('onion', 1, 0)"
11,2,"(1, 0)","(3, 1)","(0, -1)",onion,"(1, 1)","(-1, 0)",,"(4, 1):soup('onion', 1, 0)","(3, 0):empty;(4, 1):soup('onion', 1, 0)",0.0,3.0,1,"(0, 1)",0.0,0.0,0.0,0.0,0.0,3.0,False,"(3, 1)",onion,"(1, 2)",,"(4, 1):soup('onion', 1, 0)","(3, 0):empty;(4, 1):soup('onion', 1, 0)"
12,5,interact,"(3, 1)","(1, 0)",onion,"(1, 2)","(0, 1)",,"(4, 1):soup('onion', 1, 0)","(3, 0):empty;(4, 1):soup('onion', 1, 0)",0.0,3.0,1,"(0, 1)",3.0,0.0,3.0,0.0,0.0,6.0,False,"(3, 1)",,"(1, 3)",,"(4, 1):soup('onion', 2, 0)","(3, 0):empty;(4, 1):soup('onion', 2, 0)"
13,1,"(0, 1)","(3, 1)","(1, 0)",,"(1, 3)","(0, 1)",,"(4, 1):soup('onion', 2, 0)","(3, 0):empty;(4, 1):soup('onion', 2, 0)",0.0,6.0,5,interact,0.0,0.0,0.0,0.0,0.0,6.0,False,"(3, 2)",,"(1, 3)",onion,"(4, 1):soup('onion', 2, 0)","(3, 0):empty;(4, 1):soup('onion', 2, 0)"
14,1,"(0, 1)","(3, 2)","(0, 1)",,"(1, 3)","(0, 1)",onion,"(4, 1):soup('onion', 2, 0)","(3, 0):empty;(4, 1):soup('onion', 2, 0)",0.0,6.0,0,"(0, -1)",0.0,0.0,0.0,0.0,0.0,6.0,False,"(3, 3)",,"(1, 2)",onion,"(4, 1):soup('onion', 2, 0)","(3, 0):empty;(4, 1):soup('onion', 2, 0)"
15,3,"(-1, 0)","(3, 3)","(0, 1)",,"(1, 2)","(0, -1)",onion,"(4, 1):soup('onion', 2, 0)","(3, 0):empty;(4, 1):soup('onion', 2, 0)",0.0,6.0,2,"(1, 0)",0.0,0.0,0.0,0.0,0.0,6.0,False,"(2, 3)",,"(1, 2)",onion,"(4, 1):soup('onion', 2, 0)","(3, 0):empty;(4, 1):soup('onion', 2, 0)"
16,3,"(-1, 0)","(2, 3)","(-1, 0)",,"(1, 2)","(1, 0)",onion,"(4, 1):soup('onion', 2, 0)","(3, 0):empty;(4, 1):soup('onion', 2, 0)",0.0,6.0,0,"(0, -1)",0.0,0.0,0.0,0.0,0.0,6.0,False,"(1, 3)",,"(1, 1)",onion,"(4, 1):soup('onion', 2, 0)","(3, 0):empty;(4, 1):soup('onion', 2, 0)"
17,5,interact,"(1, 3)","(-1, 0)",,"(1, 1)","(0, -1)",onion,"(4, 1):soup('onion', 2, 0)","(3, 0):empty;(4, 1):soup('onion', 2, 0)",0.0,6.0,2,"(1, 0)",0.0,0.0,0.0,0.0,0.0,6.0,False,"(1, 3)",onion,"(2, 1)",onion,"(4, 1):soup('onion', 2, 0)","(3, 0):empty;(4, 1):soup('onion', 2, 0)"
18,2,"(1, 0)","(1, 3)","(-1, 0)",onion,"(2, 1)","(1, 0)",onion,"(4, 1):soup('onion', 2, 0)","(3, 0):empty;(4, 1):soup('onion', 2, 0)",0.0,6.0,0,"(0, -1)",0.0,0.0,0.0,0.0,0.0,6.0,False,"(2, 3)",onion,"(2, 1)",onion,"(4, 1):soup('onion', 2, 0)","(3, 0):empty;(4, 1):soup('onion', 2, 0)"
19,2,"(1, 0)","(2, 3)","(1, 0)",onion,"(2, 1)","(0, -1)",onion,"(4, 1):soup('onion', 2, 0)","(3, 0):empty;(4, 1):soup('onion', 2, 0)",0.0,6.0,2,"(1, 0)",0.0,0.0,0.0,0.0,0.0,6.0,False,"(3, 3)",onion,"(3, 1)",onion,"(4, 1):soup('onion', 2, 0)","(3, 0):empty;(4, 1):soup('onion', 2, 0)"
20,0,"(0, -1)","(3, 3)","(1, 0)",onion,"(3, 1)","(1, 0)",onion,"(4, 1):soup('onion', 2, 0)","(3, 0):empty;(4, 1):soup('onion', 2, 0)",0.0,6.0,5,interact,3.0,0.0,3.0,0.0,0.0,9.0,False,"(3, 2)",onion,"(3, 1)",,"(4, 1):soup('onion', 3, 1)","(3, 0):empty;(4, 1):soup('onion', 3, 1)"
21,2,"(1, 0)","(3, 2)","(0, -1)",onion,"(3, 1)","(1, 0)",,"(4, 1):soup('onion', 3, 1)","(3, 0):empty;(4, 1):soup('onion', 3, 1)",0.0,9.0,3,"(-1, 0)",0.0,0.0,0.0,0.0,0.0,9.0,False,"(3, 2)",onion,"(2, 1)",,"(4, 1):soup('onion', 3, 2)","(3, 0):empty;(4, 1):soup('onion', 3, 2)"
22,0,"(0, -1)","(3, 2)","(1, 0)",onion,"(2, 1)","(-1, 0)",,"(4, 1):soup('onion', 3, 2)","(3, 0):empty;(4, 1):soup('onion', 3, 2)",0.0,9.0,3,"(-1, 0)",0.0,0.0,0.0,0.0,0.0,9.0,False,"(3, 1)",onion,"(1, 1)",,"(4, 1):soup('onion', 3, 3)","(3, 0):empty;(4, 1):soup('onion', 3, 3)"
23,5,interact,"(3, 1)","(0, -1)",onion,"(1, 1)","(-1, 0)",,"(4, 1):soup('onion', 3, 3)","(3, 0):empty;(4, 1):soup('onion', 3, 3)",0.0,9.0,1,"(0, 1)",3.0,0.0,3.0,0.0,0.0,12.0,False,"(3, 1)",,"(1, 2)",,"(3, 0):soup('onion', 1, 0);(4, 1):soup('onion', 3, 4)","(3, 0):soup('onion', 1, 0);(4, 1):soup('onion', 3, 4)"
24,5,interact,"(3, 1)","(0, -1)",,"(1, 2)","(0, 1)",,"(3, 0):soup('onion', 1, 0);(4, 1):soup('onion', 3, 4)","(3, 0):soup('onion', 1, 0);(4, 1):soup('onion', 3, 4)",0.0,12.0,3,"(-1, 0)",0.0,0.0,0.0,0.0,0.0,12.0,False,"(3, 1)",,"(1, 2)",,"(3, 0):soup('onion', 1, 0);(4, 1):soup('onion', 3, 5)","(3, 0):soup('onion', 1, 0);(4, 1):soup('onion', 3, 5)"
25,5,interact,"(3, 1)","(0, -1)",,"(1, 2)","(-1, 0)",,"(3, 0):soup('onion', 1, 0);(4, 1):soup('onion', 3, 5)","(3, 0):soup('onion', 1, 0);(4, 1):soup('onion', 3, 5)",0.0,12.0,1,"(0, 1)",0.0,0.0,0.0,0.0,0.0,12.0,False,"(3, 1)",,"(1, 3)",,"(3, 0):soup('onion', 1, 0);(4, 1):soup('onion', 3, 6)","(3, 0):soup('onion', 1, 0);(4, 1):soup('onion', 3, 6)"
26,3,"(-1, 0)","(3, 1)","(0, -1)",,"(1, 3)","(0, 1)",,"(3, 0):soup('onion', 1, 0);(4, 1):soup('onion', 3, 6)","(3, 0):soup('onion', 1, 0);(4, 1):soup('onion', 3, 6)",0.0,12.0,2,"(1, 0)",0.0,0.0,0.0,0.0,0.0,12.0,False,"(2, 1)",,"(2, 3)",,"(3, 0):soup('onion', 1, 0);(4, 1):soup('onion', 3, 7)","(3, 0):soup('onion', 1, 0);(4, 1):soup('onion', 3, 7)"
27,3,"(-1, 0)","(2, 1)","(-1, 0)",,"(2, 3)","(1, 0)",,"(3, 0):soup('onion', 1, 0);(4, 1):soup('onion', 3, 7)","(3, 0):soup('onion', 1, 0);(4, 1):soup('onion', 3, 7)",0.0,12.0,5,interact,0.0,0.0,0.0,0.0,0.0,12.0,False,"(1, 1)",,"(2, 3)",,"(3, 0):soup('onion', 1, 0);(4, 1):soup('onion', 3, 8)","(3, 0):soup('onion', 1, 0);(4, 1):soup('onion', 3, 8)"
28,3,"(-1, 0)","(1, 1)","(-1, 0)",,"(2, 3)","(1, 0)",,"(3, 0):soup('onion', 1, 0);(4, 1):soup('onion', 3, 8)","(3, 0):soup('onion', 1, 0);(4, 1):soup('onion', 3, 8)",0.0,12.0,5,interact,0.0,0.0,0.0,0.0,0.0,12.0,False,"(1, 1)",,"(2, 3)",,"(3, 0):soup('onion', 1, 0);(4, 1):soup('onion', 3, 9)","(3, 0):soup('onion', 1, 0);(4, 1):soup('onion', 3, 9)"
29,3,"(-1, 0)","(1, 1)","(-1, 0)",,"(2, 3)","(1, 0)",,"(3, 0):soup('onion', 1, 0);(4, 1):soup('onion', 3, 9)","(3, 0):soup('onion', 1, 0);(4, 1):soup('onion', 3, 9)",0.0,12.0,5,interact,0.0,0.0,0.0,0.0,0.0,12.0,False,"(1, 1)",,"(2, 3)",,"(3, 0):soup('onion', 1, 0);(4, 1):soup('onion', 3, 10)","(3, 0):soup('onion', 1, 0);(4, 1):soup('onion', 3, 10)"
30,3,"(-1, 0)","(1, 1)","(-1, 0)",,"(2, 3)","(1, 0)",,"(3, 0):soup('onion', 1, 0);(4, 1):soup('onion', 3, 10)","(3, 0):soup('onion', 1, 0);(4, 1):soup('onion', 3, 10)",0.0,12.0,5,interact,0.0,0.0,0.0,0.0,0.0,12.0,False,"(1, 1)",,"(2, 3)",,"(3, 0):soup('onion', 1, 0);(4, 1):soup('onion', 3, 11)","(3, 0):soup('onion', 1, 0);(4, 1):soup('onion', 3, 11)"
31,3,"(-1, 0)","(1, 1)","(-1, 0)",,"(2, 3)","(1, 0)",,"(3, 0):soup('onion', 1, 0);(4, 1):soup('onion', 3, 11)","(3, 0):soup('onion', 1, 0);(4, 1):soup('onion', 3, 11)",0.0,12.0,5,interact,0.0,0.0,0.0,0.0,0.0,12.0,False,"(1, 1)",,"(2, 3)",,"(3, 0):soup('onion', 1, 0);(4, 1):soup('onion', 3, 12)","(3, 0):soup('onion', 1, 0);(4, 1):soup('onion', 3, 12)"
32,3,"(-1, 0)","(1, 1)","(-1, 0)",,"(2, 3)","(1, 0)",,"(3, 0):soup('onion', 1, 0);(4, 1):soup('onion', 3, 12)","(3, 0):soup('onion', 1, 0);(4, 1):soup('onion', 3, 12)",0.0,12.0,5,interact,0.0,0.0,0.0,0.0,0.0,12.0,False,"(1, 1)",,"(2, 3)",,"(3, 0):soup('onion', 1, 0);(4, 1):soup('onion', 3, 13)","(3, 0):soup('onion', 1, 0);(4, 1):soup('onion', 3, 13)"
33,3,"(-1, 0)","(1, 1)","(-1, 0)",,"(2, 3)","(1, 0)",,"(3, 0):soup('onion', 1, 0);(4, 1):soup('onion', 3, 13)","(3, 0):soup('onion', 1, 0);(4, 1):soup('onion', 3, 13)",0.0,12.0,5,interact,0.0,0.0,0.0,0.0,0.0,12.0,False,"(1, 1)",,"(2, 3)",,"(3, 0):soup('onion', 1, 0);(4, 1):soup('onion', 3, 14)","(3, 0):soup('onion', 1, 0);(4, 1):soup('onion', 3, 14)"
34,3,"(-1, 0)","(1, 1)","(-1, 0)",,"(2, 3)","(1, 0)",,"(3, 0):soup('onion', 1, 0);(4, 1):soup('onion', 3, 14)","(3, 0):soup('onion', 1, 0);(4, 1):soup('onion', 3, 14)",0.0,12.0,5,interact,0.0,0.0,0.0,0.0,0.0,12.0,False,"(1, 1)",,"(2, 3)",,"(3, 0):soup('onion', 1, 0);(4, 1):soup('onion', 3, 15)","(3, 0):soup('onion', 1, 0);(4, 1):soup('onion', 3, 15)"
35,3,"(-1, 0)","(1, 1)","(-1, 0)",,"(2, 3)","(1, 0)",,"(3, 0):soup('onion', 1, 0);(4, 1):soup('onion', 3, 15)","(3, 0):soup('onion', 1, 0);(4, 1):soup('onion', 3, 15)",0.0,12.0,5,interact,0.0,0.0,0.0,0.0,0.0,12.0,False,"(1, 1)",,"(2, 3)",,"(3, 0):soup('onion', 1, 0);(4, 1):soup('onion', 3, 16)","(3, 0):soup('onion', 1, 0);(4, 1):soup('onion', 3, 16)"
36,3,"(-1, 0)","(1, 1)","(-1, 0)",,"(2, 3)","(1, 0)",,"(3, 0):soup('onion', 1, 0);(4, 1):soup('onion', 3, 16)","(3, 0):soup('onion', 1, 0);(4, 1):soup('onion', 3, 16)",0.0,12.0,5,interact,0.0,0.0,0.0,0.0,0.0,12.0,False,"(1, 1)",,"(2, 3)",,"(3, 0):soup('onion', 1, 0);(4, 1):soup('onion', 3, 17)","(3, 0):soup('onion', 1, 0);(4, 1):soup('onion', 3, 17)"
37,3,"(-1, 0)","(1, 1)","(-1, 0)",,"(2, 3)","(1, 0)",,"(3, 0):soup('onion', 1, 0);(4, 1):soup('onion', 3, 17)","(3, 0):soup('onion', 1, 0);(4, 1):soup('onion', 3, 17)",0.0,12.0,5,interact,0.0,0.0,0.0,0.0,0.0,12.0,False,"(1, 1)",,"(2, 3)",,"(3, 0):soup('onion', 1, 0);(4, 1):soup('onion', 3, 18)","(3, 0):soup('onion', 1, 0);(4, 1):soup('onion', 3, 18)"
38,3,"(-1, 0)","(1, 1)","(-1, 0)",,"(2, 3)","(1, 0)",,"(3, 0):soup('onion', 1, 0);(4, 1):soup('onion', 3, 18)","(3, 0):soup('onion', 1, 0);(4, 1):soup('onion', 3, 18)",0.0,12.0,5,interact,0.0,0.0,0.0,0.0,0.0,12.0,False,"(1, 1)",,"(2, 3)",,"(3, 0):soup('onion', 1, 0);(4, 1):soup('onion', 3, 19)","(3, 0):soup('onion', 1, 0);(4, 1):soup('onion', 3, 19)"
39,3,"(-1, 0)","(1, 1)","(-1, 0)",,"(2, 3)","(1, 0)",,"(3, 0):soup('onion', 1, 0);(4, 1):soup('onion', 3, 19)","(3, 0):soup('onion', 1, 0);(4, 1):soup('onion', 3, 19)",0.0,12.0,5,interact,0.0,0.0,0.0,0.0,0.0,12.0,False,"(1, 1)",,"(2, 3)",,"(3, 0):soup('onion', 1, 0);(4, 1):soup('onion', 3, 20)","(3, 0):soup('onion', 1, 0);(4, 1):soup('onion', 3, 20)"
40,1,"(0, 1)","(1, 1)","(-1, 0)",,"(2, 3)","(1, 0)",,"(3, 0):soup('onion', 1, 0);(4, 1):soup('onion', 3, 20)","(3, 0):soup('onion', 1, 0);(4, 1):soup('onion', 3, 20)",0.0,12.0,2,"(1, 0)",0.0,0.0,0.0,0.0,0.0,12.0,False,"(1, 2)",,"(3, 3)",,"(3, 0):soup('onion', 1, 0);(4, 1):soup('onion', 3, 20)","(3, 0):soup('onion', 1, 0);(4, 1):soup('onion', 3, 20)"
41,3,"(-1, 0)","(1, 2)","(0, 1)",,"(3, 3)","(1, 0)",,"(3, 0):soup('onion', 1, 0);(4, 1):soup('onion', 3, 20)","(3, 0):soup('onion', 1, 0);(4, 1):soup('onion', 3, 20)",0.0,12.0,3,"(-1, 0)",0.0,0.0,0.0,0.0,0.0,12.0,False,"(1, 2)",,"(2, 3)",,"(3, 0):soup('onion', 1, 0);(4, 1):soup('onion', 3, 20)","(3, 0):soup('onion', 1, 0);(4, 1):soup('onion', 3, 20)"
42,5,interact,"(1, 2)","(-1, 0)",,"(2, 3)","(-1, 0)",,"(3, 0):soup('onion', 1, 0);(4, 1):soup('onion', 3, 20)","(3, 0):soup('onion', 1, 0);(4, 1):soup('onion', 3, 20)",0.0,12.0,0,"(0, -1)",3.0,0.0,3.0,0.0,0.0,15.0,False,"(1, 2)",dish,"(2, 3)",,"(3, 0):soup('onion', 1, 0);(4, 1):soup('onion', 3, 20)","(3, 0):soup('onion', 1, 0);(4, 1):soup('onion', 3, 20)"
43,0,"(0, -1)","(1, 2)","(-1, 0)",dish,"(2, 3)","(0, -1)",,"(3, 0):soup('onion', 1, 0);(4, 1):soup('onion', 3, 20)","(3, 0):soup('onion', 1, 0);(4, 1):soup('onion', 3, 20)",0.0,15.0,3,"(-1, 0)",0.0,0.0,0.0,0.0,0.0,15.0,False,"(1, 1)",dish,"(1, 3)",,"(3, 0):soup('onion', 1, 0);(4, 1):soup('onion', 3, 20)","(3, 0):soup('onion', 1, 0);(4, 1):soup('onion', 3, 20)"
44,2,"(1, 0)","(1, 1)","(0, -1)",dish,"(1, 3)","(-1, 0)",,"(3, 0):soup('onion', 1, 0);(4, 1):soup('onion', 3, 20)","(3, 0):soup('onion', 1, 0);(4, 1):soup('onion', 3, 20)",0.0,15.0,1,"(0, 1)",0.0,0.0,0.0,0.0,0.0,15.0,False,"(2, 1)",dish,"(1, 3)",,"(3, 0):soup('onion', 1, 0);(4, 1):soup('onion', 3, 20)","(3, 0):soup('onion', 1, 0);(4, 1):soup('onion', 3, 20)"
45,2,"(1, 0)","(2, 1)","(1, 0)",dish,"(1, 3)","(0, 1)",,"(3, 0):soup('onion', 1, 0);(4, 1):soup('onion', 3, 20)","(3, 0):soup('onion', 1, 0);(4, 1):soup('onion', 3, 20)",0.0,15.0,1,"(0, 1)",0.0,0.0,0.0,0.0,0.0,15.0,False,"(3, 1)",dish,"(1, 3)",,"(3, 0):soup('onion', 1, 0);(4, 1):soup('onion', 3, 20)","(3, 0):soup('onion', 1, 0);(4, 1):soup('onion', 3, 20)"
46,5,interact,"(3, 1)","(1, 0)",dish,"(1, 3)","(0, 1)",,"(3, 0):soup('onion', 1, 0);(4, 1):soup('onion', 3, 20)","(3, 0):soup('onion', 1, 0);(4, 1):soup('onion', 3, 20)",0.0,15.0,3,"(-1, 0)",5.0,0.0,5.0,0.0,0.0,20.0,False,"(3, 1)","soup('onion', 3, 20)","(1, 3)",,"(3, 0):soup('onion', 1, 0)","(3, 0):soup('onion', 1, 0);(4, 1):empty"
47,1,"(0, 1)","(3, 1)","(1, 0)","soup('onion', 3, 20)","(1, 3)","(-1, 0)",,"(3, 0):soup('onion', 1, 0)","(3, 0):soup('onion', 1, 0);(4, 1):empty",0.0,20.0,5,interact,0.0,0.0,0.0,0.0,0.0,20.0,False,"(3, 2)","soup('onion', 3, 20)","(1, 3)",onion,"(3, 0):soup('onion', 1, 0)","(3, 0):soup('onion', 1, 0);(4, 1):empty"
48,1,"(0, 1)","(3, 2)","(0, 1)","soup('onion', 3, 20)","(1, 3)","(-1, 0)",onion,"(3, 0):soup('onion', 1, 0)","(3, 0):soup('onion', 1, 0);(4, 1):empty",0.0,20.0,0,"(0, -1)",0.0,0.0,0.0,0.0,0.0,20.0,False,"(3, 3)","soup('onion', 3, 20)","(1, 2)",onion,"(3, 0):soup('onion', 1, 0)","(3, 0):soup('onion', 1, 0);(4, 1):empty"
49,3,"(-1, 0)","(3, 3)","(0, 1)","soup('onion', 3, 20)","(1, 2)","(0, -1)",onion,"(3, 0):soup('onion', 1, 0)","(3, 0):soup('onion', 1, 0);(4, 1):empty",0.0,20.0,2,"(1, 0)",0.0,0.0,0.0,0.0,0.0,20.0,False,"(2, 3)","soup('onion', 3, 20)","(1, 2)",onion,"(3, 0):soup('onion', 1, 0)","(3, 0):soup('onion', 1, 0);(4, 1):empty"
50,1,"(0, 1)","(2, 3)","(-1, 0)","soup('onion', 3, 20)","(1, 2)","(1, 0)",onion,"(3, 0):soup('onion', 1, 0)","(3, 0):soup('onion', 1, 0);(4, 1):empty",0.0,20.0,0,"(0, -1)",0.0,0.0,0.0,0.0,0.0,20.0,False,"(2, 3)","soup('onion', 3, 20)","(1, 1)",onion,"(3, 0):soup('onion', 1, 0)","(3, 0):soup('onion', 1, 0);(4, 1):empty"
51,5,interact,"(2, 3)","(0, 1)","soup('onion', 3, 20)","(1, 1)","(0, -1)",onion,"(3, 0):soup('onion', 1, 0)","(3, 0):soup('onion', 1, 0);(4, 1):empty",0.0,20.0,2,"(1, 0)",20.0,20.0,0.0,0.0,20.0,20.0,True,"(2, 3)",,"(2, 1)",onion,"(3, 0):soup('onion', 1, 0)","(3, 0):soup('onion', 1, 0);(4, 1):empty"
52,3,"(-1, 0)","(2, 3)","(0, 1)",,"(2, 1)","(1, 0)",onion,"(3, 0):soup('onion', 1, 0)","(3, 0):soup('onion', 1, 0);(4, 1):empty",20.0,20.0,2,"(1, 0)",0.0,0.0,0.0,0.0,20.0,20.0,False,"(1, 3)",,"(3, 1)",onion,"(3, 0):soup('onion', 1, 0)","(3, 0):soup('onion', 1, 0);(4, 1):empty"
53,5,interact,"(1, 3)","(-1, 0)",,"(3, 1)","(1, 0)",onion,"(3, 0):soup('onion', 1, 0)","(3, 0):soup('onion', 1, 0);(4, 1):empty",20.0,20.0,5,interact,3.0,0.0,3.0,0.0,20.0,23.0,False,"(1, 3)",onion,"(3, 1)",,"(3, 0):soup('onion', 1, 0);(4, 1):soup('onion', 1, 0)","(3, 0):soup('onion', 1, 0);(4, 1):soup('onion', 1, 0)"
54,2,"(1, 0)","(1, 3)","(-1, 0)",onion,"(3, 1)","(1, 0)",,"(3, 0):soup('onion', 1, 0);(4, 1):soup('onion', 1, 0)","(3, 0):soup('onion', 1, 0);(4, 1):soup('onion', 1, 0)",20.0,23.0,5,interact,0.0,0.0,0.0,0.0,20.0,23.0,False,"(2, 3)",onion,"(3, 1)",,"(3, 0):soup('onion', 1, 0);(4, 1):soup('onion', 1, 0)","(3, 0):soup('onion', 1, 0);(4, 1):soup('onion', 1, 0)"
55,2,"(1, 0)","(2, 3)","(1, 0)",onion,"(3, 1)","(1, 0)",,"(3, 0):soup('onion', 1, 0);(4, 1):soup('onion', 1, 0)","(3, 0):soup('onion', 1, 0);(4, 1):soup('onion', 1, 0)",20.0,23.0,3,"(-1, 0)",0.0,0.0,0.0,0.0,20.0,23.0,False,"(3, 3)",onion,"(2, 1)",,"(3, 0):soup('onion', 1, 0);(4, 1):soup('onion', 1, 0)","(3, 0):soup('onion', 1, 0);(4, 1):soup('onion', 1, 0)"
56,0,"(0, -1)","(3, 3)","(1, 0)",onion,"(2, 1)","(-1, 0)",,"(3, 0):soup('onion', 1, 0);(4, 1):soup('onion', 1, 0)","(3, 0):soup('onion', 1, 0);(4, 1):soup('onion', 1, 0)",20.0,23.0,3,"(-1, 0)",0.0,0.0,0.0,0.0,20.0,23.0,False,"(3, 2)",onion,"(1, 1)",,"(3, 0):soup('onion', 1, 0);(4, 1):soup('onion', 1, 0)","(3, 0):soup('onion', 1, 0);(4, 1):soup('onion', 1, 0)"
57,0,"(0, -1)","(3, 2)","(0, -1)",onion,"(1, 1)","(-1, 0)",,"(3, 0):soup('onion', 1, 0);(4, 1):soup('onion', 1, 0)","(3, 0):soup('onion', 1, 0);(4, 1):soup('onion', 1, 0)",20.0,23.0,1,"(0, 1)",0.0,0.0,0.0,0.0,20.0,23.0,False,"(3, 1)",onion,"(1, 2)",,"(3, 0):soup('onion', 1, 0);(4, 1):soup('onion', 1, 0)","(3, 0):soup('onion', 1, 0);(4, 1):soup('onion', 1, 0)"
58,5,interact,"(3, 1)","(0, -1)",onion,"(1, 2)","(0, 1)",,"(3, 0):soup('onion', 1, 0);(4, 1):soup('onion', 1, 0)","(3, 0):soup('onion', 1, 0);(4, 1):soup('onion', 1, 0)",20.0,23.0,1,"(0, 1)",3.0,0.0,3.0,0.0,20.0,26.0,False,"(3, 1)",,"(1, 3)",,"(3, 0):soup('onion', 2, 0);(4, 1):soup('onion', 1, 0)","(3, 0):soup('onion', 2, 0);(4, 1):soup('onion', 1, 0)"
59,5,interact,"(3, 1)","(0, -1)",,"(1, 3)","(0, 1)",,"(3, 0):soup('onion', 2, 0);(4, 1):soup('onion', 1, 0)","(3, 0):soup('onion', 2, 0);(4, 1):soup('onion', 1, 0)",20.0,26.0,5,interact,0.0,0.0,0.0,0.0,20.0,26.0,False,"(3, 1)",,"(1, 3)",onion,"(3, 0):soup('onion', 2, 0);(4, 1):soup('onion', 1, 0)","(3, 0):soup('onion', 2, 0);(4, 1):soup('onion', 1, 0)"
60,1,"(0, 1)","(3, 1)","(0, -1)",,"(1, 3)","(0, 1)",onion,"(3, 0):soup('onion', 2, 0);(4, 1):soup('onion', 1, 0)","(3, 0):soup('onion', 2, 0);(4, 1):soup('onion', 1, 0)",20.0,26.0,5,interact,0.0,0.0,0.0,0.0,20.0,26.0,False,"(3, 2)",,"(1, 3)",onion,"(3, 0):soup('onion', 2, 0);(4, 1):soup('onion', 1, 0)","(3, 0):soup('onion', 2, 0);(4, 1):soup('onion', 1, 0)"
61,1,"(0, 1)","(3, 2)","(0, 1)",,"(1, 3)","(0, 1)",onion,"(3, 0):soup('onion', 2, 0);(4, 1):soup('onion', 1, 0)","(3, 0):soup('onion', 2, 0);(4, 1):soup('onion', 1, 0)",20.0,26.0,0,"(0, -1)",0.0,0.0,0.0,0.0,20.0,26.0,False,"(3, 3)",,"(1, 2)",onion,"(3, 0):soup('onion', 2, 0);(4, 1):soup('onion', 1, 0)","(3, 0):soup('onion', 2, 0);(4, 1):soup('onion', 1, 0)"
62,3,"(-1, 0)","(3, 3)","(0, 1)",,"(1, 2)","(0, -1)",onion,"(3, 0):soup('onion', 2, 0);(4, 1):soup('onion', 1, 0)","(3, 0):soup('onion', 2, 0);(4, 1):soup('onion', 1, 0)",20.0,26.0,0,"(0, -1)",0.0,0.0,0.0,0.0,20.0,26.0,False,"(2, 3)",,"(1, 1)",onion,"(3, 0):soup('onion', 2, 0);(4, 1):soup('onion', 1, 0)","(3, 0):soup('onion', 2, 0);(4, 1):soup('onion', 1, 0)"
63,3,"(-1, 0)","(2, 3)","(-1, 0)",,"(1, 1)","(0, -1)",onion,"(3, 0):soup('onion', 2, 0);(4, 1):soup('onion', 1, 0)","(3, 0):soup('onion', 2, 0);(4, 1):soup('onion', 1, 0)",20.0,26.0,2,"(1, 0)",0.0,0.0,0.0,0.0,20.0,26.0,False,"(1, 3)",,"(2, 1)",onion,"(3, 0):soup('onion', 2, 0);(4, 1):soup('onion', 1, 0)","(3, 0):soup('onion', 2, 0);(4, 1):soup('onion', 1, 0)"
64,5,interact,"(1, 3)","(-1, 0)",,"(2, 1)","(1, 0)",onion,"(3, 0):soup('onion', 2, 0);(4, 1):soup('onion', 1, 0)","(3, 0):soup('onion', 2, 0);(4, 1):soup('onion', 1, 0)",20.0,26.0,0,"(0, -1)",0.0,0.0,0.0,0.0,20.0,26.0,False,"(1, 3)",onion,"(2, 1)",onion,"(3, 0):soup('onion', 2, 0);(4, 1):soup('onion', 1, 0)","(3, 0):soup('onion', 2, 0);(4, 1):soup('onion', 1, 0)"
65,2,"(1, 0)","(1, 3)","(-1, 0)",onion,"(2, 1)","(0, -1)",onion,"(3, 0):soup('onion', 2, 0);(4, 1):soup('onion', 1, 0)","(3, 0):soup('onion', 2, 0);(4, 1):soup('onion', 1, 0)",20.0,26.0,2,"(1, 0)",0.0,0.0,0.0,0.0,20.0,26.0,False,"(2, 3)",onion,"(3, 1)",onion,"(3, 0):soup('onion', 2, 0);(4, 1):soup('onion', 1, 0)","(3, 0):soup('onion', 2, 0);(4, 1):soup('onion', 1, 0)"
66,2,"(1, 0)","(2, 3)","(1, 0)",onion,"(3, 1)","(1, 0)",onion,"(3, 0):soup('onion', 2, 0);(4, 1):soup('onion', 1, 0)","(3, 0):soup('onion', 2, 0);(4, 1):soup('onion', 1, 0)",20.0,26.0,5,interact,3.0,0.0,3.0,0.0,20.0,29.0,False,"(3, 3)",onion,"(3, 1)",,"(3, 0):soup('onion', 2, 0);(4, 1):soup('onion', 2, 0)","(3, 0):soup('onion', 2, 0);(4, 1):soup('onion', 2, 0)"
67,0,"(0, -1)","(3, 3)","(1, 0)",onion,"(3, 1)","(1, 0)",,"(3, 0):soup('onion', 2, 0);(4, 1):soup('onion', 2, 0)","(3, 0):soup('onion', 2, 0);(4, 1):soup('onion', 2, 0)",20.0,29.0,3,"(-1, 0)",0.0,0.0,0.0,0.0,20.0,29.0,False,"(3, 2)",onion,"(2, 1)",,"(3, 0):soup('onion', 2, 0);(4, 1):soup('onion', 2, 0)","(3, 0):soup('onion', 2, 0);(4, 1):soup('onion', 2, 0)"
68,0,"(0, -1)","(3, 2)","(0, -1)",onion,"(2, 1)","(-1, 0)",,"(3, 0):soup('onion', 2, 0);(4, 1):soup('onion', 2, 0)","(3, 0):soup('onion', 2, 0);(4, 1):soup('onion', 2, 0)",20.0,29.0,3,"(-1, 0)",0.0,0.0,0.0,0.0,20.0,29.0,False,"(3, 1)",onion,"(1, 1)",,"(3, 0):soup('onion', 2, 0);(4, 1):soup('onion', 2, 0)","(3, 0):soup('onion', 2, 0);(4, 1):soup('onion', 2, 0)"
69,5,interact,"(3, 1)","(0, -1)",onion,"(1, 1)","(-1, 0)",,"(3, 0):soup('onion', 2, 0);(4, 1):soup('onion', 2, 0)","(3, 0):soup('onion', 2, 0);(4, 1):soup('onion', 2, 0)",20.0,29.0,1,"(0, 1)",3.0,0.0,3.0,0.0,20.0,32.0,False,"(3, 1)",,"(1, 2)",,"(3, 0):soup('onion', 3, 1);(4, 1):soup('onion', 2, 0)","(3, 0):soup('onion', 3, 1);(4, 1):soup('onion', 2, 0)"
70,5,interact,"(3, 1)","(0, -1)",,"(1, 2)","(0, 1)",,"(3, 0):soup('onion', 3, 1);(4, 1):soup('onion', 2, 0)","(3, 0):soup('onion', 3, 1);(4, 1):soup('onion', 2, 0)",20.0,32.0,3,"(-1, 0)",0.0,0.0,0.0,0.0,20.0,32.0,False,"(3, 1)",,"(1, 2)",,"(3, 0):soup('onion', 3, 2);(4, 1):soup('onion', 2, 0)","(3, 0):soup('onion', 3, 2);(4, 1):soup('onion', 2, 0)"
71,5,interact,"(3, 1)","(0, -1)",,"(1, 2)","(-1, 0)",,"(3, 0):soup('onion', 3, 2);(4, 1):soup('onion', 2, 0)","(3, 0):soup('onion', 3, 2);(4, 1):soup('onion', 2, 0)",20.0,32.0,3,"(-1, 0)",0.0,0.0,0.0,0.0,20.0,32.0,False,"(3, 1)",,"(1, 2)",,"(3, 0):soup('onion', 3, 3);(4, 1):soup('onion', 2, 0)","(3, 0):soup('onion', 3, 3);(4, 1):soup('onion', 2, 0)"
72,5,interact,"(3, 1)","(0, -1)",,"(1, 2)","(-1, 0)",,"(3, 0):soup('onion', 3, 3);(4, 1):soup('onion', 2, 0)","(3, 0):soup('onion', 3, 3);(4, 1):soup('onion', 2, 0)",20.0,32.0,3,"(-1, 0)",0.0,0.0,0.0,0.0,20.0,32.0,False,"(3, 1)",,"(1, 2)",,"(3, 0):soup('onion', 3, 4);(4, 1):soup('onion', 2, 0)","(3, 0):soup('onion', 3, 4);(4, 1):soup('onion', 2, 0)"
73,5,interact,"(3, 1)","(0, -1)",,"(1, 2)","(-1, 0)",,"(3, 0):soup('onion', 3, 4);(4, 1):soup('onion', 2, 0)","(3, 0):soup('onion', 3, 4);(4, 1):soup('onion', 2, 0)",20.0,32.0,3,"(-1, 0)",0.0,0.0,0.0,0.0,20.0,32.0,False,"(3, 1)",,"(1, 2)",,"(3, 0):soup('onion', 3, 5);(4, 1):soup('onion', 2, 0)","(3, 0):soup('onion', 3, 5);(4, 1):soup('onion', 2, 0)"
74,5,interact,"(3, 1)","(0, -1)",,"(1, 2)","(-1, 0)",,"(3, 0):soup('onion', 3, 5);(4, 1):soup('onion', 2, 0)","(3, 0):soup('onion', 3, 5);(4, 1):soup('onion', 2, 0)",20.0,32.0,3,"(-1, 0)",0.0,0.0,0.0,0.0,20.0,32.0,False,"(3, 1)",,"(1, 2)",,"(3, 0):soup('onion', 3, 6);(4, 1):soup('onion', 2, 0)","(3, 0):soup('onion', 3, 6);(4, 1):soup('onion', 2, 0)"
75,5,interact,"(3, 1)","(0, -1)",,"(1, 2)","(-1, 0)",,"(3, 0):soup('onion', 3, 6);(4, 1):soup('onion', 2, 0)","(3, 0):soup('onion', 3, 6);(4, 1):soup('onion', 2, 0)",20.0,32.0,3,"(-1, 0)",0.0,0.0,0.0,0.0,20.0,32.0,False,"(3, 1)",,"(1, 2)",,"(3, 0):soup('onion', 3, 7);(4, 1):soup('onion', 2, 0)","(3, 0):soup('onion', 3, 7);(4, 1):soup('onion', 2, 0)"
76,5,interact,"(3, 1)","(0, -1)",,"(1, 2)","(-1, 0)",,"(3, 0):soup('onion', 3, 7);(4, 1):soup('onion', 2, 0)","(3, 0):soup('onion', 3, 7);(4, 1):soup('onion', 2, 0)",20.0,32.0,3,"(-1, 0)",0.0,0.0,0.0,0.0,20.0,32.0,False,"(3, 1)",,"(1, 2)",,"(3, 0):soup('onion', 3, 8);(4, 1):soup('onion', 2, 0)","(3, 0):soup('onion', 3, 8);(4, 1):soup('onion', 2, 0)"
77,5,interact,"(3, 1)","(0, -1)",,"(1, 2)","(-1, 0)",,"(3, 0):soup('onion', 3, 8);(4, 1):soup('onion', 2, 0)","(3, 0):soup('onion', 3, 8);(4, 1):soup('onion', 2, 0)",20.0,32.0,3,"(-1, 0)",0.0,0.0,0.0,0.0,20.0,32.0,False,"(3, 1)",,"(1, 2)",,"(3, 0):soup('onion', 3, 9);(4, 1):soup('onion', 2, 0)","(3, 0):soup('onion', 3, 9);(4, 1):soup('onion', 2, 0)"
78,5,interact,"(3, 1)","(0, -1)",,"(1, 2)","(-1, 0)",,"(3, 0):soup('onion', 3, 9);(4, 1):soup('onion', 2, 0)","(3, 0):soup('onion', 3, 9);(4, 1):soup('onion', 2, 0)",20.0,32.0,3,"(-1, 0)",0.0,0.0,0.0,0.0,20.0,32.0,False,"(3, 1)",,"(1, 2)",,"(3, 0):soup('onion', 3, 10);(4, 1):soup('onion', 2, 0)","(3, 0):soup('onion', 3, 10);(4, 1):soup('onion', 2, 0)"
79,5,interact,"(3, 1)","(0, -1)",,"(1, 2)","(-1, 0)",,"(3, 0):soup('onion', 3, 10);(4, 1):soup('onion', 2, 0)","(3, 0):soup('onion', 3, 10);(4, 1):soup('onion', 2, 0)",20.0,32.0,3,"(-1, 0)",0.0,0.0,0.0,0.0,20.0,32.0,False,"(3, 1)",,"(1, 2)",,"(3, 0):soup('onion', 3, 11);(4, 1):soup('onion', 2, 0)","(3, 0):soup('onion', 3, 11);(4, 1):soup('onion', 2, 0)"
80,5,interact,"(3, 1)","(0, -1)",,"(1, 2)","(-1, 0)",,"(3, 0):soup('onion', 3, 11);(4, 1):soup('onion', 2, 0)","(3, 0):soup('onion', 3, 11);(4, 1):soup('onion', 2, 0)",20.0,32.0,3,"(-1, 0)",0.0,0.0,0.0,0.0,20.0,32.0,False,"(3, 1)",,"(1, 2)",,"(3, 0):soup('onion', 3, 12);(4, 1):soup('onion', 2, 0)","(3, 0):soup('onion', 3, 12);(4, 1):soup('onion', 2, 0)"
81,5,interact,"(3, 1)","(0, -1)",,"(1, 2)","(-1, 0)",,"(3, 0):soup('onion', 3, 12);(4, 1):soup('onion', 2, 0)","(3, 0):soup('onion', 3, 12);(4, 1):soup('onion', 2, 0)",20.0,32.0,3,"(-1, 0)",0.0,0.0,0.0,0.0,20.0,32.0,False,"(3, 1)",,"(1, 2)",,"(3, 0):soup('onion', 3, 13);(4, 1):soup('onion', 2, 0)","(3, 0):soup('onion', 3, 13);(4, 1):soup('onion', 2, 0)"
82,5,interact,"(3, 1)","(0, -1)",,"(1, 2)","(-1, 0)",,"(3, 0):soup('onion', 3, 13);(4, 1):soup('onion', 2, 0)","(3, 0):soup('onion', 3, 13);(4, 1):soup('onion', 2, 0)",20.0,32.0,3,"(-1, 0)",0.0,0.0,0.0,0.0,20.0,32.0,False,"(3, 1)",,"(1, 2)",,"(3, 0):soup('onion', 3, 14);(4, 1):soup('onion', 2, 0)","(3, 0):soup('onion', 3, 14);(4, 1):soup('onion', 2, 0)"
83,5,interact,"(3, 1)","(0, -1)",,"(1, 2)","(-1, 0)",,"(3, 0):soup('onion', 3, 14);(4, 1):soup('onion', 2, 0)","(3, 0):soup('onion', 3, 14);(4, 1):soup('onion', 2, 0)",20.0,32.0,3,"(-1, 0)",0.0,0.0,0.0,0.0,20.0,32.0,False,"(3, 1)",,"(1, 2)",,"(3, 0):soup('onion', 3, 15);(4, 1):soup('onion', 2, 0)","(3, 0):soup('onion', 3, 15);(4, 1):soup('onion', 2, 0)"
84,5,interact,"(3, 1)","(0, -1)",,"(1, 2)","(-1, 0)",,"(3, 0):soup('onion', 3, 15);(4, 1):soup('onion', 2, 0)","(3, 0):soup('onion', 3, 15);(4, 1):soup('onion', 2, 0)",20.0,32.0,3,"(-1, 0)",0.0,0.0,0.0,0.0,20.0,32.0,False,"(3, 1)",,"(1, 2)",,"(3, 0):soup('onion', 3, 16);(4, 1):soup('onion', 2, 0)","(3, 0):soup('onion', 3, 16);(4, 1):soup('onion', 2, 0)"
85,5,interact,"(3, 1)","(0, -1)",,"(1, 2)","(-1, 0)",,"(3, 0):soup('onion', 3, 16);(4, 1):soup('onion', 2, 0)","(3, 0):soup('onion', 3, 16);(4, 1):soup('onion', 2, 0)",20.0,32.0,3,"(-1, 0)",0.0,0.0,0.0,0.0,20.0,32.0,False,"(3, 1)",,"(1, 2)",,"(3, 0):soup('onion', 3, 17);(4, 1):soup('onion', 2, 0)","(3, 0):soup('onion', 3, 17);(4, 1):soup('onion', 2, 0)"
86,5,interact,"(3, 1)","(0, -1)",,"(1, 2)","(-1, 0)",,"(3, 0):soup('onion', 3, 17);(4, 1):soup('onion', 2, 0)","(3, 0):soup('onion', 3, 17);(4, 1):soup('onion', 2, 0)",20.0,32.0,3,"(-1, 0)",0.0,0.0,0.0,0.0,20.0,32.0,False,"(3, 1)",,"(1, 2)",,"(3, 0):soup('onion', 3, 18);(4, 1):soup('onion', 2, 0)","(3, 0):soup('onion', 3, 18);(4, 1):soup('onion', 2, 0)"
87,5,interact,"(3, 1)","(0, -1)",,"(1, 2)","(-1, 0)",,"(3, 0):soup('onion', 3, 18);(4, 1):soup('onion', 2, 0)","(3, 0):soup('onion', 3, 18);(4, 1):soup('onion', 2, 0)",20.0,32.0,3,"(-1, 0)",0.0,0.0,0.0,0.0,20.0,32.0,False,"(3, 1)",,"(1, 2)",,"(3, 0):soup('onion', 3, 19);(4, 1):soup('onion', 2, 0)","(3, 0):soup('onion', 3, 19);(4, 1):soup('onion', 2, 0)"
88,5,interact,"(3, 1)","(0, -1)",,"(1, 2)","(-1, 0)",,"(3, 0):soup('onion', 3, 19);(4, 1):soup('onion', 2, 0)","(3, 0):soup('onion', 3, 19);(4, 1):soup('onion', 2, 0)",20.0,32.0,3,"(-1, 0)",0.0,0.0,0.0,0.0,20.0,32.0,False,"(3, 1)",,"(1, 2)",,"(3, 0):soup('onion', 3, 20);(4, 1):soup('onion', 2, 0)","(3, 0):soup('onion', 3, 20);(4, 1):soup('onion', 2, 0)"
89,5,interact,"(3, 1)","(0, -1)",,"(1, 2)","(-1, 0)",,"(3, 0):soup('onion', 3, 20);(4, 1):soup('onion', 2, 0)","(3, 0):soup('onion', 3, 20);(4, 1):soup('onion', 2, 0)",20.0,32.0,3,"(-1, 0)",0.0,0.0,0.0,0.0,20.0,32.0,False,"(3, 1)",,"(1, 2)",,"(3, 0):soup('onion', 3, 20);(4, 1):soup('onion', 2, 0)","(3, 0):soup('onion', 3, 20);(4, 1):soup('onion', 2, 0)"
90,5,interact,"(3, 1)","(0, -1)",,"(1, 2)","(-1, 0)",,"(3, 0):soup('onion', 3, 20);(4, 1):soup('onion', 2, 0)","(3, 0):soup('onion', 3, 20);(4, 1):soup('onion', 2, 0)",20.0,32.0,3,"(-1, 0)",0.0,0.0,0.0,0.0,20.0,32.0,False,"(3, 1)",,"(1, 2)",,"(3, 0):soup('onion', 3, 20);(4, 1):soup('onion', 2, 0)","(3, 0):soup('onion', 3, 20);(4, 1):soup('onion', 2, 0)"
91,5,interact,"(3, 1)","(0, -1)",,"(1, 2)","(-1, 0)",,"(3, 0):soup('onion', 3, 20);(4, 1):soup('onion', 2, 0)","(3, 0):soup('onion', 3, 20);(4, 1):soup('onion', 2, 0)",20.0,32.0,3,"(-1, 0)",0.0,0.0,0.0,0.0,20.0,32.0,False,"(3, 1)",,"(1, 2)",,"(3, 0):soup('onion', 3, 20);(4, 1):soup('onion', 2, 0)","(3, 0):soup('onion', 3, 20);(4, 1):soup('onion', 2, 0)"
92,5,interact,"(3, 1)","(0, -1)",,"(1, 2)","(-1, 0)",,"(3, 0):soup('onion', 3, 20);(4, 1):soup('onion', 2, 0)","(3, 0):soup('onion', 3, 20);(4, 1):soup('onion', 2, 0)",20.0,32.0,3,"(-1, 0)",0.0,0.0,0.0,0.0,20.0,32.0,False,"(3, 1)",,"(1, 2)",,"(3, 0):soup('onion', 3, 20);(4, 1):soup('onion', 2, 0)","(3, 0):soup('onion', 3, 20);(4, 1):soup('onion', 2, 0)"
93,5,interact,"(3, 1)","(0, -1)",,"(1, 2)","(-1, 0)",,"(3, 0):soup('onion', 3, 20);(4, 1):soup('onion', 2, 0)","(3, 0):soup('onion', 3, 20);(4, 1):soup('onion', 2, 0)",20.0,32.0,3,"(-1, 0)",0.0,0.0,0.0,0.0,20.0,32.0,False,"(3, 1)",,"(1, 2)",,"(3, 0):soup('onion', 3, 20);(4, 1):soup('onion', 2, 0)","(3, 0):soup('onion', 3, 20);(4, 1):soup('onion', 2, 0)"
94,5,interact,"(3, 1)","(0, -1)",,"(1, 2)","(-1, 0)",,"(3, 0):soup('onion', 3, 20);(4, 1):soup('onion', 2, 0)","(3, 0):soup('onion', 3, 20);(4, 1):soup('onion', 2, 0)",20.0,32.0,3,"(-1, 0)",0.0,0.0,0.0,0.0,20.0,32.0,False,"(3, 1)",,"(1, 2)",,"(3, 0):soup('onion', 3, 20);(4, 1):soup('onion', 2, 0)","(3, 0):soup('onion', 3, 20);(4, 1):soup('onion', 2, 0)"
95,5,interact,"(3, 1)","(0, -1)",,"(1, 2)","(-1, 0)",,"(3, 0):soup('onion', 3, 20);(4, 1):soup('onion', 2, 0)","(3, 0):soup('onion', 3, 20);(4, 1):soup('onion', 2, 0)",20.0,32.0,3,"(-1, 0)",0.0,0.0,0.0,0.0,20.0,32.0,False,"(3, 1)",,"(1, 2)",,"(3, 0):soup('onion', 3, 20);(4, 1):soup('onion', 2, 0)","(3, 0):soup('onion', 3, 20);(4, 1):soup('onion', 2, 0)"
96,5,interact,"(3, 1)","(0, -1)",,"(1, 2)","(-1, 0)",,"(3, 0):soup('onion', 3, 20);(4, 1):soup('onion', 2, 0)","(3, 0):soup('onion', 3, 20);(4, 1):soup('onion', 2, 0)",20.0,32.0,3,"(-1, 0)",0.0,0.0,0.0,0.0,20.0,32.0,False,"(3, 1)",,"(1, 2)",,"(3, 0):soup('onion', 3, 20);(4, 1):soup('onion', 2, 0)","(3, 0):soup('onion', 3, 20);(4, 1):soup('onion', 2, 0)"
97,5,interact,"(3, 1)","(0, -1)",,"(1, 2)","(-1, 0)",,"(3, 0):soup('onion', 3, 20);(4, 1):soup('onion', 2, 0)","(3, 0):soup('onion', 3, 20);(4, 1):soup('onion', 2, 0)",20.0,32.0,3,"(-1, 0)",0.0,0.0,0.0,0.0,20.0,32.0,False,"(3, 1)",,"(1, 2)",,"(3, 0):soup('onion', 3, 20);(4, 1):soup('onion', 2, 0)","(3, 0):soup('onion', 3, 20);(4, 1):soup('onion', 2, 0)"
98,5,interact,"(3, 1)","(0, -1)",,"(1, 2)","(-1, 0)",,"(3, 0):soup('onion', 3, 20);(4, 1):soup('onion', 2, 0)","(3, 0):soup('onion', 3, 20);(4, 1):soup('onion', 2, 0)",20.0,32.0,3,"(-1, 0)",0.0,0.0,0.0,0.0,20.0,32.0,False,"(3, 1)",,"(1, 2)",,"(3, 0):soup('onion', 3, 20);(4, 1):soup('onion', 2, 0)","(3, 0):soup('onion', 3, 20);(4, 1):soup('onion', 2, 0)"
99,5,interact,"(3, 1)","(0, -1)",,"(1, 2)","(-1, 0)",,"(3, 0):soup('onion', 3, 20);(4, 1):soup('onion', 2, 0)","(3, 0):soup('onion', 3, 20);(4, 1):soup('onion', 2, 0)",20.0,32.0,3,"(-1, 0)",0.0,0.0,0.0,0.0,20.0,32.0,False,"(3, 1)",,"(1, 2)",,"(3, 0):soup('onion', 3, 20);(4, 1):soup('onion', 2, 0)","(3, 0):soup('onion', 3, 20);(4, 1):soup('onion', 2, 0)"
100,5,interact,"(3, 1)","(0, -1)",,"(1, 2)","(-1, 0)",,"(3, 0):soup('onion', 3, 20);(4, 1):soup('onion', 2, 0)","(3, 0):soup('onion', 3, 20);(4, 1):soup('onion', 2, 0)",20.0,32.0,3,"(-1, 0)",0.0,0.0,0.0,0.0,20.0,32.0,False,"(3, 1)",,"(1, 2)",,"(3, 0):soup('onion', 3, 20);(4, 1):soup('onion', 2, 0)","(3, 0):soup('onion', 3, 20);(4, 1):soup('onion', 2, 0)"
101,5,interact,"(3, 1)","(0, -1)",,"(1, 2)","(-1, 0)",,"(3, 0):soup('onion', 3, 20);(4, 1):soup('onion', 2, 0)","(3, 0):soup('onion', 3, 20);(4, 1):soup('onion', 2, 0)",20.0,32.0,3,"(-1, 0)",0.0,0.0,0.0,0.0,20.0,32.0,False,"(3, 1)",,"(1, 2)",,"(3, 0):soup('onion', 3, 20);(4, 1):soup('onion', 2, 0)","(3, 0):soup('onion', 3, 20);(4, 1):soup('onion', 2, 0)"
102,5,interact,"(3, 1)","(0, -1)",,"(1, 2)","(-1, 0)",,"(3, 0):soup('onion', 3, 20);(4, 1):soup('onion', 2, 0)","(3, 0):soup('onion', 3, 20);(4, 1):soup('onion', 2, 0)",20.0,32.0,3,"(-1, 0)",0.0,0.0,0.0,0.0,20.0,32.0,False,"(3, 1)",,"(1, 2)",,"(3, 0):soup('onion', 3, 20);(4, 1):soup('onion', 2, 0)","(3, 0):soup('onion', 3, 20);(4, 1):soup('onion', 2, 0)"
103,5,interact,"(3, 1)","(0, -1)",,"(1, 2)","(-1, 0)",,"(3, 0):soup('onion', 3, 20);(4, 1):soup('onion', 2, 0)","(3, 0):soup('onion', 3, 20);(4, 1):soup('onion', 2, 0)",20.0,32.0,3,"(-1, 0)",0.0,0.0,0.0,0.0,20.0,32.0,False,"(3, 1)",,"(1, 2)",,"(3, 0):soup('onion', 3, 20);(4, 1):soup('onion', 2, 0)","(3, 0):soup('onion', 3, 20);(4, 1):soup('onion', 2, 0)"
104,5,interact,"(3, 1)","(0, -1)",,"(1, 2)","(-1, 0)",,"(3, 0):soup('onion', 3, 20);(4, 1):soup('onion', 2, 0)","(3, 0):soup('onion', 3, 20);(4, 1):soup('onion', 2, 0)",20.0,32.0,3,"(-1, 0)",0.0,0.0,0.0,0.0,20.0,32.0,False,"(3, 1)",,"(1, 2)",,"(3, 0):soup('onion', 3, 20);(4, 1):soup('onion', 2, 0)","(3, 0):soup('onion', 3, 20);(4, 1):soup('onion', 2, 0)"
105,5,interact,"(3, 1)","(0, -1)",,"(1, 2)","(-1, 0)",,"(3, 0):soup('onion', 3, 20);(4, 1):soup('onion', 2, 0)","(3, 0):soup('onion', 3, 20);(4, 1):soup('onion', 2, 0)",20.0,32.0,3,"(-1, 0)",0.0,0.0,0.0,0.0,20.0,32.0,False,"(3, 1)",,"(1, 2)",,"(3, 0):soup('onion', 3, 20);(4, 1):soup('onion', 2, 0)","(3, 0):soup('onion', 3, 20);(4, 1):soup('onion', 2, 0)"
106,5,interact,"(3, 1)","(0, -1)",,"(1, 2)","(-1, 0)",,"(3, 0):soup('onion', 3, 20);(4, 1):soup('onion', 2, 0)","(3, 0):soup('onion', 3, 20);(4, 1):soup('onion', 2, 0)",20.0,32.0,3,"(-1, 0)",0.0,0.0,0.0,0.0,20.0,32.0,False,"(3, 1)",,"(1, 2)",,"(3, 0):soup('onion', 3, 20);(4, 1):soup('onion', 2, 0)","(3, 0):soup('onion', 3, 20);(4, 1):soup('onion', 2, 0)"
107,5,interact,"(3, 1)","(0, -1)",,"(1, 2)","(-1, 0)",,"(3, 0):soup('onion', 3, 20);(4, 1):soup('onion', 2, 0)","(3, 0):soup('onion', 3, 20);(4, 1):soup('onion', 2, 0)",20.0,32.0,3,"(-1, 0)",0.0,0.0,0.0,0.0,20.0,32.0,False,"(3, 1)",,"(1, 2)",,"(3, 0):soup('onion', 3, 20);(4, 1):soup('onion', 2, 0)","(3, 0):soup('onion', 3, 20);(4, 1):soup('onion', 2, 0)"
108,5,interact,"(3, 1)","(0, -1)",,"(1, 2)","(-1, 0)",,"(3, 0):soup('onion', 3, 20);(4, 1):soup('onion', 2, 0)","(3, 0):soup('onion', 3, 20);(4, 1):soup('onion', 2, 0)",20.0,32.0,3,"(-1, 0)",0.0,0.0,0.0,0.0,20.0,32.0,False,"(3, 1)",,"(1, 2)",,"(3, 0):soup('onion', 3, 20);(4, 1):soup('onion', 2, 0)","(3, 0):soup('onion', 3, 20);(4, 1):soup('onion', 2, 0)"
109,5,interact,"(3, 1)","(0, -1)",,"(1, 2)","(-1, 0)",,"(3, 0):soup('onion', 3, 20);(4, 1):soup('onion', 2, 0)","(3, 0):soup('onion', 3, 20);(4, 1):soup('onion', 2, 0)",20.0,32.0,3,"(-1, 0)",0.0,0.0,0.0,0.0,20.0,32.0,False,"(3, 1)",,"(1, 2)",,"(3, 0):soup('onion', 3, 20);(4, 1):soup('onion', 2, 0)","(3, 0):soup('onion', 3, 20);(4, 1):soup('onion', 2, 0)"
110,5,interact,"(3, 1)","(0, -1)",,"(1, 2)","(-1, 0)",,"(3, 0):soup('onion', 3, 20);(4, 1):soup('onion', 2, 0)","(3, 0):soup('onion', 3, 20);(4, 1):soup('onion', 2, 0)",20.0,32.0,3,"(-1, 0)",0.0,0.0,0.0,0.0,20.0,32.0,False,"(3, 1)",,"(1, 2)",,"(3, 0):soup('onion', 3, 20);(4, 1):soup('onion', 2, 0)","(3, 0):soup('onion', 3, 20);(4, 1):soup('onion', 2, 0)"
111,5,interact,"(3, 1)","(0, -1)",,"(1, 2)","(-1, 0)",,"(3, 0):soup('onion', 3, 20);(4, 1):soup('onion', 2, 0)","(3, 0):soup('onion', 3, 20);(4, 1):soup('onion', 2, 0)",20.0,32.0,3,"(-1, 0)",0.0,0.0,0.0,0.0,20.0,32.0,False,"(3, 1)",,"(1, 2)",,"(3, 0):soup('onion', 3, 20);(4, 1):soup('onion', 2, 0)","(3, 0):soup('onion', 3, 20);(4, 1):soup('onion', 2, 0)"
112,5,interact,"(3, 1)","(0, -1)",,"(1, 2)","(-1, 0)",,"(3, 0):soup('onion', 3, 20);(4, 1):soup('onion', 2, 0)","(3, 0):soup('onion', 3, 20);(4, 1):soup('onion', 2, 0)",20.0,32.0,3,"(-1, 0)",0.0,0.0,0.0,0.0,20.0,32.0,False,"(3, 1)",,"(1, 2)",,"(3, 0):soup('onion', 3, 20);(4, 1):soup('onion', 2, 0)","(3, 0):soup('onion', 3, 20);(4, 1):soup('onion', 2, 0)"
113,5,interact,"(3, 1)","(0, -1)",,"(1, 2)","(-1, 0)",,"(3, 0):soup('onion', 3, 20);(4, 1):soup('onion', 2, 0)","(3, 0):soup('onion', 3, 20);(4, 1):soup('onion', 2, 0)",20.0,32.0,3,"(-1, 0)",0.0,0.0,0.0,0.0,20.0,32.0,False,"(3, 1)",,"(1, 2)",,"(3, 0):soup('onion', 3, 20);(4, 1):soup('onion', 2, 0)","(3, 0):soup('onion', 3, 20);(4, 1):soup('onion', 2, 0)"
114,5,interact,"(3, 1)","(0, -1)",,"(1, 2)","(-1, 0)",,"(3, 0):soup('onion', 3, 20);(4, 1):soup('onion', 2, 0)","(3, 0):soup('onion', 3, 20);(4, 1):soup('onion', 2, 0)",20.0,32.0,3,"(-1, 0)",0.0,0.0,0.0,0.0,20.0,32.0,False,"(3, 1)",,"(1, 2)",,"(3, 0):soup('onion', 3, 20);(4, 1):soup('onion', 2, 0)","(3, 0):soup('onion', 3, 20);(4, 1):soup('onion', 2, 0)"
115,5,interact,"(3, 1)","(0, -1)",,"(1, 2)","(-1, 0)",,"(3, 0):soup('onion', 3, 20);(4, 1):soup('onion', 2, 0)","(3, 0):soup('onion', 3, 20);(4, 1):soup('onion', 2, 0)",20.0,32.0,3,"(-1, 0)",0.0,0.0,0.0,0.0,20.0,32.0,False,"(3, 1)",,"(1, 2)",,"(3, 0):soup('onion', 3, 20);(4, 1):soup('onion', 2, 0)","(3, 0):soup('onion', 3, 20);(4, 1):soup('onion', 2, 0)"
116,5,interact,"(3, 1)","(0, -1)",,"(1, 2)","(-1, 0)",,"(3, 0):soup('onion', 3, 20);(4, 1):soup('onion', 2, 0)","(3, 0):soup('onion', 3, 20);(4, 1):soup('onion', 2, 0)",20.0,32.0,3,"(-1, 0)",0.0,0.0,0.0,0.0,20.0,32.0,False,"(3, 1)",,"(1, 2)",,"(3, 0):soup('onion', 3, 20);(4, 1):soup('onion', 2, 0)","(3, 0):soup('onion', 3, 20);(4, 1):soup('onion', 2, 0)"
117,5,interact,"(3, 1)","(0, -1)",,"(1, 2)","(-1, 0)",,"(3, 0):soup('onion', 3, 20);(4, 1):soup('onion', 2, 0)","(3, 0):soup('onion', 3, 20);(4, 1):soup('onion', 2, 0)",20.0,32.0,3,"(-1, 0)",0.0,0.0,0.0,0.0,20.0,32.0,False,"(3, 1)",,"(1, 2)",,"(3, 0):soup('onion', 3, 20);(4, 1):soup('onion', 2, 0)","(3, 0):soup('onion', 3, 20);(4, 1):soup('onion', 2, 0)"
118,5,interact,"(3, 1)","(0, -1)",,"(1, 2)","(-1, 0)",,"(3, 0):soup('onion', 3, 20);(4, 1):soup('onion', 2, 0)","(3, 0):soup('onion', 3, 20);(4, 1):soup('onion', 2, 0)",20.0,32.0,3,"(-1, 0)",0.0,0.0,0.0,0.0,20.0,32.0,False,"(3, 1)",,"(1, 2)",,"(3, 0):soup('onion', 3, 20);(4, 1):soup('onion', 2, 0)","(3, 0):soup('onion', 3, 20);(4, 1):soup('onion', 2, 0)"
119,5,interact,"(3, 1)","(0, -1)",,"(1, 2)","(-1, 0)",,"(3, 0):soup('onion', 3, 20);(4, 1):soup('onion', 2, 0)","(3, 0):soup('onion', 3, 20);(4, 1):soup('onion', 2, 0)",20.0,32.0,3,"(-1, 0)",0.0,0.0,0.0,0.0,20.0,32.0,False,"(3, 1)",,"(1, 2)",,"(3, 0):soup('onion', 3, 20);(4, 1):soup('onion', 2, 0)","(3, 0):soup('onion', 3, 20);(4, 1):soup('onion', 2, 0)"
120,5,interact,"(3, 1)","(0, -1)",,"(1, 2)","(-1, 0)",,"(3, 0):soup('onion', 3, 20);(4, 1):soup('onion', 2, 0)","(3, 0):soup('onion', 3, 20);(4, 1):soup('onion', 2, 0)",20.0,32.0,3,"(-1, 0)",0.0,0.0,0.0,0.0,20.0,32.0,False,"(3, 1)",,"(1, 2)",,"(3, 0):soup('onion', 3, 20);(4, 1):soup('onion', 2, 0)","(3, 0):soup('onion', 3, 20);(4, 1):soup('onion', 2, 0)"
121,5,interact,"(3, 1)","(0, -1)",,"(1, 2)","(-1, 0)",,"(3, 0):soup('onion', 3, 20);(4, 1):soup('onion', 2, 0)","(3, 0):soup('onion', 3, 20);(4, 1):soup('onion', 2, 0)",20.0,32.0,3,"(-1, 0)",0.0,0.0,0.0,0.0,20.0,32.0,False,"(3, 1)",,"(1, 2)",,"(3, 0):soup('onion', 3, 20);(4, 1):soup('onion', 2, 0)","(3, 0):soup('onion', 3, 20);(4, 1):soup('onion', 2, 0)"
122,5,interact,"(3, 1)","(0, -1)",,"(1, 2)","(-1, 0)",,"(3, 0):soup('onion', 3, 20);(4, 1):soup('onion', 2, 0)","(3, 0):soup('onion', 3, 20);(4, 1):soup('onion', 2, 0)",20.0,32.0,3,"(-1, 0)",0.0,0.0,0.0,0.0,20.0,32.0,False,"(3, 1)",,"(1, 2)",,"(3, 0):soup('onion', 3, 20);(4, 1):soup('onion', 2, 0)","(3, 0):soup('onion', 3, 20);(4, 1):soup('onion', 2, 0)"
123,5,interact,"(3, 1)","(0, -1)",,"(1, 2)","(-1, 0)",,"(3, 0):soup('onion', 3, 20);(4, 1):soup('onion', 2, 0)","(3, 0):soup('onion', 3, 20);(4, 1):soup('onion', 2, 0)",20.0,32.0,3,"(-1, 0)",0.0,0.0,0.0,0.0,20.0,32.0,False,"(3, 1)",,"(1, 2)",,"(3, 0):soup('onion', 3, 20);(4, 1):soup('onion', 2, 0)","(3, 0):soup('onion', 3, 20);(4, 1):soup('onion', 2, 0)"
124,5,interact,"(3, 1)","(0, -1)",,"(1, 2)","(-1, 0)",,"(3, 0):soup('onion', 3, 20);(4, 1):soup('onion', 2, 0)","(3, 0):soup('onion', 3, 20);(4, 1):soup('onion', 2, 0)",20.0,32.0,3,"(-1, 0)",0.0,0.0,0.0,0.0,20.0,32.0,False,"(3, 1)",,"(1, 2)",,"(3, 0):soup('onion', 3, 20);(4, 1):soup('onion', 2, 0)","(3, 0):soup('onion', 3, 20);(4, 1):soup('onion', 2, 0)"
125,5,interact,"(3, 1)","(0, -1)",,"(1, 2)","(-1, 0)",,"(3, 0):soup('onion', 3, 20);(4, 1):soup('onion', 2, 0)","(3, 0):soup('onion', 3, 20);(4, 1):soup('onion', 2, 0)",20.0,32.0,3,"(-1, 0)",0.0,0.0,0.0,0.0,20.0,32.0,False,"(3, 1)",,"(1, 2)",,"(3, 0):soup('onion', 3, 20);(4, 1):soup('onion', 2, 0)","(3, 0):soup('onion', 3, 20);(4, 1):soup('onion', 2, 0)"
126,5,interact,"(3, 1)","(0, -1)",,"(1, 2)","(-1, 0)",,"(3, 0):soup('onion', 3, 20);(4, 1):soup('onion', 2, 0)","(3, 0):soup('onion', 3, 20);(4, 1):soup('onion', 2, 0)",20.0,32.0,3,"(-1, 0)",0.0,0.0,0.0,0.0,20.0,32.0,False,"(3, 1)",,"(1, 2)",,"(3, 0):soup('onion', 3, 20);(4, 1):soup('onion', 2, 0)","(3, 0):soup('onion', 3, 20);(4, 1):soup('onion', 2, 0)"
127,5,interact,"(3, 1)","(0, -1)",,"(1, 2)","(-1, 0)",,"(3, 0):soup('onion', 3, 20);(4, 1):soup('onion', 2, 0)","(3, 0):soup('onion', 3, 20);(4, 1):soup('onion', 2, 0)",20.0,32.0,3,"(-1, 0)",0.0,0.0,0.0,0.0,20.0,32.0,False,"(3, 1)",,"(1, 2)",,"(3, 0):soup('onion', 3, 20);(4, 1):soup('onion', 2, 0)","(3, 0):soup('onion', 3, 20);(4, 1):soup('onion', 2, 0)"
128,5,interact,"(3, 1)","(0, -1)",,"(1, 2)","(-1, 0)",,"(3, 0):soup('onion', 3, 20);(4, 1):soup('onion', 2, 0)","(3, 0):soup('onion', 3, 20);(4, 1):soup('onion', 2, 0)",20.0,32.0,3,"(-1, 0)",0.0,0.0,0.0,0.0,20.0,32.0,False,"(3, 1)",,"(1, 2)",,"(3, 0):soup('onion', 3, 20);(4, 1):soup('onion', 2, 0)","(3, 0):soup('onion', 3, 20);(4, 1):soup('onion', 2, 0)"
129,5,interact,"(3, 1)","(0, -1)",,"(1, 2)","(-1, 0)",,"(3, 0):soup('onion', 3, 20);(4, 1):soup('onion', 2, 0)","(3, 0):soup('onion', 3, 20);(4, 1):soup('onion', 2, 0)",20.0,32.0,3,"(-1, 0)",0.0,0.0,0.0,0.0,20.0,32.0,False,"(3, 1)",,"(1, 2)",,"(3, 0):soup('onion', 3, 20);(4, 1):soup('onion', 2, 0)","(3, 0):soup('onion', 3, 20);(4, 1):soup('onion', 2, 0)"
130,5,interact,"(3, 1)","(0, -1)",,"(1, 2)","(-1, 0)",,"(3, 0):soup('onion', 3, 20);(4, 1):soup('onion', 2, 0)","(3, 0):soup('onion', 3, 20);(4, 1):soup('onion', 2, 0)",20.0,32.0,3,"(-1, 0)",0.0,0.0,0.0,0.0,20.0,32.0,False,"(3, 1)",,"(1, 2)",,"(3, 0):soup('onion', 3, 20);(4, 1):soup('onion', 2, 0)","(3, 0):soup('onion', 3, 20);(4, 1):soup('onion', 2, 0)"
131,5,interact,"(3, 1)","(0, -1)",,"(1, 2)","(-1, 0)",,"(3, 0):soup('onion', 3, 20);(4, 1):soup('onion', 2, 0)","(3, 0):soup('onion', 3, 20);(4, 1):soup('onion', 2, 0)",20.0,32.0,3,"(-1, 0)",0.0,0.0,0.0,0.0,20.0,32.0,False,"(3, 1)",,"(1, 2)",,"(3, 0):soup('onion', 3, 20);(4, 1):soup('onion', 2, 0)","(3, 0):soup('onion', 3, 20);(4, 1):soup('onion', 2, 0)"
132,5,interact,"(3, 1)","(0, -1)",,"(1, 2)","(-1, 0)",,"(3, 0):soup('onion', 3, 20);(4, 1):soup('onion', 2, 0)","(3, 0):soup('onion', 3, 20);(4, 1):soup('onion', 2, 0)",20.0,32.0,3,"(-1, 0)",0.0,0.0,0.0,0.0,20.0,32.0,False,"(3, 1)",,"(1, 2)",,"(3, 0):soup('onion', 3, 20);(4, 1):soup('onion', 2, 0)","(3, 0):soup('onion', 3, 20);(4, 1):soup('onion', 2, 0)"
133,5,interact,"(3, 1)","(0, -1)",,"(1, 2)","(-1, 0)",,"(3, 0):soup('onion', 3, 20);(4, 1):soup('onion', 2, 0)","(3, 0):soup('onion', 3, 20);(4, 1):soup('onion', 2, 0)",20.0,32.0,3,"(-1, 0)",0.0,0.0,0.0,0.0,20.0,32.0,False,"(3, 1)",,"(1, 2)",,"(3, 0):soup('onion', 3, 20);(4, 1):soup('onion', 2, 0)","(3, 0):soup('onion', 3, 20);(4, 1):soup('onion', 2, 0)"
134,5,interact,"(3, 1)","(0, -1)",,"(1, 2)","(-1, 0)",,"(3, 0):soup('onion', 3, 20);(4, 1):soup('onion', 2, 0)","(3, 0):soup('onion', 3, 20);(4, 1):soup('onion', 2, 0)",20.0,32.0,3,"(-1, 0)",0.0,0.0,0.0,0.0,20.0,32.0,False,"(3, 1)",,"(1, 2)",,"(3, 0):soup('onion', 3, 20);(4, 1):soup('onion', 2, 0)","(3, 0):soup('onion', 3, 20);(4, 1):soup('onion', 2, 0)"
135,5,interact,"(3, 1)","(0, -1)",,"(1, 2)","(-1, 0)",,"(3, 0):soup('onion', 3, 20);(4, 1):soup('onion', 2, 0)","(3, 0):soup('onion', 3, 20);(4, 1):soup('onion', 2, 0)",20.0,32.0,3,"(-1, 0)",0.0,0.0,0.0,0.0,20.0,32.0,False,"(3, 1)",,"(1, 2)",,"(3, 0):soup('onion', 3, 20);(4, 1):soup('onion', 2, 0)","(3, 0):soup('onion', 3, 20);(4, 1):soup('onion', 2, 0)"
136,5,interact,"(3, 1)","(0, -1)",,"(1, 2)","(-1, 0)",,"(3, 0):soup('onion', 3, 20);(4, 1):soup('onion', 2, 0)","(3, 0):soup('onion', 3, 20);(4, 1):soup('onion', 2, 0)",20.0,32.0,3,"(-1, 0)",0.0,0.0,0.0,0.0,20.0,32.0,False,"(3, 1)",,"(1, 2)",,"(3, 0):soup('onion', 3, 20);(4, 1):soup('onion', 2, 0)","(3, 0):soup('onion', 3, 20);(4, 1):soup('onion', 2, 0)"
137,5,interact,"(3, 1)","(0, -1)",,"(1, 2)","(-1, 0)",,"(3, 0):soup('onion', 3, 20);(4, 1):soup('onion', 2, 0)","(3, 0):soup('onion', 3, 20);(4, 1):soup('onion', 2, 0)",20.0,32.0,3,"(-1, 0)",0.0,0.0,0.0,0.0,20.0,32.0,False,"(3, 1)",,"(1, 2)",,"(3, 0):soup('onion', 3, 20);(4, 1):soup('onion', 2, 0)","(3, 0):soup('onion', 3, 20);(4, 1):soup('onion', 2, 0)"
138,5,interact,"(3, 1)","(0, -1)",,"(1, 2)","(-1, 0)",,"(3, 0):soup('onion', 3, 20);(4, 1):soup('onion', 2, 0)","(3, 0):soup('onion', 3, 20);(4, 1):soup('onion', 2, 0)",20.0,32.0,3,"(-1, 0)",0.0,0.0,0.0,0.0,20.0,32.0,False,"(3, 1)",,"(1, 2)",,"(3, 0):soup('onion', 3, 20);(4, 1):soup('onion', 2, 0)","(3, 0):soup('onion', 3, 20);(4, 1):soup('onion', 2, 0)"
139,5,interact,"(3, 1)","(0, -1)",,"(1, 2)","(-1, 0)",,"(3, 0):soup('onion', 3, 20);(4, 1):soup('onion', 2, 0)","(3, 0):soup('onion', 3, 20);(4, 1):soup('onion', 2, 0)",20.0,32.0,3,"(-1, 0)",0.0,0.0,0.0,0.0,20.0,32.0,False,"(3, 1)",,"(1, 2)",,"(3, 0):soup('onion', 3, 20);(4, 1):soup('onion', 2, 0)","(3, 0):soup('onion', 3, 20);(4, 1):soup('onion', 2, 0)"
140,5,interact,"(3, 1)","(0, -1)",,"(1, 2)","(-1, 0)",,"(3, 0):soup('onion', 3, 20);(4, 1):soup('onion', 2, 0)","(3, 0):soup('onion', 3, 20);(4, 1):soup('onion', 2, 0)",20.0,32.0,3,"(-1, 0)",0.0,0.0,0.0,0.0,20.0,32.0,False,"(3, 1)",,"(1, 2)",,"(3, 0):soup('onion', 3, 20);(4, 1):soup('onion', 2, 0)","(3, 0):soup('onion', 3, 20);(4, 1):soup('onion', 2, 0)"
141,5,interact,"(3, 1)","(0, -1)",,"(1, 2)","(-1, 0)",,"(3, 0):soup('onion', 3, 20);(4, 1):soup('onion', 2, 0)","(3, 0):soup('onion', 3, 20);(4, 1):soup('onion', 2, 0)",20.0,32.0,3,"(-1, 0)",0.0,0.0,0.0,0.0,20.0,32.0,False,"(3, 1)",,"(1, 2)",,"(3, 0):soup('onion', 3, 20);(4, 1):soup('onion', 2, 0)","(3, 0):soup('onion', 3, 20);(4, 1):soup('onion', 2, 0)"
142,5,interact,"(3, 1)","(0, -1)",,"(1, 2)","(-1, 0)",,"(3, 0):soup('onion', 3, 20);(4, 1):soup('onion', 2, 0)","(3, 0):soup('onion', 3, 20);(4, 1):soup('onion', 2, 0)",20.0,32.0,3,"(-1, 0)",0.0,0.0,0.0,0.0,20.0,32.0,False,"(3, 1)",,"(1, 2)",,"(3, 0):soup('onion', 3, 20);(4, 1):soup('onion', 2, 0)","(3, 0):soup('onion', 3, 20);(4, 1):soup('onion', 2, 0)"
143,5,interact,"(3, 1)","(0, -1)",,"(1, 2)","(-1, 0)",,"(3, 0):soup('onion', 3, 20);(4, 1):soup('onion', 2, 0)","(3, 0):soup('onion', 3, 20);(4, 1):soup('onion', 2, 0)",20.0,32.0,3,"(-1, 0)",0.0,0.0,0.0,0.0,20.0,32.0,False,"(3, 1)",,"(1, 2)",,"(3, 0):soup('onion', 3, 20);(4, 1):soup('onion', 2, 0)","(3, 0):soup('onion', 3, 20);(4, 1):soup('onion', 2, 0)"
144,5,interact,"(3, 1)","(0, -1)",,"(1, 2)","(-1, 0)",,"(3, 0):soup('onion', 3, 20);(4, 1):soup('onion', 2, 0)","(3, 0):soup('onion', 3, 20);(4, 1):soup('onion', 2, 0)",20.0,32.0,3,"(-1, 0)",0.0,0.0,0.0,0.0,20.0,32.0,False,"(3, 1)",,"(1, 2)",,"(3, 0):soup('onion', 3, 20);(4, 1):soup('onion', 2, 0)","(3, 0):soup('onion', 3, 20);(4, 1):soup('onion', 2, 0)"
145,5,interact,"(3, 1)","(0, -1)",,"(1, 2)","(-1, 0)",,"(3, 0):soup('onion', 3, 20);(4, 1):soup('onion', 2, 0)","(3, 0):soup('onion', 3, 20);(4, 1):soup('onion', 2, 0)",20.0,32.0,3,"(-1, 0)",0.0,0.0,0.0,0.0,20.0,32.0,False,"(3, 1)",,"(1, 2)",,"(3, 0):soup('onion', 3, 20);(4, 1):soup('onion', 2, 0)","(3, 0):soup('onion', 3, 20);(4, 1):soup('onion', 2, 0)"
146,5,interact,"(3, 1)","(0, -1)",,"(1, 2)","(-1, 0)",,"(3, 0):soup('onion', 3, 20);(4, 1):soup('onion', 2, 0)","(3, 0):soup('onion', 3, 20);(4, 1):soup('onion', 2, 0)",20.0,32.0,3,"(-1, 0)",0.0,0.0,0.0,0.0,20.0,32.0,False,"(3, 1)",,"(1, 2)",,"(3, 0):soup('onion', 3, 20);(4, 1):soup('onion', 2, 0)","(3, 0):soup('onion', 3, 20);(4, 1):soup('onion', 2, 0)"
147,5,interact,"(3, 1)","(0, -1)",,"(1, 2)","(-1, 0)",,"(3, 0):soup('onion', 3, 20);(4, 1):soup('onion', 2, 0)","(3, 0):soup('onion', 3, 20);(4, 1):soup('onion', 2, 0)",20.0,32.0,3,"(-1, 0)",0.0,0.0,0.0,0.0,20.0,32.0,False,"(3, 1)",,"(1, 2)",,"(3, 0):soup('onion', 3, 20);(4, 1):soup('onion', 2, 0)","(3, 0):soup('onion', 3, 20);(4, 1):soup('onion', 2, 0)"
148,5,interact,"(3, 1)","(0, -1)",,"(1, 2)","(-1, 0)",,"(3, 0):soup('onion', 3, 20);(4, 1):soup('onion', 2, 0)","(3, 0):soup('onion', 3, 20);(4, 1):soup('onion', 2, 0)",20.0,32.0,3,"(-1, 0)",0.0,0.0,0.0,0.0,20.0,32.0,False,"(3, 1)",,"(1, 2)",,"(3, 0):soup('onion', 3, 20);(4, 1):soup('onion', 2, 0)","(3, 0):soup('onion', 3, 20);(4, 1):soup('onion', 2, 0)"
149,5,interact,"(3, 1)","(0, -1)",,"(1, 2)","(-1, 0)",,"(3, 0):soup('onion', 3, 20);(4, 1):soup('onion', 2, 0)","(3, 0):soup('onion', 3, 20);(4, 1):soup('onion', 2, 0)",20.0,32.0,3,"(-1, 0)",0.0,0.0,0.0,0.0,20.0,32.0,False,"(3, 1)",,"(1, 2)",,"(3, 0):soup('onion', 3, 20);(4, 1):soup('onion', 2, 0)","(3, 0):soup('onion', 3, 20);(4, 1):soup('onion', 2, 0)"
150,5,interact,"(3, 1)","(0, -1)",,"(1, 2)","(-1, 0)",,"(3, 0):soup('onion', 3, 20);(4, 1):soup('onion', 2, 0)","(3, 0):soup('onion', 3, 20);(4, 1):soup('onion', 2, 0)",20.0,32.0,3,"(-1, 0)",0.0,0.0,0.0,0.0,20.0,32.0,False,"(3, 1)",,"(1, 2)",,"(3, 0):soup('onion', 3, 20);(4, 1):soup('onion', 2, 0)","(3, 0):soup('onion', 3, 20);(4, 1):soup('onion', 2, 0)"
151,5,interact,"(3, 1)","(0, -1)",,"(1, 2)","(-1, 0)",,"(3, 0):soup('onion', 3, 20);(4, 1):soup('onion', 2, 0)","(3, 0):soup('onion', 3, 20);(4, 1):soup('onion', 2, 0)",20.0,32.0,3,"(-1, 0)",0.0,0.0,0.0,0.0,20.0,32.0,False,"(3, 1)",,"(1, 2)",,"(3, 0):soup('onion', 3, 20);(4, 1):soup('onion', 2, 0)","(3, 0):soup('onion', 3, 20);(4, 1):soup('onion', 2, 0)"
152,5,interact,"(3, 1)","(0, -1)",,"(1, 2)","(-1, 0)",,"(3, 0):soup('onion', 3, 20);(4, 1):soup('onion', 2, 0)","(3, 0):soup('onion', 3, 20);(4, 1):soup('onion', 2, 0)",20.0,32.0,3,"(-1, 0)",0.0,0.0,0.0,0.0,20.0,32.0,False,"(3, 1)",,"(1, 2)",,"(3, 0):soup('onion', 3, 20);(4, 1):soup('onion', 2, 0)","(3, 0):soup('onion', 3, 20);(4, 1):soup('onion', 2, 0)"
153,5,interact,"(3, 1)","(0, -1)",,"(1, 2)","(-1, 0)",,"(3, 0):soup('onion', 3, 20);(4, 1):soup('onion', 2, 0)","(3, 0):soup('onion', 3, 20);(4, 1):soup('onion', 2, 0)",20.0,32.0,3,"(-1, 0)",0.0,0.0,0.0,0.0,20.0,32.0,False,"(3, 1)",,"(1, 2)",,"(3, 0):soup('onion', 3, 20);(4, 1):soup('onion', 2, 0)","(3, 0):soup('onion', 3, 20);(4, 1):soup('onion', 2, 0)"
154,5,interact,"(3, 1)","(0, -1)",,"(1, 2)","(-1, 0)",,"(3, 0):soup('onion', 3, 20);(4, 1):soup('onion', 2, 0)","(3, 0):soup('onion', 3, 20);(4, 1):soup('onion', 2, 0)",20.0,32.0,3,"(-1, 0)",0.0,0.0,0.0,0.0,20.0,32.0,False,"(3, 1)",,"(1, 2)",,"(3, 0):soup('onion', 3, 20);(4, 1):soup('onion', 2, 0)","(3, 0):soup('onion', 3, 20);(4, 1):soup('onion', 2, 0)"
155,5,interact,"(3, 1)","(0, -1)",,"(1, 2)","(-1, 0)",,"(3, 0):soup('onion', 3, 20);(4, 1):soup('onion', 2, 0)","(3, 0):soup('onion', 3, 20);(4, 1):soup('onion', 2, 0)",20.0,32.0,3,"(-1, 0)",0.0,0.0,0.0,0.0,20.0,32.0,False,"(3, 1)",,"(1, 2)",,"(3, 0):soup('onion', 3, 20);(4, 1):soup('onion', 2, 0)","(3, 0):soup('onion', 3, 20);(4, 1):soup('onion', 2, 0)"
156,5,interact,"(3, 1)","(0, -1)",,"(1, 2)","(-1, 0)",,"(3, 0):soup('onion', 3, 20);(4, 1):soup('onion', 2, 0)","(3, 0):soup('onion', 3, 20);(4, 1):soup('onion', 2, 0)",20.0,32.0,3,"(-1, 0)",0.0,0.0,0.0,0.0,20.0,32.0,False,"(3, 1)",,"(1, 2)",,"(3, 0):soup('onion', 3, 20);(4, 1):soup('onion', 2, 0)","(3, 0):soup('onion', 3, 20);(4, 1):soup('onion', 2, 0)"
157,5,interact,"(3, 1)","(0, -1)",,"(1, 2)","(-1, 0)",,"(3, 0):soup('onion', 3, 20);(4, 1):soup('onion', 2, 0)","(3, 0):soup('onion', 3, 20);(4, 1):soup('onion', 2, 0)",20.0,32.0,3,"(-1, 0)",0.0,0.0,0.0,0.0,20.0,32.0,False,"(3, 1)",,"(1, 2)",,"(3, 0):soup('onion', 3, 20);(4, 1):soup('onion', 2, 0)","(3, 0):soup('onion', 3, 20);(4, 1):soup('onion', 2, 0)"
158,5,interact,"(3, 1)","(0, -1)",,"(1, 2)","(-1, 0)",,"(3, 0):soup('onion', 3, 20);(4, 1):soup('onion', 2, 0)","(3, 0):soup('onion', 3, 20);(4, 1):soup('onion', 2, 0)",20.0,32.0,3,"(-1, 0)",0.0,0.0,0.0,0.0,20.0,32.0,False,"(3, 1)",,"(1, 2)",,"(3, 0):soup('onion', 3, 20);(4, 1):soup('onion', 2, 0)","(3, 0):soup('onion', 3, 20);(4, 1):soup('onion', 2, 0)"
159,5,interact,"(3, 1)","(0, -1)",,"(1, 2)","(-1, 0)",,"(3, 0):soup('onion', 3, 20);(4, 1):soup('onion', 2, 0)","(3, 0):soup('onion', 3, 20);(4, 1):soup('onion', 2, 0)",20.0,32.0,3,"(-1, 0)",0.0,0.0,0.0,0.0,20.0,32.0,False,"(3, 1)",,"(1, 2)",,"(3, 0):soup('onion', 3, 20);(4, 1):soup('onion', 2, 0)","(3, 0):soup('onion', 3, 20);(4, 1):soup('onion', 2, 0)"
160,5,interact,"(3, 1)","(0, -1)",,"(1, 2)","(-1, 0)",,"(3, 0):soup('onion', 3, 20);(4, 1):soup('onion', 2, 0)","(3, 0):soup('onion', 3, 20);(4, 1):soup('onion', 2, 0)",20.0,32.0,3,"(-1, 0)",0.0,0.0,0.0,0.0,20.0,32.0,False,"(3, 1)",,"(1, 2)",,"(3, 0):soup('onion', 3, 20);(4, 1):soup('onion', 2, 0)","(3, 0):soup('onion', 3, 20);(4, 1):soup('onion', 2, 0)"
161,5,interact,"(3, 1)","(0, -1)",,"(1, 2)","(-1, 0)",,"(3, 0):soup('onion', 3, 20);(4, 1):soup('onion', 2, 0)","(3, 0):soup('onion', 3, 20);(4, 1):soup('onion', 2, 0)",20.0,32.0,3,"(-1, 0)",0.0,0.0,0.0,0.0,20.0,32.0,False,"(3, 1)",,"(1, 2)",,"(3, 0):soup('onion', 3, 20);(4, 1):soup('onion', 2, 0)","(3, 0):soup('onion', 3, 20);(4, 1):soup('onion', 2, 0)"
162,5,interact,"(3, 1)","(0, -1)",,"(1, 2)","(-1, 0)",,"(3, 0):soup('onion', 3, 20);(4, 1):soup('onion', 2, 0)","(3, 0):soup('onion', 3, 20);(4, 1):soup('onion', 2, 0)",20.0,32.0,3,"(-1, 0)",0.0,0.0,0.0,0.0,20.0,32.0,False,"(3, 1)",,"(1, 2)",,"(3, 0):soup('onion', 3, 20);(4, 1):soup('onion', 2, 0)","(3, 0):soup('onion', 3, 20);(4, 1):soup('onion', 2, 0)"
163,5,interact,"(3, 1)","(0, -1)",,"(1, 2)","(-1, 0)",,"(3, 0):soup('onion', 3, 20);(4, 1):soup('onion', 2, 0)","(3, 0):soup('onion', 3, 20);(4, 1):soup('onion', 2, 0)",20.0,32.0,3,"(-1, 0)",0.0,0.0,0.0,0.0,20.0,32.0,False,"(3, 1)",,"(1, 2)",,"(3, 0):soup('onion', 3, 20);(4, 1):soup('onion', 2, 0)","(3, 0):soup('onion', 3, 20);(4, 1):soup('onion', 2, 0)"
164,5,interact,"(3, 1)","(0, -1)",,"(1, 2)","(-1, 0)",,"(3, 0):soup('onion', 3, 20);(4, 1):soup('onion', 2, 0)","(3, 0):soup('onion', 3, 20);(4, 1):soup('onion', 2, 0)",20.0,32.0,3,"(-1, 0)",0.0,0.0,0.0,0.0,20.0,32.0,False,"(3, 1)",,"(1, 2)",,"(3, 0):soup('onion', 3, 20);(4, 1):soup('onion', 2, 0)","(3, 0):soup('onion', 3, 20);(4, 1):soup('onion', 2, 0)"
165,5,interact,"(3, 1)","(0, -1)",,"(1, 2)","(-1, 0)",,"(3, 0):soup('onion', 3, 20);(4, 1):soup('onion', 2, 0)","(3, 0):soup('onion', 3, 20);(4, 1):soup('onion', 2, 0)",20.0,32.0,3,"(-1, 0)",0.0,0.0,0.0,0.0,20.0,32.0,False,"(3, 1)",,"(1, 2)",,"(3, 0):soup('onion', 3, 20);(4, 1):soup('onion', 2, 0)","(3, 0):soup('onion', 3, 20);(4, 1):soup('onion', 2, 0)"
166,5,interact,"(3, 1)","(0, -1)",,"(1, 2)","(-1, 0)",,"(3, 0):soup('onion', 3, 20);(4, 1):soup('onion', 2, 0)","(3, 0):soup('onion', 3, 20);(4, 1):soup('onion', 2, 0)",20.0,32.0,3,"(-1, 0)",0.0,0.0,0.0,0.0,20.0,32.0,False,"(3, 1)",,"(1, 2)",,"(3, 0):soup('onion', 3, 20);(4, 1):soup('onion', 2, 0)","(3, 0):soup('onion', 3, 20);(4, 1):soup('onion', 2, 0)"
167,5,interact,"(3, 1)","(0, -1)",,"(1, 2)","(-1, 0)",,"(3, 0):soup('onion', 3, 20);(4, 1):soup('onion', 2, 0)","(3, 0):soup('onion', 3, 20);(4, 1):soup('onion', 2, 0)",20.0,32.0,3,"(-1, 0)",0.0,0.0,0.0,0.0,20.0,32.0,False,"(3, 1)",,"(1, 2)",,"(3, 0):soup('onion', 3, 20);(4, 1):soup('onion', 2, 0)","(3, 0):soup('onion', 3, 20);(4, 1):soup('onion', 2, 0)"
168,5,interact,"(3, 1)","(0, -1)",,"(1, 2)","(-1, 0)",,"(3, 0):soup('onion', 3, 20);(4, 1):soup('onion', 2, 0)","(3, 0):soup('onion', 3, 20);(4, 1):soup('onion', 2, 0)",20.0,32.0,3,"(-1, 0)",0.0,0.0,0.0,0.0,20.0,32.0,False,"(3, 1)",,"(1, 2)",,"(3, 0):soup('onion', 3, 20);(4, 1):soup('onion', 2, 0)","(3, 0):soup('onion', 3, 20);(4, 1):soup('onion', 2, 0)"
169,5,interact,"(3, 1)","(0, -1)",,"(1, 2)","(-1, 0)",,"(3, 0):soup('onion', 3, 20);(4, 1):soup('onion', 2, 0)","(3, 0):soup('onion', 3, 20);(4, 1):soup('onion', 2, 0)",20.0,32.0,3,"(-1, 0)",0.0,0.0,0.0,0.0,20.0,32.0,False,"(3, 1)",,"(1, 2)",,"(3, 0):soup('onion', 3, 20);(4, 1):soup('onion', 2, 0)","(3, 0):soup('onion', 3, 20);(4, 1):soup('onion', 2, 0)"
170,5,interact,"(3, 1)","(0, -1)",,"(1, 2)","(-1, 0)",,"(3, 0):soup('onion', 3, 20);(4, 1):soup('onion', 2, 0)","(3, 0):soup('onion', 3, 20);(4, 1):soup('onion', 2, 0)",20.0,32.0,3,"(-1, 0)",0.0,0.0,0.0,0.0,20.0,32.0,False,"(3, 1)",,"(1, 2)",,"(3, 0):soup('onion', 3, 20);(4, 1):soup('onion', 2, 0)","(3, 0):soup('onion', 3, 20);(4, 1):soup('onion', 2, 0)"
171,5,interact,"(3, 1)","(0, -1)",,"(1, 2)","(-1, 0)",,"(3, 0):soup('onion', 3, 20);(4, 1):soup('onion', 2, 0)","(3, 0):soup('onion', 3, 20);(4, 1):soup('onion', 2, 0)",20.0,32.0,3,"(-1, 0)",0.0,0.0,0.0,0.0,20.0,32.0,False,"(3, 1)",,"(1, 2)",,"(3, 0):soup('onion', 3, 20);(4, 1):soup('onion', 2, 0)","(3, 0):soup('onion', 3, 20);(4, 1):soup('onion', 2, 0)"
172,5,interact,"(3, 1)","(0, -1)",,"(1, 2)","(-1, 0)",,"(3, 0):soup('onion', 3, 20);(4, 1):soup('onion', 2, 0)","(3, 0):soup('onion', 3, 20);(4, 1):soup('onion', 2, 0)",20.0,32.0,3,"(-1, 0)",0.0,0.0,0.0,0.0,20.0,32.0,False,"(3, 1)",,"(1, 2)",,"(3, 0):soup('onion', 3, 20);(4, 1):soup('onion', 2, 0)","(3, 0):soup('onion', 3, 20);(4, 1):soup('onion', 2, 0)"
173,5,interact,"(3, 1)","(0, -1)",,"(1, 2)","(-1, 0)",,"(3, 0):soup('onion', 3, 20);(4, 1):soup('onion', 2, 0)","(3, 0):soup('onion', 3, 20);(4, 1):soup('onion', 2, 0)",20.0,32.0,3,"(-1, 0)",0.0,0.0,0.0,0.0,20.0,32.0,False,"(3, 1)",,"(1, 2)",,"(3, 0):soup('onion', 3, 20);(4, 1):soup('onion', 2, 0)","(3, 0):soup('onion', 3, 20);(4, 1):soup('onion', 2, 0)"
174,5,interact,"(3, 1)","(0, -1)",,"(1, 2)","(-1, 0)",,"(3, 0):soup('onion', 3, 20);(4, 1):soup('onion', 2, 0)","(3, 0):soup('onion', 3, 20);(4, 1):soup('onion', 2, 0)",20.0,32.0,3,"(-1, 0)",0.0,0.0,0.0,0.0,20.0,32.0,False,"(3, 1)",,"(1, 2)",,"(3, 0):soup('onion', 3, 20);(4, 1):soup('onion', 2, 0)","(3, 0):soup('onion', 3, 20);(4, 1):soup('onion', 2, 0)"
175,5,interact,"(3, 1)","(0, -1)",,"(1, 2)","(-1, 0)",,"(3, 0):soup('onion', 3, 20);(4, 1):soup('onion', 2, 0)","(3, 0):soup('onion', 3, 20);(4, 1):soup('onion', 2, 0)",20.0,32.0,3,"(-1, 0)",0.0,0.0,0.0,0.0,20.0,32.0,False,"(3, 1)",,"(1, 2)",,"(3, 0):soup('onion', 3, 20);(4, 1):soup('onion', 2, 0)","(3, 0):soup('onion', 3, 20);(4, 1):soup('onion', 2, 0)"
176,5,interact,"(3, 1)","(0, -1)",,"(1, 2)","(-1, 0)",,"(3, 0):soup('onion', 3, 20);(4, 1):soup('onion', 2, 0)","(3, 0):soup('onion', 3, 20);(4, 1):soup('onion', 2, 0)",20.0,32.0,3,"(-1, 0)",0.0,0.0,0.0,0.0,20.0,32.0,False,"(3, 1)",,"(1, 2)",,"(3, 0):soup('onion', 3, 20);(4, 1):soup('onion', 2, 0)","(3, 0):soup('onion', 3, 20);(4, 1):soup('onion', 2, 0)"
177,5,interact,"(3, 1)","(0, -1)",,"(1, 2)","(-1, 0)",,"(3, 0):soup('onion', 3, 20);(4, 1):soup('onion', 2, 0)","(3, 0):soup('onion', 3, 20);(4, 1):soup('onion', 2, 0)",20.0,32.0,3,"(-1, 0)",0.0,0.0,0.0,0.0,20.0,32.0,False,"(3, 1)",,"(1, 2)",,"(3, 0):soup('onion', 3, 20);(4, 1):soup('onion', 2, 0)","(3, 0):soup('onion', 3, 20);(4, 1):soup('onion', 2, 0)"
178,5,interact,"(3, 1)","(0, -1)",,"(1, 2)","(-1, 0)",,"(3, 0):soup('onion', 3, 20);(4, 1):soup('onion', 2, 0)","(3, 0):soup('onion', 3, 20);(4, 1):soup('onion', 2, 0)",20.0,32.0,3,"(-1, 0)",0.0,0.0,0.0,0.0,20.0,32.0,False,"(3, 1)",,"(1, 2)",,"(3, 0):soup('onion', 3, 20);(4, 1):soup('onion', 2, 0)","(3, 0):soup('onion', 3, 20);(4, 1):soup('onion', 2, 0)"
179,5,interact,"(3, 1)","(0, -1)",,"(1, 2)","(-1, 0)",,"(3, 0):soup('onion', 3, 20);(4, 1):soup('onion', 2, 0)","(3, 0):soup('onion', 3, 20);(4, 1):soup('onion', 2, 0)",20.0,32.0,3,"(-1, 0)",0.0,0.0,0.0,0.0,20.0,32.0,False,"(3, 1)",,"(1, 2)",,"(3, 0):soup('onion', 3, 20);(4, 1):soup('onion', 2, 0)","(3, 0):soup('onion', 3, 20);(4, 1):soup('onion', 2, 0)"
180,5,interact,"(3, 1)","(0, -1)",,"(1, 2)","(-1, 0)",,"(3, 0):soup('onion', 3, 20);(4, 1):soup('onion', 2, 0)","(3, 0):soup('onion', 3, 20);(4, 1):soup('onion', 2, 0)",20.0,32.0,3,"(-1, 0)",0.0,0.0,0.0,0.0,20.0,32.0,False,"(3, 1)",,"(1, 2)",,"(3, 0):soup('onion', 3, 20);(4, 1):soup('onion', 2, 0)","(3, 0):soup('onion', 3, 20);(4, 1):soup('onion', 2, 0)"
181,5,interact,"(3, 1)","(0, -1)",,"(1, 2)","(-1, 0)",,"(3, 0):soup('onion', 3, 20);(4, 1):soup('onion', 2, 0)","(3, 0):soup('onion', 3, 20);(4, 1):soup('onion', 2, 0)",20.0,32.0,3,"(-1, 0)",0.0,0.0,0.0,0.0,20.0,32.0,False,"(3, 1)",,"(1, 2)",,"(3, 0):soup('onion', 3, 20);(4, 1):soup('onion', 2, 0)","(3, 0):soup('onion', 3, 20);(4, 1):soup('onion', 2, 0)"
182,5,interact,"(3, 1)","(0, -1)",,"(1, 2)","(-1, 0)",,"(3, 0):soup('onion', 3, 20);(4, 1):soup('onion', 2, 0)","(3, 0):soup('onion', 3, 20);(4, 1):soup('onion', 2, 0)",20.0,32.0,3,"(-1, 0)",0.0,0.0,0.0,0.0,20.0,32.0,False,"(3, 1)",,"(1, 2)",,"(3, 0):soup('onion', 3, 20);(4, 1):soup('onion', 2, 0)","(3, 0):soup('onion', 3, 20);(4, 1):soup('onion', 2, 0)"
183,5,interact,"(3, 1)","(0, -1)",,"(1, 2)","(-1, 0)",,"(3, 0):soup('onion', 3, 20);(4, 1):soup('onion', 2, 0)","(3, 0):soup('onion', 3, 20);(4, 1):soup('onion', 2, 0)",20.0,32.0,3,"(-1, 0)",0.0,0.0,0.0,0.0,20.0,32.0,False,"(3, 1)",,"(1, 2)",,"(3, 0):soup('onion', 3, 20);(4, 1):soup('onion', 2, 0)","(3, 0):soup('onion', 3, 20);(4, 1):soup('onion', 2, 0)"
184,5,interact,"(3, 1)","(0, -1)",,"(1, 2)","(-1, 0)",,"(3, 0):soup('onion', 3, 20);(4, 1):soup('onion', 2, 0)","(3, 0):soup('onion', 3, 20);(4, 1):soup('onion', 2, 0)",20.0,32.0,3,"(-1, 0)",0.0,0.0,0.0,0.0,20.0,32.0,False,"(3, 1)",,"(1, 2)",,"(3, 0):soup('onion', 3, 20);(4, 1):soup('onion', 2, 0)","(3, 0):soup('onion', 3, 20);(4, 1):soup('onion', 2, 0)"
185,5,interact,"(3, 1)","(0, -1)",,"(1, 2)","(-1, 0)",,"(3, 0):soup('onion', 3, 20);(4, 1):soup('onion', 2, 0)","(3, 0):soup('onion', 3, 20);(4, 1):soup('onion', 2, 0)",20.0,32.0,3,"(-1, 0)",0.0,0.0,0.0,0.0,20.0,32.0,False,"(3, 1)",,"(1, 2)",,"(3, 0):soup('onion', 3, 20);(4, 1):soup('onion', 2, 0)","(3, 0):soup('onion', 3, 20);(4, 1):soup('onion', 2, 0)"
186,5,interact,"(3, 1)","(0, -1)",,"(1, 2)","(-1, 0)",,"(3, 0):soup('onion', 3, 20);(4, 1):soup('onion', 2, 0)","(3, 0):soup('onion', 3, 20);(4, 1):soup('onion', 2, 0)",20.0,32.0,3,"(-1, 0)",0.0,0.0,0.0,0.0,20.0,32.0,False,"(3, 1)",,"(1, 2)",,"(3, 0):soup('onion', 3, 20);(4, 1):soup('onion', 2, 0)","(3, 0):soup('onion', 3, 20);(4, 1):soup('onion', 2, 0)"
187,5,interact,"(3, 1)","(0, -1)",,"(1, 2)","(-1, 0)",,"(3, 0):soup('onion', 3, 20);(4, 1):soup('onion', 2, 0)","(3, 0):soup('onion', 3, 20);(4, 1):soup('onion', 2, 0)",20.0,32.0,3,"(-1, 0)",0.0,0.0,0.0,0.0,20.0,32.0,False,"(3, 1)",,"(1, 2)",,"(3, 0):soup('onion', 3, 20);(4, 1):soup('onion', 2, 0)","(3, 0):soup('onion', 3, 20);(4, 1):soup('onion', 2, 0)"
188,5,interact,"(3, 1)","(0, -1)",,"(1, 2)","(-1, 0)",,"(3, 0):soup('onion', 3, 20);(4, 1):soup('onion', 2, 0)","(3, 0):soup('onion', 3, 20);(4, 1):soup('onion', 2, 0)",20.0,32.0,3,"(-1, 0)",0.0,0.0,0.0,0.0,20.0,32.0,False,"(3, 1)",,"(1, 2)",,"(3, 0):soup('onion', 3, 20);(4, 1):soup('onion', 2, 0)","(3, 0):soup('onion', 3, 20);(4, 1):soup('onion', 2, 0)"
189,5,interact,"(3, 1)","(0, -1)",,"(1, 2)","(-1, 0)",,"(3, 0):soup('onion', 3, 20);(4, 1):soup('onion', 2, 0)","(3, 0):soup('onion', 3, 20);(4, 1):soup('onion', 2, 0)",20.0,32.0,3,"(-1, 0)",0.0,0.0,0.0,0.0,20.0,32.0,False,"(3, 1)",,"(1, 2)",,"(3, 0):soup('onion', 3, 20);(4, 1):soup('onion', 2, 0)","(3, 0):soup('onion', 3, 20);(4, 1):soup('onion', 2, 0)"
190,5,interact,"(3, 1)","(0, -1)",,"(1, 2)","(-1, 0)",,"(3, 0):soup('onion', 3, 20);(4, 1):soup('onion', 2, 0)","(3, 0):soup('onion', 3, 20);(4, 1):soup('onion', 2, 0)",20.0,32.0,3,"(-1, 0)",0.0,0.0,0.0,0.0,20.0,32.0,False,"(3, 1)",,"(1, 2)",,"(3, 0):soup('onion', 3, 20);(4, 1):soup('onion', 2, 0)","(3, 0):soup('onion', 3, 20);(4, 1):soup('onion', 2, 0)"
191,5,interact,"(3, 1)","(0, -1)",,"(1, 2)","(-1, 0)",,"(3, 0):soup('onion', 3, 20);(4, 1):soup('onion', 2, 0)","(3, 0):soup('onion', 3, 20);(4, 1):soup('onion', 2, 0)",20.0,32.0,3,"(-1, 0)",0.0,0.0,0.0,0.0,20.0,32.0,False,"(3, 1)",,"(1, 2)",,"(3, 0):soup('onion', 3, 20);(4, 1):soup('onion', 2, 0)","(3, 0):soup('onion', 3, 20);(4, 1):soup('onion', 2, 0)"
192,5,interact,"(3, 1)","(0, -1)",,"(1, 2)","(-1, 0)",,"(3, 0):soup('onion', 3, 20);(4, 1):soup('onion', 2, 0)","(3, 0):soup('onion', 3, 20);(4, 1):soup('onion', 2, 0)",20.0,32.0,3,"(-1, 0)",0.0,0.0,0.0,0.0,20.0,32.0,False,"(3, 1)",,"(1, 2)",,"(3, 0):soup('onion', 3, 20);(4, 1):soup('onion', 2, 0)","(3, 0):soup('onion', 3, 20);(4, 1):soup('onion', 2, 0)"
193,5,interact,"(3, 1)","(0, -1)",,"(1, 2)","(-1, 0)",,"(3, 0):soup('onion', 3, 20);(4, 1):soup('onion', 2, 0)","(3, 0):soup('onion', 3, 20);(4, 1):soup('onion', 2, 0)",20.0,32.0,3,"(-1, 0)",0.0,0.0,0.0,0.0,20.0,32.0,False,"(3, 1)",,"(1, 2)",,"(3, 0):soup('onion', 3, 20);(4, 1):soup('onion', 2, 0)","(3, 0):soup('onion', 3, 20);(4, 1):soup('onion', 2, 0)"
194,5,interact,"(3, 1)","(0, -1)",,"(1, 2)","(-1, 0)",,"(3, 0):soup('onion', 3, 20);(4, 1):soup('onion', 2, 0)","(3, 0):soup('onion', 3, 20);(4, 1):soup('onion', 2, 0)",20.0,32.0,3,"(-1, 0)",0.0,0.0,0.0,0.0,20.0,32.0,False,"(3, 1)",,"(1, 2)",,"(3, 0):soup('onion', 3, 20);(4, 1):soup('onion', 2, 0)","(3, 0):soup('onion', 3, 20);(4, 1):soup('onion', 2, 0)"
195,5,interact,"(3, 1)","(0, -1)",,"(1, 2)","(-1, 0)",,"(3, 0):soup('onion', 3, 20);(4, 1):soup('onion', 2, 0)","(3, 0):soup('onion', 3, 20);(4, 1):soup('onion', 2, 0)",20.0,32.0,3,"(-1, 0)",0.0,0.0,0.0,0.0,20.0,32.0,False,"(3, 1)",,"(1, 2)",,"(3, 0):soup('onion', 3, 20);(4, 1):soup('onion', 2, 0)","(3, 0):soup('onion', 3, 20);(4, 1):soup('onion', 2, 0)"
196,5,interact,"(3, 1)","(0, -1)",,"(1, 2)","(-1, 0)",,"(3, 0):soup('onion', 3, 20);(4, 1):soup('onion', 2, 0)","(3, 0):soup('onion', 3, 20);(4, 1):soup('onion', 2, 0)",20.0,32.0,3,"(-1, 0)",0.0,0.0,0.0,0.0,20.0,32.0,False,"(3, 1)",,"(1, 2)",,"(3, 0):soup('onion', 3, 20);(4, 1):soup('onion', 2, 0)","(3, 0):soup('onion', 3, 20);(4, 1):soup('onion', 2, 0)"
197,5,interact,"(3, 1)","(0, -1)",,"(1, 2)","(-1, 0)",,"(3, 0):soup('onion', 3, 20);(4, 1):soup('onion', 2, 0)","(3, 0):soup('onion', 3, 20);(4, 1):soup('onion', 2, 0)",20.0,32.0,3,"(-1, 0)",0.0,0.0,0.0,0.0,20.0,32.0,False,"(3, 1)",,"(1, 2)",,"(3, 0):soup('onion', 3, 20);(4, 1):soup('onion', 2, 0)","(3, 0):soup('onion', 3, 20);(4, 1):soup('onion', 2, 0)"
198,5,interact,"(3, 1)","(0, -1)",,"(1, 2)","(-1, 0)",,"(3, 0):soup('onion', 3, 20);(4, 1):soup('onion', 2, 0)","(3, 0):soup('onion', 3, 20);(4, 1):soup('onion', 2, 0)",20.0,32.0,3,"(-1, 0)",0.0,0.0,0.0,0.0,20.0,32.0,False,"(3, 1)",,"(1, 2)",,"(3, 0):soup('onion', 3, 20);(4, 1):soup('onion', 2, 0)","(3, 0):soup('onion', 3, 20);(4, 1):soup('onion', 2, 0)"
199,5,interact,"(3, 1)","(0, -1)",,"(1, 2)","(-1, 0)",,"(3, 0):soup('onion', 3, 20);(4, 1):soup('onion', 2, 0)","(3, 0):soup('onion', 3, 20);(4, 1):soup('onion', 2, 0)",20.0,32.0,3,"(-1, 0)",0.0,0.0,0.0,0.0,20.0,32.0,False,"(3, 1)",,"(1, 2)",,"(3, 0):soup('onion', 3, 20);(4, 1):soup('onion', 2, 0)","(3, 0):soup('onion', 3, 20);(4, 1):soup('onion', 2, 0)"
200,5,interact,"(3, 1)","(0, -1)",,"(1, 2)","(-1, 0)",,"(3, 0):soup('onion', 3, 20);(4, 1):soup('onion', 2, 0)","(3, 0):soup('onion', 3, 20);(4, 1):soup('onion', 2, 0)",20.0,32.0,3,"(-1, 0)",0.0,0.0,0.0,0.0,20.0,32.0,False,"(3, 1)",,"(1, 2)",,"(3, 0):soup('onion', 3, 20);(4, 1):soup('onion', 2, 0)","(3, 0):soup('onion', 3, 20);(4, 1):soup('onion', 2, 0)"
201,5,interact,"(3, 1)","(0, -1)",,"(1, 2)","(-1, 0)",,"(3, 0):soup('onion', 3, 20);(4, 1):soup('onion', 2, 0)","(3, 0):soup('onion', 3, 20);(4, 1):soup('onion', 2, 0)",20.0,32.0,3,"(-1, 0)",0.0,0.0,0.0,0.0,20.0,32.0,False,"(3, 1)",,"(1, 2)",,"(3, 0):soup('onion', 3, 20);(4, 1):soup('onion', 2, 0)","(3, 0):soup('onion', 3, 20);(4, 1):soup('onion', 2, 0)"
202,5,interact,"(3, 1)","(0, -1)",,"(1, 2)","(-1, 0)",,"(3, 0):soup('onion', 3, 20);(4, 1):soup('onion', 2, 0)","(3, 0):soup('onion', 3, 20);(4, 1):soup('onion', 2, 0)",20.0,32.0,3,"(-1, 0)",0.0,0.0,0.0,0.0,20.0,32.0,False,"(3, 1)",,"(1, 2)",,"(3, 0):soup('onion', 3, 20);(4, 1):soup('onion', 2, 0)","(3, 0):soup('onion', 3, 20);(4, 1):soup('onion', 2, 0)"
203,5,interact,"(3, 1)","(0, -1)",,"(1, 2)","(-1, 0)",,"(3, 0):soup('onion', 3, 20);(4, 1):soup('onion', 2, 0)","(3, 0):soup('onion', 3, 20);(4, 1):soup('onion', 2, 0)",20.0,32.0,3,"(-1, 0)",0.0,0.0,0.0,0.0,20.0,32.0,False,"(3, 1)",,"(1, 2)",,"(3, 0):soup('onion', 3, 20);(4, 1):soup('onion', 2, 0)","(3, 0):soup('onion', 3, 20);(4, 1):soup('onion', 2, 0)"
204,5,interact,"(3, 1)","(0, -1)",,"(1, 2)","(-1, 0)",,"(3, 0):soup('onion', 3, 20);(4, 1):soup('onion', 2, 0)","(3, 0):soup('onion', 3, 20);(4, 1):soup('onion', 2, 0)",20.0,32.0,3,"(-1, 0)",0.0,0.0,0.0,0.0,20.0,32.0,False,"(3, 1)",,"(1, 2)",,"(3, 0):soup('onion', 3, 20);(4, 1):soup('onion', 2, 0)","(3, 0):soup('onion', 3, 20);(4, 1):soup('onion', 2, 0)"
205,5,interact,"(3, 1)","(0, -1)",,"(1, 2)","(-1, 0)",,"(3, 0):soup('onion', 3, 20);(4, 1):soup('onion', 2, 0)","(3, 0):soup('onion', 3, 20);(4, 1):soup('onion', 2, 0)",20.0,32.0,3,"(-1, 0)",0.0,0.0,0.0,0.0,20.0,32.0,False,"(3, 1)",,"(1, 2)",,"(3, 0):soup('onion', 3, 20);(4, 1):soup('onion', 2, 0)","(3, 0):soup('onion', 3, 20);(4, 1):soup('onion', 2, 0)"
206,5,interact,"(3, 1)","(0, -1)",,"(1, 2)","(-1, 0)",,"(3, 0):soup('onion', 3, 20);(4, 1):soup('onion', 2, 0)","(3, 0):soup('onion', 3, 20);(4, 1):soup('onion', 2, 0)",20.0,32.0,3,"(-1, 0)",0.0,0.0,0.0,0.0,20.0,32.0,False,"(3, 1)",,"(1, 2)",,"(3, 0):soup('onion', 3, 20);(4, 1):soup('onion', 2, 0)","(3, 0):soup('onion', 3, 20);(4, 1):soup('onion', 2, 0)"
207,5,interact,"(3, 1)","(0, -1)",,"(1, 2)","(-1, 0)",,"(3, 0):soup('onion', 3, 20);(4, 1):soup('onion', 2, 0)","(3, 0):soup('onion', 3, 20);(4, 1):soup('onion', 2, 0)",20.0,32.0,3,"(-1, 0)",0.0,0.0,0.0,0.0,20.0,32.0,False,"(3, 1)",,"(1, 2)",,"(3, 0):soup('onion', 3, 20);(4, 1):soup('onion', 2, 0)","(3, 0):soup('onion', 3, 20);(4, 1):soup('onion', 2, 0)"
208,5,interact,"(3, 1)","(0, -1)",,"(1, 2)","(-1, 0)",,"(3, 0):soup('onion', 3, 20);(4, 1):soup('onion', 2, 0)","(3, 0):soup('onion', 3, 20);(4, 1):soup('onion', 2, 0)",20.0,32.0,3,"(-1, 0)",0.0,0.0,0.0,0.0,20.0,32.0,False,"(3, 1)",,"(1, 2)",,"(3, 0):soup('onion', 3, 20);(4, 1):soup('onion', 2, 0)","(3, 0):soup('onion', 3, 20);(4, 1):soup('onion', 2, 0)"
209,5,interact,"(3, 1)","(0, -1)",,"(1, 2)","(-1, 0)",,"(3, 0):soup('onion', 3, 20);(4, 1):soup('onion', 2, 0)","(3, 0):soup('onion', 3, 20);(4, 1):soup('onion', 2, 0)",20.0,32.0,3,"(-1, 0)",0.0,0.0,0.0,0.0,20.0,32.0,False,"(3, 1)",,"(1, 2)",,"(3, 0):soup('onion', 3, 20);(4, 1):soup('onion', 2, 0)","(3, 0):soup('onion', 3, 20);(4, 1):soup('onion', 2, 0)"
210,5,interact,"(3, 1)","(0, -1)",,"(1, 2)","(-1, 0)",,"(3, 0):soup('onion', 3, 20);(4, 1):soup('onion', 2, 0)","(3, 0):soup('onion', 3, 20);(4, 1):soup('onion', 2, 0)",20.0,32.0,3,"(-1, 0)",0.0,0.0,0.0,0.0,20.0,32.0,False,"(3, 1)",,"(1, 2)",,"(3, 0):soup('onion', 3, 20);(4, 1):soup('onion', 2, 0)","(3, 0):soup('onion', 3, 20);(4, 1):soup('onion', 2, 0)"
211,5,interact,"(3, 1)","(0, -1)",,"(1, 2)","(-1, 0)",,"(3, 0):soup('onion', 3, 20);(4, 1):soup('onion', 2, 0)","(3, 0):soup('onion', 3, 20);(4, 1):soup('onion', 2, 0)",20.0,32.0,3,"(-1, 0)",0.0,0.0,0.0,0.0,20.0,32.0,False,"(3, 1)",,"(1, 2)",,"(3, 0):soup('onion', 3, 20);(4, 1):soup('onion', 2, 0)","(3, 0):soup('onion', 3, 20);(4, 1):soup('onion', 2, 0)"
212,5,interact,"(3, 1)","(0, -1)",,"(1, 2)","(-1, 0)",,"(3, 0):soup('onion', 3, 20);(4, 1):soup('onion', 2, 0)","(3, 0):soup('onion', 3, 20);(4, 1):soup('onion', 2, 0)",20.0,32.0,3,"(-1, 0)",0.0,0.0,0.0,0.0,20.0,32.0,False,"(3, 1)",,"(1, 2)",,"(3, 0):soup('onion', 3, 20);(4, 1):soup('onion', 2, 0)","(3, 0):soup('onion', 3, 20);(4, 1):soup('onion', 2, 0)"
213,5,interact,"(3, 1)","(0, -1)",,"(1, 2)","(-1, 0)",,"(3, 0):soup('onion', 3, 20);(4, 1):soup('onion', 2, 0)","(3, 0):soup('onion', 3, 20);(4, 1):soup('onion', 2, 0)",20.0,32.0,3,"(-1, 0)",0.0,0.0,0.0,0.0,20.0,32.0,False,"(3, 1)",,"(1, 2)",,"(3, 0):soup('onion', 3, 20);(4, 1):soup('onion', 2, 0)","(3, 0):soup('onion', 3, 20);(4, 1):soup('onion', 2, 0)"
214,5,interact,"(3, 1)","(0, -1)",,"(1, 2)","(-1, 0)",,"(3, 0):soup('onion', 3, 20);(4, 1):soup('onion', 2, 0)","(3, 0):soup('onion', 3, 20);(4, 1):soup('onion', 2, 0)",20.0,32.0,3,"(-1, 0)",0.0,0.0,0.0,0.0,20.0,32.0,False,"(3, 1)",,"(1, 2)",,"(3, 0):soup('onion', 3, 20);(4, 1):soup('onion', 2, 0)","(3, 0):soup('onion', 3, 20);(4, 1):soup('onion', 2, 0)"
215,5,interact,"(3, 1)","(0, -1)",,"(1, 2)","(-1, 0)",,"(3, 0):soup('onion', 3, 20);(4, 1):soup('onion', 2, 0)","(3, 0):soup('onion', 3, 20);(4, 1):soup('onion', 2, 0)",20.0,32.0,3,"(-1, 0)",0.0,0.0,0.0,0.0,20.0,32.0,False,"(3, 1)",,"(1, 2)",,"(3, 0):soup('onion', 3, 20);(4, 1):soup('onion', 2, 0)","(3, 0):soup('onion', 3, 20);(4, 1):soup('onion', 2, 0)"
216,5,interact,"(3, 1)","(0, -1)",,"(1, 2)","(-1, 0)",,"(3, 0):soup('onion', 3, 20);(4, 1):soup('onion', 2, 0)","(3, 0):soup('onion', 3, 20);(4, 1):soup('onion', 2, 0)",20.0,32.0,3,"(-1, 0)",0.0,0.0,0.0,0.0,20.0,32.0,False,"(3, 1)",,"(1, 2)",,"(3, 0):soup('onion', 3, 20);(4, 1):soup('onion', 2, 0)","(3, 0):soup('onion', 3, 20);(4, 1):soup('onion', 2, 0)"
217,5,interact,"(3, 1)","(0, -1)",,"(1, 2)","(-1, 0)",,"(3, 0):soup('onion', 3, 20);(4, 1):soup('onion', 2, 0)","(3, 0):soup('onion', 3, 20);(4, 1):soup('onion', 2, 0)",20.0,32.0,3,"(-1, 0)",0.0,0.0,0.0,0.0,20.0,32.0,False,"(3, 1)",,"(1, 2)",,"(3, 0):soup('onion', 3, 20);(4, 1):soup('onion', 2, 0)","(3, 0):soup('onion', 3, 20);(4, 1):soup('onion', 2, 0)"
218,5,interact,"(3, 1)","(0, -1)",,"(1, 2)","(-1, 0)",,"(3, 0):soup('onion', 3, 20);(4, 1):soup('onion', 2, 0)","(3, 0):soup('onion', 3, 20);(4, 1):soup('onion', 2, 0)",20.0,32.0,3,"(-1, 0)",0.0,0.0,0.0,0.0,20.0,32.0,False,"(3, 1)",,"(1, 2)",,"(3, 0):soup('onion', 3, 20);(4, 1):soup('onion', 2, 0)","(3, 0):soup('onion', 3, 20);(4, 1):soup('onion', 2, 0)"
219,5,interact,"(3, 1)","(0, -1)",,"(1, 2)","(-1, 0)",,"(3, 0):soup('onion', 3, 20);(4, 1):soup('onion', 2, 0)","(3, 0):soup('onion', 3, 20);(4, 1):soup('onion', 2, 0)",20.0,32.0,3,"(-1, 0)",0.0,0.0,0.0,0.0,20.0,32.0,False,"(3, 1)",,"(1, 2)",,"(3, 0):soup('onion', 3, 20);(4, 1):soup('onion', 2, 0)","(3, 0):soup('onion', 3, 20);(4, 1):soup('onion', 2, 0)"
220,5,interact,"(3, 1)","(0, -1)",,"(1, 2)","(-1, 0)",,"(3, 0):soup('onion', 3, 20);(4, 1):soup('onion', 2, 0)","(3, 0):soup('onion', 3, 20);(4, 1):soup('onion', 2, 0)",20.0,32.0,3,"(-1, 0)",0.0,0.0,0.0,0.0,20.0,32.0,False,"(3, 1)",,"(1, 2)",,"(3, 0):soup('onion', 3, 20);(4, 1):soup('onion', 2, 0)","(3, 0):soup('onion', 3, 20);(4, 1):soup('onion', 2, 0)"
221,5,interact,"(3, 1)","(0, -1)",,"(1, 2)","(-1, 0)",,"(3, 0):soup('onion', 3, 20);(4, 1):soup('onion', 2, 0)","(3, 0):soup('onion', 3, 20);(4, 1):soup('onion', 2, 0)",20.0,32.0,3,"(-1, 0)",0.0,0.0,0.0,0.0,20.0,32.0,False,"(3, 1)",,"(1, 2)",,"(3, 0):soup('onion', 3, 20);(4, 1):soup('onion', 2, 0)","(3, 0):soup('onion', 3, 20);(4, 1):soup('onion', 2, 0)"
222,5,interact,"(3, 1)","(0, -1)",,"(1, 2)","(-1, 0)",,"(3, 0):soup('onion', 3, 20);(4, 1):soup('onion', 2, 0)","(3, 0):soup('onion', 3, 20);(4, 1):soup('onion', 2, 0)",20.0,32.0,3,"(-1, 0)",0.0,0.0,0.0,0.0,20.0,32.0,False,"(3, 1)",,"(1, 2)",,"(3, 0):soup('onion', 3, 20);(4, 1):soup('onion', 2, 0)","(3, 0):soup('onion', 3, 20);(4, 1):soup('onion', 2, 0)"
223,5,interact,"(3, 1)","(0, -1)",,"(1, 2)","(-1, 0)",,"(3, 0):soup('onion', 3, 20);(4, 1):soup('onion', 2, 0)","(3, 0):soup('onion', 3, 20);(4, 1):soup('onion', 2, 0)",20.0,32.0,3,"(-1, 0)",0.0,0.0,0.0,0.0,20.0,32.0,False,"(3, 1)",,"(1, 2)",,"(3, 0):soup('onion', 3, 20);(4, 1):soup('onion', 2, 0)","(3, 0):soup('onion', 3, 20);(4, 1):soup('onion', 2, 0)"
224,5,interact,"(3, 1)","(0, -1)",,"(1, 2)","(-1, 0)",,"(3, 0):soup('onion', 3, 20);(4, 1):soup('onion', 2, 0)","(3, 0):soup('onion', 3, 20);(4, 1):soup('onion', 2, 0)",20.0,32.0,3,"(-1, 0)",0.0,0.0,0.0,0.0,20.0,32.0,False,"(3, 1)",,"(1, 2)",,"(3, 0):soup('onion', 3, 20);(4, 1):soup('onion', 2, 0)","(3, 0):soup('onion', 3, 20);(4, 1):soup('onion', 2, 0)"
225,5,interact,"(3, 1)","(0, -1)",,"(1, 2)","(-1, 0)",,"(3, 0):soup('onion', 3, 20);(4, 1):soup('onion', 2, 0)","(3, 0):soup('onion', 3, 20);(4, 1):soup('onion', 2, 0)",20.0,32.0,3,"(-1, 0)",0.0,0.0,0.0,0.0,20.0,32.0,False,"(3, 1)",,"(1, 2)",,"(3, 0):soup('onion', 3, 20);(4, 1):soup('onion', 2, 0)","(3, 0):soup('onion', 3, 20);(4, 1):soup('onion', 2, 0)"
226,5,interact,"(3, 1)","(0, -1)",,"(1, 2)","(-1, 0)",,"(3, 0):soup('onion', 3, 20);(4, 1):soup('onion', 2, 0)","(3, 0):soup('onion', 3, 20);(4, 1):soup('onion', 2, 0)",20.0,32.0,3,"(-1, 0)",0.0,0.0,0.0,0.0,20.0,32.0,False,"(3, 1)",,"(1, 2)",,"(3, 0):soup('onion', 3, 20);(4, 1):soup('onion', 2, 0)","(3, 0):soup('onion', 3, 20);(4, 1):soup('onion', 2, 0)"
227,5,interact,"(3, 1)","(0, -1)",,"(1, 2)","(-1, 0)",,"(3, 0):soup('onion', 3, 20);(4, 1):soup('onion', 2, 0)","(3, 0):soup('onion', 3, 20);(4, 1):soup('onion', 2, 0)",20.0,32.0,3,"(-1, 0)",0.0,0.0,0.0,0.0,20.0,32.0,False,"(3, 1)",,"(1, 2)",,"(3, 0):soup('onion', 3, 20);(4, 1):soup('onion', 2, 0)","(3, 0):soup('onion', 3, 20);(4, 1):soup('onion', 2, 0)"
228,5,interact,"(3, 1)","(0, -1)",,"(1, 2)","(-1, 0)",,"(3, 0):soup('onion', 3, 20);(4, 1):soup('onion', 2, 0)","(3, 0):soup('onion', 3, 20);(4, 1):soup('onion', 2, 0)",20.0,32.0,3,"(-1, 0)",0.0,0.0,0.0,0.0,20.0,32.0,False,"(3, 1)",,"(1, 2)",,"(3, 0):soup('onion', 3, 20);(4, 1):soup('onion', 2, 0)","(3, 0):soup('onion', 3, 20);(4, 1):soup('onion', 2, 0)"
229,5,interact,"(3, 1)","(0, -1)",,"(1, 2)","(-1, 0)",,"(3, 0):soup('onion', 3, 20);(4, 1):soup('onion', 2, 0)","(3, 0):soup('onion', 3, 20);(4, 1):soup('onion', 2, 0)",20.0,32.0,3,"(-1, 0)",0.0,0.0,0.0,0.0,20.0,32.0,False,"(3, 1)",,"(1, 2)",,"(3, 0):soup('onion', 3, 20);(4, 1):soup('onion', 2, 0)","(3, 0):soup('onion', 3, 20);(4, 1):soup('onion', 2, 0)"
230,5,interact,"(3, 1)","(0, -1)",,"(1, 2)","(-1, 0)",,"(3, 0):soup('onion', 3, 20);(4, 1):soup('onion', 2, 0)","(3, 0):soup('onion', 3, 20);(4, 1):soup('onion', 2, 0)",20.0,32.0,3,"(-1, 0)",0.0,0.0,0.0,0.0,20.0,32.0,False,"(3, 1)",,"(1, 2)",,"(3, 0):soup('onion', 3, 20);(4, 1):soup('onion', 2, 0)","(3, 0):soup('onion', 3, 20);(4, 1):soup('onion', 2, 0)"
231,5,interact,"(3, 1)","(0, -1)",,"(1, 2)","(-1, 0)",,"(3, 0):soup('onion', 3, 20);(4, 1):soup('onion', 2, 0)","(3, 0):soup('onion', 3, 20);(4, 1):soup('onion', 2, 0)",20.0,32.0,3,"(-1, 0)",0.0,0.0,0.0,0.0,20.0,32.0,False,"(3, 1)",,"(1, 2)",,"(3, 0):soup('onion', 3, 20);(4, 1):soup('onion', 2, 0)","(3, 0):soup('onion', 3, 20);(4, 1):soup('onion', 2, 0)"
232,5,interact,"(3, 1)","(0, -1)",,"(1, 2)","(-1, 0)",,"(3, 0):soup('onion', 3, 20);(4, 1):soup('onion', 2, 0)","(3, 0):soup('onion', 3, 20);(4, 1):soup('onion', 2, 0)",20.0,32.0,3,"(-1, 0)",0.0,0.0,0.0,0.0,20.0,32.0,False,"(3, 1)",,"(1, 2)",,"(3, 0):soup('onion', 3, 20);(4, 1):soup('onion', 2, 0)","(3, 0):soup('onion', 3, 20);(4, 1):soup('onion', 2, 0)"
233,5,interact,"(3, 1)","(0, -1)",,"(1, 2)","(-1, 0)",,"(3, 0):soup('onion', 3, 20);(4, 1):soup('onion', 2, 0)","(3, 0):soup('onion', 3, 20);(4, 1):soup('onion', 2, 0)",20.0,32.0,3,"(-1, 0)",0.0,0.0,0.0,0.0,20.0,32.0,False,"(3, 1)",,"(1, 2)",,"(3, 0):soup('onion', 3, 20);(4, 1):soup('onion', 2, 0)","(3, 0):soup('onion', 3, 20);(4, 1):soup('onion', 2, 0)"
234,5,interact,"(3, 1)","(0, -1)",,"(1, 2)","(-1, 0)",,"(3, 0):soup('onion', 3, 20);(4, 1):soup('onion', 2, 0)","(3, 0):soup('onion', 3, 20);(4, 1):soup('onion', 2, 0)",20.0,32.0,3,"(-1, 0)",0.0,0.0,0.0,0.0,20.0,32.0,False,"(3, 1)",,"(1, 2)",,"(3, 0):soup('onion', 3, 20);(4, 1):soup('onion', 2, 0)","(3, 0):soup('onion', 3, 20);(4, 1):soup('onion', 2, 0)"
235,5,interact,"(3, 1)","(0, -1)",,"(1, 2)","(-1, 0)",,"(3, 0):soup('onion', 3, 20);(4, 1):soup('onion', 2, 0)","(3, 0):soup('onion', 3, 20);(4, 1):soup('onion', 2, 0)",20.0,32.0,3,"(-1, 0)",0.0,0.0,0.0,0.0,20.0,32.0,False,"(3, 1)",,"(1, 2)",,"(3, 0):soup('onion', 3, 20);(4, 1):soup('onion', 2, 0)","(3, 0):soup('onion', 3, 20);(4, 1):soup('onion', 2, 0)"
236,5,interact,"(3, 1)","(0, -1)",,"(1, 2)","(-1, 0)",,"(3, 0):soup('onion', 3, 20);(4, 1):soup('onion', 2, 0)","(3, 0):soup('onion', 3, 20);(4, 1):soup('onion', 2, 0)",20.0,32.0,3,"(-1, 0)",0.0,0.0,0.0,0.0,20.0,32.0,False,"(3, 1)",,"(1, 2)",,"(3, 0):soup('onion', 3, 20);(4, 1):soup('onion', 2, 0)","(3, 0):soup('onion', 3, 20);(4, 1):soup('onion', 2, 0)"
237,5,interact,"(3, 1)","(0, -1)",,"(1, 2)","(-1, 0)",,"(3, 0):soup('onion', 3, 20);(4, 1):soup('onion', 2, 0)","(3, 0):soup('onion', 3, 20);(4, 1):soup('onion', 2, 0)",20.0,32.0,3,"(-1, 0)",0.0,0.0,0.0,0.0,20.0,32.0,False,"(3, 1)",,"(1, 2)",,"(3, 0):soup('onion', 3, 20);(4, 1):soup('onion', 2, 0)","(3, 0):soup('onion', 3, 20);(4, 1):soup('onion', 2, 0)"
238,5,interact,"(3, 1)","(0, -1)",,"(1, 2)","(-1, 0)",,"(3, 0):soup('onion', 3, 20);(4, 1):soup('onion', 2, 0)","(3, 0):soup('onion', 3, 20);(4, 1):soup('onion', 2, 0)",20.0,32.0,3,"(-1, 0)",0.0,0.0,0.0,0.0,20.0,32.0,False,"(3, 1)",,"(1, 2)",,"(3, 0):soup('onion', 3, 20);(4, 1):soup('onion', 2, 0)","(3, 0):soup('onion', 3, 20);(4, 1):soup('onion', 2, 0)"
239,5,interact,"(3, 1)","(0, -1)",,"(1, 2)","(-1, 0)",,"(3, 0):soup('onion', 3, 20);(4, 1):soup('onion', 2, 0)","(3, 0):soup('onion', 3, 20);(4, 1):soup('onion', 2, 0)",20.0,32.0,3,"(-1, 0)",0.0,0.0,0.0,0.0,20.0,32.0,False,"(3, 1)",,"(1, 2)",,"(3, 0):soup('onion', 3, 20);(4, 1):soup('onion', 2, 0)","(3, 0):soup('onion', 3, 20);(4, 1):soup('onion', 2, 0)"
240,5,interact,"(3, 1)","(0, -1)",,"(1, 2)","(-1, 0)",,"(3, 0):soup('onion', 3, 20);(4, 1):soup('onion', 2, 0)","(3, 0):soup('onion', 3, 20);(4, 1):soup('onion', 2, 0)",20.0,32.0,3,"(-1, 0)",0.0,0.0,0.0,0.0,20.0,32.0,False,"(3, 1)",,"(1, 2)",,"(3, 0):soup('onion', 3, 20);(4, 1):soup('onion', 2, 0)","(3, 0):soup('onion', 3, 20);(4, 1):soup('onion', 2, 0)"
241,5,interact,"(3, 1)","(0, -1)",,"(1, 2)","(-1, 0)",,"(3, 0):soup('onion', 3, 20);(4, 1):soup('onion', 2, 0)","(3, 0):soup('onion', 3, 20);(4, 1):soup('onion', 2, 0)",20.0,32.0,3,"(-1, 0)",0.0,0.0,0.0,0.0,20.0,32.0,False,"(3, 1)",,"(1, 2)",,"(3, 0):soup('onion', 3, 20);(4, 1):soup('onion', 2, 0)","(3, 0):soup('onion', 3, 20);(4, 1):soup('onion', 2, 0)"
242,5,interact,"(3, 1)","(0, -1)",,"(1, 2)","(-1, 0)",,"(3, 0):soup('onion', 3, 20);(4, 1):soup('onion', 2, 0)","(3, 0):soup('onion', 3, 20);(4, 1):soup('onion', 2, 0)",20.0,32.0,3,"(-1, 0)",0.0,0.0,0.0,0.0,20.0,32.0,False,"(3, 1)",,"(1, 2)",,"(3, 0):soup('onion', 3, 20);(4, 1):soup('onion', 2, 0)","(3, 0):soup('onion', 3, 20);(4, 1):soup('onion', 2, 0)"
243,5,interact,"(3, 1)","(0, -1)",,"(1, 2)","(-1, 0)",,"(3, 0):soup('onion', 3, 20);(4, 1):soup('onion', 2, 0)","(3, 0):soup('onion', 3, 20);(4, 1):soup('onion', 2, 0)",20.0,32.0,3,"(-1, 0)",0.0,0.0,0.0,0.0,20.0,32.0,False,"(3, 1)",,"(1, 2)",,"(3, 0):soup('onion', 3, 20);(4, 1):soup('onion', 2, 0)","(3, 0):soup('onion', 3, 20);(4, 1):soup('onion', 2, 0)"
244,5,interact,"(3, 1)","(0, -1)",,"(1, 2)","(-1, 0)",,"(3, 0):soup('onion', 3, 20);(4, 1):soup('onion', 2, 0)","(3, 0):soup('onion', 3, 20);(4, 1):soup('onion', 2, 0)",20.0,32.0,3,"(-1, 0)",0.0,0.0,0.0,0.0,20.0,32.0,False,"(3, 1)",,"(1, 2)",,"(3, 0):soup('onion', 3, 20);(4, 1):soup('onion', 2, 0)","(3, 0):soup('onion', 3, 20);(4, 1):soup('onion', 2, 0)"
245,5,interact,"(3, 1)","(0, -1)",,"(1, 2)","(-1, 0)",,"(3, 0):soup('onion', 3, 20);(4, 1):soup('onion', 2, 0)","(3, 0):soup('onion', 3, 20);(4, 1):soup('onion', 2, 0)",20.0,32.0,3,"(-1, 0)",0.0,0.0,0.0,0.0,20.0,32.0,False,"(3, 1)",,"(1, 2)",,"(3, 0):soup('onion', 3, 20);(4, 1):soup('onion', 2, 0)","(3, 0):soup('onion', 3, 20);(4, 1):soup('onion', 2, 0)"
246,5,interact,"(3, 1)","(0, -1)",,"(1, 2)","(-1, 0)",,"(3, 0):soup('onion', 3, 20);(4, 1):soup('onion', 2, 0)","(3, 0):soup('onion', 3, 20);(4, 1):soup('onion', 2, 0)",20.0,32.0,3,"(-1, 0)",0.0,0.0,0.0,0.0,20.0,32.0,False,"(3, 1)",,"(1, 2)",,"(3, 0):soup('onion', 3, 20);(4, 1):soup('onion', 2, 0)","(3, 0):soup('onion', 3, 20);(4, 1):soup('onion', 2, 0)"
247,5,interact,"(3, 1)","(0, -1)",,"(1, 2)","(-1, 0)",,"(3, 0):soup('onion', 3, 20);(4, 1):soup('onion', 2, 0)","(3, 0):soup('onion', 3, 20);(4, 1):soup('onion', 2, 0)",20.0,32.0,3,"(-1, 0)",0.0,0.0,0.0,0.0,20.0,32.0,False,"(3, 1)",,"(1, 2)",,"(3, 0):soup('onion', 3, 20);(4, 1):soup('onion', 2, 0)","(3, 0):soup('onion', 3, 20);(4, 1):soup('onion', 2, 0)"
248,5,interact,"(3, 1)","(0, -1)",,"(1, 2)","(-1, 0)",,"(3, 0):soup('onion', 3, 20);(4, 1):soup('onion', 2, 0)","(3, 0):soup('onion', 3, 20);(4, 1):soup('onion', 2, 0)",20.0,32.0,3,"(-1, 0)",0.0,0.0,0.0,0.0,20.0,32.0,False,"(3, 1)",,"(1, 2)",,"(3, 0):soup('onion', 3, 20);(4, 1):soup('onion', 2, 0)","(3, 0):soup('onion', 3, 20);(4, 1):soup('onion', 2, 0)"
249,5,interact,"(3, 1)","(0, -1)",,"(1, 2)","(-1, 0)",,"(3, 0):soup('onion', 3, 20);(4, 1):soup('onion', 2, 0)","(3, 0):soup('onion', 3, 20);(4, 1):soup('onion', 2, 0)",20.0,32.0,3,"(-1, 0)",0.0,0.0,0.0,0.0,20.0,32.0,False,"(3, 1)",,"(1, 2)",,"(3, 0):soup('onion', 3, 20);(4, 1):soup('onion', 2, 0)","(3, 0):soup('onion', 3, 20);(4, 1):soup('onion', 2, 0)"
250,5,interact,"(3, 1)","(0, -1)",,"(1, 2)","(-1, 0)",,"(3, 0):soup('onion', 3, 20);(4, 1):soup('onion', 2, 0)","(3, 0):soup('onion', 3, 20);(4, 1):soup('onion', 2, 0)",20.0,32.0,3,"(-1, 0)",0.0,0.0,0.0,0.0,20.0,32.0,False,"(3, 1)",,"(1, 2)",,"(3, 0):soup('onion', 3, 20);(4, 1):soup('onion', 2, 0)","(3, 0):soup('onion', 3, 20);(4, 1):soup('onion', 2, 0)"
251,5,interact,"(3, 1)","(0, -1)",,"(1, 2)","(-1, 0)",,"(3, 0):soup('onion', 3, 20);(4, 1):soup('onion', 2, 0)","(3, 0):soup('onion', 3, 20);(4, 1):soup('onion', 2, 0)",20.0,32.0,3,"(-1, 0)",0.0,0.0,0.0,0.0,20.0,32.0,False,"(3, 1)",,"(1, 2)",,"(3, 0):soup('onion', 3, 20);(4, 1):soup('onion', 2, 0)","(3, 0):soup('onion', 3, 20);(4, 1):soup('onion', 2, 0)"
252,5,interact,"(3, 1)","(0, -1)",,"(1, 2)","(-1, 0)",,"(3, 0):soup('onion', 3, 20);(4, 1):soup('onion', 2, 0)","(3, 0):soup('onion', 3, 20);(4, 1):soup('onion', 2, 0)",20.0,32.0,3,"(-1, 0)",0.0,0.0,0.0,0.0,20.0,32.0,False,"(3, 1)",,"(1, 2)",,"(3, 0):soup('onion', 3, 20);(4, 1):soup('onion', 2, 0)","(3, 0):soup('onion', 3, 20);(4, 1):soup('onion', 2, 0)"
253,5,interact,"(3, 1)","(0, -1)",,"(1, 2)","(-1, 0)",,"(3, 0):soup('onion', 3, 20);(4, 1):soup('onion', 2, 0)","(3, 0):soup('onion', 3, 20);(4, 1):soup('onion', 2, 0)",20.0,32.0,3,"(-1, 0)",0.0,0.0,0.0,0.0,20.0,32.0,False,"(3, 1)",,"(1, 2)",,"(3, 0):soup('onion', 3, 20);(4, 1):soup('onion', 2, 0)","(3, 0):soup('onion', 3, 20);(4, 1):soup('onion', 2, 0)"
254,5,interact,"(3, 1)","(0, -1)",,"(1, 2)","(-1, 0)",,"(3, 0):soup('onion', 3, 20);(4, 1):soup('onion', 2, 0)","(3, 0):soup('onion', 3, 20);(4, 1):soup('onion', 2, 0)",20.0,32.0,3,"(-1, 0)",0.0,0.0,0.0,0.0,20.0,32.0,False,"(3, 1)",,"(1, 2)",,"(3, 0):soup('onion', 3, 20);(4, 1):soup('onion', 2, 0)","(3, 0):soup('onion', 3, 20);(4, 1):soup('onion', 2, 0)"
255,5,interact,"(3, 1)","(0, -1)",,"(1, 2)","(-1, 0)",,"(3, 0):soup('onion', 3, 20);(4, 1):soup('onion', 2, 0)","(3, 0):soup('onion', 3, 20);(4, 1):soup('onion', 2, 0)",20.0,32.0,3,"(-1, 0)",0.0,0.0,0.0,0.0,20.0,32.0,False,"(3, 1)",,"(1, 2)",,"(3, 0):soup('onion', 3, 20);(4, 1):soup('onion', 2, 0)","(3, 0):soup('onion', 3, 20);(4, 1):soup('onion', 2, 0)"
256,5,interact,"(3, 1)","(0, -1)",,"(1, 2)","(-1, 0)",,"(3, 0):soup('onion', 3, 20);(4, 1):soup('onion', 2, 0)","(3, 0):soup('onion', 3, 20);(4, 1):soup('onion', 2, 0)",20.0,32.0,3,"(-1, 0)",0.0,0.0,0.0,0.0,20.0,32.0,False,"(3, 1)",,"(1, 2)",,"(3, 0):soup('onion', 3, 20);(4, 1):soup('onion', 2, 0)","(3, 0):soup('onion', 3, 20);(4, 1):soup('onion', 2, 0)"
257,5,interact,"(3, 1)","(0, -1)",,"(1, 2)","(-1, 0)",,"(3, 0):soup('onion', 3, 20);(4, 1):soup('onion', 2, 0)","(3, 0):soup('onion', 3, 20);(4, 1):soup('onion', 2, 0)",20.0,32.0,3,"(-1, 0)",0.0,0.0,0.0,0.0,20.0,32.0,False,"(3, 1)",,"(1, 2)",,"(3, 0):soup('onion', 3, 20);(4, 1):soup('onion', 2, 0)","(3, 0):soup('onion', 3, 20);(4, 1):soup('onion', 2, 0)"
258,5,interact,"(3, 1)","(0, -1)",,"(1, 2)","(-1, 0)",,"(3, 0):soup('onion', 3, 20);(4, 1):soup('onion', 2, 0)","(3, 0):soup('onion', 3, 20);(4, 1):soup('onion', 2, 0)",20.0,32.0,3,"(-1, 0)",0.0,0.0,0.0,0.0,20.0,32.0,False,"(3, 1)",,"(1, 2)",,"(3, 0):soup('onion', 3, 20);(4, 1):soup('onion', 2, 0)","(3, 0):soup('onion', 3, 20);(4, 1):soup('onion', 2, 0)"
259,5,interact,"(3, 1)","(0, -1)",,"(1, 2)","(-1, 0)",,"(3, 0):soup('onion', 3, 20);(4, 1):soup('onion', 2, 0)","(3, 0):soup('onion', 3, 20);(4, 1):soup('onion', 2, 0)",20.0,32.0,3,"(-1, 0)",0.0,0.0,0.0,0.0,20.0,32.0,False,"(3, 1)",,"(1, 2)",,"(3, 0):soup('onion', 3, 20);(4, 1):soup('onion', 2, 0)","(3, 0):soup('onion', 3, 20);(4, 1):soup('onion', 2, 0)"
260,5,interact,"(3, 1)","(0, -1)",,"(1, 2)","(-1, 0)",,"(3, 0):soup('onion', 3, 20);(4, 1):soup('onion', 2, 0)","(3, 0):soup('onion', 3, 20);(4, 1):soup('onion', 2, 0)",20.0,32.0,3,"(-1, 0)",0.0,0.0,0.0,0.0,20.0,32.0,False,"(3, 1)",,"(1, 2)",,"(3, 0):soup('onion', 3, 20);(4, 1):soup('onion', 2, 0)","(3, 0):soup('onion', 3, 20);(4, 1):soup('onion', 2, 0)"
261,5,interact,"(3, 1)","(0, -1)",,"(1, 2)","(-1, 0)",,"(3, 0):soup('onion', 3, 20);(4, 1):soup('onion', 2, 0)","(3, 0):soup('onion', 3, 20);(4, 1):soup('onion', 2, 0)",20.0,32.0,3,"(-1, 0)",0.0,0.0,0.0,0.0,20.0,32.0,False,"(3, 1)",,"(1, 2)",,"(3, 0):soup('onion', 3, 20);(4, 1):soup('onion', 2, 0)","(3, 0):soup('onion', 3, 20);(4, 1):soup('onion', 2, 0)"
262,5,interact,"(3, 1)","(0, -1)",,"(1, 2)","(-1, 0)",,"(3, 0):soup('onion', 3, 20);(4, 1):soup('onion', 2, 0)","(3, 0):soup('onion', 3, 20);(4, 1):soup('onion', 2, 0)",20.0,32.0,3,"(-1, 0)",0.0,0.0,0.0,0.0,20.0,32.0,False,"(3, 1)",,"(1, 2)",,"(3, 0):soup('onion', 3, 20);(4, 1):soup('onion', 2, 0)","(3, 0):soup('onion', 3, 20);(4, 1):soup('onion', 2, 0)"
263,5,interact,"(3, 1)","(0, -1)",,"(1, 2)","(-1, 0)",,"(3, 0):soup('onion', 3, 20);(4, 1):soup('onion', 2, 0)","(3, 0):soup('onion', 3, 20);(4, 1):soup('onion', 2, 0)",20.0,32.0,3,"(-1, 0)",0.0,0.0,0.0,0.0,20.0,32.0,False,"(3, 1)",,"(1, 2)",,"(3, 0):soup('onion', 3, 20);(4, 1):soup('onion', 2, 0)","(3, 0):soup('onion', 3, 20);(4, 1):soup('onion', 2, 0)"
264,5,interact,"(3, 1)","(0, -1)",,"(1, 2)","(-1, 0)",,"(3, 0):soup('onion', 3, 20);(4, 1):soup('onion', 2, 0)","(3, 0):soup('onion', 3, 20);(4, 1):soup('onion', 2, 0)",20.0,32.0,3,"(-1, 0)",0.0,0.0,0.0,0.0,20.0,32.0,False,"(3, 1)",,"(1, 2)",,"(3, 0):soup('onion', 3, 20);(4, 1):soup('onion', 2, 0)","(3, 0):soup('onion', 3, 20);(4, 1):soup('onion', 2, 0)"
265,5,interact,"(3, 1)","(0, -1)",,"(1, 2)","(-1, 0)",,"(3, 0):soup('onion', 3, 20);(4, 1):soup('onion', 2, 0)","(3, 0):soup('onion', 3, 20);(4, 1):soup('onion', 2, 0)",20.0,32.0,3,"(-1, 0)",0.0,0.0,0.0,0.0,20.0,32.0,False,"(3, 1)",,"(1, 2)",,"(3, 0):soup('onion', 3, 20);(4, 1):soup('onion', 2, 0)","(3, 0):soup('onion', 3, 20);(4, 1):soup('onion', 2, 0)"
266,5,interact,"(3, 1)","(0, -1)",,"(1, 2)","(-1, 0)",,"(3, 0):soup('onion', 3, 20);(4, 1):soup('onion', 2, 0)","(3, 0):soup('onion', 3, 20);(4, 1):soup('onion', 2, 0)",20.0,32.0,3,"(-1, 0)",0.0,0.0,0.0,0.0,20.0,32.0,False,"(3, 1)",,"(1, 2)",,"(3, 0):soup('onion', 3, 20);(4, 1):soup('onion', 2, 0)","(3, 0):soup('onion', 3, 20);(4, 1):soup('onion', 2, 0)"
267,5,interact,"(3, 1)","(0, -1)",,"(1, 2)","(-1, 0)",,"(3, 0):soup('onion', 3, 20);(4, 1):soup('onion', 2, 0)","(3, 0):soup('onion', 3, 20);(4, 1):soup('onion', 2, 0)",20.0,32.0,3,"(-1, 0)",0.0,0.0,0.0,0.0,20.0,32.0,False,"(3, 1)",,"(1, 2)",,"(3, 0):soup('onion', 3, 20);(4, 1):soup('onion', 2, 0)","(3, 0):soup('onion', 3, 20);(4, 1):soup('onion', 2, 0)"
268,5,interact,"(3, 1)","(0, -1)",,"(1, 2)","(-1, 0)",,"(3, 0):soup('onion', 3, 20);(4, 1):soup('onion', 2, 0)","(3, 0):soup('onion', 3, 20);(4, 1):soup('onion', 2, 0)",20.0,32.0,3,"(-1, 0)",0.0,0.0,0.0,0.0,20.0,32.0,False,"(3, 1)",,"(1, 2)",,"(3, 0):soup('onion', 3, 20);(4, 1):soup('onion', 2, 0)","(3, 0):soup('onion', 3, 20);(4, 1):soup('onion', 2, 0)"
269,5,interact,"(3, 1)","(0, -1)",,"(1, 2)","(-1, 0)",,"(3, 0):soup('onion', 3, 20);(4, 1):soup('onion', 2, 0)","(3, 0):soup('onion', 3, 20);(4, 1):soup('onion', 2, 0)",20.0,32.0,3,"(-1, 0)",0.0,0.0,0.0,0.0,20.0,32.0,False,"(3, 1)",,"(1, 2)",,"(3, 0):soup('onion', 3, 20);(4, 1):soup('onion', 2, 0)","(3, 0):soup('onion', 3, 20);(4, 1):soup('onion', 2, 0)"
270,5,interact,"(3, 1)","(0, -1)",,"(1, 2)","(-1, 0)",,"(3, 0):soup('onion', 3, 20);(4, 1):soup('onion', 2, 0)","(3, 0):soup('onion', 3, 20);(4, 1):soup('onion', 2, 0)",20.0,32.0,3,"(-1, 0)",0.0,0.0,0.0,0.0,20.0,32.0,False,"(3, 1)",,"(1, 2)",,"(3, 0):soup('onion', 3, 20);(4, 1):soup('onion', 2, 0)","(3, 0):soup('onion', 3, 20);(4, 1):soup('onion', 2, 0)"
271,5,interact,"(3, 1)","(0, -1)",,"(1, 2)","(-1, 0)",,"(3, 0):soup('onion', 3, 20);(4, 1):soup('onion', 2, 0)","(3, 0):soup('onion', 3, 20);(4, 1):soup('onion', 2, 0)",20.0,32.0,3,"(-1, 0)",0.0,0.0,0.0,0.0,20.0,32.0,False,"(3, 1)",,"(1, 2)",,"(3, 0):soup('onion', 3, 20);(4, 1):soup('onion', 2, 0)","(3, 0):soup('onion', 3, 20);(4, 1):soup('onion', 2, 0)"
272,5,interact,"(3, 1)","(0, -1)",,"(1, 2)","(-1, 0)",,"(3, 0):soup('onion', 3, 20);(4, 1):soup('onion', 2, 0)","(3, 0):soup('onion', 3, 20);(4, 1):soup('onion', 2, 0)",20.0,32.0,3,"(-1, 0)",0.0,0.0,0.0,0.0,20.0,32.0,False,"(3, 1)",,"(1, 2)",,"(3, 0):soup('onion', 3, 20);(4, 1):soup('onion', 2, 0)","(3, 0):soup('onion', 3, 20);(4, 1):soup('onion', 2, 0)"
273,5,interact,"(3, 1)","(0, -1)",,"(1, 2)","(-1, 0)",,"(3, 0):soup('onion', 3, 20);(4, 1):soup('onion', 2, 0)","(3, 0):soup('onion', 3, 20);(4, 1):soup('onion', 2, 0)",20.0,32.0,3,"(-1, 0)",0.0,0.0,0.0,0.0,20.0,32.0,False,"(3, 1)",,"(1, 2)",,"(3, 0):soup('onion', 3, 20);(4, 1):soup('onion', 2, 0)","(3, 0):soup('onion', 3, 20);(4, 1):soup('onion', 2, 0)"
274,5,interact,"(3, 1)","(0, -1)",,"(1, 2)","(-1, 0)",,"(3, 0):soup('onion', 3, 20);(4, 1):soup('onion', 2, 0)","(3, 0):soup('onion', 3, 20);(4, 1):soup('onion', 2, 0)",20.0,32.0,3,"(-1, 0)",0.0,0.0,0.0,0.0,20.0,32.0,False,"(3, 1)",,"(1, 2)",,"(3, 0):soup('onion', 3, 20);(4, 1):soup('onion', 2, 0)","(3, 0):soup('onion', 3, 20);(4, 1):soup('onion', 2, 0)"
275,5,interact,"(3, 1)","(0, -1)",,"(1, 2)","(-1, 0)",,"(3, 0):soup('onion', 3, 20);(4, 1):soup('onion', 2, 0)","(3, 0):soup('onion', 3, 20);(4, 1):soup('onion', 2, 0)",20.0,32.0,3,"(-1, 0)",0.0,0.0,0.0,0.0,20.0,32.0,False,"(3, 1)",,"(1, 2)",,"(3, 0):soup('onion', 3, 20);(4, 1):soup('onion', 2, 0)","(3, 0):soup('onion', 3, 20);(4, 1):soup('onion', 2, 0)"
276,5,interact,"(3, 1)","(0, -1)",,"(1, 2)","(-1, 0)",,"(3, 0):soup('onion', 3, 20);(4, 1):soup('onion', 2, 0)","(3, 0):soup('onion', 3, 20);(4, 1):soup('onion', 2, 0)",20.0,32.0,3,"(-1, 0)",0.0,0.0,0.0,0.0,20.0,32.0,False,"(3, 1)",,"(1, 2)",,"(3, 0):soup('onion', 3, 20);(4, 1):soup('onion', 2, 0)","(3, 0):soup('onion', 3, 20);(4, 1):soup('onion', 2, 0)"
277,5,interact,"(3, 1)","(0, -1)",,"(1, 2)","(-1, 0)",,"(3, 0):soup('onion', 3, 20);(4, 1):soup('onion', 2, 0)","(3, 0):soup('onion', 3, 20);(4, 1):soup('onion', 2, 0)",20.0,32.0,3,"(-1, 0)",0.0,0.0,0.0,0.0,20.0,32.0,False,"(3, 1)",,"(1, 2)",,"(3, 0):soup('onion', 3, 20);(4, 1):soup('onion', 2, 0)","(3, 0):soup('onion', 3, 20);(4, 1):soup('onion', 2, 0)"
278,5,interact,"(3, 1)","(0, -1)",,"(1, 2)","(-1, 0)",,"(3, 0):soup('onion', 3, 20);(4, 1):soup('onion', 2, 0)","(3, 0):soup('onion', 3, 20);(4, 1):soup('onion', 2, 0)",20.0,32.0,3,"(-1, 0)",0.0,0.0,0.0,0.0,20.0,32.0,False,"(3, 1)",,"(1, 2)",,"(3, 0):soup('onion', 3, 20);(4, 1):soup('onion', 2, 0)","(3, 0):soup('onion', 3, 20);(4, 1):soup('onion', 2, 0)"
279,5,interact,"(3, 1)","(0, -1)",,"(1, 2)","(-1, 0)",,"(3, 0):soup('onion', 3, 20);(4, 1):soup('onion', 2, 0)","(3, 0):soup('onion', 3, 20);(4, 1):soup('onion', 2, 0)",20.0,32.0,3,"(-1, 0)",0.0,0.0,0.0,0.0,20.0,32.0,False,"(3, 1)",,"(1, 2)",,"(3, 0):soup('onion', 3, 20);(4, 1):soup('onion', 2, 0)","(3, 0):soup('onion', 3, 20);(4, 1):soup('onion', 2, 0)"
280,5,interact,"(3, 1)","(0, -1)",,"(1, 2)","(-1, 0)",,"(3, 0):soup('onion', 3, 20);(4, 1):soup('onion', 2, 0)","(3, 0):soup('onion', 3, 20);(4, 1):soup('onion', 2, 0)",20.0,32.0,3,"(-1, 0)",0.0,0.0,0.0,0.0,20.0,32.0,False,"(3, 1)",,"(1, 2)",,"(3, 0):soup('onion', 3, 20);(4, 1):soup('onion', 2, 0)","(3, 0):soup('onion', 3, 20);(4, 1):soup('onion', 2, 0)"
281,5,interact,"(3, 1)","(0, -1)",,"(1, 2)","(-1, 0)",,"(3, 0):soup('onion', 3, 20);(4, 1):soup('onion', 2, 0)","(3, 0):soup('onion', 3, 20);(4, 1):soup('onion', 2, 0)",20.0,32.0,3,"(-1, 0)",0.0,0.0,0.0,0.0,20.0,32.0,False,"(3, 1)",,"(1, 2)",,"(3, 0):soup('onion', 3, 20);(4, 1):soup('onion', 2, 0)","(3, 0):soup('onion', 3, 20);(4, 1):soup('onion', 2, 0)"
282,5,interact,"(3, 1)","(0, -1)",,"(1, 2)","(-1, 0)",,"(3, 0):soup('onion', 3, 20);(4, 1):soup('onion', 2, 0)","(3, 0):soup('onion', 3, 20);(4, 1):soup('onion', 2, 0)",20.0,32.0,3,"(-1, 0)",0.0,0.0,0.0,0.0,20.0,32.0,False,"(3, 1)",,"(1, 2)",,"(3, 0):soup('onion', 3, 20);(4, 1):soup('onion', 2, 0)","(3, 0):soup('onion', 3, 20);(4, 1):soup('onion', 2, 0)"
283,5,interact,"(3, 1)","(0, -1)",,"(1, 2)","(-1, 0)",,"(3, 0):soup('onion', 3, 20);(4, 1):soup('onion', 2, 0)","(3, 0):soup('onion', 3, 20);(4, 1):soup('onion', 2, 0)",20.0,32.0,3,"(-1, 0)",0.0,0.0,0.0,0.0,20.0,32.0,False,"(3, 1)",,"(1, 2)",,"(3, 0):soup('onion', 3, 20);(4, 1):soup('onion', 2, 0)","(3, 0):soup('onion', 3, 20);(4, 1):soup('onion', 2, 0)"
284,5,interact,"(3, 1)","(0, -1)",,"(1, 2)","(-1, 0)",,"(3, 0):soup('onion', 3, 20);(4, 1):soup('onion', 2, 0)","(3, 0):soup('onion', 3, 20);(4, 1):soup('onion', 2, 0)",20.0,32.0,3,"(-1, 0)",0.0,0.0,0.0,0.0,20.0,32.0,False,"(3, 1)",,"(1, 2)",,"(3, 0):soup('onion', 3, 20);(4, 1):soup('onion', 2, 0)","(3, 0):soup('onion', 3, 20);(4, 1):soup('onion', 2, 0)"
285,5,interact,"(3, 1)","(0, -1)",,"(1, 2)","(-1, 0)",,"(3, 0):soup('onion', 3, 20);(4, 1):soup('onion', 2, 0)","(3, 0):soup('onion', 3, 20);(4, 1):soup('onion', 2, 0)",20.0,32.0,3,"(-1, 0)",0.0,0.0,0.0,0.0,20.0,32.0,False,"(3, 1)",,"(1, 2)",,"(3, 0):soup('onion', 3, 20);(4, 1):soup('onion', 2, 0)","(3, 0):soup('onion', 3, 20);(4, 1):soup('onion', 2, 0)"
286,5,interact,"(3, 1)","(0, -1)",,"(1, 2)","(-1, 0)",,"(3, 0):soup('onion', 3, 20);(4, 1):soup('onion', 2, 0)","(3, 0):soup('onion', 3, 20);(4, 1):soup('onion', 2, 0)",20.0,32.0,3,"(-1, 0)",0.0,0.0,0.0,0.0,20.0,32.0,False,"(3, 1)",,"(1, 2)",,"(3, 0):soup('onion', 3, 20);(4, 1):soup('onion', 2, 0)","(3, 0):soup('onion', 3, 20);(4, 1):soup('onion', 2, 0)"
287,5,interact,"(3, 1)","(0, -1)",,"(1, 2)","(-1, 0)",,"(3, 0):soup('onion', 3, 20);(4, 1):soup('onion', 2, 0)","(3, 0):soup('onion', 3, 20);(4, 1):soup('onion', 2, 0)",20.0,32.0,3,"(-1, 0)",0.0,0.0,0.0,0.0,20.0,32.0,False,"(3, 1)",,"(1, 2)",,"(3, 0):soup('onion', 3, 20);(4, 1):soup('onion', 2, 0)","(3, 0):soup('onion', 3, 20);(4, 1):soup('onion', 2, 0)"
288,5,interact,"(3, 1)","(0, -1)",,"(1, 2)","(-1, 0)",,"(3, 0):soup('onion', 3, 20);(4, 1):soup('onion', 2, 0)","(3, 0):soup('onion', 3, 20);(4, 1):soup('onion', 2, 0)",20.0,32.0,3,"(-1, 0)",0.0,0.0,0.0,0.0,20.0,32.0,False,"(3, 1)",,"(1, 2)",,"(3, 0):soup('onion', 3, 20);(4, 1):soup('onion', 2, 0)","(3, 0):soup('onion', 3, 20);(4, 1):soup('onion', 2, 0)"
289,5,interact,"(3, 1)","(0, -1)",,"(1, 2)","(-1, 0)",,"(3, 0):soup('onion', 3, 20);(4, 1):soup('onion', 2, 0)","(3, 0):soup('onion', 3, 20);(4, 1):soup('onion', 2, 0)",20.0,32.0,3,"(-1, 0)",0.0,0.0,0.0,0.0,20.0,32.0,False,"(3, 1)",,"(1, 2)",,"(3, 0):soup('onion', 3, 20);(4, 1):soup('onion', 2, 0)","(3, 0):soup('onion', 3, 20);(4, 1):soup('onion', 2, 0)"
290,5,interact,"(3, 1)","(0, -1)",,"(1, 2)","(-1, 0)",,"(3, 0):soup('onion', 3, 20);(4, 1):soup('onion', 2, 0)","(3, 0):soup('onion', 3, 20);(4, 1):soup('onion', 2, 0)",20.0,32.0,3,"(-1, 0)",0.0,0.0,0.0,0.0,20.0,32.0,False,"(3, 1)",,"(1, 2)",,"(3, 0):soup('onion', 3, 20);(4, 1):soup('onion', 2, 0)","(3, 0):soup('onion', 3, 20);(4, 1):soup('onion', 2, 0)"
291,5,interact,"(3, 1)","(0, -1)",,"(1, 2)","(-1, 0)",,"(3, 0):soup('onion', 3, 20);(4, 1):soup('onion', 2, 0)","(3, 0):soup('onion', 3, 20);(4, 1):soup('onion', 2, 0)",20.0,32.0,3,"(-1, 0)",0.0,0.0,0.0,0.0,20.0,32.0,False,"(3, 1)",,"(1, 2)",,"(3, 0):soup('onion', 3, 20);(4, 1):soup('onion', 2, 0)","(3, 0):soup('onion', 3, 20);(4, 1):soup('onion', 2, 0)"
292,5,interact,"(3, 1)","(0, -1)",,"(1, 2)","(-1, 0)",,"(3, 0):soup('onion', 3, 20);(4, 1):soup('onion', 2, 0)","(3, 0):soup('onion', 3, 20);(4, 1):soup('onion', 2, 0)",20.0,32.0,3,"(-1, 0)",0.0,0.0,0.0,0.0,20.0,32.0,False,"(3, 1)",,"(1, 2)",,"(3, 0):soup('onion', 3, 20);(4, 1):soup('onion', 2, 0)","(3, 0):soup('onion', 3, 20);(4, 1):soup('onion', 2, 0)"
293,5,interact,"(3, 1)","(0, -1)",,"(1, 2)","(-1, 0)",,"(3, 0):soup('onion', 3, 20);(4, 1):soup('onion', 2, 0)","(3, 0):soup('onion', 3, 20);(4, 1):soup('onion', 2, 0)",20.0,32.0,3,"(-1, 0)",0.0,0.0,0.0,0.0,20.0,32.0,False,"(3, 1)",,"(1, 2)",,"(3, 0):soup('onion', 3, 20);(4, 1):soup('onion', 2, 0)","(3, 0):soup('onion', 3, 20);(4, 1):soup('onion', 2, 0)"
294,5,interact,"(3, 1)","(0, -1)",,"(1, 2)","(-1, 0)",,"(3, 0):soup('onion', 3, 20);(4, 1):soup('onion', 2, 0)","(3, 0):soup('onion', 3, 20);(4, 1):soup('onion', 2, 0)",20.0,32.0,3,"(-1, 0)",0.0,0.0,0.0,0.0,20.0,32.0,False,"(3, 1)",,"(1, 2)",,"(3, 0):soup('onion', 3, 20);(4, 1):soup('onion', 2, 0)","(3, 0):soup('onion', 3, 20);(4, 1):soup('onion', 2, 0)"
295,5,interact,"(3, 1)","(0, -1)",,"(1, 2)","(-1, 0)",,"(3, 0):soup('onion', 3, 20);(4, 1):soup('onion', 2, 0)","(3, 0):soup('onion', 3, 20);(4, 1):soup('onion', 2, 0)",20.0,32.0,3,"(-1, 0)",0.0,0.0,0.0,0.0,20.0,32.0,False,"(3, 1)",,"(1, 2)",,"(3, 0):soup('onion', 3, 20);(4, 1):soup('onion', 2, 0)","(3, 0):soup('onion', 3, 20);(4, 1):soup('onion', 2, 0)"
296,5,interact,"(3, 1)","(0, -1)",,"(1, 2)","(-1, 0)",,"(3, 0):soup('onion', 3, 20);(4, 1):soup('onion', 2, 0)","(3, 0):soup('onion', 3, 20);(4, 1):soup('onion', 2, 0)",20.0,32.0,3,"(-1, 0)",0.0,0.0,0.0,0.0,20.0,32.0,False,"(3, 1)",,"(1, 2)",,"(3, 0):soup('onion', 3, 20);(4, 1):soup('onion', 2, 0)","(3, 0):soup('onion', 3, 20);(4, 1):soup('onion', 2, 0)"
297,5,interact,"(3, 1)","(0, -1)",,"(1, 2)","(-1, 0)",,"(3, 0):soup('onion', 3, 20);(4, 1):soup('onion', 2, 0)","(3, 0):soup('onion', 3, 20);(4, 1):soup('onion', 2, 0)",20.0,32.0,3,"(-1, 0)",0.0,0.0,0.0,0.0,20.0,32.0,False,"(3, 1)",,"(1, 2)",,"(3, 0):soup('onion', 3, 20);(4, 1):soup('onion', 2, 0)","(3, 0):soup('onion', 3, 20);(4, 1):soup('onion', 2, 0)"
298,5,interact,"(3, 1)","(0, -1)",,"(1, 2)","(-1, 0)",,"(3, 0):soup('onion', 3, 20);(4, 1):soup('onion', 2, 0)","(3, 0):soup('onion', 3, 20);(4, 1):soup('onion', 2, 0)",20.0,32.0,3,"(-1, 0)",0.0,0.0,0.0,0.0,20.0,32.0,False,"(3, 1)",,"(1, 2)",,"(3, 0):soup('onion', 3, 20);(4, 1):soup('onion', 2, 0)","(3, 0):soup('onion', 3, 20);(4, 1):soup('onion', 2, 0)"
299,5,interact,"(3, 1)","(0, -1)",,"(1, 2)","(-1, 0)",,"(3, 0):soup('onion', 3, 20);(4, 1):soup('onion', 2, 0)","(3, 0):soup('onion', 3, 20);(4, 1):soup('onion', 2, 0)",20.0,32.0,3,"(-1, 0)",0.0,0.0,0.0,0.0,20.0,32.0,False,"(3, 1)",,"(1, 2)",,"(3, 0):soup('onion', 3, 20);(4, 1):soup('onion', 2, 0)","(3, 0):soup('onion', 3, 20);(4, 1):soup('onion', 2, 0)"
300,5,interact,"(3, 1)","(0, -1)",,"(1, 2)","(-1, 0)",,"(3, 0):soup('onion', 3, 20);(4, 1):soup('onion', 2, 0)","(3, 0):soup('onion', 3, 20);(4, 1):soup('onion', 2, 0)",20.0,32.0,3,"(-1, 0)",0.0,0.0,0.0,0.0,20.0,32.0,False,"(3, 1)",,"(1, 2)",,"(3, 0):soup('onion', 3, 20);(4, 1):soup('onion', 2, 0)","(3, 0):soup('onion', 3, 20);(4, 1):soup('onion', 2, 0)"
301,5,interact,"(3, 1)","(0, -1)",,"(1, 2)","(-1, 0)",,"(3, 0):soup('onion', 3, 20);(4, 1):soup('onion', 2, 0)","(3, 0):soup('onion', 3, 20);(4, 1):soup('onion', 2, 0)",20.0,32.0,3,"(-1, 0)",0.0,0.0,0.0,0.0,20.0,32.0,False,"(3, 1)",,"(1, 2)",,"(3, 0):soup('onion', 3, 20);(4, 1):soup('onion', 2, 0)","(3, 0):soup('onion', 3, 20);(4, 1):soup('onion', 2, 0)"
302,5,interact,"(3, 1)","(0, -1)",,"(1, 2)","(-1, 0)",,"(3, 0):soup('onion', 3, 20);(4, 1):soup('onion', 2, 0)","(3, 0):soup('onion', 3, 20);(4, 1):soup('onion', 2, 0)",20.0,32.0,3,"(-1, 0)",0.0,0.0,0.0,0.0,20.0,32.0,False,"(3, 1)",,"(1, 2)",,"(3, 0):soup('onion', 3, 20);(4, 1):soup('onion', 2, 0)","(3, 0):soup('onion', 3, 20);(4, 1):soup('onion', 2, 0)"
303,5,interact,"(3, 1)","(0, -1)",,"(1, 2)","(-1, 0)",,"(3, 0):soup('onion', 3, 20);(4, 1):soup('onion', 2, 0)","(3, 0):soup('onion', 3, 20);(4, 1):soup('onion', 2, 0)",20.0,32.0,3,"(-1, 0)",0.0,0.0,0.0,0.0,20.0,32.0,False,"(3, 1)",,"(1, 2)",,"(3, 0):soup('onion', 3, 20);(4, 1):soup('onion', 2, 0)","(3, 0):soup('onion', 3, 20);(4, 1):soup('onion', 2, 0)"
304,5,interact,"(3, 1)","(0, -1)",,"(1, 2)","(-1, 0)",,"(3, 0):soup('onion', 3, 20);(4, 1):soup('onion', 2, 0)","(3, 0):soup('onion', 3, 20);(4, 1):soup('onion', 2, 0)",20.0,32.0,3,"(-1, 0)",0.0,0.0,0.0,0.0,20.0,32.0,False,"(3, 1)",,"(1, 2)",,"(3, 0):soup('onion', 3, 20);(4, 1):soup('onion', 2, 0)","(3, 0):soup('onion', 3, 20);(4, 1):soup('onion', 2, 0)"
305,5,interact,"(3, 1)","(0, -1)",,"(1, 2)","(-1, 0)",,"(3, 0):soup('onion', 3, 20);(4, 1):soup('onion', 2, 0)","(3, 0):soup('onion', 3, 20);(4, 1):soup('onion', 2, 0)",20.0,32.0,3,"(-1, 0)",0.0,0.0,0.0,0.0,20.0,32.0,False,"(3, 1)",,"(1, 2)",,"(3, 0):soup('onion', 3, 20);(4, 1):soup('onion', 2, 0)","(3, 0):soup('onion', 3, 20);(4, 1):soup('onion', 2, 0)"
306,5,interact,"(3, 1)","(0, -1)",,"(1, 2)","(-1, 0)",,"(3, 0):soup('onion', 3, 20);(4, 1):soup('onion', 2, 0)","(3, 0):soup('onion', 3, 20);(4, 1):soup('onion', 2, 0)",20.0,32.0,3,"(-1, 0)",0.0,0.0,0.0,0.0,20.0,32.0,False,"(3, 1)",,"(1, 2)",,"(3, 0):soup('onion', 3, 20);(4, 1):soup('onion', 2, 0)","(3, 0):soup('onion', 3, 20);(4, 1):soup('onion', 2, 0)"
307,5,interact,"(3, 1)","(0, -1)",,"(1, 2)","(-1, 0)",,"(3, 0):soup('onion', 3, 20);(4, 1):soup('onion', 2, 0)","(3, 0):soup('onion', 3, 20);(4, 1):soup('onion', 2, 0)",20.0,32.0,3,"(-1, 0)",0.0,0.0,0.0,0.0,20.0,32.0,False,"(3, 1)",,"(1, 2)",,"(3, 0):soup('onion', 3, 20);(4, 1):soup('onion', 2, 0)","(3, 0):soup('onion', 3, 20);(4, 1):soup('onion', 2, 0)"
308,5,interact,"(3, 1)","(0, -1)",,"(1, 2)","(-1, 0)",,"(3, 0):soup('onion', 3, 20);(4, 1):soup('onion', 2, 0)","(3, 0):soup('onion', 3, 20);(4, 1):soup('onion', 2, 0)",20.0,32.0,3,"(-1, 0)",0.0,0.0,0.0,0.0,20.0,32.0,False,"(3, 1)",,"(1, 2)",,"(3, 0):soup('onion', 3, 20);(4, 1):soup('onion', 2, 0)","(3, 0):soup('onion', 3, 20);(4, 1):soup('onion', 2, 0)"
309,5,interact,"(3, 1)","(0, -1)",,"(1, 2)","(-1, 0)",,"(3, 0):soup('onion', 3, 20);(4, 1):soup('onion', 2, 0)","(3, 0):soup('onion', 3, 20);(4, 1):soup('onion', 2, 0)",20.0,32.0,3,"(-1, 0)",0.0,0.0,0.0,0.0,20.0,32.0,False,"(3, 1)",,"(1, 2)",,"(3, 0):soup('onion', 3, 20);(4, 1):soup('onion', 2, 0)","(3, 0):soup('onion', 3, 20);(4, 1):soup('onion', 2, 0)"
310,5,interact,"(3, 1)","(0, -1)",,"(1, 2)","(-1, 0)",,"(3, 0):soup('onion', 3, 20);(4, 1):soup('onion', 2, 0)","(3, 0):soup('onion', 3, 20);(4, 1):soup('onion', 2, 0)",20.0,32.0,3,"(-1, 0)",0.0,0.0,0.0,0.0,20.0,32.0,False,"(3, 1)",,"(1, 2)",,"(3, 0):soup('onion', 3, 20);(4, 1):soup('onion', 2, 0)","(3, 0):soup('onion', 3, 20);(4, 1):soup('onion', 2, 0)"
311,5,interact,"(3, 1)","(0, -1)",,"(1, 2)","(-1, 0)",,"(3, 0):soup('onion', 3, 20);(4, 1):soup('onion', 2, 0)","(3, 0):soup('onion', 3, 20);(4, 1):soup('onion', 2, 0)",20.0,32.0,3,"(-1, 0)",0.0,0.0,0.0,0.0,20.0,32.0,False,"(3, 1)",,"(1, 2)",,"(3, 0):soup('onion', 3, 20);(4, 1):soup('onion', 2, 0)","(3, 0):soup('onion', 3, 20);(4, 1):soup('onion', 2, 0)"
312,5,interact,"(3, 1)","(0, -1)",,"(1, 2)","(-1, 0)",,"(3, 0):soup('onion', 3, 20);(4, 1):soup('onion', 2, 0)","(3, 0):soup('onion', 3, 20);(4, 1):soup('onion', 2, 0)",20.0,32.0,3,"(-1, 0)",0.0,0.0,0.0,0.0,20.0,32.0,False,"(3, 1)",,"(1, 2)",,"(3, 0):soup('onion', 3, 20);(4, 1):soup('onion', 2, 0)","(3, 0):soup('onion', 3, 20);(4, 1):soup('onion', 2, 0)"
313,5,interact,"(3, 1)","(0, -1)",,"(1, 2)","(-1, 0)",,"(3, 0):soup('onion', 3, 20);(4, 1):soup('onion', 2, 0)","(3, 0):soup('onion', 3, 20);(4, 1):soup('onion', 2, 0)",20.0,32.0,3,"(-1, 0)",0.0,0.0,0.0,0.0,20.0,32.0,False,"(3, 1)",,"(1, 2)",,"(3, 0):soup('onion', 3, 20);(4, 1):soup('onion', 2, 0)","(3, 0):soup('onion', 3, 20);(4, 1):soup('onion', 2, 0)"
314,5,interact,"(3, 1)","(0, -1)",,"(1, 2)","(-1, 0)",,"(3, 0):soup('onion', 3, 20);(4, 1):soup('onion', 2, 0)","(3, 0):soup('onion', 3, 20);(4, 1):soup('onion', 2, 0)",20.0,32.0,3,"(-1, 0)",0.0,0.0,0.0,0.0,20.0,32.0,False,"(3, 1)",,"(1, 2)",,"(3, 0):soup('onion', 3, 20);(4, 1):soup('onion', 2, 0)","(3, 0):soup('onion', 3, 20);(4, 1):soup('onion', 2, 0)"
315,5,interact,"(3, 1)","(0, -1)",,"(1, 2)","(-1, 0)",,"(3, 0):soup('onion', 3, 20);(4, 1):soup('onion', 2, 0)","(3, 0):soup('onion', 3, 20);(4, 1):soup('onion', 2, 0)",20.0,32.0,3,"(-1, 0)",0.0,0.0,0.0,0.0,20.0,32.0,False,"(3, 1)",,"(1, 2)",,"(3, 0):soup('onion', 3, 20);(4, 1):soup('onion', 2, 0)","(3, 0):soup('onion', 3, 20);(4, 1):soup('onion', 2, 0)"
316,5,interact,"(3, 1)","(0, -1)",,"(1, 2)","(-1, 0)",,"(3, 0):soup('onion', 3, 20);(4, 1):soup('onion', 2, 0)","(3, 0):soup('onion', 3, 20);(4, 1):soup('onion', 2, 0)",20.0,32.0,3,"(-1, 0)",0.0,0.0,0.0,0.0,20.0,32.0,False,"(3, 1)",,"(1, 2)",,"(3, 0):soup('onion', 3, 20);(4, 1):soup('onion', 2, 0)","(3, 0):soup('onion', 3, 20);(4, 1):soup('onion', 2, 0)"
317,5,interact,"(3, 1)","(0, -1)",,"(1, 2)","(-1, 0)",,"(3, 0):soup('onion', 3, 20);(4, 1):soup('onion', 2, 0)","(3, 0):soup('onion', 3, 20);(4, 1):soup('onion', 2, 0)",20.0,32.0,3,"(-1, 0)",0.0,0.0,0.0,0.0,20.0,32.0,False,"(3, 1)",,"(1, 2)",,"(3, 0):soup('onion', 3, 20);(4, 1):soup('onion', 2, 0)","(3, 0):soup('onion', 3, 20);(4, 1):soup('onion', 2, 0)"
318,5,interact,"(3, 1)","(0, -1)",,"(1, 2)","(-1, 0)",,"(3, 0):soup('onion', 3, 20);(4, 1):soup('onion', 2, 0)","(3, 0):soup('onion', 3, 20);(4, 1):soup('onion', 2, 0)",20.0,32.0,3,"(-1, 0)",0.0,0.0,0.0,0.0,20.0,32.0,False,"(3, 1)",,"(1, 2)",,"(3, 0):soup('onion', 3, 20);(4, 1):soup('onion', 2, 0)","(3, 0):soup('onion', 3, 20);(4, 1):soup('onion', 2, 0)"
319,5,interact,"(3, 1)","(0, -1)",,"(1, 2)","(-1, 0)",,"(3, 0):soup('onion', 3, 20);(4, 1):soup('onion', 2, 0)","(3, 0):soup('onion', 3, 20);(4, 1):soup('onion', 2, 0)",20.0,32.0,3,"(-1, 0)",0.0,0.0,0.0,0.0,20.0,32.0,False,"(3, 1)",,"(1, 2)",,"(3, 0):soup('onion', 3, 20);(4, 1):soup('onion', 2, 0)","(3, 0):soup('onion', 3, 20);(4, 1):soup('onion', 2, 0)"
320,5,interact,"(3, 1)","(0, -1)",,"(1, 2)","(-1, 0)",,"(3, 0):soup('onion', 3, 20);(4, 1):soup('onion', 2, 0)","(3, 0):soup('onion', 3, 20);(4, 1):soup('onion', 2, 0)",20.0,32.0,3,"(-1, 0)",0.0,0.0,0.0,0.0,20.0,32.0,False,"(3, 1)",,"(1, 2)",,"(3, 0):soup('onion', 3, 20);(4, 1):soup('onion', 2, 0)","(3, 0):soup('onion', 3, 20);(4, 1):soup('onion', 2, 0)"
321,5,interact,"(3, 1)","(0, -1)",,"(1, 2)","(-1, 0)",,"(3, 0):soup('onion', 3, 20);(4, 1):soup('onion', 2, 0)","(3, 0):soup('onion', 3, 20);(4, 1):soup('onion', 2, 0)",20.0,32.0,3,"(-1, 0)",0.0,0.0,0.0,0.0,20.0,32.0,False,"(3, 1)",,"(1, 2)",,"(3, 0):soup('onion', 3, 20);(4, 1):soup('onion', 2, 0)","(3, 0):soup('onion', 3, 20);(4, 1):soup('onion', 2, 0)"
322,5,interact,"(3, 1)","(0, -1)",,"(1, 2)","(-1, 0)",,"(3, 0):soup('onion', 3, 20);(4, 1):soup('onion', 2, 0)","(3, 0):soup('onion', 3, 20);(4, 1):soup('onion', 2, 0)",20.0,32.0,3,"(-1, 0)",0.0,0.0,0.0,0.0,20.0,32.0,False,"(3, 1)",,"(1, 2)",,"(3, 0):soup('onion', 3, 20);(4, 1):soup('onion', 2, 0)","(3, 0):soup('onion', 3, 20);(4, 1):soup('onion', 2, 0)"
323,5,interact,"(3, 1)","(0, -1)",,"(1, 2)","(-1, 0)",,"(3, 0):soup('onion', 3, 20);(4, 1):soup('onion', 2, 0)","(3, 0):soup('onion', 3, 20);(4, 1):soup('onion', 2, 0)",20.0,32.0,3,"(-1, 0)",0.0,0.0,0.0,0.0,20.0,32.0,False,"(3, 1)",,"(1, 2)",,"(3, 0):soup('onion', 3, 20);(4, 1):soup('onion', 2, 0)","(3, 0):soup('onion', 3, 20);(4, 1):soup('onion', 2, 0)"
324,5,interact,"(3, 1)","(0, -1)",,"(1, 2)","(-1, 0)",,"(3, 0):soup('onion', 3, 20);(4, 1):soup('onion', 2, 0)","(3, 0):soup('onion', 3, 20);(4, 1):soup('onion', 2, 0)",20.0,32.0,3,"(-1, 0)",0.0,0.0,0.0,0.0,20.0,32.0,False,"(3, 1)",,"(1, 2)",,"(3, 0):soup('onion', 3, 20);(4, 1):soup('onion', 2, 0)","(3, 0):soup('onion', 3, 20);(4, 1):soup('onion', 2, 0)"
325,5,interact,"(3, 1)","(0, -1)",,"(1, 2)","(-1, 0)",,"(3, 0):soup('onion', 3, 20);(4, 1):soup('onion', 2, 0)","(3, 0):soup('onion', 3, 20);(4, 1):soup('onion', 2, 0)",20.0,32.0,3,"(-1, 0)",0.0,0.0,0.0,0.0,20.0,32.0,False,"(3, 1)",,"(1, 2)",,"(3, 0):soup('onion', 3, 20);(4, 1):soup('onion', 2, 0)","(3, 0):soup('onion', 3, 20);(4, 1):soup('onion', 2, 0)"
326,5,interact,"(3, 1)","(0, -1)",,"(1, 2)","(-1, 0)",,"(3, 0):soup('onion', 3, 20);(4, 1):soup('onion', 2, 0)","(3, 0):soup('onion', 3, 20);(4, 1):soup('onion', 2, 0)",20.0,32.0,3,"(-1, 0)",0.0,0.0,0.0,0.0,20.0,32.0,False,"(3, 1)",,"(1, 2)",,"(3, 0):soup('onion', 3, 20);(4, 1):soup('onion', 2, 0)","(3, 0):soup('onion', 3, 20);(4, 1):soup('onion', 2, 0)"
327,5,interact,"(3, 1)","(0, -1)",,"(1, 2)","(-1, 0)",,"(3, 0):soup('onion', 3, 20);(4, 1):soup('onion', 2, 0)","(3, 0):soup('onion', 3, 20);(4, 1):soup('onion', 2, 0)",20.0,32.0,3,"(-1, 0)",0.0,0.0,0.0,0.0,20.0,32.0,False,"(3, 1)",,"(1, 2)",,"(3, 0):soup('onion', 3, 20);(4, 1):soup('onion', 2, 0)","(3, 0):soup('onion', 3, 20);(4, 1):soup('onion', 2, 0)"
328,5,interact,"(3, 1)","(0, -1)",,"(1, 2)","(-1, 0)",,"(3, 0):soup('onion', 3, 20);(4, 1):soup('onion', 2, 0)","(3, 0):soup('onion', 3, 20);(4, 1):soup('onion', 2, 0)",20.0,32.0,3,"(-1, 0)",0.0,0.0,0.0,0.0,20.0,32.0,False,"(3, 1)",,"(1, 2)",,"(3, 0):soup('onion', 3, 20);(4, 1):soup('onion', 2, 0)","(3, 0):soup('onion', 3, 20);(4, 1):soup('onion', 2, 0)"
329,5,interact,"(3, 1)","(0, -1)",,"(1, 2)","(-1, 0)",,"(3, 0):soup('onion', 3, 20);(4, 1):soup('onion', 2, 0)","(3, 0):soup('onion', 3, 20);(4, 1):soup('onion', 2, 0)",20.0,32.0,3,"(-1, 0)",0.0,0.0,0.0,0.0,20.0,32.0,False,"(3, 1)",,"(1, 2)",,"(3, 0):soup('onion', 3, 20);(4, 1):soup('onion', 2, 0)","(3, 0):soup('onion', 3, 20);(4, 1):soup('onion', 2, 0)"
330,5,interact,"(3, 1)","(0, -1)",,"(1, 2)","(-1, 0)",,"(3, 0):soup('onion', 3, 20);(4, 1):soup('onion', 2, 0)","(3, 0):soup('onion', 3, 20);(4, 1):soup('onion', 2, 0)",20.0,32.0,3,"(-1, 0)",0.0,0.0,0.0,0.0,20.0,32.0,False,"(3, 1)",,"(1, 2)",,"(3, 0):soup('onion', 3, 20);(4, 1):soup('onion', 2, 0)","(3, 0):soup('onion', 3, 20);(4, 1):soup('onion', 2, 0)"
331,5,interact,"(3, 1)","(0, -1)",,"(1, 2)","(-1, 0)",,"(3, 0):soup('onion', 3, 20);(4, 1):soup('onion', 2, 0)","(3, 0):soup('onion', 3, 20);(4, 1):soup('onion', 2, 0)",20.0,32.0,3,"(-1, 0)",0.0,0.0,0.0,0.0,20.0,32.0,False,"(3, 1)",,"(1, 2)",,"(3, 0):soup('onion', 3, 20);(4, 1):soup('onion', 2, 0)","(3, 0):soup('onion', 3, 20);(4, 1):soup('onion', 2, 0)"
332,5,interact,"(3, 1)","(0, -1)",,"(1, 2)","(-1, 0)",,"(3, 0):soup('onion', 3, 20);(4, 1):soup('onion', 2, 0)","(3, 0):soup('onion', 3, 20);(4, 1):soup('onion', 2, 0)",20.0,32.0,3,"(-1, 0)",0.0,0.0,0.0,0.0,20.0,32.0,False,"(3, 1)",,"(1, 2)",,"(3, 0):soup('onion', 3, 20);(4, 1):soup('onion', 2, 0)","(3, 0):soup('onion', 3, 20);(4, 1):soup('onion', 2, 0)"
333,5,interact,"(3, 1)","(0, -1)",,"(1, 2)","(-1, 0)",,"(3, 0):soup('onion', 3, 20);(4, 1):soup('onion', 2, 0)","(3, 0):soup('onion', 3, 20);(4, 1):soup('onion', 2, 0)",20.0,32.0,3,"(-1, 0)",0.0,0.0,0.0,0.0,20.0,32.0,False,"(3, 1)",,"(1, 2)",,"(3, 0):soup('onion', 3, 20);(4, 1):soup('onion', 2, 0)","(3, 0):soup('onion', 3, 20);(4, 1):soup('onion', 2, 0)"
334,5,interact,"(3, 1)","(0, -1)",,"(1, 2)","(-1, 0)",,"(3, 0):soup('onion', 3, 20);(4, 1):soup('onion', 2, 0)","(3, 0):soup('onion', 3, 20);(4, 1):soup('onion', 2, 0)",20.0,32.0,3,"(-1, 0)",0.0,0.0,0.0,0.0,20.0,32.0,False,"(3, 1)",,"(1, 2)",,"(3, 0):soup('onion', 3, 20);(4, 1):soup('onion', 2, 0)","(3, 0):soup('onion', 3, 20);(4, 1):soup('onion', 2, 0)"
335,5,interact,"(3, 1)","(0, -1)",,"(1, 2)","(-1, 0)",,"(3, 0):soup('onion', 3, 20);(4, 1):soup('onion', 2, 0)","(3, 0):soup('onion', 3, 20);(4, 1):soup('onion', 2, 0)",20.0,32.0,3,"(-1, 0)",0.0,0.0,0.0,0.0,20.0,32.0,False,"(3, 1)",,"(1, 2)",,"(3, 0):soup('onion', 3, 20);(4, 1):soup('onion', 2, 0)","(3, 0):soup('onion', 3, 20);(4, 1):soup('onion', 2, 0)"
336,5,interact,"(3, 1)","(0, -1)",,"(1, 2)","(-1, 0)",,"(3, 0):soup('onion', 3, 20);(4, 1):soup('onion', 2, 0)","(3, 0):soup('onion', 3, 20);(4, 1):soup('onion', 2, 0)",20.0,32.0,3,"(-1, 0)",0.0,0.0,0.0,0.0,20.0,32.0,False,"(3, 1)",,"(1, 2)",,"(3, 0):soup('onion', 3, 20);(4, 1):soup('onion', 2, 0)","(3, 0):soup('onion', 3, 20);(4, 1):soup('onion', 2, 0)"
337,5,interact,"(3, 1)","(0, -1)",,"(1, 2)","(-1, 0)",,"(3, 0):soup('onion', 3, 20);(4, 1):soup('onion', 2, 0)","(3, 0):soup('onion', 3, 20);(4, 1):soup('onion', 2, 0)",20.0,32.0,3,"(-1, 0)",0.0,0.0,0.0,0.0,20.0,32.0,False,"(3, 1)",,"(1, 2)",,"(3, 0):soup('onion', 3, 20);(4, 1):soup('onion', 2, 0)","(3, 0):soup('onion', 3, 20);(4, 1):soup('onion', 2, 0)"
338,5,interact,"(3, 1)","(0, -1)",,"(1, 2)","(-1, 0)",,"(3, 0):soup('onion', 3, 20);(4, 1):soup('onion', 2, 0)","(3, 0):soup('onion', 3, 20);(4, 1):soup('onion', 2, 0)",20.0,32.0,3,"(-1, 0)",0.0,0.0,0.0,0.0,20.0,32.0,False,"(3, 1)",,"(1, 2)",,"(3, 0):soup('onion', 3, 20);(4, 1):soup('onion', 2, 0)","(3, 0):soup('onion', 3, 20);(4, 1):soup('onion', 2, 0)"
339,5,interact,"(3, 1)","(0, -1)",,"(1, 2)","(-1, 0)",,"(3, 0):soup('onion', 3, 20);(4, 1):soup('onion', 2, 0)","(3, 0):soup('onion', 3, 20);(4, 1):soup('onion', 2, 0)",20.0,32.0,3,"(-1, 0)",0.0,0.0,0.0,0.0,20.0,32.0,False,"(3, 1)",,"(1, 2)",,"(3, 0):soup('onion', 3, 20);(4, 1):soup('onion', 2, 0)","(3, 0):soup('onion', 3, 20);(4, 1):soup('onion', 2, 0)"
340,5,interact,"(3, 1)","(0, -1)",,"(1, 2)","(-1, 0)",,"(3, 0):soup('onion', 3, 20);(4, 1):soup('onion', 2, 0)","(3, 0):soup('onion', 3, 20);(4, 1):soup('onion', 2, 0)",20.0,32.0,3,"(-1, 0)",0.0,0.0,0.0,0.0,20.0,32.0,False,"(3, 1)",,"(1, 2)",,"(3, 0):soup('onion', 3, 20);(4, 1):soup('onion', 2, 0)","(3, 0):soup('onion', 3, 20);(4, 1):soup('onion', 2, 0)"
341,5,interact,"(3, 1)","(0, -1)",,"(1, 2)","(-1, 0)",,"(3, 0):soup('onion', 3, 20);(4, 1):soup('onion', 2, 0)","(3, 0):soup('onion', 3, 20);(4, 1):soup('onion', 2, 0)",20.0,32.0,3,"(-1, 0)",0.0,0.0,0.0,0.0,20.0,32.0,False,"(3, 1)",,"(1, 2)",,"(3, 0):soup('onion', 3, 20);(4, 1):soup('onion', 2, 0)","(3, 0):soup('onion', 3, 20);(4, 1):soup('onion', 2, 0)"
342,5,interact,"(3, 1)","(0, -1)",,"(1, 2)","(-1, 0)",,"(3, 0):soup('onion', 3, 20);(4, 1):soup('onion', 2, 0)","(3, 0):soup('onion', 3, 20);(4, 1):soup('onion', 2, 0)",20.0,32.0,3,"(-1, 0)",0.0,0.0,0.0,0.0,20.0,32.0,False,"(3, 1)",,"(1, 2)",,"(3, 0):soup('onion', 3, 20);(4, 1):soup('onion', 2, 0)","(3, 0):soup('onion', 3, 20);(4, 1):soup('onion', 2, 0)"
343,5,interact,"(3, 1)","(0, -1)",,"(1, 2)","(-1, 0)",,"(3, 0):soup('onion', 3, 20);(4, 1):soup('onion', 2, 0)","(3, 0):soup('onion', 3, 20);(4, 1):soup('onion', 2, 0)",20.0,32.0,3,"(-1, 0)",0.0,0.0,0.0,0.0,20.0,32.0,False,"(3, 1)",,"(1, 2)",,"(3, 0):soup('onion', 3, 20);(4, 1):soup('onion', 2, 0)","(3, 0):soup('onion', 3, 20);(4, 1):soup('onion', 2, 0)"
344,5,interact,"(3, 1)","(0, -1)",,"(1, 2)","(-1, 0)",,"(3, 0):soup('onion', 3, 20);(4, 1):soup('onion', 2, 0)","(3, 0):soup('onion', 3, 20);(4, 1):soup('onion', 2, 0)",20.0,32.0,3,"(-1, 0)",0.0,0.0,0.0,0.0,20.0,32.0,False,"(3, 1)",,"(1, 2)",,"(3, 0):soup('onion', 3, 20);(4, 1):soup('onion', 2, 0)","(3, 0):soup('onion', 3, 20);(4, 1):soup('onion', 2, 0)"
345,5,interact,"(3, 1)","(0, -1)",,"(1, 2)","(-1, 0)",,"(3, 0):soup('onion', 3, 20);(4, 1):soup('onion', 2, 0)","(3, 0):soup('onion', 3, 20);(4, 1):soup('onion', 2, 0)",20.0,32.0,3,"(-1, 0)",0.0,0.0,0.0,0.0,20.0,32.0,False,"(3, 1)",,"(1, 2)",,"(3, 0):soup('onion', 3, 20);(4, 1):soup('onion', 2, 0)","(3, 0):soup('onion', 3, 20);(4, 1):soup('onion', 2, 0)"
346,5,interact,"(3, 1)","(0, -1)",,"(1, 2)","(-1, 0)",,"(3, 0):soup('onion', 3, 20);(4, 1):soup('onion', 2, 0)","(3, 0):soup('onion', 3, 20);(4, 1):soup('onion', 2, 0)",20.0,32.0,3,"(-1, 0)",0.0,0.0,0.0,0.0,20.0,32.0,False,"(3, 1)",,"(1, 2)",,"(3, 0):soup('onion', 3, 20);(4, 1):soup('onion', 2, 0)","(3, 0):soup('onion', 3, 20);(4, 1):soup('onion', 2, 0)"
347,5,interact,"(3, 1)","(0, -1)",,"(1, 2)","(-1, 0)",,"(3, 0):soup('onion', 3, 20);(4, 1):soup('onion', 2, 0)","(3, 0):soup('onion', 3, 20);(4, 1):soup('onion', 2, 0)",20.0,32.0,3,"(-1, 0)",0.0,0.0,0.0,0.0,20.0,32.0,False,"(3, 1)",,"(1, 2)",,"(3, 0):soup('onion', 3, 20);(4, 1):soup('onion', 2, 0)","(3, 0):soup('onion', 3, 20);(4, 1):soup('onion', 2, 0)"
348,5,interact,"(3, 1)","(0, -1)",,"(1, 2)","(-1, 0)",,"(3, 0):soup('onion', 3, 20);(4, 1):soup('onion', 2, 0)","(3, 0):soup('onion', 3, 20);(4, 1):soup('onion', 2, 0)",20.0,32.0,3,"(-1, 0)",0.0,0.0,0.0,0.0,20.0,32.0,False,"(3, 1)",,"(1, 2)",,"(3, 0):soup('onion', 3, 20);(4, 1):soup('onion', 2, 0)","(3, 0):soup('onion', 3, 20);(4, 1):soup('onion', 2, 0)"
349,5,interact,"(3, 1)","(0, -1)",,"(1, 2)","(-1, 0)",,"(3, 0):soup('onion', 3, 20);(4, 1):soup('onion', 2, 0)","(3, 0):soup('onion', 3, 20);(4, 1):soup('onion', 2, 0)",20.0,32.0,3,"(-1, 0)",0.0,0.0,0.0,0.0,20.0,32.0,False,"(3, 1)",,"(1, 2)",,"(3, 0):soup('onion', 3, 20);(4, 1):soup('onion', 2, 0)","(3, 0):soup('onion', 3, 20);(4, 1):soup('onion', 2, 0)"
350,5,interact,"(3, 1)","(0, -1)",,"(1, 2)","(-1, 0)",,"(3, 0):soup('onion', 3, 20);(4, 1):soup('onion', 2, 0)","(3, 0):soup('onion', 3, 20);(4, 1):soup('onion', 2, 0)",20.0,32.0,3,"(-1, 0)",0.0,0.0,0.0,0.0,20.0,32.0,False,"(3, 1)",,"(1, 2)",,"(3, 0):soup('onion', 3, 20);(4, 1):soup('onion', 2, 0)","(3, 0):soup('onion', 3, 20);(4, 1):soup('onion', 2, 0)"
351,5,interact,"(3, 1)","(0, -1)",,"(1, 2)","(-1, 0)",,"(3, 0):soup('onion', 3, 20);(4, 1):soup('onion', 2, 0)","(3, 0):soup('onion', 3, 20);(4, 1):soup('onion', 2, 0)",20.0,32.0,3,"(-1, 0)",0.0,0.0,0.0,0.0,20.0,32.0,False,"(3, 1)",,"(1, 2)",,"(3, 0):soup('onion', 3, 20);(4, 1):soup('onion', 2, 0)","(3, 0):soup('onion', 3, 20);(4, 1):soup('onion', 2, 0)"
352,5,interact,"(3, 1)","(0, -1)",,"(1, 2)","(-1, 0)",,"(3, 0):soup('onion', 3, 20);(4, 1):soup('onion', 2, 0)","(3, 0):soup('onion', 3, 20);(4, 1):soup('onion', 2, 0)",20.0,32.0,3,"(-1, 0)",0.0,0.0,0.0,0.0,20.0,32.0,False,"(3, 1)",,"(1, 2)",,"(3, 0):soup('onion', 3, 20);(4, 1):soup('onion', 2, 0)","(3, 0):soup('onion', 3, 20);(4, 1):soup('onion', 2, 0)"
353,5,interact,"(3, 1)","(0, -1)",,"(1, 2)","(-1, 0)",,"(3, 0):soup('onion', 3, 20);(4, 1):soup('onion', 2, 0)","(3, 0):soup('onion', 3, 20);(4, 1):soup('onion', 2, 0)",20.0,32.0,3,"(-1, 0)",0.0,0.0,0.0,0.0,20.0,32.0,False,"(3, 1)",,"(1, 2)",,"(3, 0):soup('onion', 3, 20);(4, 1):soup('onion', 2, 0)","(3, 0):soup('onion', 3, 20);(4, 1):soup('onion', 2, 0)"
354,5,interact,"(3, 1)","(0, -1)",,"(1, 2)","(-1, 0)",,"(3, 0):soup('onion', 3, 20);(4, 1):soup('onion', 2, 0)","(3, 0):soup('onion', 3, 20);(4, 1):soup('onion', 2, 0)",20.0,32.0,3,"(-1, 0)",0.0,0.0,0.0,0.0,20.0,32.0,False,"(3, 1)",,"(1, 2)",,"(3, 0):soup('onion', 3, 20);(4, 1):soup('onion', 2, 0)","(3, 0):soup('onion', 3, 20);(4, 1):soup('onion', 2, 0)"
355,5,interact,"(3, 1)","(0, -1)",,"(1, 2)","(-1, 0)",,"(3, 0):soup('onion', 3, 20);(4, 1):soup('onion', 2, 0)","(3, 0):soup('onion', 3, 20);(4, 1):soup('onion', 2, 0)",20.0,32.0,3,"(-1, 0)",0.0,0.0,0.0,0.0,20.0,32.0,False,"(3, 1)",,"(1, 2)",,"(3, 0):soup('onion', 3, 20);(4, 1):soup('onion', 2, 0)","(3, 0):soup('onion', 3, 20);(4, 1):soup('onion', 2, 0)"
356,5,interact,"(3, 1)","(0, -1)",,"(1, 2)","(-1, 0)",,"(3, 0):soup('onion', 3, 20);(4, 1):soup('onion', 2, 0)","(3, 0):soup('onion', 3, 20);(4, 1):soup('onion', 2, 0)",20.0,32.0,3,"(-1, 0)",0.0,0.0,0.0,0.0,20.0,32.0,False,"(3, 1)",,"(1, 2)",,"(3, 0):soup('onion', 3, 20);(4, 1):soup('onion', 2, 0)","(3, 0):soup('onion', 3, 20);(4, 1):soup('onion', 2, 0)"
357,5,interact,"(3, 1)","(0, -1)",,"(1, 2)","(-1, 0)",,"(3, 0):soup('onion', 3, 20);(4, 1):soup('onion', 2, 0)","(3, 0):soup('onion', 3, 20);(4, 1):soup('onion', 2, 0)",20.0,32.0,3,"(-1, 0)",0.0,0.0,0.0,0.0,20.0,32.0,False,"(3, 1)",,"(1, 2)",,"(3, 0):soup('onion', 3, 20);(4, 1):soup('onion', 2, 0)","(3, 0):soup('onion', 3, 20);(4, 1):soup('onion', 2, 0)"
358,5,interact,"(3, 1)","(0, -1)",,"(1, 2)","(-1, 0)",,"(3, 0):soup('onion', 3, 20);(4, 1):soup('onion', 2, 0)","(3, 0):soup('onion', 3, 20);(4, 1):soup('onion', 2, 0)",20.0,32.0,3,"(-1, 0)",0.0,0.0,0.0,0.0,20.0,32.0,False,"(3, 1)",,"(1, 2)",,"(3, 0):soup('onion', 3, 20);(4, 1):soup('onion', 2, 0)","(3, 0):soup('onion', 3, 20);(4, 1):soup('onion', 2, 0)"
359,5,interact,"(3, 1)","(0, -1)",,"(1, 2)","(-1, 0)",,"(3, 0):soup('onion', 3, 20);(4, 1):soup('onion', 2, 0)","(3, 0):soup('onion', 3, 20);(4, 1):soup('onion', 2, 0)",20.0,32.0,3,"(-1, 0)",0.0,0.0,0.0,0.0,20.0,32.0,False,"(3, 1)",,"(1, 2)",,"(3, 0):soup('onion', 3, 20);(4, 1):soup('onion', 2, 0)","(3, 0):soup('onion', 3, 20);(4, 1):soup('onion', 2, 0)"
360,5,interact,"(3, 1)","(0, -1)",,"(1, 2)","(-1, 0)",,"(3, 0):soup('onion', 3, 20);(4, 1):soup('onion', 2, 0)","(3, 0):soup('onion', 3, 20);(4, 1):soup('onion', 2, 0)",20.0,32.0,3,"(-1, 0)",0.0,0.0,0.0,0.0,20.0,32.0,False,"(3, 1)",,"(1, 2)",,"(3, 0):soup('onion', 3, 20);(4, 1):soup('onion', 2, 0)","(3, 0):soup('onion', 3, 20);(4, 1):soup('onion', 2, 0)"
361,5,interact,"(3, 1)","(0, -1)",,"(1, 2)","(-1, 0)",,"(3, 0):soup('onion', 3, 20);(4, 1):soup('onion', 2, 0)","(3, 0):soup('onion', 3, 20);(4, 1):soup('onion', 2, 0)",20.0,32.0,3,"(-1, 0)",0.0,0.0,0.0,0.0,20.0,32.0,False,"(3, 1)",,"(1, 2)",,"(3, 0):soup('onion', 3, 20);(4, 1):soup('onion', 2, 0)","(3, 0):soup('onion', 3, 20);(4, 1):soup('onion', 2, 0)"
362,5,interact,"(3, 1)","(0, -1)",,"(1, 2)","(-1, 0)",,"(3, 0):soup('onion', 3, 20);(4, 1):soup('onion', 2, 0)","(3, 0):soup('onion', 3, 20);(4, 1):soup('onion', 2, 0)",20.0,32.0,3,"(-1, 0)",0.0,0.0,0.0,0.0,20.0,32.0,False,"(3, 1)",,"(1, 2)",,"(3, 0):soup('onion', 3, 20);(4, 1):soup('onion', 2, 0)","(3, 0):soup('onion', 3, 20);(4, 1):soup('onion', 2, 0)"
363,5,interact,"(3, 1)","(0, -1)",,"(1, 2)","(-1, 0)",,"(3, 0):soup('onion', 3, 20);(4, 1):soup('onion', 2, 0)","(3, 0):soup('onion', 3, 20);(4, 1):soup('onion', 2, 0)",20.0,32.0,3,"(-1, 0)",0.0,0.0,0.0,0.0,20.0,32.0,False,"(3, 1)",,"(1, 2)",,"(3, 0):soup('onion', 3, 20);(4, 1):soup('onion', 2, 0)","(3, 0):soup('onion', 3, 20);(4, 1):soup('onion', 2, 0)"
364,5,interact,"(3, 1)","(0, -1)",,"(1, 2)","(-1, 0)",,"(3, 0):soup('onion', 3, 20);(4, 1):soup('onion', 2, 0)","(3, 0):soup('onion', 3, 20);(4, 1):soup('onion', 2, 0)",20.0,32.0,3,"(-1, 0)",0.0,0.0,0.0,0.0,20.0,32.0,False,"(3, 1)",,"(1, 2)",,"(3, 0):soup('onion', 3, 20);(4, 1):soup('onion', 2, 0)","(3, 0):soup('onion', 3, 20);(4, 1):soup('onion', 2, 0)"
365,5,interact,"(3, 1)","(0, -1)",,"(1, 2)","(-1, 0)",,"(3, 0):soup('onion', 3, 20);(4, 1):soup('onion', 2, 0)","(3, 0):soup('onion', 3, 20);(4, 1):soup('onion', 2, 0)",20.0,32.0,3,"(-1, 0)",0.0,0.0,0.0,0.0,20.0,32.0,False,"(3, 1)",,"(1, 2)",,"(3, 0):soup('onion', 3, 20);(4, 1):soup('onion', 2, 0)","(3, 0):soup('onion', 3, 20);(4, 1):soup('onion', 2, 0)"
366,5,interact,"(3, 1)","(0, -1)",,"(1, 2)","(-1, 0)",,"(3, 0):soup('onion', 3, 20);(4, 1):soup('onion', 2, 0)","(3, 0):soup('onion', 3, 20);(4, 1):soup('onion', 2, 0)",20.0,32.0,3,"(-1, 0)",0.0,0.0,0.0,0.0,20.0,32.0,False,"(3, 1)",,"(1, 2)",,"(3, 0):soup('onion', 3, 20);(4, 1):soup('onion', 2, 0)","(3, 0):soup('onion', 3, 20);(4, 1):soup('onion', 2, 0)"
367,5,interact,"(3, 1)","(0, -1)",,"(1, 2)","(-1, 0)",,"(3, 0):soup('onion', 3, 20);(4, 1):soup('onion', 2, 0)","(3, 0):soup('onion', 3, 20);(4, 1):soup('onion', 2, 0)",20.0,32.0,3,"(-1, 0)",0.0,0.0,0.0,0.0,20.0,32.0,False,"(3, 1)",,"(1, 2)",,"(3, 0):soup('onion', 3, 20);(4, 1):soup('onion', 2, 0)","(3, 0):soup('onion', 3, 20);(4, 1):soup('onion', 2, 0)"
368,5,interact,"(3, 1)","(0, -1)",,"(1, 2)","(-1, 0)",,"(3, 0):soup('onion', 3, 20);(4, 1):soup('onion', 2, 0)","(3, 0):soup('onion', 3, 20);(4, 1):soup('onion', 2, 0)",20.0,32.0,3,"(-1, 0)",0.0,0.0,0.0,0.0,20.0,32.0,False,"(3, 1)",,"(1, 2)",,"(3, 0):soup('onion', 3, 20);(4, 1):soup('onion', 2, 0)","(3, 0):soup('onion', 3, 20);(4, 1):soup('onion', 2, 0)"
369,5,interact,"(3, 1)","(0, -1)",,"(1, 2)","(-1, 0)",,"(3, 0):soup('onion', 3, 20);(4, 1):soup('onion', 2, 0)","(3, 0):soup('onion', 3, 20);(4, 1):soup('onion', 2, 0)",20.0,32.0,3,"(-1, 0)",0.0,0.0,0.0,0.0,20.0,32.0,False,"(3, 1)",,"(1, 2)",,"(3, 0):soup('onion', 3, 20);(4, 1):soup('onion', 2, 0)","(3, 0):soup('onion', 3, 20);(4, 1):soup('onion', 2, 0)"
370,5,interact,"(3, 1)","(0, -1)",,"(1, 2)","(-1, 0)",,"(3, 0):soup('onion', 3, 20);(4, 1):soup('onion', 2, 0)","(3, 0):soup('onion', 3, 20);(4, 1):soup('onion', 2, 0)",20.0,32.0,3,"(-1, 0)",0.0,0.0,0.0,0.0,20.0,32.0,False,"(3, 1)",,"(1, 2)",,"(3, 0):soup('onion', 3, 20);(4, 1):soup('onion', 2, 0)","(3, 0):soup('onion', 3, 20);(4, 1):soup('onion', 2, 0)"
371,5,interact,"(3, 1)","(0, -1)",,"(1, 2)","(-1, 0)",,"(3, 0):soup('onion', 3, 20);(4, 1):soup('onion', 2, 0)","(3, 0):soup('onion', 3, 20);(4, 1):soup('onion', 2, 0)",20.0,32.0,3,"(-1, 0)",0.0,0.0,0.0,0.0,20.0,32.0,False,"(3, 1)",,"(1, 2)",,"(3, 0):soup('onion', 3, 20);(4, 1):soup('onion', 2, 0)","(3, 0):soup('onion', 3, 20);(4, 1):soup('onion', 2, 0)"
372,5,interact,"(3, 1)","(0, -1)",,"(1, 2)","(-1, 0)",,"(3, 0):soup('onion', 3, 20);(4, 1):soup('onion', 2, 0)","(3, 0):soup('onion', 3, 20);(4, 1):soup('onion', 2, 0)",20.0,32.0,3,"(-1, 0)",0.0,0.0,0.0,0.0,20.0,32.0,False,"(3, 1)",,"(1, 2)",,"(3, 0):soup('onion', 3, 20);(4, 1):soup('onion', 2, 0)","(3, 0):soup('onion', 3, 20);(4, 1):soup('onion', 2, 0)"
373,5,interact,"(3, 1)","(0, -1)",,"(1, 2)","(-1, 0)",,"(3, 0):soup('onion', 3, 20);(4, 1):soup('onion', 2, 0)","(3, 0):soup('onion', 3, 20);(4, 1):soup('onion', 2, 0)",20.0,32.0,3,"(-1, 0)",0.0,0.0,0.0,0.0,20.0,32.0,False,"(3, 1)",,"(1, 2)",,"(3, 0):soup('onion', 3, 20);(4, 1):soup('onion', 2, 0)","(3, 0):soup('onion', 3, 20);(4, 1):soup('onion', 2, 0)"
374,5,interact,"(3, 1)","(0, -1)",,"(1, 2)","(-1, 0)",,"(3, 0):soup('onion', 3, 20);(4, 1):soup('onion', 2, 0)","(3, 0):soup('onion', 3, 20);(4, 1):soup('onion', 2, 0)",20.0,32.0,3,"(-1, 0)",0.0,0.0,0.0,0.0,20.0,32.0,False,"(3, 1)",,"(1, 2)",,"(3, 0):soup('onion', 3, 20);(4, 1):soup('onion', 2, 0)","(3, 0):soup('onion', 3, 20);(4, 1):soup('onion', 2, 0)"
375,5,interact,"(3, 1)","(0, -1)",,"(1, 2)","(-1, 0)",,"(3, 0):soup('onion', 3, 20);(4, 1):soup('onion', 2, 0)","(3, 0):soup('onion', 3, 20);(4, 1):soup('onion', 2, 0)",20.0,32.0,3,"(-1, 0)",0.0,0.0,0.0,0.0,20.0,32.0,False,"(3, 1)",,"(1, 2)",,"(3, 0):soup('onion', 3, 20);(4, 1):soup('onion', 2, 0)","(3, 0):soup('onion', 3, 20);(4, 1):soup('onion', 2, 0)"
376,5,interact,"(3, 1)","(0, -1)",,"(1, 2)","(-1, 0)",,"(3, 0):soup('onion', 3, 20);(4, 1):soup('onion', 2, 0)","(3, 0):soup('onion', 3, 20);(4, 1):soup('onion', 2, 0)",20.0,32.0,3,"(-1, 0)",0.0,0.0,0.0,0.0,20.0,32.0,False,"(3, 1)",,"(1, 2)",,"(3, 0):soup('onion', 3, 20);(4, 1):soup('onion', 2, 0)","(3, 0):soup('onion', 3, 20);(4, 1):soup('onion', 2, 0)"
377,5,interact,"(3, 1)","(0, -1)",,"(1, 2)","(-1, 0)",,"(3, 0):soup('onion', 3, 20);(4, 1):soup('onion', 2, 0)","(3, 0):soup('onion', 3, 20);(4, 1):soup('onion', 2, 0)",20.0,32.0,3,"(-1, 0)",0.0,0.0,0.0,0.0,20.0,32.0,False,"(3, 1)",,"(1, 2)",,"(3, 0):soup('onion', 3, 20);(4, 1):soup('onion', 2, 0)","(3, 0):soup('onion', 3, 20);(4, 1):soup('onion', 2, 0)"
378,5,interact,"(3, 1)","(0, -1)",,"(1, 2)","(-1, 0)",,"(3, 0):soup('onion', 3, 20);(4, 1):soup('onion', 2, 0)","(3, 0):soup('onion', 3, 20);(4, 1):soup('onion', 2, 0)",20.0,32.0,3,"(-1, 0)",0.0,0.0,0.0,0.0,20.0,32.0,False,"(3, 1)",,"(1, 2)",,"(3, 0):soup('onion', 3, 20);(4, 1):soup('onion', 2, 0)","(3, 0):soup('onion', 3, 20);(4, 1):soup('onion', 2, 0)"
379,5,interact,"(3, 1)","(0, -1)",,"(1, 2)","(-1, 0)",,"(3, 0):soup('onion', 3, 20);(4, 1):soup('onion', 2, 0)","(3, 0):soup('onion', 3, 20);(4, 1):soup('onion', 2, 0)",20.0,32.0,3,"(-1, 0)",0.0,0.0,0.0,0.0,20.0,32.0,False,"(3, 1)",,"(1, 2)",,"(3, 0):soup('onion', 3, 20);(4, 1):soup('onion', 2, 0)","(3, 0):soup('onion', 3, 20);(4, 1):soup('onion', 2, 0)"
380,5,interact,"(3, 1)","(0, -1)",,"(1, 2)","(-1, 0)",,"(3, 0):soup('onion', 3, 20);(4, 1):soup('onion', 2, 0)","(3, 0):soup('onion', 3, 20);(4, 1):soup('onion', 2, 0)",20.0,32.0,3,"(-1, 0)",0.0,0.0,0.0,0.0,20.0,32.0,False,"(3, 1)",,"(1, 2)",,"(3, 0):soup('onion', 3, 20);(4, 1):soup('onion', 2, 0)","(3, 0):soup('onion', 3, 20);(4, 1):soup('onion', 2, 0)"
381,5,interact,"(3, 1)","(0, -1)",,"(1, 2)","(-1, 0)",,"(3, 0):soup('onion', 3, 20);(4, 1):soup('onion', 2, 0)","(3, 0):soup('onion', 3, 20);(4, 1):soup('onion', 2, 0)",20.0,32.0,3,"(-1, 0)",0.0,0.0,0.0,0.0,20.0,32.0,False,"(3, 1)",,"(1, 2)",,"(3, 0):soup('onion', 3, 20);(4, 1):soup('onion', 2, 0)","(3, 0):soup('onion', 3, 20);(4, 1):soup('onion', 2, 0)"
382,5,interact,"(3, 1)","(0, -1)",,"(1, 2)","(-1, 0)",,"(3, 0):soup('onion', 3, 20);(4, 1):soup('onion', 2, 0)","(3, 0):soup('onion', 3, 20);(4, 1):soup('onion', 2, 0)",20.0,32.0,3,"(-1, 0)",0.0,0.0,0.0,0.0,20.0,32.0,False,"(3, 1)",,"(1, 2)",,"(3, 0):soup('onion', 3, 20);(4, 1):soup('onion', 2, 0)","(3, 0):soup('onion', 3, 20);(4, 1):soup('onion', 2, 0)"
383,5,interact,"(3, 1)","(0, -1)",,"(1, 2)","(-1, 0)",,"(3, 0):soup('onion', 3, 20);(4, 1):soup('onion', 2, 0)","(3, 0):soup('onion', 3, 20);(4, 1):soup('onion', 2, 0)",20.0,32.0,3,"(-1, 0)",0.0,0.0,0.0,0.0,20.0,32.0,False,"(3, 1)",,"(1, 2)",,"(3, 0):soup('onion', 3, 20);(4, 1):soup('onion', 2, 0)","(3, 0):soup('onion', 3, 20);(4, 1):soup('onion', 2, 0)"
384,5,interact,"(3, 1)","(0, -1)",,"(1, 2)","(-1, 0)",,"(3, 0):soup('onion', 3, 20);(4, 1):soup('onion', 2, 0)","(3, 0):soup('onion', 3, 20);(4, 1):soup('onion', 2, 0)",20.0,32.0,3,"(-1, 0)",0.0,0.0,0.0,0.0,20.0,32.0,False,"(3, 1)",,"(1, 2)",,"(3, 0):soup('onion', 3, 20);(4, 1):soup('onion', 2, 0)","(3, 0):soup('onion', 3, 20);(4, 1):soup('onion', 2, 0)"
385,5,interact,"(3, 1)","(0, -1)",,"(1, 2)","(-1, 0)",,"(3, 0):soup('onion', 3, 20);(4, 1):soup('onion', 2, 0)","(3, 0):soup('onion', 3, 20);(4, 1):soup('onion', 2, 0)",20.0,32.0,3,"(-1, 0)",0.0,0.0,0.0,0.0,20.0,32.0,False,"(3, 1)",,"(1, 2)",,"(3, 0):soup('onion', 3, 20);(4, 1):soup('onion', 2, 0)","(3, 0):soup('onion', 3, 20);(4, 1):soup('onion', 2, 0)"
386,5,interact,"(3, 1)","(0, -1)",,"(1, 2)","(-1, 0)",,"(3, 0):soup('onion', 3, 20);(4, 1):soup('onion', 2, 0)","(3, 0):soup('onion', 3, 20);(4, 1):soup('onion', 2, 0)",20.0,32.0,3,"(-1, 0)",0.0,0.0,0.0,0.0,20.0,32.0,False,"(3, 1)",,"(1, 2)",,"(3, 0):soup('onion', 3, 20);(4, 1):soup('onion', 2, 0)","(3, 0):soup('onion', 3, 20);(4, 1):soup('onion', 2, 0)"
387,5,interact,"(3, 1)","(0, -1)",,"(1, 2)","(-1, 0)",,"(3, 0):soup('onion', 3, 20);(4, 1):soup('onion', 2, 0)","(3, 0):soup('onion', 3, 20);(4, 1):soup('onion', 2, 0)",20.0,32.0,3,"(-1, 0)",0.0,0.0,0.0,0.0,20.0,32.0,False,"(3, 1)",,"(1, 2)",,"(3, 0):soup('onion', 3, 20);(4, 1):soup('onion', 2, 0)","(3, 0):soup('onion', 3, 20);(4, 1):soup('onion', 2, 0)"
388,5,interact,"(3, 1)","(0, -1)",,"(1, 2)","(-1, 0)",,"(3, 0):soup('onion', 3, 20);(4, 1):soup('onion', 2, 0)","(3, 0):soup('onion', 3, 20);(4, 1):soup('onion', 2, 0)",20.0,32.0,3,"(-1, 0)",0.0,0.0,0.0,0.0,20.0,32.0,False,"(3, 1)",,"(1, 2)",,"(3, 0):soup('onion', 3, 20);(4, 1):soup('onion', 2, 0)","(3, 0):soup('onion', 3, 20);(4, 1):soup('onion', 2, 0)"
389,5,interact,"(3, 1)","(0, -1)",,"(1, 2)","(-1, 0)",,"(3, 0):soup('onion', 3, 20);(4, 1):soup('onion', 2, 0)","(3, 0):soup('onion', 3, 20);(4, 1):soup('onion', 2, 0)",20.0,32.0,3,"(-1, 0)",0.0,0.0,0.0,0.0,20.0,32.0,False,"(3, 1)",,"(1, 2)",,"(3, 0):soup('onion', 3, 20);(4, 1):soup('onion', 2, 0)","(3, 0):soup('onion', 3, 20);(4, 1):soup('onion', 2, 0)"
390,5,interact,"(3, 1)","(0, -1)",,"(1, 2)","(-1, 0)",,"(3, 0):soup('onion', 3, 20);(4, 1):soup('onion', 2, 0)","(3, 0):soup('onion', 3, 20);(4, 1):soup('onion', 2, 0)",20.0,32.0,3,"(-1, 0)",0.0,0.0,0.0,0.0,20.0,32.0,False,"(3, 1)",,"(1, 2)",,"(3, 0):soup('onion', 3, 20);(4, 1):soup('onion', 2, 0)","(3, 0):soup('onion', 3, 20);(4, 1):soup('onion', 2, 0)"
391,5,interact,"(3, 1)","(0, -1)",,"(1, 2)","(-1, 0)",,"(3, 0):soup('onion', 3, 20);(4, 1):soup('onion', 2, 0)","(3, 0):soup('onion', 3, 20);(4, 1):soup('onion', 2, 0)",20.0,32.0,3,"(-1, 0)",0.0,0.0,0.0,0.0,20.0,32.0,False,"(3, 1)",,"(1, 2)",,"(3, 0):soup('onion', 3, 20);(4, 1):soup('onion', 2, 0)","(3, 0):soup('onion', 3, 20);(4, 1):soup('onion', 2, 0)"
392,5,interact,"(3, 1)","(0, -1)",,"(1, 2)","(-1, 0)",,"(3, 0):soup('onion', 3, 20);(4, 1):soup('onion', 2, 0)","(3, 0):soup('onion', 3, 20);(4, 1):soup('onion', 2, 0)",20.0,32.0,3,"(-1, 0)",0.0,0.0,0.0,0.0,20.0,32.0,False,"(3, 1)",,"(1, 2)",,"(3, 0):soup('onion', 3, 20);(4, 1):soup('onion', 2, 0)","(3, 0):soup('onion', 3, 20);(4, 1):soup('onion', 2, 0)"
393,5,interact,"(3, 1)","(0, -1)",,"(1, 2)","(-1, 0)",,"(3, 0):soup('onion', 3, 20);(4, 1):soup('onion', 2, 0)","(3, 0):soup('onion', 3, 20);(4, 1):soup('onion', 2, 0)",20.0,32.0,3,"(-1, 0)",0.0,0.0,0.0,0.0,20.0,32.0,False,"(3, 1)",,"(1, 2)",,"(3, 0):soup('onion', 3, 20);(4, 1):soup('onion', 2, 0)","(3, 0):soup('onion', 3, 20);(4, 1):soup('onion', 2, 0)"
394,5,interact,"(3, 1)","(0, -1)",,"(1, 2)","(-1, 0)",,"(3, 0):soup('onion', 3, 20);(4, 1):soup('onion', 2, 0)","(3, 0):soup('onion', 3, 20);(4, 1):soup('onion', 2, 0)",20.0,32.0,3,"(-1, 0)",0.0,0.0,0.0,0.0,20.0,32.0,False,"(3, 1)",,"(1, 2)",,"(3, 0):soup('onion', 3, 20);(4, 1):soup('onion', 2, 0)","(3, 0):soup('onion', 3, 20);(4, 1):soup('onion', 2, 0)"
395,5,interact,"(3, 1)","(0, -1)",,"(1, 2)","(-1, 0)",,"(3, 0):soup('onion', 3, 20);(4, 1):soup('onion', 2, 0)","(3, 0):soup('onion', 3, 20);(4, 1):soup('onion', 2, 0)",20.0,32.0,3,"(-1, 0)",0.0,0.0,0.0,0.0,20.0,32.0,False,"(3, 1)",,"(1, 2)",,"(3, 0):soup('onion', 3, 20);(4, 1):soup('onion', 2, 0)","(3, 0):soup('onion', 3, 20);(4, 1):soup('onion', 2, 0)"
396,5,interact,"(3, 1)","(0, -1)",,"(1, 2)","(-1, 0)",,"(3, 0):soup('onion', 3, 20);(4, 1):soup('onion', 2, 0)","(3, 0):soup('onion', 3, 20);(4, 1):soup('onion', 2, 0)",20.0,32.0,3,"(-1, 0)",0.0,0.0,0.0,0.0,20.0,32.0,False,"(3, 1)",,"(1, 2)",,"(3, 0):soup('onion', 3, 20);(4, 1):soup('onion', 2, 0)","(3, 0):soup('onion', 3, 20);(4, 1):soup('onion', 2, 0)"
397,5,interact,"(3, 1)","(0, -1)",,"(1, 2)","(-1, 0)",,"(3, 0):soup('onion', 3, 20);(4, 1):soup('onion', 2, 0)","(3, 0):soup('onion', 3, 20);(4, 1):soup('onion', 2, 0)",20.0,32.0,3,"(-1, 0)",0.0,0.0,0.0,0.0,20.0,32.0,False,"(3, 1)",,"(1, 2)",,"(3, 0):soup('onion', 3, 20);(4, 1):soup('onion', 2, 0)","(3, 0):soup('onion', 3, 20);(4, 1):soup('onion', 2, 0)"
398,5,interact,"(3, 1)","(0, -1)",,"(1, 2)","(-1, 0)",,"(3, 0):soup('onion', 3, 20);(4, 1):soup('onion', 2, 0)","(3, 0):soup('onion', 3, 20);(4, 1):soup('onion', 2, 0)",20.0,32.0,3,"(-1, 0)",0.0,0.0,0.0,0.0,20.0,32.0,False,"(3, 1)",,"(1, 2)",,"(3, 0):soup('onion', 3, 20);(4, 1):soup('onion', 2, 0)","(3, 0):soup('onion', 3, 20);(4, 1):soup('onion', 2, 0)"
399,5,interact,"(3, 1)","(0, -1)",,"(1, 2)","(-1, 0)",,"(3, 0):soup('onion', 3, 20);(4, 1):soup('onion', 2, 0)","(3, 0):soup('onion', 3, 20);(4, 1):soup('onion', 2, 0)",20.0,32.0,3,"(-1, 0)",0.0,0.0,0.0,0.0,20.0,32.0,False,"(3, 1)",,"(1, 2)",,"(3, 0):soup('onion', 3, 20);(4, 1):soup('onion', 2, 0)","(3, 0):soup('onion', 3, 20);(4, 1):soup('onion', 2, 0)"
