step,ego_action_idx,ego_action,p0_pos,p0_orient,p0_held,p1_pos,p1_orient,p1_held,objects_before,pots_before,cum_sparse_before,cum_shaped_before,partner_action_idx,partner_action,reward,sparse_reward,built_in_shaped_reward,custom_shaped_reward,cum_sparse_after,cum_shaped_after,delivery_event,p0_pos_after,p0_held_after,p1_pos_after,p1_held_after,objects_after,pots_after
0,2,"(1, 0)","(2, 1)","(0, -1)",,"(1, 2)","(0, -1)",,,"(3, 0):empty;(4, 1):empty",0.0,0.0,1,"(0, 1)",0.0,0.0,0.0,0.0,0.0,0.0,False,"(3, 1)",,"(1, 3)",,,"(3, 0):empty;(4, 1):empty"
1,1,"(0, 1)","(3, 1)","(1, 0)",,"(1, 3)","(0, 1)",,,"(3, 0):empty;(4, 1):empty",0.0,0.0,5,interact,0.0,0.0,0.0,0.0,0.0,0.0,False,"(3, 2)",,"(1, 3)",onion,,"(3, 0):empty;(4, 1):empty"
2,1,"(0, 1)","(3, 2)","(0, 1)",,"(1, 3)","(0, 1)",onion,,"(3, 0):empty;(4, 1):empty",0.0,0.0,0,"(0, -1)",0.0,0.0,0.0,0.0,0.0,0.0,False,"(3, 3)",,"(1, 2)",onion,,"(3, 0):empty;(4, 1):empty"
3,3,"(-1, 0)","(3, 3)","(0, 1)",,"(1, 2)","(0, -1)",onion,,"(3, 0):empty;(4, 1):empty",0.0,0.0,3,"(-1, 0)",0.0,0.0,0.0,0.0,0.0,0.0,False,"(2, 3)",,"(1, 2)",onion,,"(3, 0):empty;(4, 1):empty"
4,3,"(-1, 0)","(2, 3)","(-1, 0)",,"(1, 2)","(-1, 0)",onion,,"(3, 0):empty;(4, 1):empty",0.0,0.0,0,"(0, -1)",0.0,0.0,0.0,0.0,0.0,0.0,False,"(1, 3)",,"(1, 1)",onion,,"(3, 0):empty;(4, 1):empty"
5,5,interact,"(1, 3)","(-1, 0)",,"(1, 1)","(0, -1)",onion,,"(3, 0):empty;(4, 1):empty",0.0,0.0,2,"(1, 0)",0.0,0.0,0.0,0.0,0.0,0.0,False,"(1, 3)",onion,"(2, 1)",onion,,"(3, 0):empty;(4, 1):empty"
6,2,"(1, 0)","(1, 3)","(-1, 0)",onion,"(2, 1)","(1, 0)",onion,,"(3, 0):empty;(4, 1):empty",0.0,0.0,2,"(1, 0)",0.0,0.0,0.0,0.0,0.0,0.0,False,"(2, 3)",onion,"(3, 1)",onion,,"(3, 0):empty;(4, 1):empty"
7,2,"(1, 0)","(2, 3)","(1, 0)",onion,"(3, 1)","(1, 0)",onion,,"(3, 0):empty;(4, 1):empty",0.0,0.0,5,interact,3.0,0.0,3.0,0.0,0.0,3.0,False,"(3, 3)",onion,"(3, 1)",,"(4, 1):soup('onion', 1, 0)","(3, 0):empty;(4, 1):soup('onion', 1, 0)"
8,0,"(0, -1)","(3, 3)","(1, 0)",onion,"(3, 1)","(1, 0)",,"(4, 1):soup('onion', 1, 0)","(3, 0):empty;(4, 1):soup('onion', 1, 0)",0.0,3.0,3,"(-1, 0)",0.0,0.0,0.0,0.0,0.0,3.0,False,"(3, 2)",onion,"(2, 1)",,"(4, 1):soup('onion', 1, 0)","(3, 0):empty;(4, 1):soup('onion', 1, 0)"
9,0,"(0, -1)","(3, 2)","(0, -1)",onion,"(2, 1)","(-1, 0)",,"(4, 1):soup('onion', 1, 0)","(3, 0):empty;(4, 1):soup('onion', 1, 0)",0.0,3.0,3,"(-1, 0)",0.0,0.0,0.0,0.0,0.0,3.0,False,"(3, 1)",onion,"(1, 1)",,"(4, 1):soup('onion', 1, 0)","(3, 0):empty;(4, 1):soup('onion', 1, 0)"
10,2,"(1, 0)","(3, 1)","(0, -1)",onion,"(1, 1)","(-1, 0)",,"(4, 1):soup('onion', 1, 0)","(3, 0):empty;(4, 1):soup('onion', 1, 0)",0.0,3.0,1,"(0, 1)",0.0,0.0,0.0,0.0,0.0,3.0,False,"(3, 1)",onion,"(1, 2)",,"(4, 1):soup('onion', 1, 0)","(3, 0):empty;(4, 1):soup('onion', 1, 0)"
11,5,interact,"(3, 1)","(1, 0)",onion,"(1, 2)","(0, 1)",,"(4, 1):soup('onion', 1, 0)","(3, 0):empty;(4, 1):soup('onion', 1, 0)",0.0,3.0,3,"(-1, 0)",3.0,0.0,3.0,0.0,0.0,6.0,False,"(3, 1)",,"(1, 2)",,"(4, 1):soup('onion', 2, 0)","(3, 0):empty;(4, 1):soup('onion', 2, 0)"
12,1,"(0, 1)","(3, 1)","(1, 0)",,"(1, 2)","(-1, 0)",,"(4, 1):soup('onion', 2, 0)","(3, 0):empty;(4, 1):soup('onion', 2, 0)",0.0,6.0,1,"(0, 1)",0.0,0.0,0.0,0.0,0.0,6.0,False,"(3, 2)",,"(1, 3)",,"(4, 1):soup('onion', 2, 0)","(3, 0):empty;(4, 1):soup('onion', 2, 0)"
13,5,interact,"(3, 2)","(0, 1)",,"(1, 3)","(0, 1)",,"(4, 1):soup('onion', 2, 0)","(3, 0):empty;(4, 1):soup('onion', 2, 0)",0.0,6.0,5,interact,0.0,0.0,0.0,0.0,0.0,6.0,False,"(3, 2)",,"(1, 3)",onion,"(4, 1):soup('onion', 2, 0)","(3, 0):empty;(4, 1):soup('onion', 2, 0)"
14,1,"(0, 1)","(3, 2)","(0, 1)",,"(1, 3)","(0, 1)",onion,"(4, 1):soup('onion', 2, 0)","(3, 0):empty;(4, 1):soup('onion', 2, 0)",0.0,6.0,0,"(0, -1)",0.0,0.0,0.0,0.0,0.0,6.0,False,"(3, 3)",,"(1, 2)",onion,"(4, 1):soup('onion', 2, 0)","(3, 0):empty;(4, 1):soup('onion', 2, 0)"
15,3,"(-1, 0)","(3, 3)","(0, 1)",,"(1, 2)","(0, -1)",onion,"(4, 1):soup('onion', 2, 0)","(3, 0):empty;(4, 1):soup('onion', 2, 0)",0.0,6.0,3,"(-1, 0)",0.0,0.0,0.0,0.0,0.0,6.0,False,"(2, 3)",,"(1, 2)",onion,"(4, 1):soup('onion', 2, 0)","(3, 0):empty;(4, 1):soup('onion', 2, 0)"
16,3,"(-1, 0)","(2, 3)","(-1, 0)",,"(1, 2)","(-1, 0)",onion,"(4, 1):soup('onion', 2, 0)","(3, 0):empty;(4, 1):soup('onion', 2, 0)",0.0,6.0,0,"(0, -1)",0.0,0.0,0.0,0.0,0.0,6.0,False,"(1, 3)",,"(1, 1)",onion,"(4, 1):soup('onion', 2, 0)","(3, 0):empty;(4, 1):soup('onion', 2, 0)"
17,5,interact,"(1, 3)","(-1, 0)",,"(1, 1)","(0, -1)",onion,"(4, 1):soup('onion', 2, 0)","(3, 0):empty;(4, 1):soup('onion', 2, 0)",0.0,6.0,2,"(1, 0)",0.0,0.0,0.0,0.0,0.0,6.0,False,"(1, 3)",onion,"(2, 1)",onion,"(4, 1):soup('onion', 2, 0)","(3, 0):empty;(4, 1):soup('onion', 2, 0)"
18,2,"(1, 0)","(1, 3)","(-1, 0)",onion,"(2, 1)","(1, 0)",onion,"(4, 1):soup('onion', 2, 0)","(3, 0):empty;(4, 1):soup('onion', 2, 0)",0.0,6.0,2,"(1, 0)",0.0,0.0,0.0,0.0,0.0,6.0,False,"(2, 3)",onion,"(3, 1)",onion,"(4, 1):soup('onion', 2, 0)","(3, 0):empty;(4, 1):soup('onion', 2, 0)"
19,2,"(1, 0)","(2, 3)","(1, 0)",onion,"(3, 1)","(1, 0)",onion,"(4, 1):soup('onion', 2, 0)","(3, 0):empty;(4, 1):soup('onion', 2, 0)",0.0,6.0,5,interact,3.0,0.0,3.0,0.0,0.0,9.0,False,"(3, 3)",onion,"(3, 1)",,"(4, 1):soup('onion', 3, 1)","(3, 0):empty;(4, 1):soup('onion', 3, 1)"
20,0,"(0, -1)","(3, 3)","(1, 0)",onion,"(3, 1)","(1, 0)",,"(4, 1):soup('onion', 3, 1)","(3, 0):empty;(4, 1):soup('onion', 3, 1)",0.0,9.0,3,"(-1, 0)",0.0,0.0,0.0,0.0,0.0,9.0,False,"(3, 2)",onion,"(2, 1)",,"(4, 1):soup('onion', 3, 2)","(3, 0):empty;(4, 1):soup('onion', 3, 2)"
21,0,"(0, -1)","(3, 2)","(0, -1)",onion,"(2, 1)","(-1, 0)",,"(4, 1):soup('onion', 3, 2)","(3, 0):empty;(4, 1):soup('onion', 3, 2)",0.0,9.0,3,"(-1, 0)",0.0,0.0,0.0,0.0,0.0,9.0,False,"(3, 1)",onion,"(1, 1)",,"(4, 1):soup('onion', 3, 3)","(3, 0):empty;(4, 1):soup('onion', 3, 3)"
22,5,interact,"(3, 1)","(0, -1)",onion,"(1, 1)","(-1, 0)",,"(4, 1):soup('onion', 3, 3)","(3, 0):empty;(4, 1):soup('onion', 3, 3)",0.0,9.0,1,"(0, 1)",3.0,0.0,3.0,0.0,0.0,12.0,False,"(3, 1)",,"(1, 2)",,"(3, 0):soup('onion', 1, 0);(4, 1):soup('onion', 3, 4)","(3, 0):soup('onion', 1, 0);(4, 1):soup('onion', 3, 4)"
23,2,"(1, 0)","(3, 1)","(0, -1)",,"(1, 2)","(0, 1)",,"(3, 0):soup('onion', 1, 0);(4, 1):soup('onion', 3, 4)","(3, 0):soup('onion', 1, 0);(4, 1):soup('onion', 3, 4)",0.0,12.0,3,"(-1, 0)",0.0,0.0,0.0,0.0,0.0,12.0,False,"(3, 1)",,"(1, 2)",,"(3, 0):soup('onion', 1, 0);(4, 1):soup('onion', 3, 5)","(3, 0):soup('onion', 1, 0);(4, 1):soup('onion', 3, 5)"
24,1,"(0, 1)","(3, 1)","(1, 0)",,"(1, 2)","(-1, 0)",,"(3, 0):soup('onion', 1, 0);(4, 1):soup('onion', 3, 5)","(3, 0):soup('onion', 1, 0);(4, 1):soup('onion', 3, 5)",0.0,12.0,5,interact,3.0,0.0,3.0,0.0,0.0,15.0,False,"(3, 2)",,"(1, 2)",dish,"(3, 0):soup('onion', 1, 0);(4, 1):soup('onion', 3, 6)","(3, 0):soup('onion', 1, 0);(4, 1):soup('onion', 3, 6)"
25,1,"(0, 1)","(3, 2)","(0, 1)",,"(1, 2)","(-1, 0)",dish,"(3, 0):soup('onion', 1, 0);(4, 1):soup('onion', 3, 6)","(3, 0):soup('onion', 1, 0);(4, 1):soup('onion', 3, 6)",0.0,15.0,5,interact,0.0,0.0,0.0,0.0,0.0,15.0,False,"(3, 3)",,"(1, 2)",dish,"(3, 0):soup('onion', 1, 0);(4, 1):soup('onion', 3, 7)","(3, 0):soup('onion', 1, 0);(4, 1):soup('onion', 3, 7)"
26,3,"(-1, 0)","(3, 3)","(0, 1)",,"(1, 2)","(-1, 0)",dish,"(3, 0):soup('onion', 1, 0);(4, 1):soup('onion', 3, 7)","(3, 0):soup('onion', 1, 0);(4, 1):soup('onion', 3, 7)",0.0,15.0,5,interact,0.0,0.0,0.0,0.0,0.0,15.0,False,"(2, 3)",,"(1, 2)",dish,"(3, 0):soup('onion', 1, 0);(4, 1):soup('onion', 3, 8)","(3, 0):soup('onion', 1, 0);(4, 1):soup('onion', 3, 8)"
27,3,"(-1, 0)","(2, 3)","(-1, 0)",,"(1, 2)","(-1, 0)",dish,"(3, 0):soup('onion', 1, 0);(4, 1):soup('onion', 3, 8)","(3, 0):soup('onion', 1, 0);(4, 1):soup('onion', 3, 8)",0.0,15.0,5,interact,0.0,0.0,0.0,0.0,0.0,15.0,False,"(1, 3)",,"(1, 2)",dish,"(3, 0):soup('onion', 1, 0);(4, 1):soup('onion', 3, 9)","(3, 0):soup('onion', 1, 0);(4, 1):soup('onion', 3, 9)"
28,5,interact,"(1, 3)","(-1, 0)",,"(1, 2)","(-1, 0)",dish,"(3, 0):soup('onion', 1, 0);(4, 1):soup('onion', 3, 9)","(3, 0):soup('onion', 1, 0);(4, 1):soup('onion', 3, 9)",0.0,15.0,5,interact,0.0,0.0,0.0,0.0,0.0,15.0,False,"(1, 3)",onion,"(1, 2)",dish,"(3, 0):soup('onion', 1, 0);(4, 1):soup('onion', 3, 10)","(3, 0):soup('onion', 1, 0);(4, 1):soup('onion', 3, 10)"
29,5,interact,"(1, 3)","(-1, 0)",onion,"(1, 2)","(-1, 0)",dish,"(3, 0):soup('onion', 1, 0);(4, 1):soup('onion', 3, 10)","(3, 0):soup('onion', 1, 0);(4, 1):soup('onion', 3, 10)",0.0,15.0,0,"(0, -1)",0.0,0.0,0.0,0.0,0.0,15.0,False,"(1, 3)",onion,"(1, 1)",dish,"(3, 0):soup('onion', 1, 0);(4, 1):soup('onion', 3, 11)","(3, 0):soup('onion', 1, 0);(4, 1):soup('onion', 3, 11)"
30,5,interact,"(1, 3)","(-1, 0)",onion,"(1, 1)","(0, -1)",dish,"(3, 0):soup('onion', 1, 0);(4, 1):soup('onion', 3, 11)","(3, 0):soup('onion', 1, 0);(4, 1):soup('onion', 3, 11)",0.0,15.0,2,"(1, 0)",0.0,0.0,0.0,0.0,0.0,15.0,False,"(1, 3)",onion,"(2, 1)",dish,"(3, 0):soup('onion', 1, 0);(4, 1):soup('onion', 3, 12)","(3, 0):soup('onion', 1, 0);(4, 1):soup('onion', 3, 12)"
31,5,interact,"(1, 3)","(-1, 0)",onion,"(2, 1)","(1, 0)",dish,"(3, 0):soup('onion', 1, 0);(4, 1):soup('onion', 3, 12)","(3, 0):soup('onion', 1, 0);(4, 1):soup('onion', 3, 12)",0.0,15.0,2,"(1, 0)",0.0,0.0,0.0,0.0,0.0,15.0,False,"(1, 3)",onion,"(3, 1)",dish,"(3, 0):soup('onion', 1, 0);(4, 1):soup('onion', 3, 13)","(3, 0):soup('onion', 1, 0);(4, 1):soup('onion', 3, 13)"
32,5,interact,"(1, 3)","(-1, 0)",onion,"(3, 1)","(1, 0)",dish,"(3, 0):soup('onion', 1, 0);(4, 1):soup('onion', 3, 13)","(3, 0):soup('onion', 1, 0);(4, 1):soup('onion', 3, 13)",0.0,15.0,5,interact,0.0,0.0,0.0,0.0,0.0,15.0,False,"(1, 3)",onion,"(3, 1)",dish,"(3, 0):soup('onion', 1, 0);(4, 1):soup('onion', 3, 14)","(3, 0):soup('onion', 1, 0);(4, 1):soup('onion', 3, 14)"
33,5,interact,"(1, 3)","(-1, 0)",onion,"(3, 1)","(1, 0)",dish,"(3, 0):soup('onion', 1, 0);(4, 1):soup('onion', 3, 14)","(3, 0):soup('onion', 1, 0);(4, 1):soup('onion', 3, 14)",0.0,15.0,5,interact,0.0,0.0,0.0,0.0,0.0,15.0,False,"(1, 3)",onion,"(3, 1)",dish,"(3, 0):soup('onion', 1, 0);(4, 1):soup('onion', 3, 15)","(3, 0):soup('onion', 1, 0);(4, 1):soup('onion', 3, 15)"
34,5,interact,"(1, 3)","(-1, 0)",onion,"(3, 1)","(1, 0)",dish,"(3, 0):soup('onion', 1, 0);(4, 1):soup('onion', 3, 15)","(3, 0):soup('onion', 1, 0);(4, 1):soup('onion', 3, 15)",0.0,15.0,5,interact,0.0,0.0,0.0,0.0,0.0,15.0,False,"(1, 3)",onion,"(3, 1)",dish,"(3, 0):soup('onion', 1, 0);(4, 1):soup('onion', 3, 16)","(3, 0):soup('onion', 1, 0);(4, 1):soup('onion', 3, 16)"
35,5,interact,"(1, 3)","(-1, 0)",onion,"(3, 1)","(1, 0)",dish,"(3, 0):soup('onion', 1, 0);(4, 1):soup('onion', 3, 16)","(3, 0):soup('onion', 1, 0);(4, 1):soup('onion', 3, 16)",0.0,15.0,5,interact,0.0,0.0,0.0,0.0,0.0,15.0,False,"(1, 3)",onion,"(3, 1)",dish,"(3, 0):soup('onion', 1, 0);(4, 1):soup('onion', 3, 17)","(3, 0):soup('onion', 1, 0);(4, 1):soup('onion', 3, 17)"
36,5,interact,"(1, 3)","(-1, 0)",onion,"(3, 1)","(1, 0)",dish,"(3, 0):soup('onion', 1, 0);(4, 1):soup('onion', 3, 17)","(3, 0):soup('onion', 1, 0);(4, 1):soup('onion', 3, 17)",0.0,15.0,5,interact,0.0,0.0,0.0,0.0,0.0,15.0,False,"(1, 3)",onion,"(3, 1)",dish,"(3, 0):soup('onion', 1, 0);(4, 1):soup('onion', 3, 18)","(3, 0):soup('onion', 1, 0);(4, 1):soup('onion', 3, 18)"
37,5,interact,"(1, 3)","(-1, 0)",onion,"(3, 1)","(1, 0)",dish,"(3, 0):soup('onion', 1, 0);(4, 1):soup('onion', 3, 18)","(3, 0):soup('onion', 1, 0);(4, 1):soup('onion', 3, 18)",0.0,15.0,5,interact,0.0,0.0,0.0,0.0,0.0,15.0,False,"(1, 3)",onion,"(3, 1)",dish,"(3, 0):soup('onion', 1, 0);(4, 1):soup('onion', 3, 19)","(3, 0):soup('onion', 1, 0);(4, 1):soup('onion', 3, 19)"
38,5,interact,"(1, 3)","(-1, 0)",onion,"(3, 1)","(1, 0)",dish,"(3, 0):soup('onion', 1, 0);(4, 1):soup('onion', 3, 19)","(3, 0):soup('onion', 1, 0);(4, 1):soup('onion', 3, 19)",0.0,15.0,5,interact,0.0,0.0,0.0,0.0,0.0,15.0,False,"(1, 3)",onion,"(3, 1)",dish,"(3, 0):soup('onion', 1, 0);(4, 1):soup('onion', 3, 20)","(3, 0):soup('onion', 1, 0);(4, 1):soup('onion', 3, 20)"
39,0,"(0, -1)","(1, 3)","(-1, 0)",onion,"(3, 1)","(1, 0)",dish,"(3, 0):soup('onion', 1, 0);(4, 1):soup('onion', 3, 20)","(3, 0):soup('onion', 1, 0);(4, 1):soup('onion', 3, 20)",0.0,15.0,5,interact,5.0,0.0,5.0,0.0,0.0,20.0,False,"(1, 2)",onion,"(3, 1)","soup('onion', 3, 20)","(3, 0):soup('onion', 1, 0)","(3, 0):soup('onion', 1, 0);(4, 1):empty"
40,0,"(0, -1)","(1, 2)","(0, -1)",onion,"(3, 1)","(1, 0)","soup('onion', 3, 20)","(3, 0):soup('onion', 1, 0)","(3, 0):soup('onion', 1, 0);(4, 1):empty",0.0,20.0,1,"(0, 1)",0.0,0.0,0.0,0.0,0.0,20.0,False,"(1, 1)",onion,"(3, 2)","soup('onion', 3, 20)","(3, 0):soup('onion', 1, 0)","(3, 0):soup('onion', 1, 0);(4, 1):empty"
41,2,"(1, 0)","(1, 1)","(0, -1)",onion,"(3, 2)","(0, 1)","soup('onion', 3, 20)","(3, 0):soup('onion', 1, 0)","(3, 0):soup('onion', 1, 0);(4, 1):empty",0.0,20.0,1,"(0, 1)",0.0,0.0,0.0,0.0,0.0,20.0,False,"(2, 1)",onion,"(3, 3)","soup('onion', 3, 20)","(3, 0):soup('onion', 1, 0)","(3, 0):soup('onion', 1, 0);(4, 1):empty"
42,2,"(1, 0)","(2, 1)","(1, 0)",onion,"(3, 3)","(0, 1)","soup('onion', 3, 20)","(3, 0):soup('onion', 1, 0)","(3, 0):soup('onion', 1, 0);(4, 1):empty",0.0,20.0,3,"(-1, 0)",0.0,0.0,0.0,0.0,0.0,20.0,False,"(3, 1)",onion,"(2, 3)","soup('onion', 3, 20)","(3, 0):soup('onion', 1, 0)","(3, 0):soup('onion', 1, 0);(4, 1):empty"
43,5,interact,"(3, 1)","(1, 0)",onion,"(2, 3)","(-1, 0)","soup('onion', 3, 20)","(3, 0):soup('onion', 1, 0)","(3, 0):soup('onion', 1, 0);(4, 1):empty",0.0,20.0,1,"(0, 1)",3.0,0.0,3.0,0.0,0.0,23.0,False,"(3, 1)",,"(2, 3)","soup('onion', 3, 20)","(3, 0):soup('onion', 1, 0);(4, 1):soup('onion', 1, 0)","(3, 0):soup('onion', 1, 0);(4, 1):soup('onion', 1, 0)"
44,1,"(0, 1)","(3, 1)","(1, 0)",,"(2, 3)","(0, 1)","soup('onion', 3, 20)","(3, 0):soup('onion', 1, 0);(4, 1):soup('onion', 1, 0)","(3, 0):soup('onion', 1, 0);(4, 1):soup('onion', 1, 0)",0.0,23.0,5,interact,20.0,20.0,0.0,0.0,20.0,23.0,True,"(3, 2)",,"(2, 3)",,"(3, 0):soup('onion', 1, 0);(4, 1):soup('onion', 1, 0)","(3, 0):soup('onion', 1, 0);(4, 1):soup('onion', 1, 0)"
45,1,"(0, 1)","(3, 2)","(0, 1)",,"(2, 3)","(0, 1)",,"(3, 0):soup('onion', 1, 0);(4, 1):soup('onion', 1, 0)","(3, 0):soup('onion', 1, 0);(4, 1):soup('onion', 1, 0)",20.0,23.0,3,"(-1, 0)",0.0,0.0,0.0,0.0,20.0,23.0,False,"(3, 3)",,"(1, 3)",,"(3, 0):soup('onion', 1, 0);(4, 1):soup('onion', 1, 0)","(3, 0):soup('onion', 1, 0);(4, 1):soup('onion', 1, 0)"
46,5,interact,"(3, 3)","(0, 1)",,"(1, 3)","(-1, 0)",,"(3, 0):soup('onion', 1, 0);(4, 1):soup('onion', 1, 0)","(3, 0):soup('onion', 1, 0);(4, 1):soup('onion', 1, 0)",20.0,23.0,5,interact,0.0,0.0,0.0,0.0,20.0,23.0,False,"(3, 3)",,"(1, 3)",onion,"(3, 0):soup('onion', 1, 0);(4, 1):soup('onion', 1, 0)","(3, 0):soup('onion', 1, 0);(4, 1):soup('onion', 1, 0)"
47,5,interact,"(3, 3)","(0, 1)",,"(1, 3)","(-1, 0)",onion,"(3, 0):soup('onion', 1, 0);(4, 1):soup('onion', 1, 0)","(3, 0):soup('onion', 1, 0);(4, 1):soup('onion', 1, 0)",20.0,23.0,0,"(0, -1)",0.0,0.0,0.0,0.0,20.0,23.0,False,"(3, 3)",,"(1, 2)",onion,"(3, 0):soup('onion', 1, 0);(4, 1):soup('onion', 1, 0)","(3, 0):soup('onion', 1, 0);(4, 1):soup('onion', 1, 0)"
48,3,"(-1, 0)","(3, 3)","(0, 1)",,"(1, 2)","(0, -1)",onion,"(3, 0):soup('onion', 1, 0);(4, 1):soup('onion', 1, 0)","(3, 0):soup('onion', 1, 0);(4, 1):soup('onion', 1, 0)",20.0,23.0,3,"(-1, 0)",0.0,0.0,0.0,0.0,20.0,23.0,False,"(2, 3)",,"(1, 2)",onion,"(3, 0):soup('onion', 1, 0);(4, 1):soup('onion', 1, 0)","(3, 0):soup('onion', 1, 0);(4, 1):soup('onion', 1, 0)"
49,3,"(-1, 0)","(2, 3)","(-1, 0)",,"(1, 2)","(-1, 0)",onion,"(3, 0):soup('onion', 1, 0);(4, 1):soup('onion', 1, 0)","(3, 0):soup('onion', 1, 0);(4, 1):soup('onion', 1, 0)",20.0,23.0,0,"(0, -1)",0.0,0.0,0.0,0.0,20.0,23.0,False,"(1, 3)",,"(1, 1)",onion,"(3, 0):soup('onion', 1, 0);(4, 1):soup('onion', 1, 0)","(3, 0):soup('onion', 1, 0);(4, 1):soup('onion', 1, 0)"
50,5,interact,"(1, 3)","(-1, 0)",,"(1, 1)","(0, -1)",onion,"(3, 0):soup('onion', 1, 0);(4, 1):soup('onion', 1, 0)","(3, 0):soup('onion', 1, 0);(4, 1):soup('onion', 1, 0)",20.0,23.0,2,"(1, 0)",0.0,0.0,0.0,0.0,20.0,23.0,False,"(1, 3)",onion,"(2, 1)",onion,"(3, 0):soup('onion', 1, 0);(4, 1):soup('onion', 1, 0)","(3, 0):soup('onion', 1, 0);(4, 1):soup('onion', 1, 0)"
51,2,"(1, 0)","(1, 3)","(-1, 0)",onion,"(2, 1)","(1, 0)",onion,"(3, 0):soup('onion', 1, 0);(4, 1):soup('onion', 1, 0)","(3, 0):soup('onion', 1, 0);(4, 1):soup('onion', 1, 0)",20.0,23.0,2,"(1, 0)",0.0,0.0,0.0,0.0,20.0,23.0,False,"(2, 3)",onion,"(3, 1)",onion,"(3, 0):soup('onion', 1, 0);(4, 1):soup('onion', 1, 0)","(3, 0):soup('onion', 1, 0);(4, 1):soup('onion', 1, 0)"
52,1,"(0, 1)","(2, 3)","(1, 0)",onion,"(3, 1)","(1, 0)",onion,"(3, 0):soup('onion', 1, 0);(4, 1):soup('onion', 1, 0)","(3, 0):soup('onion', 1, 0);(4, 1):soup('onion', 1, 0)",20.0,23.0,5,interact,3.0,0.0,3.0,0.0,20.0,26.0,False,"(2, 3)",onion,"(3, 1)",,"(3, 0):soup('onion', 1, 0);(4, 1):soup('onion', 2, 0)","(3, 0):soup('onion', 1, 0);(4, 1):soup('onion', 2, 0)"
53,2,"(1, 0)","(2, 3)","(0, 1)",onion,"(3, 1)","(1, 0)",,"(3, 0):soup('onion', 1, 0);(4, 1):soup('onion', 2, 0)","(3, 0):soup('onion', 1, 0);(4, 1):soup('onion', 2, 0)",20.0,26.0,3,"(-1, 0)",0.0,0.0,0.0,0.0,20.0,26.0,False,"(3, 3)",onion,"(2, 1)",,"(3, 0):soup('onion', 1, 0);(4, 1):soup('onion', 2, 0)","(3, 0):soup('onion', 1, 0);(4, 1):soup('onion', 2, 0)"
54,0,"(0, -1)","(3, 3)","(1, 0)",onion,"(2, 1)","(-1, 0)",,"(3, 0):soup('onion', 1, 0);(4, 1):soup('onion', 2, 0)","(3, 0):soup('onion', 1, 0);(4, 1):soup('onion', 2, 0)",20.0,26.0,3,"(-1, 0)",0.0,0.0,0.0,0.0,20.0,26.0,False,"(3, 2)",onion,"(1, 1)",,"(3, 0):soup('onion', 1, 0);(4, 1):soup('onion', 2, 0)","(3, 0):soup('onion', 1, 0);(4, 1):soup('onion', 2, 0)"
55,0,"(0, -1)","(3, 2)","(0, -1)",onion,"(1, 1)","(-1, 0)",,"(3, 0):soup('onion', 1, 0);(4, 1):soup('onion', 2, 0)","(3, 0):soup('onion', 1, 0);(4, 1):soup('onion', 2, 0)",20.0,26.0,1,"(0, 1)",0.0,0.0,0.0,0.0,20.0,26.0,False,"(3, 1)",onion,"(1, 2)",,"(3, 0):soup('onion', 1, 0);(4, 1):soup('onion', 2, 0)","(3, 0):soup('onion', 1, 0);(4, 1):soup('onion', 2, 0)"
56,2,"(1, 0)","(3, 1)","(0, -1)",onion,"(1, 2)","(0, 1)",,"(3, 0):soup('onion', 1, 0);(4, 1):soup('onion', 2, 0)","(3, 0):soup('onion', 1, 0);(4, 1):soup('onion', 2, 0)",20.0,26.0,5,interact,0.0,0.0,0.0,0.0,20.0,26.0,False,"(3, 1)",onion,"(1, 2)",,"(3, 0):soup('onion', 1, 0);(4, 1):soup('onion', 2, 0)","(3, 0):soup('onion', 1, 0);(4, 1):soup('onion', 2, 0)"
57,5,interact,"(3, 1)","(1, 0)",onion,"(1, 2)","(0, 1)",,"(3, 0):soup('onion', 1, 0);(4, 1):soup('onion', 2, 0)","(3, 0):soup('onion', 1, 0);(4, 1):soup('onion', 2, 0)",20.0,26.0,5,interact,3.0,0.0,3.0,0.0,20.0,29.0,False,"(3, 1)",,"(1, 2)",,"(3, 0):soup('onion', 1, 0);(4, 1):soup('onion', 3, 1)","(3, 0):soup('onion', 1, 0);(4, 1):soup('onion', 3, 1)"
58,2,"(1, 0)","(3, 1)","(1, 0)",,"(1, 2)","(0, 1)",,"(3, 0):soup('onion', 1, 0);(4, 1):soup('onion', 3, 1)","(3, 0):soup('onion', 1, 0);(4, 1):soup('onion', 3, 1)",20.0,29.0,3,"(-1, 0)",0.0,0.0,0.0,0.0,20.0,29.0,False,"(3, 1)",,"(1, 2)",,"(3, 0):soup('onion', 1, 0);(4, 1):soup('onion', 3, 2)","(3, 0):soup('onion', 1, 0);(4, 1):soup('onion', 3, 2)"
59,1,"(0, 1)","(3, 1)","(1, 0)",,"(1, 2)","(-1, 0)",,"(3, 0):soup('onion', 1, 0);(4, 1):soup('onion', 3, 2)","(3, 0):soup('onion', 1, 0);(4, 1):soup('onion', 3, 2)",20.0,29.0,5,interact,3.0,0.0,3.0,0.0,20.0,32.0,False,"(3, 2)",,"(1, 2)",dish,"(3, 0):soup('onion', 1, 0);(4, 1):soup('onion', 3, 3)","(3, 0):soup('onion', 1, 0);(4, 1):soup('onion', 3, 3)"
60,1,"(0, 1)","(3, 2)","(0, 1)",,"(1, 2)","(-1, 0)",dish,"(3, 0):soup('onion', 1, 0);(4, 1):soup('onion', 3, 3)","(3, 0):soup('onion', 1, 0);(4, 1):soup('onion', 3, 3)",20.0,32.0,5,interact,0.0,0.0,0.0,0.0,20.0,32.0,False,"(3, 3)",,"(1, 2)",dish,"(3, 0):soup('onion', 1, 0);(4, 1):soup('onion', 3, 4)","(3, 0):soup('onion', 1, 0);(4, 1):soup('onion', 3, 4)"
61,3,"(-1, 0)","(3, 3)","(0, 1)",,"(1, 2)","(-1, 0)",dish,"(3, 0):soup('onion', 1, 0);(4, 1):soup('onion', 3, 4)","(3, 0):soup('onion', 1, 0);(4, 1):soup('onion', 3, 4)",20.0,32.0,5,interact,0.0,0.0,0.0,0.0,20.0,32.0,False,"(2, 3)",,"(1, 2)",dish,"(3, 0):soup('onion', 1, 0);(4, 1):soup('onion', 3, 5)","(3, 0):soup('onion', 1, 0);(4, 1):soup('onion', 3, 5)"
62,3,"(-1, 0)","(2, 3)","(-1, 0)",,"(1, 2)","(-1, 0)",dish,"(3, 0):soup('onion', 1, 0);(4, 1):soup('onion', 3, 5)","(3, 0):soup('onion', 1, 0);(4, 1):soup('onion', 3, 5)",20.0,32.0,5,interact,0.0,0.0,0.0,0.0,20.0,32.0,False,"(1, 3)",,"(1, 2)",dish,"(3, 0):soup('onion', 1, 0);(4, 1):soup('onion', 3, 6)","(3, 0):soup('onion', 1, 0);(4, 1):soup('onion', 3, 6)"
63,5,interact,"(1, 3)","(-1, 0)",,"(1, 2)","(-1, 0)",dish,"(3, 0):soup('onion', 1, 0);(4, 1):soup('onion', 3, 6)","(3, 0):soup('onion', 1, 0);(4, 1):soup('onion', 3, 6)",20.0,32.0,5,interact,0.0,0.0,0.0,0.0,20.0,32.0,False,"(1, 3)",onion,"(1, 2)",dish,"(3, 0):soup('onion', 1, 0);(4, 1):soup('onion', 3, 7)","(3, 0):soup('onion', 1, 0);(4, 1):soup('onion', 3, 7)"
64,5,interact,"(1, 3)","(-1, 0)",onion,"(1, 2)","(-1, 0)",dish,"(3, 0):soup('onion', 1, 0);(4, 1):soup('onion', 3, 7)","(3, 0):soup('onion', 1, 0);(4, 1):soup('onion', 3, 7)",20.0,32.0,0,"(0, -1)",0.0,0.0,0.0,0.0,20.0,32.0,False,"(1, 3)",onion,"(1, 1)",dish,"(3, 0):soup('onion', 1, 0);(4, 1):soup('onion', 3, 8)","(3, 0):soup('onion', 1, 0);(4, 1):soup('onion', 3, 8)"
65,5,interact,"(1, 3)","(-1, 0)",onion,"(1, 1)","(0, -1)",dish,"(3, 0):soup('onion', 1, 0);(4, 1):soup('onion', 3, 8)","(3, 0):soup('onion', 1, 0);(4, 1):soup('onion', 3, 8)",20.0,32.0,2,"(1, 0)",0.0,0.0,0.0,0.0,20.0,32.0,False,"(1, 3)",onion,"(2, 1)",dish,"(3, 0):soup('onion', 1, 0);(4, 1):soup('onion', 3, 9)","(3, 0):soup('onion', 1, 0);(4, 1):soup('onion', 3, 9)"
66,5,interact,"(1, 3)","(-1, 0)",onion,"(2, 1)","(1, 0)",dish,"(3, 0):soup('onion', 1, 0);(4, 1):soup('onion', 3, 9)","(3, 0):soup('onion', 1, 0);(4, 1):soup('onion', 3, 9)",20.0,32.0,2,"(1, 0)",0.0,0.0,0.0,0.0,20.0,32.0,False,"(1, 3)",onion,"(3, 1)",dish,"(3, 0):soup('onion', 1, 0);(4, 1):soup('onion', 3, 10)","(3, 0):soup('onion', 1, 0);(4, 1):soup('onion', 3, 10)"
67,5,interact,"(1, 3)","(-1, 0)",onion,"(3, 1)","(1, 0)",dish,"(3, 0):soup('onion', 1, 0);(4, 1):soup('onion', 3, 10)","(3, 0):soup('onion', 1, 0);(4, 1):soup('onion', 3, 10)",20.0,32.0,5,interact,0.0,0.0,0.0,0.0,20.0,32.0,False,"(1, 3)",onion,"(3, 1)",dish,"(3, 0):soup('onion', 1, 0);(4, 1):soup('onion', 3, 11)","(3, 0):soup('onion', 1, 0);(4, 1):soup('onion', 3, 11)"
68,5,interact,"(1, 3)","(-1, 0)",onion,"(3, 1)","(1, 0)",dish,"(3, 0):soup('onion', 1, 0);(4, 1):soup('onion', 3, 11)","(3, 0):soup('onion', 1, 0);(4, 1):soup('onion', 3, 11)",20.0,32.0,5,interact,0.0,0.0,0.0,0.0,20.0,32.0,False,"(1, 3)",onion,"(3, 1)",dish,"(3, 0):soup('onion', 1, 0);(4, 1):soup('onion', 3, 12)","(3, 0):soup('onion', 1, 0);(4, 1):soup('onion', 3, 12)"
69,5,interact,"(1, 3)","(-1, 0)",onion,"(3, 1)","(1, 0)",dish,"(3, 0):soup('onion', 1, 0);(4, 1):soup('onion', 3, 12)","(3, 0):soup('onion', 1, 0);(4, 1):soup('onion', 3, 12)",20.0,32.0,5,interact,0.0,0.0,0.0,0.0,20.0,32.0,False,"(1, 3)",onion,"(3, 1)",dish,"(3, 0):soup('onion', 1, 0);(4, 1):soup('onion', 3, 13)","(3, 0):soup('onion', 1, 0);(4, 1):soup('onion', 3, 13)"
70,5,interact,"(1, 3)","(-1, 0)",onion,"(3, 1)","(1, 0)",dish,"(3, 0):soup('onion', 1, 0);(4, 1):soup('onion', 3, 13)","(3, 0):soup('onion', 1, 0);(4, 1):soup('onion', 3, 13)",20.0,32.0,5,interact,0.0,0.0,0.0,0.0,20.0,32.0,False,"(1, 3)",onion,"(3, 1)",dish,"(3, 0):soup('onion', 1, 0);(4, 1):soup('onion', 3, 14)","(3, 0):soup('onion', 1, 0);(4, 1):soup('onion', 3, 14)"
71,5,interact,"(1, 3)","(-1, 0)",onion,"(3, 1)","(1, 0)",dish,"(3, 0):soup('onion', 1, 0);(4, 1):soup('onion', 3, 14)","(3, 0):soup('onion', 1, 0);(4, 1):soup('onion', 3, 14)",20.0,32.0,5,interact,0.0,0.0,0.0,0.0,20.0,32.0,False,"(1, 3)",onion,"(3, 1)",dish,"(3, 0):soup('onion', 1, 0);(4, 1):soup('onion', 3, 15)","(3, 0):soup('onion', 1, 0);(4, 1):soup('onion', 3, 15)"
72,5,interact,"(1, 3)","(-1, 0)",onion,"(3, 1)","(1, 0)",dish,"(3, 0):soup('onion', 1, 0);(4, 1):soup('onion', 3, 15)","(3, 0):soup('onion', 1, 0);(4, 1):soup('onion', 3, 15)",20.0,32.0,5,interact,0.0,0.0,0.0,0.0,20.0,32.0,False,"(1, 3)",onion,"(3, 1)",dish,"(3, 0):soup('onion', 1, 0);(4, 1):soup('onion', 3, 16)","(3, 0):soup('onion', 1, 0);(4, 1):soup('onion', 3, 16)"
73,5,interact,"(1, 3)","(-1, 0)",onion,"(3, 1)","(1, 0)",dish,"(3, 0):soup('onion', 1, 0);(4, 1):soup('onion', 3, 16)","(3, 0):soup('onion', 1, 0);(4, 1):soup('onion', 3, 16)",20.0,32.0,5,interact,0.0,0.0,0.0,0.0,20.0,32.0,False,"(1, 3)",onion,"(3, 1)",dish,"(3, 0):soup('onion', 1, 0);(4, 1):soup('onion', 3, 17)","(3, 0):soup('onion', 1, 0);(4, 1):soup('onion', 3, 17)"
74,5,interact,"(1, 3)","(-1, 0)",onion,"(3, 1)","(1, 0)",dish,"(3, 0):soup('onion', 1, 0);(4, 1):soup('onion', 3, 17)","(3, 0):soup('onion', 1, 0);(4, 1):soup('onion', 3, 17)",20.0,32.0,5,interact,0.0,0.0,0.0,0.0,20.0,32.0,False,"(1, 3)",onion,"(3, 1)",dish,"(3, 0):soup('onion', 1, 0);(4, 1):soup('onion', 3, 18)","(3, 0):soup('onion', 1, 0);(4, 1):soup('onion', 3, 18)"
75,5,interact,"(1, 3)","(-1, 0)",onion,"(3, 1)","(1, 0)",dish,"(3, 0):soup('onion', 1, 0);(4, 1):soup('onion', 3, 18)","(3, 0):soup('onion', 1, 0);(4, 1):soup('onion', 3, 18)",20.0,32.0,5,interact,0.0,0.0,0.0,0.0,20.0,32.0,False,"(1, 3)",onion,"(3, 1)",dish,"(3, 0):soup('onion', 1, 0);(4, 1):soup('onion', 3, 19)","(3, 0):soup('onion', 1, 0);(4, 1):soup('onion', 3, 19)"
76,5,interact,"(1, 3)","(-1, 0)",onion,"(3, 1)","(1, 0)",dish,"(3, 0):soup('onion', 1, 0);(4, 1):soup('onion', 3, 19)","(3, 0):soup('onion', 1, 0);(4, 1):soup('onion', 3, 19)",20.0,32.0,5,interact,0.0,0.0,0.0,0.0,20.0,32.0,False,"(1, 3)",onion,"(3, 1)",dish,"(3, 0):soup('onion', 1, 0);(4, 1):soup('onion', 3, 20)","(3, 0):soup('onion', 1, 0);(4, 1):soup('onion', 3, 20)"
77,0,"(0, -1)","(1, 3)","(-1, 0)",onion,"(3, 1)","(1, 0)",dish,"(3, 0):soup('onion', 1, 0);(4, 1):soup('onion', 3, 20)","(3, 0):soup('onion', 1, 0);(4, 1):soup('onion', 3, 20)",20.0,32.0,5,interact,5.0,0.0,5.0,0.0,20.0,37.0,False,"(1, 2)",onion,"(3, 1)","soup('onion', 3, 20)","(3, 0):soup('onion', 1, 0)","(3, 0):soup('onion', 1, 0);(4, 1):empty"
78,0,"(0, -1)","(1, 2)","(0, -1)",onion,"(3, 1)","(1, 0)","soup('onion', 3, 20)","(3, 0):soup('onion', 1, 0)","(3, 0):soup('onion', 1, 0);(4, 1):empty",20.0,37.0,1,"(0, 1)",0.0,0.0,0.0,0.0,20.0,37.0,False,"(1, 1)",onion,"(3, 2)","soup('onion', 3, 20)","(3, 0):soup('onion', 1, 0)","(3, 0):soup('onion', 1, 0);(4, 1):empty"
79,2,"(1, 0)","(1, 1)","(0, -1)",onion,"(3, 2)","(0, 1)","soup('onion', 3, 20)","(3, 0):soup('onion', 1, 0)","(3, 0):soup('onion', 1, 0);(4, 1):empty",20.0,37.0,1,"(0, 1)",0.0,0.0,0.0,0.0,20.0,37.0,False,"(2, 1)",onion,"(3, 3)","soup('onion', 3, 20)","(3, 0):soup('onion', 1, 0)","(3, 0):soup('onion', 1, 0);(4, 1):empty"
80,2,"(1, 0)","(2, 1)","(1, 0)",onion,"(3, 3)","(0, 1)","soup('onion', 3, 20)","(3, 0):soup('onion', 1, 0)","(3, 0):soup('onion', 1, 0);(4, 1):empty",20.0,37.0,3,"(-1, 0)",0.0,0.0,0.0,0.0,20.0,37.0,False,"(3, 1)",onion,"(2, 3)","soup('onion', 3, 20)","(3, 0):soup('onion', 1, 0)","(3, 0):soup('onion', 1, 0);(4, 1):empty"
81,5,interact,"(3, 1)","(1, 0)",onion,"(2, 3)","(-1, 0)","soup('onion', 3, 20)","(3, 0):soup('onion', 1, 0)","(3, 0):soup('onion', 1, 0);(4, 1):empty",20.0,37.0,1,"(0, 1)",3.0,0.0,3.0,0.0,20.0,40.0,False,"(3, 1)",,"(2, 3)","soup('onion', 3, 20)","(3, 0):soup('onion', 1, 0);(4, 1):soup('onion', 1, 0)","(3, 0):soup('onion', 1, 0);(4, 1):soup('onion', 1, 0)"
82,1,"(0, 1)","(3, 1)","(1, 0)",,"(2, 3)","(0, 1)","soup('onion', 3, 20)","(3, 0):soup('onion', 1, 0);(4, 1):soup('onion', 1, 0)","(3, 0):soup('onion', 1, 0);(4, 1):soup('onion', 1, 0)",20.0,40.0,5,interact,20.0,20.0,0.0,0.0,40.0,40.0,True,"(3, 2)",,"(2, 3)",,"(3, 0):soup('onion', 1, 0);(4, 1):soup('onion', 1, 0)","(3, 0):soup('onion', 1, 0);(4, 1):soup('onion', 1, 0)"
83,1,"(0, 1)","(3, 2)","(0, 1)",,"(2, 3)","(0, 1)",,"(3, 0):soup('onion', 1, 0);(4, 1):soup('onion', 1, 0)","(3, 0):soup('onion', 1, 0);(4, 1):soup('onion', 1, 0)",40.0,40.0,3,"(-1, 0)",0.0,0.0,0.0,0.0,40.0,40.0,False,"(3, 3)",,"(1, 3)",,"(3, 0):soup('onion', 1, 0);(4, 1):soup('onion', 1, 0)","(3, 0):soup('onion', 1, 0);(4, 1):soup('onion', 1, 0)"
84,5,interact,"(3, 3)","(0, 1)",,"(1, 3)","(-1, 0)",,"(3, 0):soup('onion', 1, 0);(4, 1):soup('onion', 1, 0)","(3, 0):soup('onion', 1, 0);(4, 1):soup('onion', 1, 0)",40.0,40.0,5,interact,0.0,0.0,0.0,0.0,40.0,40.0,False,"(3, 3)",,"(1, 3)",onion,"(3, 0):soup('onion', 1, 0);(4, 1):soup('onion', 1, 0)","(3, 0):soup('onion', 1, 0);(4, 1):soup('onion', 1, 0)"
85,5,interact,"(3, 3)","(0, 1)",,"(1, 3)","(-1, 0)",onion,"(3, 0):soup('onion', 1, 0);(4, 1):soup('onion', 1, 0)","(3, 0):soup('onion', 1, 0);(4, 1):soup('onion', 1, 0)",40.0,40.0,0,"(0, -1)",0.0,0.0,0.0,0.0,40.0,40.0,False,"(3, 3)",,"(1, 2)",onion,"(3, 0):soup('onion', 1, 0);(4, 1):soup('onion', 1, 0)","(3, 0):soup('onion', 1, 0);(4, 1):soup('onion', 1, 0)"
86,3,"(-1, 0)","(3, 3)","(0, 1)",,"(1, 2)","(0, -1)",onion,"(3, 0):soup('onion', 1, 0);(4, 1):soup('onion', 1, 0)","(3, 0):soup('onion', 1, 0);(4, 1):soup('onion', 1, 0)",40.0,40.0,3,"(-1, 0)",0.0,0.0,0.0,0.0,40.0,40.0,False,"(2, 3)",,"(1, 2)",onion,"(3, 0):soup('onion', 1, 0);(4, 1):soup('onion', 1, 0)","(3, 0):soup('onion', 1, 0);(4, 1):soup('onion', 1, 0)"
87,3,"(-1, 0)","(2, 3)","(-1, 0)",,"(1, 2)","(-1, 0)",onion,"(3, 0):soup('onion', 1, 0);(4, 1):soup('onion', 1, 0)","(3, 0):soup('onion', 1, 0);(4, 1):soup('onion', 1, 0)",40.0,40.0,0,"(0, -1)",0.0,0.0,0.0,0.0,40.0,40.0,False,"(1, 3)",,"(1, 1)",onion,"(3, 0):soup('onion', 1, 0);(4, 1):soup('onion', 1, 0)","(3, 0):soup('onion', 1, 0);(4, 1):soup('onion', 1, 0)"
88,5,interact,"(1, 3)","(-1, 0)",,"(1, 1)","(0, -1)",onion,"(3, 0):soup('onion', 1, 0);(4, 1):soup('onion', 1, 0)","(3, 0):soup('onion', 1, 0);(4, 1):soup('onion', 1, 0)",40.0,40.0,2,"(1, 0)",0.0,0.0,0.0,0.0,40.0,40.0,False,"(1, 3)",onion,"(2, 1)",onion,"(3, 0):soup('onion', 1, 0);(4, 1):soup('onion', 1, 0)","(3, 0):soup('onion', 1, 0);(4, 1):soup('onion', 1, 0)"
89,2,"(1, 0)","(1, 3)","(-1, 0)",onion,"(2, 1)","(1, 0)",onion,"(3, 0):soup('onion', 1, 0);(4, 1):soup('onion', 1, 0)","(3, 0):soup('onion', 1, 0);(4, 1):soup('onion', 1, 0)",40.0,40.0,2,"(1, 0)",0.0,0.0,0.0,0.0,40.0,40.0,False,"(2, 3)",onion,"(3, 1)",onion,"(3, 0):soup('onion', 1, 0);(4, 1):soup('onion', 1, 0)","(3, 0):soup('onion', 1, 0);(4, 1):soup('onion', 1, 0)"
90,1,"(0, 1)","(2, 3)","(1, 0)",onion,"(3, 1)","(1, 0)",onion,"(3, 0):soup('onion', 1, 0);(4, 1):soup('onion', 1, 0)","(3, 0):soup('onion', 1, 0);(4, 1):soup('onion', 1, 0)",40.0,40.0,5,interact,3.0,0.0,3.0,0.0,40.0,43.0,False,"(2, 3)",onion,"(3, 1)",,"(3, 0):soup('onion', 1, 0);(4, 1):soup('onion', 2, 0)","(3, 0):soup('onion', 1, 0);(4, 1):soup('onion', 2, 0)"
91,2,"(1, 0)","(2, 3)","(0, 1)",onion,"(3, 1)","(1, 0)",,"(3, 0):soup('onion', 1, 0);(4, 1):soup('onion', 2, 0)","(3, 0):soup('onion', 1, 0);(4, 1):soup('onion', 2, 0)",40.0,43.0,3,"(-1, 0)",0.0,0.0,0.0,0.0,40.0,43.0,False,"(3, 3)",onion,"(2, 1)",,"(3, 0):soup('onion', 1, 0);(4, 1):soup('onion', 2, 0)","(3, 0):soup('onion', 1, 0);(4, 1):soup('onion', 2, 0)"
92,0,"(0, -1)","(3, 3)","(1, 0)",onion,"(2, 1)","(-1, 0)",,"(3, 0):soup('onion', 1, 0);(4, 1):soup('onion', 2, 0)","(3, 0):soup('onion', 1, 0);(4, 1):soup('onion', 2, 0)",40.0,43.0,3,"(-1, 0)",0.0,0.0,0.0,0.0,40.0,43.0,False,"(3, 2)",onion,"(1, 1)",,"(3, 0):soup('onion', 1, 0);(4, 1):soup('onion', 2, 0)","(3, 0):soup('onion', 1, 0);(4, 1):soup('onion', 2, 0)"
93,0,"(0, -1)","(3, 2)","(0, -1)",onion,"(1, 1)","(-1, 0)",,"(3, 0):soup('onion', 1, 0);(4, 1):soup('onion', 2, 0)","(3, 0):soup('onion', 1, 0);(4, 1):soup('onion', 2, 0)",40.0,43.0,1,"(0, 1)",0.0,0.0,0.0,0.0,40.0,43.0,False,"(3, 1)",onion,"(1, 2)",,"(3, 0):soup('onion', 1, 0);(4, 1):soup('onion', 2, 0)","(3, 0):soup('onion', 1, 0);(4, 1):soup('onion', 2, 0)"
94,2,"(1, 0)","(3, 1)","(0, -1)",onion,"(1, 2)","(0, 1)",,"(3, 0):soup('onion', 1, 0);(4, 1):soup('onion', 2, 0)","(3, 0):soup('onion', 1, 0);(4, 1):soup('onion', 2, 0)",40.0,43.0,5,interact,0.0,0.0,0.0,0.0,40.0,43.0,False,"(3, 1)",onion,"(1, 2)",,"(3, 0):soup('onion', 1, 0);(4, 1):soup('onion', 2, 0)","(3, 0):soup('onion', 1, 0);(4, 1):soup('onion', 2, 0)"
95,5,interact,"(3, 1)","(1, 0)",onion,"(1, 2)","(0, 1)",,"(3, 0):soup('onion', 1, 0);(4, 1):soup('onion', 2, 0)","(3, 0):soup('onion', 1, 0);(4, 1):soup('onion', 2, 0)",40.0,43.0,5,interact,3.0,0.0,3.0,0.0,40.0,46.0,False,"(3, 1)",,"(1, 2)",,"(3, 0):soup('onion', 1, 0);(4, 1):soup('onion', 3, 1)","(3, 0):soup('onion', 1, 0);(4, 1):soup('onion', 3, 1)"
96,2,"(1, 0)","(3, 1)","(1, 0)",,"(1, 2)","(0, 1)",,"(3, 0):soup('onion', 1, 0);(4, 1):soup('onion', 3, 1)","(3, 0):soup('onion', 1, 0);(4, 1):soup('onion', 3, 1)",40.0,46.0,3,"(-1, 0)",0.0,0.0,0.0,0.0,40.0,46.0,False,"(3, 1)",,"(1, 2)",,"(3, 0):soup('onion', 1, 0);(4, 1):soup('onion', 3, 2)","(3, 0):soup('onion', 1, 0);(4, 1):soup('onion', 3, 2)"
97,1,"(0, 1)","(3, 1)","(1, 0)",,"(1, 2)","(-1, 0)",,"(3, 0):soup('onion', 1, 0);(4, 1):soup('onion', 3, 2)","(3, 0):soup('onion', 1, 0);(4, 1):soup('onion', 3, 2)",40.0,46.0,5,interact,3.0,0.0,3.0,0.0,40.0,49.0,False,"(3, 2)",,"(1, 2)",dish,"(3, 0):soup('onion', 1, 0);(4, 1):soup('onion', 3, 3)","(3, 0):soup('onion', 1, 0);(4, 1):soup('onion', 3, 3)"
98,1,"(0, 1)","(3, 2)","(0, 1)",,"(1, 2)","(-1, 0)",dish,"(3, 0):soup('onion', 1, 0);(4, 1):soup('onion', 3, 3)","(3, 0):soup('onion', 1, 0);(4, 1):soup('onion', 3, 3)",40.0,49.0,5,interact,0.0,0.0,0.0,0.0,40.0,49.0,False,"(3, 3)",,"(1, 2)",dish,"(3, 0):soup('onion', 1, 0);(4, 1):soup('onion', 3, 4)","(3, 0):soup('onion', 1, 0);(4, 1):soup('onion', 3, 4)"
99,3,"(-1, 0)","(3, 3)","(0, 1)",,"(1, 2)","(-1, 0)",dish,"(3, 0):soup('onion', 1, 0);(4, 1):soup('onion', 3, 4)","(3, 0):soup('onion', 1, 0);(4, 1):soup('onion', 3, 4)",40.0,49.0,5,interact,0.0,0.0,0.0,0.0,40.0,49.0,False,"(2, 3)",,"(1, 2)",dish,"(3, 0):soup('onion', 1, 0);(4, 1):soup('onion', 3, 5)","(3, 0):soup('onion', 1, 0);(4, 1):soup('onion', 3, 5)"
100,3,"(-1, 0)","(2, 3)","(-1, 0)",,"(1, 2)","(-1, 0)",dish,"(3, 0):soup('onion', 1, 0);(4, 1):soup('onion', 3, 5)","(3, 0):soup('onion', 1, 0);(4, 1):soup('onion', 3, 5)",40.0,49.0,5,interact,0.0,0.0,0.0,0.0,40.0,49.0,False,"(1, 3)",,"(1, 2)",dish,"(3, 0):soup('onion', 1, 0);(4, 1):soup('onion', 3, 6)","(3, 0):soup('onion', 1, 0);(4, 1):soup('onion', 3, 6)"
101,5,interact,"(1, 3)","(-1, 0)",,"(1, 2)","(-1, 0)",dish,"(3, 0):soup('onion', 1, 0);(4, 1):soup('onion', 3, 6)","(3, 0):soup('onion', 1, 0);(4, 1):soup('onion', 3, 6)",40.0,49.0,5,interact,0.0,0.0,0.0,0.0,40.0,49.0,False,"(1, 3)",onion,"(1, 2)",dish,"(3, 0):soup('onion', 1, 0);(4, 1):soup('onion', 3, 7)","(3, 0):soup('onion', 1, 0);(4, 1):soup('onion', 3, 7)"
102,5,interact,"(1, 3)","(-1, 0)",onion,"(1, 2)","(-1, 0)",dish,"(3, 0):soup('onion', 1, 0);(4, 1):soup('onion', 3, 7)","(3, 0):soup('onion', 1, 0);(4, 1):soup('onion', 3, 7)",40.0,49.0,0,"(0, -1)",0.0,0.0,0.0,0.0,40.0,49.0,False,"(1, 3)",onion,"(1, 1)",dish,"(3, 0):soup('onion', 1, 0);(4, 1):soup('onion', 3, 8)","(3, 0):soup('onion', 1, 0);(4, 1):soup('onion', 3, 8)"
103,5,interact,"(1, 3)","(-1, 0)",onion,"(1, 1)","(0, -1)",dish,"(3, 0):soup('onion', 1, 0);(4, 1):soup('onion', 3, 8)","(3, 0):soup('onion', 1, 0);(4, 1):soup('onion', 3, 8)",40.0,49.0,2,"(1, 0)",0.0,0.0,0.0,0.0,40.0,49.0,False,"(1, 3)",onion,"(2, 1)",dish,"(3, 0):soup('onion', 1, 0);(4, 1):soup('onion', 3, 9)","(3, 0):soup('onion', 1, 0);(4, 1):soup('onion', 3, 9)"
104,5,interact,"(1, 3)","(-1, 0)",onion,"(2, 1)","(1, 0)",dish,"(3, 0):soup('onion', 1, 0);(4, 1):soup('onion', 3, 9)","(3, 0):soup('onion', 1, 0);(4, 1):soup('onion', 3, 9)",40.0,49.0,2,"(1, 0)",0.0,0.0,0.0,0.0,40.0,49.0,False,"(1, 3)",onion,"(3, 1)",dish,"(3, 0):soup('onion', 1, 0);(4, 1):soup('onion', 3, 10)","(3, 0):soup('onion', 1, 0);(4, 1):soup('onion', 3, 10)"
105,5,interact,"(1, 3)","(-1, 0)",onion,"(3, 1)","(1, 0)",dish,"(3, 0):soup('onion', 1, 0);(4, 1):soup('onion', 3, 10)","(3, 0):soup('onion', 1, 0);(4, 1):soup('onion', 3, 10)",40.0,49.0,5,interact,0.0,0.0,0.0,0.0,40.0,49.0,False,"(1, 3)",onion,"(3, 1)",dish,"(3, 0):soup('onion', 1, 0);(4, 1):soup('onion', 3, 11)","(3, 0):soup('onion', 1, 0);(4, 1):soup('onion', 3, 11)"
106,5,interact,"(1, 3)","(-1, 0)",onion,"(3, 1)","(1, 0)",dish,"(3, 0):soup('onion', 1, 0);(4, 1):soup('onion', 3, 11)","(3, 0):soup('onion', 1, 0);(4, 1):soup('onion', 3, 11)",40.0,49.0,5,interact,0.0,0.0,0.0,0.0,40.0,49.0,False,"(1, 3)",onion,"(3, 1)",dish,"(3, 0):soup('onion', 1, 0);(4, 1):soup('onion', 3, 12)","(3, 0):soup('onion', 1, 0);(4, 1):soup('onion', 3, 12)"
107,5,interact,"(1, 3)","(-1, 0)",onion,"(3, 1)","(1, 0)",dish,"(3, 0):soup('onion', 1, 0);(4, 1):soup('onion', 3, 12)","(3, 0):soup('onion', 1, 0);(4, 1):soup('onion', 3, 12)",40.0,49.0,5,interact,0.0,0.0,0.0,0.0,40.0,49.0,False,"(1, 3)",onion,"(3, 1)",dish,"(3, 0):soup('onion', 1, 0);(4, 1):soup('onion', 3, 13)","(3, 0):soup('onion', 1, 0);(4, 1):soup('onion', 3, 13)"
108,5,interact,"(1, 3)","(-1, 0)",onion,"(3, 1)","(1, 0)",dish,"(3, 0):soup('onion', 1, 0);(4, 1):soup('onion', 3, 13)","(3, 0):soup('onion', 1, 0);(4, 1):soup('onion', 3, 13)",40.0,49.0,5,interact,0.0,0.0,0.0,0.0,40.0,49.0,False,"(1, 3)",onion,"(3, 1)",dish,"(3, 0):soup('onion', 1, 0);(4, 1):soup('onion', 3, 14)","(3, 0):soup('onion', 1, 0);(4, 1):soup('onion', 3, 14)"
109,5,interact,"(1, 3)","(-1, 0)",onion,"(3, 1)","(1, 0)",dish,"(3, 0):soup('onion', 1, 0);(4, 1):soup('onion', 3, 14)","(3, 0):soup('onion', 1, 0);(4, 1):soup('onion', 3, 14)",40.0,49.0,5,interact,0.0,0.0,0.0,0.0,40.0,49.0,False,"(1, 3)",onion,"(3, 1)",dish,"(3, 0):soup('onion', 1, 0);(4, 1):soup('onion', 3, 15)","(3, 0):soup('onion', 1, 0);(4, 1):soup('onion', 3, 15)"
110,5,interact,"(1, 3)","(-1, 0)",onion,"(3, 1)","(1, 0)",dish,"(3, 0):soup('onion', 1, 0);(4, 1):soup('onion', 3, 15)","(3, 0):soup('onion', 1, 0);(4, 1):soup('onion', 3, 15)",40.0,49.0,5,interact,0.0,0.0,0.0,0.0,40.0,49.0,False,"(1, 3)",onion,"(3, 1)",dish,"(3, 0):soup('onion', 1, 0);(4, 1):soup('onion', 3, 16)","(3, 0):soup('onion', 1, 0);(4, 1):soup('onion', 3, 16)"
111,5,interact,"(1, 3)","(-1, 0)",onion,"(3, 1)","(1, 0)",dish,"(3, 0):soup('onion', 1, 0);(4, 1):soup('onion', 3, 16)","(3, 0):soup('onion', 1, 0);(4, 1):soup('onion', 3, 16)",40.0,49.0,5,interact,0.0,0.0,0.0,0.0,40.0,49.0,False,"(1, 3)",onion,"(3, 1)",dish,"(3, 0):soup('onion', 1, 0);(4, 1):soup('onion', 3, 17)","(3, 0):soup('onion', 1, 0);(4, 1):soup('onion', 3, 17)"
112,5,interact,"(1, 3)","(-1, 0)",onion,"(3, 1)","(1, 0)",dish,"(3, 0):soup('onion', 1, 0);(4, 1):soup('onion', 3, 17)","(3, 0):soup('onion', 1, 0);(4, 1):soup('onion', 3, 17)",40.0,49.0,5,interact,0.0,0.0,0.0,0.0,40.0,49.0,False,"(1, 3)",onion,"(3, 1)",dish,"(3, 0):soup('onion', 1, 0);(4, 1):soup('onion', 3, 18)","(3, 0):soup('onion', 1, 0);(4, 1):soup('onion', 3, 18)"
113,5,interact,"(1, 3)","(-1, 0)",onion,"(3, 1)","(1, 0)",dish,"(3, 0):soup('onion', 1, 0);(4, 1):soup('onion', 3, 18)","(3, 0):soup('onion', 1, 0);(4, 1):soup('onion', 3, 18)",40.0,49.0,5,interact,0.0,0.0,0.0,0.0,40.0,49.0,False,"(1, 3)",onion,"(3, 1)",dish,"(3, 0):soup('onion', 1, 0);(4, 1):soup('onion', 3, 19)","(3, 0):soup('onion', 1, 0);(4, 1):soup('onion', 3, 19)"
114,5,interact,"(1, 3)","(-1, 0)",onion,"(3, 1)","(1, 0)",dish,"(3, 0):soup('onion', 1, 0);(4, 1):soup('onion', 3, 19)","(3, 0):soup('onion', 1, 0);(4, 1):soup('onion', 3, 19)",40.0,49.0,5,interact,0.0,0.0,0.0,0.0,40.0,49.0,False,"(1, 3)",onion,"(3, 1)",dish,"(3, 0):soup('onion', 1, 0);(4, 1):soup('onion', 3, 20)","(3, 0):soup('onion', 1, 0);(4, 1):soup('onion', 3, 20)"
115,0,"(0, -1)","(1, 3)","(-1, 0)",onion,"(3, 1)","(1, 0)",dish,"(3, 0):soup('onion', 1, 0);(4, 1):soup('onion', 3, 20)","(3, 0):soup('onion', 1, 0);(4, 1):soup('onion', 3, 20)",40.0,49.0,5,interact,5.0,0.0,5.0,0.0,40.0,54.0,False,"(1, 2)",onion,"(3, 1)","soup('onion', 3, 20)","(3, 0):soup('onion', 1, 0)","(3, 0):soup('onion', 1, 0);(4, 1):empty"
116,0,"(0, -1)","(1, 2)","(0, -1)",onion,"(3, 1)","(1, 0)","soup('onion', 3, 20)","(3, 0):soup('onion', 1, 0)","(3, 0):soup('onion', 1, 0);(4, 1):empty",40.0,54.0,1,"(0, 1)",0.0,0.0,0.0,0.0,40.0,54.0,False,"(1, 1)",onion,"(3, 2)","soup('onion', 3, 20)","(3, 0):soup('onion', 1, 0)","(3, 0):soup('onion', 1, 0);(4, 1):empty"
117,2,"(1, 0)","(1, 1)","(0, -1)",onion,"(3, 2)","(0, 1)","soup('onion', 3, 20)","(3, 0):soup('onion', 1, 0)","(3, 0):soup('onion', 1, 0);(4, 1):empty",40.0,54.0,1,"(0, 1)",0.0,0.0,0.0,0.0,40.0,54.0,False,"(2, 1)",onion,"(3, 3)","soup('onion', 3, 20)","(3, 0):soup('onion', 1, 0)","(3, 0):soup('onion', 1, 0);(4, 1):empty"
118,2,"(1, 0)","(2, 1)","(1, 0)",onion,"(3, 3)","(0, 1)","soup('onion', 3, 20)","(3, 0):soup('onion', 1, 0)","(3, 0):soup('onion', 1, 0);(4, 1):empty",40.0,54.0,3,"(-1, 0)",0.0,0.0,0.0,0.0,40.0,54.0,False,"(3, 1)",onion,"(2, 3)","soup('onion', 3, 20)","(3, 0):soup('onion', 1, 0)","(3, 0):soup('onion', 1, 0);(4, 1):empty"
119,5,interact,"(3, 1)","(1, 0)",onion,"(2, 3)","(-1, 0)","soup('onion', 3, 20)","(3, 0):soup('onion', 1, 0)","(3, 0):soup('onion', 1, 0);(4, 1):empty",40.0,54.0,1,"(0, 1)",3.0,0.0,3.0,0.0,40.0,57.0,False,"(3, 1)",,"(2, 3)","soup('onion', 3, 20)","(3, 0):soup('onion', 1, 0);(4, 1):soup('onion', 1, 0)","(3, 0):soup('onion', 1, 0);(4, 1):soup('onion', 1, 0)"
120,1,"(0, 1)","(3, 1)","(1, 0)",,"(2, 3)","(0, 1)","soup('onion', 3, 20)","(3, 0):soup('onion', 1, 0);(4, 1):soup('onion', 1, 0)","(3, 0):soup('onion', 1, 0);(4, 1):soup('onion', 1, 0)",40.0,57.0,5,interact,20.0,20.0,0.0,0.0,60.0,57.0,True,"(3, 2)",,"(2, 3)",,"(3, 0):soup('onion', 1, 0);(4, 1):soup('onion', 1, 0)","(3, 0):soup('onion', 1, 0);(4, 1):soup('onion', 1, 0)"
121,1,"(0, 1)","(3, 2)","(0, 1)",,"(2, 3)","(0, 1)",,"(3, 0):soup('onion', 1, 0);(4, 1):soup('onion', 1, 0)","(3, 0):soup('onion', 1, 0);(4, 1):soup('onion', 1, 0)",60.0,57.0,3,"(-1, 0)",0.0,0.0,0.0,0.0,60.0,57.0,False,"(3, 3)",,"(1, 3)",,"(3, 0):soup('onion', 1, 0);(4, 1):soup('onion', 1, 0)","(3, 0):soup('onion', 1, 0);(4, 1):soup('onion', 1, 0)"
122,5,interact,"(3, 3)","(0, 1)",,"(1, 3)","(-1, 0)",,"(3, 0):soup('onion', 1, 0);(4, 1):soup('onion', 1, 0)","(3, 0):soup('onion', 1, 0);(4, 1):soup('onion', 1, 0)",60.0,57.0,5,interact,0.0,0.0,0.0,0.0,60.0,57.0,False,"(3, 3)",,"(1, 3)",onion,"(3, 0):soup('onion', 1, 0);(4, 1):soup('onion', 1, 0)","(3, 0):soup('onion', 1, 0);(4, 1):soup('onion', 1, 0)"
123,5,interact,"(3, 3)","(0, 1)",,"(1, 3)","(-1, 0)",onion,"(3, 0):soup('onion', 1, 0);(4, 1):soup('onion', 1, 0)","(3, 0):soup('onion', 1, 0);(4, 1):soup('onion', 1, 0)",60.0,57.0,0,"(0, -1)",0.0,0.0,0.0,0.0,60.0,57.0,False,"(3, 3)",,"(1, 2)",onion,"(3, 0):soup('onion', 1, 0);(4, 1):soup('onion', 1, 0)","(3, 0):soup('onion', 1, 0);(4, 1):soup('onion', 1, 0)"
124,3,"(-1, 0)","(3, 3)","(0, 1)",,"(1, 2)","(0, -1)",onion,"(3, 0):soup('onion', 1, 0);(4, 1):soup('onion', 1, 0)","(3, 0):soup('onion', 1, 0);(4, 1):soup('onion', 1, 0)",60.0,57.0,3,"(-1, 0)",0.0,0.0,0.0,0.0,60.0,57.0,False,"(2, 3)",,"(1, 2)",onion,"(3, 0):soup('onion', 1, 0);(4, 1):soup('onion', 1, 0)","(3, 0):soup('onion', 1, 0);(4, 1):soup('onion', 1, 0)"
125,3,"(-1, 0)","(2, 3)","(-1, 0)",,"(1, 2)","(-1, 0)",onion,"(3, 0):soup('onion', 1, 0);(4, 1):soup('onion', 1, 0)","(3, 0):soup('onion', 1, 0);(4, 1):soup('onion', 1, 0)",60.0,57.0,0,"(0, -1)",0.0,0.0,0.0,0.0,60.0,57.0,False,"(1, 3)",,"(1, 1)",onion,"(3, 0):soup('onion', 1, 0);(4, 1):soup('onion', 1, 0)","(3, 0):soup('onion', 1, 0);(4, 1):soup('onion', 1, 0)"
126,5,interact,"(1, 3)","(-1, 0)",,"(1, 1)","(0, -1)",onion,"(3, 0):soup('onion', 1, 0);(4, 1):soup('onion', 1, 0)","(3, 0):soup('onion', 1, 0);(4, 1):soup('onion', 1, 0)",60.0,57.0,2,"(1, 0)",0.0,0.0,0.0,0.0,60.0,57.0,False,"(1, 3)",onion,"(2, 1)",onion,"(3, 0):soup('onion', 1, 0);(4, 1):soup('onion', 1, 0)","(3, 0):soup('onion', 1, 0);(4, 1):soup('onion', 1, 0)"
127,2,"(1, 0)","(1, 3)","(-1, 0)",onion,"(2, 1)","(1, 0)",onion,"(3, 0):soup('onion', 1, 0);(4, 1):soup('onion', 1, 0)","(3, 0):soup('onion', 1, 0);(4, 1):soup('onion', 1, 0)",60.0,57.0,2,"(1, 0)",0.0,0.0,0.0,0.0,60.0,57.0,False,"(2, 3)",onion,"(3, 1)",onion,"(3, 0):soup('onion', 1, 0);(4, 1):soup('onion', 1, 0)","(3, 0):soup('onion', 1, 0);(4, 1):soup('onion', 1, 0)"
128,1,"(0, 1)","(2, 3)","(1, 0)",onion,"(3, 1)","(1, 0)",onion,"(3, 0):soup('onion', 1, 0);(4, 1):soup('onion', 1, 0)","(3, 0):soup('onion', 1, 0);(4, 1):soup('onion', 1, 0)",60.0,57.0,5,interact,3.0,0.0,3.0,0.0,60.0,60.0,False,"(2, 3)",onion,"(3, 1)",,"(3, 0):soup('onion', 1, 0);(4, 1):soup('onion', 2, 0)","(3, 0):soup('onion', 1, 0);(4, 1):soup('onion', 2, 0)"
129,2,"(1, 0)","(2, 3)","(0, 1)",onion,"(3, 1)","(1, 0)",,"(3, 0):soup('onion', 1, 0);(4, 1):soup('onion', 2, 0)","(3, 0):soup('onion', 1, 0);(4, 1):soup('onion', 2, 0)",60.0,60.0,3,"(-1, 0)",0.0,0.0,0.0,0.0,60.0,60.0,False,"(3, 3)",onion,"(2, 1)",,"(3, 0):soup('onion', 1, 0);(4, 1):soup('onion', 2, 0)","(3, 0):soup('onion', 1, 0);(4, 1):soup('onion', 2, 0)"
130,0,"(0, -1)","(3, 3)","(1, 0)",onion,"(2, 1)","(-1, 0)",,"(3, 0):soup('onion', 1, 0);(4, 1):soup('onion', 2, 0)","(3, 0):soup('onion', 1, 0);(4, 1):soup('onion', 2, 0)",60.0,60.0,3,"(-1, 0)",0.0,0.0,0.0,0.0,60.0,60.0,False,"(3, 2)",onion,"(1, 1)",,"(3, 0):soup('onion', 1, 0);(4, 1):soup('onion', 2, 0)","(3, 0):soup('onion', 1, 0);(4, 1):soup('onion', 2, 0)"
131,0,"(0, -1)","(3, 2)","(0, -1)",onion,"(1, 1)","(-1, 0)",,"(3, 0):soup('onion', 1, 0);(4, 1):soup('onion', 2, 0)","(3, 0):soup('onion', 1, 0);(4, 1):soup('onion', 2, 0)",60.0,60.0,1,"(0, 1)",0.0,0.0,0.0,0.0,60.0,60.0,False,"(3, 1)",onion,"(1, 2)",,"(3, 0):soup('onion', 1, 0);(4, 1):soup('onion', 2, 0)","(3, 0):soup('onion', 1, 0);(4, 1):soup('onion', 2, 0)"
132,2,"(1, 0)","(3, 1)","(0, -1)",onion,"(1, 2)","(0, 1)",,"(3, 0):soup('onion', 1, 0);(4, 1):soup('onion', 2, 0)","(3, 0):soup('onion', 1, 0);(4, 1):soup('onion', 2, 0)",60.0,60.0,5,interact,0.0,0.0,0.0,0.0,60.0,60.0,False,"(3, 1)",onion,"(1, 2)",,"(3, 0):soup('onion', 1, 0);(4, 1):soup('onion', 2, 0)","(3, 0):soup('onion', 1, 0);(4, 1):soup('onion', 2, 0)"
133,5,interact,"(3, 1)","(1, 0)",onion,"(1, 2)","(0, 1)",,"(3, 0):soup('onion', 1, 0);(4, 1):soup('onion', 2, 0)","(3, 0):soup('onion', 1, 0);(4, 1):soup('onion', 2, 0)",60.0,60.0,5,interact,3.0,0.0,3.0,0.0,60.0,63.0,False,"(3, 1)",,"(1, 2)",,"(3, 0):soup('onion', 1, 0);(4, 1):soup('onion', 3, 1)","(3, 0):soup('onion', 1, 0);(4, 1):soup('onion', 3, 1)"
134,2,"(1, 0)","(3, 1)","(1, 0)",,"(1, 2)","(0, 1)",,"(3, 0):soup('onion', 1, 0);(4, 1):soup('onion', 3, 1)","(3, 0):soup('onion', 1, 0);(4, 1):soup('onion', 3, 1)",60.0,63.0,3,"(-1, 0)",0.0,0.0,0.0,0.0,60.0,63.0,False,"(3, 1)",,"(1, 2)",,"(3, 0):soup('onion', 1, 0);(4, 1):soup('onion', 3, 2)","(3, 0):soup('onion', 1, 0);(4, 1):soup('onion', 3, 2)"
135,1,"(0, 1)","(3, 1)","(1, 0)",,"(1, 2)","(-1, 0)",,"(3, 0):soup('onion', 1, 0);(4, 1):soup('onion', 3, 2)","(3, 0):soup('onion', 1, 0);(4, 1):soup('onion', 3, 2)",60.0,63.0,5,interact,3.0,0.0,3.0,0.0,60.0,66.0,False,"(3, 2)",,"(1, 2)",dish,"(3, 0):soup('onion', 1, 0);(4, 1):soup('onion', 3, 3)","(3, 0):soup('onion', 1, 0);(4, 1):soup('onion', 3, 3)"
136,1,"(0, 1)","(3, 2)","(0, 1)",,"(1, 2)","(-1, 0)",dish,"(3, 0):soup('onion', 1, 0);(4, 1):soup('onion', 3, 3)","(3, 0):soup('onion', 1, 0);(4, 1):soup('onion', 3, 3)",60.0,66.0,5,interact,0.0,0.0,0.0,0.0,60.0,66.0,False,"(3, 3)",,"(1, 2)",dish,"(3, 0):soup('onion', 1, 0);(4, 1):soup('onion', 3, 4)","(3, 0):soup('onion', 1, 0);(4, 1):soup('onion', 3, 4)"
137,3,"(-1, 0)","(3, 3)","(0, 1)",,"(1, 2)","(-1, 0)",dish,"(3, 0):soup('onion', 1, 0);(4, 1):soup('onion', 3, 4)","(3, 0):soup('onion', 1, 0);(4, 1):soup('onion', 3, 4)",60.0,66.0,5,interact,0.0,0.0,0.0,0.0,60.0,66.0,False,"(2, 3)",,"(1, 2)",dish,"(3, 0):soup('onion', 1, 0);(4, 1):soup('onion', 3, 5)","(3, 0):soup('onion', 1, 0);(4, 1):soup('onion', 3, 5)"
138,3,"(-1, 0)","(2, 3)","(-1, 0)",,"(1, 2)","(-1, 0)",dish,"(3, 0):soup('onion', 1, 0);(4, 1):soup('onion', 3, 5)","(3, 0):soup('onion', 1, 0);(4, 1):soup('onion', 3, 5)",60.0,66.0,5,interact,0.0,0.0,0.0,0.0,60.0,66.0,False,"(1, 3)",,"(1, 2)",dish,"(3, 0):soup('onion', 1, 0);(4, 1):soup('onion', 3, 6)","(3, 0):soup('onion', 1, 0);(4, 1):soup('onion', 3, 6)"
139,5,interact,"(1, 3)","(-1, 0)",,"(1, 2)","(-1, 0)",dish,"(3, 0):soup('onion', 1, 0);(4, 1):soup('onion', 3, 6)","(3, 0):soup('onion', 1, 0);(4, 1):soup('onion', 3, 6)",60.0,66.0,5,interact,0.0,0.0,0.0,0.0,60.0,66.0,False,"(1, 3)",onion,"(1, 2)",dish,"(3, 0):soup('onion', 1, 0);(4, 1):soup('onion', 3, 7)","(3, 0):soup('onion', 1, 0);(4, 1):soup('onion', 3, 7)"
140,5,interact,"(1, 3)","(-1, 0)",onion,"(1, 2)","(-1, 0)",dish,"(3, 0):soup('onion', 1, 0);(4, 1):soup('onion', 3, 7)","(3, 0):soup('onion', 1, 0);(4, 1):soup('onion', 3, 7)",60.0,66.0,0,"(0, -1)",0.0,0.0,0.0,0.0,60.0,66.0,False,"(1, 3)",onion,"(1, 1)",dish,"(3, 0):soup('onion', 1, 0);(4, 1):soup('onion', 3, 8)","(3, 0):soup('onion', 1, 0);(4, 1):soup('onion', 3, 8)"
141,5,interact,"(1, 3)","(-1, 0)",onion,"(1, 1)","(0, -1)",dish,"(3, 0):soup('onion', 1, 0);(4, 1):soup('onion', 3, 8)","(3, 0):soup('onion', 1, 0);(4, 1):soup('onion', 3, 8)",60.0,66.0,2,"(1, 0)",0.0,0.0,0.0,0.0,60.0,66.0,False,"(1, 3)",onion,"(2, 1)",dish,"(3, 0):soup('onion', 1, 0);(4, 1):soup('onion', 3, 9)","(3, 0):soup('onion', 1, 0);(4, 1):soup('onion', 3, 9)"
142,5,interact,"(1, 3)","(-1, 0)",onion,"(2, 1)","(1, 0)",dish,"(3, 0):soup('onion', 1, 0);(4, 1):soup('onion', 3, 9)","(3, 0):soup('onion', 1, 0);(4, 1):soup('onion', 3, 9)",60.0,66.0,2,"(1, 0)",0.0,0.0,0.0,0.0,60.0,66.0,False,"(1, 3)",onion,"(3, 1)",dish,"(3, 0):soup('onion', 1, 0);(4, 1):soup('onion', 3, 10)","(3, 0):soup('onion', 1, 0);(4, 1):soup('onion', 3, 10)"
143,5,interact,"(1, 3)","(-1, 0)",onion,"(3, 1)","(1, 0)",dish,"(3, 0):soup('onion', 1, 0);(4, 1):soup('onion', 3, 10)","(3, 0):soup('onion', 1, 0);(4, 1):soup('onion', 3, 10)",60.0,66.0,5,interact,0.0,0.0,0.0,0.0,60.0,66.0,False,"(1, 3)",onion,"(3, 1)",dish,"(3, 0):soup('onion', 1, 0);(4, 1):soup('onion', 3, 11)","(3, 0):soup('onion', 1, 0);(4, 1):soup('onion', 3, 11)"
144,5,interact,"(1, 3)","(-1, 0)",onion,"(3, 1)","(1, 0)",dish,"(3, 0):soup('onion', 1, 0);(4, 1):soup('onion', 3, 11)","(3, 0):soup('onion', 1, 0);(4, 1):soup('onion', 3, 11)",60.0,66.0,5,interact,0.0,0.0,0.0,0.0,60.0,66.0,False,"(1, 3)",onion,"(3, 1)",dish,"(3, 0):soup('onion', 1, 0);(4, 1):soup('onion', 3, 12)","(3, 0):soup('onion', 1, 0);(4, 1):soup('onion', 3, 12)"
145,5,interact,"(1, 3)","(-1, 0)",onion,"(3, 1)","(1, 0)",dish,"(3, 0):soup('onion', 1, 0);(4, 1):soup('onion', 3, 12)","(3, 0):soup('onion', 1, 0);(4, 1):soup('onion', 3, 12)",60.0,66.0,5,interact,0.0,0.0,0.0,0.0,60.0,66.0,False,"(1, 3)",onion,"(3, 1)",dish,"(3, 0):soup('onion', 1, 0);(4, 1):soup('onion', 3, 13)","(3, 0):soup('onion', 1, 0);(4, 1):soup('onion', 3, 13)"
146,5,interact,"(1, 3)","(-1, 0)",onion,"(3, 1)","(1, 0)",dish,"(3, 0):soup('onion', 1, 0);(4, 1):soup('onion', 3, 13)","(3, 0):soup('onion', 1, 0);(4, 1):soup('onion', 3, 13)",60.0,66.0,5,interact,0.0,0.0,0.0,0.0,60.0,66.0,False,"(1, 3)",onion,"(3, 1)",dish,"(3, 0):soup('onion', 1, 0);(4, 1):soup('onion', 3, 14)","(3, 0):soup('onion', 1, 0);(4, 1):soup('onion', 3, 14)"
147,5,interact,"(1, 3)","(-1, 0)",onion,"(3, 1)","(1, 0)",dish,"(3, 0):soup('onion', 1, 0);(4, 1):soup('onion', 3, 14)","(3, 0):soup('onion', 1, 0);(4, 1):soup('onion', 3, 14)",60.0,66.0,5,interact,0.0,0.0,0.0,0.0,60.0,66.0,False,"(1, 3)",onion,"(3, 1)",dish,"(3, 0):soup('onion', 1, 0);(4, 1):soup('onion', 3, 15)","(3, 0):soup('onion', 1, 0);(4, 1):soup('onion', 3, 15)"
148,5,interact,"(1, 3)","(-1, 0)",onion,"(3, 1)","(1, 0)",dish,"(3, 0):soup('onion', 1, 0);(4, 1):soup('onion', 3, 15)","(3, 0):soup('onion', 1, 0);(4, 1):soup('onion', 3, 15)",60.0,66.0,5,interact,0.0,0.0,0.0,0.0,60.0,66.0,False,"(1, 3)",onion,"(3, 1)",dish,"(3, 0):soup('onion', 1, 0);(4, 1):soup('onion', 3, 16)","(3, 0):soup('onion', 1, 0);(4, 1):soup('onion', 3, 16)"
149,5,interact,"(1, 3)","(-1, 0)",onion,"(3, 1)","(1, 0)",dish,"(3, 0):soup('onion', 1, 0);(4, 1):soup('onion', 3, 16)","(3, 0):soup('onion', 1, 0);(4, 1):soup('onion', 3, 16)",60.0,66.0,5,interact,0.0,0.0,0.0,0.0,60.0,66.0,False,"(1, 3)",onion,"(3, 1)",dish,"(3, 0):soup('onion', 1, 0);(4, 1):soup('onion', 3, 17)","(3, 0):soup('onion', 1, 0);(4, 1):soup('onion', 3, 17)"
150,5,interact,"(1, 3)","(-1, 0)",onion,"(3, 1)","(1, 0)",dish,"(3, 0):soup('onion', 1, 0);(4, 1):soup('onion', 3, 17)","(3, 0):soup('onion', 1, 0);(4, 1):soup('onion', 3, 17)",60.0,66.0,5,interact,0.0,0.0,0.0,0.0,60.0,66.0,False,"(1, 3)",onion,"(3, 1)",dish,"(3, 0):soup('onion', 1, 0);(4, 1):soup('onion', 3, 18)","(3, 0):soup('onion', 1, 0);(4, 1):soup('onion', 3, 18)"
151,5,interact,"(1, 3)","(-1, 0)",onion,"(3, 1)","(1, 0)",dish,"(3, 0):soup('onion', 1, 0);(4, 1):soup('onion', 3, 18)","(3, 0):soup('onion', 1, 0);(4, 1):soup('onion', 3, 18)",60.0,66.0,5,interact,0.0,0.0,0.0,0.0,60.0,66.0,False,"(1, 3)",onion,"(3, 1)",dish,"(3, 0):soup('onion', 1, 0);(4, 1):soup('onion', 3, 19)","(3, 0):soup('onion', 1, 0);(4, 1):soup('onion', 3, 19)"
152,5,interact,"(1, 3)","(-1, 0)",onion,"(3, 1)","(1, 0)",dish,"(3, 0):soup('onion', 1, 0);(4, 1):soup('onion', 3, 19)","(3, 0):soup('onion', 1, 0);(4, 1):soup('onion', 3, 19)",60.0,66.0,5,interact,0.0,0.0,0.0,0.0,60.0,66.0,False,"(1, 3)",onion,"(3, 1)",dish,"(3, 0):soup('onion', 1, 0);(4, 1):soup('onion', 3, 20)","(3, 0):soup('onion', 1, 0);(4, 1):soup('onion', 3, 20)"
153,0,"(0, -1)","(1, 3)","(-1, 0)",onion,"(3, 1)","(1, 0)",dish,"(3, 0):soup('onion', 1, 0);(4, 1):soup('onion', 3, 20)","(3, 0):soup('onion', 1, 0);(4, 1):soup('onion', 3, 20)",60.0,66.0,5,interact,5.0,0.0,5.0,0.0,60.0,71.0,False,"(1, 2)",onion,"(3, 1)","soup('onion', 3, 20)","(3, 0):soup('onion', 1, 0)","(3, 0):soup('onion', 1, 0);(4, 1):empty"
154,0,"(0, -1)","(1, 2)","(0, -1)",onion,"(3, 1)","(1, 0)","soup('onion', 3, 20)","(3, 0):soup('onion', 1, 0)","(3, 0):soup('onion', 1, 0);(4, 1):empty",60.0,71.0,1,"(0, 1)",0.0,0.0,0.0,0.0,60.0,71.0,False,"(1, 1)",onion,"(3, 2)","soup('onion', 3, 20)","(3, 0):soup('onion', 1, 0)","(3, 0):soup('onion', 1, 0);(4, 1):empty"
155,2,"(1, 0)","(1, 1)","(0, -1)",onion,"(3, 2)","(0, 1)","soup('onion', 3, 20)","(3, 0):soup('onion', 1, 0)","(3, 0):soup('onion', 1, 0);(4, 1):empty",60.0,71.0,1,"(0, 1)",0.0,0.0,0.0,0.0,60.0,71.0,False,"(2, 1)",onion,"(3, 3)","soup('onion', 3, 20)","(3, 0):soup('onion', 1, 0)","(3, 0):soup('onion', 1, 0);(4, 1):empty"
156,2,"(1, 0)","(2, 1)","(1, 0)",onion,"(3, 3)","(0, 1)","soup('onion', 3, 20)","(3, 0):soup('onion', 1, 0)","(3, 0):soup('onion', 1, 0);(4, 1):empty",60.0,71.0,3,"(-1, 0)",0.0,0.0,0.0,0.0,60.0,71.0,False,"(3, 1)",onion,"(2, 3)","soup('onion', 3, 20)","(3, 0):soup('onion', 1, 0)","(3, 0):soup('onion', 1, 0);(4, 1):empty"
157,5,interact,"(3, 1)","(1, 0)",onion,"(2, 3)","(-1, 0)","soup('onion', 3, 20)","(3, 0):soup('onion', 1, 0)","(3, 0):soup('onion', 1, 0);(4, 1):empty",60.0,71.0,1,"(0, 1)",3.0,0.0,3.0,0.0,60.0,74.0,False,"(3, 1)",,"(2, 3)","soup('onion', 3, 20)","(3, 0):soup('onion', 1, 0);(4, 1):soup('onion', 1, 0)","(3, 0):soup('onion', 1, 0);(4, 1):soup('onion', 1, 0)"
158,1,"(0, 1)","(3, 1)","(1, 0)",,"(2, 3)","(0, 1)","soup('onion', 3, 20)","(3, 0):soup('onion', 1, 0);(4, 1):soup('onion', 1, 0)","(3, 0):soup('onion', 1, 0);(4, 1):soup('onion', 1, 0)",60.0,74.0,5,interact,20.0,20.0,0.0,0.0,80.0,74.0,True,"(3, 2)",,"(2, 3)",,"(3, 0):soup('onion', 1, 0);(4, 1):soup('onion', 1, 0)","(3, 0):soup('onion', 1, 0);(4, 1):soup('onion', 1, 0)"
159,1,"(0, 1)","(3, 2)","(0, 1)",,"(2, 3)","(0, 1)",,"(3, 0):soup('onion', 1, 0);(4, 1):soup('onion', 1, 0)","(3, 0):soup('onion', 1, 0);(4, 1):soup('onion', 1, 0)",80.0,74.0,3,"(-1, 0)",0.0,0.0,0.0,0.0,80.0,74.0,False,"(3, 3)",,"(1, 3)",,"(3, 0):soup('onion', 1, 0);(4, 1):soup('onion', 1, 0)","(3, 0):soup('onion', 1, 0);(4, 1):soup('onion', 1, 0)"
160,5,interact,"(3, 3)","(0, 1)",,"(1, 3)","(-1, 0)",,"(3, 0):soup('onion', 1, 0);(4, 1):soup('onion', 1, 0)","(3, 0):soup('onion', 1, 0);(4, 1):soup('onion', 1, 0)",80.0,74.0,5,interact,0.0,0.0,0.0,0.0,80.0,74.0,False,"(3, 3)",,"(1, 3)",onion,"(3, 0):soup('onion', 1, 0);(4, 1):soup('onion', 1, 0)","(3, 0):soup('onion', 1, 0);(4, 1):soup('onion', 1, 0)"
161,5,interact,"(3, 3)","(0, 1)",,"(1, 3)","(-1, 0)",onion,"(3, 0):soup('onion', 1, 0);(4, 1):soup('onion', 1, 0)","(3, 0):soup('onion', 1, 0);(4, 1):soup('onion', 1, 0)",80.0,74.0,0,"(0, -1)",0.0,0.0,0.0,0.0,80.0,74.0,False,"(3, 3)",,"(1, 2)",onion,"(3, 0):soup('onion', 1, 0);(4, 1):soup('onion', 1, 0)","(3, 0):soup('onion', 1, 0);(4, 1):soup('onion', 1, 0)"
162,3,"(-1, 0)","(3, 3)","(0, 1)",,"(1, 2)","(0, -1)",onion,"(3, 0):soup('onion', 1, 0);(4, 1):soup('onion', 1, 0)","(3, 0):soup('onion', 1, 0);(4, 1):soup('onion', 1, 0)",80.0,74.0,3,"(-1, 0)",0.0,0.0,0.0,0.0,80.0,74.0,False,"(2, 3)",,"(1, 2)",onion,"(3, 0):soup('onion', 1, 0);(4, 1):soup('onion', 1, 0)","(3, 0):soup('onion', 1, 0);(4, 1):soup('onion', 1, 0)"
163,3,"(-1, 0)","(2, 3)","(-1, 0)",,"(1, 2)","(-1, 0)",onion,"(3, 0):soup('onion', 1, 0);(4, 1):soup('onion', 1, 0)","(3, 0):soup('onion', 1, 0);(4, 1):soup('onion', 1, 0)",80.0,74.0,0,"(0, -1)",0.0,0.0,0.0,0.0,80.0,74.0,False,"(1, 3)",,"(1, 1)",onion,"(3, 0):soup('onion', 1, 0);(4, 1):soup('onion', 1, 0)","(3, 0):soup('onion', 1, 0);(4, 1):soup('onion', 1, 0)"
164,5,interact,"(1, 3)","(-1, 0)",,"(1, 1)","(0, -1)",onion,"(3, 0):soup('onion', 1, 0);(4, 1):soup('onion', 1, 0)","(3, 0):soup('onion', 1, 0);(4, 1):soup('onion', 1, 0)",80.0,74.0,2,"(1, 0)",0.0,0.0,0.0,0.0,80.0,74.0,False,"(1, 3)",onion,"(2, 1)",onion,"(3, 0):soup('onion', 1, 0);(4, 1):soup('onion', 1, 0)","(3, 0):soup('onion', 1, 0);(4, 1):soup('onion', 1, 0)"
165,2,"(1, 0)","(1, 3)","(-1, 0)",onion,"(2, 1)","(1, 0)",onion,"(3, 0):soup('onion', 1, 0);(4, 1):soup('onion', 1, 0)","(3, 0):soup('onion', 1, 0);(4, 1):soup('onion', 1, 0)",80.0,74.0,2,"(1, 0)",0.0,0.0,0.0,0.0,80.0,74.0,False,"(2, 3)",onion,"(3, 1)",onion,"(3, 0):soup('onion', 1, 0);(4, 1):soup('onion', 1, 0)","(3, 0):soup('onion', 1, 0);(4, 1):soup('onion', 1, 0)"
166,1,"(0, 1)","(2, 3)","(1, 0)",onion,"(3, 1)","(1, 0)",onion,"(3, 0):soup('onion', 1, 0);(4, 1):soup('onion', 1, 0)","(3, 0):soup('onion', 1, 0);(4, 1):soup('onion', 1, 0)",80.0,74.0,5,interact,3.0,0.0,3.0,0.0,80.0,77.0,False,"(2, 3)",onion,"(3, 1)",,"(3, 0):soup('onion', 1, 0);(4, 1):soup('onion', 2, 0)","(3, 0):soup('onion', 1, 0);(4, 1):soup('onion', 2, 0)"
167,2,"(1, 0)","(2, 3)","(0, 1)",onion,"(3, 1)","(1, 0)",,"(3, 0):soup('onion', 1, 0);(4, 1):soup('onion', 2, 0)","(3, 0):soup('onion', 1, 0);(4, 1):soup('onion', 2, 0)",80.0,77.0,3,"(-1, 0)",0.0,0.0,0.0,0.0,80.0,77.0,False,"(3, 3)",onion,"(2, 1)",,"(3, 0):soup('onion', 1, 0);(4, 1):soup('onion', 2, 0)","(3, 0):soup('onion', 1, 0);(4, 1):soup('onion', 2, 0)"
168,0,"(0, -1)","(3, 3)","(1, 0)",onion,"(2, 1)","(-1, 0)",,"(3, 0):soup('onion', 1, 0);(4, 1):soup('onion', 2, 0)","(3, 0):soup('onion', 1, 0);(4, 1):soup('onion', 2, 0)",80.0,77.0,3,"(-1, 0)",0.0,0.0,0.0,0.0,80.0,77.0,False,"(3, 2)",onion,"(1, 1)",,"(3, 0):soup('onion', 1, 0);(4, 1):soup('onion', 2, 0)","(3, 0):soup('onion', 1, 0);(4, 1):soup('onion', 2, 0)"
169,0,"(0, -1)","(3, 2)","(0, -1)",onion,"(1, 1)","(-1, 0)",,"(3, 0):soup('onion', 1, 0);(4, 1):soup('onion', 2, 0)","(3, 0):soup('onion', 1, 0);(4, 1):soup('onion', 2, 0)",80.0,77.0,1,"(0, 1)",0.0,0.0,0.0,0.0,80.0,77.0,False,"(3, 1)",onion,"(1, 2)",,"(3, 0):soup('onion', 1, 0);(4, 1):soup('onion', 2, 0)","(3, 0):soup('onion', 1, 0);(4, 1):soup('onion', 2, 0)"
170,2,"(1, 0)","(3, 1)","(0, -1)",onion,"(1, 2)","(0, 1)",,"(3, 0):soup('onion', 1, 0);(4, 1):soup('onion', 2, 0)","(3, 0):soup('onion', 1, 0);(4, 1):soup('onion', 2, 0)",80.0,77.0,5,interact,0.0,0.0,0.0,0.0,80.0,77.0,False,"(3, 1)",onion,"(1, 2)",,"(3, 0):soup('onion', 1, 0);(4, 1):soup('onion', 2, 0)","(3, 0):soup('onion', 1, 0);(4, 1):soup('onion', 2, 0)"
171,5,interact,"(3, 1)","(1, 0)",onion,"(1, 2)","(0, 1)",,"(3, 0):soup('onion', 1, 0);(4, 1):soup('onion', 2, 0)","(3, 0):soup('onion', 1, 0);(4, 1):soup('onion', 2, 0)",80.0,77.0,5,interact,3.0,0.0,3.0,0.0,80.0,80.0,False,"(3, 1)",,"(1, 2)",,"(3, 0):soup('onion', 1, 0);(4, 1):soup('onion', 3, 1)","(3, 0):soup('onion', 1, 0);(4, 1):soup('onion', 3, 1)"
172,2,"(1, 0)","(3, 1)","(1, 0)",,"(1, 2)","(0, 1)",,"(3, 0):soup('onion', 1, 0);(4, 1):soup('onion', 3, 1)","(3, 0):soup('onion', 1, 0);(4, 1):soup('onion', 3, 1)",80.0,80.0,3,"(-1, 0)",0.0,0.0,0.0,0.0,80.0,80.0,False,"(3, 1)",,"(1, 2)",,"(3, 0):soup('onion', 1, 0);(4, 1):soup('onion', 3, 2)","(3, 0):soup('onion', 1, 0);(4, 1):soup('onion', 3, 2)"
173,1,"(0, 1)","(3, 1)","(1, 0)",,"(1, 2)","(-1, 0)",,"(3, 0):soup('onion', 1, 0);(4, 1):soup('onion', 3, 2)","(3, 0):soup('onion', 1, 0);(4, 1):soup('onion', 3, 2)",80.0,80.0,5,interact,3.0,0.0,3.0,0.0,80.0,83.0,False,"(3, 2)",,"(1, 2)",dish,"(3, 0):soup('onion', 1, 0);(4, 1):soup('onion', 3, 3)","(3, 0):soup('onion', 1, 0);(4, 1):soup('onion', 3, 3)"
174,1,"(0, 1)","(3, 2)","(0, 1)",,"(1, 2)","(-1, 0)",dish,"(3, 0):soup('onion', 1, 0);(4, 1):soup('onion', 3, 3)","(3, 0):soup('onion', 1, 0);(4, 1):soup('onion', 3, 3)",80.0,83.0,5,interact,0.0,0.0,0.0,0.0,80.0,83.0,False,"(3, 3)",,"(1, 2)",dish,"(3, 0):soup('onion', 1, 0);(4, 1):soup('onion', 3, 4)","(3, 0):soup('onion', 1, 0);(4, 1):soup('onion', 3, 4)"
175,3,"(-1, 0)","(3, 3)","(0, 1)",,"(1, 2)","(-1, 0)",dish,"(3, 0):soup('onion', 1, 0);(4, 1):soup('onion', 3, 4)","(3, 0):soup('onion', 1, 0);(4, 1):soup('onion', 3, 4)",80.0,83.0,5,interact,0.0,0.0,0.0,0.0,80.0,83.0,False,"(2, 3)",,"(1, 2)",dish,"(3, 0):soup('onion', 1, 0);(4, 1):soup('onion', 3, 5)","(3, 0):soup('onion', 1, 0);(4, 1):soup('onion', 3, 5)"
176,3,"(-1, 0)","(2, 3)","(-1, 0)",,"(1, 2)","(-1, 0)",dish,"(3, 0):soup('onion', 1, 0);(4, 1):soup('onion', 3, 5)","(3, 0):soup('onion', 1, 0);(4, 1):soup('onion', 3, 5)",80.0,83.0,5,interact,0.0,0.0,0.0,0.0,80.0,83.0,False,"(1, 3)",,"(1, 2)",dish,"(3, 0):soup('onion', 1, 0);(4, 1):soup('onion', 3, 6)","(3, 0):soup('onion', 1, 0);(4, 1):soup('onion', 3, 6)"
177,5,interact,"(1, 3)","(-1, 0)",,"(1, 2)","(-1, 0)",dish,"(3, 0):soup('onion', 1, 0);(4, 1):soup('onion', 3, 6)","(3, 0):soup('onion', 1, 0);(4, 1):soup('onion', 3, 6)",80.0,83.0,5,interact,0.0,0.0,0.0,0.0,80.0,83.0,False,"(1, 3)",onion,"(1, 2)",dish,"(3, 0):soup('onion', 1, 0);(4, 1):soup('onion', 3, 7)","(3, 0):soup('onion', 1, 0);(4, 1):soup('onion', 3, 7)"
178,5,interact,"(1, 3)","(-1, 0)",onion,"(1, 2)","(-1, 0)",dish,"(3, 0):soup('onion', 1, 0);(4, 1):soup('onion', 3, 7)","(3, 0):soup('onion', 1, 0);(4, 1):soup('onion', 3, 7)",80.0,83.0,0,"(0, -1)",0.0,0.0,0.0,0.0,80.0,83.0,False,"(1, 3)",onion,"(1, 1)",dish,"(3, 0):soup('onion', 1, 0);(4, 1):soup('onion', 3, 8)","(3, 0):soup('onion', 1, 0);(4, 1):soup('onion', 3, 8)"
179,5,interact,"(1, 3)","(-1, 0)",onion,"(1, 1)","(0, -1)",dish,"(3, 0):soup('onion', 1, 0);(4, 1):soup('onion', 3, 8)","(3, 0):soup('onion', 1, 0);(4, 1):soup('onion', 3, 8)",80.0,83.0,2,"(1, 0)",0.0,0.0,0.0,0.0,80.0,83.0,False,"(1, 3)",onion,"(2, 1)",dish,"(3, 0):soup('onion', 1, 0);(4, 1):soup('onion', 3, 9)","(3, 0):soup('onion', 1, 0);(4, 1):soup('onion', 3, 9)"
180,5,interact,"(1, 3)","(-1, 0)",onion,"(2, 1)","(1, 0)",dish,"(3, 0):soup('onion', 1, 0);(4, 1):soup('onion', 3, 9)","(3, 0):soup('onion', 1, 0);(4, 1):soup('onion', 3, 9)",80.0,83.0,2,"(1, 0)",0.0,0.0,0.0,0.0,80.0,83.0,False,"(1, 3)",onion,"(3, 1)",dish,"(3, 0):soup('onion', 1, 0);(4, 1):soup('onion', 3, 10)","(3, 0):soup('onion', 1, 0);(4, 1):soup('onion', 3, 10)"
181,5,interact,"(1, 3)","(-1, 0)",onion,"(3, 1)","(1, 0)",dish,"(3, 0):soup('onion', 1, 0);(4, 1):soup('onion', 3, 10)","(3, 0):soup('onion', 1, 0);(4, 1):soup('onion', 3, 10)",80.0,83.0,5,interact,0.0,0.0,0.0,0.0,80.0,83.0,False,"(1, 3)",onion,"(3, 1)",dish,"(3, 0):soup('onion', 1, 0);(4, 1):soup('onion', 3, 11)","(3, 0):soup('onion', 1, 0);(4, 1):soup('onion', 3, 11)"
182,5,interact,"(1, 3)","(-1, 0)",onion,"(3, 1)","(1, 0)",dish,"(3, 0):soup('onion', 1, 0);(4, 1):soup('onion', 3, 11)","(3, 0):soup('onion', 1, 0);(4, 1):soup('onion', 3, 11)",80.0,83.0,5,interact,0.0,0.0,0.0,0.0,80.0,83.0,False,"(1, 3)",onion,"(3, 1)",dish,"(3, 0):soup('onion', 1, 0);(4, 1):soup('onion', 3, 12)","(3, 0):soup('onion', 1, 0);(4, 1):soup('onion', 3, 12)"
183,5,interact,"(1, 3)","(-1, 0)",onion,"(3, 1)","(1, 0)",dish,"(3, 0):soup('onion', 1, 0);(4, 1):soup('onion', 3, 12)","(3, 0):soup('onion', 1, 0);(4, 1):soup('onion', 3, 12)",80.0,83.0,5,interact,0.0,0.0,0.0,0.0,80.0,83.0,False,"(1, 3)",onion,"(3, 1)",dish,"(3, 0):soup('onion', 1, 0);(4, 1):soup('onion', 3, 13)","(3, 0):soup('onion', 1, 0);(4, 1):soup('onion', 3, 13)"
184,5,interact,"(1, 3)","(-1, 0)",onion,"(3, 1)","(1, 0)",dish,"(3, 0):soup('onion', 1, 0);(4, 1):soup('onion', 3, 13)","(3, 0):soup('onion', 1, 0);(4, 1):soup('onion', 3, 13)",80.0,83.0,5,interact,0.0,0.0,0.0,0.0,80.0,83.0,False,"(1, 3)",onion,"(3, 1)",dish,"(3, 0):soup('onion', 1, 0);(4, 1):soup('onion', 3, 14)","(3, 0):soup('onion', 1, 0);(4, 1):soup('onion', 3, 14)"
185,5,interact,"(1, 3)","(-1, 0)",onion,"(3, 1)","(1, 0)",dish,"(3, 0):soup('onion', 1, 0);(4, 1):soup('onion', 3, 14)","(3, 0):soup('onion', 1, 0);(4, 1):soup('onion', 3, 14)",80.0,83.0,5,interact,0.0,0.0,0.0,0.0,80.0,83.0,False,"(1, 3)",onion,"(3, 1)",dish,"(3, 0):soup('onion', 1, 0);(4, 1):soup('onion', 3, 15)","(3, 0):soup('onion', 1, 0);(4, 1):soup('onion', 3, 15)"
186,5,interact,"(1, 3)","(-1, 0)",onion,"(3, 1)","(1, 0)",dish,"(3, 0):soup('onion', 1, 0);(4, 1):soup('onion', 3, 15)","(3, 0):soup('onion', 1, 0);(4, 1):soup('onion', 3, 15)",80.0,83.0,5,interact,0.0,0.0,0.0,0.0,80.0,83.0,False,"(1, 3)",onion,"(3, 1)",dish,"(3, 0):soup('onion', 1, 0);(4, 1):soup('onion', 3, 16)","(3, 0):soup('onion', 1, 0);(4, 1):soup('onion', 3, 16)"
187,5,interact,"(1, 3)","(-1, 0)",onion,"(3, 1)","(1, 0)",dish,"(3, 0):soup('onion', 1, 0);(4, 1):soup('onion', 3, 16)","(3, 0):soup('onion', 1, 0);(4, 1):soup('onion', 3, 16)",80.0,83.0,5,interact,0.0,0.0,0.0,0.0,80.0,83.0,False,"(1, 3)",onion,"(3, 1)",dish,"(3, 0):soup('onion', 1, 0);(4, 1):soup('onion', 3, 17)","(3, 0):soup('onion', 1, 0);(4, 1):soup('onion', 3, 17)"
188,5,interact,"(1, 3)","(-1, 0)",onion,"(3, 1)","(1, 0)",dish,"(3, 0):soup('onion', 1, 0);(4, 1):soup('onion', 3, 17)","(3, 0):soup('onion', 1, 0);(4, 1):soup('onion', 3, 17)",80.0,83.0,5,interact,0.0,0.0,0.0,0.0,80.0,83.0,False,"(1, 3)",onion,"(3, 1)",dish,"(3, 0):soup('onion', 1, 0);(4, 1):soup('onion', 3, 18)","(3, 0):soup('onion', 1, 0);(4, 1):soup('onion', 3, 18)"
189,5,interact,"(1, 3)","(-1, 0)",onion,"(3, 1)","(1, 0)",dish,"(3, 0):soup('onion', 1, 0);(4, 1):soup('onion', 3, 18)","(3, 0):soup('onion', 1, 0);(4, 1):soup('onion', 3, 18)",80.0,83.0,5,interact,0.0,0.0,0.0,0.0,80.0,83.0,False,"(1, 3)",onion,"(3, 1)",dish,"(3, 0):soup('onion', 1, 0);(4, 1):soup('onion', 3, 19)","(3, 0):soup('onion', 1, 0);(4, 1):soup('onion', 3, 19)"
190,5,interact,"(1, 3)","(-1, 0)",onion,"(3, 1)","(1, 0)",dish,"(3, 0):soup('onion', 1, 0);(4, 1):soup('onion', 3, 19)","(3, 0):soup('onion', 1, 0);(4, 1):soup('onion', 3, 19)",80.0,83.0,5,interact,0.0,0.0,0.0,0.0,80.0,83.0,False,"(1, 3)",onion,"(3, 1)",dish,"(3, 0):soup('onion', 1, 0);(4, 1):soup('onion', 3, 20)","(3, 0):soup('onion', 1, 0);(4, 1):soup('onion', 3, 20)"
191,0,"(0, -1)","(1, 3)","(-1, 0)",onion,"(3, 1)","(1, 0)",dish,"(3, 0):soup('onion', 1, 0);(4, 1):soup('onion', 3, 20)","(3, 0):soup('onion', 1, 0);(4, 1):soup('onion', 3, 20)",80.0,83.0,5,interact,5.0,0.0,5.0,0.0,80.0,88.0,False,"(1, 2)",onion,"(3, 1)","soup('onion', 3, 20)","(3, 0):soup('onion', 1, 0)","(3, 0):soup('onion', 1, 0);(4, 1):empty"
192,0,"(0, -1)","(1, 2)","(0, -1)",onion,"(3, 1)","(1, 0)","soup('onion', 3, 20)","(3, 0):soup('onion', 1, 0)","(3, 0):soup('onion', 1, 0);(4, 1):empty",80.0,88.0,1,"(0, 1)",0.0,0.0,0.0,0.0,80.0,88.0,False,"(1, 1)",onion,"(3, 2)","soup('onion', 3, 20)","(3, 0):soup('onion', 1, 0)","(3, 0):soup('onion', 1, 0);(4, 1):empty"
193,2,"(1, 0)","(1, 1)","(0, -1)",onion,"(3, 2)","(0, 1)","soup('onion', 3, 20)","(3, 0):soup('onion', 1, 0)","(3, 0):soup('onion', 1, 0);(4, 1):empty",80.0,88.0,1,"(0, 1)",0.0,0.0,0.0,0.0,80.0,88.0,False,"(2, 1)",onion,"(3, 3)","soup('onion', 3, 20)","(3, 0):soup('onion', 1, 0)","(3, 0):soup('onion', 1, 0);(4, 1):empty"
194,2,"(1, 0)","(2, 1)","(1, 0)",onion,"(3, 3)","(0, 1)","soup('onion', 3, 20)","(3, 0):soup('onion', 1, 0)","(3, 0):soup('onion', 1, 0);(4, 1):empty",80.0,88.0,3,"(-1, 0)",0.0,0.0,0.0,0.0,80.0,88.0,False,"(3, 1)",onion,"(2, 3)","soup('onion', 3, 20)","(3, 0):soup('onion', 1, 0)","(3, 0):soup('onion', 1, 0);(4, 1):empty"
195,5,interact,"(3, 1)","(1, 0)",onion,"(2, 3)","(-1, 0)","soup('onion', 3, 20)","(3, 0):soup('onion', 1, 0)","(3, 0):soup('onion', 1, 0);(4, 1):empty",80.0,88.0,1,"(0, 1)",3.0,0.0,3.0,0.0,80.0,91.0,False,"(3, 1)",,"(2, 3)","soup('onion', 3, 20)","(3, 0):soup('onion', 1, 0);(4, 1):soup('onion', 1, 0)","(3, 0):soup('onion', 1, 0);(4, 1):soup('onion', 1, 0)"
196,1,"(0, 1)","(3, 1)","(1, 0)",,"(2, 3)","(0, 1)","soup('onion', 3, 20)","(3, 0):soup('onion', 1, 0);(4, 1):soup('onion', 1, 0)","(3, 0):soup('onion', 1, 0);(4, 1):soup('onion', 1, 0)",80.0,91.0,5,interact,20.0,20.0,0.0,0.0,100.0,91.0,True,"(3, 2)",,"(2, 3)",,"(3, 0):soup('onion', 1, 0);(4, 1):soup('onion', 1, 0)","(3, 0):soup('onion', 1, 0);(4, 1):soup('onion', 1, 0)"
197,1,"(0, 1)","(3, 2)","(0, 1)",,"(2, 3)","(0, 1)",,"(3, 0):soup('onion', 1, 0);(4, 1):soup('onion', 1, 0)","(3, 0):soup('onion', 1, 0);(4, 1):soup('onion', 1, 0)",100.0,91.0,3,"(-1, 0)",0.0,0.0,0.0,0.0,100.0,91.0,False,"(3, 3)",,"(1, 3)",,"(3, 0):soup('onion', 1, 0);(4, 1):soup('onion', 1, 0)","(3, 0):soup('onion', 1, 0);(4, 1):soup('onion', 1, 0)"
198,5,interact,"(3, 3)","(0, 1)",,"(1, 3)","(-1, 0)",,"(3, 0):soup('onion', 1, 0);(4, 1):soup('onion', 1, 0)","(3, 0):soup('onion', 1, 0);(4, 1):soup('onion', 1, 0)",100.0,91.0,5,interact,0.0,0.0,0.0,0.0,100.0,91.0,False,"(3, 3)",,"(1, 3)",onion,"(3, 0):soup('onion', 1, 0);(4, 1):soup('onion', 1, 0)","(3, 0):soup('onion', 1, 0);(4, 1):soup('onion', 1, 0)"
199,5,interact,"(3, 3)","(0, 1)",,"(1, 3)","(-1, 0)",onion,"(3, 0):soup('onion', 1, 0);(4, 1):soup('onion', 1, 0)","(3, 0):soup('onion', 1, 0);(4, 1):soup('onion', 1, 0)",100.0,91.0,0,"(0, -1)",0.0,0.0,0.0,0.0,100.0,91.0,False,"(3, 3)",,"(1, 2)",onion,"(3, 0):soup('onion', 1, 0);(4, 1):soup('onion', 1, 0)","(3, 0):soup('onion', 1, 0);(4, 1):soup('onion', 1, 0)"
200,3,"(-1, 0)","(3, 3)","(0, 1)",,"(1, 2)","(0, -1)",onion,"(3, 0):soup('onion', 1, 0);(4, 1):soup('onion', 1, 0)","(3, 0):soup('onion', 1, 0);(4, 1):soup('onion', 1, 0)",100.0,91.0,3,"(-1, 0)",0.0,0.0,0.0,0.0,100.0,91.0,False,"(2, 3)",,"(1, 2)",onion,"(3, 0):soup('onion', 1, 0);(4, 1):soup('onion', 1, 0)","(3, 0):soup('onion', 1, 0);(4, 1):soup('onion', 1, 0)"
201,3,"(-1, 0)","(2, 3)","(-1, 0)",,"(1, 2)","(-1, 0)",onion,"(3, 0):soup('onion', 1, 0);(4, 1):soup('onion', 1, 0)","(3, 0):soup('onion', 1, 0);(4, 1):soup('onion', 1, 0)",100.0,91.0,0,"(0, -1)",0.0,0.0,0.0,0.0,100.0,91.0,False,"(1, 3)",,"(1, 1)",onion,"(3, 0):soup('onion', 1, 0);(4, 1):soup('onion', 1, 0)","(3, 0):soup('onion', 1, 0);(4, 1):soup('onion', 1, 0)"
202,5,interact,"(1, 3)","(-1, 0)",,"(1, 1)","(0, -1)",onion,"(3, 0):soup('onion', 1, 0);(4, 1):soup('onion', 1, 0)","(3, 0):soup('onion', 1, 0);(4, 1):soup('onion', 1, 0)",100.0,91.0,2,"(1, 0)",0.0,0.0,0.0,0.0,100.0,91.0,False,"(1, 3)",onion,"(2, 1)",onion,"(3, 0):soup('onion', 1, 0);(4, 1):soup('onion', 1, 0)","(3, 0):soup('onion', 1, 0);(4, 1):soup('onion', 1, 0)"
203,2,"(1, 0)","(1, 3)","(-1, 0)",onion,"(2, 1)","(1, 0)",onion,"(3, 0):soup('onion', 1, 0);(4, 1):soup('onion', 1, 0)","(3, 0):soup('onion', 1, 0);(4, 1):soup('onion', 1, 0)",100.0,91.0,2,"(1, 0)",0.0,0.0,0.0,0.0,100.0,91.0,False,"(2, 3)",onion,"(3, 1)",onion,"(3, 0):soup('onion', 1, 0);(4, 1):soup('onion', 1, 0)","(3, 0):soup('onion', 1, 0);(4, 1):soup('onion', 1, 0)"
204,1,"(0, 1)","(2, 3)","(1, 0)",onion,"(3, 1)","(1, 0)",onion,"(3, 0):soup('onion', 1, 0);(4, 1):soup('onion', 1, 0)","(3, 0):soup('onion', 1, 0);(4, 1):soup('onion', 1, 0)",100.0,91.0,5,interact,3.0,0.0,3.0,0.0,100.0,94.0,False,"(2, 3)",onion,"(3, 1)",,"(3, 0):soup('onion', 1, 0);(4, 1):soup('onion', 2, 0)","(3, 0):soup('onion', 1, 0);(4, 1):soup('onion', 2, 0)"
205,2,"(1, 0)","(2, 3)","(0, 1)",onion,"(3, 1)","(1, 0)",,"(3, 0):soup('onion', 1, 0);(4, 1):soup('onion', 2, 0)","(3, 0):soup('onion', 1, 0);(4, 1):soup('onion', 2, 0)",100.0,94.0,3,"(-1, 0)",0.0,0.0,0.0,0.0,100.0,94.0,False,"(3, 3)",onion,"(2, 1)",,"(3, 0):soup('onion', 1, 0);(4, 1):soup('onion', 2, 0)","(3, 0):soup('onion', 1, 0);(4, 1):soup('onion', 2, 0)"
206,0,"(0, -1)","(3, 3)","(1, 0)",onion,"(2, 1)","(-1, 0)",,"(3, 0):soup('onion', 1, 0);(4, 1):soup('onion', 2, 0)","(3, 0):soup('onion', 1, 0);(4, 1):soup('onion', 2, 0)",100.0,94.0,3,"(-1, 0)",0.0,0.0,0.0,0.0,100.0,94.0,False,"(3, 2)",onion,"(1, 1)",,"(3, 0):soup('onion', 1, 0);(4, 1):soup('onion', 2, 0)","(3, 0):soup('onion', 1, 0);(4, 1):soup('onion', 2, 0)"
207,0,"(0, -1)","(3, 2)","(0, -1)",onion,"(1, 1)","(-1, 0)",,"(3, 0):soup('onion', 1, 0);(4, 1):soup('onion', 2, 0)","(3, 0):soup('onion', 1, 0);(4, 1):soup('onion', 2, 0)",100.0,94.0,1,"(0, 1)",0.0,0.0,0.0,0.0,100.0,94.0,False,"(3, 1)",onion,"(1, 2)",,"(3, 0):soup('onion', 1, 0);(4, 1):soup('onion', 2, 0)","(3, 0):soup('onion', 1, 0);(4, 1):soup('onion', 2, 0)"
208,2,"(1, 0)","(3, 1)","(0, -1)",onion,"(1, 2)","(0, 1)",,"(3, 0):soup('onion', 1, 0);(4, 1):soup('onion', 2, 0)","(3, 0):soup('onion', 1, 0);(4, 1):soup('onion', 2, 0)",100.0,94.0,5,interact,0.0,0.0,0.0,0.0,100.0,94.0,False,"(3, 1)",onion,"(1, 2)",,"(3, 0):soup('onion', 1, 0);(4, 1):soup('onion', 2, 0)","(3, 0):soup('onion', 1, 0);(4, 1):soup('onion', 2, 0)"
209,5,interact,"(3, 1)","(1, 0)",onion,"(1, 2)","(0, 1)",,"(3, 0):soup('onion', 1, 0);(4, 1):soup('onion', 2, 0)","(3, 0):soup('onion', 1, 0);(4, 1):soup('onion', 2, 0)",100.0,94.0,5,interact,3.0,0.0,3.0,0.0,100.0,97.0,False,"(3, 1)",,"(1, 2)",,"(3, 0):soup('onion', 1, 0);(4, 1):soup('onion', 3, 1)","(3, 0):soup('onion', 1, 0);(4, 1):soup('onion', 3, 1)"
210,2,"(1, 0)","(3, 1)","(1, 0)",,"(1, 2)","(0, 1)",,"(3, 0):soup('onion', 1, 0);(4, 1):soup('onion', 3, 1)","(3, 0):soup('onion', 1, 0);(4, 1):soup('onion', 3, 1)",100.0,97.0,3,"(-1, 0)",0.0,0.0,0.0,0.0,100.0,97.0,False,"(3, 1)",,"(1, 2)",,"(3, 0):soup('onion', 1, 0);(4, 1):soup('onion', 3, 2)","(3, 0):soup('onion', 1, 0);(4, 1):soup('onion', 3, 2)"
211,1,"(0, 1)","(3, 1)","(1, 0)",,"(1, 2)","(-1, 0)",,"(3, 0):soup('onion', 1, 0);(4, 1):soup('onion', 3, 2)","(3, 0):soup('onion', 1, 0);(4, 1):soup('onion', 3, 2)",100.0,97.0,5,interact,3.0,0.0,3.0,0.0,100.0,100.0,False,"(3, 2)",,"(1, 2)",dish,"(3, 0):soup('onion', 1, 0);(4, 1):soup('onion', 3, 3)","(3, 0):soup('onion', 1, 0);(4, 1):soup('onion', 3, 3)"
212,1,"(0, 1)","(3, 2)","(0, 1)",,"(1, 2)","(-1, 0)",dish,"(3, 0):soup('onion', 1, 0);(4, 1):soup('onion', 3, 3)","(3, 0):soup('onion', 1, 0);(4, 1):soup('onion', 3, 3)",100.0,100.0,5,interact,0.0,0.0,0.0,0.0,100.0,100.0,False,"(3, 3)",,"(1, 2)",dish,"(3, 0):soup('onion', 1, 0);(4, 1):soup('onion', 3, 4)","(3, 0):soup('onion', 1, 0);(4, 1):soup('onion', 3, 4)"
213,3,"(-1, 0)","(3, 3)","(0, 1)",,"(1, 2)","(-1, 0)",dish,"(3, 0):soup('onion', 1, 0);(4, 1):soup('onion', 3, 4)","(3, 0):soup('onion', 1, 0);(4, 1):soup('onion', 3, 4)",100.0,100.0,5,interact,0.0,0.0,0.0,0.0,100.0,100.0,False,"(2, 3)",,"(1, 2)",dish,"(3, 0):soup('onion', 1, 0);(4, 1):soup('onion', 3, 5)","(3, 0):soup('onion', 1, 0);(4, 1):soup('onion', 3, 5)"
214,3,"(-1, 0)","(2, 3)","(-1, 0)",,"(1, 2)","(-1, 0)",dish,"(3, 0):soup('onion', 1, 0);(4, 1):soup('onion', 3, 5)","(3, 0):soup('onion', 1, 0);(4, 1):soup('onion', 3, 5)",100.0,100.0,5,interact,0.0,0.0,0.0,0.0,100.0,100.0,False,"(1, 3)",,"(1, 2)",dish,"(3, 0):soup('onion', 1, 0);(4, 1):soup('onion', 3, 6)","(3, 0):soup('onion', 1, 0);(4, 1):soup('onion', 3, 6)"
215,5,interact,"(1, 3)","(-1, 0)",,"(1, 2)","(-1, 0)",dish,"(3, 0):soup('onion', 1, 0);(4, 1):soup('onion', 3, 6)","(3, 0):soup('onion', 1, 0);(4, 1):soup('onion', 3, 6)",100.0,100.0,5,interact,0.0,0.0,0.0,0.0,100.0,100.0,False,"(1, 3)",onion,"(1, 2)",dish,"(3, 0):soup('onion', 1, 0);(4, 1):soup('onion', 3, 7)","(3, 0):soup('onion', 1, 0);(4, 1):soup('onion', 3, 7)"
216,5,interact,"(1, 3)","(-1, 0)",onion,"(1, 2)","(-1, 0)",dish,"(3, 0):soup('onion', 1, 0);(4, 1):soup('onion', 3, 7)","(3, 0):soup('onion', 1, 0);(4, 1):soup('onion', 3, 7)",100.0,100.0,0,"(0, -1)",0.0,0.0,0.0,0.0,100.0,100.0,False,"(1, 3)",onion,"(1, 1)",dish,"(3, 0):soup('onion', 1, 0);(4, 1):soup('onion', 3, 8)","(3, 0):soup('onion', 1, 0);(4, 1):soup('onion', 3, 8)"
217,5,interact,"(1, 3)","(-1, 0)",onion,"(1, 1)","(0, -1)",dish,"(3, 0):soup('onion', 1, 0);(4, 1):soup('onion', 3, 8)","(3, 0):soup('onion', 1, 0);(4, 1):soup('onion', 3, 8)",100.0,100.0,2,"(1, 0)",0.0,0.0,0.0,0.0,100.0,100.0,False,"(1, 3)",onion,"(2, 1)",dish,"(3, 0):soup('onion', 1, 0);(4, 1):soup('onion', 3, 9)","(3, 0):soup('onion', 1, 0);(4, 1):soup('onion', 3, 9)"
218,5,interact,"(1, 3)","(-1, 0)",onion,"(2, 1)","(1, 0)",dish,"(3, 0):soup('onion', 1, 0);(4, 1):soup('onion', 3, 9)","(3, 0):soup('onion', 1, 0);(4, 1):soup('onion', 3, 9)",100.0,100.0,2,"(1, 0)",0.0,0.0,0.0,0.0,100.0,100.0,False,"(1, 3)",onion,"(3, 1)",dish,"(3, 0):soup('onion', 1, 0);(4, 1):soup('onion', 3, 10)","(3, 0):soup('onion', 1, 0);(4, 1):soup('onion', 3, 10)"
219,5,interact,"(1, 3)","(-1, 0)",onion,"(3, 1)","(1, 0)",dish,"(3, 0):soup('onion', 1, 0);(4, 1):soup('onion', 3, 10)","(3, 0):soup('onion', 1, 0);(4, 1):soup('onion', 3, 10)",100.0,100.0,5,interact,0.0,0.0,0.0,0.0,100.0,100.0,False,"(1, 3)",onion,"(3, 1)",dish,"(3, 0):soup('onion', 1, 0);(4, 1):soup('onion', 3, 11)","(3, 0):soup('onion', 1, 0);(4, 1):soup('onion', 3, 11)"
220,5,interact,"(1, 3)","(-1, 0)",onion,"(3, 1)","(1, 0)",dish,"(3, 0):soup('onion', 1, 0);(4, 1):soup('onion', 3, 11)","(3, 0):soup('onion', 1, 0);(4, 1):soup('onion', 3, 11)",100.0,100.0,5,interact,0.0,0.0,0.0,0.0,100.0,100.0,False,"(1, 3)",onion,"(3, 1)",dish,"(3, 0):soup('onion', 1, 0);(4, 1):soup('onion', 3, 12)","(3, 0):soup('onion', 1, 0);(4, 1):soup('onion', 3, 12)"
221,5,interact,"(1, 3)","(-1, 0)",onion,"(3, 1)","(1, 0)",dish,"(3, 0):soup('onion', 1, 0);(4, 1):soup('onion', 3, 12)","(3, 0):soup('onion', 1, 0);(4, 1):soup('onion', 3, 12)",100.0,100.0,5,interact,0.0,0.0,0.0,0.0,100.0,100.0,False,"(1, 3)",onion,"(3, 1)",dish,"(3, 0):soup('onion', 1, 0);(4, 1):soup('onion', 3, 13)","(3, 0):soup('onion', 1, 0);(4, 1):soup('onion', 3, 13)"
222,5,interact,"(1, 3)","(-1, 0)",onion,"(3, 1)","(1, 0)",dish,"(3, 0):soup('onion', 1, 0);(4, 1):soup('onion', 3, 13)","(3, 0):soup('onion', 1, 0);(4, 1):soup('onion', 3, 13)",100.0,100.0,5,interact,0.0,0.0,0.0,0.0,100.0,100.0,False,"(1, 3)",onion,"(3, 1)",dish,"(3, 0):soup('onion', 1, 0);(4, 1):soup('onion', 3, 14)","(3, 0):soup('onion', 1, 0);(4, 1):soup('onion', 3, 14)"
223,5,interact,"(1, 3)","(-1, 0)",onion,"(3, 1)","(1, 0)",dish,"(3, 0):soup('onion', 1, 0);(4, 1):soup('onion', 3, 14)","(3, 0):soup('onion', 1, 0);(4, 1):soup('onion', 3, 14)",100.0,100.0,5,interact,0.0,0.0,0.0,0.0,100.0,100.0,False,"(1, 3)",onion,"(3, 1)",dish,"(3, 0):soup('onion', 1, 0);(4, 1):soup('onion', 3, 15)","(3, 0):soup('onion', 1, 0);(4, 1):soup('onion', 3, 15)"
224,5,interact,"(1, 3)","(-1, 0)",onion,"(3, 1)","(1, 0)",dish,"(3, 0):soup('onion', 1, 0);(4, 1):soup('onion', 3, 15)","(3, 0):soup('onion', 1, 0);(4, 1):soup('onion', 3, 15)",100.0,100.0,5,interact,0.0,0.0,0.0,0.0,100.0,100.0,False,"(1, 3)",onion,"(3, 1)",dish,"(3, 0):soup('onion', 1, 0);(4, 1):soup('onion', 3, 16)","(3, 0):soup('onion', 1, 0);(4, 1):soup('onion', 3, 16)"
225,5,interact,"(1, 3)","(-1, 0)",onion,"(3, 1)","(1, 0)",dish,"(3, 0):soup('onion', 1, 0);(4, 1):soup('onion', 3, 16)","(3, 0):soup('onion', 1, 0);(4, 1):soup('onion', 3, 16)",100.0,100.0,5,interact,0.0,0.0,0.0,0.0,100.0,100.0,False,"(1, 3)",onion,"(3, 1)",dish,"(3, 0):soup('onion', 1, 0);(4, 1):soup('onion', 3, 17)","(3, 0):soup('onion', 1, 0);(4, 1):soup('onion', 3, 17)"
226,5,interact,"(1, 3)","(-1, 0)",onion,"(3, 1)","(1, 0)",dish,"(3, 0):soup('onion', 1, 0);(4, 1):soup('onion', 3, 17)","(3, 0):soup('onion', 1, 0);(4, 1):soup('onion', 3, 17)",100.0,100.0,5,interact,0.0,0.0,0.0,0.0,100.0,100.0,False,"(1, 3)",onion,"(3, 1)",dish,"(3, 0):soup('onion', 1, 0);(4, 1):soup('onion', 3, 18)","(3, 0):soup('onion', 1, 0);(4, 1):soup('onion', 3, 18)"
227,5,interact,"(1, 3)","(-1, 0)",onion,"(3, 1)","(1, 0)",dish,"(3, 0):soup('onion', 1, 0);(4, 1):soup('onion', 3, 18)","(3, 0):soup('onion', 1, 0);(4, 1):soup('onion', 3, 18)",100.0,100.0,5,interact,0.0,0.0,0.0,0.0,100.0,100.0,False,"(1, 3)",onion,"(3, 1)",dish,"(3, 0):soup('onion', 1, 0);(4, 1):soup('onion', 3, 19)","(3, 0):soup('onion', 1, 0);(4, 1):soup('onion', 3, 19)"
228,5,interact,"(1, 3)","(-1, 0)",onion,"(3, 1)","(1, 0)",dish,"(3, 0):soup('onion', 1, 0);(4, 1):soup('onion', 3, 19)","(3, 0):soup('onion', 1, 0);(4, 1):soup('onion', 3, 19)",100.0,100.0,5,interact,0.0,0.0,0.0,0.0,100.0,100.0,False,"(1, 3)",onion,"(3, 1)",dish,"(3, 0):soup('onion', 1, 0);(4, 1):soup('onion', 3, 20)","(3, 0):soup('onion', 1, 0);(4, 1):soup('onion', 3, 20)"
229,0,"(0, -1)","(1, 3)","(-1, 0)",onion,"(3, 1)","(1, 0)",dish,"(3, 0):soup('onion', 1, 0);(4, 1):soup('onion', 3, 20)","(3, 0):soup('onion', 1, 0);(4, 1):soup('onion', 3, 20)",100.0,100.0,5,interact,5.0,0.0,5.0,0.0,100.0,105.0,False,"(1, 2)",onion,"(3, 1)","soup('onion', 3, 20)","(3, 0):soup('onion', 1, 0)","(3, 0):soup('onion', 1, 0);(4, 1):empty"
230,0,"(0, -1)","(1, 2)","(0, -1)",onion,"(3, 1)","(1, 0)","soup('onion', 3, 20)","(3, 0):soup('onion', 1, 0)","(3, 0):soup('onion', 1, 0);(4, 1):empty",100.0,105.0,1,"(0, 1)",0.0,0.0,0.0,0.0,100.0,105.0,False,"(1, 1)",onion,"(3, 2)","soup('onion', 3, 20)","(3, 0):soup('onion', 1, 0)","(3, 0):soup('onion', 1, 0);(4, 1):empty"
231,2,"(1, 0)","(1, 1)","(0, -1)",onion,"(3, 2)","(0, 1)","soup('onion', 3, 20)","(3, 0):soup('onion', 1, 0)","(3, 0):soup('onion', 1, 0);(4, 1):empty",100.0,105.0,1,"(0, 1)",0.0,0.0,0.0,0.0,100.0,105.0,False,"(2, 1)",onion,"(3, 3)","soup('onion', 3, 20)","(3, 0):soup('onion', 1, 0)","(3, 0):soup('onion', 1, 0);(4, 1):empty"
232,2,"(1, 0)","(2, 1)","(1, 0)",onion,"(3, 3)","(0, 1)","soup('onion', 3, 20)","(3, 0):soup('onion', 1, 0)","(3, 0):soup('onion', 1, 0);(4, 1):empty",100.0,105.0,3,"(-1, 0)",0.0,0.0,0.0,0.0,100.0,105.0,False,"(3, 1)",onion,"(2, 3)","soup('onion', 3, 20)","(3, 0):soup('onion', 1, 0)","(3, 0):soup('onion', 1, 0);(4, 1):empty"
233,5,interact,"(3, 1)","(1, 0)",onion,"(2, 3)","(-1, 0)","soup('onion', 3, 20)","(3, 0):soup('onion', 1, 0)","(3, 0):soup('onion', 1, 0);(4, 1):empty",100.0,105.0,1,"(0, 1)",3.0,0.0,3.0,0.0,100.0,108.0,False,"(3, 1)",,"(2, 3)","soup('onion', 3, 20)","(3, 0):soup('onion', 1, 0);(4, 1):soup('onion', 1, 0)","(3, 0):soup('onion', 1, 0);(4, 1):soup('onion', 1, 0)"
234,1,"(0, 1)","(3, 1)","(1, 0)",,"(2, 3)","(0, 1)","soup('onion', 3, 20)","(3, 0):soup('onion', 1, 0);(4, 1):soup('onion', 1, 0)","(3, 0):soup('onion', 1, 0);(4, 1):soup('onion', 1, 0)",100.0,108.0,5,interact,20.0,20.0,0.0,0.0,120.0,108.0,True,"(3, 2)",,"(2, 3)",,"(3, 0):soup('onion', 1, 0);(4, 1):soup('onion', 1, 0)","(3, 0):soup('onion', 1, 0);(4, 1):soup('onion', 1, 0)"
235,1,"(0, 1)","(3, 2)","(0, 1)",,"(2, 3)","(0, 1)",,"(3, 0):soup('onion', 1, 0);(4, 1):soup('onion', 1, 0)","(3, 0):soup('onion', 1, 0);(4, 1):soup('onion', 1, 0)",120.0,108.0,3,"(-1, 0)",0.0,0.0,0.0,0.0,120.0,108.0,False,"(3, 3)",,"(1, 3)",,"(3, 0):soup('onion', 1, 0);(4, 1):soup('onion', 1, 0)","(3, 0):soup('onion', 1, 0);(4, 1):soup('onion', 1, 0)"
236,5,interact,"(3, 3)","(0, 1)",,"(1, 3)","(-1, 0)",,"(3, 0):soup('onion', 1, 0);(4, 1):soup('onion', 1, 0)","(3, 0):soup('onion', 1, 0);(4, 1):soup('onion', 1, 0)",120.0,108.0,5,interact,0.0,0.0,0.0,0.0,120.0,108.0,False,"(3, 3)",,"(1, 3)",onion,"(3, 0):soup('onion', 1, 0);(4, 1):soup('onion', 1, 0)","(3, 0):soup('onion', 1, 0);(4, 1):soup('onion', 1, 0)"
237,5,interact,"(3, 3)","(0, 1)",,"(1, 3)","(-1, 0)",onion,"(3, 0):soup('onion', 1, 0);(4, 1):soup('onion', 1, 0)","(3, 0):soup('onion', 1, 0);(4, 1):soup('onion', 1, 0)",120.0,108.0,0,"(0, -1)",0.0,0.0,0.0,0.0,120.0,108.0,False,"(3, 3)",,"(1, 2)",onion,"(3, 0):soup('onion', 1, 0);(4, 1):soup('onion', 1, 0)","(3, 0):soup('onion', 1, 0);(4, 1):soup('onion', 1, 0)"
238,3,"(-1, 0)","(3, 3)","(0, 1)",,"(1, 2)","(0, -1)",onion,"(3, 0):soup('onion', 1, 0);(4, 1):soup('onion', 1, 0)","(3, 0):soup('onion', 1, 0);(4, 1):soup('onion', 1, 0)",120.0,108.0,3,"(-1, 0)",0.0,0.0,0.0,0.0,120.0,108.0,False,"(2, 3)",,"(1, 2)",onion,"(3, 0):soup('onion', 1, 0);(4, 1):soup('onion', 1, 0)","(3, 0):soup('onion', 1, 0);(4, 1):soup('onion', 1, 0)"
239,3,"(-1, 0)","(2, 3)","(-1, 0)",,"(1, 2)","(-1, 0)",onion,"(3, 0):soup('onion', 1, 0);(4, 1):soup('onion', 1, 0)","(3, 0):soup('onion', 1, 0);(4, 1):soup('onion', 1, 0)",120.0,108.0,0,"(0, -1)",0.0,0.0,0.0,0.0,120.0,108.0,False,"(1, 3)",,"(1, 1)",onion,"(3, 0):soup('onion', 1, 0);(4, 1):soup('onion', 1, 0)","(3, 0):soup('onion', 1, 0);(4, 1):soup('onion', 1, 0)"
240,5,interact,"(1, 3)","(-1, 0)",,"(1, 1)","(0, -1)",onion,"(3, 0):soup('onion', 1, 0);(4, 1):soup('onion', 1, 0)","(3, 0):soup('onion', 1, 0);(4, 1):soup('onion', 1, 0)",120.0,108.0,2,"(1, 0)",0.0,0.0,0.0,0.0,120.0,108.0,False,"(1, 3)",onion,"(2, 1)",onion,"(3, 0):soup('onion', 1, 0);(4, 1):soup('onion', 1, 0)","(3, 0):soup('onion', 1, 0);(4, 1):soup('onion', 1, 0)"
241,2,"(1, 0)","(1, 3)","(-1, 0)",onion,"(2, 1)","(1, 0)",onion,"(3, 0):soup('onion', 1, 0);(4, 1):soup('onion', 1, 0)","(3, 0):soup('onion', 1, 0);(4, 1):soup('onion', 1, 0)",120.0,108.0,2,"(1, 0)",0.0,0.0,0.0,0.0,120.0,108.0,False,"(2, 3)",onion,"(3, 1)",onion,"(3, 0):soup('onion', 1, 0);(4, 1):soup('onion', 1, 0)","(3, 0):soup('onion', 1, 0);(4, 1):soup('onion', 1, 0)"
242,1,"(0, 1)","(2, 3)","(1, 0)",onion,"(3, 1)","(1, 0)",onion,"(3, 0):soup('onion', 1, 0);(4, 1):soup('onion', 1, 0)","(3, 0):soup('onion', 1, 0);(4, 1):soup('onion', 1, 0)",120.0,108.0,5,interact,3.0,0.0,3.0,0.0,120.0,111.0,False,"(2, 3)",onion,"(3, 1)",,"(3, 0):soup('onion', 1, 0);(4, 1):soup('onion', 2, 0)","(3, 0):soup('onion', 1, 0);(4, 1):soup('onion', 2, 0)"
243,2,"(1, 0)","(2, 3)","(0, 1)",onion,"(3, 1)","(1, 0)",,"(3, 0):soup('onion', 1, 0);(4, 1):soup('onion', 2, 0)","(3, 0):soup('onion', 1, 0);(4, 1):soup('onion', 2, 0)",120.0,111.0,3,"(-1, 0)",0.0,0.0,0.0,0.0,120.0,111.0,False,"(3, 3)",onion,"(2, 1)",,"(3, 0):soup('onion', 1, 0);(4, 1):soup('onion', 2, 0)","(3, 0):soup('onion', 1, 0);(4, 1):soup('onion', 2, 0)"
244,0,"(0, -1)","(3, 3)","(1, 0)",onion,"(2, 1)","(-1, 0)",,"(3, 0):soup('onion', 1, 0);(4, 1):soup('onion', 2, 0)","(3, 0):soup('onion', 1, 0);(4, 1):soup('onion', 2, 0)",120.0,111.0,3,"(-1, 0)",0.0,0.0,0.0,0.0,120.0,111.0,False,"(3, 2)",onion,"(1, 1)",,"(3, 0):soup('onion', 1, 0);(4, 1):soup('onion', 2, 0)","(3, 0):soup('onion', 1, 0);(4, 1):soup('onion', 2, 0)"
245,0,"(0, -1)","(3, 2)","(0, -1)",onion,"(1, 1)","(-1, 0)",,"(3, 0):soup('onion', 1, 0);(4, 1):soup('onion', 2, 0)","(3, 0):soup('onion', 1, 0);(4, 1):soup('onion', 2, 0)",120.0,111.0,1,"(0, 1)",0.0,0.0,0.0,0.0,120.0,111.0,False,"(3, 1)",onion,"(1, 2)",,"(3, 0):soup('onion', 1, 0);(4, 1):soup('onion', 2, 0)","(3, 0):soup('onion', 1, 0);(4, 1):soup('onion', 2, 0)"
246,2,"(1, 0)","(3, 1)","(0, -1)",onion,"(1, 2)","(0, 1)",,"(3, 0):soup('onion', 1, 0);(4, 1):soup('onion', 2, 0)","(3, 0):soup('onion', 1, 0);(4, 1):soup('onion', 2, 0)",120.0,111.0,5,interact,0.0,0.0,0.0,0.0,120.0,111.0,False,"(3, 1)",onion,"(1, 2)",,"(3, 0):soup('onion', 1, 0);(4, 1):soup('onion', 2, 0)","(3, 0):soup('onion', 1, 0);(4, 1):soup('onion', 2, 0)"
247,5,interact,"(3, 1)","(1, 0)",onion,"(1, 2)","(0, 1)",,"(3, 0):soup('onion', 1, 0);(4, 1):soup('onion', 2, 0)","(3, 0):soup('onion', 1, 0);(4, 1):soup('onion', 2, 0)",120.0,111.0,5,interact,3.0,0.0,3.0,0.0,120.0,114.0,False,"(3, 1)",,"(1, 2)",,"(3, 0):soup('onion', 1, 0);(4, 1):soup('onion', 3, 1)","(3, 0):soup('onion', 1, 0);(4, 1):soup('onion', 3, 1)"
248,2,"(1, 0)","(3, 1)","(1, 0)",,"(1, 2)","(0, 1)",,"(3, 0):soup('onion', 1, 0);(4, 1):soup('onion', 3, 1)","(3, 0):soup('onion', 1, 0);(4, 1):soup('onion', 3, 1)",120.0,114.0,3,"(-1, 0)",0.0,0.0,0.0,0.0,120.0,114.0,False,"(3, 1)",,"(1, 2)",,"(3, 0):soup('onion', 1, 0);(4, 1):soup('onion', 3, 2)","(3, 0):soup('onion', 1, 0);(4, 1):soup('onion', 3, 2)"
249,1,"(0, 1)","(3, 1)","(1, 0)",,"(1, 2)","(-1, 0)",,"(3, 0):soup('onion', 1, 0);(4, 1):soup('onion', 3, 2)","(3, 0):soup('onion', 1, 0);(4, 1):soup('onion', 3, 2)",120.0,114.0,5,interact,3.0,0.0,3.0,0.0,120.0,117.0,False,"(3, 2)",,"(1, 2)",dish,"(3, 0):soup('onion', 1, 0);(4, 1):soup('onion', 3, 3)","(3, 0):soup('onion', 1, 0);(4, 1):soup('onion', 3, 3)"
250,1,"(0, 1)","(3, 2)","(0, 1)",,"(1, 2)","(-1, 0)",dish,"(3, 0):soup('onion', 1, 0);(4, 1):soup('onion', 3, 3)","(3, 0):soup('onion', 1, 0);(4, 1):soup('onion', 3, 3)",120.0,117.0,5,interact,0.0,0.0,0.0,0.0,120.0,117.0,False,"(3, 3)",,"(1, 2)",dish,"(3, 0):soup('onion', 1, 0);(4, 1):soup('onion', 3, 4)","(3, 0):soup('onion', 1, 0);(4, 1):soup('onion', 3, 4)"
251,3,"(-1, 0)","(3, 3)","(0, 1)",,"(1, 2)","(-1, 0)",dish,"(3, 0):soup('onion', 1, 0);(4, 1):soup('onion', 3, 4)","(3, 0):soup('onion', 1, 0);(4, 1):soup('onion', 3, 4)",120.0,117.0,5,interact,0.0,0.0,0.0,0.0,120.0,117.0,False,"(2, 3)",,"(1, 2)",dish,"(3, 0):soup('onion', 1, 0);(4, 1):soup('onion', 3, 5)","(3, 0):soup('onion', 1, 0);(4, 1):soup('onion', 3, 5)"
252,3,"(-1, 0)","(2, 3)","(-1, 0)",,"(1, 2)","(-1, 0)",dish,"(3, 0):soup('onion', 1, 0);(4, 1):soup('onion', 3, 5)","(3, 0):soup('onion', 1, 0);(4, 1):soup('onion', 3, 5)",120.0,117.0,5,interact,0.0,0.0,0.0,0.0,120.0,117.0,False,"(1, 3)",,"(1, 2)",dish,"(3, 0):soup('onion', 1, 0);(4, 1):soup('onion', 3, 6)","(3, 0):soup('onion', 1, 0);(4, 1):soup('onion', 3, 6)"
253,5,interact,"(1, 3)","(-1, 0)",,"(1, 2)","(-1, 0)",dish,"(3, 0):soup('onion', 1, 0);(4, 1):soup('onion', 3, 6)","(3, 0):soup('onion', 1, 0);(4, 1):soup('onion', 3, 6)",120.0,117.0,5,interact,0.0,0.0,0.0,0.0,120.0,117.0,False,"(1, 3)",onion,"(1, 2)",dish,"(3, 0):soup('onion', 1, 0);(4, 1):soup('onion', 3, 7)","(3, 0):soup('onion', 1, 0);(4, 1):soup('onion', 3, 7)"
254,5,interact,"(1, 3)","(-1, 0)",onion,"(1, 2)","(-1, 0)",dish,"(3, 0):soup('onion', 1, 0);(4, 1):soup('onion', 3, 7)","(3, 0):soup('onion', 1, 0);(4, 1):soup('onion', 3, 7)",120.0,117.0,0,"(0, -1)",0.0,0.0,0.0,0.0,120.0,117.0,False,"(1, 3)",onion,"(1, 1)",dish,"(3, 0):soup('onion', 1, 0);(4, 1):soup('onion', 3, 8)","(3, 0):soup('onion', 1, 0);(4, 1):soup('onion', 3, 8)"
255,5,interact,"(1, 3)","(-1, 0)",onion,"(1, 1)","(0, -1)",dish,"(3, 0):soup('onion', 1, 0);(4, 1):soup('onion', 3, 8)","(3, 0):soup('onion', 1, 0);(4, 1):soup('onion', 3, 8)",120.0,117.0,2,"(1, 0)",0.0,0.0,0.0,0.0,120.0,117.0,False,"(1, 3)",onion,"(2, 1)",dish,"(3, 0):soup('onion', 1, 0);(4, 1):soup('onion', 3, 9)","(3, 0):soup('onion', 1, 0);(4, 1):soup('onion', 3, 9)"
256,5,interact,"(1, 3)","(-1, 0)",onion,"(2, 1)","(1, 0)",dish,"(3, 0):soup('onion', 1, 0);(4, 1):soup('onion', 3, 9)","(3, 0):soup('onion', 1, 0);(4, 1):soup('onion', 3, 9)",120.0,117.0,2,"(1, 0)",0.0,0.0,0.0,0.0,120.0,117.0,False,"(1, 3)",onion,"(3, 1)",dish,"(3, 0):soup('onion', 1, 0);(4, 1):soup('onion', 3, 10)","(3, 0):soup('onion', 1, 0);(4, 1):soup('onion', 3, 10)"
257,5,interact,"(1, 3)","(-1, 0)",onion,"(3, 1)","(1, 0)",dish,"(3, 0):soup('onion', 1, 0);(4, 1):soup('onion', 3, 10)","(3, 0):soup('onion', 1, 0);(4, 1):soup('onion', 3, 10)",120.0,117.0,5,interact,0.0,0.0,0.0,0.0,120.0,117.0,False,"(1, 3)",onion,"(3, 1)",dish,"(3, 0):soup('onion', 1, 0);(4, 1):soup('onion', 3, 11)","(3, 0):soup('onion', 1, 0);(4, 1):soup('onion', 3, 11)"
258,5,interact,"(1, 3)","(-1, 0)",onion,"(3, 1)","(1, 0)",dish,"(3, 0):soup('onion', 1, 0);(4, 1):soup('onion', 3, 11)","(3, 0):soup('onion', 1, 0);(4, 1):soup('onion', 3, 11)",120.0,117.0,5,interact,0.0,0.0,0.0,0.0,120.0,117.0,False,"(1, 3)",onion,"(3, 1)",dish,"(3, 0):soup('onion', 1, 0);(4, 1):soup('onion', 3, 12)","(3, 0):soup('onion', 1, 0);(4, 1):soup('onion', 3, 12)"
259,5,interact,"(1, 3)","(-1, 0)",onion,"(3, 1)","(1, 0)",dish,"(3, 0):soup('onion', 1, 0);(4, 1):soup('onion', 3, 12)","(3, 0):soup('onion', 1, 0);(4, 1):soup('onion', 3, 12)",120.0,117.0,5,interact,0.0,0.0,0.0,0.0,120.0,117.0,False,"(1, 3)",onion,"(3, 1)",dish,"(3, 0):soup('onion', 1, 0);(4, 1):soup('onion', 3, 13)","(3, 0):soup('onion', 1, 0);(4, 1):soup('onion', 3, 13)"
260,5,interact,"(1, 3)","(-1, 0)",onion,"(3, 1)","(1, 0)",dish,"(3, 0):soup('onion', 1, 0);(4, 1):soup('onion', 3, 13)","(3, 0):soup('onion', 1, 0);(4, 1):soup('onion', 3, 13)",120.0,117.0,5,interact,0.0,0.0,0.0,0.0,120.0,117.0,False,"(1, 3)",onion,"(3, 1)",dish,"(3, 0):soup('onion', 1, 0);(4, 1):soup('onion', 3, 14)","(3, 0):soup('onion', 1, 0);(4, 1):soup('onion', 3, 14)"
261,5,interact,"(1, 3)","(-1, 0)",onion,"(3, 1)","(1, 0)",dish,"(3, 0):soup('onion', 1, 0);(4, 1):soup('onion', 3, 14)","(3, 0):soup('onion', 1, 0);(4, 1):soup('onion', 3, 14)",120.0,117.0,5,interact,0.0,0.0,0.0,0.0,120.0,117.0,False,"(1, 3)",onion,"(3, 1)",dish,"(3, 0):soup('onion', 1, 0);(4, 1):soup('onion', 3, 15)","(3, 0):soup('onion', 1, 0);(4, 1):soup('onion', 3, 15)"
262,5,interact,"(1, 3)","(-1, 0)",onion,"(3, 1)","(1, 0)",dish,"(3, 0):soup('onion', 1, 0);(4, 1):soup('onion', 3, 15)","(3, 0):soup('onion', 1, 0);(4, 1):soup('onion', 3, 15)",120.0,117.0,5,interact,0.0,0.0,0.0,0.0,120.0,117.0,False,"(1, 3)",onion,"(3, 1)",dish,"(3, 0):soup('onion', 1, 0);(4, 1):soup('onion', 3, 16)","(3, 0):soup('onion', 1, 0);(4, 1):soup('onion', 3, 16)"
263,5,interact,"(1, 3)","(-1, 0)",onion,"(3, 1)","(1, 0)",dish,"(3, 0):soup('onion', 1, 0);(4, 1):soup('onion', 3, 16)","(3, 0):soup('onion', 1, 0);(4, 1):soup('onion', 3, 16)",120.0,117.0,5,interact,0.0,0.0,0.0,0.0,120.0,117.0,False,"(1, 3)",onion,"(3, 1)",dish,"(3, 0):soup('onion', 1, 0);(4, 1):soup('onion', 3, 17)","(3, 0):soup('onion', 1, 0);(4, 1):soup('onion', 3, 17)"
264,5,interact,"(1, 3)","(-1, 0)",onion,"(3, 1)","(1, 0)",dish,"(3, 0):soup('onion', 1, 0);(4, 1):soup('onion', 3, 17)","(3, 0):soup('onion', 1, 0);(4, 1):soup('onion', 3, 17)",120.0,117.0,5,interact,0.0,0.0,0.0,0.0,120.0,117.0,False,"(1, 3)",onion,"(3, 1)",dish,"(3, 0):soup('onion', 1, 0);(4, 1):soup('onion', 3, 18)","(3, 0):soup('onion', 1, 0);(4, 1):soup('onion', 3, 18)"
265,5,interact,"(1, 3)","(-1, 0)",onion,"(3, 1)","(1, 0)",dish,"(3, 0):soup('onion', 1, 0);(4, 1):soup('onion', 3, 18)","(3, 0):soup('onion', 1, 0);(4, 1):soup('onion', 3, 18)",120.0,117.0,5,interact,0.0,0.0,0.0,0.0,120.0,117.0,False,"(1, 3)",onion,"(3, 1)",dish,"(3, 0):soup('onion', 1, 0);(4, 1):soup('onion', 3, 19)","(3, 0):soup('onion', 1, 0);(4, 1):soup('onion', 3, 19)"
266,5,interact,"(1, 3)","(-1, 0)",onion,"(3, 1)","(1, 0)",dish,"(3, 0):soup('onion', 1, 0);(4, 1):soup('onion', 3, 19)","(3, 0):soup('onion', 1, 0);(4, 1):soup('onion', 3, 19)",120.0,117.0,5,interact,0.0,0.0,0.0,0.0,120.0,117.0,False,"(1, 3)",onion,"(3, 1)",dish,"(3, 0):soup('onion', 1, 0);(4, 1):soup('onion', 3, 20)","(3, 0):soup('onion', 1, 0);(4, 1):soup('onion', 3, 20)"
267,0,"(0, -1)","(1, 3)","(-1, 0)",onion,"(3, 1)","(1, 0)",dish,"(3, 0):soup('onion', 1, 0);(4, 1):soup('onion', 3, 20)","(3, 0):soup('onion', 1, 0);(4, 1):soup('onion', 3, 20)",120.0,117.0,5,interact,5.0,0.0,5.0,0.0,120.0,122.0,False,"(1, 2)",onion,"(3, 1)","soup('onion', 3, 20)","(3, 0):soup('onion', 1, 0)","(3, 0):soup('onion', 1, 0);(4, 1):empty"
268,0,"(0, -1)","(1, 2)","(0, -1)",onion,"(3, 1)","(1, 0)","soup('onion', 3, 20)","(3, 0):soup('onion', 1, 0)","(3, 0):soup('onion', 1, 0);(4, 1):empty",120.0,122.0,1,"(0, 1)",0.0,0.0,0.0,0.0,120.0,122.0,False,"(1, 1)",onion,"(3, 2)","soup('onion', 3, 20)","(3, 0):soup('onion', 1, 0)","(3, 0):soup('onion', 1, 0);(4, 1):empty"
269,2,"(1, 0)","(1, 1)","(0, -1)",onion,"(3, 2)","(0, 1)","soup('onion', 3, 20)","(3, 0):soup('onion', 1, 0)","(3, 0):soup('onion', 1, 0);(4, 1):empty",120.0,122.0,1,"(0, 1)",0.0,0.0,0.0,0.0,120.0,122.0,False,"(2, 1)",onion,"(3, 3)","soup('onion', 3, 20)","(3, 0):soup('onion', 1, 0)","(3, 0):soup('onion', 1, 0);(4, 1):empty"
270,2,"(1, 0)","(2, 1)","(1, 0)",onion,"(3, 3)","(0, 1)","soup('onion', 3, 20)","(3, 0):soup('onion', 1, 0)","(3, 0):soup('onion', 1, 0);(4, 1):empty",120.0,122.0,3,"(-1, 0)",0.0,0.0,0.0,0.0,120.0,122.0,False,"(3, 1)",onion,"(2, 3)","soup('onion', 3, 20)","(3, 0):soup('onion', 1, 0)","(3, 0):soup('onion', 1, 0);(4, 1):empty"
271,5,interact,"(3, 1)","(1, 0)",onion,"(2, 3)","(-1, 0)","soup('onion', 3, 20)","(3, 0):soup('onion', 1, 0)","(3, 0):soup('onion', 1, 0);(4, 1):empty",120.0,122.0,1,"(0, 1)",3.0,0.0,3.0,0.0,120.0,125.0,False,"(3, 1)",,"(2, 3)","soup('onion', 3, 20)","(3, 0):soup('onion', 1, 0);(4, 1):soup('onion', 1, 0)","(3, 0):soup('onion', 1, 0);(4, 1):soup('onion', 1, 0)"
272,1,"(0, 1)","(3, 1)","(1, 0)",,"(2, 3)","(0, 1)","soup('onion', 3, 20)","(3, 0):soup('onion', 1, 0);(4, 1):soup('onion', 1, 0)","(3, 0):soup('onion', 1, 0);(4, 1):soup('onion', 1, 0)",120.0,125.0,5,interact,20.0,20.0,0.0,0.0,140.0,125.0,True,"(3, 2)",,"(2, 3)",,"(3, 0):soup('onion', 1, 0);(4, 1):soup('onion', 1, 0)","(3, 0):soup('onion', 1, 0);(4, 1):soup('onion', 1, 0)"
273,1,"(0, 1)","(3, 2)","(0, 1)",,"(2, 3)","(0, 1)",,"(3, 0):soup('onion', 1, 0);(4, 1):soup('onion', 1, 0)","(3, 0):soup('onion', 1, 0);(4, 1):soup('onion', 1, 0)",140.0,125.0,3,"(-1, 0)",0.0,0.0,0.0,0.0,140.0,125.0,False,"(3, 3)",,"(1, 3)",,"(3, 0):soup('onion', 1, 0);(4, 1):soup('onion', 1, 0)","(3, 0):soup('onion', 1, 0);(4, 1):soup('onion', 1, 0)"
274,5,interact,"(3, 3)","(0, 1)",,"(1, 3)","(-1, 0)",,"(3, 0):soup('onion', 1, 0);(4, 1):soup('onion', 1, 0)","(3, 0):soup('onion', 1, 0);(4, 1):soup('onion', 1, 0)",140.0,125.0,5,interact,0.0,0.0,0.0,0.0,140.0,125.0,False,"(3, 3)",,"(1, 3)",onion,"(3, 0):soup('onion', 1, 0);(4, 1):soup('onion', 1, 0)","(3, 0):soup('onion', 1, 0);(4, 1):soup('onion', 1, 0)"
275,5,interact,"(3, 3)","(0, 1)",,"(1, 3)","(-1, 0)",onion,"(3, 0):soup('onion', 1, 0);(4, 1):soup('onion', 1, 0)","(3, 0):soup('onion', 1, 0);(4, 1):soup('onion', 1, 0)",140.0,125.0,0,"(0, -1)",0.0,0.0,0.0,0.0,140.0,125.0,False,"(3, 3)",,"(1, 2)",onion,"(3, 0):soup('onion', 1, 0);(4, 1):soup('onion', 1, 0)","(3, 0):soup('onion', 1, 0);(4, 1):soup('onion', 1, 0)"
276,3,"(-1, 0)","(3, 3)","(0, 1)",,"(1, 2)","(0, -1)",onion,"(3, 0):soup('onion', 1, 0);(4, 1):soup('onion', 1, 0)","(3, 0):soup('onion', 1, 0);(4, 1):soup('onion', 1, 0)",140.0,125.0,3,"(-1, 0)",0.0,0.0,0.0,0.0,140.0,125.0,False,"(2, 3)",,"(1, 2)",onion,"(3, 0):soup('onion', 1, 0);(4, 1):soup('onion', 1, 0)","(3, 0):soup('onion', 1, 0);(4, 1):soup('onion', 1, 0)"
277,3,"(-1, 0)","(2, 3)","(-1, 0)",,"(1, 2)","(-1, 0)",onion,"(3, 0):soup('onion', 1, 0);(4, 1):soup('onion', 1, 0)","(3, 0):soup('onion', 1, 0);(4, 1):soup('onion', 1, 0)",140.0,125.0,0,"(0, -1)",0.0,0.0,0.0,0.0,140.0,125.0,False,"(1, 3)",,"(1, 1)",onion,"(3, 0):soup('onion', 1, 0);(4, 1):soup('onion', 1, 0)","(3, 0):soup('onion', 1, 0);(4, 1):soup('onion', 1, 0)"
278,5,interact,"(1, 3)","(-1, 0)",,"(1, 1)","(0, -1)",onion,"(3, 0):soup('onion', 1, 0);(4, 1):soup('onion', 1, 0)","(3, 0):soup('onion', 1, 0);(4, 1):soup('onion', 1, 0)",140.0,125.0,2,"(1, 0)",0.0,0.0,0.0,0.0,140.0,125.0,False,"(1, 3)",onion,"(2, 1)",onion,"(3, 0):soup('onion', 1, 0);(4, 1):soup('onion', 1, 0)","(3, 0):soup('onion', 1, 0);(4, 1):soup('onion', 1, 0)"
279,2,"(1, 0)","(1, 3)","(-1, 0)",onion,"(2, 1)","(1, 0)",onion,"(3, 0):soup('onion', 1, 0);(4, 1):soup('onion', 1, 0)","(3, 0):soup('onion', 1, 0);(4, 1):soup('onion', 1, 0)",140.0,125.0,2,"(1, 0)",0.0,0.0,0.0,0.0,140.0,125.0,False,"(2, 3)",onion,"(3, 1)",onion,"(3, 0):soup('onion', 1, 0);(4, 1):soup('onion', 1, 0)","(3, 0):soup('onion', 1, 0);(4, 1):soup('onion', 1, 0)"
280,1,"(0, 1)","(2, 3)","(1, 0)",onion,"(3, 1)","(1, 0)",onion,"(3, 0):soup('onion', 1, 0);(4, 1):soup('onion', 1, 0)","(3, 0):soup('onion', 1, 0);(4, 1):soup('onion', 1, 0)",140.0,125.0,5,interact,3.0,0.0,3.0,0.0,140.0,128.0,False,"(2, 3)",onion,"(3, 1)",,"(3, 0):soup('onion', 1, 0);(4, 1):soup('onion', 2, 0)","(3, 0):soup('onion', 1, 0);(4, 1):soup('onion', 2, 0)"
281,2,"(1, 0)","(2, 3)","(0, 1)",onion,"(3, 1)","(1, 0)",,"(3, 0):soup('onion', 1, 0);(4, 1):soup('onion', 2, 0)","(3, 0):soup('onion', 1, 0);(4, 1):soup('onion', 2, 0)",140.0,128.0,3,"(-1, 0)",0.0,0.0,0.0,0.0,140.0,128.0,False,"(3, 3)",onion,"(2, 1)",,"(3, 0):soup('onion', 1, 0);(4, 1):soup('onion', 2, 0)","(3, 0):soup('onion', 1, 0);(4, 1):soup('onion', 2, 0)"
282,0,"(0, -1)","(3, 3)","(1, 0)",onion,"(2, 1)","(-1, 0)",,"(3, 0):soup('onion', 1, 0);(4, 1):soup('onion', 2, 0)","(3, 0):soup('onion', 1, 0);(4, 1):soup('onion', 2, 0)",140.0,128.0,3,"(-1, 0)",0.0,0.0,0.0,0.0,140.0,128.0,False,"(3, 2)",onion,"(1, 1)",,"(3, 0):soup('onion', 1, 0);(4, 1):soup('onion', 2, 0)","(3, 0):soup('onion', 1, 0);(4, 1):soup('onion', 2, 0)"
283,0,"(0, -1)","(3, 2)","(0, -1)",onion,"(1, 1)","(-1, 0)",,"(3, 0):soup('onion', 1, 0);(4, 1):soup('onion', 2, 0)","(3, 0):soup('onion', 1, 0);(4, 1):soup('onion', 2, 0)",140.0,128.0,1,"(0, 1)",0.0,0.0,0.0,0.0,140.0,128.0,False,"(3, 1)",onion,"(1, 2)",,"(3, 0):soup('onion', 1, 0);(4, 1):soup('onion', 2, 0)","(3, 0):soup('onion', 1, 0);(4, 1):soup('onion', 2, 0)"
284,2,"(1, 0)","(3, 1)","(0, -1)",onion,"(1, 2)","(0, 1)",,"(3, 0):soup('onion', 1, 0);(4, 1):soup('onion', 2, 0)","(3, 0):soup('onion', 1, 0);(4, 1):soup('onion', 2, 0)",140.0,128.0,5,interact,0.0,0.0,0.0,0.0,140.0,128.0,False,"(3, 1)",onion,"(1, 2)",,"(3, 0):soup('onion', 1, 0);(4, 1):soup('onion', 2, 0)","(3, 0):soup('onion', 1, 0);(4, 1):soup('onion', 2, 0)"
285,5,interact,"(3, 1)","(1, 0)",onion,"(1, 2)","(0, 1)",,"(3, 0):soup('onion', 1, 0);(4, 1):soup('onion', 2, 0)","(3, 0):soup('onion', 1, 0);(4, 1):soup('onion', 2, 0)",140.0,128.0,5,interact,3.0,0.0,3.0,0.0,140.0,131.0,False,"(3, 1)",,"(1, 2)",,"(3, 0):soup('onion', 1, 0);(4, 1):soup('onion', 3, 1)","(3, 0):soup('onion', 1, 0);(4, 1):soup('onion', 3, 1)"
286,2,"(1, 0)","(3, 1)","(1, 0)",,"(1, 2)","(0, 1)",,"(3, 0):soup('onion', 1, 0);(4, 1):soup('onion', 3, 1)","(3, 0):soup('onion', 1, 0);(4, 1):soup('onion', 3, 1)",140.0,131.0,3,"(-1, 0)",0.0,0.0,0.0,0.0,140.0,131.0,False,"(3, 1)",,"(1, 2)",,"(3, 0):soup('onion', 1, 0);(4, 1):soup('onion', 3, 2)","(3, 0):soup('onion', 1, 0);(4, 1):soup('onion', 3, 2)"
287,1,"(0, 1)","(3, 1)","(1, 0)",,"(1, 2)","(-1, 0)",,"(3, 0):soup('onion', 1, 0);(4, 1):soup('onion', 3, 2)","(3, 0):soup('onion', 1, 0);(4, 1):soup('onion', 3, 2)",140.0,131.0,5,interact,3.0,0.0,3.0,0.0,140.0,134.0,False,"(3, 2)",,"(1, 2)",dish,"(3, 0):soup('onion', 1, 0);(4, 1):soup('onion', 3, 3)","(3, 0):soup('onion', 1, 0);(4, 1):soup('onion', 3, 3)"
288,1,"(0, 1)","(3, 2)","(0, 1)",,"(1, 2)","(-1, 0)",dish,"(3, 0):soup('onion', 1, 0);(4, 1):soup('onion', 3, 3)","(3, 0):soup('onion', 1, 0);(4, 1):soup('onion', 3, 3)",140.0,134.0,5,interact,0.0,0.0,0.0,0.0,140.0,134.0,False,"(3, 3)",,"(1, 2)",dish,"(3, 0):soup('onion', 1, 0);(4, 1):soup('onion', 3, 4)","(3, 0):soup('onion', 1, 0);(4, 1):soup('onion', 3, 4)"
289,3,"(-1, 0)","(3, 3)","(0, 1)",,"(1, 2)","(-1, 0)",dish,"(3, 0):soup('onion', 1, 0);(4, 1):soup('onion', 3, 4)","(3, 0):soup('onion', 1, 0);(4, 1):soup('onion', 3, 4)",140.0,134.0,5,interact,0.0,0.0,0.0,0.0,140.0,134.0,False,"(2, 3)",,"(1, 2)",dish,"(3, 0):soup('onion', 1, 0);(4, 1):soup('onion', 3, 5)","(3, 0):soup('onion', 1, 0);(4, 1):soup('onion', 3, 5)"
290,3,"(-1, 0)","(2, 3)","(-1, 0)",,"(1, 2)","(-1, 0)",dish,"(3, 0):soup('onion', 1, 0);(4, 1):soup('onion', 3, 5)","(3, 0):soup('onion', 1, 0);(4, 1):soup('onion', 3, 5)",140.0,134.0,5,interact,0.0,0.0,0.0,0.0,140.0,134.0,False,"(1, 3)",,"(1, 2)",dish,"(3, 0):soup('onion', 1, 0);(4, 1):soup('onion', 3, 6)","(3, 0):soup('onion', 1, 0);(4, 1):soup('onion', 3, 6)"
291,5,interact,"(1, 3)","(-1, 0)",,"(1, 2)","(-1, 0)",dish,"(3, 0):soup('onion', 1, 0);(4, 1):soup('onion', 3, 6)","(3, 0):soup('onion', 1, 0);(4, 1):soup('onion', 3, 6)",140.0,134.0,5,interact,0.0,0.0,0.0,0.0,140.0,134.0,False,"(1, 3)",onion,"(1, 2)",dish,"(3, 0):soup('onion', 1, 0);(4, 1):soup('onion', 3, 7)","(3, 0):soup('onion', 1, 0);(4, 1):soup('onion', 3, 7)"
292,5,interact,"(1, 3)","(-1, 0)",onion,"(1, 2)","(-1, 0)",dish,"(3, 0):soup('onion', 1, 0);(4, 1):soup('onion', 3, 7)","(3, 0):soup('onion', 1, 0);(4, 1):soup('onion', 3, 7)",140.0,134.0,0,"(0, -1)",0.0,0.0,0.0,0.0,140.0,134.0,False,"(1, 3)",onion,"(1, 1)",dish,"(3, 0):soup('onion', 1, 0);(4, 1):soup('onion', 3, 8)","(3, 0):soup('onion', 1, 0);(4, 1):soup('onion', 3, 8)"
293,5,interact,"(1, 3)","(-1, 0)",onion,"(1, 1)","(0, -1)",dish,"(3, 0):soup('onion', 1, 0);(4, 1):soup('onion', 3, 8)","(3, 0):soup('onion', 1, 0);(4, 1):soup('onion', 3, 8)",140.0,134.0,2,"(1, 0)",0.0,0.0,0.0,0.0,140.0,134.0,False,"(1, 3)",onion,"(2, 1)",dish,"(3, 0):soup('onion', 1, 0);(4, 1):soup('onion', 3, 9)","(3, 0):soup('onion', 1, 0);(4, 1):soup('onion', 3, 9)"
294,5,interact,"(1, 3)","(-1, 0)",onion,"(2, 1)","(1, 0)",dish,"(3, 0):soup('onion', 1, 0);(4, 1):soup('onion', 3, 9)","(3, 0):soup('onion', 1, 0);(4, 1):soup('onion', 3, 9)",140.0,134.0,2,"(1, 0)",0.0,0.0,0.0,0.0,140.0,134.0,False,"(1, 3)",onion,"(3, 1)",dish,"(3, 0):soup('onion', 1, 0);(4, 1):soup('onion', 3, 10)","(3, 0):soup('onion', 1, 0);(4, 1):soup('onion', 3, 10)"
295,5,interact,"(1, 3)","(-1, 0)",onion,"(3, 1)","(1, 0)",dish,"(3, 0):soup('onion', 1, 0);(4, 1):soup('onion', 3, 10)","(3, 0):soup('onion', 1, 0);(4, 1):soup('onion', 3, 10)",140.0,134.0,5,interact,0.0,0.0,0.0,0.0,140.0,134.0,False,"(1, 3)",onion,"(3, 1)",dish,"(3, 0):soup('onion', 1, 0);(4, 1):soup('onion', 3, 11)","(3, 0):soup('onion', 1, 0);(4, 1):soup('onion', 3, 11)"
296,5,interact,"(1, 3)","(-1, 0)",onion,"(3, 1)","(1, 0)",dish,"(3, 0):soup('onion', 1, 0);(4, 1):soup('onion', 3, 11)","(3, 0):soup('onion', 1, 0);(4, 1):soup('onion', 3, 11)",140.0,134.0,5,interact,0.0,0.0,0.0,0.0,140.0,134.0,False,"(1, 3)",onion,"(3, 1)",dish,"(3, 0):soup('onion', 1, 0);(4, 1):soup('onion', 3, 12)","(3, 0):soup('onion', 1, 0);(4, 1):soup('onion', 3, 12)"
297,5,interact,"(1, 3)","(-1, 0)",onion,"(3, 1)","(1, 0)",dish,"(3, 0):soup('onion', 1, 0);(4, 1):soup('onion', 3, 12)","(3, 0):soup('onion', 1, 0);(4, 1):soup('onion', 3, 12)",140.0,134.0,5,interact,0.0,0.0,0.0,0.0,140.0,134.0,False,"(1, 3)",onion,"(3, 1)",dish,"(3, 0):soup('onion', 1, 0);(4, 1):soup('onion', 3, 13)","(3, 0):soup('onion', 1, 0);(4, 1):soup('onion', 3, 13)"
298,5,interact,"(1, 3)","(-1, 0)",onion,"(3, 1)","(1, 0)",dish,"(3, 0):soup('onion', 1, 0);(4, 1):soup('onion', 3, 13)","(3, 0):soup('onion', 1, 0);(4, 1):soup('onion', 3, 13)",140.0,134.0,5,interact,0.0,0.0,0.0,0.0,140.0,134.0,False,"(1, 3)",onion,"(3, 1)",dish,"(3, 0):soup('onion', 1, 0);(4, 1):soup('onion', 3, 14)","(3, 0):soup('onion', 1, 0);(4, 1):soup('onion', 3, 14)"
299,5,interact,"(1, 3)","(-1, 0)",onion,"(3, 1)","(1, 0)",dish,"(3, 0):soup('onion', 1, 0);(4, 1):soup('onion', 3, 14)","(3, 0):soup('onion', 1, 0);(4, 1):soup('onion', 3, 14)",140.0,134.0,5,interact,0.0,0.0,0.0,0.0,140.0,134.0,False,"(1, 3)",onion,"(3, 1)",dish,"(3, 0):soup('onion', 1, 0);(4, 1):soup('onion', 3, 15)","(3, 0):soup('onion', 1, 0);(4, 1):soup('onion', 3, 15)"
300,5,interact,"(1, 3)","(-1, 0)",onion,"(3, 1)","(1, 0)",dish,"(3, 0):soup('onion', 1, 0);(4, 1):soup('onion', 3, 15)","(3, 0):soup('onion', 1, 0);(4, 1):soup('onion', 3, 15)",140.0,134.0,5,interact,0.0,0.0,0.0,0.0,140.0,134.0,False,"(1, 3)",onion,"(3, 1)",dish,"(3, 0):soup('onion', 1, 0);(4, 1):soup('onion', 3, 16)","(3, 0):soup('onion', 1, 0);(4, 1):soup('onion', 3, 16)"
301,5,interact,"(1, 3)","(-1, 0)",onion,"(3, 1)","(1, 0)",dish,"(3, 0):soup('onion', 1, 0);(4, 1):soup('onion', 3, 16)","(3, 0):soup('onion', 1, 0);(4, 1):soup('onion', 3, 16)",140.0,134.0,5,interact,0.0,0.0,0.0,0.0,140.0,134.0,False,"(1, 3)",onion,"(3, 1)",dish,"(3, 0):soup('onion', 1, 0);(4, 1):soup('onion', 3, 17)","(3, 0):soup('onion', 1, 0);(4, 1):soup('onion', 3, 17)"
302,5,interact,"(1, 3)","(-1, 0)",onion,"(3, 1)","(1, 0)",dish,"(3, 0):soup('onion', 1, 0);(4, 1):soup('onion', 3, 17)","(3, 0):soup('onion', 1, 0);(4, 1):soup('onion', 3, 17)",140.0,134.0,5,interact,0.0,0.0,0.0,0.0,140.0,134.0,False,"(1, 3)",onion,"(3, 1)",dish,"(3, 0):soup('onion', 1, 0);(4, 1):soup('onion', 3, 18)","(3, 0):soup('onion', 1, 0);(4, 1):soup('onion', 3, 18)"
303,5,interact,"(1, 3)","(-1, 0)",onion,"(3, 1)","(1, 0)",dish,"(3, 0):soup('onion', 1, 0);(4, 1):soup('onion', 3, 18)","(3, 0):soup('onion', 1, 0);(4, 1):soup('onion', 3, 18)",140.0,134.0,5,interact,0.0,0.0,0.0,0.0,140.0,134.0,False,"(1, 3)",onion,"(3, 1)",dish,"(3, 0):soup('onion', 1, 0);(4, 1):soup('onion', 3, 19)","(3, 0):soup('onion', 1, 0);(4, 1):soup('onion', 3, 19)"
304,5,interact,"(1, 3)","(-1, 0)",onion,"(3, 1)","(1, 0)",dish,"(3, 0):soup('onion', 1, 0);(4, 1):soup('onion', 3, 19)","(3, 0):soup('onion', 1, 0);(4, 1):soup('onion', 3, 19)",140.0,134.0,5,interact,0.0,0.0,0.0,0.0,140.0,134.0,False,"(1, 3)",onion,"(3, 1)",dish,"(3, 0):soup('onion', 1, 0);(4, 1):soup('onion', 3, 20)","(3, 0):soup('onion', 1, 0);(4, 1):soup('onion', 3, 20)"
305,0,"(0, -1)","(1, 3)","(-1, 0)",onion,"(3, 1)","(1, 0)",dish,"(3, 0):soup('onion', 1, 0);(4, 1):soup('onion', 3, 20)","(3, 0):soup('onion', 1, 0);(4, 1):soup('onion', 3, 20)",140.0,134.0,5,interact,5.0,0.0,5.0,0.0,140.0,139.0,False,"(1, 2)",onion,"(3, 1)","soup('onion', 3, 20)","(3, 0):soup('onion', 1, 0)","(3, 0):soup('onion', 1, 0);(4, 1):empty"
306,0,"(0, -1)","(1, 2)","(0, -1)",onion,"(3, 1)","(1, 0)","soup('onion', 3, 20)","(3, 0):soup('onion', 1, 0)","(3, 0):soup('onion', 1, 0);(4, 1):empty",140.0,139.0,1,"(0, 1)",0.0,0.0,0.0,0.0,140.0,139.0,False,"(1, 1)",onion,"(3, 2)","soup('onion', 3, 20)","(3, 0):soup('onion', 1, 0)","(3, 0):soup('onion', 1, 0);(4, 1):empty"
307,2,"(1, 0)","(1, 1)","(0, -1)",onion,"(3, 2)","(0, 1)","soup('onion', 3, 20)","(3, 0):soup('onion', 1, 0)","(3, 0):soup('onion', 1, 0);(4, 1):empty",140.0,139.0,1,"(0, 1)",0.0,0.0,0.0,0.0,140.0,139.0,False,"(2, 1)",onion,"(3, 3)","soup('onion', 3, 20)","(3, 0):soup('onion', 1, 0)","(3, 0):soup('onion', 1, 0);(4, 1):empty"
308,2,"(1, 0)","(2, 1)","(1, 0)",onion,"(3, 3)","(0, 1)","soup('onion', 3, 20)","(3, 0):soup('onion', 1, 0)","(3, 0):soup('onion', 1, 0);(4, 1):empty",140.0,139.0,3,"(-1, 0)",0.0,0.0,0.0,0.0,140.0,139.0,False,"(3, 1)",onion,"(2, 3)","soup('onion', 3, 20)","(3, 0):soup('onion', 1, 0)","(3, 0):soup('onion', 1, 0);(4, 1):empty"
309,5,interact,"(3, 1)","(1, 0)",onion,"(2, 3)","(-1, 0)","soup('onion', 3, 20)","(3, 0):soup('onion', 1, 0)","(3, 0):soup('onion', 1, 0);(4, 1):empty",140.0,139.0,1,"(0, 1)",3.0,0.0,3.0,0.0,140.0,142.0,False,"(3, 1)",,"(2, 3)","soup('onion', 3, 20)","(3, 0):soup('onion', 1, 0);(4, 1):soup('onion', 1, 0)","(3, 0):soup('onion', 1, 0);(4, 1):soup('onion', 1, 0)"
310,1,"(0, 1)","(3, 1)","(1, 0)",,"(2, 3)","(0, 1)","soup('onion', 3, 20)","(3, 0):soup('onion', 1, 0);(4, 1):soup('onion', 1, 0)","(3, 0):soup('onion', 1, 0);(4, 1):soup('onion', 1, 0)",140.0,142.0,5,interact,20.0,20.0,0.0,0.0,160.0,142.0,True,"(3, 2)",,"(2, 3)",,"(3, 0):soup('onion', 1, 0);(4, 1):soup('onion', 1, 0)","(3, 0):soup('onion', 1, 0);(4, 1):soup('onion', 1, 0)"
311,1,"(0, 1)","(3, 2)","(0, 1)",,"(2, 3)","(0, 1)",,"(3, 0):soup('onion', 1, 0);(4, 1):soup('onion', 1, 0)","(3, 0):soup('onion', 1, 0);(4, 1):soup('onion', 1, 0)",160.0,142.0,3,"(-1, 0)",0.0,0.0,0.0,0.0,160.0,142.0,False,"(3, 3)",,"(1, 3)",,"(3, 0):soup('onion', 1, 0);(4, 1):soup('onion', 1, 0)","(3, 0):soup('onion', 1, 0);(4, 1):soup('onion', 1, 0)"
312,5,interact,"(3, 3)","(0, 1)",,"(1, 3)","(-1, 0)",,"(3, 0):soup('onion', 1, 0);(4, 1):soup('onion', 1, 0)","(3, 0):soup('onion', 1, 0);(4, 1):soup('onion', 1, 0)",160.0,142.0,5,interact,0.0,0.0,0.0,0.0,160.0,142.0,False,"(3, 3)",,"(1, 3)",onion,"(3, 0):soup('onion', 1, 0);(4, 1):soup('onion', 1, 0)","(3, 0):soup('onion', 1, 0);(4, 1):soup('onion', 1, 0)"
313,5,interact,"(3, 3)","(0, 1)",,"(1, 3)","(-1, 0)",onion,"(3, 0):soup('onion', 1, 0);(4, 1):soup('onion', 1, 0)","(3, 0):soup('onion', 1, 0);(4, 1):soup('onion', 1, 0)",160.0,142.0,0,"(0, -1)",0.0,0.0,0.0,0.0,160.0,142.0,False,"(3, 3)",,"(1, 2)",onion,"(3, 0):soup('onion', 1, 0);(4, 1):soup('onion', 1, 0)","(3, 0):soup('onion', 1, 0);(4, 1):soup('onion', 1, 0)"
314,3,"(-1, 0)","(3, 3)","(0, 1)",,"(1, 2)","(0, -1)",onion,"(3, 0):soup('onion', 1, 0);(4, 1):soup('onion', 1, 0)","(3, 0):soup('onion', 1, 0);(4, 1):soup('onion', 1, 0)",160.0,142.0,3,"(-1, 0)",0.0,0.0,0.0,0.0,160.0,142.0,False,"(2, 3)",,"(1, 2)",onion,"(3, 0):soup('onion', 1, 0);(4, 1):soup('onion', 1, 0)","(3, 0):soup('onion', 1, 0);(4, 1):soup('onion', 1, 0)"
315,3,"(-1, 0)","(2, 3)","(-1, 0)",,"(1, 2)","(-1, 0)",onion,"(3, 0):soup('onion', 1, 0);(4, 1):soup('onion', 1, 0)","(3, 0):soup('onion', 1, 0);(4, 1):soup('onion', 1, 0)",160.0,142.0,0,"(0, -1)",0.0,0.0,0.0,0.0,160.0,142.0,False,"(1, 3)",,"(1, 1)",onion,"(3, 0):soup('onion', 1, 0);(4, 1):soup('onion', 1, 0)","(3, 0):soup('onion', 1, 0);(4, 1):soup('onion', 1, 0)"
316,5,interact,"(1, 3)","(-1, 0)",,"(1, 1)","(0, -1)",onion,"(3, 0):soup('onion', 1, 0);(4, 1):soup('onion', 1, 0)","(3, 0):soup('onion', 1, 0);(4, 1):soup('onion', 1, 0)",160.0,142.0,2,"(1, 0)",0.0,0.0,0.0,0.0,160.0,142.0,False,"(1, 3)",onion,"(2, 1)",onion,"(3, 0):soup('onion', 1, 0);(4, 1):soup('onion', 1, 0)","(3, 0):soup('onion', 1, 0);(4, 1):soup('onion', 1, 0)"
317,2,"(1, 0)","(1, 3)","(-1, 0)",onion,"(2, 1)","(1, 0)",onion,"(3, 0):soup('onion', 1, 0);(4, 1):soup('onion', 1, 0)","(3, 0):soup('onion', 1, 0);(4, 1):soup('onion', 1, 0)",160.0,142.0,2,"(1, 0)",0.0,0.0,0.0,0.0,160.0,142.0,False,"(2, 3)",onion,"(3, 1)",onion,"(3, 0):soup('onion', 1, 0);(4, 1):soup('onion', 1, 0)","(3, 0):soup('onion', 1, 0);(4, 1):soup('onion', 1, 0)"
318,1,"(0, 1)","(2, 3)","(1, 0)",onion,"(3, 1)","(1, 0)",onion,"(3, 0):soup('onion', 1, 0);(4, 1):soup('onion', 1, 0)","(3, 0):soup('onion', 1, 0);(4, 1):soup('onion', 1, 0)",160.0,142.0,5,interact,3.0,0.0,3.0,0.0,160.0,145.0,False,"(2, 3)",onion,"(3, 1)",,"(3, 0):soup('onion', 1, 0);(4, 1):soup('onion', 2, 0)","(3, 0):soup('onion', 1, 0);(4, 1):soup('onion', 2, 0)"
319,2,"(1, 0)","(2, 3)","(0, 1)",onion,"(3, 1)","(1, 0)",,"(3, 0):soup('onion', 1, 0);(4, 1):soup('onion', 2, 0)","(3, 0):soup('onion', 1, 0);(4, 1):soup('onion', 2, 0)",160.0,145.0,3,"(-1, 0)",0.0,0.0,0.0,0.0,160.0,145.0,False,"(3, 3)",onion,"(2, 1)",,"(3, 0):soup('onion', 1, 0);(4, 1):soup('onion', 2, 0)","(3, 0):soup('onion', 1, 0);(4, 1):soup('onion', 2, 0)"
320,0,"(0, -1)","(3, 3)","(1, 0)",onion,"(2, 1)","(-1, 0)",,"(3, 0):soup('onion', 1, 0);(4, 1):soup('onion', 2, 0)","(3, 0):soup('onion', 1, 0);(4, 1):soup('onion', 2, 0)",160.0,145.0,3,"(-1, 0)",0.0,0.0,0.0,0.0,160.0,145.0,False,"(3, 2)",onion,"(1, 1)",,"(3, 0):soup('onion', 1, 0);(4, 1):soup('onion', 2, 0)","(3, 0):soup('onion', 1, 0);(4, 1):soup('onion', 2, 0)"
321,0,"(0, -1)","(3, 2)","(0, -1)",onion,"(1, 1)","(-1, 0)",,"(3, 0):soup('onion', 1, 0);(4, 1):soup('onion', 2, 0)","(3, 0):soup('onion', 1, 0);(4, 1):soup('onion', 2, 0)",160.0,145.0,1,"(0, 1)",0.0,0.0,0.0,0.0,160.0,145.0,False,"(3, 1)",onion,"(1, 2)",,"(3, 0):soup('onion', 1, 0);(4, 1):soup('onion', 2, 0)","(3, 0):soup('onion', 1, 0);(4, 1):soup('onion', 2, 0)"
322,2,"(1, 0)","(3, 1)","(0, -1)",onion,"(1, 2)","(0, 1)",,"(3, 0):soup('onion', 1, 0);(4, 1):soup('onion', 2, 0)","(3, 0):soup('onion', 1, 0);(4, 1):soup('onion', 2, 0)",160.0,145.0,5,interact,0.0,0.0,0.0,0.0,160.0,145.0,False,"(3, 1)",onion,"(1, 2)",,"(3, 0):soup('onion', 1, 0);(4, 1):soup('onion', 2, 0)","(3, 0):soup('onion', 1, 0);(4, 1):soup('onion', 2, 0)"
323,5,interact,"(3, 1)","(1, 0)",onion,"(1, 2)","(0, 1)",,"(3, 0):soup('onion', 1, 0);(4, 1):soup('onion', 2, 0)","(3, 0):soup('onion', 1, 0);(4, 1):soup('onion', 2, 0)",160.0,145.0,5,interact,3.0,0.0,3.0,0.0,160.0,148.0,False,"(3, 1)",,"(1, 2)",,"(3, 0):soup('onion', 1, 0);(4, 1):soup('onion', 3, 1)","(3, 0):soup('onion', 1, 0);(4, 1):soup('onion', 3, 1)"
324,2,"(1, 0)","(3, 1)","(1, 0)",,"(1, 2)","(0, 1)",,"(3, 0):soup('onion', 1, 0);(4, 1):soup('onion', 3, 1)","(3, 0):soup('onion', 1, 0);(4, 1):soup('onion', 3, 1)",160.0,148.0,3,"(-1, 0)",0.0,0.0,0.0,0.0,160.0,148.0,False,"(3, 1)",,"(1, 2)",,"(3, 0):soup('onion', 1, 0);(4, 1):soup('onion', 3, 2)","(3, 0):soup('onion', 1, 0);(4, 1):soup('onion', 3, 2)"
325,1,"(0, 1)","(3, 1)","(1, 0)",,"(1, 2)","(-1, 0)",,"(3, 0):soup('onion', 1, 0);(4, 1):soup('onion', 3, 2)","(3, 0):soup('onion', 1, 0);(4, 1):soup('onion', 3, 2)",160.0,148.0,5,interact,3.0,0.0,3.0,0.0,160.0,151.0,False,"(3, 2)",,"(1, 2)",dish,"(3, 0):soup('onion', 1, 0);(4, 1):soup('onion', 3, 3)","(3, 0):soup('onion', 1, 0);(4, 1):soup('onion', 3, 3)"
326,1,"(0, 1)","(3, 2)","(0, 1)",,"(1, 2)","(-1, 0)",dish,"(3, 0):soup('onion', 1, 0);(4, 1):soup('onion', 3, 3)","(3, 0):soup('onion', 1, 0);(4, 1):soup('onion', 3, 3)",160.0,151.0,5,interact,0.0,0.0,0.0,0.0,160.0,151.0,False,"(3, 3)",,"(1, 2)",dish,"(3, 0):soup('onion', 1, 0);(4, 1):soup('onion', 3, 4)","(3, 0):soup('onion', 1, 0);(4, 1):soup('onion', 3, 4)"
327,3,"(-1, 0)","(3, 3)","(0, 1)",,"(1, 2)","(-1, 0)",dish,"(3, 0):soup('onion', 1, 0);(4, 1):soup('onion', 3, 4)","(3, 0):soup('onion', 1, 0);(4, 1):soup('onion', 3, 4)",160.0,151.0,5,interact,0.0,0.0,0.0,0.0,160.0,151.0,False,"(2, 3)",,"(1, 2)",dish,"(3, 0):soup('onion', 1, 0);(4, 1):soup('onion', 3, 5)","(3, 0):soup('onion', 1, 0);(4, 1):soup('onion', 3, 5)"
328,3,"(-1, 0)","(2, 3)","(-1, 0)",,"(1, 2)","(-1, 0)",dish,"(3, 0):soup('onion', 1, 0);(4, 1):soup('onion', 3, 5)","(3, 0):soup('onion', 1, 0);(4, 1):soup('onion', 3, 5)",160.0,151.0,5,interact,0.0,0.0,0.0,0.0,160.0,151.0,False,"(1, 3)",,"(1, 2)",dish,"(3, 0):soup('onion', 1, 0);(4, 1):soup('onion', 3, 6)","(3, 0):soup('onion', 1, 0);(4, 1):soup('onion', 3, 6)"
329,5,interact,"(1, 3)","(-1, 0)",,"(1, 2)","(-1, 0)",dish,"(3, 0):soup('onion', 1, 0);(4, 1):soup('onion', 3, 6)","(3, 0):soup('onion', 1, 0);(4, 1):soup('onion', 3, 6)",160.0,151.0,5,interact,0.0,0.0,0.0,0.0,160.0,151.0,False,"(1, 3)",onion,"(1, 2)",dish,"(3, 0):soup('onion', 1, 0);(4, 1):soup('onion', 3, 7)","(3, 0):soup('onion', 1, 0);(4, 1):soup('onion', 3, 7)"
330,5,interact,"(1, 3)","(-1, 0)",onion,"(1, 2)","(-1, 0)",dish,"(3, 0):soup('onion', 1, 0);(4, 1):soup('onion', 3, 7)","(3, 0):soup('onion', 1, 0);(4, 1):soup('onion', 3, 7)",160.0,151.0,0,"(0, -1)",0.0,0.0,0.0,0.0,160.0,151.0,False,"(1, 3)",onion,"(1, 1)",dish,"(3, 0):soup('onion', 1, 0);(4, 1):soup('onion', 3, 8)","(3, 0):soup('onion', 1, 0);(4, 1):soup('onion', 3, 8)"
331,5,interact,"(1, 3)","(-1, 0)",onion,"(1, 1)","(0, -1)",dish,"(3, 0):soup('onion', 1, 0);(4, 1):soup('onion', 3, 8)","(3, 0):soup('onion', 1, 0);(4, 1):soup('onion', 3, 8)",160.0,151.0,2,"(1, 0)",0.0,0.0,0.0,0.0,160.0,151.0,False,"(1, 3)",onion,"(2, 1)",dish,"(3, 0):soup('onion', 1, 0);(4, 1):soup('onion', 3, 9)","(3, 0):soup('onion', 1, 0);(4, 1):soup('onion', 3, 9)"
332,5,interact,"(1, 3)","(-1, 0)",onion,"(2, 1)","(1, 0)",dish,"(3, 0):soup('onion', 1, 0);(4, 1):soup('onion', 3, 9)","(3, 0):soup('onion', 1, 0);(4, 1):soup('onion', 3, 9)",160.0,151.0,2,"(1, 0)",0.0,0.0,0.0,0.0,160.0,151.0,False,"(1, 3)",onion,"(3, 1)",dish,"(3, 0):soup('onion', 1, 0);(4, 1):soup('onion', 3, 10)","(3, 0):soup('onion', 1, 0);(4, 1):soup('onion', 3, 10)"
333,5,interact,"(1, 3)","(-1, 0)",onion,"(3, 1)","(1, 0)",dish,"(3, 0):soup('onion', 1, 0);(4, 1):soup('onion', 3, 10)","(3, 0):soup('onion', 1, 0);(4, 1):soup('onion', 3, 10)",160.0,151.0,5,interact,0.0,0.0,0.0,0.0,160.0,151.0,False,"(1, 3)",onion,"(3, 1)",dish,"(3, 0):soup('onion', 1, 0);(4, 1):soup('onion', 3, 11)","(3, 0):soup('onion', 1, 0);(4, 1):soup('onion', 3, 11)"
334,5,interact,"(1, 3)","(-1, 0)",onion,"(3, 1)","(1, 0)",dish,"(3, 0):soup('onion', 1, 0);(4, 1):soup('onion', 3, 11)","(3, 0):soup('onion', 1, 0);(4, 1):soup('onion', 3, 11)",160.0,151.0,5,interact,0.0,0.0,0.0,0.0,160.0,151.0,False,"(1, 3)",onion,"(3, 1)",dish,"(3, 0):soup('onion', 1, 0);(4, 1):soup('onion', 3, 12)","(3, 0):soup('onion', 1, 0);(4, 1):soup('onion', 3, 12)"
335,5,interact,"(1, 3)","(-1, 0)",onion,"(3, 1)","(1, 0)",dish,"(3, 0):soup('onion', 1, 0);(4, 1):soup('onion', 3, 12)","(3, 0):soup('onion', 1, 0);(4, 1):soup('onion', 3, 12)",160.0,151.0,5,interact,0.0,0.0,0.0,0.0,160.0,151.0,False,"(1, 3)",onion,"(3, 1)",dish,"(3, 0):soup('onion', 1, 0);(4, 1):soup('onion', 3, 13)","(3, 0):soup('onion', 1, 0);(4, 1):soup('onion', 3, 13)"
336,5,interact,"(1, 3)","(-1, 0)",onion,"(3, 1)","(1, 0)",dish,"(3, 0):soup('onion', 1, 0);(4, 1):soup('onion', 3, 13)","(3, 0):soup('onion', 1, 0);(4, 1):soup('onion', 3, 13)",160.0,151.0,5,interact,0.0,0.0,0.0,0.0,160.0,151.0,False,"(1, 3)",onion,"(3, 1)",dish,"(3, 0):soup('onion', 1, 0);(4, 1):soup('onion', 3, 14)","(3, 0):soup('onion', 1, 0);(4, 1):soup('onion', 3, 14)"
337,5,interact,"(1, 3)","(-1, 0)",onion,"(3, 1)","(1, 0)",dish,"(3, 0):soup('onion', 1, 0);(4, 1):soup('onion', 3, 14)","(3, 0):soup('onion', 1, 0);(4, 1):soup('onion', 3, 14)",160.0,151.0,5,interact,0.0,0.0,0.0,0.0,160.0,151.0,False,"(1, 3)",onion,"(3, 1)",dish,"(3, 0):soup('onion', 1, 0);(4, 1):soup('onion', 3, 15)","(3, 0):soup('onion', 1, 0);(4, 1):soup('onion', 3, 15)"
338,5,interact,"(1, 3)","(-1, 0)",onion,"(3, 1)","(1, 0)",dish,"(3, 0):soup('onion', 1, 0);(4, 1):soup('onion', 3, 15)","(3, 0):soup('onion', 1, 0);(4, 1):soup('onion', 3, 15)",160.0,151.0,5,interact,0.0,0.0,0.0,0.0,160.0,151.0,False,"(1, 3)",onion,"(3, 1)",dish,"(3, 0):soup('onion', 1, 0);(4, 1):soup('onion', 3, 16)","(3, 0):soup('onion', 1, 0);(4, 1):soup('onion', 3, 16)"
339,5,interact,"(1, 3)","(-1, 0)",onion,"(3, 1)","(1, 0)",dish,"(3, 0):soup('onion', 1, 0);(4, 1):soup('onion', 3, 16)","(3, 0):soup('onion', 1, 0);(4, 1):soup('onion', 3, 16)",160.0,151.0,5,interact,0.0,0.0,0.0,0.0,160.0,151.0,False,"(1, 3)",onion,"(3, 1)",dish,"(3, 0):soup('onion', 1, 0);(4, 1):soup('onion', 3, 17)","(3, 0):soup('onion', 1, 0);(4, 1):soup('onion', 3, 17)"
340,5,interact,"(1, 3)","(-1, 0)",onion,"(3, 1)","(1, 0)",dish,"(3, 0):soup('onion', 1, 0);(4, 1):soup('onion', 3, 17)","(3, 0):soup('onion', 1, 0);(4, 1):soup('onion', 3, 17)",160.0,151.0,5,interact,0.0,0.0,0.0,0.0,160.0,151.0,False,"(1, 3)",onion,"(3, 1)",dish,"(3, 0):soup('onion', 1, 0);(4, 1):soup('onion', 3, 18)","(3, 0):soup('onion', 1, 0);(4, 1):soup('onion', 3, 18)"
341,5,interact,"(1, 3)","(-1, 0)",onion,"(3, 1)","(1, 0)",dish,"(3, 0):soup('onion', 1, 0);(4, 1):soup('onion', 3, 18)","(3, 0):soup('onion', 1, 0);(4, 1):soup('onion', 3, 18)",160.0,151.0,5,interact,0.0,0.0,0.0,0.0,160.0,151.0,False,"(1, 3)",onion,"(3, 1)",dish,"(3, 0):soup('onion', 1, 0);(4, 1):soup('onion', 3, 19)","(3, 0):soup('onion', 1, 0);(4, 1):soup('onion', 3, 19)"
342,5,interact,"(1, 3)","(-1, 0)",onion,"(3, 1)","(1, 0)",dish,"(3, 0):soup('onion', 1, 0);(4, 1):soup('onion', 3, 19)","(3, 0):soup('onion', 1, 0);(4, 1):soup('onion', 3, 19)",160.0,151.0,5,interact,0.0,0.0,0.0,0.0,160.0,151.0,False,"(1, 3)",onion,"(3, 1)",dish,"(3, 0):soup('onion', 1, 0);(4, 1):soup('onion', 3, 20)","(3, 0):soup('onion', 1, 0);(4, 1):soup('onion', 3, 20)"
343,0,"(0, -1)","(1, 3)","(-1, 0)",onion,"(3, 1)","(1, 0)",dish,"(3, 0):soup('onion', 1, 0);(4, 1):soup('onion', 3, 20)","(3, 0):soup('onion', 1, 0);(4, 1):soup('onion', 3, 20)",160.0,151.0,5,interact,5.0,0.0,5.0,0.0,160.0,156.0,False,"(1, 2)",onion,"(3, 1)","soup('onion', 3, 20)","(3, 0):soup('onion', 1, 0)","(3, 0):soup('onion', 1, 0);(4, 1):empty"
344,0,"(0, -1)","(1, 2)","(0, -1)",onion,"(3, 1)","(1, 0)","soup('onion', 3, 20)","(3, 0):soup('onion', 1, 0)","(3, 0):soup('onion', 1, 0);(4, 1):empty",160.0,156.0,1,"(0, 1)",0.0,0.0,0.0,0.0,160.0,156.0,False,"(1, 1)",onion,"(3, 2)","soup('onion', 3, 20)","(3, 0):soup('onion', 1, 0)","(3, 0):soup('onion', 1, 0);(4, 1):empty"
345,2,"(1, 0)","(1, 1)","(0, -1)",onion,"(3, 2)","(0, 1)","soup('onion', 3, 20)","(3, 0):soup('onion', 1, 0)","(3, 0):soup('onion', 1, 0);(4, 1):empty",160.0,156.0,1,"(0, 1)",0.0,0.0,0.0,0.0,160.0,156.0,False,"(2, 1)",onion,"(3, 3)","soup('onion', 3, 20)","(3, 0):soup('onion', 1, 0)","(3, 0):soup('onion', 1, 0);(4, 1):empty"
346,2,"(1, 0)","(2, 1)","(1, 0)",onion,"(3, 3)","(0, 1)","soup('onion', 3, 20)","(3, 0):soup('onion', 1, 0)","(3, 0):soup('onion', 1, 0);(4, 1):empty",160.0,156.0,3,"(-1, 0)",0.0,0.0,0.0,0.0,160.0,156.0,False,"(3, 1)",onion,"(2, 3)","soup('onion', 3, 20)","(3, 0):soup('onion', 1, 0)","(3, 0):soup('onion', 1, 0);(4, 1):empty"
347,5,interact,"(3, 1)","(1, 0)",onion,"(2, 3)","(-1, 0)","soup('onion', 3, 20)","(3, 0):soup('onion', 1, 0)","(3, 0):soup('onion', 1, 0);(4, 1):empty",160.0,156.0,1,"(0, 1)",3.0,0.0,3.0,0.0,160.0,159.0,False,"(3, 1)",,"(2, 3)","soup('onion', 3, 20)","(3, 0):soup('onion', 1, 0);(4, 1):soup('onion', 1, 0)","(3, 0):soup('onion', 1, 0);(4, 1):soup('onion', 1, 0)"
348,1,"(0, 1)","(3, 1)","(1, 0)",,"(2, 3)","(0, 1)","soup('onion', 3, 20)","(3, 0):soup('onion', 1, 0);(4, 1):soup('onion', 1, 0)","(3, 0):soup('onion', 1, 0);(4, 1):soup('onion', 1, 0)",160.0,159.0,5,interact,20.0,20.0,0.0,0.0,180.0,159.0,True,"(3, 2)",,"(2, 3)",,"(3, 0):soup('onion', 1, 0);(4, 1):soup('onion', 1, 0)","(3, 0):soup('onion', 1, 0);(4, 1):soup('onion', 1, 0)"
349,1,"(0, 1)","(3, 2)","(0, 1)",,"(2, 3)","(0, 1)",,"(3, 0):soup('onion', 1, 0);(4, 1):soup('onion', 1, 0)","(3, 0):soup('onion', 1, 0);(4, 1):soup('onion', 1, 0)",180.0,159.0,3,"(-1, 0)",0.0,0.0,0.0,0.0,180.0,159.0,False,"(3, 3)",,"(1, 3)",,"(3, 0):soup('onion', 1, 0);(4, 1):soup('onion', 1, 0)","(3, 0):soup('onion', 1, 0);(4, 1):soup('onion', 1, 0)"
350,5,interact,"(3, 3)","(0, 1)",,"(1, 3)","(-1, 0)",,"(3, 0):soup('onion', 1, 0);(4, 1):soup('onion', 1, 0)","(3, 0):soup('onion', 1, 0);(4, 1):soup('onion', 1, 0)",180.0,159.0,5,interact,0.0,0.0,0.0,0.0,180.0,159.0,False,"(3, 3)",,"(1, 3)",onion,"(3, 0):soup('onion', 1, 0);(4, 1):soup('onion', 1, 0)","(3, 0):soup('onion', 1, 0);(4, 1):soup('onion', 1, 0)"
351,5,interact,"(3, 3)","(0, 1)",,"(1, 3)","(-1, 0)",onion,"(3, 0):soup('onion', 1, 0);(4, 1):soup('onion', 1, 0)","(3, 0):soup('onion', 1, 0);(4, 1):soup('onion', 1, 0)",180.0,159.0,0,"(0, -1)",0.0,0.0,0.0,0.0,180.0,159.0,False,"(3, 3)",,"(1, 2)",onion,"(3, 0):soup('onion', 1, 0);(4, 1):soup('onion', 1, 0)","(3, 0):soup('onion', 1, 0);(4, 1):soup('onion', 1, 0)"
352,3,"(-1, 0)","(3, 3)","(0, 1)",,"(1, 2)","(0, -1)",onion,"(3, 0):soup('onion', 1, 0);(4, 1):soup('onion', 1, 0)","(3, 0):soup('onion', 1, 0);(4, 1):soup('onion', 1, 0)",180.0,159.0,3,"(-1, 0)",0.0,0.0,0.0,0.0,180.0,159.0,False,"(2, 3)",,"(1, 2)",onion,"(3, 0):soup('onion', 1, 0);(4, 1):soup('onion', 1, 0)","(3, 0):soup('onion', 1, 0);(4, 1):soup('onion', 1, 0)"
353,3,"(-1, 0)","(2, 3)","(-1, 0)",,"(1, 2)","(-1, 0)",onion,"(3, 0):soup('onion', 1, 0);(4, 1):soup('onion', 1, 0)","(3, 0):soup('onion', 1, 0);(4, 1):soup('onion', 1, 0)",180.0,159.0,0,"(0, -1)",0.0,0.0,0.0,0.0,180.0,159.0,False,"(1, 3)",,"(1, 1)",onion,"(3, 0):soup('onion', 1, 0);(4, 1):soup('onion', 1, 0)","(3, 0):soup('onion', 1, 0);(4, 1):soup('onion', 1, 0)"
354,5,interact,"(1, 3)","(-1, 0)",,"(1, 1)","(0, -1)",onion,"(3, 0):soup('onion', 1, 0);(4, 1):soup('onion', 1, 0)","(3, 0):soup('onion', 1, 0);(4, 1):soup('onion', 1, 0)",180.0,159.0,2,"(1, 0)",0.0,0.0,0.0,0.0,180.0,159.0,False,"(1, 3)",onion,"(2, 1)",onion,"(3, 0):soup('onion', 1, 0);(4, 1):soup('onion', 1, 0)","(3, 0):soup('onion', 1, 0);(4, 1):soup('onion', 1, 0)"
355,2,"(1, 0)","(1, 3)","(-1, 0)",onion,"(2, 1)","(1, 0)",onion,"(3, 0):soup('onion', 1, 0);(4, 1):soup('onion', 1, 0)","(3, 0):soup('onion', 1, 0);(4, 1):soup('onion', 1, 0)",180.0,159.0,2,"(1, 0)",0.0,0.0,0.0,0.0,180.0,159.0,False,"(2, 3)",onion,"(3, 1)",onion,"(3, 0):soup('onion', 1, 0);(4, 1):soup('onion', 1, 0)","(3, 0):soup('onion', 1, 0);(4, 1):soup('onion', 1, 0)"
356,1,"(0, 1)","(2, 3)","(1, 0)",onion,"(3, 1)","(1, 0)",onion,"(3, 0):soup('onion', 1, 0);(4, 1):soup('onion', 1, 0)","(3, 0):soup('onion', 1, 0);(4, 1):soup('onion', 1, 0)",180.0,159.0,5,interact,3.0,0.0,3.0,0.0,180.0,162.0,False,"(2, 3)",onion,"(3, 1)",,"(3, 0):soup('onion', 1, 0);(4, 1):soup('onion', 2, 0)","(3, 0):soup('onion', 1, 0);(4, 1):soup('onion', 2, 0)"
357,2,"(1, 0)","(2, 3)","(0, 1)",onion,"(3, 1)","(1, 0)",,"(3, 0):soup('onion', 1, 0);(4, 1):soup('onion', 2, 0)","(3, 0):soup('onion', 1, 0);(4, 1):soup('onion', 2, 0)",180.0,162.0,3,"(-1, 0)",0.0,0.0,0.0,0.0,180.0,162.0,False,"(3, 3)",onion,"(2, 1)",,"(3, 0):soup('onion', 1, 0);(4, 1):soup('onion', 2, 0)","(3, 0):soup('onion', 1, 0);(4, 1):soup('onion', 2, 0)"
358,0,"(0, -1)","(3, 3)","(1, 0)",onion,"(2, 1)","(-1, 0)",,"(3, 0):soup('onion', 1, 0);(4, 1):soup('onion', 2, 0)","(3, 0):soup('onion', 1, 0);(4, 1):soup('onion', 2, 0)",180.0,162.0,3,"(-1, 0)",0.0,0.0,0.0,0.0,180.0,162.0,False,"(3, 2)",onion,"(1, 1)",,"(3, 0):soup('onion', 1, 0);(4, 1):soup('onion', 2, 0)","(3, 0):soup('onion', 1, 0);(4, 1):soup('onion', 2, 0)"
359,0,"(0, -1)","(3, 2)","(0, -1)",onion,"(1, 1)","(-1, 0)",,"(3, 0):soup('onion', 1, 0);(4, 1):soup('onion', 2, 0)","(3, 0):soup('onion', 1, 0);(4, 1):soup('onion', 2, 0)",180.0,162.0,1,"(0, 1)",0.0,0.0,0.0,0.0,180.0,162.0,False,"(3, 1)",onion,"(1, 2)",,"(3, 0):soup('onion', 1, 0);(4, 1):soup('onion', 2, 0)","(3, 0):soup('onion', 1, 0);(4, 1):soup('onion', 2, 0)"
360,2,"(1, 0)","(3, 1)","(0, -1)",onion,"(1, 2)","(0, 1)",,"(3, 0):soup('onion', 1, 0);(4, 1):soup('onion', 2, 0)","(3, 0):soup('onion', 1, 0);(4, 1):soup('onion', 2, 0)",180.0,162.0,5,interact,0.0,0.0,0.0,0.0,180.0,162.0,False,"(3, 1)",onion,"(1, 2)",,"(3, 0):soup('onion', 1, 0);(4, 1):soup('onion', 2, 0)","(3, 0):soup('onion', 1, 0);(4, 1):soup('onion', 2, 0)"
361,5,interact,"(3, 1)","(1, 0)",onion,"(1, 2)","(0, 1)",,"(3, 0):soup('onion', 1, 0);(4, 1):soup('onion', 2, 0)","(3, 0):soup('onion', 1, 0);(4, 1):soup('onion', 2, 0)",180.0,162.0,5,interact,3.0,0.0,3.0,0.0,180.0,165.0,False,"(3, 1)",,"(1, 2)",,"(3, 0):soup('onion', 1, 0);(4, 1):soup('onion', 3, 1)","(3, 0):soup('onion', 1, 0);(4, 1):soup('onion', 3, 1)"
362,2,"(1, 0)","(3, 1)","(1, 0)",,"(1, 2)","(0, 1)",,"(3, 0):soup('onion', 1, 0);(4, 1):soup('onion', 3, 1)","(3, 0):soup('onion', 1, 0);(4, 1):soup('onion', 3, 1)",180.0,165.0,3,"(-1, 0)",0.0,0.0,0.0,0.0,180.0,165.0,False,"(3, 1)",,"(1, 2)",,"(3, 0):soup('onion', 1, 0);(4, 1):soup('onion', 3, 2)","(3, 0):soup('onion', 1, 0);(4, 1):soup('onion', 3, 2)"
363,1,"(0, 1)","(3, 1)","(1, 0)",,"(1, 2)","(-1, 0)",,"(3, 0):soup('onion', 1, 0);(4, 1):soup('onion', 3, 2)","(3, 0):soup('onion', 1, 0);(4, 1):soup('onion', 3, 2)",180.0,165.0,5,interact,3.0,0.0,3.0,0.0,180.0,168.0,False,"(3, 2)",,"(1, 2)",dish,"(3, 0):soup('onion', 1, 0);(4, 1):soup('onion', 3, 3)","(3, 0):soup('onion', 1, 0);(4, 1):soup('onion', 3, 3)"
364,1,"(0, 1)","(3, 2)","(0, 1)",,"(1, 2)","(-1, 0)",dish,"(3, 0):soup('onion', 1, 0);(4, 1):soup('onion', 3, 3)","(3, 0):soup('onion', 1, 0);(4, 1):soup('onion', 3, 3)",180.0,168.0,5,interact,0.0,0.0,0.0,0.0,180.0,168.0,False,"(3, 3)",,"(1, 2)",dish,"(3, 0):soup('onion', 1, 0);(4, 1):soup('onion', 3, 4)","(3, 0):soup('onion', 1, 0);(4, 1):soup('onion', 3, 4)"
365,3,"(-1, 0)","(3, 3)","(0, 1)",,"(1, 2)","(-1, 0)",dish,"(3, 0):soup('onion', 1, 0);(4, 1):soup('onion', 3, 4)","(3, 0):soup('onion', 1, 0);(4, 1):soup('onion', 3, 4)",180.0,168.0,5,interact,0.0,0.0,0.0,0.0,180.0,168.0,False,"(2, 3)",,"(1, 2)",dish,"(3, 0):soup('onion', 1, 0);(4, 1):soup('onion', 3, 5)","(3, 0):soup('onion', 1, 0);(4, 1):soup('onion', 3, 5)"
366,3,"(-1, 0)","(2, 3)","(-1, 0)",,"(1, 2)","(-1, 0)",dish,"(3, 0):soup('onion', 1, 0);(4, 1):soup('onion', 3, 5)","(3, 0):soup('onion', 1, 0);(4, 1):soup('onion', 3, 5)",180.0,168.0,5,interact,0.0,0.0,0.0,0.0,180.0,168.0,False,"(1, 3)",,"(1, 2)",dish,"(3, 0):soup('onion', 1, 0);(4, 1):soup('onion', 3, 6)","(3, 0):soup('onion', 1, 0);(4, 1):soup('onion', 3, 6)"
367,5,interact,"(1, 3)","(-1, 0)",,"(1, 2)","(-1, 0)",dish,"(3, 0):soup('onion', 1, 0);(4, 1):soup('onion', 3, 6)","(3, 0):soup('onion', 1, 0);(4, 1):soup('onion', 3, 6)",180.0,168.0,5,interact,0.0,0.0,0.0,0.0,180.0,168.0,False,"(1, 3)",onion,"(1, 2)",dish,"(3, 0):soup('onion', 1, 0);(4, 1):soup('onion', 3, 7)","(3, 0):soup('onion', 1, 0);(4, 1):soup('onion', 3, 7)"
368,5,interact,"(1, 3)","(-1, 0)",onion,"(1, 2)","(-1, 0)",dish,"(3, 0):soup('onion', 1, 0);(4, 1):soup('onion', 3, 7)","(3, 0):soup('onion', 1, 0);(4, 1):soup('onion', 3, 7)",180.0,168.0,0,"(0, -1)",0.0,0.0,0.0,0.0,180.0,168.0,False,"(1, 3)",onion,"(1, 1)",dish,"(3, 0):soup('onion', 1, 0);(4, 1):soup('onion', 3, 8)","(3, 0):soup('onion', 1, 0);(4, 1):soup('onion', 3, 8)"
369,5,interact,"(1, 3)","(-1, 0)",onion,"(1, 1)","(0, -1)",dish,"(3, 0):soup('onion', 1, 0);(4, 1):soup('onion', 3, 8)","(3, 0):soup('onion', 1, 0);(4, 1):soup('onion', 3, 8)",180.0,168.0,2,"(1, 0)",0.0,0.0,0.0,0.0,180.0,168.0,False,"(1, 3)",onion,"(2, 1)",dish,"(3, 0):soup('onion', 1, 0);(4, 1):soup('onion', 3, 9)","(3, 0):soup('onion', 1, 0);(4, 1):soup('onion', 3, 9)"
370,5,interact,"(1, 3)","(-1, 0)",onion,"(2, 1)","(1, 0)",dish,"(3, 0):soup('onion', 1, 0);(4, 1):soup('onion', 3, 9)","(3, 0):soup('onion', 1, 0);(4, 1):soup('onion', 3, 9)",180.0,168.0,2,"(1, 0)",0.0,0.0,0.0,0.0,180.0,168.0,False,"(1, 3)",onion,"(3, 1)",dish,"(3, 0):soup('onion', 1, 0);(4, 1):soup('onion', 3, 10)","(3, 0):soup('onion', 1, 0);(4, 1):soup('onion', 3, 10)"
371,5,interact,"(1, 3)","(-1, 0)",onion,"(3, 1)","(1, 0)",dish,"(3, 0):soup('onion', 1, 0);(4, 1):soup('onion', 3, 10)","(3, 0):soup('onion', 1, 0);(4, 1):soup('onion', 3, 10)",180.0,168.0,5,interact,0.0,0.0,0.0,0.0,180.0,168.0,False,"(1, 3)",onion,"(3, 1)",dish,"(3, 0):soup('onion', 1, 0);(4, 1):soup('onion', 3, 11)","(3, 0):soup('onion', 1, 0);(4, 1):soup('onion', 3, 11)"
372,5,interact,"(1, 3)","(-1, 0)",onion,"(3, 1)","(1, 0)",dish,"(3, 0):soup('onion', 1, 0);(4, 1):soup('onion', 3, 11)","(3, 0):soup('onion', 1, 0);(4, 1):soup('onion', 3, 11)",180.0,168.0,5,interact,0.0,0.0,0.0,0.0,180.0,168.0,False,"(1, 3)",onion,"(3, 1)",dish,"(3, 0):soup('onion', 1, 0);(4, 1):soup('onion', 3, 12)","(3, 0):soup('onion', 1, 0);(4, 1):soup('onion', 3, 12)"
373,5,interact,"(1, 3)","(-1, 0)",onion,"(3, 1)","(1, 0)",dish,"(3, 0):soup('onion', 1, 0);(4, 1):soup('onion', 3, 12)","(3, 0):soup('onion', 1, 0);(4, 1):soup('onion', 3, 12)",180.0,168.0,5,interact,0.0,0.0,0.0,0.0,180.0,168.0,False,"(1, 3)",onion,"(3, 1)",dish,"(3, 0):soup('onion', 1, 0);(4, 1):soup('onion', 3, 13)","(3, 0):soup('onion', 1, 0);(4, 1):soup('onion', 3, 13)"
374,5,interact,"(1, 3)","(-1, 0)",onion,"(3, 1)","(1, 0)",dish,"(3, 0):soup('onion', 1, 0);(4, 1):soup('onion', 3, 13)","(3, 0):soup('onion', 1, 0);(4, 1):soup('onion', 3, 13)",180.0,168.0,5,interact,0.0,0.0,0.0,0.0,180.0,168.0,False,"(1, 3)",onion,"(3, 1)",dish,"(3, 0):soup('onion', 1, 0);(4, 1):soup('onion', 3, 14)","(3, 0):soup('onion', 1, 0);(4, 1):soup('onion', 3, 14)"
375,5,interact,"(1, 3)","(-1, 0)",onion,"(3, 1)","(1, 0)",dish,"(3, 0):soup('onion', 1, 0);(4, 1):soup('onion', 3, 14)","(3, 0):soup('onion', 1, 0);(4, 1):soup('onion', 3, 14)",180.0,168.0,5,interact,0.0,0.0,0.0,0.0,180.0,168.0,False,"(1, 3)",onion,"(3, 1)",dish,"(3, 0):soup('onion', 1, 0);(4, 1):soup('onion', 3, 15)","(3, 0):soup('onion', 1, 0);(4, 1):soup('onion', 3, 15)"
376,5,interact,"(1, 3)","(-1, 0)",onion,"(3, 1)","(1, 0)",dish,"(3, 0):soup('onion', 1, 0);(4, 1):soup('onion', 3, 15)","(3, 0):soup('onion', 1, 0);(4, 1):soup('onion', 3, 15)",180.0,168.0,5,interact,0.0,0.0,0.0,0.0,180.0,168.0,False,"(1, 3)",onion,"(3, 1)",dish,"(3, 0):soup('onion', 1, 0);(4, 1):soup('onion', 3, 16)","(3, 0):soup('onion', 1, 0);(4, 1):soup('onion', 3, 16)"
377,5,interact,"(1, 3)","(-1, 0)",onion,"(3, 1)","(1, 0)",dish,"(3, 0):soup('onion', 1, 0);(4, 1):soup('onion', 3, 16)","(3, 0):soup('onion', 1, 0);(4, 1):soup('onion', 3, 16)",180.0,168.0,5,interact,0.0,0.0,0.0,0.0,180.0,168.0,False,"(1, 3)",onion,"(3, 1)",dish,"(3, 0):soup('onion', 1, 0);(4, 1):soup('onion', 3, 17)","(3, 0):soup('onion', 1, 0);(4, 1):soup('onion', 3, 17)"
378,5,interact,"(1, 3)","(-1, 0)",onion,"(3, 1)","(1, 0)",dish,"(3, 0):soup('onion', 1, 0);(4, 1):soup('onion', 3, 17)","(3, 0):soup('onion', 1, 0);(4, 1):soup('onion', 3, 17)",180.0,168.0,5,interact,0.0,0.0,0.0,0.0,180.0,168.0,False,"(1, 3)",onion,"(3, 1)",dish,"(3, 0):soup('onion', 1, 0);(4, 1):soup('onion', 3, 18)","(3, 0):soup('onion', 1, 0);(4, 1):soup('onion', 3, 18)"
379,5,interact,"(1, 3)","(-1, 0)",onion,"(3, 1)","(1, 0)",dish,"(3, 0):soup('onion', 1, 0);(4, 1):soup('onion', 3, 18)","(3, 0):soup('onion', 1, 0);(4, 1):soup('onion', 3, 18)",180.0,168.0,5,interact,0.0,0.0,0.0,0.0,180.0,168.0,False,"(1, 3)",onion,"(3, 1)",dish,"(3, 0):soup('onion', 1, 0);(4, 1):soup('onion', 3, 19)","(3, 0):soup('onion', 1, 0);(4, 1):soup('onion', 3, 19)"
380,5,interact,"(1, 3)","(-1, 0)",onion,"(3, 1)","(1, 0)",dish,"(3, 0):soup('onion', 1, 0);(4, 1):soup('onion', 3, 19)","(3, 0):soup('onion', 1, 0);(4, 1):soup('onion', 3, 19)",180.0,168.0,5,interact,0.0,0.0,0.0,0.0,180.0,168.0,False,"(1, 3)",onion,"(3, 1)",dish,"(3, 0):soup('onion', 1, 0);(4, 1):soup('onion', 3, 20)","(3, 0):soup('onion', 1, 0);(4, 1):soup('onion', 3, 20)"
381,0,"(0, -1)","(1, 3)","(-1, 0)",onion,"(3, 1)","(1, 0)",dish,"(3, 0):soup('onion', 1, 0);(4, 1):soup('onion', 3, 20)","(3, 0):soup('onion', 1, 0);(4, 1):soup('onion', 3, 20)",180.0,168.0,5,interact,5.0,0.0,5.0,0.0,180.0,173.0,False,"(1, 2)",onion,"(3, 1)","soup('onion', 3, 20)","(3, 0):soup('onion', 1, 0)","(3, 0):soup('onion', 1, 0);(4, 1):empty"
382,0,"(0, -1)","(1, 2)","(0, -1)",onion,"(3, 1)","(1, 0)","soup('onion', 3, 20)","(3, 0):soup('onion', 1, 0)","(3, 0):soup('onion', 1, 0);(4, 1):empty",180.0,173.0,1,"(0, 1)",0.0,0.0,0.0,0.0,180.0,173.0,False,"(1, 1)",onion,"(3, 2)","soup('onion', 3, 20)","(3, 0):soup('onion', 1, 0)","(3, 0):soup('onion', 1, 0);(4, 1):empty"
383,2,"(1, 0)","(1, 1)","(0, -1)",onion,"(3, 2)","(0, 1)","soup('onion', 3, 20)","(3, 0):soup('onion', 1, 0)","(3, 0):soup('onion', 1, 0);(4, 1):empty",180.0,173.0,1,"(0, 1)",0.0,0.0,0.0,0.0,180.0,173.0,False,"(2, 1)",onion,"(3, 3)","soup('onion', 3, 20)","(3, 0):soup('onion', 1, 0)","(3, 0):soup('onion', 1, 0);(4, 1):empty"
384,2,"(1, 0)","(2, 1)","(1, 0)",onion,"(3, 3)","(0, 1)","soup('onion', 3, 20)","(3, 0):soup('onion', 1, 0)","(3, 0):soup('onion', 1, 0);(4, 1):empty",180.0,173.0,3,"(-1, 0)",0.0,0.0,0.0,0.0,180.0,173.0,False,"(3, 1)",onion,"(2, 3)","soup('onion', 3, 20)","(3, 0):soup('onion', 1, 0)","(3, 0):soup('onion', 1, 0);(4, 1):empty"
385,5,interact,"(3, 1)","(1, 0)",onion,"(2, 3)","(-1, 0)","soup('onion', 3, 20)","(3, 0):soup('onion', 1, 0)","(3, 0):soup('onion', 1, 0);(4, 1):empty",180.0,173.0,1,"(0, 1)",3.0,0.0,3.0,0.0,180.0,176.0,False,"(3, 1)",,"(2, 3)","soup('onion', 3, 20)","(3, 0):soup('onion', 1, 0);(4, 1):soup('onion', 1, 0)","(3, 0):soup('onion', 1, 0);(4, 1):soup('onion', 1, 0)"
386,1,"(0, 1)","(3, 1)","(1, 0)",,"(2, 3)","(0, 1)","soup('onion', 3, 20)","(3, 0):soup('onion', 1, 0);(4, 1):soup('onion', 1, 0)","(3, 0):soup('onion', 1, 0);(4, 1):soup('onion', 1, 0)",180.0,176.0,5,interact,20.0,20.0,0.0,0.0,200.0,176.0,True,"(3, 2)",,"(2, 3)",,"(3, 0):soup('onion', 1, 0);(4, 1):soup('onion', 1, 0)","(3, 0):soup('onion', 1, 0);(4, 1):soup('onion', 1, 0)"
387,1,"(0, 1)","(3, 2)","(0, 1)",,"(2, 3)","(0, 1)",,"(3, 0):soup('onion', 1, 0);(4, 1):soup('onion', 1, 0)","(3, 0):soup('onion', 1, 0);(4, 1):soup('onion', 1, 0)",200.0,176.0,3,"(-1, 0)",0.0,0.0,0.0,0.0,200.0,176.0,False,"(3, 3)",,"(1, 3)",,"(3, 0):soup('onion', 1, 0);(4, 1):soup('onion', 1, 0)","(3, 0):soup('onion', 1, 0);(4, 1):soup('onion', 1, 0)"
388,5,interact,"(3, 3)","(0, 1)",,"(1, 3)","(-1, 0)",,"(3, 0):soup('onion', 1, 0);(4, 1):soup('onion', 1, 0)","(3, 0):soup('onion', 1, 0);(4, 1):soup('onion', 1, 0)",200.0,176.0,5,interact,0.0,0.0,0.0,0.0,200.0,176.0,False,"(3, 3)",,"(1, 3)",onion,"(3, 0):soup('onion', 1, 0);(4, 1):soup('onion', 1, 0)","(3, 0):soup('onion', 1, 0);(4, 1):soup('onion', 1, 0)"
389,5,interact,"(3, 3)","(0, 1)",,"(1, 3)","(-1, 0)",onion,"(3, 0):soup('onion', 1, 0);(4, 1):soup('onion', 1, 0)","(3, 0):soup('onion', 1, 0);(4, 1):soup('onion', 1, 0)",200.0,176.0,0,"(0, -1)",0.0,0.0,0.0,0.0,200.0,176.0,False,"(3, 3)",,"(1, 2)",onion,"(3, 0):soup('onion', 1, 0);(4, 1):soup('onion', 1, 0)","(3, 0):soup('onion', 1, 0);(4, 1):soup('onion', 1, 0)"
390,3,"(-1, 0)","(3, 3)","(0, 1)",,"(1, 2)","(0, -1)",onion,"(3, 0):soup('onion', 1, 0);(4, 1):soup('onion', 1, 0)","(3, 0):soup('onion', 1, 0);(4, 1):soup('onion', 1, 0)",200.0,176.0,3,"(-1, 0)",0.0,0.0,0.0,0.0,200.0,176.0,False,"(2, 3)",,"(1, 2)",onion,"(3, 0):soup('onion', 1, 0);(4, 1):soup('onion', 1, 0)","(3, 0):soup('onion', 1, 0);(4, 1):soup('onion', 1, 0)"
391,3,"(-1, 0)","(2, 3)","(-1, 0)",,"(1, 2)","(-1, 0)",onion,"(3, 0):soup('onion', 1, 0);(4, 1):soup('onion', 1, 0)","(3, 0):soup('onion', 1, 0);(4, 1):soup('onion', 1, 0)",200.0,176.0,0,"(0, -1)",0.0,0.0,0.0,0.0,200.0,176.0,False,"(1, 3)",,"(1, 1)",onion,"(3, 0):soup('onion', 1, 0);(4, 1):soup('onion', 1, 0)","(3, 0):soup('onion', 1, 0);(4, 1):soup('onion', 1, 0)"
392,5,interact,"(1, 3)","(-1, 0)",,"(1, 1)","(0, -1)",onion,"(3, 0):soup('onion', 1, 0);(4, 1):soup('onion', 1, 0)","(3, 0):soup('onion', 1, 0);(4, 1):soup('onion', 1, 0)",200.0,176.0,2,"(1, 0)",0.0,0.0,0.0,0.0,200.0,176.0,False,"(1, 3)",onion,"(2, 1)",onion,"(3, 0):soup('onion', 1, 0);(4, 1):soup('onion', 1, 0)","(3, 0):soup('onion', 1, 0);(4, 1):soup('onion', 1, 0)"
393,2,"(1, 0)","(1, 3)","(-1, 0)",onion,"(2, 1)","(1, 0)",onion,"(3, 0):soup('onion', 1, 0);(4, 1):soup('onion', 1, 0)","(3, 0):soup('onion', 1, 0);(4, 1):soup('onion', 1, 0)",200.0,176.0,2,"(1, 0)",0.0,0.0,0.0,0.0,200.0,176.0,False,"(2, 3)",onion,"(3, 1)",onion,"(3, 0):soup('onion', 1, 0);(4, 1):soup('onion', 1, 0)","(3, 0):soup('onion', 1, 0);(4, 1):soup('onion', 1, 0)"
394,1,"(0, 1)","(2, 3)","(1, 0)",onion,"(3, 1)","(1, 0)",onion,"(3, 0):soup('onion', 1, 0);(4, 1):soup('onion', 1, 0)","(3, 0):soup('onion', 1, 0);(4, 1):soup('onion', 1, 0)",200.0,176.0,5,interact,3.0,0.0,3.0,0.0,200.0,179.0,False,"(2, 3)",onion,"(3, 1)",,"(3, 0):soup('onion', 1, 0);(4, 1):soup('onion', 2, 0)","(3, 0):soup('onion', 1, 0);(4, 1):soup('onion', 2, 0)"
395,2,"(1, 0)","(2, 3)","(0, 1)",onion,"(3, 1)","(1, 0)",,"(3, 0):soup('onion', 1, 0);(4, 1):soup('onion', 2, 0)","(3, 0):soup('onion', 1, 0);(4, 1):soup('onion', 2, 0)",200.0,179.0,3,"(-1, 0)",0.0,0.0,0.0,0.0,200.0,179.0,False,"(3, 3)",onion,"(2, 1)",,"(3, 0):soup('onion', 1, 0);(4, 1):soup('onion', 2, 0)","(3, 0):soup('onion', 1, 0);(4, 1):soup('onion', 2, 0)"
396,0,"(0, -1)","(3, 3)","(1, 0)",onion,"(2, 1)","(-1, 0)",,"(3, 0):soup('onion', 1, 0);(4, 1):soup('onion', 2, 0)","(3, 0):soup('onion', 1, 0);(4, 1):soup('onion', 2, 0)",200.0,179.0,3,"(-1, 0)",0.0,0.0,0.0,0.0,200.0,179.0,False,"(3, 2)",onion,"(1, 1)",,"(3, 0):soup('onion', 1, 0);(4, 1):soup('onion', 2, 0)","(3, 0):soup('onion', 1, 0);(4, 1):soup('onion', 2, 0)"
397,0,"(0, -1)","(3, 2)","(0, -1)",onion,"(1, 1)","(-1, 0)",,"(3, 0):soup('onion', 1, 0);(4, 1):soup('onion', 2, 0)","(3, 0):soup('onion', 1, 0);(4, 1):soup('onion', 2, 0)",200.0,179.0,1,"(0, 1)",0.0,0.0,0.0,0.0,200.0,179.0,False,"(3, 1)",onion,"(1, 2)",,"(3, 0):soup('onion', 1, 0);(4, 1):soup('onion', 2, 0)","(3, 0):soup('onion', 1, 0);(4, 1):soup('onion', 2, 0)"
398,2,"(1, 0)","(3, 1)","(0, -1)",onion,"(1, 2)","(0, 1)",,"(3, 0):soup('onion', 1, 0);(4, 1):soup('onion', 2, 0)","(3, 0):soup('onion', 1, 0);(4, 1):soup('onion', 2, 0)",200.0,179.0,5,interact,0.0,0.0,0.0,0.0,200.0,179.0,False,"(3, 1)",onion,"(1, 2)",,"(3, 0):soup('onion', 1, 0);(4, 1):soup('onion', 2, 0)","(3, 0):soup('onion', 1, 0);(4, 1):soup('onion', 2, 0)"
399,5,interact,"(3, 1)","(1, 0)",onion,"(1, 2)","(0, 1)",,"(3, 0):soup('onion', 1, 0);(4, 1):soup('onion', 2, 0)","(3, 0):soup('onion', 1, 0);(4, 1):soup('onion', 2, 0)",200.0,179.0,5,interact,3.0,0.0,3.0,0.0,200.0,182.0,False,"(3, 1)",,"(1, 2)",,"(3, 0):soup('onion', 1, 0);(4, 1):soup('onion', 3, 1)","(3, 0):soup('onion', 1, 0);(4, 1):soup('onion', 3, 1)"
