step,ego_action_idx,ego_action,p0_pos,p0_orient,p0_held,p1_pos,p1_orient,p1_held,objects_before,pots_before,cum_sparse_before,cum_shaped_before,partner_action_idx,partner_action,reward,sparse_reward,built_in_shaped_reward,custom_shaped_reward,cum_sparse_after,cum_shaped_after,delivery_event,p0_pos_after,p0_held_after,p1_pos_after,p1_held_after,objects_after,pots_after
0,2,"(1, 0)","(2, 1)","(0, -1)",,"(1, 2)","(0, -1)",,,"(3, 0):empty;(4, 1):empty",0.0,0.0,1,"(0, 1)",0.0,0.0,0.0,0.0,0.0,0.0,False,"(3, 1)",,"(1, 3)",,,"(3, 0):empty;(4, 1):empty"
1,1,"(0, 1)","(3, 1)","(1, 0)",,"(1, 3)","(0, 1)",,,"(3, 0):empty;(4, 1):empty",0.0,0.0,5,interact,0.0,0.0,0.0,0.0,0.0,0.0,False,"(3, 2)",,"(1, 3)",onion,,"(3, 0):empty;(4, 1):empty"
2,1,"(0, 1)","(3, 2)","(0, 1)",,"(1, 3)","(0, 1)",onion,,"(3, 0):empty;(4, 1):empty",0.0,0.0,0,"(0, -1)",0.0,0.0,0.0,0.0,0.0,0.0,False,"(3, 3)",,"(1, 2)",onion,,"(3, 0):empty;(4, 1):empty"
3,3,"(-1, 0)","(3, 3)","(0, 1)",,"(1, 2)","(0, -1)",onion,,"(3, 0):empty;(4, 1):empty",0.0,0.0,0,"(0, -1)",0.0,0.0,0.0,0.0,0.0,0.0,False,"(2, 3)",,"(1, 1)",onion,,"(3, 0):empty;(4, 1):empty"
4,1,"(0, 1)","(2, 3)","(-1, 0)",,"(1, 1)","(0, -1)",onion,,"(3, 0):empty;(4, 1):empty",0.0,0.0,2,"(1, 0)",0.0,0.0,0.0,0.0,0.0,0.0,False,"(2, 3)",,"(2, 1)",onion,,"(3, 0):empty;(4, 1):empty"
5,5,interact,"(2, 3)","(0, 1)",,"(2, 1)","(1, 0)",onion,,"(3, 0):empty;(4, 1):empty",0.0,0.0,2,"(1, 0)",0.0,0.0,0.0,0.0,0.0,0.0,False,"(2, 3)",,"(3, 1)",onion,,"(3, 0):empty;(4, 1):empty"
6,3,"(-1, 0)","(2, 3)","(0, 1)",,"(3, 1)","(1, 0)",onion,,"(3, 0):empty;(4, 1):empty",0.0,0.0,5,interact,3.0,0.0,3.0,0.0,0.0,3.0,False,"(1, 3)",,"(3, 1)",,"(4, 1):soup('onion', 1, 0)","(3, 0):empty;(4, 1):soup('onion', 1, 0)"
7,5,interact,"(1, 3)","(-1, 0)",,"(3, 1)","(1, 0)",,"(4, 1):soup('onion', 1, 0)","(3, 0):empty;(4, 1):soup('onion', 1, 0)",0.0,3.0,1,"(0, 1)",0.0,0.0,0.0,0.0,0.0,3.0,False,"(1, 3)",onion,"(3, 2)",,"(4, 1):soup('onion', 1, 0)","(3, 0):empty;(4, 1):soup('onion', 1, 0)"
8,0,"(0, -1)","(1, 3)","(-1, 0)",onion,"(3, 2)","(0, 1)",,"(4, 1):soup('onion', 1, 0)","(3, 0):empty;(4, 1):soup('onion', 1, 0)",0.0,3.0,2,"(1, 0)",0.0,0.0,0.0,0.0,0.0,3.0,False,"(1, 2)",onion,"(3, 2)",,"(4, 1):soup('onion', 1, 0)","(3, 0):empty;(4, 1):soup('onion', 1, 0)"
9,0,"(0, -1)","(1, 2)","(0, -1)",onion,"(3, 2)","(1, 0)",,"(4, 1):soup('onion', 1, 0)","(3, 0):empty;(4, 1):soup('onion', 1, 0)",0.0,3.0,1,"(0, 1)",0.0,0.0,0.0,0.0,0.0,3.0,False,"(1, 1)",onion,"(3, 3)",,"(4, 1):soup('onion', 1, 0)","(3, 0):empty;(4, 1):soup('onion', 1, 0)"
10,2,"(1, 0)","(1, 1)","(0, -1)",onion,"(3, 3)","(0, 1)",,"(4, 1):soup('onion', 1, 0)","(3, 0):empty;(4, 1):soup('onion', 1, 0)",0.0,3.0,3,"(-1, 0)",0.0,0.0,0.0,0.0,0.0,3.0,False,"(2, 1)",onion,"(2, 3)",,"(4, 1):soup('onion', 1, 0)","(3, 0):empty;(4, 1):soup('onion', 1, 0)"
11,2,"(1, 0)","(2, 1)","(1, 0)",onion,"(2, 3)","(-1, 0)",,"(4, 1):soup('onion', 1, 0)","(3, 0):empty;(4, 1):soup('onion', 1, 0)",0.0,3.0,3,"(-1, 0)",0.0,0.0,0.0,0.0,0.0,3.0,False,"(3, 1)",onion,"(1, 3)",,"(4, 1):soup('onion', 1, 0)","(3, 0):empty;(4, 1):soup('onion', 1, 0)"
12,5,interact,"(3, 1)","(1, 0)",onion,"(1, 3)","(-1, 0)",,"(4, 1):soup('onion', 1, 0)","(3, 0):empty;(4, 1):soup('onion', 1, 0)",0.0,3.0,5,interact,3.0,0.0,3.0,0.0,0.0,6.0,False,"(3, 1)",,"(1, 3)",onion,"(4, 1):soup('onion', 2, 0)","(3, 0):empty;(4, 1):soup('onion', 2, 0)"
13,1,"(0, 1)","(3, 1)","(1, 0)",,"(1, 3)","(-1, 0)",onion,"(4, 1):soup('onion', 2, 0)","(3, 0):empty;(4, 1):soup('onion', 2, 0)",0.0,6.0,0,"(0, -1)",0.0,0.0,0.0,0.0,0.0,6.0,False,"(3, 2)",,"(1, 2)",onion,"(4, 1):soup('onion', 2, 0)","(3, 0):empty;(4, 1):soup('onion', 2, 0)"
14,1,"(0, 1)","(3, 2)","(0, 1)",,"(1, 2)","(0, -1)",onion,"(4, 1):soup('onion', 2, 0)","(3, 0):empty;(4, 1):soup('onion', 2, 0)",0.0,6.0,0,"(0, -1)",0.0,0.0,0.0,0.0,0.0,6.0,False,"(3, 3)",,"(1, 1)",onion,"(4, 1):soup('onion', 2, 0)","(3, 0):empty;(4, 1):soup('onion', 2, 0)"
15,3,"(-1, 0)","(3, 3)","(0, 1)",,"(1, 1)","(0, -1)",onion,"(4, 1):soup('onion', 2, 0)","(3, 0):empty;(4, 1):soup('onion', 2, 0)",0.0,6.0,2,"(1, 0)",0.0,0.0,0.0,0.0,0.0,6.0,False,"(2, 3)",,"(2, 1)",onion,"(4, 1):soup('onion', 2, 0)","(3, 0):empty;(4, 1):soup('onion', 2, 0)"
16,5,interact,"(2, 3)","(-1, 0)",,"(2, 1)","(1, 0)",onion,"(4, 1):soup('onion', 2, 0)","(3, 0):empty;(4, 1):soup('onion', 2, 0)",0.0,6.0,2,"(1, 0)",0.0,0.0,0.0,0.0,0.0,6.0,False,"(2, 3)",,"(3, 1)",onion,"(4, 1):soup('onion', 2, 0)","(3, 0):empty;(4, 1):soup('onion', 2, 0)"
17,5,interact,"(2, 3)","(-1, 0)",,"(3, 1)","(1, 0)",onion,"(4, 1):soup('onion', 2, 0)","(3, 0):empty;(4, 1):soup('onion', 2, 0)",0.0,6.0,5,interact,3.0,0.0,3.0,0.0,0.0,9.0,False,"(2, 3)",,"(3, 1)",,"(4, 1):soup('onion', 3, 1)","(3, 0):empty;(4, 1):soup('onion', 3, 1)"
18,3,"(-1, 0)","(2, 3)","(-1, 0)",,"(3, 1)","(1, 0)",,"(4, 1):soup('onion', 3, 1)","(3, 0):empty;(4, 1):soup('onion', 3, 1)",0.0,9.0,5,interact,0.0,0.0,0.0,0.0,0.0,9.0,False,"(1, 3)",,"(3, 1)",,"(4, 1):soup('onion', 3, 2)","(3, 0):empty;(4, 1):soup('onion', 3, 2)"
19,0,"(0, -1)","(1, 3)","(-1, 0)",,"(3, 1)","(1, 0)",,"(4, 1):soup('onion', 3, 2)","(3, 0):empty;(4, 1):soup('onion', 3, 2)",0.0,9.0,1,"(0, 1)",0.0,0.0,0.0,0.0,0.0,9.0,False,"(1, 2)",,"(3, 2)",,"(4, 1):soup('onion', 3, 3)","(3, 0):empty;(4, 1):soup('onion', 3, 3)"
20,3,"(-1, 0)","(1, 2)","(0, -1)",,"(3, 2)","(0, 1)",,"(4, 1):soup('onion', 3, 3)","(3, 0):empty;(4, 1):soup('onion', 3, 3)",0.0,9.0,1,"(0, 1)",0.0,0.0,0.0,0.0,0.0,9.0,False,"(1, 2)",,"(3, 3)",,"(4, 1):soup('onion', 3, 4)","(3, 0):empty;(4, 1):soup('onion', 3, 4)"
21,5,interact,"(1, 2)","(-1, 0)",,"(3, 3)","(0, 1)",,"(4, 1):soup('onion', 3, 4)","(3, 0):empty;(4, 1):soup('onion', 3, 4)",0.0,9.0,3,"(-1, 0)",3.0,0.0,3.0,0.0,0.0,12.0,False,"(1, 2)",dish,"(2, 3)",,"(4, 1):soup('onion', 3, 5)","(3, 0):empty;(4, 1):soup('onion', 3, 5)"
22,3,"(-1, 0)","(1, 2)","(-1, 0)",dish,"(2, 3)","(-1, 0)",,"(4, 1):soup('onion', 3, 5)","(3, 0):empty;(4, 1):soup('onion', 3, 5)",0.0,12.0,3,"(-1, 0)",0.0,0.0,0.0,0.0,0.0,12.0,False,"(1, 2)",dish,"(1, 3)",,"(4, 1):soup('onion', 3, 6)","(3, 0):empty;(4, 1):soup('onion', 3, 6)"
23,0,"(0, -1)","(1, 2)","(-1, 0)",dish,"(1, 3)","(-1, 0)",,"(4, 1):soup('onion', 3, 6)","(3, 0):empty;(4, 1):soup('onion', 3, 6)",0.0,12.0,1,"(0, 1)",0.0,0.0,0.0,0.0,0.0,12.0,False,"(1, 1)",dish,"(1, 3)",,"(4, 1):soup('onion', 3, 7)","(3, 0):empty;(4, 1):soup('onion', 3, 7)"
24,2,"(1, 0)","(1, 1)","(0, -1)",dish,"(1, 3)","(0, 1)",,"(4, 1):soup('onion', 3, 7)","(3, 0):empty;(4, 1):soup('onion', 3, 7)",0.0,12.0,5,interact,0.0,0.0,0.0,0.0,0.0,12.0,False,"(2, 1)",dish,"(1, 3)",onion,"(4, 1):soup('onion', 3, 8)","(3, 0):empty;(4, 1):soup('onion', 3, 8)"
25,2,"(1, 0)","(2, 1)","(1, 0)",dish,"(1, 3)","(0, 1)",onion,"(4, 1):soup('onion', 3, 8)","(3, 0):empty;(4, 1):soup('onion', 3, 8)",0.0,12.0,5,interact,0.0,0.0,0.0,0.0,0.0,12.0,False,"(3, 1)",dish,"(1, 3)",onion,"(4, 1):soup('onion', 3, 9)","(3, 0):empty;(4, 1):soup('onion', 3, 9)"
26,5,interact,"(3, 1)","(1, 0)",dish,"(1, 3)","(0, 1)",onion,"(4, 1):soup('onion', 3, 9)","(3, 0):empty;(4, 1):soup('onion', 3, 9)",0.0,12.0,4,"(0, 0)",0.0,0.0,0.0,0.0,0.0,12.0,False,"(3, 1)",dish,"(1, 3)",onion,"(4, 1):soup('onion', 3, 10)","(3, 0):empty;(4, 1):soup('onion', 3, 10)"
27,5,interact,"(3, 1)","(1, 0)",dish,"(1, 3)","(0, 1)",onion,"(4, 1):soup('onion', 3, 10)","(3, 0):empty;(4, 1):soup('onion', 3, 10)",0.0,12.0,4,"(0, 0)",0.0,0.0,0.0,0.0,0.0,12.0,False,"(3, 1)",dish,"(1, 3)",onion,"(4, 1):soup('onion', 3, 11)","(3, 0):empty;(4, 1):soup('onion', 3, 11)"
28,5,interact,"(3, 1)","(1, 0)",dish,"(1, 3)","(0, 1)",onion,"(4, 1):soup('onion', 3, 11)","(3, 0):empty;(4, 1):soup('onion', 3, 11)",0.0,12.0,4,"(0, 0)",0.0,0.0,0.0,0.0,0.0,12.0,False,"(3, 1)",dish,"(1, 3)",onion,"(4, 1):soup('onion', 3, 12)","(3, 0):empty;(4, 1):soup('onion', 3, 12)"
29,5,interact,"(3, 1)","(1, 0)",dish,"(1, 3)","(0, 1)",onion,"(4, 1):soup('onion', 3, 12)","(3, 0):empty;(4, 1):soup('onion', 3, 12)",0.0,12.0,4,"(0, 0)",0.0,0.0,0.0,0.0,0.0,12.0,False,"(3, 1)",dish,"(1, 3)",onion,"(4, 1):soup('onion', 3, 13)","(3, 0):empty;(4, 1):soup('onion', 3, 13)"
30,5,interact,"(3, 1)","(1, 0)",dish,"(1, 3)","(0, 1)",onion,"(4, 1):soup('onion', 3, 13)","(3, 0):empty;(4, 1):soup('onion', 3, 13)",0.0,12.0,4,"(0, 0)",0.0,0.0,0.0,0.0,0.0,12.0,False,"(3, 1)",dish,"(1, 3)",onion,"(4, 1):soup('onion', 3, 14)","(3, 0):empty;(4, 1):soup('onion', 3, 14)"
31,5,interact,"(3, 1)","(1, 0)",dish,"(1, 3)","(0, 1)",onion,"(4, 1):soup('onion', 3, 14)","(3, 0):empty;(4, 1):soup('onion', 3, 14)",0.0,12.0,4,"(0, 0)",0.0,0.0,0.0,0.0,0.0,12.0,False,"(3, 1)",dish,"(1, 3)",onion,"(4, 1):soup('onion', 3, 15)","(3, 0):empty;(4, 1):soup('onion', 3, 15)"
32,5,interact,"(3, 1)","(1, 0)",dish,"(1, 3)","(0, 1)",onion,"(4, 1):soup('onion', 3, 15)","(3, 0):empty;(4, 1):soup('onion', 3, 15)",0.0,12.0,4,"(0, 0)",0.0,0.0,0.0,0.0,0.0,12.0,False,"(3, 1)",dish,"(1, 3)",onion,"(4, 1):soup('onion', 3, 16)","(3, 0):empty;(4, 1):soup('onion', 3, 16)"
33,5,interact,"(3, 1)","(1, 0)",dish,"(1, 3)","(0, 1)",onion,"(4, 1):soup('onion', 3, 16)","(3, 0):empty;(4, 1):soup('onion', 3, 16)",0.0,12.0,4,"(0, 0)",0.0,0.0,0.0,0.0,0.0,12.0,False,"(3, 1)",dish,"(1, 3)",onion,"(4, 1):soup('onion', 3, 17)","(3, 0):empty;(4, 1):soup('onion', 3, 17)"
34,5,interact,"(3, 1)","(1, 0)",dish,"(1, 3)","(0, 1)",onion,"(4, 1):soup('onion', 3, 17)","(3, 0):empty;(4, 1):soup('onion', 3, 17)",0.0,12.0,4,"(0, 0)",0.0,0.0,0.0,0.0,0.0,12.0,False,"(3, 1)",dish,"(1, 3)",onion,"(4, 1):soup('onion', 3, 18)","(3, 0):empty;(4, 1):soup('onion', 3, 18)"
35,5,interact,"(3, 1)","(1, 0)",dish,"(1, 3)","(0, 1)",onion,"(4, 1):soup('onion', 3, 18)","(3, 0):empty;(4, 1):soup('onion', 3, 18)",0.0,12.0,4,"(0, 0)",0.0,0.0,0.0,0.0,0.0,12.0,False,"(3, 1)",dish,"(1, 3)",onion,"(4, 1):soup('onion', 3, 19)","(3, 0):empty;(4, 1):soup('onion', 3, 19)"
36,5,interact,"(3, 1)","(1, 0)",dish,"(1, 3)","(0, 1)",onion,"(4, 1):soup('onion', 3, 19)","(3, 0):empty;(4, 1):soup('onion', 3, 19)",0.0,12.0,4,"(0, 0)",0.0,0.0,0.0,0.0,0.0,12.0,False,"(3, 1)",dish,"(1, 3)",onion,"(4, 1):soup('onion', 3, 20)","(3, 0):empty;(4, 1):soup('onion', 3, 20)"
37,5,interact,"(3, 1)","(1, 0)",dish,"(1, 3)","(0, 1)",onion,"(4, 1):soup('onion', 3, 20)","(3, 0):empty;(4, 1):soup('onion', 3, 20)",0.0,12.0,2,"(1, 0)",5.0,0.0,5.0,0.0,0.0,17.0,False,"(3, 1)","soup('onion', 3, 20)","(2, 3)",onion,,"(3, 0):empty;(4, 1):empty"
38,1,"(0, 1)","(3, 1)","(1, 0)","soup('onion', 3, 20)","(2, 3)","(1, 0)",onion,,"(3, 0):empty;(4, 1):empty",0.0,17.0,0,"(0, -1)",0.0,0.0,0.0,0.0,0.0,17.0,False,"(3, 2)","soup('onion', 3, 20)","(2, 3)",onion,,"(3, 0):empty;(4, 1):empty"
39,1,"(0, 1)","(3, 2)","(0, 1)","soup('onion', 3, 20)","(2, 3)","(0, -1)",onion,,"(3, 0):empty;(4, 1):empty",0.0,17.0,3,"(-1, 0)",0.0,0.0,0.0,0.0,0.0,17.0,False,"(3, 3)","soup('onion', 3, 20)","(1, 3)",onion,,"(3, 0):empty;(4, 1):empty"
40,1,"(0, 1)","(3, 3)","(0, 1)","soup('onion', 3, 20)","(1, 3)","(-1, 0)",onion,,"(3, 0):empty;(4, 1):empty",0.0,17.0,0,"(0, -1)",0.0,0.0,0.0,0.0,0.0,17.0,False,"(3, 3)","soup('onion', 3, 20)","(1, 2)",onion,,"(3, 0):empty;(4, 1):empty"
41,3,"(-1, 0)","(3, 3)","(0, 1)","soup('onion', 3, 20)","(1, 2)","(0, -1)",onion,,"(3, 0):empty;(4, 1):empty",0.0,17.0,0,"(0, -1)",0.0,0.0,0.0,0.0,0.0,17.0,False,"(2, 3)","soup('onion', 3, 20)","(1, 1)",onion,,"(3, 0):empty;(4, 1):empty"
42,1,"(0, 1)","(2, 3)","(-1, 0)","soup('onion', 3, 20)","(1, 1)","(0, -1)",onion,,"(3, 0):empty;(4, 1):empty",0.0,17.0,2,"(1, 0)",0.0,0.0,0.0,0.0,0.0,17.0,False,"(2, 3)","soup('onion', 3, 20)","(2, 1)",onion,,"(3, 0):empty;(4, 1):empty"
43,5,interact,"(2, 3)","(0, 1)","soup('onion', 3, 20)","(2, 1)","(1, 0)",onion,,"(3, 0):empty;(4, 1):empty",0.0,17.0,2,"(1, 0)",20.0,20.0,0.0,0.0,20.0,17.0,True,"(2, 3)",,"(3, 1)",onion,,"(3, 0):empty;(4, 1):empty"
44,3,"(-1, 0)","(2, 3)","(0, 1)",,"(3, 1)","(1, 0)",onion,,"(3, 0):empty;(4, 1):empty",20.0,17.0,5,interact,3.0,0.0,3.0,0.0,20.0,20.0,False,"(1, 3)",,"(3, 1)",,"(4, 1):soup('onion', 1, 0)","(3, 0):empty;(4, 1):soup('onion', 1, 0)"
45,5,interact,"(1, 3)","(-1, 0)",,"(3, 1)","(1, 0)",,"(4, 1):soup('onion', 1, 0)","(3, 0):empty;(4, 1):soup('onion', 1, 0)",20.0,20.0,1,"(0, 1)",0.0,0.0,0.0,0.0,20.0,20.0,False,"(1, 3)",onion,"(3, 2)",,"(4, 1):soup('onion', 1, 0)","(3, 0):empty;(4, 1):soup('onion', 1, 0)"
46,0,"(0, -1)","(1, 3)","(-1, 0)",onion,"(3, 2)","(0, 1)",,"(4, 1):soup('onion', 1, 0)","(3, 0):empty;(4, 1):soup('onion', 1, 0)",20.0,20.0,2,"(1, 0)",0.0,0.0,0.0,0.0,20.0,20.0,False,"(1, 2)",onion,"(3, 2)",,"(4, 1):soup('onion', 1, 0)","(3, 0):empty;(4, 1):soup('onion', 1, 0)"
47,0,"(0, -1)","(1, 2)","(0, -1)",onion,"(3, 2)","(1, 0)",,"(4, 1):soup('onion', 1, 0)","(3, 0):empty;(4, 1):soup('onion', 1, 0)",20.0,20.0,1,"(0, 1)",0.0,0.0,0.0,0.0,20.0,20.0,False,"(1, 1)",onion,"(3, 3)",,"(4, 1):soup('onion', 1, 0)","(3, 0):empty;(4, 1):soup('onion', 1, 0)"
48,2,"(1, 0)","(1, 1)","(0, -1)",onion,"(3, 3)","(0, 1)",,"(4, 1):soup('onion', 1, 0)","(3, 0):empty;(4, 1):soup('onion', 1, 0)",20.0,20.0,3,"(-1, 0)",0.0,0.0,0.0,0.0,20.0,20.0,False,"(2, 1)",onion,"(2, 3)",,"(4, 1):soup('onion', 1, 0)","(3, 0):empty;(4, 1):soup('onion', 1, 0)"
49,2,"(1, 0)","(2, 1)","(1, 0)",onion,"(2, 3)","(-1, 0)",,"(4, 1):soup('onion', 1, 0)","(3, 0):empty;(4, 1):soup('onion', 1, 0)",20.0,20.0,3,"(-1, 0)",0.0,0.0,0.0,0.0,20.0,20.0,False,"(3, 1)",onion,"(1, 3)",,"(4, 1):soup('onion', 1, 0)","(3, 0):empty;(4, 1):soup('onion', 1, 0)"
50,5,interact,"(3, 1)","(1, 0)",onion,"(1, 3)","(-1, 0)",,"(4, 1):soup('onion', 1, 0)","(3, 0):empty;(4, 1):soup('onion', 1, 0)",20.0,20.0,5,interact,3.0,0.0,3.0,0.0,20.0,23.0,False,"(3, 1)",,"(1, 3)",onion,"(4, 1):soup('onion', 2, 0)","(3, 0):empty;(4, 1):soup('onion', 2, 0)"
51,1,"(0, 1)","(3, 1)","(1, 0)",,"(1, 3)","(-1, 0)",onion,"(4, 1):soup('onion', 2, 0)","(3, 0):empty;(4, 1):soup('onion', 2, 0)",20.0,23.0,0,"(0, -1)",0.0,0.0,0.0,0.0,20.0,23.0,False,"(3, 2)",,"(1, 2)",onion,"(4, 1):soup('onion', 2, 0)","(3, 0):empty;(4, 1):soup('onion', 2, 0)"
52,1,"(0, 1)","(3, 2)","(0, 1)",,"(1, 2)","(0, -1)",onion,"(4, 1):soup('onion', 2, 0)","(3, 0):empty;(4, 1):soup('onion', 2, 0)",20.0,23.0,0,"(0, -1)",0.0,0.0,0.0,0.0,20.0,23.0,False,"(3, 3)",,"(1, 1)",onion,"(4, 1):soup('onion', 2, 0)","(3, 0):empty;(4, 1):soup('onion', 2, 0)"
53,3,"(-1, 0)","(3, 3)","(0, 1)",,"(1, 1)","(0, -1)",onion,"(4, 1):soup('onion', 2, 0)","(3, 0):empty;(4, 1):soup('onion', 2, 0)",20.0,23.0,2,"(1, 0)",0.0,0.0,0.0,0.0,20.0,23.0,False,"(2, 3)",,"(2, 1)",onion,"(4, 1):soup('onion', 2, 0)","(3, 0):empty;(4, 1):soup('onion', 2, 0)"
54,5,interact,"(2, 3)","(-1, 0)",,"(2, 1)","(1, 0)",onion,"(4, 1):soup('onion', 2, 0)","(3, 0):empty;(4, 1):soup('onion', 2, 0)",20.0,23.0,2,"(1, 0)",0.0,0.0,0.0,0.0,20.0,23.0,False,"(2, 3)",,"(3, 1)",onion,"(4, 1):soup('onion', 2, 0)","(3, 0):empty;(4, 1):soup('onion', 2, 0)"
55,5,interact,"(2, 3)","(-1, 0)",,"(3, 1)","(1, 0)",onion,"(4, 1):soup('onion', 2, 0)","(3, 0):empty;(4, 1):soup('onion', 2, 0)",20.0,23.0,5,interact,3.0,0.0,3.0,0.0,20.0,26.0,False,"(2, 3)",,"(3, 1)",,"(4, 1):soup('onion', 3, 1)","(3, 0):empty;(4, 1):soup('onion', 3, 1)"
56,3,"(-1, 0)","(2, 3)","(-1, 0)",,"(3, 1)","(1, 0)",,"(4, 1):soup('onion', 3, 1)","(3, 0):empty;(4, 1):soup('onion', 3, 1)",20.0,26.0,5,interact,0.0,0.0,0.0,0.0,20.0,26.0,False,"(1, 3)",,"(3, 1)",,"(4, 1):soup('onion', 3, 2)","(3, 0):empty;(4, 1):soup('onion', 3, 2)"
57,0,"(0, -1)","(1, 3)","(-1, 0)",,"(3, 1)","(1, 0)",,"(4, 1):soup('onion', 3, 2)","(3, 0):empty;(4, 1):soup('onion', 3, 2)",20.0,26.0,1,"(0, 1)",0.0,0.0,0.0,0.0,20.0,26.0,False,"(1, 2)",,"(3, 2)",,"(4, 1):soup('onion', 3, 3)","(3, 0):empty;(4, 1):soup('onion', 3, 3)"
58,3,"(-1, 0)","(1, 2)","(0, -1)",,"(3, 2)","(0, 1)",,"(4, 1):soup('onion', 3, 3)","(3, 0):empty;(4, 1):soup('onion', 3, 3)",20.0,26.0,1,"(0, 1)",0.0,0.0,0.0,0.0,20.0,26.0,False,"(1, 2)",,"(3, 3)",,"(4, 1):soup('onion', 3, 4)","(3, 0):empty;(4, 1):soup('onion', 3, 4)"
59,5,interact,"(1, 2)","(-1, 0)",,"(3, 3)","(0, 1)",,"(4, 1):soup('onion', 3, 4)","(3, 0):empty;(4, 1):soup('onion', 3, 4)",20.0,26.0,3,"(-1, 0)",3.0,0.0,3.0,0.0,20.0,29.0,False,"(1, 2)",dish,"(2, 3)",,"(4, 1):soup('onion', 3, 5)","(3, 0):empty;(4, 1):soup('onion', 3, 5)"
60,3,"(-1, 0)","(1, 2)","(-1, 0)",dish,"(2, 3)","(-1, 0)",,"(4, 1):soup('onion', 3, 5)","(3, 0):empty;(4, 1):soup('onion', 3, 5)",20.0,29.0,3,"(-1, 0)",0.0,0.0,0.0,0.0,20.0,29.0,False,"(1, 2)",dish,"(1, 3)",,"(4, 1):soup('onion', 3, 6)","(3, 0):empty;(4, 1):soup('onion', 3, 6)"
61,0,"(0, -1)","(1, 2)","(-1, 0)",dish,"(1, 3)","(-1, 0)",,"(4, 1):soup('onion', 3, 6)","(3, 0):empty;(4, 1):soup('onion', 3, 6)",20.0,29.0,1,"(0, 1)",0.0,0.0,0.0,0.0,20.0,29.0,False,"(1, 1)",dish,"(1, 3)",,"(4, 1):soup('onion', 3, 7)","(3, 0):empty;(4, 1):soup('onion', 3, 7)"
62,2,"(1, 0)","(1, 1)","(0, -1)",dish,"(1, 3)","(0, 1)",,"(4, 1):soup('onion', 3, 7)","(3, 0):empty;(4, 1):soup('onion', 3, 7)",20.0,29.0,5,interact,0.0,0.0,0.0,0.0,20.0,29.0,False,"(2, 1)",dish,"(1, 3)",onion,"(4, 1):soup('onion', 3, 8)","(3, 0):empty;(4, 1):soup('onion', 3, 8)"
63,2,"(1, 0)","(2, 1)","(1, 0)",dish,"(1, 3)","(0, 1)",onion,"(4, 1):soup('onion', 3, 8)","(3, 0):empty;(4, 1):soup('onion', 3, 8)",20.0,29.0,5,interact,0.0,0.0,0.0,0.0,20.0,29.0,False,"(3, 1)",dish,"(1, 3)",onion,"(4, 1):soup('onion', 3, 9)","(3, 0):empty;(4, 1):soup('onion', 3, 9)"
64,5,interact,"(3, 1)","(1, 0)",dish,"(1, 3)","(0, 1)",onion,"(4, 1):soup('onion', 3, 9)","(3, 0):empty;(4, 1):soup('onion', 3, 9)",20.0,29.0,4,"(0, 0)",0.0,0.0,0.0,0.0,20.0,29.0,False,"(3, 1)",dish,"(1, 3)",onion,"(4, 1):soup('onion', 3, 10)","(3, 0):empty;(4, 1):soup('onion', 3, 10)"
65,5,interact,"(3, 1)","(1, 0)",dish,"(1, 3)","(0, 1)",onion,"(4, 1):soup('onion', 3, 10)","(3, 0):empty;(4, 1):soup('onion', 3, 10)",20.0,29.0,4,"(0, 0)",0.0,0.0,0.0,0.0,20.0,29.0,False,"(3, 1)",dish,"(1, 3)",onion,"(4, 1):soup('onion', 3, 11)","(3, 0):empty;(4, 1):soup('onion', 3, 11)"
66,5,interact,"(3, 1)","(1, 0)",dish,"(1, 3)","(0, 1)",onion,"(4, 1):soup('onion', 3, 11)","(3, 0):empty;(4, 1):soup('onion', 3, 11)",20.0,29.0,4,"(0, 0)",0.0,0.0,0.0,0.0,20.0,29.0,False,"(3, 1)",dish,"(1, 3)",onion,"(4, 1):soup('onion', 3, 12)","(3, 0):empty;(4, 1):soup('onion', 3, 12)"
67,5,interact,"(3, 1)","(1, 0)",dish,"(1, 3)","(0, 1)",onion,"(4, 1):soup('onion', 3, 12)","(3, 0):empty;(4, 1):soup('onion', 3, 12)",20.0,29.0,4,"(0, 0)",0.0,0.0,0.0,0.0,20.0,29.0,False,"(3, 1)",dish,"(1, 3)",onion,"(4, 1):soup('onion', 3, 13)","(3, 0):empty;(4, 1):soup('onion', 3, 13)"
68,5,interact,"(3, 1)","(1, 0)",dish,"(1, 3)","(0, 1)",onion,"(4, 1):soup('onion', 3, 13)","(3, 0):empty;(4, 1):soup('onion', 3, 13)",20.0,29.0,4,"(0, 0)",0.0,0.0,0.0,0.0,20.0,29.0,False,"(3, 1)",dish,"(1, 3)",onion,"(4, 1):soup('onion', 3, 14)","(3, 0):empty;(4, 1):soup('onion', 3, 14)"
69,5,interact,"(3, 1)","(1, 0)",dish,"(1, 3)","(0, 1)",onion,"(4, 1):soup('onion', 3, 14)","(3, 0):empty;(4, 1):soup('onion', 3, 14)",20.0,29.0,4,"(0, 0)",0.0,0.0,0.0,0.0,20.0,29.0,False,"(3, 1)",dish,"(1, 3)",onion,"(4, 1):soup('onion', 3, 15)","(3, 0):empty;(4, 1):soup('onion', 3, 15)"
70,5,interact,"(3, 1)","(1, 0)",dish,"(1, 3)","(0, 1)",onion,"(4, 1):soup('onion', 3, 15)","(3, 0):empty;(4, 1):soup('onion', 3, 15)",20.0,29.0,4,"(0, 0)",0.0,0.0,0.0,0.0,20.0,29.0,False,"(3, 1)",dish,"(1, 3)",onion,"(4, 1):soup('onion', 3, 16)","(3, 0):empty;(4, 1):soup('onion', 3, 16)"
71,5,interact,"(3, 1)","(1, 0)",dish,"(1, 3)","(0, 1)",onion,"(4, 1):soup('onion', 3, 16)","(3, 0):empty;(4, 1):soup('onion', 3, 16)",20.0,29.0,4,"(0, 0)",0.0,0.0,0.0,0.0,20.0,29.0,False,"(3, 1)",dish,"(1, 3)",onion,"(4, 1):soup('onion', 3, 17)","(3, 0):empty;(4, 1):soup('onion', 3, 17)"
72,5,interact,"(3, 1)","(1, 0)",dish,"(1, 3)","(0, 1)",onion,"(4, 1):soup('onion', 3, 17)","(3, 0):empty;(4, 1):soup('onion', 3, 17)",20.0,29.0,4,"(0, 0)",0.0,0.0,0.0,0.0,20.0,29.0,False,"(3, 1)",dish,"(1, 3)",onion,"(4, 1):soup('onion', 3, 18)","(3, 0):empty;(4, 1):soup('onion', 3, 18)"
73,5,interact,"(3, 1)","(1, 0)",dish,"(1, 3)","(0, 1)",onion,"(4, 1):soup('onion', 3, 18)","(3, 0):empty;(4, 1):soup('onion', 3, 18)",20.0,29.0,4,"(0, 0)",0.0,0.0,0.0,0.0,20.0,29.0,False,"(3, 1)",dish,"(1, 3)",onion,"(4, 1):soup('onion', 3, 19)","(3, 0):empty;(4, 1):soup('onion', 3, 19)"
74,5,interact,"(3, 1)","(1, 0)",dish,"(1, 3)","(0, 1)",onion,"(4, 1):soup('onion', 3, 19)","(3, 0):empty;(4, 1):soup('onion', 3, 19)",20.0,29.0,4,"(0, 0)",0.0,0.0,0.0,0.0,20.0,29.0,False,"(3, 1)",dish,"(1, 3)",onion,"(4, 1):soup('onion', 3, 20)","(3, 0):empty;(4, 1):soup('onion', 3, 20)"
75,5,interact,"(3, 1)","(1, 0)",dish,"(1, 3)","(0, 1)",onion,"(4, 1):soup('onion', 3, 20)","(3, 0):empty;(4, 1):soup('onion', 3, 20)",20.0,29.0,2,"(1, 0)",5.0,0.0,5.0,0.0,20.0,34.0,False,"(3, 1)","soup('onion', 3, 20)","(2, 3)",onion,,"(3, 0):empty;(4, 1):empty"
76,1,"(0, 1)","(3, 1)","(1, 0)","soup('onion', 3, 20)","(2, 3)","(1, 0)",onion,,"(3, 0):empty;(4, 1):empty",20.0,34.0,0,"(0, -1)",0.0,0.0,0.0,0.0,20.0,34.0,False,"(3, 2)","soup('onion', 3, 20)","(2, 3)",onion,,"(3, 0):empty;(4, 1):empty"
77,1,"(0, 1)","(3, 2)","(0, 1)","soup('onion', 3, 20)","(2, 3)","(0, -1)",onion,,"(3, 0):empty;(4, 1):empty",20.0,34.0,3,"(-1, 0)",0.0,0.0,0.0,0.0,20.0,34.0,False,"(3, 3)","soup('onion', 3, 20)","(1, 3)",onion,,"(3, 0):empty;(4, 1):empty"
78,1,"(0, 1)","(3, 3)","(0, 1)","soup('onion', 3, 20)","(1, 3)","(-1, 0)",onion,,"(3, 0):empty;(4, 1):empty",20.0,34.0,0,"(0, -1)",0.0,0.0,0.0,0.0,20.0,34.0,False,"(3, 3)","soup('onion', 3, 20)","(1, 2)",onion,,"(3, 0):empty;(4, 1):empty"
79,3,"(-1, 0)","(3, 3)","(0, 1)","soup('onion', 3, 20)","(1, 2)","(0, -1)",onion,,"(3, 0):empty;(4, 1):empty",20.0,34.0,0,"(0, -1)",0.0,0.0,0.0,0.0,20.0,34.0,False,"(2, 3)","soup('onion', 3, 20)","(1, 1)",onion,,"(3, 0):empty;(4, 1):empty"
80,1,"(0, 1)","(2, 3)","(-1, 0)","soup('onion', 3, 20)","(1, 1)","(0, -1)",onion,,"(3, 0):empty;(4, 1):empty",20.0,34.0,2,"(1, 0)",0.0,0.0,0.0,0.0,20.0,34.0,False,"(2, 3)","soup('onion', 3, 20)","(2, 1)",onion,,"(3, 0):empty;(4, 1):empty"
81,5,interact,"(2, 3)","(0, 1)","soup('onion', 3, 20)","(2, 1)","(1, 0)",onion,,"(3, 0):empty;(4, 1):empty",20.0,34.0,2,"(1, 0)",20.0,20.0,0.0,0.0,40.0,34.0,True,"(2, 3)",,"(3, 1)",onion,,"(3, 0):empty;(4, 1):empty"
82,3,"(-1, 0)","(2, 3)","(0, 1)",,"(3, 1)","(1, 0)",onion,,"(3, 0):empty;(4, 1):empty",40.0,34.0,5,interact,3.0,0.0,3.0,0.0,40.0,37.0,False,"(1, 3)",,"(3, 1)",,"(4, 1):soup('onion', 1, 0)","(3, 0):empty;(4, 1):soup('onion', 1, 0)"
83,5,interact,"(1, 3)","(-1, 0)",,"(3, 1)","(1, 0)",,"(4, 1):soup('onion', 1, 0)","(3, 0):empty;(4, 1):soup('onion', 1, 0)",40.0,37.0,1,"(0, 1)",0.0,0.0,0.0,0.0,40.0,37.0,False,"(1, 3)",onion,"(3, 2)",,"(4, 1):soup('onion', 1, 0)","(3, 0):empty;(4, 1):soup('onion', 1, 0)"
84,0,"(0, -1)","(1, 3)","(-1, 0)",onion,"(3, 2)","(0, 1)",,"(4, 1):soup('onion', 1, 0)","(3, 0):empty;(4, 1):soup('onion', 1, 0)",40.0,37.0,2,"(1, 0)",0.0,0.0,0.0,0.0,40.0,37.0,False,"(1, 2)",onion,"(3, 2)",,"(4, 1):soup('onion', 1, 0)","(3, 0):empty;(4, 1):soup('onion', 1, 0)"
85,0,"(0, -1)","(1, 2)","(0, -1)",onion,"(3, 2)","(1, 0)",,"(4, 1):soup('onion', 1, 0)","(3, 0):empty;(4, 1):soup('onion', 1, 0)",40.0,37.0,1,"(0, 1)",0.0,0.0,0.0,0.0,40.0,37.0,False,"(1, 1)",onion,"(3, 3)",,"(4, 1):soup('onion', 1, 0)","(3, 0):empty;(4, 1):soup('onion', 1, 0)"
86,2,"(1, 0)","(1, 1)","(0, -1)",onion,"(3, 3)","(0, 1)",,"(4, 1):soup('onion', 1, 0)","(3, 0):empty;(4, 1):soup('onion', 1, 0)",40.0,37.0,3,"(-1, 0)",0.0,0.0,0.0,0.0,40.0,37.0,False,"(2, 1)",onion,"(2, 3)",,"(4, 1):soup('onion', 1, 0)","(3, 0):empty;(4, 1):soup('onion', 1, 0)"
87,2,"(1, 0)","(2, 1)","(1, 0)",onion,"(2, 3)","(-1, 0)",,"(4, 1):soup('onion', 1, 0)","(3, 0):empty;(4, 1):soup('onion', 1, 0)",40.0,37.0,3,"(-1, 0)",0.0,0.0,0.0,0.0,40.0,37.0,False,"(3, 1)",onion,"(1, 3)",,"(4, 1):soup('onion', 1, 0)","(3, 0):empty;(4, 1):soup('onion', 1, 0)"
88,5,interact,"(3, 1)","(1, 0)",onion,"(1, 3)","(-1, 0)",,"(4, 1):soup('onion', 1, 0)","(3, 0):empty;(4, 1):soup('onion', 1, 0)",40.0,37.0,5,interact,3.0,0.0,3.0,0.0,40.0,40.0,False,"(3, 1)",,"(1, 3)",onion,"(4, 1):soup('onion', 2, 0)","(3, 0):empty;(4, 1):soup('onion', 2, 0)"
89,1,"(0, 1)","(3, 1)","(1, 0)",,"(1, 3)","(-1, 0)",onion,"(4, 1):soup('onion', 2, 0)","(3, 0):empty;(4, 1):soup('onion', 2, 0)",40.0,40.0,0,"(0, -1)",0.0,0.0,0.0,0.0,40.0,40.0,False,"(3, 2)",,"(1, 2)",onion,"(4, 1):soup('onion', 2, 0)","(3, 0):empty;(4, 1):soup('onion', 2, 0)"
90,1,"(0, 1)","(3, 2)","(0, 1)",,"(1, 2)","(0, -1)",onion,"(4, 1):soup('onion', 2, 0)","(3, 0):empty;(4, 1):soup('onion', 2, 0)",40.0,40.0,0,"(0, -1)",0.0,0.0,0.0,0.0,40.0,40.0,False,"(3, 3)",,"(1, 1)",onion,"(4, 1):soup('onion', 2, 0)","(3, 0):empty;(4, 1):soup('onion', 2, 0)"
91,3,"(-1, 0)","(3, 3)","(0, 1)",,"(1, 1)","(0, -1)",onion,"(4, 1):soup('onion', 2, 0)","(3, 0):empty;(4, 1):soup('onion', 2, 0)",40.0,40.0,2,"(1, 0)",0.0,0.0,0.0,0.0,40.0,40.0,False,"(2, 3)",,"(2, 1)",onion,"(4, 1):soup('onion', 2, 0)","(3, 0):empty;(4, 1):soup('onion', 2, 0)"
92,5,interact,"(2, 3)","(-1, 0)",,"(2, 1)","(1, 0)",onion,"(4, 1):soup('onion', 2, 0)","(3, 0):empty;(4, 1):soup('onion', 2, 0)",40.0,40.0,2,"(1, 0)",0.0,0.0,0.0,0.0,40.0,40.0,False,"(2, 3)",,"(3, 1)",onion,"(4, 1):soup('onion', 2, 0)","(3, 0):empty;(4, 1):soup('onion', 2, 0)"
93,5,interact,"(2, 3)","(-1, 0)",,"(3, 1)","(1, 0)",onion,"(4, 1):soup('onion', 2, 0)","(3, 0):empty;(4, 1):soup('onion', 2, 0)",40.0,40.0,5,interact,3.0,0.0,3.0,0.0,40.0,43.0,False,"(2, 3)",,"(3, 1)",,"(4, 1):soup('onion', 3, 1)","(3, 0):empty;(4, 1):soup('onion', 3, 1)"
94,3,"(-1, 0)","(2, 3)","(-1, 0)",,"(3, 1)","(1, 0)",,"(4, 1):soup('onion', 3, 1)","(3, 0):empty;(4, 1):soup('onion', 3, 1)",40.0,43.0,5,interact,0.0,0.0,0.0,0.0,40.0,43.0,False,"(1, 3)",,"(3, 1)",,"(4, 1):soup('onion', 3, 2)","(3, 0):empty;(4, 1):soup('onion', 3, 2)"
95,0,"(0, -1)","(1, 3)","(-1, 0)",,"(3, 1)","(1, 0)",,"(4, 1):soup('onion', 3, 2)","(3, 0):empty;(4, 1):soup('onion', 3, 2)",40.0,43.0,1,"(0, 1)",0.0,0.0,0.0,0.0,40.0,43.0,False,"(1, 2)",,"(3, 2)",,"(4, 1):soup('onion', 3, 3)","(3, 0):empty;(4, 1):soup('onion', 3, 3)"
96,3,"(-1, 0)","(1, 2)","(0, -1)",,"(3, 2)","(0, 1)",,"(4, 1):soup('onion', 3, 3)","(3, 0):empty;(4, 1):soup('onion', 3, 3)",40.0,43.0,1,"(0, 1)",0.0,0.0,0.0,0.0,40.0,43.0,False,"(1, 2)",,"(3, 3)",,"(4, 1):soup('onion', 3, 4)","(3, 0):empty;(4, 1):soup('onion', 3, 4)"
97,5,interact,"(1, 2)","(-1, 0)",,"(3, 3)","(0, 1)",,"(4, 1):soup('onion', 3, 4)","(3, 0):empty;(4, 1):soup('onion', 3, 4)",40.0,43.0,3,"(-1, 0)",3.0,0.0,3.0,0.0,40.0,46.0,False,"(1, 2)",dish,"(2, 3)",,"(4, 1):soup('onion', 3, 5)","(3, 0):empty;(4, 1):soup('onion', 3, 5)"
98,3,"(-1, 0)","(1, 2)","(-1, 0)",dish,"(2, 3)","(-1, 0)",,"(4, 1):soup('onion', 3, 5)","(3, 0):empty;(4, 1):soup('onion', 3, 5)",40.0,46.0,3,"(-1, 0)",0.0,0.0,0.0,0.0,40.0,46.0,False,"(1, 2)",dish,"(1, 3)",,"(4, 1):soup('onion', 3, 6)","(3, 0):empty;(4, 1):soup('onion', 3, 6)"
99,0,"(0, -1)","(1, 2)","(-1, 0)",dish,"(1, 3)","(-1, 0)",,"(4, 1):soup('onion', 3, 6)","(3, 0):empty;(4, 1):soup('onion', 3, 6)",40.0,46.0,1,"(0, 1)",0.0,0.0,0.0,0.0,40.0,46.0,False,"(1, 1)",dish,"(1, 3)",,"(4, 1):soup('onion', 3, 7)","(3, 0):empty;(4, 1):soup('onion', 3, 7)"
100,2,"(1, 0)","(1, 1)","(0, -1)",dish,"(1, 3)","(0, 1)",,"(4, 1):soup('onion', 3, 7)","(3, 0):empty;(4, 1):soup('onion', 3, 7)",40.0,46.0,5,interact,0.0,0.0,0.0,0.0,40.0,46.0,False,"(2, 1)",dish,"(1, 3)",onion,"(4, 1):soup('onion', 3, 8)","(3, 0):empty;(4, 1):soup('onion', 3, 8)"
101,2,"(1, 0)","(2, 1)","(1, 0)",dish,"(1, 3)","(0, 1)",onion,"(4, 1):soup('onion', 3, 8)","(3, 0):empty;(4, 1):soup('onion', 3, 8)",40.0,46.0,5,interact,0.0,0.0,0.0,0.0,40.0,46.0,False,"(3, 1)",dish,"(1, 3)",onion,"(4, 1):soup('onion', 3, 9)","(3, 0):empty;(4, 1):soup('onion', 3, 9)"
102,5,interact,"(3, 1)","(1, 0)",dish,"(1, 3)","(0, 1)",onion,"(4, 1):soup('onion', 3, 9)","(3, 0):empty;(4, 1):soup('onion', 3, 9)",40.0,46.0,4,"(0, 0)",0.0,0.0,0.0,0.0,40.0,46.0,False,"(3, 1)",dish,"(1, 3)",onion,"(4, 1):soup('onion', 3, 10)","(3, 0):empty;(4, 1):soup('onion', 3, 10)"
103,5,interact,"(3, 1)","(1, 0)",dish,"(1, 3)","(0, 1)",onion,"(4, 1):soup('onion', 3, 10)","(3, 0):empty;(4, 1):soup('onion', 3, 10)",40.0,46.0,4,"(0, 0)",0.0,0.0,0.0,0.0,40.0,46.0,False,"(3, 1)",dish,"(1, 3)",onion,"(4, 1):soup('onion', 3, 11)","(3, 0):empty;(4, 1):soup('onion', 3, 11)"
104,5,interact,"(3, 1)","(1, 0)",dish,"(1, 3)","(0, 1)",onion,"(4, 1):soup('onion', 3, 11)","(3, 0):empty;(4, 1):soup('onion', 3, 11)",40.0,46.0,4,"(0, 0)",0.0,0.0,0.0,0.0,40.0,46.0,False,"(3, 1)",dish,"(1, 3)",onion,"(4, 1):soup('onion', 3, 12)","(3, 0):empty;(4, 1):soup('onion', 3, 12)"
105,5,interact,"(3, 1)","(1, 0)",dish,"(1, 3)","(0, 1)",onion,"(4, 1):soup('onion', 3, 12)","(3, 0):empty;(4, 1):soup('onion', 3, 12)",40.0,46.0,4,"(0, 0)",0.0,0.0,0.0,0.0,40.0,46.0,False,"(3, 1)",dish,"(1, 3)",onion,"(4, 1):soup('onion', 3, 13)","(3, 0):empty;(4, 1):soup('onion', 3, 13)"
106,5,interact,"(3, 1)","(1, 0)",dish,"(1, 3)","(0, 1)",onion,"(4, 1):soup('onion', 3, 13)","(3, 0):empty;(4, 1):soup('onion', 3, 13)",40.0,46.0,4,"(0, 0)",0.0,0.0,0.0,0.0,40.0,46.0,False,"(3, 1)",dish,"(1, 3)",onion,"(4, 1):soup('onion', 3, 14)","(3, 0):empty;(4, 1):soup('onion', 3, 14)"
107,5,interact,"(3, 1)","(1, 0)",dish,"(1, 3)","(0, 1)",onion,"(4, 1):soup('onion', 3, 14)","(3, 0):empty;(4, 1):soup('onion', 3, 14)",40.0,46.0,4,"(0, 0)",0.0,0.0,0.0,0.0,40.0,46.0,False,"(3, 1)",dish,"(1, 3)",onion,"(4, 1):soup('onion', 3, 15)","(3, 0):empty;(4, 1):soup('onion', 3, 15)"
108,5,interact,"(3, 1)","(1, 0)",dish,"(1, 3)","(0, 1)",onion,"(4, 1):soup('onion', 3, 15)","(3, 0):empty;(4, 1):soup('onion', 3, 15)",40.0,46.0,4,"(0, 0)",0.0,0.0,0.0,0.0,40.0,46.0,False,"(3, 1)",dish,"(1, 3)",onion,"(4, 1):soup('onion', 3, 16)","(3, 0):empty;(4, 1):soup('onion', 3, 16)"
109,5,interact,"(3, 1)","(1, 0)",dish,"(1, 3)","(0, 1)",onion,"(4, 1):soup('onion', 3, 16)","(3, 0):empty;(4, 1):soup('onion', 3, 16)",40.0,46.0,4,"(0, 0)",0.0,0.0,0.0,0.0,40.0,46.0,False,"(3, 1)",dish,"(1, 3)",onion,"(4, 1):soup('onion', 3, 17)","(3, 0):empty;(4, 1):soup('onion', 3, 17)"
110,5,interact,"(3, 1)","(1, 0)",dish,"(1, 3)","(0, 1)",onion,"(4, 1):soup('onion', 3, 17)","(3, 0):empty;(4, 1):soup('onion', 3, 17)",40.0,46.0,4,"(0, 0)",0.0,0.0,0.0,0.0,40.0,46.0,False,"(3, 1)",dish,"(1, 3)",onion,"(4, 1):soup('onion', 3, 18)","(3, 0):empty;(4, 1):soup('onion', 3, 18)"
111,5,interact,"(3, 1)","(1, 0)",dish,"(1, 3)","(0, 1)",onion,"(4, 1):soup('onion', 3, 18)","(3, 0):empty;(4, 1):soup('onion', 3, 18)",40.0,46.0,4,"(0, 0)",0.0,0.0,0.0,0.0,40.0,46.0,False,"(3, 1)",dish,"(1, 3)",onion,"(4, 1):soup('onion', 3, 19)","(3, 0):empty;(4, 1):soup('onion', 3, 19)"
112,5,interact,"(3, 1)","(1, 0)",dish,"(1, 3)","(0, 1)",onion,"(4, 1):soup('onion', 3, 19)","(3, 0):empty;(4, 1):soup('onion', 3, 19)",40.0,46.0,4,"(0, 0)",0.0,0.0,0.0,0.0,40.0,46.0,False,"(3, 1)",dish,"(1, 3)",onion,"(4, 1):soup('onion', 3, 20)","(3, 0):empty;(4, 1):soup('onion', 3, 20)"
113,5,interact,"(3, 1)","(1, 0)",dish,"(1, 3)","(0, 1)",onion,"(4, 1):soup('onion', 3, 20)","(3, 0):empty;(4, 1):soup('onion', 3, 20)",40.0,46.0,2,"(1, 0)",5.0,0.0,5.0,0.0,40.0,51.0,False,"(3, 1)","soup('onion', 3, 20)","(2, 3)",onion,,"(3, 0):empty;(4, 1):empty"
114,1,"(0, 1)","(3, 1)","(1, 0)","soup('onion', 3, 20)","(2, 3)","(1, 0)",onion,,"(3, 0):empty;(4, 1):empty",40.0,51.0,0,"(0, -1)",0.0,0.0,0.0,0.0,40.0,51.0,False,"(3, 2)","soup('onion', 3, 20)","(2, 3)",onion,,"(3, 0):empty;(4, 1):empty"
115,1,"(0, 1)","(3, 2)","(0, 1)","soup('onion', 3, 20)","(2, 3)","(0, -1)",onion,,"(3, 0):empty;(4, 1):empty",40.0,51.0,3,"(-1, 0)",0.0,0.0,0.0,0.0,40.0,51.0,False,"(3, 3)","soup('onion', 3, 20)","(1, 3)",onion,,"(3, 0):empty;(4, 1):empty"
116,1,"(0, 1)","(3, 3)","(0, 1)","soup('onion', 3, 20)","(1, 3)","(-1, 0)",onion,,"(3, 0):empty;(4, 1):empty",40.0,51.0,0,"(0, -1)",0.0,0.0,0.0,0.0,40.0,51.0,False,"(3, 3)","soup('onion', 3, 20)","(1, 2)",onion,,"(3, 0):empty;(4, 1):empty"
117,3,"(-1, 0)","(3, 3)","(0, 1)","soup('onion', 3, 20)","(1, 2)","(0, -1)",onion,,"(3, 0):empty;(4, 1):empty",40.0,51.0,0,"(0, -1)",0.0,0.0,0.0,0.0,40.0,51.0,False,"(2, 3)","soup('onion', 3, 20)","(1, 1)",onion,,"(3, 0):empty;(4, 1):empty"
118,1,"(0, 1)","(2, 3)","(-1, 0)","soup('onion', 3, 20)","(1, 1)","(0, -1)",onion,,"(3, 0):empty;(4, 1):empty",40.0,51.0,2,"(1, 0)",0.0,0.0,0.0,0.0,40.0,51.0,False,"(2, 3)","soup('onion', 3, 20)","(2, 1)",onion,,"(3, 0):empty;(4, 1):empty"
119,5,interact,"(2, 3)","(0, 1)","soup('onion', 3, 20)","(2, 1)","(1, 0)",onion,,"(3, 0):empty;(4, 1):empty",40.0,51.0,2,"(1, 0)",20.0,20.0,0.0,0.0,60.0,51.0,True,"(2, 3)",,"(3, 1)",onion,,"(3, 0):empty;(4, 1):empty"
120,3,"(-1, 0)","(2, 3)","(0, 1)",,"(3, 1)","(1, 0)",onion,,"(3, 0):empty;(4, 1):empty",60.0,51.0,5,interact,3.0,0.0,3.0,0.0,60.0,54.0,False,"(1, 3)",,"(3, 1)",,"(4, 1):soup('onion', 1, 0)","(3, 0):empty;(4, 1):soup('onion', 1, 0)"
121,5,interact,"(1, 3)","(-1, 0)",,"(3, 1)","(1, 0)",,"(4, 1):soup('onion', 1, 0)","(3, 0):empty;(4, 1):soup('onion', 1, 0)",60.0,54.0,1,"(0, 1)",0.0,0.0,0.0,0.0,60.0,54.0,False,"(1, 3)",onion,"(3, 2)",,"(4, 1):soup('onion', 1, 0)","(3, 0):empty;(4, 1):soup('onion', 1, 0)"
122,0,"(0, -1)","(1, 3)","(-1, 0)",onion,"(3, 2)","(0, 1)",,"(4, 1):soup('onion', 1, 0)","(3, 0):empty;(4, 1):soup('onion', 1, 0)",60.0,54.0,2,"(1, 0)",0.0,0.0,0.0,0.0,60.0,54.0,False,"(1, 2)",onion,"(3, 2)",,"(4, 1):soup('onion', 1, 0)","(3, 0):empty;(4, 1):soup('onion', 1, 0)"
123,0,"(0, -1)","(1, 2)","(0, -1)",onion,"(3, 2)","(1, 0)",,"(4, 1):soup('onion', 1, 0)","(3, 0):empty;(4, 1):soup('onion', 1, 0)",60.0,54.0,1,"(0, 1)",0.0,0.0,0.0,0.0,60.0,54.0,False,"(1, 1)",onion,"(3, 3)",,"(4, 1):soup('onion', 1, 0)","(3, 0):empty;(4, 1):soup('onion', 1, 0)"
124,2,"(1, 0)","(1, 1)","(0, -1)",onion,"(3, 3)","(0, 1)",,"(4, 1):soup('onion', 1, 0)","(3, 0):empty;(4, 1):soup('onion', 1, 0)",60.0,54.0,3,"(-1, 0)",0.0,0.0,0.0,0.0,60.0,54.0,False,"(2, 1)",onion,"(2, 3)",,"(4, 1):soup('onion', 1, 0)","(3, 0):empty;(4, 1):soup('onion', 1, 0)"
125,2,"(1, 0)","(2, 1)","(1, 0)",onion,"(2, 3)","(-1, 0)",,"(4, 1):soup('onion', 1, 0)","(3, 0):empty;(4, 1):soup('onion', 1, 0)",60.0,54.0,3,"(-1, 0)",0.0,0.0,0.0,0.0,60.0,54.0,False,"(3, 1)",onion,"(1, 3)",,"(4, 1):soup('onion', 1, 0)","(3, 0):empty;(4, 1):soup('onion', 1, 0)"
126,5,interact,"(3, 1)","(1, 0)",onion,"(1, 3)","(-1, 0)",,"(4, 1):soup('onion', 1, 0)","(3, 0):empty;(4, 1):soup('onion', 1, 0)",60.0,54.0,5,interact,3.0,0.0,3.0,0.0,60.0,57.0,False,"(3, 1)",,"(1, 3)",onion,"(4, 1):soup('onion', 2, 0)","(3, 0):empty;(4, 1):soup('onion', 2, 0)"
127,1,"(0, 1)","(3, 1)","(1, 0)",,"(1, 3)","(-1, 0)",onion,"(4, 1):soup('onion', 2, 0)","(3, 0):empty;(4, 1):soup('onion', 2, 0)",60.0,57.0,0,"(0, -1)",0.0,0.0,0.0,0.0,60.0,57.0,False,"(3, 2)",,"(1, 2)",onion,"(4, 1):soup('onion', 2, 0)","(3, 0):empty;(4, 1):soup('onion', 2, 0)"
128,1,"(0, 1)","(3, 2)","(0, 1)",,"(1, 2)","(0, -1)",onion,"(4, 1):soup('onion', 2, 0)","(3, 0):empty;(4, 1):soup('onion', 2, 0)",60.0,57.0,0,"(0, -1)",0.0,0.0,0.0,0.0,60.0,57.0,False,"(3, 3)",,"(1, 1)",onion,"(4, 1):soup('onion', 2, 0)","(3, 0):empty;(4, 1):soup('onion', 2, 0)"
129,3,"(-1, 0)","(3, 3)","(0, 1)",,"(1, 1)","(0, -1)",onion,"(4, 1):soup('onion', 2, 0)","(3, 0):empty;(4, 1):soup('onion', 2, 0)",60.0,57.0,2,"(1, 0)",0.0,0.0,0.0,0.0,60.0,57.0,False,"(2, 3)",,"(2, 1)",onion,"(4, 1):soup('onion', 2, 0)","(3, 0):empty;(4, 1):soup('onion', 2, 0)"
130,5,interact,"(2, 3)","(-1, 0)",,"(2, 1)","(1, 0)",onion,"(4, 1):soup('onion', 2, 0)","(3, 0):empty;(4, 1):soup('onion', 2, 0)",60.0,57.0,2,"(1, 0)",0.0,0.0,0.0,0.0,60.0,57.0,False,"(2, 3)",,"(3, 1)",onion,"(4, 1):soup('onion', 2, 0)","(3, 0):empty;(4, 1):soup('onion', 2, 0)"
131,5,interact,"(2, 3)","(-1, 0)",,"(3, 1)","(1, 0)",onion,"(4, 1):soup('onion', 2, 0)","(3, 0):empty;(4, 1):soup('onion', 2, 0)",60.0,57.0,5,interact,3.0,0.0,3.0,0.0,60.0,60.0,False,"(2, 3)",,"(3, 1)",,"(4, 1):soup('onion', 3, 1)","(3, 0):empty;(4, 1):soup('onion', 3, 1)"
132,3,"(-1, 0)","(2, 3)","(-1, 0)",,"(3, 1)","(1, 0)",,"(4, 1):soup('onion', 3, 1)","(3, 0):empty;(4, 1):soup('onion', 3, 1)",60.0,60.0,5,interact,0.0,0.0,0.0,0.0,60.0,60.0,False,"(1, 3)",,"(3, 1)",,"(4, 1):soup('onion', 3, 2)","(3, 0):empty;(4, 1):soup('onion', 3, 2)"
133,0,"(0, -1)","(1, 3)","(-1, 0)",,"(3, 1)","(1, 0)",,"(4, 1):soup('onion', 3, 2)","(3, 0):empty;(4, 1):soup('onion', 3, 2)",60.0,60.0,1,"(0, 1)",0.0,0.0,0.0,0.0,60.0,60.0,False,"(1, 2)",,"(3, 2)",,"(4, 1):soup('onion', 3, 3)","(3, 0):empty;(4, 1):soup('onion', 3, 3)"
134,3,"(-1, 0)","(1, 2)","(0, -1)",,"(3, 2)","(0, 1)",,"(4, 1):soup('onion', 3, 3)","(3, 0):empty;(4, 1):soup('onion', 3, 3)",60.0,60.0,1,"(0, 1)",0.0,0.0,0.0,0.0,60.0,60.0,False,"(1, 2)",,"(3, 3)",,"(4, 1):soup('onion', 3, 4)","(3, 0):empty;(4, 1):soup('onion', 3, 4)"
135,5,interact,"(1, 2)","(-1, 0)",,"(3, 3)","(0, 1)",,"(4, 1):soup('onion', 3, 4)","(3, 0):empty;(4, 1):soup('onion', 3, 4)",60.0,60.0,3,"(-1, 0)",3.0,0.0,3.0,0.0,60.0,63.0,False,"(1, 2)",dish,"(2, 3)",,"(4, 1):soup('onion', 3, 5)","(3, 0):empty;(4, 1):soup('onion', 3, 5)"
136,3,"(-1, 0)","(1, 2)","(-1, 0)",dish,"(2, 3)","(-1, 0)",,"(4, 1):soup('onion', 3, 5)","(3, 0):empty;(4, 1):soup('onion', 3, 5)",60.0,63.0,3,"(-1, 0)",0.0,0.0,0.0,0.0,60.0,63.0,False,"(1, 2)",dish,"(1, 3)",,"(4, 1):soup('onion', 3, 6)","(3, 0):empty;(4, 1):soup('onion', 3, 6)"
137,0,"(0, -1)","(1, 2)","(-1, 0)",dish,"(1, 3)","(-1, 0)",,"(4, 1):soup('onion', 3, 6)","(3, 0):empty;(4, 1):soup('onion', 3, 6)",60.0,63.0,1,"(0, 1)",0.0,0.0,0.0,0.0,60.0,63.0,False,"(1, 1)",dish,"(1, 3)",,"(4, 1):soup('onion', 3, 7)","(3, 0):empty;(4, 1):soup('onion', 3, 7)"
138,2,"(1, 0)","(1, 1)","(0, -1)",dish,"(1, 3)","(0, 1)",,"(4, 1):soup('onion', 3, 7)","(3, 0):empty;(4, 1):soup('onion', 3, 7)",60.0,63.0,5,interact,0.0,0.0,0.0,0.0,60.0,63.0,False,"(2, 1)",dish,"(1, 3)",onion,"(4, 1):soup('onion', 3, 8)","(3, 0):empty;(4, 1):soup('onion', 3, 8)"
139,2,"(1, 0)","(2, 1)","(1, 0)",dish,"(1, 3)","(0, 1)",onion,"(4, 1):soup('onion', 3, 8)","(3, 0):empty;(4, 1):soup('onion', 3, 8)",60.0,63.0,5,interact,0.0,0.0,0.0,0.0,60.0,63.0,False,"(3, 1)",dish,"(1, 3)",onion,"(4, 1):soup('onion', 3, 9)","(3, 0):empty;(4, 1):soup('onion', 3, 9)"
140,5,interact,"(3, 1)","(1, 0)",dish,"(1, 3)","(0, 1)",onion,"(4, 1):soup('onion', 3, 9)","(3, 0):empty;(4, 1):soup('onion', 3, 9)",60.0,63.0,4,"(0, 0)",0.0,0.0,0.0,0.0,60.0,63.0,False,"(3, 1)",dish,"(1, 3)",onion,"(4, 1):soup('onion', 3, 10)","(3, 0):empty;(4, 1):soup('onion', 3, 10)"
141,5,interact,"(3, 1)","(1, 0)",dish,"(1, 3)","(0, 1)",onion,"(4, 1):soup('onion', 3, 10)","(3, 0):empty;(4, 1):soup('onion', 3, 10)",60.0,63.0,4,"(0, 0)",0.0,0.0,0.0,0.0,60.0,63.0,False,"(3, 1)",dish,"(1, 3)",onion,"(4, 1):soup('onion', 3, 11)","(3, 0):empty;(4, 1):soup('onion', 3, 11)"
142,5,interact,"(3, 1)","(1, 0)",dish,"(1, 3)","(0, 1)",onion,"(4, 1):soup('onion', 3, 11)","(3, 0):empty;(4, 1):soup('onion', 3, 11)",60.0,63.0,4,"(0, 0)",0.0,0.0,0.0,0.0,60.0,63.0,False,"(3, 1)",dish,"(1, 3)",onion,"(4, 1):soup('onion', 3, 12)","(3, 0):empty;(4, 1):soup('onion', 3, 12)"
143,5,interact,"(3, 1)","(1, 0)",dish,"(1, 3)","(0, 1)",onion,"(4, 1):soup('onion', 3, 12)","(3, 0):empty;(4, 1):soup('onion', 3, 12)",60.0,63.0,4,"(0, 0)",0.0,0.0,0.0,0.0,60.0,63.0,False,"(3, 1)",dish,"(1, 3)",onion,"(4, 1):soup('onion', 3, 13)","(3, 0):empty;(4, 1):soup('onion', 3, 13)"
144,5,interact,"(3, 1)","(1, 0)",dish,"(1, 3)","(0, 1)",onion,"(4, 1):soup('onion', 3, 13)","(3, 0):empty;(4, 1):soup('onion', 3, 13)",60.0,63.0,4,"(0, 0)",0.0,0.0,0.0,0.0,60.0,63.0,False,"(3, 1)",dish,"(1, 3)",onion,"(4, 1):soup('onion', 3, 14)","(3, 0):empty;(4, 1):soup('onion', 3, 14)"
145,5,interact,"(3, 1)","(1, 0)",dish,"(1, 3)","(0, 1)",onion,"(4, 1):soup('onion', 3, 14)","(3, 0):empty;(4, 1):soup('onion', 3, 14)",60.0,63.0,4,"(0, 0)",0.0,0.0,0.0,0.0,60.0,63.0,False,"(3, 1)",dish,"(1, 3)",onion,"(4, 1):soup('onion', 3, 15)","(3, 0):empty;(4, 1):soup('onion', 3, 15)"
146,5,interact,"(3, 1)","(1, 0)",dish,"(1, 3)","(0, 1)",onion,"(4, 1):soup('onion', 3, 15)","(3, 0):empty;(4, 1):soup('onion', 3, 15)",60.0,63.0,4,"(0, 0)",0.0,0.0,0.0,0.0,60.0,63.0,False,"(3, 1)",dish,"(1, 3)",onion,"(4, 1):soup('onion', 3, 16)","(3, 0):empty;(4, 1):soup('onion', 3, 16)"
147,5,interact,"(3, 1)","(1, 0)",dish,"(1, 3)","(0, 1)",onion,"(4, 1):soup('onion', 3, 16)","(3, 0):empty;(4, 1):soup('onion', 3, 16)",60.0,63.0,4,"(0, 0)",0.0,0.0,0.0,0.0,60.0,63.0,False,"(3, 1)",dish,"(1, 3)",onion,"(4, 1):soup('onion', 3, 17)","(3, 0):empty;(4, 1):soup('onion', 3, 17)"
148,5,interact,"(3, 1)","(1, 0)",dish,"(1, 3)","(0, 1)",onion,"(4, 1):soup('onion', 3, 17)","(3, 0):empty;(4, 1):soup('onion', 3, 17)",60.0,63.0,4,"(0, 0)",0.0,0.0,0.0,0.0,60.0,63.0,False,"(3, 1)",dish,"(1, 3)",onion,"(4, 1):soup('onion', 3, 18)","(3, 0):empty;(4, 1):soup('onion', 3, 18)"
149,5,interact,"(3, 1)","(1, 0)",dish,"(1, 3)","(0, 1)",onion,"(4, 1):soup('onion', 3, 18)","(3, 0):empty;(4, 1):soup('onion', 3, 18)",60.0,63.0,4,"(0, 0)",0.0,0.0,0.0,0.0,60.0,63.0,False,"(3, 1)",dish,"(1, 3)",onion,"(4, 1):soup('onion', 3, 19)","(3, 0):empty;(4, 1):soup('onion', 3, 19)"
150,5,interact,"(3, 1)","(1, 0)",dish,"(1, 3)","(0, 1)",onion,"(4, 1):soup('onion', 3, 19)","(3, 0):empty;(4, 1):soup('onion', 3, 19)",60.0,63.0,4,"(0, 0)",0.0,0.0,0.0,0.0,60.0,63.0,False,"(3, 1)",dish,"(1, 3)",onion,"(4, 1):soup('onion', 3, 20)","(3, 0):empty;(4, 1):soup('onion', 3, 20)"
151,5,interact,"(3, 1)","(1, 0)",dish,"(1, 3)","(0, 1)",onion,"(4, 1):soup('onion', 3, 20)","(3, 0):empty;(4, 1):soup('onion', 3, 20)",60.0,63.0,2,"(1, 0)",5.0,0.0,5.0,0.0,60.0,68.0,False,"(3, 1)","soup('onion', 3, 20)","(2, 3)",onion,,"(3, 0):empty;(4, 1):empty"
152,1,"(0, 1)","(3, 1)","(1, 0)","soup('onion', 3, 20)","(2, 3)","(1, 0)",onion,,"(3, 0):empty;(4, 1):empty",60.0,68.0,0,"(0, -1)",0.0,0.0,0.0,0.0,60.0,68.0,False,"(3, 2)","soup('onion', 3, 20)","(2, 3)",onion,,"(3, 0):empty;(4, 1):empty"
153,1,"(0, 1)","(3, 2)","(0, 1)","soup('onion', 3, 20)","(2, 3)","(0, -1)",onion,,"(3, 0):empty;(4, 1):empty",60.0,68.0,3,"(-1, 0)",0.0,0.0,0.0,0.0,60.0,68.0,False,"(3, 3)","soup('onion', 3, 20)","(1, 3)",onion,,"(3, 0):empty;(4, 1):empty"
154,1,"(0, 1)","(3, 3)","(0, 1)","soup('onion', 3, 20)","(1, 3)","(-1, 0)",onion,,"(3, 0):empty;(4, 1):empty",60.0,68.0,0,"(0, -1)",0.0,0.0,0.0,0.0,60.0,68.0,False,"(3, 3)","soup('onion', 3, 20)","(1, 2)",onion,,"(3, 0):empty;(4, 1):empty"
155,3,"(-1, 0)","(3, 3)","(0, 1)","soup('onion', 3, 20)","(1, 2)","(0, -1)",onion,,"(3, 0):empty;(4, 1):empty",60.0,68.0,0,"(0, -1)",0.0,0.0,0.0,0.0,60.0,68.0,False,"(2, 3)","soup('onion', 3, 20)","(1, 1)",onion,,"(3, 0):empty;(4, 1):empty"
156,1,"(0, 1)","(2, 3)","(-1, 0)","soup('onion', 3, 20)","(1, 1)","(0, -1)",onion,,"(3, 0):empty;(4, 1):empty",60.0,68.0,2,"(1, 0)",0.0,0.0,0.0,0.0,60.0,68.0,False,"(2, 3)","soup('onion', 3, 20)","(2, 1)",onion,,"(3, 0):empty;(4, 1):empty"
157,5,interact,"(2, 3)","(0, 1)","soup('onion', 3, 20)","(2, 1)","(1, 0)",onion,,"(3, 0):empty;(4, 1):empty",60.0,68.0,2,"(1, 0)",20.0,20.0,0.0,0.0,80.0,68.0,True,"(2, 3)",,"(3, 1)",onion,,"(3, 0):empty;(4, 1):empty"
158,3,"(-1, 0)","(2, 3)","(0, 1)",,"(3, 1)","(1, 0)",onion,,"(3, 0):empty;(4, 1):empty",80.0,68.0,5,interact,3.0,0.0,3.0,0.0,80.0,71.0,False,"(1, 3)",,"(3, 1)",,"(4, 1):soup('onion', 1, 0)","(3, 0):empty;(4, 1):soup('onion', 1, 0)"
159,5,interact,"(1, 3)","(-1, 0)",,"(3, 1)","(1, 0)",,"(4, 1):soup('onion', 1, 0)","(3, 0):empty;(4, 1):soup('onion', 1, 0)",80.0,71.0,1,"(0, 1)",0.0,0.0,0.0,0.0,80.0,71.0,False,"(1, 3)",onion,"(3, 2)",,"(4, 1):soup('onion', 1, 0)","(3, 0):empty;(4, 1):soup('onion', 1, 0)"
160,0,"(0, -1)","(1, 3)","(-1, 0)",onion,"(3, 2)","(0, 1)",,"(4, 1):soup('onion', 1, 0)","(3, 0):empty;(4, 1):soup('onion', 1, 0)",80.0,71.0,2,"(1, 0)",0.0,0.0,0.0,0.0,80.0,71.0,False,"(1, 2)",onion,"(3, 2)",,"(4, 1):soup('onion', 1, 0)","(3, 0):empty;(4, 1):soup('onion', 1, 0)"
161,0,"(0, -1)","(1, 2)","(0, -1)",onion,"(3, 2)","(1, 0)",,"(4, 1):soup('onion', 1, 0)","(3, 0):empty;(4, 1):soup('onion', 1, 0)",80.0,71.0,1,"(0, 1)",0.0,0.0,0.0,0.0,80.0,71.0,False,"(1, 1)",onion,"(3, 3)",,"(4, 1):soup('onion', 1, 0)","(3, 0):empty;(4, 1):soup('onion', 1, 0)"
162,2,"(1, 0)","(1, 1)","(0, -1)",onion,"(3, 3)","(0, 1)",,"(4, 1):soup('onion', 1, 0)","(3, 0):empty;(4, 1):soup('onion', 1, 0)",80.0,71.0,3,"(-1, 0)",0.0,0.0,0.0,0.0,80.0,71.0,False,"(2, 1)",onion,"(2, 3)",,"(4, 1):soup('onion', 1, 0)","(3, 0):empty;(4, 1):soup('onion', 1, 0)"
163,2,"(1, 0)","(2, 1)","(1, 0)",onion,"(2, 3)","(-1, 0)",,"(4, 1):soup('onion', 1, 0)","(3, 0):empty;(4, 1):soup('onion', 1, 0)",80.0,71.0,3,"(-1, 0)",0.0,0.0,0.0,0.0,80.0,71.0,False,"(3, 1)",onion,"(1, 3)",,"(4, 1):soup('onion', 1, 0)","(3, 0):empty;(4, 1):soup('onion', 1, 0)"
164,5,interact,"(3, 1)","(1, 0)",onion,"(1, 3)","(-1, 0)",,"(4, 1):soup('onion', 1, 0)","(3, 0):empty;(4, 1):soup('onion', 1, 0)",80.0,71.0,5,interact,3.0,0.0,3.0,0.0,80.0,74.0,False,"(3, 1)",,"(1, 3)",onion,"(4, 1):soup('onion', 2, 0)","(3, 0):empty;(4, 1):soup('onion', 2, 0)"
165,1,"(0, 1)","(3, 1)","(1, 0)",,"(1, 3)","(-1, 0)",onion,"(4, 1):soup('onion', 2, 0)","(3, 0):empty;(4, 1):soup('onion', 2, 0)",80.0,74.0,0,"(0, -1)",0.0,0.0,0.0,0.0,80.0,74.0,False,"(3, 2)",,"(1, 2)",onion,"(4, 1):soup('onion', 2, 0)","(3, 0):empty;(4, 1):soup('onion', 2, 0)"
166,1,"(0, 1)","(3, 2)","(0, 1)",,"(1, 2)","(0, -1)",onion,"(4, 1):soup('onion', 2, 0)","(3, 0):empty;(4, 1):soup('onion', 2, 0)",80.0,74.0,0,"(0, -1)",0.0,0.0,0.0,0.0,80.0,74.0,False,"(3, 3)",,"(1, 1)",onion,"(4, 1):soup('onion', 2, 0)","(3, 0):empty;(4, 1):soup('onion', 2, 0)"
167,3,"(-1, 0)","(3, 3)","(0, 1)",,"(1, 1)","(0, -1)",onion,"(4, 1):soup('onion', 2, 0)","(3, 0):empty;(4, 1):soup('onion', 2, 0)",80.0,74.0,2,"(1, 0)",0.0,0.0,0.0,0.0,80.0,74.0,False,"(2, 3)",,"(2, 1)",onion,"(4, 1):soup('onion', 2, 0)","(3, 0):empty;(4, 1):soup('onion', 2, 0)"
168,5,interact,"(2, 3)","(-1, 0)",,"(2, 1)","(1, 0)",onion,"(4, 1):soup('onion', 2, 0)","(3, 0):empty;(4, 1):soup('onion', 2, 0)",80.0,74.0,2,"(1, 0)",0.0,0.0,0.0,0.0,80.0,74.0,False,"(2, 3)",,"(3, 1)",onion,"(4, 1):soup('onion', 2, 0)","(3, 0):empty;(4, 1):soup('onion', 2, 0)"
169,5,interact,"(2, 3)","(-1, 0)",,"(3, 1)","(1, 0)",onion,"(4, 1):soup('onion', 2, 0)","(3, 0):empty;(4, 1):soup('onion', 2, 0)",80.0,74.0,5,interact,3.0,0.0,3.0,0.0,80.0,77.0,False,"(2, 3)",,"(3, 1)",,"(4, 1):soup('onion', 3, 1)","(3, 0):empty;(4, 1):soup('onion', 3, 1)"
170,3,"(-1, 0)","(2, 3)","(-1, 0)",,"(3, 1)","(1, 0)",,"(4, 1):soup('onion', 3, 1)","(3, 0):empty;(4, 1):soup('onion', 3, 1)",80.0,77.0,5,interact,0.0,0.0,0.0,0.0,80.0,77.0,False,"(1, 3)",,"(3, 1)",,"(4, 1):soup('onion', 3, 2)","(3, 0):empty;(4, 1):soup('onion', 3, 2)"
171,0,"(0, -1)","(1, 3)","(-1, 0)",,"(3, 1)","(1, 0)",,"(4, 1):soup('onion', 3, 2)","(3, 0):empty;(4, 1):soup('onion', 3, 2)",80.0,77.0,1,"(0, 1)",0.0,0.0,0.0,0.0,80.0,77.0,False,"(1, 2)",,"(3, 2)",,"(4, 1):soup('onion', 3, 3)","(3, 0):empty;(4, 1):soup('onion', 3, 3)"
172,3,"(-1, 0)","(1, 2)","(0, -1)",,"(3, 2)","(0, 1)",,"(4, 1):soup('onion', 3, 3)","(3, 0):empty;(4, 1):soup('onion', 3, 3)",80.0,77.0,1,"(0, 1)",0.0,0.0,0.0,0.0,80.0,77.0,False,"(1, 2)",,"(3, 3)",,"(4, 1):soup('onion', 3, 4)","(3, 0):empty;(4, 1):soup('onion', 3, 4)"
173,5,interact,"(1, 2)","(-1, 0)",,"(3, 3)","(0, 1)",,"(4, 1):soup('onion', 3, 4)","(3, 0):empty;(4, 1):soup('onion', 3, 4)",80.0,77.0,3,"(-1, 0)",3.0,0.0,3.0,0.0,80.0,80.0,False,"(1, 2)",dish,"(2, 3)",,"(4, 1):soup('onion', 3, 5)","(3, 0):empty;(4, 1):soup('onion', 3, 5)"
174,3,"(-1, 0)","(1, 2)","(-1, 0)",dish,"(2, 3)","(-1, 0)",,"(4, 1):soup('onion', 3, 5)","(3, 0):empty;(4, 1):soup('onion', 3, 5)",80.0,80.0,3,"(-1, 0)",0.0,0.0,0.0,0.0,80.0,80.0,False,"(1, 2)",dish,"(1, 3)",,"(4, 1):soup('onion', 3, 6)","(3, 0):empty;(4, 1):soup('onion', 3, 6)"
175,0,"(0, -1)","(1, 2)","(-1, 0)",dish,"(1, 3)","(-1, 0)",,"(4, 1):soup('onion', 3, 6)","(3, 0):empty;(4, 1):soup('onion', 3, 6)",80.0,80.0,1,"(0, 1)",0.0,0.0,0.0,0.0,80.0,80.0,False,"(1, 1)",dish,"(1, 3)",,"(4, 1):soup('onion', 3, 7)","(3, 0):empty;(4, 1):soup('onion', 3, 7)"
176,2,"(1, 0)","(1, 1)","(0, -1)",dish,"(1, 3)","(0, 1)",,"(4, 1):soup('onion', 3, 7)","(3, 0):empty;(4, 1):soup('onion', 3, 7)",80.0,80.0,5,interact,0.0,0.0,0.0,0.0,80.0,80.0,False,"(2, 1)",dish,"(1, 3)",onion,"(4, 1):soup('onion', 3, 8)","(3, 0):empty;(4, 1):soup('onion', 3, 8)"
177,2,"(1, 0)","(2, 1)","(1, 0)",dish,"(1, 3)","(0, 1)",onion,"(4, 1):soup('onion', 3, 8)","(3, 0):empty;(4, 1):soup('onion', 3, 8)",80.0,80.0,5,interact,0.0,0.0,0.0,0.0,80.0,80.0,False,"(3, 1)",dish,"(1, 3)",onion,"(4, 1):soup('onion', 3, 9)","(3, 0):empty;(4, 1):soup('onion', 3, 9)"
178,5,interact,"(3, 1)","(1, 0)",dish,"(1, 3)","(0, 1)",onion,"(4, 1):soup('onion', 3, 9)","(3, 0):empty;(4, 1):soup('onion', 3, 9)",80.0,80.0,4,"(0, 0)",0.0,0.0,0.0,0.0,80.0,80.0,False,"(3, 1)",dish,"(1, 3)",onion,"(4, 1):soup('onion', 3, 10)","(3, 0):empty;(4, 1):soup('onion', 3, 10)"
179,5,interact,"(3, 1)","(1, 0)",dish,"(1, 3)","(0, 1)",onion,"(4, 1):soup('onion', 3, 10)","(3, 0):empty;(4, 1):soup('onion', 3, 10)",80.0,80.0,4,"(0, 0)",0.0,0.0,0.0,0.0,80.0,80.0,False,"(3, 1)",dish,"(1, 3)",onion,"(4, 1):soup('onion', 3, 11)","(3, 0):empty;(4, 1):soup('onion', 3, 11)"
180,5,interact,"(3, 1)","(1, 0)",dish,"(1, 3)","(0, 1)",onion,"(4, 1):soup('onion', 3, 11)","(3, 0):empty;(4, 1):soup('onion', 3, 11)",80.0,80.0,4,"(0, 0)",0.0,0.0,0.0,0.0,80.0,80.0,False,"(3, 1)",dish,"(1, 3)",onion,"(4, 1):soup('onion', 3, 12)","(3, 0):empty;(4, 1):soup('onion', 3, 12)"
181,5,interact,"(3, 1)","(1, 0)",dish,"(1, 3)","(0, 1)",onion,"(4, 1):soup('onion', 3, 12)","(3, 0):empty;(4, 1):soup('onion', 3, 12)",80.0,80.0,4,"(0, 0)",0.0,0.0,0.0,0.0,80.0,80.0,False,"(3, 1)",dish,"(1, 3)",onion,"(4, 1):soup('onion', 3, 13)","(3, 0):empty;(4, 1):soup('onion', 3, 13)"
182,5,interact,"(3, 1)","(1, 0)",dish,"(1, 3)","(0, 1)",onion,"(4, 1):soup('onion', 3, 13)","(3, 0):empty;(4, 1):soup('onion', 3, 13)",80.0,80.0,4,"(0, 0)",0.0,0.0,0.0,0.0,80.0,80.0,False,"(3, 1)",dish,"(1, 3)",onion,"(4, 1):soup('onion', 3, 14)","(3, 0):empty;(4, 1):soup('onion', 3, 14)"
183,5,interact,"(3, 1)","(1, 0)",dish,"(1, 3)","(0, 1)",onion,"(4, 1):soup('onion', 3, 14)","(3, 0):empty;(4, 1):soup('onion', 3, 14)",80.0,80.0,4,"(0, 0)",0.0,0.0,0.0,0.0,80.0,80.0,False,"(3, 1)",dish,"(1, 3)",onion,"(4, 1):soup('onion', 3, 15)","(3, 0):empty;(4, 1):soup('onion', 3, 15)"
184,5,interact,"(3, 1)","(1, 0)",dish,"(1, 3)","(0, 1)",onion,"(4, 1):soup('onion', 3, 15)","(3, 0):empty;(4, 1):soup('onion', 3, 15)",80.0,80.0,4,"(0, 0)",0.0,0.0,0.0,0.0,80.0,80.0,False,"(3, 1)",dish,"(1, 3)",onion,"(4, 1):soup('onion', 3, 16)","(3, 0):empty;(4, 1):soup('onion', 3, 16)"
185,5,interact,"(3, 1)","(1, 0)",dish,"(1, 3)","(0, 1)",onion,"(4, 1):soup('onion', 3, 16)","(3, 0):empty;(4, 1):soup('onion', 3, 16)",80.0,80.0,4,"(0, 0)",0.0,0.0,0.0,0.0,80.0,80.0,False,"(3, 1)",dish,"(1, 3)",onion,"(4, 1):soup('onion', 3, 17)","(3, 0):empty;(4, 1):soup('onion', 3, 17)"
186,5,interact,"(3, 1)","(1, 0)",dish,"(1, 3)","(0, 1)",onion,"(4, 1):soup('onion', 3, 17)","(3, 0):empty;(4, 1):soup('onion', 3, 17)",80.0,80.0,4,"(0, 0)",0.0,0.0,0.0,0.0,80.0,80.0,False,"(3, 1)",dish,"(1, 3)",onion,"(4, 1):soup('onion', 3, 18)","(3, 0):empty;(4, 1):soup('onion', 3, 18)"
187,5,interact,"(3, 1)","(1, 0)",dish,"(1, 3)","(0, 1)",onion,"(4, 1):soup('onion', 3, 18)","(3, 0):empty;(4, 1):soup('onion', 3, 18)",80.0,80.0,4,"(0, 0)",0.0,0.0,0.0,0.0,80.0,80.0,False,"(3, 1)",dish,"(1, 3)",onion,"(4, 1):soup('onion', 3, 19)","(3, 0):empty;(4, 1):soup('onion', 3, 19)"
188,5,interact,"(3, 1)","(1, 0)",dish,"(1, 3)","(0, 1)",onion,"(4, 1):soup('onion', 3, 19)","(3, 0):empty;(4, 1):soup('onion', 3, 19)",80.0,80.0,4,"(0, 0)",0.0,0.0,0.0,0.0,80.0,80.0,False,"(3, 1)",dish,"(1, 3)",onion,"(4, 1):soup('onion', 3, 20)","(3, 0):empty;(4, 1):soup('onion', 3, 20)"
189,5,interact,"(3, 1)","(1, 0)",dish,"(1, 3)","(0, 1)",onion,"(4, 1):soup('onion', 3, 20)","(3, 0):empty;(4, 1):soup('onion', 3, 20)",80.0,80.0,2,"(1, 0)",5.0,0.0,5.0,0.0,80.0,85.0,False,"(3, 1)","soup('onion', 3, 20)","(2, 3)",onion,,"(3, 0):empty;(4, 1):empty"
190,1,"(0, 1)","(3, 1)","(1, 0)","soup('onion', 3, 20)","(2, 3)","(1, 0)",onion,,"(3, 0):empty;(4, 1):empty",80.0,85.0,0,"(0, -1)",0.0,0.0,0.0,0.0,80.0,85.0,False,"(3, 2)","soup('onion', 3, 20)","(2, 3)",onion,,"(3, 0):empty;(4, 1):empty"
191,1,"(0, 1)","(3, 2)","(0, 1)","soup('onion', 3, 20)","(2, 3)","(0, -1)",onion,,"(3, 0):empty;(4, 1):empty",80.0,85.0,3,"(-1, 0)",0.0,0.0,0.0,0.0,80.0,85.0,False,"(3, 3)","soup('onion', 3, 20)","(1, 3)",onion,,"(3, 0):empty;(4, 1):empty"
192,1,"(0, 1)","(3, 3)","(0, 1)","soup('onion', 3, 20)","(1, 3)","(-1, 0)",onion,,"(3, 0):empty;(4, 1):empty",80.0,85.0,0,"(0, -1)",0.0,0.0,0.0,0.0,80.0,85.0,False,"(3, 3)","soup('onion', 3, 20)","(1, 2)",onion,,"(3, 0):empty;(4, 1):empty"
193,3,"(-1, 0)","(3, 3)","(0, 1)","soup('onion', 3, 20)","(1, 2)","(0, -1)",onion,,"(3, 0):empty;(4, 1):empty",80.0,85.0,0,"(0, -1)",0.0,0.0,0.0,0.0,80.0,85.0,False,"(2, 3)","soup('onion', 3, 20)","(1, 1)",onion,,"(3, 0):empty;(4, 1):empty"
194,1,"(0, 1)","(2, 3)","(-1, 0)","soup('onion', 3, 20)","(1, 1)","(0, -1)",onion,,"(3, 0):empty;(4, 1):empty",80.0,85.0,2,"(1, 0)",0.0,0.0,0.0,0.0,80.0,85.0,False,"(2, 3)","soup('onion', 3, 20)","(2, 1)",onion,,"(3, 0):empty;(4, 1):empty"
195,5,interact,"(2, 3)","(0, 1)","soup('onion', 3, 20)","(2, 1)","(1, 0)",onion,,"(3, 0):empty;(4, 1):empty",80.0,85.0,2,"(1, 0)",20.0,20.0,0.0,0.0,100.0,85.0,True,"(2, 3)",,"(3, 1)",onion,,"(3, 0):empty;(4, 1):empty"
196,3,"(-1, 0)","(2, 3)","(0, 1)",,"(3, 1)","(1, 0)",onion,,"(3, 0):empty;(4, 1):empty",100.0,85.0,5,interact,3.0,0.0,3.0,0.0,100.0,88.0,False,"(1, 3)",,"(3, 1)",,"(4, 1):soup('onion', 1, 0)","(3, 0):empty;(4, 1):soup('onion', 1, 0)"
197,5,interact,"(1, 3)","(-1, 0)",,"(3, 1)","(1, 0)",,"(4, 1):soup('onion', 1, 0)","(3, 0):empty;(4, 1):soup('onion', 1, 0)",100.0,88.0,1,"(0, 1)",0.0,0.0,0.0,0.0,100.0,88.0,False,"(1, 3)",onion,"(3, 2)",,"(4, 1):soup('onion', 1, 0)","(3, 0):empty;(4, 1):soup('onion', 1, 0)"
198,0,"(0, -1)","(1, 3)","(-1, 0)",onion,"(3, 2)","(0, 1)",,"(4, 1):soup('onion', 1, 0)","(3, 0):empty;(4, 1):soup('onion', 1, 0)",100.0,88.0,2,"(1, 0)",0.0,0.0,0.0,0.0,100.0,88.0,False,"(1, 2)",onion,"(3, 2)",,"(4, 1):soup('onion', 1, 0)","(3, 0):empty;(4, 1):soup('onion', 1, 0)"
199,0,"(0, -1)","(1, 2)","(0, -1)",onion,"(3, 2)","(1, 0)",,"(4, 1):soup('onion', 1, 0)","(3, 0):empty;(4, 1):soup('onion', 1, 0)",100.0,88.0,1,"(0, 1)",0.0,0.0,0.0,0.0,100.0,88.0,False,"(1, 1)",onion,"(3, 3)",,"(4, 1):soup('onion', 1, 0)","(3, 0):empty;(4, 1):soup('onion', 1, 0)"
200,2,"(1, 0)","(1, 1)","(0, -1)",onion,"(3, 3)","(0, 1)",,"(4, 1):soup('onion', 1, 0)","(3, 0):empty;(4, 1):soup('onion', 1, 0)",100.0,88.0,3,"(-1, 0)",0.0,0.0,0.0,0.0,100.0,88.0,False,"(2, 1)",onion,"(2, 3)",,"(4, 1):soup('onion', 1, 0)","(3, 0):empty;(4, 1):soup('onion', 1, 0)"
201,2,"(1, 0)","(2, 1)","(1, 0)",onion,"(2, 3)","(-1, 0)",,"(4, 1):soup('onion', 1, 0)","(3, 0):empty;(4, 1):soup('onion', 1, 0)",100.0,88.0,3,"(-1, 0)",0.0,0.0,0.0,0.0,100.0,88.0,False,"(3, 1)",onion,"(1, 3)",,"(4, 1):soup('onion', 1, 0)","(3, 0):empty;(4, 1):soup('onion', 1, 0)"
202,5,interact,"(3, 1)","(1, 0)",onion,"(1, 3)","(-1, 0)",,"(4, 1):soup('onion', 1, 0)","(3, 0):empty;(4, 1):soup('onion', 1, 0)",100.0,88.0,5,interact,3.0,0.0,3.0,0.0,100.0,91.0,False,"(3, 1)",,"(1, 3)",onion,"(4, 1):soup('onion', 2, 0)","(3, 0):empty;(4, 1):soup('onion', 2, 0)"
203,1,"(0, 1)","(3, 1)","(1, 0)",,"(1, 3)","(-1, 0)",onion,"(4, 1):soup('onion', 2, 0)","(3, 0):empty;(4, 1):soup('onion', 2, 0)",100.0,91.0,0,"(0, -1)",0.0,0.0,0.0,0.0,100.0,91.0,False,"(3, 2)",,"(1, 2)",onion,"(4, 1):soup('onion', 2, 0)","(3, 0):empty;(4, 1):soup('onion', 2, 0)"
204,1,"(0, 1)","(3, 2)","(0, 1)",,"(1, 2)","(0, -1)",onion,"(4, 1):soup('onion', 2, 0)","(3, 0):empty;(4, 1):soup('onion', 2, 0)",100.0,91.0,0,"(0, -1)",0.0,0.0,0.0,0.0,100.0,91.0,False,"(3, 3)",,"(1, 1)",onion,"(4, 1):soup('onion', 2, 0)","(3, 0):empty;(4, 1):soup('onion', 2, 0)"
205,3,"(-1, 0)","(3, 3)","(0, 1)",,"(1, 1)","(0, -1)",onion,"(4, 1):soup('onion', 2, 0)","(3, 0):empty;(4, 1):soup('onion', 2, 0)",100.0,91.0,2,"(1, 0)",0.0,0.0,0.0,0.0,100.0,91.0,False,"(2, 3)",,"(2, 1)",onion,"(4, 1):soup('onion', 2, 0)","(3, 0):empty;(4, 1):soup('onion', 2, 0)"
206,5,interact,"(2, 3)","(-1, 0)",,"(2, 1)","(1, 0)",onion,"(4, 1):soup('onion', 2, 0)","(3, 0):empty;(4, 1):soup('onion', 2, 0)",100.0,91.0,2,"(1, 0)",0.0,0.0,0.0,0.0,100.0,91.0,False,"(2, 3)",,"(3, 1)",onion,"(4, 1):soup('onion', 2, 0)","(3, 0):empty;(4, 1):soup('onion', 2, 0)"
207,5,interact,"(2, 3)","(-1, 0)",,"(3, 1)","(1, 0)",onion,"(4, 1):soup('onion', 2, 0)","(3, 0):empty;(4, 1):soup('onion', 2, 0)",100.0,91.0,5,interact,3.0,0.0,3.0,0.0,100.0,94.0,False,"(2, 3)",,"(3, 1)",,"(4, 1):soup('onion', 3, 1)","(3, 0):empty;(4, 1):soup('onion', 3, 1)"
208,3,"(-1, 0)","(2, 3)","(-1, 0)",,"(3, 1)","(1, 0)",,"(4, 1):soup('onion', 3, 1)","(3, 0):empty;(4, 1):soup('onion', 3, 1)",100.0,94.0,5,interact,0.0,0.0,0.0,0.0,100.0,94.0,False,"(1, 3)",,"(3, 1)",,"(4, 1):soup('onion', 3, 2)","(3, 0):empty;(4, 1):soup('onion', 3, 2)"
209,0,"(0, -1)","(1, 3)","(-1, 0)",,"(3, 1)","(1, 0)",,"(4, 1):soup('onion', 3, 2)","(3, 0):empty;(4, 1):soup('onion', 3, 2)",100.0,94.0,1,"(0, 1)",0.0,0.0,0.0,0.0,100.0,94.0,False,"(1, 2)",,"(3, 2)",,"(4, 1):soup('onion', 3, 3)","(3, 0):empty;(4, 1):soup('onion', 3, 3)"
210,3,"(-1, 0)","(1, 2)","(0, -1)",,"(3, 2)","(0, 1)",,"(4, 1):soup('onion', 3, 3)","(3, 0):empty;(4, 1):soup('onion', 3, 3)",100.0,94.0,1,"(0, 1)",0.0,0.0,0.0,0.0,100.0,94.0,False,"(1, 2)",,"(3, 3)",,"(4, 1):soup('onion', 3, 4)","(3, 0):empty;(4, 1):soup('onion', 3, 4)"
211,5,interact,"(1, 2)","(-1, 0)",,"(3, 3)","(0, 1)",,"(4, 1):soup('onion', 3, 4)","(3, 0):empty;(4, 1):soup('onion', 3, 4)",100.0,94.0,3,"(-1, 0)",3.0,0.0,3.0,0.0,100.0,97.0,False,"(1, 2)",dish,"(2, 3)",,"(4, 1):soup('onion', 3, 5)","(3, 0):empty;(4, 1):soup('onion', 3, 5)"
212,3,"(-1, 0)","(1, 2)","(-1, 0)",dish,"(2, 3)","(-1, 0)",,"(4, 1):soup('onion', 3, 5)","(3, 0):empty;(4, 1):soup('onion', 3, 5)",100.0,97.0,3,"(-1, 0)",0.0,0.0,0.0,0.0,100.0,97.0,False,"(1, 2)",dish,"(1, 3)",,"(4, 1):soup('onion', 3, 6)","(3, 0):empty;(4, 1):soup('onion', 3, 6)"
213,0,"(0, -1)","(1, 2)","(-1, 0)",dish,"(1, 3)","(-1, 0)",,"(4, 1):soup('onion', 3, 6)","(3, 0):empty;(4, 1):soup('onion', 3, 6)",100.0,97.0,1,"(0, 1)",0.0,0.0,0.0,0.0,100.0,97.0,False,"(1, 1)",dish,"(1, 3)",,"(4, 1):soup('onion', 3, 7)","(3, 0):empty;(4, 1):soup('onion', 3, 7)"
214,2,"(1, 0)","(1, 1)","(0, -1)",dish,"(1, 3)","(0, 1)",,"(4, 1):soup('onion', 3, 7)","(3, 0):empty;(4, 1):soup('onion', 3, 7)",100.0,97.0,5,interact,0.0,0.0,0.0,0.0,100.0,97.0,False,"(2, 1)",dish,"(1, 3)",onion,"(4, 1):soup('onion', 3, 8)","(3, 0):empty;(4, 1):soup('onion', 3, 8)"
215,2,"(1, 0)","(2, 1)","(1, 0)",dish,"(1, 3)","(0, 1)",onion,"(4, 1):soup('onion', 3, 8)","(3, 0):empty;(4, 1):soup('onion', 3, 8)",100.0,97.0,5,interact,0.0,0.0,0.0,0.0,100.0,97.0,False,"(3, 1)",dish,"(1, 3)",onion,"(4, 1):soup('onion', 3, 9)","(3, 0):empty;(4, 1):soup('onion', 3, 9)"
216,5,interact,"(3, 1)","(1, 0)",dish,"(1, 3)","(0, 1)",onion,"(4, 1):soup('onion', 3, 9)","(3, 0):empty;(4, 1):soup('onion', 3, 9)",100.0,97.0,4,"(0, 0)",0.0,0.0,0.0,0.0,100.0,97.0,False,"(3, 1)",dish,"(1, 3)",onion,"(4, 1):soup('onion', 3, 10)","(3, 0):empty;(4, 1):soup('onion', 3, 10)"
217,5,interact,"(3, 1)","(1, 0)",dish,"(1, 3)","(0, 1)",onion,"(4, 1):soup('onion', 3, 10)","(3, 0):empty;(4, 1):soup('onion', 3, 10)",100.0,97.0,4,"(0, 0)",0.0,0.0,0.0,0.0,100.0,97.0,False,"(3, 1)",dish,"(1, 3)",onion,"(4, 1):soup('onion', 3, 11)","(3, 0):empty;(4, 1):soup('onion', 3, 11)"
218,5,interact,"(3, 1)","(1, 0)",dish,"(1, 3)","(0, 1)",onion,"(4, 1):soup('onion', 3, 11)","(3, 0):empty;(4, 1):soup('onion', 3, 11)",100.0,97.0,4,"(0, 0)",0.0,0.0,0.0,0.0,100.0,97.0,False,"(3, 1)",dish,"(1, 3)",onion,"(4, 1):soup('onion', 3, 12)","(3, 0):empty;(4, 1):soup('onion', 3, 12)"
219,5,interact,"(3, 1)","(1, 0)",dish,"(1, 3)","(0, 1)",onion,"(4, 1):soup('onion', 3, 12)","(3, 0):empty;(4, 1):soup('onion', 3, 12)",100.0,97.0,4,"(0, 0)",0.0,0.0,0.0,0.0,100.0,97.0,False,"(3, 1)",dish,"(1, 3)",onion,"(4, 1):soup('onion', 3, 13)","(3, 0):empty;(4, 1):soup('onion', 3, 13)"
220,5,interact,"(3, 1)","(1, 0)",dish,"(1, 3)","(0, 1)",onion,"(4, 1):soup('onion', 3, 13)","(3, 0):empty;(4, 1):soup('onion', 3, 13)",100.0,97.0,4,"(0, 0)",0.0,0.0,0.0,0.0,100.0,97.0,False,"(3, 1)",dish,"(1, 3)",onion,"(4, 1):soup('onion', 3, 14)","(3, 0):empty;(4, 1):soup('onion', 3, 14)"
221,5,interact,"(3, 1)","(1, 0)",dish,"(1, 3)","(0, 1)",onion,"(4, 1):soup('onion', 3, 14)","(3, 0):empty;(4, 1):soup('onion', 3, 14)",100.0,97.0,4,"(0, 0)",0.0,0.0,0.0,0.0,100.0,97.0,False,"(3, 1)",dish,"(1, 3)",onion,"(4, 1):soup('onion', 3, 15)","(3, 0):empty;(4, 1):soup('onion', 3, 15)"
222,5,interact,"(3, 1)","(1, 0)",dish,"(1, 3)","(0, 1)",onion,"(4, 1):soup('onion', 3, 15)","(3, 0):empty;(4, 1):soup('onion', 3, 15)",100.0,97.0,4,"(0, 0)",0.0,0.0,0.0,0.0,100.0,97.0,False,"(3, 1)",dish,"(1, 3)",onion,"(4, 1):soup('onion', 3, 16)","(3, 0):empty;(4, 1):soup('onion', 3, 16)"
223,5,interact,"(3, 1)","(1, 0)",dish,"(1, 3)","(0, 1)",onion,"(4, 1):soup('onion', 3, 16)","(3, 0):empty;(4, 1):soup('onion', 3, 16)",100.0,97.0,4,"(0, 0)",0.0,0.0,0.0,0.0,100.0,97.0,False,"(3, 1)",dish,"(1, 3)",onion,"(4, 1):soup('onion', 3, 17)","(3, 0):empty;(4, 1):soup('onion', 3, 17)"
224,5,interact,"(3, 1)","(1, 0)",dish,"(1, 3)","(0, 1)",onion,"(4, 1):soup('onion', 3, 17)","(3, 0):empty;(4, 1):soup('onion', 3, 17)",100.0,97.0,4,"(0, 0)",0.0,0.0,0.0,0.0,100.0,97.0,False,"(3, 1)",dish,"(1, 3)",onion,"(4, 1):soup('onion', 3, 18)","(3, 0):empty;(4, 1):soup('onion', 3, 18)"
225,5,interact,"(3, 1)","(1, 0)",dish,"(1, 3)","(0, 1)",onion,"(4, 1):soup('onion', 3, 18)","(3, 0):empty;(4, 1):soup('onion', 3, 18)",100.0,97.0,4,"(0, 0)",0.0,0.0,0.0,0.0,100.0,97.0,False,"(3, 1)",dish,"(1, 3)",onion,"(4, 1):soup('onion', 3, 19)","(3, 0):empty;(4, 1):soup('onion', 3, 19)"
226,5,interact,"(3, 1)","(1, 0)",dish,"(1, 3)","(0, 1)",onion,"(4, 1):soup('onion', 3, 19)","(3, 0):empty;(4, 1):soup('onion', 3, 19)",100.0,97.0,4,"(0, 0)",0.0,0.0,0.0,0.0,100.0,97.0,False,"(3, 1)",dish,"(1, 3)",onion,"(4, 1):soup('onion', 3, 20)","(3, 0):empty;(4, 1):soup('onion', 3, 20)"
227,5,interact,"(3, 1)","(1, 0)",dish,"(1, 3)","(0, 1)",onion,"(4, 1):soup('onion', 3, 20)","(3, 0):empty;(4, 1):soup('onion', 3, 20)",100.0,97.0,2,"(1, 0)",5.0,0.0,5.0,0.0,100.0,102.0,False,"(3, 1)","soup('onion', 3, 20)","(2, 3)",onion,,"(3, 0):empty;(4, 1):empty"
228,1,"(0, 1)","(3, 1)","(1, 0)","soup('onion', 3, 20)","(2, 3)","(1, 0)",onion,,"(3, 0):empty;(4, 1):empty",100.0,102.0,0,"(0, -1)",0.0,0.0,0.0,0.0,100.0,102.0,False,"(3, 2)","soup('onion', 3, 20)","(2, 3)",onion,,"(3, 0):empty;(4, 1):empty"
229,1,"(0, 1)","(3, 2)","(0, 1)","soup('onion', 3, 20)","(2, 3)","(0, -1)",onion,,"(3, 0):empty;(4, 1):empty",100.0,102.0,3,"(-1, 0)",0.0,0.0,0.0,0.0,100.0,102.0,False,"(3, 3)","soup('onion', 3, 20)","(1, 3)",onion,,"(3, 0):empty;(4, 1):empty"
230,1,"(0, 1)","(3, 3)","(0, 1)","soup('onion', 3, 20)","(1, 3)","(-1, 0)",onion,,"(3, 0):empty;(4, 1):empty",100.0,102.0,0,"(0, -1)",0.0,0.0,0.0,0.0,100.0,102.0,False,"(3, 3)","soup('onion', 3, 20)","(1, 2)",onion,,"(3, 0):empty;(4, 1):empty"
231,3,"(-1, 0)","(3, 3)","(0, 1)","soup('onion', 3, 20)","(1, 2)","(0, -1)",onion,,"(3, 0):empty;(4, 1):empty",100.0,102.0,0,"(0, -1)",0.0,0.0,0.0,0.0,100.0,102.0,False,"(2, 3)","soup('onion', 3, 20)","(1, 1)",onion,,"(3, 0):empty;(4, 1):empty"
232,1,"(0, 1)","(2, 3)","(-1, 0)","soup('onion', 3, 20)","(1, 1)","(0, -1)",onion,,"(3, 0):empty;(4, 1):empty",100.0,102.0,2,"(1, 0)",0.0,0.0,0.0,0.0,100.0,102.0,False,"(2, 3)","soup('onion', 3, 20)","(2, 1)",onion,,"(3, 0):empty;(4, 1):empty"
233,5,interact,"(2, 3)","(0, 1)","soup('onion', 3, 20)","(2, 1)","(1, 0)",onion,,"(3, 0):empty;(4, 1):empty",100.0,102.0,2,"(1, 0)",20.0,20.0,0.0,0.0,120.0,102.0,True,"(2, 3)",,"(3, 1)",onion,,"(3, 0):empty;(4, 1):empty"
234,3,"(-1, 0)","(2, 3)","(0, 1)",,"(3, 1)","(1, 0)",onion,,"(3, 0):empty;(4, 1):empty",120.0,102.0,5,interact,3.0,0.0,3.0,0.0,120.0,105.0,False,"(1, 3)",,"(3, 1)",,"(4, 1):soup('onion', 1, 0)","(3, 0):empty;(4, 1):soup('onion', 1, 0)"
235,5,interact,"(1, 3)","(-1, 0)",,"(3, 1)","(1, 0)",,"(4, 1):soup('onion', 1, 0)","(3, 0):empty;(4, 1):soup('onion', 1, 0)",120.0,105.0,1,"(0, 1)",0.0,0.0,0.0,0.0,120.0,105.0,False,"(1, 3)",onion,"(3, 2)",,"(4, 1):soup('onion', 1, 0)","(3, 0):empty;(4, 1):soup('onion', 1, 0)"
236,0,"(0, -1)","(1, 3)","(-1, 0)",onion,"(3, 2)","(0, 1)",,"(4, 1):soup('onion', 1, 0)","(3, 0):empty;(4, 1):soup('onion', 1, 0)",120.0,105.0,2,"(1, 0)",0.0,0.0,0.0,0.0,120.0,105.0,False,"(1, 2)",onion,"(3, 2)",,"(4, 1):soup('onion', 1, 0)","(3, 0):empty;(4, 1):soup('onion', 1, 0)"
237,0,"(0, -1)","(1, 2)","(0, -1)",onion,"(3, 2)","(1, 0)",,"(4, 1):soup('onion', 1, 0)","(3, 0):empty;(4, 1):soup('onion', 1, 0)",120.0,105.0,1,"(0, 1)",0.0,0.0,0.0,0.0,120.0,105.0,False,"(1, 1)",onion,"(3, 3)",,"(4, 1):soup('onion', 1, 0)","(3, 0):empty;(4, 1):soup('onion', 1, 0)"
238,2,"(1, 0)","(1, 1)","(0, -1)",onion,"(3, 3)","(0, 1)",,"(4, 1):soup('onion', 1, 0)","(3, 0):empty;(4, 1):soup('onion', 1, 0)",120.0,105.0,3,"(-1, 0)",0.0,0.0,0.0,0.0,120.0,105.0,False,"(2, 1)",onion,"(2, 3)",,"(4, 1):soup('onion', 1, 0)","(3, 0):empty;(4, 1):soup('onion', 1, 0)"
239,2,"(1, 0)","(2, 1)","(1, 0)",onion,"(2, 3)","(-1, 0)",,"(4, 1):soup('onion', 1, 0)","(3, 0):empty;(4, 1):soup('onion', 1, 0)",120.0,105.0,3,"(-1, 0)",0.0,0.0,0.0,0.0,120.0,105.0,False,"(3, 1)",onion,"(1, 3)",,"(4, 1):soup('onion', 1, 0)","(3, 0):empty;(4, 1):soup('onion', 1, 0)"
240,5,interact,"(3, 1)","(1, 0)",onion,"(1, 3)","(-1, 0)",,"(4, 1):soup('onion', 1, 0)","(3, 0):empty;(4, 1):soup('onion', 1, 0)",120.0,105.0,5,interact,3.0,0.0,3.0,0.0,120.0,108.0,False,"(3, 1)",,"(1, 3)",onion,"(4, 1):soup('onion', 2, 0)","(3, 0):empty;(4, 1):soup('onion', 2, 0)"
241,1,"(0, 1)","(3, 1)","(1, 0)",,"(1, 3)","(-1, 0)",onion,"(4, 1):soup('onion', 2, 0)","(3, 0):empty;(4, 1):soup('onion', 2, 0)",120.0,108.0,0,"(0, -1)",0.0,0.0,0.0,0.0,120.0,108.0,False,"(3, 2)",,"(1, 2)",onion,"(4, 1):soup('onion', 2, 0)","(3, 0):empty;(4, 1):soup('onion', 2, 0)"
242,1,"(0, 1)","(3, 2)","(0, 1)",,"(1, 2)","(0, -1)",onion,"(4, 1):soup('onion', 2, 0)","(3, 0):empty;(4, 1):soup('onion', 2, 0)",120.0,108.0,0,"(0, -1)",0.0,0.0,0.0,0.0,120.0,108.0,False,"(3, 3)",,"(1, 1)",onion,"(4, 1):soup('onion', 2, 0)","(3, 0):empty;(4, 1):soup('onion', 2, 0)"
243,3,"(-1, 0)","(3, 3)","(0, 1)",,"(1, 1)","(0, -1)",onion,"(4, 1):soup('onion', 2, 0)","(3, 0):empty;(4, 1):soup('onion', 2, 0)",120.0,108.0,2,"(1, 0)",0.0,0.0,0.0,0.0,120.0,108.0,False,"(2, 3)",,"(2, 1)",onion,"(4, 1):soup('onion', 2, 0)","(3, 0):empty;(4, 1):soup('onion', 2, 0)"
244,5,interact,"(2, 3)","(-1, 0)",,"(2, 1)","(1, 0)",onion,"(4, 1):soup('onion', 2, 0)","(3, 0):empty;(4, 1):soup('onion', 2, 0)",120.0,108.0,2,"(1, 0)",0.0,0.0,0.0,0.0,120.0,108.0,False,"(2, 3)",,"(3, 1)",onion,"(4, 1):soup('onion', 2, 0)","(3, 0):empty;(4, 1):soup('onion', 2, 0)"
245,5,interact,"(2, 3)","(-1, 0)",,"(3, 1)","(1, 0)",onion,"(4, 1):soup('onion', 2, 0)","(3, 0):empty;(4, 1):soup('onion', 2, 0)",120.0,108.0,5,interact,3.0,0.0,3.0,0.0,120.0,111.0,False,"(2, 3)",,"(3, 1)",,"(4, 1):soup('onion', 3, 1)","(3, 0):empty;(4, 1):soup('onion', 3, 1)"
246,3,"(-1, 0)","(2, 3)","(-1, 0)",,"(3, 1)","(1, 0)",,"(4, 1):soup('onion', 3, 1)","(3, 0):empty;(4, 1):soup('onion', 3, 1)",120.0,111.0,5,interact,0.0,0.0,0.0,0.0,120.0,111.0,False,"(1, 3)",,"(3, 1)",,"(4, 1):soup('onion', 3, 2)","(3, 0):empty;(4, 1):soup('onion', 3, 2)"
247,0,"(0, -1)","(1, 3)","(-1, 0)",,"(3, 1)","(1, 0)",,"(4, 1):soup('onion', 3, 2)","(3, 0):empty;(4, 1):soup('onion', 3, 2)",120.0,111.0,1,"(0, 1)",0.0,0.0,0.0,0.0,120.0,111.0,False,"(1, 2)",,"(3, 2)",,"(4, 1):soup('onion', 3, 3)","(3, 0):empty;(4, 1):soup('onion', 3, 3)"
248,3,"(-1, 0)","(1, 2)","(0, -1)",,"(3, 2)","(0, 1)",,"(4, 1):soup('onion', 3, 3)","(3, 0):empty;(4, 1):soup('onion', 3, 3)",120.0,111.0,1,"(0, 1)",0.0,0.0,0.0,0.0,120.0,111.0,False,"(1, 2)",,"(3, 3)",,"(4, 1):soup('onion', 3, 4)","(3, 0):empty;(4, 1):soup('onion', 3, 4)"
249,5,interact,"(1, 2)","(-1, 0)",,"(3, 3)","(0, 1)",,"(4, 1):soup('onion', 3, 4)","(3, 0):empty;(4, 1):soup('onion', 3, 4)",120.0,111.0,3,"(-1, 0)",3.0,0.0,3.0,0.0,120.0,114.0,False,"(1, 2)",dish,"(2, 3)",,"(4, 1):soup('onion', 3, 5)","(3, 0):empty;(4, 1):soup('onion', 3, 5)"
250,3,"(-1, 0)","(1, 2)","(-1, 0)",dish,"(2, 3)","(-1, 0)",,"(4, 1):soup('onion', 3, 5)","(3, 0):empty;(4, 1):soup('onion', 3, 5)",120.0,114.0,3,"(-1, 0)",0.0,0.0,0.0,0.0,120.0,114.0,False,"(1, 2)",dish,"(1, 3)",,"(4, 1):soup('onion', 3, 6)","(3, 0):empty;(4, 1):soup('onion', 3, 6)"
251,0,"(0, -1)","(1, 2)","(-1, 0)",dish,"(1, 3)","(-1, 0)",,"(4, 1):soup('onion', 3, 6)","(3, 0):empty;(4, 1):soup('onion', 3, 6)",120.0,114.0,1,"(0, 1)",0.0,0.0,0.0,0.0,120.0,114.0,False,"(1, 1)",dish,"(1, 3)",,"(4, 1):soup('onion', 3, 7)","(3, 0):empty;(4, 1):soup('onion', 3, 7)"
252,2,"(1, 0)","(1, 1)","(0, -1)",dish,"(1, 3)","(0, 1)",,"(4, 1):soup('onion', 3, 7)","(3, 0):empty;(4, 1):soup('onion', 3, 7)",120.0,114.0,5,interact,0.0,0.0,0.0,0.0,120.0,114.0,False,"(2, 1)",dish,"(1, 3)",onion,"(4, 1):soup('onion', 3, 8)","(3, 0):empty;(4, 1):soup('onion', 3, 8)"
253,2,"(1, 0)","(2, 1)","(1, 0)",dish,"(1, 3)","(0, 1)",onion,"(4, 1):soup('onion', 3, 8)","(3, 0):empty;(4, 1):soup('onion', 3, 8)",120.0,114.0,5,interact,0.0,0.0,0.0,0.0,120.0,114.0,False,"(3, 1)",dish,"(1, 3)",onion,"(4, 1):soup('onion', 3, 9)","(3, 0):empty;(4, 1):soup('onion', 3, 9)"
254,5,interact,"(3, 1)","(1, 0)",dish,"(1, 3)","(0, 1)",onion,"(4, 1):soup('onion', 3, 9)","(3, 0):empty;(4, 1):soup('onion', 3, 9)",120.0,114.0,4,"(0, 0)",0.0,0.0,0.0,0.0,120.0,114.0,False,"(3, 1)",dish,"(1, 3)",onion,"(4, 1):soup('onion', 3, 10)","(3, 0):empty;(4, 1):soup('onion', 3, 10)"
255,5,interact,"(3, 1)","(1, 0)",dish,"(1, 3)","(0, 1)",onion,"(4, 1):soup('onion', 3, 10)","(3, 0):empty;(4, 1):soup('onion', 3, 10)",120.0,114.0,4,"(0, 0)",0.0,0.0,0.0,0.0,120.0,114.0,False,"(3, 1)",dish,"(1, 3)",onion,"(4, 1):soup('onion', 3, 11)","(3, 0):empty;(4, 1):soup('onion', 3, 11)"
256,5,interact,"(3, 1)","(1, 0)",dish,"(1, 3)","(0, 1)",onion,"(4, 1):soup('onion', 3, 11)","(3, 0):empty;(4, 1):soup('onion', 3, 11)",120.0,114.0,4,"(0, 0)",0.0,0.0,0.0,0.0,120.0,114.0,False,"(3, 1)",dish,"(1, 3)",onion,"(4, 1):soup('onion', 3, 12)","(3, 0):empty;(4, 1):soup('onion', 3, 12)"
257,5,interact,"(3, 1)","(1, 0)",dish,"(1, 3)","(0, 1)",onion,"(4, 1):soup('onion', 3, 12)","(3, 0):empty;(4, 1):soup('onion', 3, 12)",120.0,114.0,4,"(0, 0)",0.0,0.0,0.0,0.0,120.0,114.0,False,"(3, 1)",dish,"(1, 3)",onion,"(4, 1):soup('onion', 3, 13)","(3, 0):empty;(4, 1):soup('onion', 3, 13)"
258,5,interact,"(3, 1)","(1, 0)",dish,"(1, 3)","(0, 1)",onion,"(4, 1):soup('onion', 3, 13)","(3, 0):empty;(4, 1):soup('onion', 3, 13)",120.0,114.0,4,"(0, 0)",0.0,0.0,0.0,0.0,120.0,114.0,False,"(3, 1)",dish,"(1, 3)",onion,"(4, 1):soup('onion', 3, 14)","(3, 0):empty;(4, 1):soup('onion', 3, 14)"
259,5,interact,"(3, 1)","(1, 0)",dish,"(1, 3)","(0, 1)",onion,"(4, 1):soup('onion', 3, 14)","(3, 0):empty;(4, 1):soup('onion', 3, 14)",120.0,114.0,4,"(0, 0)",0.0,0.0,0.0,0.0,120.0,114.0,False,"(3, 1)",dish,"(1, 3)",onion,"(4, 1):soup('onion', 3, 15)","(3, 0):empty;(4, 1):soup('onion', 3, 15)"
260,5,interact,"(3, 1)","(1, 0)",dish,"(1, 3)","(0, 1)",onion,"(4, 1):soup('onion', 3, 15)","(3, 0):empty;(4, 1):soup('onion', 3, 15)",120.0,114.0,4,"(0, 0)",0.0,0.0,0.0,0.0,120.0,114.0,False,"(3, 1)",dish,"(1, 3)",onion,"(4, 1):soup('onion', 3, 16)","(3, 0):empty;(4, 1):soup('onion', 3, 16)"
261,5,interact,"(3, 1)","(1, 0)",dish,"(1, 3)","(0, 1)",onion,"(4, 1):soup('onion', 3, 16)","(3, 0):empty;(4, 1):soup('onion', 3, 16)",120.0,114.0,4,"(0, 0)",0.0,0.0,0.0,0.0,120.0,114.0,False,"(3, 1)",dish,"(1, 3)",onion,"(4, 1):soup('onion', 3, 17)","(3, 0):empty;(4, 1):soup('onion', 3, 17)"
262,5,interact,"(3, 1)","(1, 0)",dish,"(1, 3)","(0, 1)",onion,"(4, 1):soup('onion', 3, 17)","(3, 0):empty;(4, 1):soup('onion', 3, 17)",120.0,114.0,4,"(0, 0)",0.0,0.0,0.0,0.0,120.0,114.0,False,"(3, 1)",dish,"(1, 3)",onion,"(4, 1):soup('onion', 3, 18)","(3, 0):empty;(4, 1):soup('onion', 3, 18)"
263,5,interact,"(3, 1)","(1, 0)",dish,"(1, 3)","(0, 1)",onion,"(4, 1):soup('onion', 3, 18)","(3, 0):empty;(4, 1):soup('onion', 3, 18)",120.0,114.0,4,"(0, 0)",0.0,0.0,0.0,0.0,120.0,114.0,False,"(3, 1)",dish,"(1, 3)",onion,"(4, 1):soup('onion', 3, 19)","(3, 0):empty;(4, 1):soup('onion', 3, 19)"
264,5,interact,"(3, 1)","(1, 0)",dish,"(1, 3)","(0, 1)",onion,"(4, 1):soup('onion', 3, 19)","(3, 0):empty;(4, 1):soup('onion', 3, 19)",120.0,114.0,4,"(0, 0)",0.0,0.0,0.0,0.0,120.0,114.0,False,"(3, 1)",dish,"(1, 3)",onion,"(4, 1):soup('onion', 3, 20)","(3, 0):empty;(4, 1):soup('onion', 3, 20)"
265,5,interact,"(3, 1)","(1, 0)",dish,"(1, 3)","(0, 1)",onion,"(4, 1):soup('onion', 3, 20)","(3, 0):empty;(4, 1):soup('onion', 3, 20)",120.0,114.0,2,"(1, 0)",5.0,0.0,5.0,0.0,120.0,119.0,False,"(3, 1)","soup('onion', 3, 20)","(2, 3)",onion,,"(3, 0):empty;(4, 1):empty"
266,1,"(0, 1)","(3, 1)","(1, 0)","soup('onion', 3, 20)","(2, 3)","(1, 0)",onion,,"(3, 0):empty;(4, 1):empty",120.0,119.0,0,"(0, -1)",0.0,0.0,0.0,0.0,120.0,119.0,False,"(3, 2)","soup('onion', 3, 20)","(2, 3)",onion,,"(3, 0):empty;(4, 1):empty"
267,1,"(0, 1)","(3, 2)","(0, 1)","soup('onion', 3, 20)","(2, 3)","(0, -1)",onion,,"(3, 0):empty;(4, 1):empty",120.0,119.0,3,"(-1, 0)",0.0,0.0,0.0,0.0,120.0,119.0,False,"(3, 3)","soup('onion', 3, 20)","(1, 3)",onion,,"(3, 0):empty;(4, 1):empty"
268,1,"(0, 1)","(3, 3)","(0, 1)","soup('onion', 3, 20)","(1, 3)","(-1, 0)",onion,,"(3, 0):empty;(4, 1):empty",120.0,119.0,0,"(0, -1)",0.0,0.0,0.0,0.0,120.0,119.0,False,"(3, 3)","soup('onion', 3, 20)","(1, 2)",onion,,"(3, 0):empty;(4, 1):empty"
269,3,"(-1, 0)","(3, 3)","(0, 1)","soup('onion', 3, 20)","(1, 2)","(0, -1)",onion,,"(3, 0):empty;(4, 1):empty",120.0,119.0,0,"(0, -1)",0.0,0.0,0.0,0.0,120.0,119.0,False,"(2, 3)","soup('onion', 3, 20)","(1, 1)",onion,,"(3, 0):empty;(4, 1):empty"
270,1,"(0, 1)","(2, 3)","(-1, 0)","soup('onion', 3, 20)","(1, 1)","(0, -1)",onion,,"(3, 0):empty;(4, 1):empty",120.0,119.0,2,"(1, 0)",0.0,0.0,0.0,0.0,120.0,119.0,False,"(2, 3)","soup('onion', 3, 20)","(2, 1)",onion,,"(3, 0):empty;(4, 1):empty"
271,5,interact,"(2, 3)","(0, 1)","soup('onion', 3, 20)","(2, 1)","(1, 0)",onion,,"(3, 0):empty;(4, 1):empty",120.0,119.0,2,"(1, 0)",20.0,20.0,0.0,0.0,140.0,119.0,True,"(2, 3)",,"(3, 1)",onion,,"(3, 0):empty;(4, 1):empty"
272,3,"(-1, 0)","(2, 3)","(0, 1)",,"(3, 1)","(1, 0)",onion,,"(3, 0):empty;(4, 1):empty",140.0,119.0,5,interact,3.0,0.0,3.0,0.0,140.0,122.0,False,"(1, 3)",,"(3, 1)",,"(4, 1):soup('onion', 1, 0)","(3, 0):empty;(4, 1):soup('onion', 1, 0)"
273,5,interact,"(1, 3)","(-1, 0)",,"(3, 1)","(1, 0)",,"(4, 1):soup('onion', 1, 0)","(3, 0):empty;(4, 1):soup('onion', 1, 0)",140.0,122.0,1,"(0, 1)",0.0,0.0,0.0,0.0,140.0,122.0,False,"(1, 3)",onion,"(3, 2)",,"(4, 1):soup('onion', 1, 0)","(3, 0):empty;(4, 1):soup('onion', 1, 0)"
274,0,"(0, -1)","(1, 3)","(-1, 0)",onion,"(3, 2)","(0, 1)",,"(4, 1):soup('onion', 1, 0)","(3, 0):empty;(4, 1):soup('onion', 1, 0)",140.0,122.0,2,"(1, 0)",0.0,0.0,0.0,0.0,140.0,122.0,False,"(1, 2)",onion,"(3, 2)",,"(4, 1):soup('onion', 1, 0)","(3, 0):empty;(4, 1):soup('onion', 1, 0)"
275,0,"(0, -1)","(1, 2)","(0, -1)",onion,"(3, 2)","(1, 0)",,"(4, 1):soup('onion', 1, 0)","(3, 0):empty;(4, 1):soup('onion', 1, 0)",140.0,122.0,1,"(0, 1)",0.0,0.0,0.0,0.0,140.0,122.0,False,"(1, 1)",onion,"(3, 3)",,"(4, 1):soup('onion', 1, 0)","(3, 0):empty;(4, 1):soup('onion', 1, 0)"
276,2,"(1, 0)","(1, 1)","(0, -1)",onion,"(3, 3)","(0, 1)",,"(4, 1):soup('onion', 1, 0)","(3, 0):empty;(4, 1):soup('onion', 1, 0)",140.0,122.0,3,"(-1, 0)",0.0,0.0,0.0,0.0,140.0,122.0,False,"(2, 1)",onion,"(2, 3)",,"(4, 1):soup('onion', 1, 0)","(3, 0):empty;(4, 1):soup('onion', 1, 0)"
277,2,"(1, 0)","(2, 1)","(1, 0)",onion,"(2, 3)","(-1, 0)",,"(4, 1):soup('onion', 1, 0)","(3, 0):empty;(4, 1):soup('onion', 1, 0)",140.0,122.0,3,"(-1, 0)",0.0,0.0,0.0,0.0,140.0,122.0,False,"(3, 1)",onion,"(1, 3)",,"(4, 1):soup('onion', 1, 0)","(3, 0):empty;(4, 1):soup('onion', 1, 0)"
278,5,interact,"(3, 1)","(1, 0)",onion,"(1, 3)","(-1, 0)",,"(4, 1):soup('onion', 1, 0)","(3, 0):empty;(4, 1):soup('onion', 1, 0)",140.0,122.0,5,interact,3.0,0.0,3.0,0.0,140.0,125.0,False,"(3, 1)",,"(1, 3)",onion,"(4, 1):soup('onion', 2, 0)","(3, 0):empty;(4, 1):soup('onion', 2, 0)"
279,1,"(0, 1)","(3, 1)","(1, 0)",,"(1, 3)","(-1, 0)",onion,"(4, 1):soup('onion', 2, 0)","(3, 0):empty;(4, 1):soup('onion', 2, 0)",140.0,125.0,0,"(0, -1)",0.0,0.0,0.0,0.0,140.0,125.0,False,"(3, 2)",,"(1, 2)",onion,"(4, 1):soup('onion', 2, 0)","(3, 0):empty;(4, 1):soup('onion', 2, 0)"
280,1,"(0, 1)","(3, 2)","(0, 1)",,"(1, 2)","(0, -1)",onion,"(4, 1):soup('onion', 2, 0)","(3, 0):empty;(4, 1):soup('onion', 2, 0)",140.0,125.0,0,"(0, -1)",0.0,0.0,0.0,0.0,140.0,125.0,False,"(3, 3)",,"(1, 1)",onion,"(4, 1):soup('onion', 2, 0)","(3, 0):empty;(4, 1):soup('onion', 2, 0)"
281,3,"(-1, 0)","(3, 3)","(0, 1)",,"(1, 1)","(0, -1)",onion,"(4, 1):soup('onion', 2, 0)","(3, 0):empty;(4, 1):soup('onion', 2, 0)",140.0,125.0,2,"(1, 0)",0.0,0.0,0.0,0.0,140.0,125.0,False,"(2, 3)",,"(2, 1)",onion,"(4, 1):soup('onion', 2, 0)","(3, 0):empty;(4, 1):soup('onion', 2, 0)"
282,5,interact,"(2, 3)","(-1, 0)",,"(2, 1)","(1, 0)",onion,"(4, 1):soup('onion', 2, 0)","(3, 0):empty;(4, 1):soup('onion', 2, 0)",140.0,125.0,2,"(1, 0)",0.0,0.0,0.0,0.0,140.0,125.0,False,"(2, 3)",,"(3, 1)",onion,"(4, 1):soup('onion', 2, 0)","(3, 0):empty;(4, 1):soup('onion', 2, 0)"
283,5,interact,"(2, 3)","(-1, 0)",,"(3, 1)","(1, 0)",onion,"(4, 1):soup('onion', 2, 0)","(3, 0):empty;(4, 1):soup('onion', 2, 0)",140.0,125.0,5,interact,3.0,0.0,3.0,0.0,140.0,128.0,False,"(2, 3)",,"(3, 1)",,"(4, 1):soup('onion', 3, 1)","(3, 0):empty;(4, 1):soup('onion', 3, 1)"
284,3,"(-1, 0)","(2, 3)","(-1, 0)",,"(3, 1)","(1, 0)",,"(4, 1):soup('onion', 3, 1)","(3, 0):empty;(4, 1):soup('onion', 3, 1)",140.0,128.0,5,interact,0.0,0.0,0.0,0.0,140.0,128.0,False,"(1, 3)",,"(3, 1)",,"(4, 1):soup('onion', 3, 2)","(3, 0):empty;(4, 1):soup('onion', 3, 2)"
285,0,"(0, -1)","(1, 3)","(-1, 0)",,"(3, 1)","(1, 0)",,"(4, 1):soup('onion', 3, 2)","(3, 0):empty;(4, 1):soup('onion', 3, 2)",140.0,128.0,1,"(0, 1)",0.0,0.0,0.0,0.0,140.0,128.0,False,"(1, 2)",,"(3, 2)",,"(4, 1):soup('onion', 3, 3)","(3, 0):empty;(4, 1):soup('onion', 3, 3)"
286,3,"(-1, 0)","(1, 2)","(0, -1)",,"(3, 2)","(0, 1)",,"(4, 1):soup('onion', 3, 3)","(3, 0):empty;(4, 1):soup('onion', 3, 3)",140.0,128.0,1,"(0, 1)",0.0,0.0,0.0,0.0,140.0,128.0,False,"(1, 2)",,"(3, 3)",,"(4, 1):soup('onion', 3, 4)","(3, 0):empty;(4, 1):soup('onion', 3, 4)"
287,5,interact,"(1, 2)","(-1, 0)",,"(3, 3)","(0, 1)",,"(4, 1):soup('onion', 3, 4)","(3, 0):empty;(4, 1):soup('onion', 3, 4)",140.0,128.0,3,"(-1, 0)",3.0,0.0,3.0,0.0,140.0,131.0,False,"(1, 2)",dish,"(2, 3)",,"(4, 1):soup('onion', 3, 5)","(3, 0):empty;(4, 1):soup('onion', 3, 5)"
288,3,"(-1, 0)","(1, 2)","(-1, 0)",dish,"(2, 3)","(-1, 0)",,"(4, 1):soup('onion', 3, 5)","(3, 0):empty;(4, 1):soup('onion', 3, 5)",140.0,131.0,3,"(-1, 0)",0.0,0.0,0.0,0.0,140.0,131.0,False,"(1, 2)",dish,"(1, 3)",,"(4, 1):soup('onion', 3, 6)","(3, 0):empty;(4, 1):soup('onion', 3, 6)"
289,0,"(0, -1)","(1, 2)","(-1, 0)",dish,"(1, 3)","(-1, 0)",,"(4, 1):soup('onion', 3, 6)","(3, 0):empty;(4, 1):soup('onion', 3, 6)",140.0,131.0,1,"(0, 1)",0.0,0.0,0.0,0.0,140.0,131.0,False,"(1, 1)",dish,"(1, 3)",,"(4, 1):soup('onion', 3, 7)","(3, 0):empty;(4, 1):soup('onion', 3, 7)"
290,2,"(1, 0)","(1, 1)","(0, -1)",dish,"(1, 3)","(0, 1)",,"(4, 1):soup('onion', 3, 7)","(3, 0):empty;(4, 1):soup('onion', 3, 7)",140.0,131.0,5,interact,0.0,0.0,0.0,0.0,140.0,131.0,False,"(2, 1)",dish,"(1, 3)",onion,"(4, 1):soup('onion', 3, 8)","(3, 0):empty;(4, 1):soup('onion', 3, 8)"
291,2,"(1, 0)","(2, 1)","(1, 0)",dish,"(1, 3)","(0, 1)",onion,"(4, 1):soup('onion', 3, 8)","(3, 0):empty;(4, 1):soup('onion', 3, 8)",140.0,131.0,5,interact,0.0,0.0,0.0,0.0,140.0,131.0,False,"(3, 1)",dish,"(1, 3)",onion,"(4, 1):soup('onion', 3, 9)","(3, 0):empty;(4, 1):soup('onion', 3, 9)"
292,5,interact,"(3, 1)","(1, 0)",dish,"(1, 3)","(0, 1)",onion,"(4, 1):soup('onion', 3, 9)","(3, 0):empty;(4, 1):soup('onion', 3, 9)",140.0,131.0,4,"(0, 0)",0.0,0.0,0.0,0.0,140.0,131.0,False,"(3, 1)",dish,"(1, 3)",onion,"(4, 1):soup('onion', 3, 10)","(3, 0):empty;(4, 1):soup('onion', 3, 10)"
293,5,interact,"(3, 1)","(1, 0)",dish,"(1, 3)","(0, 1)",onion,"(4, 1):soup('onion', 3, 10)","(3, 0):empty;(4, 1):soup('onion', 3, 10)",140.0,131.0,4,"(0, 0)",0.0,0.0,0.0,0.0,140.0,131.0,False,"(3, 1)",dish,"(1, 3)",onion,"(4, 1):soup('onion', 3, 11)","(3, 0):empty;(4, 1):soup('onion', 3, 11)"
294,5,interact,"(3, 1)","(1, 0)",dish,"(1, 3)","(0, 1)",onion,"(4, 1):soup('onion', 3, 11)","(3, 0):empty;(4, 1):soup('onion', 3, 11)",140.0,131.0,4,"(0, 0)",0.0,0.0,0.0,0.0,140.0,131.0,False,"(3, 1)",dish,"(1, 3)",onion,"(4, 1):soup('onion', 3, 12)","(3, 0):empty;(4, 1):soup('onion', 3, 12)"
295,5,interact,"(3, 1)","(1, 0)",dish,"(1, 3)","(0, 1)",onion,"(4, 1):soup('onion', 3, 12)","(3, 0):empty;(4, 1):soup('onion', 3, 12)",140.0,131.0,4,"(0, 0)",0.0,0.0,0.0,0.0,140.0,131.0,False,"(3, 1)",dish,"(1, 3)",onion,"(4, 1):soup('onion', 3, 13)","(3, 0):empty;(4, 1):soup('onion', 3, 13)"
296,5,interact,"(3, 1)","(1, 0)",dish,"(1, 3)","(0, 1)",onion,"(4, 1):soup('onion', 3, 13)","(3, 0):empty;(4, 1):soup('onion', 3, 13)",140.0,131.0,4,"(0, 0)",0.0,0.0,0.0,0.0,140.0,131.0,False,"(3, 1)",dish,"(1, 3)",onion,"(4, 1):soup('onion', 3, 14)","(3, 0):empty;(4, 1):soup('onion', 3, 14)"
297,5,interact,"(3, 1)","(1, 0)",dish,"(1, 3)","(0, 1)",onion,"(4, 1):soup('onion', 3, 14)","(3, 0):empty;(4, 1):soup('onion', 3, 14)",140.0,131.0,4,"(0, 0)",0.0,0.0,0.0,0.0,140.0,131.0,False,"(3, 1)",dish,"(1, 3)",onion,"(4, 1):soup('onion', 3, 15)","(3, 0):empty;(4, 1):soup('onion', 3, 15)"
298,5,interact,"(3, 1)","(1, 0)",dish,"(1, 3)","(0, 1)",onion,"(4, 1):soup('onion', 3, 15)","(3, 0):empty;(4, 1):soup('onion', 3, 15)",140.0,131.0,4,"(0, 0)",0.0,0.0,0.0,0.0,140.0,131.0,False,"(3, 1)",dish,"(1, 3)",onion,"(4, 1):soup('onion', 3, 16)","(3, 0):empty;(4, 1):soup('onion', 3, 16)"
299,5,interact,"(3, 1)","(1, 0)",dish,"(1, 3)","(0, 1)",onion,"(4, 1):soup('onion', 3, 16)","(3, 0):empty;(4, 1):soup('onion', 3, 16)",140.0,131.0,4,"(0, 0)",0.0,0.0,0.0,0.0,140.0,131.0,False,"(3, 1)",dish,"(1, 3)",onion,"(4, 1):soup('onion', 3, 17)","(3, 0):empty;(4, 1):soup('onion', 3, 17)"
300,5,interact,"(3, 1)","(1, 0)",dish,"(1, 3)","(0, 1)",onion,"(4, 1):soup('onion', 3, 17)","(3, 0):empty;(4, 1):soup('onion', 3, 17)",140.0,131.0,4,"(0, 0)",0.0,0.0,0.0,0.0,140.0,131.0,False,"(3, 1)",dish,"(1, 3)",onion,"(4, 1):soup('onion', 3, 18)","(3, 0):empty;(4, 1):soup('onion', 3, 18)"
301,5,interact,"(3, 1)","(1, 0)",dish,"(1, 3)","(0, 1)",onion,"(4, 1):soup('onion', 3, 18)","(3, 0):empty;(4, 1):soup('onion', 3, 18)",140.0,131.0,4,"(0, 0)",0.0,0.0,0.0,0.0,140.0,131.0,False,"(3, 1)",dish,"(1, 3)",onion,"(4, 1):soup('onion', 3, 19)","(3, 0):empty;(4, 1):soup('onion', 3, 19)"
302,5,interact,"(3, 1)","(1, 0)",dish,"(1, 3)","(0, 1)",onion,"(4, 1):soup('onion', 3, 19)","(3, 0):empty;(4, 1):soup('onion', 3, 19)",140.0,131.0,4,"(0, 0)",0.0,0.0,0.0,0.0,140.0,131.0,False,"(3, 1)",dish,"(1, 3)",onion,"(4, 1):soup('onion', 3, 20)","(3, 0):empty;(4, 1):soup('onion', 3, 20)"
303,5,interact,"(3, 1)","(1, 0)",dish,"(1, 3)","(0, 1)",onion,"(4, 1):soup('onion', 3, 20)","(3, 0):empty;(4, 1):soup('onion', 3, 20)",140.0,131.0,2,"(1, 0)",5.0,0.0,5.0,0.0,140.0,136.0,False,"(3, 1)","soup('onion', 3, 20)","(2, 3)",onion,,"(3, 0):empty;(4, 1):empty"
304,1,"(0, 1)","(3, 1)","(1, 0)","soup('onion', 3, 20)","(2, 3)","(1, 0)",onion,,"(3, 0):empty;(4, 1):empty",140.0,136.0,0,"(0, -1)",0.0,0.0,0.0,0.0,140.0,136.0,False,"(3, 2)","soup('onion', 3, 20)","(2, 3)",onion,,"(3, 0):empty;(4, 1):empty"
305,1,"(0, 1)","(3, 2)","(0, 1)","soup('onion', 3, 20)","(2, 3)","(0, -1)",onion,,"(3, 0):empty;(4, 1):empty",140.0,136.0,3,"(-1, 0)",0.0,0.0,0.0,0.0,140.0,136.0,False,"(3, 3)","soup('onion', 3, 20)","(1, 3)",onion,,"(3, 0):empty;(4, 1):empty"
306,1,"(0, 1)","(3, 3)","(0, 1)","soup('onion', 3, 20)","(1, 3)","(-1, 0)",onion,,"(3, 0):empty;(4, 1):empty",140.0,136.0,0,"(0, -1)",0.0,0.0,0.0,0.0,140.0,136.0,False,"(3, 3)","soup('onion', 3, 20)","(1, 2)",onion,,"(3, 0):empty;(4, 1):empty"
307,3,"(-1, 0)","(3, 3)","(0, 1)","soup('onion', 3, 20)","(1, 2)","(0, -1)",onion,,"(3, 0):empty;(4, 1):empty",140.0,136.0,0,"(0, -1)",0.0,0.0,0.0,0.0,140.0,136.0,False,"(2, 3)","soup('onion', 3, 20)","(1, 1)",onion,,"(3, 0):empty;(4, 1):empty"
308,1,"(0, 1)","(2, 3)","(-1, 0)","soup('onion', 3, 20)","(1, 1)","(0, -1)",onion,,"(3, 0):empty;(4, 1):empty",140.0,136.0,2,"(1, 0)",0.0,0.0,0.0,0.0,140.0,136.0,False,"(2, 3)","soup('onion', 3, 20)","(2, 1)",onion,,"(3, 0):empty;(4, 1):empty"
309,5,interact,"(2, 3)","(0, 1)","soup('onion', 3, 20)","(2, 1)","(1, 0)",onion,,"(3, 0):empty;(4, 1):empty",140.0,136.0,2,"(1, 0)",20.0,20.0,0.0,0.0,160.0,136.0,True,"(2, 3)",,"(3, 1)",onion,,"(3, 0):empty;(4, 1):empty"
310,3,"(-1, 0)","(2, 3)","(0, 1)",,"(3, 1)","(1, 0)",onion,,"(3, 0):empty;(4, 1):empty",160.0,136.0,5,interact,3.0,0.0,3.0,0.0,160.0,139.0,False,"(1, 3)",,"(3, 1)",,"(4, 1):soup('onion', 1, 0)","(3, 0):empty;(4, 1):soup('onion', 1, 0)"
311,5,interact,"(1, 3)","(-1, 0)",,"(3, 1)","(1, 0)",,"(4, 1):soup('onion', 1, 0)","(3, 0):empty;(4, 1):soup('onion', 1, 0)",160.0,139.0,1,"(0, 1)",0.0,0.0,0.0,0.0,160.0,139.0,False,"(1, 3)",onion,"(3, 2)",,"(4, 1):soup('onion', 1, 0)","(3, 0):empty;(4, 1):soup('onion', 1, 0)"
312,0,"(0, -1)","(1, 3)","(-1, 0)",onion,"(3, 2)","(0, 1)",,"(4, 1):soup('onion', 1, 0)","(3, 0):empty;(4, 1):soup('onion', 1, 0)",160.0,139.0,2,"(1, 0)",0.0,0.0,0.0,0.0,160.0,139.0,False,"(1, 2)",onion,"(3, 2)",,"(4, 1):soup('onion', 1, 0)","(3, 0):empty;(4, 1):soup('onion', 1, 0)"
313,0,"(0, -1)","(1, 2)","(0, -1)",onion,"(3, 2)","(1, 0)",,"(4, 1):soup('onion', 1, 0)","(3, 0):empty;(4, 1):soup('onion', 1, 0)",160.0,139.0,1,"(0, 1)",0.0,0.0,0.0,0.0,160.0,139.0,False,"(1, 1)",onion,"(3, 3)",,"(4, 1):soup('onion', 1, 0)","(3, 0):empty;(4, 1):soup('onion', 1, 0)"
314,2,"(1, 0)","(1, 1)","(0, -1)",onion,"(3, 3)","(0, 1)",,"(4, 1):soup('onion', 1, 0)","(3, 0):empty;(4, 1):soup('onion', 1, 0)",160.0,139.0,3,"(-1, 0)",0.0,0.0,0.0,0.0,160.0,139.0,False,"(2, 1)",onion,"(2, 3)",,"(4, 1):soup('onion', 1, 0)","(3, 0):empty;(4, 1):soup('onion', 1, 0)"
315,2,"(1, 0)","(2, 1)","(1, 0)",onion,"(2, 3)","(-1, 0)",,"(4, 1):soup('onion', 1, 0)","(3, 0):empty;(4, 1):soup('onion', 1, 0)",160.0,139.0,3,"(-1, 0)",0.0,0.0,0.0,0.0,160.0,139.0,False,"(3, 1)",onion,"(1, 3)",,"(4, 1):soup('onion', 1, 0)","(3, 0):empty;(4, 1):soup('onion', 1, 0)"
316,5,interact,"(3, 1)","(1, 0)",onion,"(1, 3)","(-1, 0)",,"(4, 1):soup('onion', 1, 0)","(3, 0):empty;(4, 1):soup('onion', 1, 0)",160.0,139.0,5,interact,3.0,0.0,3.0,0.0,160.0,142.0,False,"(3, 1)",,"(1, 3)",onion,"(4, 1):soup('onion', 2, 0)","(3, 0):empty;(4, 1):soup('onion', 2, 0)"
317,1,"(0, 1)","(3, 1)","(1, 0)",,"(1, 3)","(-1, 0)",onion,"(4, 1):soup('onion', 2, 0)","(3, 0):empty;(4, 1):soup('onion', 2, 0)",160.0,142.0,0,"(0, -1)",0.0,0.0,0.0,0.0,160.0,142.0,False,"(3, 2)",,"(1, 2)",onion,"(4, 1):soup('onion', 2, 0)","(3, 0):empty;(4, 1):soup('onion', 2, 0)"
318,1,"(0, 1)","(3, 2)","(0, 1)",,"(1, 2)","(0, -1)",onion,"(4, 1):soup('onion', 2, 0)","(3, 0):empty;(4, 1):soup('onion', 2, 0)",160.0,142.0,0,"(0, -1)",0.0,0.0,0.0,0.0,160.0,142.0,False,"(3, 3)",,"(1, 1)",onion,"(4, 1):soup('onion', 2, 0)","(3, 0):empty;(4, 1):soup('onion', 2, 0)"
319,3,"(-1, 0)","(3, 3)","(0, 1)",,"(1, 1)","(0, -1)",onion,"(4, 1):soup('onion', 2, 0)","(3, 0):empty;(4, 1):soup('onion', 2, 0)",160.0,142.0,2,"(1, 0)",0.0,0.0,0.0,0.0,160.0,142.0,False,"(2, 3)",,"(2, 1)",onion,"(4, 1):soup('onion', 2, 0)","(3, 0):empty;(4, 1):soup('onion', 2, 0)"
320,5,interact,"(2, 3)","(-1, 0)",,"(2, 1)","(1, 0)",onion,"(4, 1):soup('onion', 2, 0)","(3, 0):empty;(4, 1):soup('onion', 2, 0)",160.0,142.0,2,"(1, 0)",0.0,0.0,0.0,0.0,160.0,142.0,False,"(2, 3)",,"(3, 1)",onion,"(4, 1):soup('onion', 2, 0)","(3, 0):empty;(4, 1):soup('onion', 2, 0)"
321,5,interact,"(2, 3)","(-1, 0)",,"(3, 1)","(1, 0)",onion,"(4, 1):soup('onion', 2, 0)","(3, 0):empty;(4, 1):soup('onion', 2, 0)",160.0,142.0,5,interact,3.0,0.0,3.0,0.0,160.0,145.0,False,"(2, 3)",,"(3, 1)",,"(4, 1):soup('onion', 3, 1)","(3, 0):empty;(4, 1):soup('onion', 3, 1)"
322,3,"(-1, 0)","(2, 3)","(-1, 0)",,"(3, 1)","(1, 0)",,"(4, 1):soup('onion', 3, 1)","(3, 0):empty;(4, 1):soup('onion', 3, 1)",160.0,145.0,5,interact,0.0,0.0,0.0,0.0,160.0,145.0,False,"(1, 3)",,"(3, 1)",,"(4, 1):soup('onion', 3, 2)","(3, 0):empty;(4, 1):soup('onion', 3, 2)"
323,0,"(0, -1)","(1, 3)","(-1, 0)",,"(3, 1)","(1, 0)",,"(4, 1):soup('onion', 3, 2)","(3, 0):empty;(4, 1):soup('onion', 3, 2)",160.0,145.0,1,"(0, 1)",0.0,0.0,0.0,0.0,160.0,145.0,False,"(1, 2)",,"(3, 2)",,"(4, 1):soup('onion', 3, 3)","(3, 0):empty;(4, 1):soup('onion', 3, 3)"
324,3,"(-1, 0)","(1, 2)","(0, -1)",,"(3, 2)","(0, 1)",,"(4, 1):soup('onion', 3, 3)","(3, 0):empty;(4, 1):soup('onion', 3, 3)",160.0,145.0,1,"(0, 1)",0.0,0.0,0.0,0.0,160.0,145.0,False,"(1, 2)",,"(3, 3)",,"(4, 1):soup('onion', 3, 4)","(3, 0):empty;(4, 1):soup('onion', 3, 4)"
325,5,interact,"(1, 2)","(-1, 0)",,"(3, 3)","(0, 1)",,"(4, 1):soup('onion', 3, 4)","(3, 0):empty;(4, 1):soup('onion', 3, 4)",160.0,145.0,3,"(-1, 0)",3.0,0.0,3.0,0.0,160.0,148.0,False,"(1, 2)",dish,"(2, 3)",,"(4, 1):soup('onion', 3, 5)","(3, 0):empty;(4, 1):soup('onion', 3, 5)"
326,3,"(-1, 0)","(1, 2)","(-1, 0)",dish,"(2, 3)","(-1, 0)",,"(4, 1):soup('onion', 3, 5)","(3, 0):empty;(4, 1):soup('onion', 3, 5)",160.0,148.0,3,"(-1, 0)",0.0,0.0,0.0,0.0,160.0,148.0,False,"(1, 2)",dish,"(1, 3)",,"(4, 1):soup('onion', 3, 6)","(3, 0):empty;(4, 1):soup('onion', 3, 6)"
327,0,"(0, -1)","(1, 2)","(-1, 0)",dish,"(1, 3)","(-1, 0)",,"(4, 1):soup('onion', 3, 6)","(3, 0):empty;(4, 1):soup('onion', 3, 6)",160.0,148.0,1,"(0, 1)",0.0,0.0,0.0,0.0,160.0,148.0,False,"(1, 1)",dish,"(1, 3)",,"(4, 1):soup('onion', 3, 7)","(3, 0):empty;(4, 1):soup('onion', 3, 7)"
328,2,"(1, 0)","(1, 1)","(0, -1)",dish,"(1, 3)","(0, 1)",,"(4, 1):soup('onion', 3, 7)","(3, 0):empty;(4, 1):soup('onion', 3, 7)",160.0,148.0,5,interact,0.0,0.0,0.0,0.0,160.0,148.0,False,"(2, 1)",dish,"(1, 3)",onion,"(4, 1):soup('onion', 3, 8)","(3, 0):empty;(4, 1):soup('onion', 3, 8)"
329,2,"(1, 0)","(2, 1)","(1, 0)",dish,"(1, 3)","(0, 1)",onion,"(4, 1):soup('onion', 3, 8)","(3, 0):empty;(4, 1):soup('onion', 3, 8)",160.0,148.0,5,interact,0.0,0.0,0.0,0.0,160.0,148.0,False,"(3, 1)",dish,"(1, 3)",onion,"(4, 1):soup('onion', 3, 9)","(3, 0):empty;(4, 1):soup('onion', 3, 9)"
330,5,interact,"(3, 1)","(1, 0)",dish,"(1, 3)","(0, 1)",onion,"(4, 1):soup('onion', 3, 9)","(3, 0):empty;(4, 1):soup('onion', 3, 9)",160.0,148.0,4,"(0, 0)",0.0,0.0,0.0,0.0,160.0,148.0,False,"(3, 1)",dish,"(1, 3)",onion,"(4, 1):soup('onion', 3, 10)","(3, 0):empty;(4, 1):soup('onion', 3, 10)"
331,5,interact,"(3, 1)","(1, 0)",dish,"(1, 3)","(0, 1)",onion,"(4, 1):soup('onion', 3, 10)","(3, 0):empty;(4, 1):soup('onion', 3, 10)",160.0,148.0,4,"(0, 0)",0.0,0.0,0.0,0.0,160.0,148.0,False,"(3, 1)",dish,"(1, 3)",onion,"(4, 1):soup('onion', 3, 11)","(3, 0):empty;(4, 1):soup('onion', 3, 11)"
332,5,interact,"(3, 1)","(1, 0)",dish,"(1, 3)","(0, 1)",onion,"(4, 1):soup('onion', 3, 11)","(3, 0):empty;(4, 1):soup('onion', 3, 11)",160.0,148.0,4,"(0, 0)",0.0,0.0,0.0,0.0,160.0,148.0,False,"(3, 1)",dish,"(1, 3)",onion,"(4, 1):soup('onion', 3, 12)","(3, 0):empty;(4, 1):soup('onion', 3, 12)"
333,5,interact,"(3, 1)","(1, 0)",dish,"(1, 3)","(0, 1)",onion,"(4, 1):soup('onion', 3, 12)","(3, 0):empty;(4, 1):soup('onion', 3, 12)",160.0,148.0,4,"(0, 0)",0.0,0.0,0.0,0.0,160.0,148.0,False,"(3, 1)",dish,"(1, 3)",onion,"(4, 1):soup('onion', 3, 13)","(3, 0):empty;(4, 1):soup('onion', 3, 13)"
334,5,interact,"(3, 1)","(1, 0)",dish,"(1, 3)","(0, 1)",onion,"(4, 1):soup('onion', 3, 13)","(3, 0):empty;(4, 1):soup('onion', 3, 13)",160.0,148.0,4,"(0, 0)",0.0,0.0,0.0,0.0,160.0,148.0,False,"(3, 1)",dish,"(1, 3)",onion,"(4, 1):soup('onion', 3, 14)","(3, 0):empty;(4, 1):soup('onion', 3, 14)"
335,5,interact,"(3, 1)","(1, 0)",dish,"(1, 3)","(0, 1)",onion,"(4, 1):soup('onion', 3, 14)","(3, 0):empty;(4, 1):soup('onion', 3, 14)",160.0,148.0,4,"(0, 0)",0.0,0.0,0.0,0.0,160.0,148.0,False,"(3, 1)",dish,"(1, 3)",onion,"(4, 1):soup('onion', 3, 15)","(3, 0):empty;(4, 1):soup('onion', 3, 15)"
336,5,interact,"(3, 1)","(1, 0)",dish,"(1, 3)","(0, 1)",onion,"(4, 1):soup('onion', 3, 15)","(3, 0):empty;(4, 1):soup('onion', 3, 15)",160.0,148.0,4,"(0, 0)",0.0,0.0,0.0,0.0,160.0,148.0,False,"(3, 1)",dish,"(1, 3)",onion,"(4, 1):soup('onion', 3, 16)","(3, 0):empty;(4, 1):soup('onion', 3, 16)"
337,5,interact,"(3, 1)","(1, 0)",dish,"(1, 3)","(0, 1)",onion,"(4, 1):soup('onion', 3, 16)","(3, 0):empty;(4, 1):soup('onion', 3, 16)",160.0,148.0,4,"(0, 0)",0.0,0.0,0.0,0.0,160.0,148.0,False,"(3, 1)",dish,"(1, 3)",onion,"(4, 1):soup('onion', 3, 17)","(3, 0):empty;(4, 1):soup('onion', 3, 17)"
338,5,interact,"(3, 1)","(1, 0)",dish,"(1, 3)","(0, 1)",onion,"(4, 1):soup('onion', 3, 17)","(3, 0):empty;(4, 1):soup('onion', 3, 17)",160.0,148.0,4,"(0, 0)",0.0,0.0,0.0,0.0,160.0,148.0,False,"(3, 1)",dish,"(1, 3)",onion,"(4, 1):soup('onion', 3, 18)","(3, 0):empty;(4, 1):soup('onion', 3, 18)"
339,5,interact,"(3, 1)","(1, 0)",dish,"(1, 3)","(0, 1)",onion,"(4, 1):soup('onion', 3, 18)","(3, 0):empty;(4, 1):soup('onion', 3, 18)",160.0,148.0,4,"(0, 0)",0.0,0.0,0.0,0.0,160.0,148.0,False,"(3, 1)",dish,"(1, 3)",onion,"(4, 1):soup('onion', 3, 19)","(3, 0):empty;(4, 1):soup('onion', 3, 19)"
340,5,interact,"(3, 1)","(1, 0)",dish,"(1, 3)","(0, 1)",onion,"(4, 1):soup('onion', 3, 19)","(3, 0):empty;(4, 1):soup('onion', 3, 19)",160.0,148.0,4,"(0, 0)",0.0,0.0,0.0,0.0,160.0,148.0,False,"(3, 1)",dish,"(1, 3)",onion,"(4, 1):soup('onion', 3, 20)","(3, 0):empty;(4, 1):soup('onion', 3, 20)"
341,5,interact,"(3, 1)","(1, 0)",dish,"(1, 3)","(0, 1)",onion,"(4, 1):soup('onion', 3, 20)","(3, 0):empty;(4, 1):soup('onion', 3, 20)",160.0,148.0,2,"(1, 0)",5.0,0.0,5.0,0.0,160.0,153.0,False,"(3, 1)","soup('onion', 3, 20)","(2, 3)",onion,,"(3, 0):empty;(4, 1):empty"
342,1,"(0, 1)","(3, 1)","(1, 0)","soup('onion', 3, 20)","(2, 3)","(1, 0)",onion,,"(3, 0):empty;(4, 1):empty",160.0,153.0,0,"(0, -1)",0.0,0.0,0.0,0.0,160.0,153.0,False,"(3, 2)","soup('onion', 3, 20)","(2, 3)",onion,,"(3, 0):empty;(4, 1):empty"
343,1,"(0, 1)","(3, 2)","(0, 1)","soup('onion', 3, 20)","(2, 3)","(0, -1)",onion,,"(3, 0):empty;(4, 1):empty",160.0,153.0,3,"(-1, 0)",0.0,0.0,0.0,0.0,160.0,153.0,False,"(3, 3)","soup('onion', 3, 20)","(1, 3)",onion,,"(3, 0):empty;(4, 1):empty"
344,1,"(0, 1)","(3, 3)","(0, 1)","soup('onion', 3, 20)","(1, 3)","(-1, 0)",onion,,"(3, 0):empty;(4, 1):empty",160.0,153.0,0,"(0, -1)",0.0,0.0,0.0,0.0,160.0,153.0,False,"(3, 3)","soup('onion', 3, 20)","(1, 2)",onion,,"(3, 0):empty;(4, 1):empty"
345,3,"(-1, 0)","(3, 3)","(0, 1)","soup('onion', 3, 20)","(1, 2)","(0, -1)",onion,,"(3, 0):empty;(4, 1):empty",160.0,153.0,0,"(0, -1)",0.0,0.0,0.0,0.0,160.0,153.0,False,"(2, 3)","soup('onion', 3, 20)","(1, 1)",onion,,"(3, 0):empty;(4, 1):empty"
346,1,"(0, 1)","(2, 3)","(-1, 0)","soup('onion', 3, 20)","(1, 1)","(0, -1)",onion,,"(3, 0):empty;(4, 1):empty",160.0,153.0,2,"(1, 0)",0.0,0.0,0.0,0.0,160.0,153.0,False,"(2, 3)","soup('onion', 3, 20)","(2, 1)",onion,,"(3, 0):empty;(4, 1):empty"
347,5,interact,"(2, 3)","(0, 1)","soup('onion', 3, 20)","(2, 1)","(1, 0)",onion,,"(3, 0):empty;(4, 1):empty",160.0,153.0,2,"(1, 0)",20.0,20.0,0.0,0.0,180.0,153.0,True,"(2, 3)",,"(3, 1)",onion,,"(3, 0):empty;(4, 1):empty"
348,3,"(-1, 0)","(2, 3)","(0, 1)",,"(3, 1)","(1, 0)",onion,,"(3, 0):empty;(4, 1):empty",180.0,153.0,5,interact,3.0,0.0,3.0,0.0,180.0,156.0,False,"(1, 3)",,"(3, 1)",,"(4, 1):soup('onion', 1, 0)","(3, 0):empty;(4, 1):soup('onion', 1, 0)"
349,5,interact,"(1, 3)","(-1, 0)",,"(3, 1)","(1, 0)",,"(4, 1):soup('onion', 1, 0)","(3, 0):empty;(4, 1):soup('onion', 1, 0)",180.0,156.0,1,"(0, 1)",0.0,0.0,0.0,0.0,180.0,156.0,False,"(1, 3)",onion,"(3, 2)",,"(4, 1):soup('onion', 1, 0)","(3, 0):empty;(4, 1):soup('onion', 1, 0)"
350,0,"(0, -1)","(1, 3)","(-1, 0)",onion,"(3, 2)","(0, 1)",,"(4, 1):soup('onion', 1, 0)","(3, 0):empty;(4, 1):soup('onion', 1, 0)",180.0,156.0,2,"(1, 0)",0.0,0.0,0.0,0.0,180.0,156.0,False,"(1, 2)",onion,"(3, 2)",,"(4, 1):soup('onion', 1, 0)","(3, 0):empty;(4, 1):soup('onion', 1, 0)"
351,0,"(0, -1)","(1, 2)","(0, -1)",onion,"(3, 2)","(1, 0)",,"(4, 1):soup('onion', 1, 0)","(3, 0):empty;(4, 1):soup('onion', 1, 0)",180.0,156.0,1,"(0, 1)",0.0,0.0,0.0,0.0,180.0,156.0,False,"(1, 1)",onion,"(3, 3)",,"(4, 1):soup('onion', 1, 0)","(3, 0):empty;(4, 1):soup('onion', 1, 0)"
352,2,"(1, 0)","(1, 1)","(0, -1)",onion,"(3, 3)","(0, 1)",,"(4, 1):soup('onion', 1, 0)","(3, 0):empty;(4, 1):soup('onion', 1, 0)",180.0,156.0,3,"(-1, 0)",0.0,0.0,0.0,0.0,180.0,156.0,False,"(2, 1)",onion,"(2, 3)",,"(4, 1):soup('onion', 1, 0)","(3, 0):empty;(4, 1):soup('onion', 1, 0)"
353,2,"(1, 0)","(2, 1)","(1, 0)",onion,"(2, 3)","(-1, 0)",,"(4, 1):soup('onion', 1, 0)","(3, 0):empty;(4, 1):soup('onion', 1, 0)",180.0,156.0,3,"(-1, 0)",0.0,0.0,0.0,0.0,180.0,156.0,False,"(3, 1)",onion,"(1, 3)",,"(4, 1):soup('onion', 1, 0)","(3, 0):empty;(4, 1):soup('onion', 1, 0)"
354,5,interact,"(3, 1)","(1, 0)",onion,"(1, 3)","(-1, 0)",,"(4, 1):soup('onion', 1, 0)","(3, 0):empty;(4, 1):soup('onion', 1, 0)",180.0,156.0,5,interact,3.0,0.0,3.0,0.0,180.0,159.0,False,"(3, 1)",,"(1, 3)",onion,"(4, 1):soup('onion', 2, 0)","(3, 0):empty;(4, 1):soup('onion', 2, 0)"
355,1,"(0, 1)","(3, 1)","(1, 0)",,"(1, 3)","(-1, 0)",onion,"(4, 1):soup('onion', 2, 0)","(3, 0):empty;(4, 1):soup('onion', 2, 0)",180.0,159.0,0,"(0, -1)",0.0,0.0,0.0,0.0,180.0,159.0,False,"(3, 2)",,"(1, 2)",onion,"(4, 1):soup('onion', 2, 0)","(3, 0):empty;(4, 1):soup('onion', 2, 0)"
356,1,"(0, 1)","(3, 2)","(0, 1)",,"(1, 2)","(0, -1)",onion,"(4, 1):soup('onion', 2, 0)","(3, 0):empty;(4, 1):soup('onion', 2, 0)",180.0,159.0,0,"(0, -1)",0.0,0.0,0.0,0.0,180.0,159.0,False,"(3, 3)",,"(1, 1)",onion,"(4, 1):soup('onion', 2, 0)","(3, 0):empty;(4, 1):soup('onion', 2, 0)"
357,3,"(-1, 0)","(3, 3)","(0, 1)",,"(1, 1)","(0, -1)",onion,"(4, 1):soup('onion', 2, 0)","(3, 0):empty;(4, 1):soup('onion', 2, 0)",180.0,159.0,2,"(1, 0)",0.0,0.0,0.0,0.0,180.0,159.0,False,"(2, 3)",,"(2, 1)",onion,"(4, 1):soup('onion', 2, 0)","(3, 0):empty;(4, 1):soup('onion', 2, 0)"
358,5,interact,"(2, 3)","(-1, 0)",,"(2, 1)","(1, 0)",onion,"(4, 1):soup('onion', 2, 0)","(3, 0):empty;(4, 1):soup('onion', 2, 0)",180.0,159.0,2,"(1, 0)",0.0,0.0,0.0,0.0,180.0,159.0,False,"(2, 3)",,"(3, 1)",onion,"(4, 1):soup('onion', 2, 0)","(3, 0):empty;(4, 1):soup('onion', 2, 0)"
359,5,interact,"(2, 3)","(-1, 0)",,"(3, 1)","(1, 0)",onion,"(4, 1):soup('onion', 2, 0)","(3, 0):empty;(4, 1):soup('onion', 2, 0)",180.0,159.0,5,interact,3.0,0.0,3.0,0.0,180.0,162.0,False,"(2, 3)",,"(3, 1)",,"(4, 1):soup('onion', 3, 1)","(3, 0):empty;(4, 1):soup('onion', 3, 1)"
360,3,"(-1, 0)","(2, 3)","(-1, 0)",,"(3, 1)","(1, 0)",,"(4, 1):soup('onion', 3, 1)","(3, 0):empty;(4, 1):soup('onion', 3, 1)",180.0,162.0,5,interact,0.0,0.0,0.0,0.0,180.0,162.0,False,"(1, 3)",,"(3, 1)",,"(4, 1):soup('onion', 3, 2)","(3, 0):empty;(4, 1):soup('onion', 3, 2)"
361,0,"(0, -1)","(1, 3)","(-1, 0)",,"(3, 1)","(1, 0)",,"(4, 1):soup('onion', 3, 2)","(3, 0):empty;(4, 1):soup('onion', 3, 2)",180.0,162.0,1,"(0, 1)",0.0,0.0,0.0,0.0,180.0,162.0,False,"(1, 2)",,"(3, 2)",,"(4, 1):soup('onion', 3, 3)","(3, 0):empty;(4, 1):soup('onion', 3, 3)"
362,3,"(-1, 0)","(1, 2)","(0, -1)",,"(3, 2)","(0, 1)",,"(4, 1):soup('onion', 3, 3)","(3, 0):empty;(4, 1):soup('onion', 3, 3)",180.0,162.0,1,"(0, 1)",0.0,0.0,0.0,0.0,180.0,162.0,False,"(1, 2)",,"(3, 3)",,"(4, 1):soup('onion', 3, 4)","(3, 0):empty;(4, 1):soup('onion', 3, 4)"
363,5,interact,"(1, 2)","(-1, 0)",,"(3, 3)","(0, 1)",,"(4, 1):soup('onion', 3, 4)","(3, 0):empty;(4, 1):soup('onion', 3, 4)",180.0,162.0,3,"(-1, 0)",3.0,0.0,3.0,0.0,180.0,165.0,False,"(1, 2)",dish,"(2, 3)",,"(4, 1):soup('onion', 3, 5)","(3, 0):empty;(4, 1):soup('onion', 3, 5)"
364,3,"(-1, 0)","(1, 2)","(-1, 0)",dish,"(2, 3)","(-1, 0)",,"(4, 1):soup('onion', 3, 5)","(3, 0):empty;(4, 1):soup('onion', 3, 5)",180.0,165.0,3,"(-1, 0)",0.0,0.0,0.0,0.0,180.0,165.0,False,"(1, 2)",dish,"(1, 3)",,"(4, 1):soup('onion', 3, 6)","(3, 0):empty;(4, 1):soup('onion', 3, 6)"
365,0,"(0, -1)","(1, 2)","(-1, 0)",dish,"(1, 3)","(-1, 0)",,"(4, 1):soup('onion', 3, 6)","(3, 0):empty;(4, 1):soup('onion', 3, 6)",180.0,165.0,1,"(0, 1)",0.0,0.0,0.0,0.0,180.0,165.0,False,"(1, 1)",dish,"(1, 3)",,"(4, 1):soup('onion', 3, 7)","(3, 0):empty;(4, 1):soup('onion', 3, 7)"
366,2,"(1, 0)","(1, 1)","(0, -1)",dish,"(1, 3)","(0, 1)",,"(4, 1):soup('onion', 3, 7)","(3, 0):empty;(4, 1):soup('onion', 3, 7)",180.0,165.0,5,interact,0.0,0.0,0.0,0.0,180.0,165.0,False,"(2, 1)",dish,"(1, 3)",onion,"(4, 1):soup('onion', 3, 8)","(3, 0):empty;(4, 1):soup('onion', 3, 8)"
367,2,"(1, 0)","(2, 1)","(1, 0)",dish,"(1, 3)","(0, 1)",onion,"(4, 1):soup('onion', 3, 8)","(3, 0):empty;(4, 1):soup('onion', 3, 8)",180.0,165.0,5,interact,0.0,0.0,0.0,0.0,180.0,165.0,False,"(3, 1)",dish,"(1, 3)",onion,"(4, 1):soup('onion', 3, 9)","(3, 0):empty;(4, 1):soup('onion', 3, 9)"
368,5,interact,"(3, 1)","(1, 0)",dish,"(1, 3)","(0, 1)",onion,"(4, 1):soup('onion', 3, 9)","(3, 0):empty;(4, 1):soup('onion', 3, 9)",180.0,165.0,4,"(0, 0)",0.0,0.0,0.0,0.0,180.0,165.0,False,"(3, 1)",dish,"(1, 3)",onion,"(4, 1):soup('onion', 3, 10)","(3, 0):empty;(4, 1):soup('onion', 3, 10)"
369,5,interact,"(3, 1)","(1, 0)",dish,"(1, 3)","(0, 1)",onion,"(4, 1):soup('onion', 3, 10)","(3, 0):empty;(4, 1):soup('onion', 3, 10)",180.0,165.0,4,"(0, 0)",0.0,0.0,0.0,0.0,180.0,165.0,False,"(3, 1)",dish,"(1, 3)",onion,"(4, 1):soup('onion', 3, 11)","(3, 0):empty;(4, 1):soup('onion', 3, 11)"
370,5,interact,"(3, 1)","(1, 0)",dish,"(1, 3)","(0, 1)",onion,"(4, 1):soup('onion', 3, 11)","(3, 0):empty;(4, 1):soup('onion', 3, 11)",180.0,165.0,4,"(0, 0)",0.0,0.0,0.0,0.0,180.0,165.0,False,"(3, 1)",dish,"(1, 3)",onion,"(4, 1):soup('onion', 3, 12)","(3, 0):empty;(4, 1):soup('onion', 3, 12)"
371,5,interact,"(3, 1)","(1, 0)",dish,"(1, 3)","(0, 1)",onion,"(4, 1):soup('onion', 3, 12)","(3, 0):empty;(4, 1):soup('onion', 3, 12)",180.0,165.0,4,"(0, 0)",0.0,0.0,0.0,0.0,180.0,165.0,False,"(3, 1)",dish,"(1, 3)",onion,"(4, 1):soup('onion', 3, 13)","(3, 0):empty;(4, 1):soup('onion', 3, 13)"
372,5,interact,"(3, 1)","(1, 0)",dish,"(1, 3)","(0, 1)",onion,"(4, 1):soup('onion', 3, 13)","(3, 0):empty;(4, 1):soup('onion', 3, 13)",180.0,165.0,4,"(0, 0)",0.0,0.0,0.0,0.0,180.0,165.0,False,"(3, 1)",dish,"(1, 3)",onion,"(4, 1):soup('onion', 3, 14)","(3, 0):empty;(4, 1):soup('onion', 3, 14)"
373,5,interact,"(3, 1)","(1, 0)",dish,"(1, 3)","(0, 1)",onion,"(4, 1):soup('onion', 3, 14)","(3, 0):empty;(4, 1):soup('onion', 3, 14)",180.0,165.0,4,"(0, 0)",0.0,0.0,0.0,0.0,180.0,165.0,False,"(3, 1)",dish,"(1, 3)",onion,"(4, 1):soup('onion', 3, 15)","(3, 0):empty;(4, 1):soup('onion', 3, 15)"
374,5,interact,"(3, 1)","(1, 0)",dish,"(1, 3)","(0, 1)",onion,"(4, 1):soup('onion', 3, 15)","(3, 0):empty;(4, 1):soup('onion', 3, 15)",180.0,165.0,4,"(0, 0)",0.0,0.0,0.0,0.0,180.0,165.0,False,"(3, 1)",dish,"(1, 3)",onion,"(4, 1):soup('onion', 3, 16)","(3, 0):empty;(4, 1):soup('onion', 3, 16)"
375,5,interact,"(3, 1)","(1, 0)",dish,"(1, 3)","(0, 1)",onion,"(4, 1):soup('onion', 3, 16)","(3, 0):empty;(4, 1):soup('onion', 3, 16)",180.0,165.0,4,"(0, 0)",0.0,0.0,0.0,0.0,180.0,165.0,False,"(3, 1)",dish,"(1, 3)",onion,"(4, 1):soup('onion', 3, 17)","(3, 0):empty;(4, 1):soup('onion', 3, 17)"
376,5,interact,"(3, 1)","(1, 0)",dish,"(1, 3)","(0, 1)",onion,"(4, 1):soup('onion', 3, 17)","(3, 0):empty;(4, 1):soup('onion', 3, 17)",180.0,165.0,4,"(0, 0)",0.0,0.0,0.0,0.0,180.0,165.0,False,"(3, 1)",dish,"(1, 3)",onion,"(4, 1):soup('onion', 3, 18)","(3, 0):empty;(4, 1):soup('onion', 3, 18)"
377,5,interact,"(3, 1)","(1, 0)",dish,"(1, 3)","(0, 1)",onion,"(4, 1):soup('onion', 3, 18)","(3, 0):empty;(4, 1):soup('onion', 3, 18)",180.0,165.0,4,"(0, 0)",0.0,0.0,0.0,0.0,180.0,165.0,False,"(3, 1)",dish,"(1, 3)",onion,"(4, 1):soup('onion', 3, 19)","(3, 0):empty;(4, 1):soup('onion', 3, 19)"
378,5,interact,"(3, 1)","(1, 0)",dish,"(1, 3)","(0, 1)",onion,"(4, 1):soup('onion', 3, 19)","(3, 0):empty;(4, 1):soup('onion', 3, 19)",180.0,165.0,4,"(0, 0)",0.0,0.0,0.0,0.0,180.0,165.0,False,"(3, 1)",dish,"(1, 3)",onion,"(4, 1):soup('onion', 3, 20)","(3, 0):empty;(4, 1):soup('onion', 3, 20)"
379,5,interact,"(3, 1)","(1, 0)",dish,"(1, 3)","(0, 1)",onion,"(4, 1):soup('onion', 3, 20)","(3, 0):empty;(4, 1):soup('onion', 3, 20)",180.0,165.0,2,"(1, 0)",5.0,0.0,5.0,0.0,180.0,170.0,False,"(3, 1)","soup('onion', 3, 20)","(2, 3)",onion,,"(3, 0):empty;(4, 1):empty"
380,1,"(0, 1)","(3, 1)","(1, 0)","soup('onion', 3, 20)","(2, 3)","(1, 0)",onion,,"(3, 0):empty;(4, 1):empty",180.0,170.0,0,"(0, -1)",0.0,0.0,0.0,0.0,180.0,170.0,False,"(3, 2)","soup('onion', 3, 20)","(2, 3)",onion,,"(3, 0):empty;(4, 1):empty"
381,1,"(0, 1)","(3, 2)","(0, 1)","soup('onion', 3, 20)","(2, 3)","(0, -1)",onion,,"(3, 0):empty;(4, 1):empty",180.0,170.0,3,"(-1, 0)",0.0,0.0,0.0,0.0,180.0,170.0,False,"(3, 3)","soup('onion', 3, 20)","(1, 3)",onion,,"(3, 0):empty;(4, 1):empty"
382,1,"(0, 1)","(3, 3)","(0, 1)","soup('onion', 3, 20)","(1, 3)","(-1, 0)",onion,,"(3, 0):empty;(4, 1):empty",180.0,170.0,0,"(0, -1)",0.0,0.0,0.0,0.0,180.0,170.0,False,"(3, 3)","soup('onion', 3, 20)","(1, 2)",onion,,"(3, 0):empty;(4, 1):empty"
383,3,"(-1, 0)","(3, 3)","(0, 1)","soup('onion', 3, 20)","(1, 2)","(0, -1)",onion,,"(3, 0):empty;(4, 1):empty",180.0,170.0,0,"(0, -1)",0.0,0.0,0.0,0.0,180.0,170.0,False,"(2, 3)","soup('onion', 3, 20)","(1, 1)",onion,,"(3, 0):empty;(4, 1):empty"
384,1,"(0, 1)","(2, 3)","(-1, 0)","soup('onion', 3, 20)","(1, 1)","(0, -1)",onion,,"(3, 0):empty;(4, 1):empty",180.0,170.0,2,"(1, 0)",0.0,0.0,0.0,0.0,180.0,170.0,False,"(2, 3)","soup('onion', 3, 20)","(2, 1)",onion,,"(3, 0):empty;(4, 1):empty"
385,5,interact,"(2, 3)","(0, 1)","soup('onion', 3, 20)","(2, 1)","(1, 0)",onion,,"(3, 0):empty;(4, 1):empty",180.0,170.0,2,"(1, 0)",20.0,20.0,0.0,0.0,200.0,170.0,True,"(2, 3)",,"(3, 1)",onion,,"(3, 0):empty;(4, 1):empty"
386,3,"(-1, 0)","(2, 3)","(0, 1)",,"(3, 1)","(1, 0)",onion,,"(3, 0):empty;(4, 1):empty",200.0,170.0,5,interact,3.0,0.0,3.0,0.0,200.0,173.0,False,"(1, 3)",,"(3, 1)",,"(4, 1):soup('onion', 1, 0)","(3, 0):empty;(4, 1):soup('onion', 1, 0)"
387,5,interact,"(1, 3)","(-1, 0)",,"(3, 1)","(1, 0)",,"(4, 1):soup('onion', 1, 0)","(3, 0):empty;(4, 1):soup('onion', 1, 0)",200.0,173.0,1,"(0, 1)",0.0,0.0,0.0,0.0,200.0,173.0,False,"(1, 3)",onion,"(3, 2)",,"(4, 1):soup('onion', 1, 0)","(3, 0):empty;(4, 1):soup('onion', 1, 0)"
388,0,"(0, -1)","(1, 3)","(-1, 0)",onion,"(3, 2)","(0, 1)",,"(4, 1):soup('onion', 1, 0)","(3, 0):empty;(4, 1):soup('onion', 1, 0)",200.0,173.0,2,"(1, 0)",0.0,0.0,0.0,0.0,200.0,173.0,False,"(1, 2)",onion,"(3, 2)",,"(4, 1):soup('onion', 1, 0)","(3, 0):empty;(4, 1):soup('onion', 1, 0)"
389,0,"(0, -1)","(1, 2)","(0, -1)",onion,"(3, 2)","(1, 0)",,"(4, 1):soup('onion', 1, 0)","(3, 0):empty;(4, 1):soup('onion', 1, 0)",200.0,173.0,1,"(0, 1)",0.0,0.0,0.0,0.0,200.0,173.0,False,"(1, 1)",onion,"(3, 3)",,"(4, 1):soup('onion', 1, 0)","(3, 0):empty;(4, 1):soup('onion', 1, 0)"
390,2,"(1, 0)","(1, 1)","(0, -1)",onion,"(3, 3)","(0, 1)",,"(4, 1):soup('onion', 1, 0)","(3, 0):empty;(4, 1):soup('onion', 1, 0)",200.0,173.0,3,"(-1, 0)",0.0,0.0,0.0,0.0,200.0,173.0,False,"(2, 1)",onion,"(2, 3)",,"(4, 1):soup('onion', 1, 0)","(3, 0):empty;(4, 1):soup('onion', 1, 0)"
391,2,"(1, 0)","(2, 1)","(1, 0)",onion,"(2, 3)","(-1, 0)",,"(4, 1):soup('onion', 1, 0)","(3, 0):empty;(4, 1):soup('onion', 1, 0)",200.0,173.0,3,"(-1, 0)",0.0,0.0,0.0,0.0,200.0,173.0,False,"(3, 1)",onion,"(1, 3)",,"(4, 1):soup('onion', 1, 0)","(3, 0):empty;(4, 1):soup('onion', 1, 0)"
392,5,interact,"(3, 1)","(1, 0)",onion,"(1, 3)","(-1, 0)",,"(4, 1):soup('onion', 1, 0)","(3, 0):empty;(4, 1):soup('onion', 1, 0)",200.0,173.0,5,interact,3.0,0.0,3.0,0.0,200.0,176.0,False,"(3, 1)",,"(1, 3)",onion,"(4, 1):soup('onion', 2, 0)","(3, 0):empty;(4, 1):soup('onion', 2, 0)"
393,1,"(0, 1)","(3, 1)","(1, 0)",,"(1, 3)","(-1, 0)",onion,"(4, 1):soup('onion', 2, 0)","(3, 0):empty;(4, 1):soup('onion', 2, 0)",200.0,176.0,0,"(0, -1)",0.0,0.0,0.0,0.0,200.0,176.0,False,"(3, 2)",,"(1, 2)",onion,"(4, 1):soup('onion', 2, 0)","(3, 0):empty;(4, 1):soup('onion', 2, 0)"
394,1,"(0, 1)","(3, 2)","(0, 1)",,"(1, 2)","(0, -1)",onion,"(4, 1):soup('onion', 2, 0)","(3, 0):empty;(4, 1):soup('onion', 2, 0)",200.0,176.0,0,"(0, -1)",0.0,0.0,0.0,0.0,200.0,176.0,False,"(3, 3)",,"(1, 1)",onion,"(4, 1):soup('onion', 2, 0)","(3, 0):empty;(4, 1):soup('onion', 2, 0)"
395,3,"(-1, 0)","(3, 3)","(0, 1)",,"(1, 1)","(0, -1)",onion,"(4, 1):soup('onion', 2, 0)","(3, 0):empty;(4, 1):soup('onion', 2, 0)",200.0,176.0,2,"(1, 0)",0.0,0.0,0.0,0.0,200.0,176.0,False,"(2, 3)",,"(2, 1)",onion,"(4, 1):soup('onion', 2, 0)","(3, 0):empty;(4, 1):soup('onion', 2, 0)"
396,5,interact,"(2, 3)","(-1, 0)",,"(2, 1)","(1, 0)",onion,"(4, 1):soup('onion', 2, 0)","(3, 0):empty;(4, 1):soup('onion', 2, 0)",200.0,176.0,2,"(1, 0)",0.0,0.0,0.0,0.0,200.0,176.0,False,"(2, 3)",,"(3, 1)",onion,"(4, 1):soup('onion', 2, 0)","(3, 0):empty;(4, 1):soup('onion', 2, 0)"
397,5,interact,"(2, 3)","(-1, 0)",,"(3, 1)","(1, 0)",onion,"(4, 1):soup('onion', 2, 0)","(3, 0):empty;(4, 1):soup('onion', 2, 0)",200.0,176.0,5,interact,3.0,0.0,3.0,0.0,200.0,179.0,False,"(2, 3)",,"(3, 1)",,"(4, 1):soup('onion', 3, 1)","(3, 0):empty;(4, 1):soup('onion', 3, 1)"
398,3,"(-1, 0)","(2, 3)","(-1, 0)",,"(3, 1)","(1, 0)",,"(4, 1):soup('onion', 3, 1)","(3, 0):empty;(4, 1):soup('onion', 3, 1)",200.0,179.0,5,interact,0.0,0.0,0.0,0.0,200.0,179.0,False,"(1, 3)",,"(3, 1)",,"(4, 1):soup('onion', 3, 2)","(3, 0):empty;(4, 1):soup('onion', 3, 2)"
399,0,"(0, -1)","(1, 3)","(-1, 0)",,"(3, 1)","(1, 0)",,"(4, 1):soup('onion', 3, 2)","(3, 0):empty;(4, 1):soup('onion', 3, 2)",200.0,179.0,1,"(0, 1)",0.0,0.0,0.0,0.0,200.0,179.0,False,"(1, 2)",,"(3, 2)",,"(4, 1):soup('onion', 3, 3)","(3, 0):empty;(4, 1):soup('onion', 3, 3)"
