step,ego_action_idx,ego_action,p0_pos,p0_orient,p0_held,p1_pos,p1_orient,p1_held,objects_before,pots_before,cum_sparse_before,cum_shaped_before,partner_action_idx,partner_action,reward,sparse_reward,built_in_shaped_reward,custom_shaped_reward,cum_sparse_after,cum_shaped_after,delivery_event,p0_pos_after,p0_held_after,p1_pos_after,p1_held_after,objects_after,pots_after
0,2,"(1, 0)","(2, 1)","(0, -1)",,"(1, 2)","(0, -1)",,,"(3, 0):empty;(4, 1):empty",0.0,0.0,1,"(0, 1)",0.0,0.0,0.0,0.0,0.0,0.0,False,"(3, 1)",,"(1, 3)",,,"(3, 0):empty;(4, 1):empty"
1,1,"(0, 1)","(3, 1)","(1, 0)",,"(1, 3)","(0, 1)",,,"(3, 0):empty;(4, 1):empty",0.0,0.0,5,interact,0.0,0.0,0.0,0.0,0.0,0.0,False,"(3, 2)",,"(1, 3)",onion,,"(3, 0):empty;(4, 1):empty"
2,1,"(0, 1)","(3, 2)","(0, 1)",,"(1, 3)","(0, 1)",onion,,"(3, 0):empty;(4, 1):empty",0.0,0.0,0,"(0, -1)",0.0,0.0,0.0,0.0,0.0,0.0,False,"(3, 3)",,"(1, 2)",onion,,"(3, 0):empty;(4, 1):empty"
3,5,interact,"(3, 3)","(0, 1)",,"(1, 2)","(0, -1)",onion,,"(3, 0):empty;(4, 1):empty",0.0,0.0,0,"(0, -1)",0.0,0.0,0.0,0.0,0.0,0.0,False,"(3, 3)",,"(1, 1)",onion,,"(3, 0):empty;(4, 1):empty"
4,5,interact,"(3, 3)","(0, 1)",,"(1, 1)","(0, -1)",onion,,"(3, 0):empty;(4, 1):empty",0.0,0.0,2,"(1, 0)",0.0,0.0,0.0,0.0,0.0,0.0,False,"(3, 3)",,"(2, 1)",onion,,"(3, 0):empty;(4, 1):empty"
5,5,interact,"(3, 3)","(0, 1)",,"(2, 1)","(1, 0)",onion,,"(3, 0):empty;(4, 1):empty",0.0,0.0,2,"(1, 0)",0.0,0.0,0.0,0.0,0.0,0.0,False,"(3, 3)",,"(3, 1)",onion,,"(3, 0):empty;(4, 1):empty"
6,5,interact,"(3, 3)","(0, 1)",,"(3, 1)","(1, 0)",onion,,"(3, 0):empty;(4, 1):empty",0.0,0.0,5,interact,3.0594,0.0,3.0,0.0594,0.0,3.0,False,"(3, 3)",,"(3, 1)",,"(4, 1):soup('onion', 1, 0)","(3, 0):empty;(4, 1):soup('onion', 1, 0)"
7,3,"(-1, 0)","(3, 3)","(0, 1)",,"(3, 1)","(1, 0)",,"(4, 1):soup('onion', 1, 0)","(3, 0):empty;(4, 1):soup('onion', 1, 0)",0.0,3.0,3,"(-1, 0)",-0.0006000000000000006,0.0,0.0,-0.0006000000000000006,0.0,3.0,False,"(2, 3)",,"(2, 1)",,"(4, 1):soup('onion', 1, 0)","(3, 0):empty;(4, 1):soup('onion', 1, 0)"
8,5,interact,"(2, 3)","(-1, 0)",,"(2, 1)","(-1, 0)",,"(4, 1):soup('onion', 1, 0)","(3, 0):empty;(4, 1):soup('onion', 1, 0)",0.0,3.0,3,"(-1, 0)",-0.0006000000000000006,0.0,0.0,-0.0006000000000000006,0.0,3.0,False,"(2, 3)",,"(1, 1)",,"(4, 1):soup('onion', 1, 0)","(3, 0):empty;(4, 1):soup('onion', 1, 0)"
9,2,"(1, 0)","(2, 3)","(-1, 0)",,"(1, 1)","(-1, 0)",,"(4, 1):soup('onion', 1, 0)","(3, 0):empty;(4, 1):soup('onion', 1, 0)",0.0,3.0,1,"(0, 1)",-0.0006000000000000006,0.0,0.0,-0.0006000000000000006,0.0,3.0,False,"(3, 3)",,"(1, 2)",,"(4, 1):soup('onion', 1, 0)","(3, 0):empty;(4, 1):soup('onion', 1, 0)"
10,4,"(0, 0)","(3, 3)","(1, 0)",,"(1, 2)","(0, 1)",,"(4, 1):soup('onion', 1, 0)","(3, 0):empty;(4, 1):soup('onion', 1, 0)",0.0,3.0,1,"(0, 1)",-0.0006000000000000006,0.0,0.0,-0.0006000000000000006,0.0,3.0,False,"(3, 3)",,"(1, 3)",,"(4, 1):soup('onion', 1, 0)","(3, 0):empty;(4, 1):soup('onion', 1, 0)"
11,5,interact,"(3, 3)","(1, 0)",,"(1, 3)","(0, 1)",,"(4, 1):soup('onion', 1, 0)","(3, 0):empty;(4, 1):soup('onion', 1, 0)",0.0,3.0,5,interact,-0.0006000000000000006,0.0,0.0,-0.0006000000000000006,0.0,3.0,False,"(3, 3)",,"(1, 3)",onion,"(4, 1):soup('onion', 1, 0)","(3, 0):empty;(4, 1):soup('onion', 1, 0)"
12,1,"(0, 1)","(3, 3)","(1, 0)",,"(1, 3)","(0, 1)",onion,"(4, 1):soup('onion', 1, 0)","(3, 0):empty;(4, 1):soup('onion', 1, 0)",0.0,3.0,0,"(0, -1)",-0.0006000000000000006,0.0,0.0,-0.0006000000000000006,0.0,3.0,False,"(3, 3)",,"(1, 2)",onion,"(4, 1):soup('onion', 1, 0)","(3, 0):empty;(4, 1):soup('onion', 1, 0)"
13,3,"(-1, 0)","(3, 3)","(0, 1)",,"(1, 2)","(0, -1)",onion,"(4, 1):soup('onion', 1, 0)","(3, 0):empty;(4, 1):soup('onion', 1, 0)",0.0,3.0,0,"(0, -1)",-0.0006000000000000006,0.0,0.0,-0.0006000000000000006,0.0,3.0,False,"(2, 3)",,"(1, 1)",onion,"(4, 1):soup('onion', 1, 0)","(3, 0):empty;(4, 1):soup('onion', 1, 0)"
14,1,"(0, 1)","(2, 3)","(-1, 0)",,"(1, 1)","(0, -1)",onion,"(4, 1):soup('onion', 1, 0)","(3, 0):empty;(4, 1):soup('onion', 1, 0)",0.0,3.0,2,"(1, 0)",-0.0006000000000000006,0.0,0.0,-0.0006000000000000006,0.0,3.0,False,"(2, 3)",,"(2, 1)",onion,"(4, 1):soup('onion', 1, 0)","(3, 0):empty;(4, 1):soup('onion', 1, 0)"
15,5,interact,"(2, 3)","(0, 1)",,"(2, 1)","(1, 0)",onion,"(4, 1):soup('onion', 1, 0)","(3, 0):empty;(4, 1):soup('onion', 1, 0)",0.0,3.0,2,"(1, 0)",-0.0006000000000000006,0.0,0.0,-0.0006000000000000006,0.0,3.0,False,"(2, 3)",,"(3, 1)",onion,"(4, 1):soup('onion', 1, 0)","(3, 0):empty;(4, 1):soup('onion', 1, 0)"
16,5,interact,"(2, 3)","(0, 1)",,"(3, 1)","(1, 0)",onion,"(4, 1):soup('onion', 1, 0)","(3, 0):empty;(4, 1):soup('onion', 1, 0)",0.0,3.0,5,interact,3.0588,0.0,3.0,0.0588,0.0,6.0,False,"(2, 3)",,"(3, 1)",,"(4, 1):soup('onion', 2, 0)","(3, 0):empty;(4, 1):soup('onion', 2, 0)"
17,4,"(0, 0)","(2, 3)","(0, 1)",,"(3, 1)","(1, 0)",,"(4, 1):soup('onion', 2, 0)","(3, 0):empty;(4, 1):soup('onion', 2, 0)",0.0,6.0,3,"(-1, 0)",-0.0012000000000000012,0.0,0.0,-0.0012000000000000012,0.0,6.0,False,"(2, 3)",,"(2, 1)",,"(4, 1):soup('onion', 2, 0)","(3, 0):empty;(4, 1):soup('onion', 2, 0)"
18,2,"(1, 0)","(2, 3)","(0, 1)",,"(2, 1)","(-1, 0)",,"(4, 1):soup('onion', 2, 0)","(3, 0):empty;(4, 1):soup('onion', 2, 0)",0.0,6.0,3,"(-1, 0)",-0.0012000000000000012,0.0,0.0,-0.0012000000000000012,0.0,6.0,False,"(3, 3)",,"(1, 1)",,"(4, 1):soup('onion', 2, 0)","(3, 0):empty;(4, 1):soup('onion', 2, 0)"
19,5,interact,"(3, 3)","(1, 0)",,"(1, 1)","(-1, 0)",,"(4, 1):soup('onion', 2, 0)","(3, 0):empty;(4, 1):soup('onion', 2, 0)",0.0,6.0,1,"(0, 1)",-0.0012000000000000012,0.0,0.0,-0.0012000000000000012,0.0,6.0,False,"(3, 3)",,"(1, 2)",,"(4, 1):soup('onion', 2, 0)","(3, 0):empty;(4, 1):soup('onion', 2, 0)"
20,4,"(0, 0)","(3, 3)","(1, 0)",,"(1, 2)","(0, 1)",,"(4, 1):soup('onion', 2, 0)","(3, 0):empty;(4, 1):soup('onion', 2, 0)",0.0,6.0,1,"(0, 1)",-0.0012000000000000012,0.0,0.0,-0.0012000000000000012,0.0,6.0,False,"(3, 3)",,"(1, 3)",,"(4, 1):soup('onion', 2, 0)","(3, 0):empty;(4, 1):soup('onion', 2, 0)"
21,5,interact,"(3, 3)","(1, 0)",,"(1, 3)","(0, 1)",,"(4, 1):soup('onion', 2, 0)","(3, 0):empty;(4, 1):soup('onion', 2, 0)",0.0,6.0,5,interact,-0.0012000000000000012,0.0,0.0,-0.0012000000000000012,0.0,6.0,False,"(3, 3)",,"(1, 3)",onion,"(4, 1):soup('onion', 2, 0)","(3, 0):empty;(4, 1):soup('onion', 2, 0)"
22,1,"(0, 1)","(3, 3)","(1, 0)",,"(1, 3)","(0, 1)",onion,"(4, 1):soup('onion', 2, 0)","(3, 0):empty;(4, 1):soup('onion', 2, 0)",0.0,6.0,0,"(0, -1)",-0.0012000000000000012,0.0,0.0,-0.0012000000000000012,0.0,6.0,False,"(3, 3)",,"(1, 2)",onion,"(4, 1):soup('onion', 2, 0)","(3, 0):empty;(4, 1):soup('onion', 2, 0)"
23,3,"(-1, 0)","(3, 3)","(0, 1)",,"(1, 2)","(0, -1)",onion,"(4, 1):soup('onion', 2, 0)","(3, 0):empty;(4, 1):soup('onion', 2, 0)",0.0,6.0,0,"(0, -1)",-0.0012000000000000012,0.0,0.0,-0.0012000000000000012,0.0,6.0,False,"(2, 3)",,"(1, 1)",onion,"(4, 1):soup('onion', 2, 0)","(3, 0):empty;(4, 1):soup('onion', 2, 0)"
24,1,"(0, 1)","(2, 3)","(-1, 0)",,"(1, 1)","(0, -1)",onion,"(4, 1):soup('onion', 2, 0)","(3, 0):empty;(4, 1):soup('onion', 2, 0)",0.0,6.0,2,"(1, 0)",-0.0012000000000000012,0.0,0.0,-0.0012000000000000012,0.0,6.0,False,"(2, 3)",,"(2, 1)",onion,"(4, 1):soup('onion', 2, 0)","(3, 0):empty;(4, 1):soup('onion', 2, 0)"
25,5,interact,"(2, 3)","(0, 1)",,"(2, 1)","(1, 0)",onion,"(4, 1):soup('onion', 2, 0)","(3, 0):empty;(4, 1):soup('onion', 2, 0)",0.0,6.0,2,"(1, 0)",-0.0012000000000000012,0.0,0.0,-0.0012000000000000012,0.0,6.0,False,"(2, 3)",,"(3, 1)",onion,"(4, 1):soup('onion', 2, 0)","(3, 0):empty;(4, 1):soup('onion', 2, 0)"
26,5,interact,"(2, 3)","(0, 1)",,"(3, 1)","(1, 0)",onion,"(4, 1):soup('onion', 2, 0)","(3, 0):empty;(4, 1):soup('onion', 2, 0)",0.0,6.0,5,interact,3.078,0.0,3.0,0.07800000000000001,0.0,9.0,False,"(2, 3)",,"(3, 1)",,"(4, 1):soup('onion', 3, 1)","(3, 0):empty;(4, 1):soup('onion', 3, 1)"
27,5,interact,"(2, 3)","(0, 1)",,"(3, 1)","(1, 0)",,"(4, 1):soup('onion', 3, 1)","(3, 0):empty;(4, 1):soup('onion', 3, 1)",0.0,9.0,3,"(-1, 0)",-0.0020000000000000018,0.0,0.0,-0.0020000000000000018,0.0,9.0,False,"(2, 3)",,"(2, 1)",,"(4, 1):soup('onion', 3, 2)","(3, 0):empty;(4, 1):soup('onion', 3, 2)"
28,1,"(0, 1)","(2, 3)","(0, 1)",,"(2, 1)","(-1, 0)",,"(4, 1):soup('onion', 3, 2)","(3, 0):empty;(4, 1):soup('onion', 3, 2)",0.0,9.0,3,"(-1, 0)",-0.0020000000000000018,0.0,0.0,-0.0020000000000000018,0.0,9.0,False,"(2, 3)",,"(1, 1)",,"(4, 1):soup('onion', 3, 3)","(3, 0):empty;(4, 1):soup('onion', 3, 3)"
29,1,"(0, 1)","(2, 3)","(0, 1)",,"(1, 1)","(-1, 0)",,"(4, 1):soup('onion', 3, 3)","(3, 0):empty;(4, 1):soup('onion', 3, 3)",0.0,9.0,1,"(0, 1)",-0.0020000000000000018,0.0,0.0,-0.0020000000000000018,0.0,9.0,False,"(2, 3)",,"(1, 2)",,"(4, 1):soup('onion', 3, 4)","(3, 0):empty;(4, 1):soup('onion', 3, 4)"
30,2,"(1, 0)","(2, 3)","(0, 1)",,"(1, 2)","(0, 1)",,"(4, 1):soup('onion', 3, 4)","(3, 0):empty;(4, 1):soup('onion', 3, 4)",0.0,9.0,3,"(-1, 0)",-0.0020000000000000018,0.0,0.0,-0.0020000000000000018,0.0,9.0,False,"(3, 3)",,"(1, 2)",,"(4, 1):soup('onion', 3, 5)","(3, 0):empty;(4, 1):soup('onion', 3, 5)"
31,1,"(0, 1)","(3, 3)","(1, 0)",,"(1, 2)","(-1, 0)",,"(4, 1):soup('onion', 3, 5)","(3, 0):empty;(4, 1):soup('onion', 3, 5)",0.0,9.0,5,interact,2.998,0.0,3.0,-0.0020000000000000018,0.0,12.0,False,"(3, 3)",,"(1, 2)",dish,"(4, 1):soup('onion', 3, 6)","(3, 0):empty;(4, 1):soup('onion', 3, 6)"
32,5,interact,"(3, 3)","(0, 1)",,"(1, 2)","(-1, 0)",dish,"(4, 1):soup('onion', 3, 6)","(3, 0):empty;(4, 1):soup('onion', 3, 6)",0.0,12.0,5,interact,-0.0020000000000000018,0.0,0.0,-0.0020000000000000018,0.0,12.0,False,"(3, 3)",,"(1, 2)",dish,"(4, 1):soup('onion', 3, 7)","(3, 0):empty;(4, 1):soup('onion', 3, 7)"
33,5,interact,"(3, 3)","(0, 1)",,"(1, 2)","(-1, 0)",dish,"(4, 1):soup('onion', 3, 7)","(3, 0):empty;(4, 1):soup('onion', 3, 7)",0.0,12.0,5,interact,-0.0020000000000000018,0.0,0.0,-0.0020000000000000018,0.0,12.0,False,"(3, 3)",,"(1, 2)",dish,"(4, 1):soup('onion', 3, 8)","(3, 0):empty;(4, 1):soup('onion', 3, 8)"
34,5,interact,"(3, 3)","(0, 1)",,"(1, 2)","(-1, 0)",dish,"(4, 1):soup('onion', 3, 8)","(3, 0):empty;(4, 1):soup('onion', 3, 8)",0.0,12.0,5,interact,-0.0020000000000000018,0.0,0.0,-0.0020000000000000018,0.0,12.0,False,"(3, 3)",,"(1, 2)",dish,"(4, 1):soup('onion', 3, 9)","(3, 0):empty;(4, 1):soup('onion', 3, 9)"
35,5,interact,"(3, 3)","(0, 1)",,"(1, 2)","(-1, 0)",dish,"(4, 1):soup('onion', 3, 9)","(3, 0):empty;(4, 1):soup('onion', 3, 9)",0.0,12.0,5,interact,-0.0020000000000000018,0.0,0.0,-0.0020000000000000018,0.0,12.0,False,"(3, 3)",,"(1, 2)",dish,"(4, 1):soup('onion', 3, 10)","(3, 0):empty;(4, 1):soup('onion', 3, 10)"
36,5,interact,"(3, 3)","(0, 1)",,"(1, 2)","(-1, 0)",dish,"(4, 1):soup('onion', 3, 10)","(3, 0):empty;(4, 1):soup('onion', 3, 10)",0.0,12.0,5,interact,-0.0020000000000000018,0.0,0.0,-0.0020000000000000018,0.0,12.0,False,"(3, 3)",,"(1, 2)",dish,"(4, 1):soup('onion', 3, 11)","(3, 0):empty;(4, 1):soup('onion', 3, 11)"
37,5,interact,"(3, 3)","(0, 1)",,"(1, 2)","(-1, 0)",dish,"(4, 1):soup('onion', 3, 11)","(3, 0):empty;(4, 1):soup('onion', 3, 11)",0.0,12.0,5,interact,-0.0020000000000000018,0.0,0.0,-0.0020000000000000018,0.0,12.0,False,"(3, 3)",,"(1, 2)",dish,"(4, 1):soup('onion', 3, 12)","(3, 0):empty;(4, 1):soup('onion', 3, 12)"
38,5,interact,"(3, 3)","(0, 1)",,"(1, 2)","(-1, 0)",dish,"(4, 1):soup('onion', 3, 12)","(3, 0):empty;(4, 1):soup('onion', 3, 12)",0.0,12.0,5,interact,-0.0020000000000000018,0.0,0.0,-0.0020000000000000018,0.0,12.0,False,"(3, 3)",,"(1, 2)",dish,"(4, 1):soup('onion', 3, 13)","(3, 0):empty;(4, 1):soup('onion', 3, 13)"
39,5,interact,"(3, 3)","(0, 1)",,"(1, 2)","(-1, 0)",dish,"(4, 1):soup('onion', 3, 13)","(3, 0):empty;(4, 1):soup('onion', 3, 13)",0.0,12.0,5,interact,-0.0020000000000000018,0.0,0.0,-0.0020000000000000018,0.0,12.0,False,"(3, 3)",,"(1, 2)",dish,"(4, 1):soup('onion', 3, 14)","(3, 0):empty;(4, 1):soup('onion', 3, 14)"
40,5,interact,"(3, 3)","(0, 1)",,"(1, 2)","(-1, 0)",dish,"(4, 1):soup('onion', 3, 14)","(3, 0):empty;(4, 1):soup('onion', 3, 14)",0.0,12.0,5,interact,-0.0020000000000000018,0.0,0.0,-0.0020000000000000018,0.0,12.0,False,"(3, 3)",,"(1, 2)",dish,"(4, 1):soup('onion', 3, 15)","(3, 0):empty;(4, 1):soup('onion', 3, 15)"
41,5,interact,"(3, 3)","(0, 1)",,"(1, 2)","(-1, 0)",dish,"(4, 1):soup('onion', 3, 15)","(3, 0):empty;(4, 1):soup('onion', 3, 15)",0.0,12.0,5,interact,-0.0020000000000000018,0.0,0.0,-0.0020000000000000018,0.0,12.0,False,"(3, 3)",,"(1, 2)",dish,"(4, 1):soup('onion', 3, 16)","(3, 0):empty;(4, 1):soup('onion', 3, 16)"
42,5,interact,"(3, 3)","(0, 1)",,"(1, 2)","(-1, 0)",dish,"(4, 1):soup('onion', 3, 16)","(3, 0):empty;(4, 1):soup('onion', 3, 16)",0.0,12.0,5,interact,-0.0020000000000000018,0.0,0.0,-0.0020000000000000018,0.0,12.0,False,"(3, 3)",,"(1, 2)",dish,"(4, 1):soup('onion', 3, 17)","(3, 0):empty;(4, 1):soup('onion', 3, 17)"
43,5,interact,"(3, 3)","(0, 1)",,"(1, 2)","(-1, 0)",dish,"(4, 1):soup('onion', 3, 17)","(3, 0):empty;(4, 1):soup('onion', 3, 17)",0.0,12.0,5,interact,-0.0020000000000000018,0.0,0.0,-0.0020000000000000018,0.0,12.0,False,"(3, 3)",,"(1, 2)",dish,"(4, 1):soup('onion', 3, 18)","(3, 0):empty;(4, 1):soup('onion', 3, 18)"
44,5,interact,"(3, 3)","(0, 1)",,"(1, 2)","(-1, 0)",dish,"(4, 1):soup('onion', 3, 18)","(3, 0):empty;(4, 1):soup('onion', 3, 18)",0.0,12.0,5,interact,-0.0020000000000000018,0.0,0.0,-0.0020000000000000018,0.0,12.0,False,"(3, 3)",,"(1, 2)",dish,"(4, 1):soup('onion', 3, 19)","(3, 0):empty;(4, 1):soup('onion', 3, 19)"
45,5,interact,"(3, 3)","(0, 1)",,"(1, 2)","(-1, 0)",dish,"(4, 1):soup('onion', 3, 19)","(3, 0):empty;(4, 1):soup('onion', 3, 19)",0.0,12.0,5,interact,0.09699999999999998,0.0,0.0,0.09699999999999998,0.0,12.0,False,"(3, 3)",,"(1, 2)",dish,"(4, 1):soup('onion', 3, 20)","(3, 0):empty;(4, 1):soup('onion', 3, 20)"
46,5,interact,"(3, 3)","(0, 1)",,"(1, 2)","(-1, 0)",dish,"(4, 1):soup('onion', 3, 20)","(3, 0):empty;(4, 1):soup('onion', 3, 20)",0.0,12.0,0,"(0, -1)",-0.003000000000000025,0.0,0.0,-0.003000000000000025,0.0,12.0,False,"(3, 3)",,"(1, 1)",dish,"(4, 1):soup('onion', 3, 20)","(3, 0):empty;(4, 1):soup('onion', 3, 20)"
47,5,interact,"(3, 3)","(0, 1)",,"(1, 1)","(0, -1)",dish,"(4, 1):soup('onion', 3, 20)","(3, 0):empty;(4, 1):soup('onion', 3, 20)",0.0,12.0,2,"(1, 0)",-0.003000000000000025,0.0,0.0,-0.003000000000000025,0.0,12.0,False,"(3, 3)",,"(2, 1)",dish,"(4, 1):soup('onion', 3, 20)","(3, 0):empty;(4, 1):soup('onion', 3, 20)"
48,5,interact,"(3, 3)","(0, 1)",,"(2, 1)","(1, 0)",dish,"(4, 1):soup('onion', 3, 20)","(3, 0):empty;(4, 1):soup('onion', 3, 20)",0.0,12.0,2,"(1, 0)",-0.003000000000000025,0.0,0.0,-0.003000000000000025,0.0,12.0,False,"(3, 3)",,"(3, 1)",dish,"(4, 1):soup('onion', 3, 20)","(3, 0):empty;(4, 1):soup('onion', 3, 20)"
49,4,"(0, 0)","(3, 3)","(0, 1)",,"(3, 1)","(1, 0)",dish,"(4, 1):soup('onion', 3, 20)","(3, 0):empty;(4, 1):soup('onion', 3, 20)",0.0,12.0,5,interact,5.0564,0.0,5.0,0.056400000000000006,0.0,17.0,False,"(3, 3)",,"(3, 1)","soup('onion', 3, 20)",,"(3, 0):empty;(4, 1):empty"
50,3,"(-1, 0)","(3, 3)","(0, 1)",,"(3, 1)","(1, 0)","soup('onion', 3, 20)",,"(3, 0):empty;(4, 1):empty",0.0,17.0,3,"(-1, 0)",0.006300000000000017,0.0,0.0,0.006300000000000017,0.0,17.0,False,"(2, 3)",,"(2, 1)","soup('onion', 3, 20)",,"(3, 0):empty;(4, 1):empty"
51,5,interact,"(2, 3)","(-1, 0)",,"(2, 1)","(-1, 0)","soup('onion', 3, 20)",,"(3, 0):empty;(4, 1):empty",0.0,17.0,3,"(-1, 0)",-0.013600000000000013,0.0,0.0,-0.013600000000000013,0.0,17.0,False,"(2, 3)",,"(1, 1)","soup('onion', 3, 20)",,"(3, 0):empty;(4, 1):empty"
52,1,"(0, 1)","(2, 3)","(-1, 0)",,"(1, 1)","(-1, 0)","soup('onion', 3, 20)",,"(3, 0):empty;(4, 1):empty",0.0,17.0,1,"(0, 1)",0.006300000000000017,0.0,0.0,0.006300000000000017,0.0,17.0,False,"(2, 3)",,"(1, 2)","soup('onion', 3, 20)",,"(3, 0):empty;(4, 1):empty"
53,2,"(1, 0)","(2, 3)","(0, 1)",,"(1, 2)","(0, 1)","soup('onion', 3, 20)",,"(3, 0):empty;(4, 1):empty",0.0,17.0,1,"(0, 1)",0.006199999999999983,0.0,0.0,0.006199999999999983,0.0,17.0,False,"(3, 3)",,"(1, 3)","soup('onion', 3, 20)",,"(3, 0):empty;(4, 1):empty"
54,1,"(0, 1)","(3, 3)","(1, 0)",,"(1, 3)","(0, 1)","soup('onion', 3, 20)",,"(3, 0):empty;(4, 1):empty",0.0,17.0,2,"(1, 0)",0.006099999999999994,0.0,0.0,0.006099999999999994,0.0,17.0,False,"(3, 3)",,"(2, 3)","soup('onion', 3, 20)",,"(3, 0):empty;(4, 1):empty"
55,3,"(-1, 0)","(3, 3)","(0, 1)",,"(2, 3)","(1, 0)","soup('onion', 3, 20)",,"(3, 0):empty;(4, 1):empty",0.0,17.0,1,"(0, 1)",-0.009840000000000028,0.0,0.0,-0.009840000000000028,0.0,17.0,False,"(3, 3)",,"(2, 3)","soup('onion', 3, 20)",,"(3, 0):empty;(4, 1):empty"
56,1,"(0, 1)","(3, 3)","(-1, 0)",,"(2, 3)","(0, 1)","soup('onion', 3, 20)",,"(3, 0):empty;(4, 1):empty",0.0,17.0,5,interact,19.616,20.0,0.0,-0.384,20.0,17.0,True,"(3, 3)",,"(2, 3)",,,"(3, 0):empty;(4, 1):empty"
57,2,"(1, 0)","(3, 3)","(0, 1)",,"(2, 3)","(0, 1)",,,"(3, 0):empty;(4, 1):empty",20.0,17.0,3,"(-1, 0)",0.0,0.0,0.0,0.0,20.0,17.0,False,"(3, 3)",,"(1, 3)",,,"(3, 0):empty;(4, 1):empty"
58,1,"(0, 1)","(3, 3)","(1, 0)",,"(1, 3)","(-1, 0)",,,"(3, 0):empty;(4, 1):empty",20.0,17.0,5,interact,0.0,0.0,0.0,0.0,20.0,17.0,False,"(3, 3)",,"(1, 3)",onion,,"(3, 0):empty;(4, 1):empty"
59,1,"(0, 1)","(3, 3)","(0, 1)",,"(1, 3)","(-1, 0)",onion,,"(3, 0):empty;(4, 1):empty",20.0,17.0,0,"(0, -1)",0.0,0.0,0.0,0.0,20.0,17.0,False,"(3, 3)",,"(1, 2)",onion,,"(3, 0):empty;(4, 1):empty"
60,5,interact,"(3, 3)","(0, 1)",,"(1, 2)","(0, -1)",onion,,"(3, 0):empty;(4, 1):empty",20.0,17.0,0,"(0, -1)",0.0,0.0,0.0,0.0,20.0,17.0,False,"(3, 3)",,"(1, 1)",onion,,"(3, 0):empty;(4, 1):empty"
61,5,interact,"(3, 3)","(0, 1)",,"(1, 1)","(0, -1)",onion,,"(3, 0):empty;(4, 1):empty",20.0,17.0,2,"(1, 0)",0.0,0.0,0.0,0.0,20.0,17.0,False,"(3, 3)",,"(2, 1)",onion,,"(3, 0):empty;(4, 1):empty"
62,5,interact,"(3, 3)","(0, 1)",,"(2, 1)","(1, 0)",onion,,"(3, 0):empty;(4, 1):empty",20.0,17.0,2,"(1, 0)",0.0,0.0,0.0,0.0,20.0,17.0,False,"(3, 3)",,"(3, 1)",onion,,"(3, 0):empty;(4, 1):empty"
63,5,interact,"(3, 3)","(0, 1)",,"(3, 1)","(1, 0)",onion,,"(3, 0):empty;(4, 1):empty",20.0,17.0,5,interact,3.0594,0.0,3.0,0.0594,20.0,20.0,False,"(3, 3)",,"(3, 1)",,"(4, 1):soup('onion', 1, 0)","(3, 0):empty;(4, 1):soup('onion', 1, 0)"
64,3,"(-1, 0)","(3, 3)","(0, 1)",,"(3, 1)","(1, 0)",,"(4, 1):soup('onion', 1, 0)","(3, 0):empty;(4, 1):soup('onion', 1, 0)",20.0,20.0,3,"(-1, 0)",-0.0006000000000000006,0.0,0.0,-0.0006000000000000006,20.0,20.0,False,"(2, 3)",,"(2, 1)",,"(4, 1):soup('onion', 1, 0)","(3, 0):empty;(4, 1):soup('onion', 1, 0)"
65,5,interact,"(2, 3)","(-1, 0)",,"(2, 1)","(-1, 0)",,"(4, 1):soup('onion', 1, 0)","(3, 0):empty;(4, 1):soup('onion', 1, 0)",20.0,20.0,3,"(-1, 0)",-0.0006000000000000006,0.0,0.0,-0.0006000000000000006,20.0,20.0,False,"(2, 3)",,"(1, 1)",,"(4, 1):soup('onion', 1, 0)","(3, 0):empty;(4, 1):soup('onion', 1, 0)"
66,2,"(1, 0)","(2, 3)","(-1, 0)",,"(1, 1)","(-1, 0)",,"(4, 1):soup('onion', 1, 0)","(3, 0):empty;(4, 1):soup('onion', 1, 0)",20.0,20.0,1,"(0, 1)",-0.0006000000000000006,0.0,0.0,-0.0006000000000000006,20.0,20.0,False,"(3, 3)",,"(1, 2)",,"(4, 1):soup('onion', 1, 0)","(3, 0):empty;(4, 1):soup('onion', 1, 0)"
67,4,"(0, 0)","(3, 3)","(1, 0)",,"(1, 2)","(0, 1)",,"(4, 1):soup('onion', 1, 0)","(3, 0):empty;(4, 1):soup('onion', 1, 0)",20.0,20.0,1,"(0, 1)",-0.0006000000000000006,0.0,0.0,-0.0006000000000000006,20.0,20.0,False,"(3, 3)",,"(1, 3)",,"(4, 1):soup('onion', 1, 0)","(3, 0):empty;(4, 1):soup('onion', 1, 0)"
68,5,interact,"(3, 3)","(1, 0)",,"(1, 3)","(0, 1)",,"(4, 1):soup('onion', 1, 0)","(3, 0):empty;(4, 1):soup('onion', 1, 0)",20.0,20.0,5,interact,-0.0006000000000000006,0.0,0.0,-0.0006000000000000006,20.0,20.0,False,"(3, 3)",,"(1, 3)",onion,"(4, 1):soup('onion', 1, 0)","(3, 0):empty;(4, 1):soup('onion', 1, 0)"
69,1,"(0, 1)","(3, 3)","(1, 0)",,"(1, 3)","(0, 1)",onion,"(4, 1):soup('onion', 1, 0)","(3, 0):empty;(4, 1):soup('onion', 1, 0)",20.0,20.0,0,"(0, -1)",-0.0006000000000000006,0.0,0.0,-0.0006000000000000006,20.0,20.0,False,"(3, 3)",,"(1, 2)",onion,"(4, 1):soup('onion', 1, 0)","(3, 0):empty;(4, 1):soup('onion', 1, 0)"
70,3,"(-1, 0)","(3, 3)","(0, 1)",,"(1, 2)","(0, -1)",onion,"(4, 1):soup('onion', 1, 0)","(3, 0):empty;(4, 1):soup('onion', 1, 0)",20.0,20.0,0,"(0, -1)",-0.0006000000000000006,0.0,0.0,-0.0006000000000000006,20.0,20.0,False,"(2, 3)",,"(1, 1)",onion,"(4, 1):soup('onion', 1, 0)","(3, 0):empty;(4, 1):soup('onion', 1, 0)"
71,1,"(0, 1)","(2, 3)","(-1, 0)",,"(1, 1)","(0, -1)",onion,"(4, 1):soup('onion', 1, 0)","(3, 0):empty;(4, 1):soup('onion', 1, 0)",20.0,20.0,2,"(1, 0)",-0.0006000000000000006,0.0,0.0,-0.0006000000000000006,20.0,20.0,False,"(2, 3)",,"(2, 1)",onion,"(4, 1):soup('onion', 1, 0)","(3, 0):empty;(4, 1):soup('onion', 1, 0)"
72,5,interact,"(2, 3)","(0, 1)",,"(2, 1)","(1, 0)",onion,"(4, 1):soup('onion', 1, 0)","(3, 0):empty;(4, 1):soup('onion', 1, 0)",20.0,20.0,2,"(1, 0)",-0.0006000000000000006,0.0,0.0,-0.0006000000000000006,20.0,20.0,False,"(2, 3)",,"(3, 1)",onion,"(4, 1):soup('onion', 1, 0)","(3, 0):empty;(4, 1):soup('onion', 1, 0)"
73,5,interact,"(2, 3)","(0, 1)",,"(3, 1)","(1, 0)",onion,"(4, 1):soup('onion', 1, 0)","(3, 0):empty;(4, 1):soup('onion', 1, 0)",20.0,20.0,5,interact,3.0588,0.0,3.0,0.0588,20.0,23.0,False,"(2, 3)",,"(3, 1)",,"(4, 1):soup('onion', 2, 0)","(3, 0):empty;(4, 1):soup('onion', 2, 0)"
74,4,"(0, 0)","(2, 3)","(0, 1)",,"(3, 1)","(1, 0)",,"(4, 1):soup('onion', 2, 0)","(3, 0):empty;(4, 1):soup('onion', 2, 0)",20.0,23.0,3,"(-1, 0)",-0.0012000000000000012,0.0,0.0,-0.0012000000000000012,20.0,23.0,False,"(2, 3)",,"(2, 1)",,"(4, 1):soup('onion', 2, 0)","(3, 0):empty;(4, 1):soup('onion', 2, 0)"
75,2,"(1, 0)","(2, 3)","(0, 1)",,"(2, 1)","(-1, 0)",,"(4, 1):soup('onion', 2, 0)","(3, 0):empty;(4, 1):soup('onion', 2, 0)",20.0,23.0,3,"(-1, 0)",-0.0012000000000000012,0.0,0.0,-0.0012000000000000012,20.0,23.0,False,"(3, 3)",,"(1, 1)",,"(4, 1):soup('onion', 2, 0)","(3, 0):empty;(4, 1):soup('onion', 2, 0)"
76,5,interact,"(3, 3)","(1, 0)",,"(1, 1)","(-1, 0)",,"(4, 1):soup('onion', 2, 0)","(3, 0):empty;(4, 1):soup('onion', 2, 0)",20.0,23.0,1,"(0, 1)",-0.0012000000000000012,0.0,0.0,-0.0012000000000000012,20.0,23.0,False,"(3, 3)",,"(1, 2)",,"(4, 1):soup('onion', 2, 0)","(3, 0):empty;(4, 1):soup('onion', 2, 0)"
77,4,"(0, 0)","(3, 3)","(1, 0)",,"(1, 2)","(0, 1)",,"(4, 1):soup('onion', 2, 0)","(3, 0):empty;(4, 1):soup('onion', 2, 0)",20.0,23.0,1,"(0, 1)",-0.0012000000000000012,0.0,0.0,-0.0012000000000000012,20.0,23.0,False,"(3, 3)",,"(1, 3)",,"(4, 1):soup('onion', 2, 0)","(3, 0):empty;(4, 1):soup('onion', 2, 0)"
78,5,interact,"(3, 3)","(1, 0)",,"(1, 3)","(0, 1)",,"(4, 1):soup('onion', 2, 0)","(3, 0):empty;(4, 1):soup('onion', 2, 0)",20.0,23.0,5,interact,-0.0012000000000000012,0.0,0.0,-0.0012000000000000012,20.0,23.0,False,"(3, 3)",,"(1, 3)",onion,"(4, 1):soup('onion', 2, 0)","(3, 0):empty;(4, 1):soup('onion', 2, 0)"
79,1,"(0, 1)","(3, 3)","(1, 0)",,"(1, 3)","(0, 1)",onion,"(4, 1):soup('onion', 2, 0)","(3, 0):empty;(4, 1):soup('onion', 2, 0)",20.0,23.0,0,"(0, -1)",-0.0012000000000000012,0.0,0.0,-0.0012000000000000012,20.0,23.0,False,"(3, 3)",,"(1, 2)",onion,"(4, 1):soup('onion', 2, 0)","(3, 0):empty;(4, 1):soup('onion', 2, 0)"
80,3,"(-1, 0)","(3, 3)","(0, 1)",,"(1, 2)","(0, -1)",onion,"(4, 1):soup('onion', 2, 0)","(3, 0):empty;(4, 1):soup('onion', 2, 0)",20.0,23.0,0,"(0, -1)",-0.0012000000000000012,0.0,0.0,-0.0012000000000000012,20.0,23.0,False,"(2, 3)",,"(1, 1)",onion,"(4, 1):soup('onion', 2, 0)","(3, 0):empty;(4, 1):soup('onion', 2, 0)"
81,1,"(0, 1)","(2, 3)","(-1, 0)",,"(1, 1)","(0, -1)",onion,"(4, 1):soup('onion', 2, 0)","(3, 0):empty;(4, 1):soup('onion', 2, 0)",20.0,23.0,2,"(1, 0)",-0.0012000000000000012,0.0,0.0,-0.0012000000000000012,20.0,23.0,False,"(2, 3)",,"(2, 1)",onion,"(4, 1):soup('onion', 2, 0)","(3, 0):empty;(4, 1):soup('onion', 2, 0)"
82,5,interact,"(2, 3)","(0, 1)",,"(2, 1)","(1, 0)",onion,"(4, 1):soup('onion', 2, 0)","(3, 0):empty;(4, 1):soup('onion', 2, 0)",20.0,23.0,2,"(1, 0)",-0.0012000000000000012,0.0,0.0,-0.0012000000000000012,20.0,23.0,False,"(2, 3)",,"(3, 1)",onion,"(4, 1):soup('onion', 2, 0)","(3, 0):empty;(4, 1):soup('onion', 2, 0)"
83,5,interact,"(2, 3)","(0, 1)",,"(3, 1)","(1, 0)",onion,"(4, 1):soup('onion', 2, 0)","(3, 0):empty;(4, 1):soup('onion', 2, 0)",20.0,23.0,5,interact,3.078,0.0,3.0,0.07800000000000001,20.0,26.0,False,"(2, 3)",,"(3, 1)",,"(4, 1):soup('onion', 3, 1)","(3, 0):empty;(4, 1):soup('onion', 3, 1)"
84,5,interact,"(2, 3)","(0, 1)",,"(3, 1)","(1, 0)",,"(4, 1):soup('onion', 3, 1)","(3, 0):empty;(4, 1):soup('onion', 3, 1)",20.0,26.0,3,"(-1, 0)",-0.0020000000000000018,0.0,0.0,-0.0020000000000000018,20.0,26.0,False,"(2, 3)",,"(2, 1)",,"(4, 1):soup('onion', 3, 2)","(3, 0):empty;(4, 1):soup('onion', 3, 2)"
85,1,"(0, 1)","(2, 3)","(0, 1)",,"(2, 1)","(-1, 0)",,"(4, 1):soup('onion', 3, 2)","(3, 0):empty;(4, 1):soup('onion', 3, 2)",20.0,26.0,3,"(-1, 0)",-0.0020000000000000018,0.0,0.0,-0.0020000000000000018,20.0,26.0,False,"(2, 3)",,"(1, 1)",,"(4, 1):soup('onion', 3, 3)","(3, 0):empty;(4, 1):soup('onion', 3, 3)"
86,1,"(0, 1)","(2, 3)","(0, 1)",,"(1, 1)","(-1, 0)",,"(4, 1):soup('onion', 3, 3)","(3, 0):empty;(4, 1):soup('onion', 3, 3)",20.0,26.0,1,"(0, 1)",-0.0020000000000000018,0.0,0.0,-0.0020000000000000018,20.0,26.0,False,"(2, 3)",,"(1, 2)",,"(4, 1):soup('onion', 3, 4)","(3, 0):empty;(4, 1):soup('onion', 3, 4)"
87,2,"(1, 0)","(2, 3)","(0, 1)",,"(1, 2)","(0, 1)",,"(4, 1):soup('onion', 3, 4)","(3, 0):empty;(4, 1):soup('onion', 3, 4)",20.0,26.0,3,"(-1, 0)",-0.0020000000000000018,0.0,0.0,-0.0020000000000000018,20.0,26.0,False,"(3, 3)",,"(1, 2)",,"(4, 1):soup('onion', 3, 5)","(3, 0):empty;(4, 1):soup('onion', 3, 5)"
88,1,"(0, 1)","(3, 3)","(1, 0)",,"(1, 2)","(-1, 0)",,"(4, 1):soup('onion', 3, 5)","(3, 0):empty;(4, 1):soup('onion', 3, 5)",20.0,26.0,5,interact,2.998,0.0,3.0,-0.0020000000000000018,20.0,29.0,False,"(3, 3)",,"(1, 2)",dish,"(4, 1):soup('onion', 3, 6)","(3, 0):empty;(4, 1):soup('onion', 3, 6)"
89,5,interact,"(3, 3)","(0, 1)",,"(1, 2)","(-1, 0)",dish,"(4, 1):soup('onion', 3, 6)","(3, 0):empty;(4, 1):soup('onion', 3, 6)",20.0,29.0,5,interact,-0.0020000000000000018,0.0,0.0,-0.0020000000000000018,20.0,29.0,False,"(3, 3)",,"(1, 2)",dish,"(4, 1):soup('onion', 3, 7)","(3, 0):empty;(4, 1):soup('onion', 3, 7)"
90,5,interact,"(3, 3)","(0, 1)",,"(1, 2)","(-1, 0)",dish,"(4, 1):soup('onion', 3, 7)","(3, 0):empty;(4, 1):soup('onion', 3, 7)",20.0,29.0,5,interact,-0.0020000000000000018,0.0,0.0,-0.0020000000000000018,20.0,29.0,False,"(3, 3)",,"(1, 2)",dish,"(4, 1):soup('onion', 3, 8)","(3, 0):empty;(4, 1):soup('onion', 3, 8)"
91,5,interact,"(3, 3)","(0, 1)",,"(1, 2)","(-1, 0)",dish,"(4, 1):soup('onion', 3, 8)","(3, 0):empty;(4, 1):soup('onion', 3, 8)",20.0,29.0,5,interact,-0.0020000000000000018,0.0,0.0,-0.0020000000000000018,20.0,29.0,False,"(3, 3)",,"(1, 2)",dish,"(4, 1):soup('onion', 3, 9)","(3, 0):empty;(4, 1):soup('onion', 3, 9)"
92,5,interact,"(3, 3)","(0, 1)",,"(1, 2)","(-1, 0)",dish,"(4, 1):soup('onion', 3, 9)","(3, 0):empty;(4, 1):soup('onion', 3, 9)",20.0,29.0,5,interact,-0.0020000000000000018,0.0,0.0,-0.0020000000000000018,20.0,29.0,False,"(3, 3)",,"(1, 2)",dish,"(4, 1):soup('onion', 3, 10)","(3, 0):empty;(4, 1):soup('onion', 3, 10)"
93,5,interact,"(3, 3)","(0, 1)",,"(1, 2)","(-1, 0)",dish,"(4, 1):soup('onion', 3, 10)","(3, 0):empty;(4, 1):soup('onion', 3, 10)",20.0,29.0,5,interact,-0.0020000000000000018,0.0,0.0,-0.0020000000000000018,20.0,29.0,False,"(3, 3)",,"(1, 2)",dish,"(4, 1):soup('onion', 3, 11)","(3, 0):empty;(4, 1):soup('onion', 3, 11)"
94,5,interact,"(3, 3)","(0, 1)",,"(1, 2)","(-1, 0)",dish,"(4, 1):soup('onion', 3, 11)","(3, 0):empty;(4, 1):soup('onion', 3, 11)",20.0,29.0,5,interact,-0.0020000000000000018,0.0,0.0,-0.0020000000000000018,20.0,29.0,False,"(3, 3)",,"(1, 2)",dish,"(4, 1):soup('onion', 3, 12)","(3, 0):empty;(4, 1):soup('onion', 3, 12)"
95,5,interact,"(3, 3)","(0, 1)",,"(1, 2)","(-1, 0)",dish,"(4, 1):soup('onion', 3, 12)","(3, 0):empty;(4, 1):soup('onion', 3, 12)",20.0,29.0,5,interact,-0.0020000000000000018,0.0,0.0,-0.0020000000000000018,20.0,29.0,False,"(3, 3)",,"(1, 2)",dish,"(4, 1):soup('onion', 3, 13)","(3, 0):empty;(4, 1):soup('onion', 3, 13)"
96,5,interact,"(3, 3)","(0, 1)",,"(1, 2)","(-1, 0)",dish,"(4, 1):soup('onion', 3, 13)","(3, 0):empty;(4, 1):soup('onion', 3, 13)",20.0,29.0,5,interact,-0.0020000000000000018,0.0,0.0,-0.0020000000000000018,20.0,29.0,False,"(3, 3)",,"(1, 2)",dish,"(4, 1):soup('onion', 3, 14)","(3, 0):empty;(4, 1):soup('onion', 3, 14)"
97,5,interact,"(3, 3)","(0, 1)",,"(1, 2)","(-1, 0)",dish,"(4, 1):soup('onion', 3, 14)","(3, 0):empty;(4, 1):soup('onion', 3, 14)",20.0,29.0,5,interact,-0.0020000000000000018,0.0,0.0,-0.0020000000000000018,20.0,29.0,False,"(3, 3)",,"(1, 2)",dish,"(4, 1):soup('onion', 3, 15)","(3, 0):empty;(4, 1):soup('onion', 3, 15)"
98,5,interact,"(3, 3)","(0, 1)",,"(1, 2)","(-1, 0)",dish,"(4, 1):soup('onion', 3, 15)","(3, 0):empty;(4, 1):soup('onion', 3, 15)",20.0,29.0,5,interact,-0.0020000000000000018,0.0,0.0,-0.0020000000000000018,20.0,29.0,False,"(3, 3)",,"(1, 2)",dish,"(4, 1):soup('onion', 3, 16)","(3, 0):empty;(4, 1):soup('onion', 3, 16)"
99,5,interact,"(3, 3)","(0, 1)",,"(1, 2)","(-1, 0)",dish,"(4, 1):soup('onion', 3, 16)","(3, 0):empty;(4, 1):soup('onion', 3, 16)",20.0,29.0,5,interact,-0.0020000000000000018,0.0,0.0,-0.0020000000000000018,20.0,29.0,False,"(3, 3)",,"(1, 2)",dish,"(4, 1):soup('onion', 3, 17)","(3, 0):empty;(4, 1):soup('onion', 3, 17)"
100,5,interact,"(3, 3)","(0, 1)",,"(1, 2)","(-1, 0)",dish,"(4, 1):soup('onion', 3, 17)","(3, 0):empty;(4, 1):soup('onion', 3, 17)",20.0,29.0,5,interact,-0.0020000000000000018,0.0,0.0,-0.0020000000000000018,20.0,29.0,False,"(3, 3)",,"(1, 2)",dish,"(4, 1):soup('onion', 3, 18)","(3, 0):empty;(4, 1):soup('onion', 3, 18)"
101,5,interact,"(3, 3)","(0, 1)",,"(1, 2)","(-1, 0)",dish,"(4, 1):soup('onion', 3, 18)","(3, 0):empty;(4, 1):soup('onion', 3, 18)",20.0,29.0,5,interact,-0.0020000000000000018,0.0,0.0,-0.0020000000000000018,20.0,29.0,False,"(3, 3)",,"(1, 2)",dish,"(4, 1):soup('onion', 3, 19)","(3, 0):empty;(4, 1):soup('onion', 3, 19)"
102,5,interact,"(3, 3)","(0, 1)",,"(1, 2)","(-1, 0)",dish,"(4, 1):soup('onion', 3, 19)","(3, 0):empty;(4, 1):soup('onion', 3, 19)",20.0,29.0,5,interact,0.09699999999999998,0.0,0.0,0.09699999999999998,20.0,29.0,False,"(3, 3)",,"(1, 2)",dish,"(4, 1):soup('onion', 3, 20)","(3, 0):empty;(4, 1):soup('onion', 3, 20)"
103,5,interact,"(3, 3)","(0, 1)",,"(1, 2)","(-1, 0)",dish,"(4, 1):soup('onion', 3, 20)","(3, 0):empty;(4, 1):soup('onion', 3, 20)",20.0,29.0,0,"(0, -1)",-0.003000000000000025,0.0,0.0,-0.003000000000000025,20.0,29.0,False,"(3, 3)",,"(1, 1)",dish,"(4, 1):soup('onion', 3, 20)","(3, 0):empty;(4, 1):soup('onion', 3, 20)"
104,5,interact,"(3, 3)","(0, 1)",,"(1, 1)","(0, -1)",dish,"(4, 1):soup('onion', 3, 20)","(3, 0):empty;(4, 1):soup('onion', 3, 20)",20.0,29.0,2,"(1, 0)",-0.003000000000000025,0.0,0.0,-0.003000000000000025,20.0,29.0,False,"(3, 3)",,"(2, 1)",dish,"(4, 1):soup('onion', 3, 20)","(3, 0):empty;(4, 1):soup('onion', 3, 20)"
105,5,interact,"(3, 3)","(0, 1)",,"(2, 1)","(1, 0)",dish,"(4, 1):soup('onion', 3, 20)","(3, 0):empty;(4, 1):soup('onion', 3, 20)",20.0,29.0,2,"(1, 0)",-0.003000000000000025,0.0,0.0,-0.003000000000000025,20.0,29.0,False,"(3, 3)",,"(3, 1)",dish,"(4, 1):soup('onion', 3, 20)","(3, 0):empty;(4, 1):soup('onion', 3, 20)"
106,4,"(0, 0)","(3, 3)","(0, 1)",,"(3, 1)","(1, 0)",dish,"(4, 1):soup('onion', 3, 20)","(3, 0):empty;(4, 1):soup('onion', 3, 20)",20.0,29.0,5,interact,5.0564,0.0,5.0,0.056400000000000006,20.0,34.0,False,"(3, 3)",,"(3, 1)","soup('onion', 3, 20)",,"(3, 0):empty;(4, 1):empty"
107,3,"(-1, 0)","(3, 3)","(0, 1)",,"(3, 1)","(1, 0)","soup('onion', 3, 20)",,"(3, 0):empty;(4, 1):empty",20.0,34.0,3,"(-1, 0)",0.006300000000000017,0.0,0.0,0.006300000000000017,20.0,34.0,False,"(2, 3)",,"(2, 1)","soup('onion', 3, 20)",,"(3, 0):empty;(4, 1):empty"
108,5,interact,"(2, 3)","(-1, 0)",,"(2, 1)","(-1, 0)","soup('onion', 3, 20)",,"(3, 0):empty;(4, 1):empty",20.0,34.0,3,"(-1, 0)",-0.013600000000000013,0.0,0.0,-0.013600000000000013,20.0,34.0,False,"(2, 3)",,"(1, 1)","soup('onion', 3, 20)",,"(3, 0):empty;(4, 1):empty"
109,1,"(0, 1)","(2, 3)","(-1, 0)",,"(1, 1)","(-1, 0)","soup('onion', 3, 20)",,"(3, 0):empty;(4, 1):empty",20.0,34.0,1,"(0, 1)",0.006300000000000017,0.0,0.0,0.006300000000000017,20.0,34.0,False,"(2, 3)",,"(1, 2)","soup('onion', 3, 20)",,"(3, 0):empty;(4, 1):empty"
110,2,"(1, 0)","(2, 3)","(0, 1)",,"(1, 2)","(0, 1)","soup('onion', 3, 20)",,"(3, 0):empty;(4, 1):empty",20.0,34.0,1,"(0, 1)",0.006199999999999983,0.0,0.0,0.006199999999999983,20.0,34.0,False,"(3, 3)",,"(1, 3)","soup('onion', 3, 20)",,"(3, 0):empty;(4, 1):empty"
111,1,"(0, 1)","(3, 3)","(1, 0)",,"(1, 3)","(0, 1)","soup('onion', 3, 20)",,"(3, 0):empty;(4, 1):empty",20.0,34.0,2,"(1, 0)",0.006099999999999994,0.0,0.0,0.006099999999999994,20.0,34.0,False,"(3, 3)",,"(2, 3)","soup('onion', 3, 20)",,"(3, 0):empty;(4, 1):empty"
112,3,"(-1, 0)","(3, 3)","(0, 1)",,"(2, 3)","(1, 0)","soup('onion', 3, 20)",,"(3, 0):empty;(4, 1):empty",20.0,34.0,1,"(0, 1)",-0.009840000000000028,0.0,0.0,-0.009840000000000028,20.0,34.0,False,"(3, 3)",,"(2, 3)","soup('onion', 3, 20)",,"(3, 0):empty;(4, 1):empty"
113,1,"(0, 1)","(3, 3)","(-1, 0)",,"(2, 3)","(0, 1)","soup('onion', 3, 20)",,"(3, 0):empty;(4, 1):empty",20.0,34.0,5,interact,19.616,20.0,0.0,-0.384,40.0,34.0,True,"(3, 3)",,"(2, 3)",,,"(3, 0):empty;(4, 1):empty"
114,2,"(1, 0)","(3, 3)","(0, 1)",,"(2, 3)","(0, 1)",,,"(3, 0):empty;(4, 1):empty",40.0,34.0,3,"(-1, 0)",0.0,0.0,0.0,0.0,40.0,34.0,False,"(3, 3)",,"(1, 3)",,,"(3, 0):empty;(4, 1):empty"
115,1,"(0, 1)","(3, 3)","(1, 0)",,"(1, 3)","(-1, 0)",,,"(3, 0):empty;(4, 1):empty",40.0,34.0,5,interact,0.0,0.0,0.0,0.0,40.0,34.0,False,"(3, 3)",,"(1, 3)",onion,,"(3, 0):empty;(4, 1):empty"
116,1,"(0, 1)","(3, 3)","(0, 1)",,"(1, 3)","(-1, 0)",onion,,"(3, 0):empty;(4, 1):empty",40.0,34.0,0,"(0, -1)",0.0,0.0,0.0,0.0,40.0,34.0,False,"(3, 3)",,"(1, 2)",onion,,"(3, 0):empty;(4, 1):empty"
117,5,interact,"(3, 3)","(0, 1)",,"(1, 2)","(0, -1)",onion,,"(3, 0):empty;(4, 1):empty",40.0,34.0,0,"(0, -1)",0.0,0.0,0.0,0.0,40.0,34.0,False,"(3, 3)",,"(1, 1)",onion,,"(3, 0):empty;(4, 1):empty"
118,5,interact,"(3, 3)","(0, 1)",,"(1, 1)","(0, -1)",onion,,"(3, 0):empty;(4, 1):empty",40.0,34.0,2,"(1, 0)",0.0,0.0,0.0,0.0,40.0,34.0,False,"(3, 3)",,"(2, 1)",onion,,"(3, 0):empty;(4, 1):empty"
119,5,interact,"(3, 3)","(0, 1)",,"(2, 1)","(1, 0)",onion,,"(3, 0):empty;(4, 1):empty",40.0,34.0,2,"(1, 0)",0.0,0.0,0.0,0.0,40.0,34.0,False,"(3, 3)",,"(3, 1)",onion,,"(3, 0):empty;(4, 1):empty"
120,5,interact,"(3, 3)","(0, 1)",,"(3, 1)","(1, 0)",onion,,"(3, 0):empty;(4, 1):empty",40.0,34.0,5,interact,3.0594,0.0,3.0,0.0594,40.0,37.0,False,"(3, 3)",,"(3, 1)",,"(4, 1):soup('onion', 1, 0)","(3, 0):empty;(4, 1):soup('onion', 1, 0)"
121,3,"(-1, 0)","(3, 3)","(0, 1)",,"(3, 1)","(1, 0)",,"(4, 1):soup('onion', 1, 0)","(3, 0):empty;(4, 1):soup('onion', 1, 0)",40.0,37.0,3,"(-1, 0)",-0.0006000000000000006,0.0,0.0,-0.0006000000000000006,40.0,37.0,False,"(2, 3)",,"(2, 1)",,"(4, 1):soup('onion', 1, 0)","(3, 0):empty;(4, 1):soup('onion', 1, 0)"
122,5,interact,"(2, 3)","(-1, 0)",,"(2, 1)","(-1, 0)",,"(4, 1):soup('onion', 1, 0)","(3, 0):empty;(4, 1):soup('onion', 1, 0)",40.0,37.0,3,"(-1, 0)",-0.0006000000000000006,0.0,0.0,-0.0006000000000000006,40.0,37.0,False,"(2, 3)",,"(1, 1)",,"(4, 1):soup('onion', 1, 0)","(3, 0):empty;(4, 1):soup('onion', 1, 0)"
123,2,"(1, 0)","(2, 3)","(-1, 0)",,"(1, 1)","(-1, 0)",,"(4, 1):soup('onion', 1, 0)","(3, 0):empty;(4, 1):soup('onion', 1, 0)",40.0,37.0,1,"(0, 1)",-0.0006000000000000006,0.0,0.0,-0.0006000000000000006,40.0,37.0,False,"(3, 3)",,"(1, 2)",,"(4, 1):soup('onion', 1, 0)","(3, 0):empty;(4, 1):soup('onion', 1, 0)"
124,4,"(0, 0)","(3, 3)","(1, 0)",,"(1, 2)","(0, 1)",,"(4, 1):soup('onion', 1, 0)","(3, 0):empty;(4, 1):soup('onion', 1, 0)",40.0,37.0,1,"(0, 1)",-0.0006000000000000006,0.0,0.0,-0.0006000000000000006,40.0,37.0,False,"(3, 3)",,"(1, 3)",,"(4, 1):soup('onion', 1, 0)","(3, 0):empty;(4, 1):soup('onion', 1, 0)"
125,5,interact,"(3, 3)","(1, 0)",,"(1, 3)","(0, 1)",,"(4, 1):soup('onion', 1, 0)","(3, 0):empty;(4, 1):soup('onion', 1, 0)",40.0,37.0,5,interact,-0.0006000000000000006,0.0,0.0,-0.0006000000000000006,40.0,37.0,False,"(3, 3)",,"(1, 3)",onion,"(4, 1):soup('onion', 1, 0)","(3, 0):empty;(4, 1):soup('onion', 1, 0)"
126,1,"(0, 1)","(3, 3)","(1, 0)",,"(1, 3)","(0, 1)",onion,"(4, 1):soup('onion', 1, 0)","(3, 0):empty;(4, 1):soup('onion', 1, 0)",40.0,37.0,0,"(0, -1)",-0.0006000000000000006,0.0,0.0,-0.0006000000000000006,40.0,37.0,False,"(3, 3)",,"(1, 2)",onion,"(4, 1):soup('onion', 1, 0)","(3, 0):empty;(4, 1):soup('onion', 1, 0)"
127,3,"(-1, 0)","(3, 3)","(0, 1)",,"(1, 2)","(0, -1)",onion,"(4, 1):soup('onion', 1, 0)","(3, 0):empty;(4, 1):soup('onion', 1, 0)",40.0,37.0,0,"(0, -1)",-0.0006000000000000006,0.0,0.0,-0.0006000000000000006,40.0,37.0,False,"(2, 3)",,"(1, 1)",onion,"(4, 1):soup('onion', 1, 0)","(3, 0):empty;(4, 1):soup('onion', 1, 0)"
128,1,"(0, 1)","(2, 3)","(-1, 0)",,"(1, 1)","(0, -1)",onion,"(4, 1):soup('onion', 1, 0)","(3, 0):empty;(4, 1):soup('onion', 1, 0)",40.0,37.0,2,"(1, 0)",-0.0006000000000000006,0.0,0.0,-0.0006000000000000006,40.0,37.0,False,"(2, 3)",,"(2, 1)",onion,"(4, 1):soup('onion', 1, 0)","(3, 0):empty;(4, 1):soup('onion', 1, 0)"
129,5,interact,"(2, 3)","(0, 1)",,"(2, 1)","(1, 0)",onion,"(4, 1):soup('onion', 1, 0)","(3, 0):empty;(4, 1):soup('onion', 1, 0)",40.0,37.0,2,"(1, 0)",-0.0006000000000000006,0.0,0.0,-0.0006000000000000006,40.0,37.0,False,"(2, 3)",,"(3, 1)",onion,"(4, 1):soup('onion', 1, 0)","(3, 0):empty;(4, 1):soup('onion', 1, 0)"
130,5,interact,"(2, 3)","(0, 1)",,"(3, 1)","(1, 0)",onion,"(4, 1):soup('onion', 1, 0)","(3, 0):empty;(4, 1):soup('onion', 1, 0)",40.0,37.0,5,interact,3.0588,0.0,3.0,0.0588,40.0,40.0,False,"(2, 3)",,"(3, 1)",,"(4, 1):soup('onion', 2, 0)","(3, 0):empty;(4, 1):soup('onion', 2, 0)"
131,4,"(0, 0)","(2, 3)","(0, 1)",,"(3, 1)","(1, 0)",,"(4, 1):soup('onion', 2, 0)","(3, 0):empty;(4, 1):soup('onion', 2, 0)",40.0,40.0,3,"(-1, 0)",-0.0012000000000000012,0.0,0.0,-0.0012000000000000012,40.0,40.0,False,"(2, 3)",,"(2, 1)",,"(4, 1):soup('onion', 2, 0)","(3, 0):empty;(4, 1):soup('onion', 2, 0)"
132,2,"(1, 0)","(2, 3)","(0, 1)",,"(2, 1)","(-1, 0)",,"(4, 1):soup('onion', 2, 0)","(3, 0):empty;(4, 1):soup('onion', 2, 0)",40.0,40.0,3,"(-1, 0)",-0.0012000000000000012,0.0,0.0,-0.0012000000000000012,40.0,40.0,False,"(3, 3)",,"(1, 1)",,"(4, 1):soup('onion', 2, 0)","(3, 0):empty;(4, 1):soup('onion', 2, 0)"
133,5,interact,"(3, 3)","(1, 0)",,"(1, 1)","(-1, 0)",,"(4, 1):soup('onion', 2, 0)","(3, 0):empty;(4, 1):soup('onion', 2, 0)",40.0,40.0,1,"(0, 1)",-0.0012000000000000012,0.0,0.0,-0.0012000000000000012,40.0,40.0,False,"(3, 3)",,"(1, 2)",,"(4, 1):soup('onion', 2, 0)","(3, 0):empty;(4, 1):soup('onion', 2, 0)"
134,4,"(0, 0)","(3, 3)","(1, 0)",,"(1, 2)","(0, 1)",,"(4, 1):soup('onion', 2, 0)","(3, 0):empty;(4, 1):soup('onion', 2, 0)",40.0,40.0,1,"(0, 1)",-0.0012000000000000012,0.0,0.0,-0.0012000000000000012,40.0,40.0,False,"(3, 3)",,"(1, 3)",,"(4, 1):soup('onion', 2, 0)","(3, 0):empty;(4, 1):soup('onion', 2, 0)"
135,5,interact,"(3, 3)","(1, 0)",,"(1, 3)","(0, 1)",,"(4, 1):soup('onion', 2, 0)","(3, 0):empty;(4, 1):soup('onion', 2, 0)",40.0,40.0,5,interact,-0.0012000000000000012,0.0,0.0,-0.0012000000000000012,40.0,40.0,False,"(3, 3)",,"(1, 3)",onion,"(4, 1):soup('onion', 2, 0)","(3, 0):empty;(4, 1):soup('onion', 2, 0)"
136,1,"(0, 1)","(3, 3)","(1, 0)",,"(1, 3)","(0, 1)",onion,"(4, 1):soup('onion', 2, 0)","(3, 0):empty;(4, 1):soup('onion', 2, 0)",40.0,40.0,0,"(0, -1)",-0.0012000000000000012,0.0,0.0,-0.0012000000000000012,40.0,40.0,False,"(3, 3)",,"(1, 2)",onion,"(4, 1):soup('onion', 2, 0)","(3, 0):empty;(4, 1):soup('onion', 2, 0)"
137,3,"(-1, 0)","(3, 3)","(0, 1)",,"(1, 2)","(0, -1)",onion,"(4, 1):soup('onion', 2, 0)","(3, 0):empty;(4, 1):soup('onion', 2, 0)",40.0,40.0,0,"(0, -1)",-0.0012000000000000012,0.0,0.0,-0.0012000000000000012,40.0,40.0,False,"(2, 3)",,"(1, 1)",onion,"(4, 1):soup('onion', 2, 0)","(3, 0):empty;(4, 1):soup('onion', 2, 0)"
138,1,"(0, 1)","(2, 3)","(-1, 0)",,"(1, 1)","(0, -1)",onion,"(4, 1):soup('onion', 2, 0)","(3, 0):empty;(4, 1):soup('onion', 2, 0)",40.0,40.0,2,"(1, 0)",-0.0012000000000000012,0.0,0.0,-0.0012000000000000012,40.0,40.0,False,"(2, 3)",,"(2, 1)",onion,"(4, 1):soup('onion', 2, 0)","(3, 0):empty;(4, 1):soup('onion', 2, 0)"
139,5,interact,"(2, 3)","(0, 1)",,"(2, 1)","(1, 0)",onion,"(4, 1):soup('onion', 2, 0)","(3, 0):empty;(4, 1):soup('onion', 2, 0)",40.0,40.0,2,"(1, 0)",-0.0012000000000000012,0.0,0.0,-0.0012000000000000012,40.0,40.0,False,"(2, 3)",,"(3, 1)",onion,"(4, 1):soup('onion', 2, 0)","(3, 0):empty;(4, 1):soup('onion', 2, 0)"
140,5,interact,"(2, 3)","(0, 1)",,"(3, 1)","(1, 0)",onion,"(4, 1):soup('onion', 2, 0)","(3, 0):empty;(4, 1):soup('onion', 2, 0)",40.0,40.0,5,interact,3.078,0.0,3.0,0.07800000000000001,40.0,43.0,False,"(2, 3)",,"(3, 1)",,"(4, 1):soup('onion', 3, 1)","(3, 0):empty;(4, 1):soup('onion', 3, 1)"
141,5,interact,"(2, 3)","(0, 1)",,"(3, 1)","(1, 0)",,"(4, 1):soup('onion', 3, 1)","(3, 0):empty;(4, 1):soup('onion', 3, 1)",40.0,43.0,3,"(-1, 0)",-0.0020000000000000018,0.0,0.0,-0.0020000000000000018,40.0,43.0,False,"(2, 3)",,"(2, 1)",,"(4, 1):soup('onion', 3, 2)","(3, 0):empty;(4, 1):soup('onion', 3, 2)"
142,1,"(0, 1)","(2, 3)","(0, 1)",,"(2, 1)","(-1, 0)",,"(4, 1):soup('onion', 3, 2)","(3, 0):empty;(4, 1):soup('onion', 3, 2)",40.0,43.0,3,"(-1, 0)",-0.0020000000000000018,0.0,0.0,-0.0020000000000000018,40.0,43.0,False,"(2, 3)",,"(1, 1)",,"(4, 1):soup('onion', 3, 3)","(3, 0):empty;(4, 1):soup('onion', 3, 3)"
143,1,"(0, 1)","(2, 3)","(0, 1)",,"(1, 1)","(-1, 0)",,"(4, 1):soup('onion', 3, 3)","(3, 0):empty;(4, 1):soup('onion', 3, 3)",40.0,43.0,1,"(0, 1)",-0.0020000000000000018,0.0,0.0,-0.0020000000000000018,40.0,43.0,False,"(2, 3)",,"(1, 2)",,"(4, 1):soup('onion', 3, 4)","(3, 0):empty;(4, 1):soup('onion', 3, 4)"
144,2,"(1, 0)","(2, 3)","(0, 1)",,"(1, 2)","(0, 1)",,"(4, 1):soup('onion', 3, 4)","(3, 0):empty;(4, 1):soup('onion', 3, 4)",40.0,43.0,3,"(-1, 0)",-0.0020000000000000018,0.0,0.0,-0.0020000000000000018,40.0,43.0,False,"(3, 3)",,"(1, 2)",,"(4, 1):soup('onion', 3, 5)","(3, 0):empty;(4, 1):soup('onion', 3, 5)"
145,1,"(0, 1)","(3, 3)","(1, 0)",,"(1, 2)","(-1, 0)",,"(4, 1):soup('onion', 3, 5)","(3, 0):empty;(4, 1):soup('onion', 3, 5)",40.0,43.0,5,interact,2.998,0.0,3.0,-0.0020000000000000018,40.0,46.0,False,"(3, 3)",,"(1, 2)",dish,"(4, 1):soup('onion', 3, 6)","(3, 0):empty;(4, 1):soup('onion', 3, 6)"
146,5,interact,"(3, 3)","(0, 1)",,"(1, 2)","(-1, 0)",dish,"(4, 1):soup('onion', 3, 6)","(3, 0):empty;(4, 1):soup('onion', 3, 6)",40.0,46.0,5,interact,-0.0020000000000000018,0.0,0.0,-0.0020000000000000018,40.0,46.0,False,"(3, 3)",,"(1, 2)",dish,"(4, 1):soup('onion', 3, 7)","(3, 0):empty;(4, 1):soup('onion', 3, 7)"
147,5,interact,"(3, 3)","(0, 1)",,"(1, 2)","(-1, 0)",dish,"(4, 1):soup('onion', 3, 7)","(3, 0):empty;(4, 1):soup('onion', 3, 7)",40.0,46.0,5,interact,-0.0020000000000000018,0.0,0.0,-0.0020000000000000018,40.0,46.0,False,"(3, 3)",,"(1, 2)",dish,"(4, 1):soup('onion', 3, 8)","(3, 0):empty;(4, 1):soup('onion', 3, 8)"
148,5,interact,"(3, 3)","(0, 1)",,"(1, 2)","(-1, 0)",dish,"(4, 1):soup('onion', 3, 8)","(3, 0):empty;(4, 1):soup('onion', 3, 8)",40.0,46.0,5,interact,-0.0020000000000000018,0.0,0.0,-0.0020000000000000018,40.0,46.0,False,"(3, 3)",,"(1, 2)",dish,"(4, 1):soup('onion', 3, 9)","(3, 0):empty;(4, 1):soup('onion', 3, 9)"
149,5,interact,"(3, 3)","(0, 1)",,"(1, 2)","(-1, 0)",dish,"(4, 1):soup('onion', 3, 9)","(3, 0):empty;(4, 1):soup('onion', 3, 9)",40.0,46.0,5,interact,-0.0020000000000000018,0.0,0.0,-0.0020000000000000018,40.0,46.0,False,"(3, 3)",,"(1, 2)",dish,"(4, 1):soup('onion', 3, 10)","(3, 0):empty;(4, 1):soup('onion', 3, 10)"
150,5,interact,"(3, 3)","(0, 1)",,"(1, 2)","(-1, 0)",dish,"(4, 1):soup('onion', 3, 10)","(3, 0):empty;(4, 1):soup('onion', 3, 10)",40.0,46.0,5,interact,-0.0020000000000000018,0.0,0.0,-0.0020000000000000018,40.0,46.0,False,"(3, 3)",,"(1, 2)",dish,"(4, 1):soup('onion', 3, 11)","(3, 0):empty;(4, 1):soup('onion', 3, 11)"
151,5,interact,"(3, 3)","(0, 1)",,"(1, 2)","(-1, 0)",dish,"(4, 1):soup('onion', 3, 11)","(3, 0):empty;(4, 1):soup('onion', 3, 11)",40.0,46.0,5,interact,-0.0020000000000000018,0.0,0.0,-0.0020000000000000018,40.0,46.0,False,"(3, 3)",,"(1, 2)",dish,"(4, 1):soup('onion', 3, 12)","(3, 0):empty;(4, 1):soup('onion', 3, 12)"
152,5,interact,"(3, 3)","(0, 1)",,"(1, 2)","(-1, 0)",dish,"(4, 1):soup('onion', 3, 12)","(3, 0):empty;(4, 1):soup('onion', 3, 12)",40.0,46.0,5,interact,-0.0020000000000000018,0.0,0.0,-0.0020000000000000018,40.0,46.0,False,"(3, 3)",,"(1, 2)",dish,"(4, 1):soup('onion', 3, 13)","(3, 0):empty;(4, 1):soup('onion', 3, 13)"
153,5,interact,"(3, 3)","(0, 1)",,"(1, 2)","(-1, 0)",dish,"(4, 1):soup('onion', 3, 13)","(3, 0):empty;(4, 1):soup('onion', 3, 13)",40.0,46.0,5,interact,-0.0020000000000000018,0.0,0.0,-0.0020000000000000018,40.0,46.0,False,"(3, 3)",,"(1, 2)",dish,"(4, 1):soup('onion', 3, 14)","(3, 0):empty;(4, 1):soup('onion', 3, 14)"
154,5,interact,"(3, 3)","(0, 1)",,"(1, 2)","(-1, 0)",dish,"(4, 1):soup('onion', 3, 14)","(3, 0):empty;(4, 1):soup('onion', 3, 14)",40.0,46.0,5,interact,-0.0020000000000000018,0.0,0.0,-0.0020000000000000018,40.0,46.0,False,"(3, 3)",,"(1, 2)",dish,"(4, 1):soup('onion', 3, 15)","(3, 0):empty;(4, 1):soup('onion', 3, 15)"
155,5,interact,"(3, 3)","(0, 1)",,"(1, 2)","(-1, 0)",dish,"(4, 1):soup('onion', 3, 15)","(3, 0):empty;(4, 1):soup('onion', 3, 15)",40.0,46.0,5,interact,-0.0020000000000000018,0.0,0.0,-0.0020000000000000018,40.0,46.0,False,"(3, 3)",,"(1, 2)",dish,"(4, 1):soup('onion', 3, 16)","(3, 0):empty;(4, 1):soup('onion', 3, 16)"
156,5,interact,"(3, 3)","(0, 1)",,"(1, 2)","(-1, 0)",dish,"(4, 1):soup('onion', 3, 16)","(3, 0):empty;(4, 1):soup('onion', 3, 16)",40.0,46.0,5,interact,-0.0020000000000000018,0.0,0.0,-0.0020000000000000018,40.0,46.0,False,"(3, 3)",,"(1, 2)",dish,"(4, 1):soup('onion', 3, 17)","(3, 0):empty;(4, 1):soup('onion', 3, 17)"
157,5,interact,"(3, 3)","(0, 1)",,"(1, 2)","(-1, 0)",dish,"(4, 1):soup('onion', 3, 17)","(3, 0):empty;(4, 1):soup('onion', 3, 17)",40.0,46.0,5,interact,-0.0020000000000000018,0.0,0.0,-0.0020000000000000018,40.0,46.0,False,"(3, 3)",,"(1, 2)",dish,"(4, 1):soup('onion', 3, 18)","(3, 0):empty;(4, 1):soup('onion', 3, 18)"
158,5,interact,"(3, 3)","(0, 1)",,"(1, 2)","(-1, 0)",dish,"(4, 1):soup('onion', 3, 18)","(3, 0):empty;(4, 1):soup('onion', 3, 18)",40.0,46.0,5,interact,-0.0020000000000000018,0.0,0.0,-0.0020000000000000018,40.0,46.0,False,"(3, 3)",,"(1, 2)",dish,"(4, 1):soup('onion', 3, 19)","(3, 0):empty;(4, 1):soup('onion', 3, 19)"
159,5,interact,"(3, 3)","(0, 1)",,"(1, 2)","(-1, 0)",dish,"(4, 1):soup('onion', 3, 19)","(3, 0):empty;(4, 1):soup('onion', 3, 19)",40.0,46.0,5,interact,0.09699999999999998,0.0,0.0,0.09699999999999998,40.0,46.0,False,"(3, 3)",,"(1, 2)",dish,"(4, 1):soup('onion', 3, 20)","(3, 0):empty;(4, 1):soup('onion', 3, 20)"
160,5,interact,"(3, 3)","(0, 1)",,"(1, 2)","(-1, 0)",dish,"(4, 1):soup('onion', 3, 20)","(3, 0):empty;(4, 1):soup('onion', 3, 20)",40.0,46.0,0,"(0, -1)",-0.003000000000000025,0.0,0.0,-0.003000000000000025,40.0,46.0,False,"(3, 3)",,"(1, 1)",dish,"(4, 1):soup('onion', 3, 20)","(3, 0):empty;(4, 1):soup('onion', 3, 20)"
161,5,interact,"(3, 3)","(0, 1)",,"(1, 1)","(0, -1)",dish,"(4, 1):soup('onion', 3, 20)","(3, 0):empty;(4, 1):soup('onion', 3, 20)",40.0,46.0,2,"(1, 0)",-0.003000000000000025,0.0,0.0,-0.003000000000000025,40.0,46.0,False,"(3, 3)",,"(2, 1)",dish,"(4, 1):soup('onion', 3, 20)","(3, 0):empty;(4, 1):soup('onion', 3, 20)"
162,5,interact,"(3, 3)","(0, 1)",,"(2, 1)","(1, 0)",dish,"(4, 1):soup('onion', 3, 20)","(3, 0):empty;(4, 1):soup('onion', 3, 20)",40.0,46.0,2,"(1, 0)",-0.003000000000000025,0.0,0.0,-0.003000000000000025,40.0,46.0,False,"(3, 3)",,"(3, 1)",dish,"(4, 1):soup('onion', 3, 20)","(3, 0):empty;(4, 1):soup('onion', 3, 20)"
163,4,"(0, 0)","(3, 3)","(0, 1)",,"(3, 1)","(1, 0)",dish,"(4, 1):soup('onion', 3, 20)","(3, 0):empty;(4, 1):soup('onion', 3, 20)",40.0,46.0,5,interact,5.0564,0.0,5.0,0.056400000000000006,40.0,51.0,False,"(3, 3)",,"(3, 1)","soup('onion', 3, 20)",,"(3, 0):empty;(4, 1):empty"
164,3,"(-1, 0)","(3, 3)","(0, 1)",,"(3, 1)","(1, 0)","soup('onion', 3, 20)",,"(3, 0):empty;(4, 1):empty",40.0,51.0,3,"(-1, 0)",0.006300000000000017,0.0,0.0,0.006300000000000017,40.0,51.0,False,"(2, 3)",,"(2, 1)","soup('onion', 3, 20)",,"(3, 0):empty;(4, 1):empty"
165,5,interact,"(2, 3)","(-1, 0)",,"(2, 1)","(-1, 0)","soup('onion', 3, 20)",,"(3, 0):empty;(4, 1):empty",40.0,51.0,3,"(-1, 0)",-0.013600000000000013,0.0,0.0,-0.013600000000000013,40.0,51.0,False,"(2, 3)",,"(1, 1)","soup('onion', 3, 20)",,"(3, 0):empty;(4, 1):empty"
166,1,"(0, 1)","(2, 3)","(-1, 0)",,"(1, 1)","(-1, 0)","soup('onion', 3, 20)",,"(3, 0):empty;(4, 1):empty",40.0,51.0,1,"(0, 1)",0.006300000000000017,0.0,0.0,0.006300000000000017,40.0,51.0,False,"(2, 3)",,"(1, 2)","soup('onion', 3, 20)",,"(3, 0):empty;(4, 1):empty"
167,2,"(1, 0)","(2, 3)","(0, 1)",,"(1, 2)","(0, 1)","soup('onion', 3, 20)",,"(3, 0):empty;(4, 1):empty",40.0,51.0,1,"(0, 1)",0.006199999999999983,0.0,0.0,0.006199999999999983,40.0,51.0,False,"(3, 3)",,"(1, 3)","soup('onion', 3, 20)",,"(3, 0):empty;(4, 1):empty"
168,1,"(0, 1)","(3, 3)","(1, 0)",,"(1, 3)","(0, 1)","soup('onion', 3, 20)",,"(3, 0):empty;(4, 1):empty",40.0,51.0,2,"(1, 0)",0.006099999999999994,0.0,0.0,0.006099999999999994,40.0,51.0,False,"(3, 3)",,"(2, 3)","soup('onion', 3, 20)",,"(3, 0):empty;(4, 1):empty"
169,3,"(-1, 0)","(3, 3)","(0, 1)",,"(2, 3)","(1, 0)","soup('onion', 3, 20)",,"(3, 0):empty;(4, 1):empty",40.0,51.0,1,"(0, 1)",-0.009840000000000028,0.0,0.0,-0.009840000000000028,40.0,51.0,False,"(3, 3)",,"(2, 3)","soup('onion', 3, 20)",,"(3, 0):empty;(4, 1):empty"
170,1,"(0, 1)","(3, 3)","(-1, 0)",,"(2, 3)","(0, 1)","soup('onion', 3, 20)",,"(3, 0):empty;(4, 1):empty",40.0,51.0,5,interact,19.616,20.0,0.0,-0.384,60.0,51.0,True,"(3, 3)",,"(2, 3)",,,"(3, 0):empty;(4, 1):empty"
171,2,"(1, 0)","(3, 3)","(0, 1)",,"(2, 3)","(0, 1)",,,"(3, 0):empty;(4, 1):empty",60.0,51.0,3,"(-1, 0)",0.0,0.0,0.0,0.0,60.0,51.0,False,"(3, 3)",,"(1, 3)",,,"(3, 0):empty;(4, 1):empty"
172,1,"(0, 1)","(3, 3)","(1, 0)",,"(1, 3)","(-1, 0)",,,"(3, 0):empty;(4, 1):empty",60.0,51.0,5,interact,0.0,0.0,0.0,0.0,60.0,51.0,False,"(3, 3)",,"(1, 3)",onion,,"(3, 0):empty;(4, 1):empty"
173,1,"(0, 1)","(3, 3)","(0, 1)",,"(1, 3)","(-1, 0)",onion,,"(3, 0):empty;(4, 1):empty",60.0,51.0,0,"(0, -1)",0.0,0.0,0.0,0.0,60.0,51.0,False,"(3, 3)",,"(1, 2)",onion,,"(3, 0):empty;(4, 1):empty"
174,5,interact,"(3, 3)","(0, 1)",,"(1, 2)","(0, -1)",onion,,"(3, 0):empty;(4, 1):empty",60.0,51.0,0,"(0, -1)",0.0,0.0,0.0,0.0,60.0,51.0,False,"(3, 3)",,"(1, 1)",onion,,"(3, 0):empty;(4, 1):empty"
175,5,interact,"(3, 3)","(0, 1)",,"(1, 1)","(0, -1)",onion,,"(3, 0):empty;(4, 1):empty",60.0,51.0,2,"(1, 0)",0.0,0.0,0.0,0.0,60.0,51.0,False,"(3, 3)",,"(2, 1)",onion,,"(3, 0):empty;(4, 1):empty"
176,5,interact,"(3, 3)","(0, 1)",,"(2, 1)","(1, 0)",onion,,"(3, 0):empty;(4, 1):empty",60.0,51.0,2,"(1, 0)",0.0,0.0,0.0,0.0,60.0,51.0,False,"(3, 3)",,"(3, 1)",onion,,"(3, 0):empty;(4, 1):empty"
177,5,interact,"(3, 3)","(0, 1)",,"(3, 1)","(1, 0)",onion,,"(3, 0):empty;(4, 1):empty",60.0,51.0,5,interact,3.0594,0.0,3.0,0.0594,60.0,54.0,False,"(3, 3)",,"(3, 1)",,"(4, 1):soup('onion', 1, 0)","(3, 0):empty;(4, 1):soup('onion', 1, 0)"
178,3,"(-1, 0)","(3, 3)","(0, 1)",,"(3, 1)","(1, 0)",,"(4, 1):soup('onion', 1, 0)","(3, 0):empty;(4, 1):soup('onion', 1, 0)",60.0,54.0,3,"(-1, 0)",-0.0006000000000000006,0.0,0.0,-0.0006000000000000006,60.0,54.0,False,"(2, 3)",,"(2, 1)",,"(4, 1):soup('onion', 1, 0)","(3, 0):empty;(4, 1):soup('onion', 1, 0)"
179,5,interact,"(2, 3)","(-1, 0)",,"(2, 1)","(-1, 0)",,"(4, 1):soup('onion', 1, 0)","(3, 0):empty;(4, 1):soup('onion', 1, 0)",60.0,54.0,3,"(-1, 0)",-0.0006000000000000006,0.0,0.0,-0.0006000000000000006,60.0,54.0,False,"(2, 3)",,"(1, 1)",,"(4, 1):soup('onion', 1, 0)","(3, 0):empty;(4, 1):soup('onion', 1, 0)"
180,2,"(1, 0)","(2, 3)","(-1, 0)",,"(1, 1)","(-1, 0)",,"(4, 1):soup('onion', 1, 0)","(3, 0):empty;(4, 1):soup('onion', 1, 0)",60.0,54.0,1,"(0, 1)",-0.0006000000000000006,0.0,0.0,-0.0006000000000000006,60.0,54.0,False,"(3, 3)",,"(1, 2)",,"(4, 1):soup('onion', 1, 0)","(3, 0):empty;(4, 1):soup('onion', 1, 0)"
181,4,"(0, 0)","(3, 3)","(1, 0)",,"(1, 2)","(0, 1)",,"(4, 1):soup('onion', 1, 0)","(3, 0):empty;(4, 1):soup('onion', 1, 0)",60.0,54.0,1,"(0, 1)",-0.0006000000000000006,0.0,0.0,-0.0006000000000000006,60.0,54.0,False,"(3, 3)",,"(1, 3)",,"(4, 1):soup('onion', 1, 0)","(3, 0):empty;(4, 1):soup('onion', 1, 0)"
182,5,interact,"(3, 3)","(1, 0)",,"(1, 3)","(0, 1)",,"(4, 1):soup('onion', 1, 0)","(3, 0):empty;(4, 1):soup('onion', 1, 0)",60.0,54.0,5,interact,-0.0006000000000000006,0.0,0.0,-0.0006000000000000006,60.0,54.0,False,"(3, 3)",,"(1, 3)",onion,"(4, 1):soup('onion', 1, 0)","(3, 0):empty;(4, 1):soup('onion', 1, 0)"
183,1,"(0, 1)","(3, 3)","(1, 0)",,"(1, 3)","(0, 1)",onion,"(4, 1):soup('onion', 1, 0)","(3, 0):empty;(4, 1):soup('onion', 1, 0)",60.0,54.0,0,"(0, -1)",-0.0006000000000000006,0.0,0.0,-0.0006000000000000006,60.0,54.0,False,"(3, 3)",,"(1, 2)",onion,"(4, 1):soup('onion', 1, 0)","(3, 0):empty;(4, 1):soup('onion', 1, 0)"
184,3,"(-1, 0)","(3, 3)","(0, 1)",,"(1, 2)","(0, -1)",onion,"(4, 1):soup('onion', 1, 0)","(3, 0):empty;(4, 1):soup('onion', 1, 0)",60.0,54.0,0,"(0, -1)",-0.0006000000000000006,0.0,0.0,-0.0006000000000000006,60.0,54.0,False,"(2, 3)",,"(1, 1)",onion,"(4, 1):soup('onion', 1, 0)","(3, 0):empty;(4, 1):soup('onion', 1, 0)"
185,1,"(0, 1)","(2, 3)","(-1, 0)",,"(1, 1)","(0, -1)",onion,"(4, 1):soup('onion', 1, 0)","(3, 0):empty;(4, 1):soup('onion', 1, 0)",60.0,54.0,2,"(1, 0)",-0.0006000000000000006,0.0,0.0,-0.0006000000000000006,60.0,54.0,False,"(2, 3)",,"(2, 1)",onion,"(4, 1):soup('onion', 1, 0)","(3, 0):empty;(4, 1):soup('onion', 1, 0)"
186,5,interact,"(2, 3)","(0, 1)",,"(2, 1)","(1, 0)",onion,"(4, 1):soup('onion', 1, 0)","(3, 0):empty;(4, 1):soup('onion', 1, 0)",60.0,54.0,2,"(1, 0)",-0.0006000000000000006,0.0,0.0,-0.0006000000000000006,60.0,54.0,False,"(2, 3)",,"(3, 1)",onion,"(4, 1):soup('onion', 1, 0)","(3, 0):empty;(4, 1):soup('onion', 1, 0)"
187,5,interact,"(2, 3)","(0, 1)",,"(3, 1)","(1, 0)",onion,"(4, 1):soup('onion', 1, 0)","(3, 0):empty;(4, 1):soup('onion', 1, 0)",60.0,54.0,5,interact,3.0588,0.0,3.0,0.0588,60.0,57.0,False,"(2, 3)",,"(3, 1)",,"(4, 1):soup('onion', 2, 0)","(3, 0):empty;(4, 1):soup('onion', 2, 0)"
188,4,"(0, 0)","(2, 3)","(0, 1)",,"(3, 1)","(1, 0)",,"(4, 1):soup('onion', 2, 0)","(3, 0):empty;(4, 1):soup('onion', 2, 0)",60.0,57.0,3,"(-1, 0)",-0.0012000000000000012,0.0,0.0,-0.0012000000000000012,60.0,57.0,False,"(2, 3)",,"(2, 1)",,"(4, 1):soup('onion', 2, 0)","(3, 0):empty;(4, 1):soup('onion', 2, 0)"
189,2,"(1, 0)","(2, 3)","(0, 1)",,"(2, 1)","(-1, 0)",,"(4, 1):soup('onion', 2, 0)","(3, 0):empty;(4, 1):soup('onion', 2, 0)",60.0,57.0,3,"(-1, 0)",-0.0012000000000000012,0.0,0.0,-0.0012000000000000012,60.0,57.0,False,"(3, 3)",,"(1, 1)",,"(4, 1):soup('onion', 2, 0)","(3, 0):empty;(4, 1):soup('onion', 2, 0)"
190,5,interact,"(3, 3)","(1, 0)",,"(1, 1)","(-1, 0)",,"(4, 1):soup('onion', 2, 0)","(3, 0):empty;(4, 1):soup('onion', 2, 0)",60.0,57.0,1,"(0, 1)",-0.0012000000000000012,0.0,0.0,-0.0012000000000000012,60.0,57.0,False,"(3, 3)",,"(1, 2)",,"(4, 1):soup('onion', 2, 0)","(3, 0):empty;(4, 1):soup('onion', 2, 0)"
191,4,"(0, 0)","(3, 3)","(1, 0)",,"(1, 2)","(0, 1)",,"(4, 1):soup('onion', 2, 0)","(3, 0):empty;(4, 1):soup('onion', 2, 0)",60.0,57.0,1,"(0, 1)",-0.0012000000000000012,0.0,0.0,-0.0012000000000000012,60.0,57.0,False,"(3, 3)",,"(1, 3)",,"(4, 1):soup('onion', 2, 0)","(3, 0):empty;(4, 1):soup('onion', 2, 0)"
192,5,interact,"(3, 3)","(1, 0)",,"(1, 3)","(0, 1)",,"(4, 1):soup('onion', 2, 0)","(3, 0):empty;(4, 1):soup('onion', 2, 0)",60.0,57.0,5,interact,-0.0012000000000000012,0.0,0.0,-0.0012000000000000012,60.0,57.0,False,"(3, 3)",,"(1, 3)",onion,"(4, 1):soup('onion', 2, 0)","(3, 0):empty;(4, 1):soup('onion', 2, 0)"
193,1,"(0, 1)","(3, 3)","(1, 0)",,"(1, 3)","(0, 1)",onion,"(4, 1):soup('onion', 2, 0)","(3, 0):empty;(4, 1):soup('onion', 2, 0)",60.0,57.0,0,"(0, -1)",-0.0012000000000000012,0.0,0.0,-0.0012000000000000012,60.0,57.0,False,"(3, 3)",,"(1, 2)",onion,"(4, 1):soup('onion', 2, 0)","(3, 0):empty;(4, 1):soup('onion', 2, 0)"
194,3,"(-1, 0)","(3, 3)","(0, 1)",,"(1, 2)","(0, -1)",onion,"(4, 1):soup('onion', 2, 0)","(3, 0):empty;(4, 1):soup('onion', 2, 0)",60.0,57.0,0,"(0, -1)",-0.0012000000000000012,0.0,0.0,-0.0012000000000000012,60.0,57.0,False,"(2, 3)",,"(1, 1)",onion,"(4, 1):soup('onion', 2, 0)","(3, 0):empty;(4, 1):soup('onion', 2, 0)"
195,1,"(0, 1)","(2, 3)","(-1, 0)",,"(1, 1)","(0, -1)",onion,"(4, 1):soup('onion', 2, 0)","(3, 0):empty;(4, 1):soup('onion', 2, 0)",60.0,57.0,2,"(1, 0)",-0.0012000000000000012,0.0,0.0,-0.0012000000000000012,60.0,57.0,False,"(2, 3)",,"(2, 1)",onion,"(4, 1):soup('onion', 2, 0)","(3, 0):empty;(4, 1):soup('onion', 2, 0)"
196,5,interact,"(2, 3)","(0, 1)",,"(2, 1)","(1, 0)",onion,"(4, 1):soup('onion', 2, 0)","(3, 0):empty;(4, 1):soup('onion', 2, 0)",60.0,57.0,2,"(1, 0)",-0.0012000000000000012,0.0,0.0,-0.0012000000000000012,60.0,57.0,False,"(2, 3)",,"(3, 1)",onion,"(4, 1):soup('onion', 2, 0)","(3, 0):empty;(4, 1):soup('onion', 2, 0)"
197,5,interact,"(2, 3)","(0, 1)",,"(3, 1)","(1, 0)",onion,"(4, 1):soup('onion', 2, 0)","(3, 0):empty;(4, 1):soup('onion', 2, 0)",60.0,57.0,5,interact,3.078,0.0,3.0,0.07800000000000001,60.0,60.0,False,"(2, 3)",,"(3, 1)",,"(4, 1):soup('onion', 3, 1)","(3, 0):empty;(4, 1):soup('onion', 3, 1)"
198,5,interact,"(2, 3)","(0, 1)",,"(3, 1)","(1, 0)",,"(4, 1):soup('onion', 3, 1)","(3, 0):empty;(4, 1):soup('onion', 3, 1)",60.0,60.0,3,"(-1, 0)",-0.0020000000000000018,0.0,0.0,-0.0020000000000000018,60.0,60.0,False,"(2, 3)",,"(2, 1)",,"(4, 1):soup('onion', 3, 2)","(3, 0):empty;(4, 1):soup('onion', 3, 2)"
199,1,"(0, 1)","(2, 3)","(0, 1)",,"(2, 1)","(-1, 0)",,"(4, 1):soup('onion', 3, 2)","(3, 0):empty;(4, 1):soup('onion', 3, 2)",60.0,60.0,3,"(-1, 0)",-0.0020000000000000018,0.0,0.0,-0.0020000000000000018,60.0,60.0,False,"(2, 3)",,"(1, 1)",,"(4, 1):soup('onion', 3, 3)","(3, 0):empty;(4, 1):soup('onion', 3, 3)"
200,1,"(0, 1)","(2, 3)","(0, 1)",,"(1, 1)","(-1, 0)",,"(4, 1):soup('onion', 3, 3)","(3, 0):empty;(4, 1):soup('onion', 3, 3)",60.0,60.0,1,"(0, 1)",-0.0020000000000000018,0.0,0.0,-0.0020000000000000018,60.0,60.0,False,"(2, 3)",,"(1, 2)",,"(4, 1):soup('onion', 3, 4)","(3, 0):empty;(4, 1):soup('onion', 3, 4)"
201,2,"(1, 0)","(2, 3)","(0, 1)",,"(1, 2)","(0, 1)",,"(4, 1):soup('onion', 3, 4)","(3, 0):empty;(4, 1):soup('onion', 3, 4)",60.0,60.0,3,"(-1, 0)",-0.0020000000000000018,0.0,0.0,-0.0020000000000000018,60.0,60.0,False,"(3, 3)",,"(1, 2)",,"(4, 1):soup('onion', 3, 5)","(3, 0):empty;(4, 1):soup('onion', 3, 5)"
202,1,"(0, 1)","(3, 3)","(1, 0)",,"(1, 2)","(-1, 0)",,"(4, 1):soup('onion', 3, 5)","(3, 0):empty;(4, 1):soup('onion', 3, 5)",60.0,60.0,5,interact,2.998,0.0,3.0,-0.0020000000000000018,60.0,63.0,False,"(3, 3)",,"(1, 2)",dish,"(4, 1):soup('onion', 3, 6)","(3, 0):empty;(4, 1):soup('onion', 3, 6)"
203,5,interact,"(3, 3)","(0, 1)",,"(1, 2)","(-1, 0)",dish,"(4, 1):soup('onion', 3, 6)","(3, 0):empty;(4, 1):soup('onion', 3, 6)",60.0,63.0,5,interact,-0.0020000000000000018,0.0,0.0,-0.0020000000000000018,60.0,63.0,False,"(3, 3)",,"(1, 2)",dish,"(4, 1):soup('onion', 3, 7)","(3, 0):empty;(4, 1):soup('onion', 3, 7)"
204,5,interact,"(3, 3)","(0, 1)",,"(1, 2)","(-1, 0)",dish,"(4, 1):soup('onion', 3, 7)","(3, 0):empty;(4, 1):soup('onion', 3, 7)",60.0,63.0,5,interact,-0.0020000000000000018,0.0,0.0,-0.0020000000000000018,60.0,63.0,False,"(3, 3)",,"(1, 2)",dish,"(4, 1):soup('onion', 3, 8)","(3, 0):empty;(4, 1):soup('onion', 3, 8)"
205,5,interact,"(3, 3)","(0, 1)",,"(1, 2)","(-1, 0)",dish,"(4, 1):soup('onion', 3, 8)","(3, 0):empty;(4, 1):soup('onion', 3, 8)",60.0,63.0,5,interact,-0.0020000000000000018,0.0,0.0,-0.0020000000000000018,60.0,63.0,False,"(3, 3)",,"(1, 2)",dish,"(4, 1):soup('onion', 3, 9)","(3, 0):empty;(4, 1):soup('onion', 3, 9)"
206,5,interact,"(3, 3)","(0, 1)",,"(1, 2)","(-1, 0)",dish,"(4, 1):soup('onion', 3, 9)","(3, 0):empty;(4, 1):soup('onion', 3, 9)",60.0,63.0,5,interact,-0.0020000000000000018,0.0,0.0,-0.0020000000000000018,60.0,63.0,False,"(3, 3)",,"(1, 2)",dish,"(4, 1):soup('onion', 3, 10)","(3, 0):empty;(4, 1):soup('onion', 3, 10)"
207,5,interact,"(3, 3)","(0, 1)",,"(1, 2)","(-1, 0)",dish,"(4, 1):soup('onion', 3, 10)","(3, 0):empty;(4, 1):soup('onion', 3, 10)",60.0,63.0,5,interact,-0.0020000000000000018,0.0,0.0,-0.0020000000000000018,60.0,63.0,False,"(3, 3)",,"(1, 2)",dish,"(4, 1):soup('onion', 3, 11)","(3, 0):empty;(4, 1):soup('onion', 3, 11)"
208,5,interact,"(3, 3)","(0, 1)",,"(1, 2)","(-1, 0)",dish,"(4, 1):soup('onion', 3, 11)","(3, 0):empty;(4, 1):soup('onion', 3, 11)",60.0,63.0,5,interact,-0.0020000000000000018,0.0,0.0,-0.0020000000000000018,60.0,63.0,False,"(3, 3)",,"(1, 2)",dish,"(4, 1):soup('onion', 3, 12)","(3, 0):empty;(4, 1):soup('onion', 3, 12)"
209,5,interact,"(3, 3)","(0, 1)",,"(1, 2)","(-1, 0)",dish,"(4, 1):soup('onion', 3, 12)","(3, 0):empty;(4, 1):soup('onion', 3, 12)",60.0,63.0,5,interact,-0.0020000000000000018,0.0,0.0,-0.0020000000000000018,60.0,63.0,False,"(3, 3)",,"(1, 2)",dish,"(4, 1):soup('onion', 3, 13)","(3, 0):empty;(4, 1):soup('onion', 3, 13)"
210,5,interact,"(3, 3)","(0, 1)",,"(1, 2)","(-1, 0)",dish,"(4, 1):soup('onion', 3, 13)","(3, 0):empty;(4, 1):soup('onion', 3, 13)",60.0,63.0,5,interact,-0.0020000000000000018,0.0,0.0,-0.0020000000000000018,60.0,63.0,False,"(3, 3)",,"(1, 2)",dish,"(4, 1):soup('onion', 3, 14)","(3, 0):empty;(4, 1):soup('onion', 3, 14)"
211,5,interact,"(3, 3)","(0, 1)",,"(1, 2)","(-1, 0)",dish,"(4, 1):soup('onion', 3, 14)","(3, 0):empty;(4, 1):soup('onion', 3, 14)",60.0,63.0,5,interact,-0.0020000000000000018,0.0,0.0,-0.0020000000000000018,60.0,63.0,False,"(3, 3)",,"(1, 2)",dish,"(4, 1):soup('onion', 3, 15)","(3, 0):empty;(4, 1):soup('onion', 3, 15)"
212,5,interact,"(3, 3)","(0, 1)",,"(1, 2)","(-1, 0)",dish,"(4, 1):soup('onion', 3, 15)","(3, 0):empty;(4, 1):soup('onion', 3, 15)",60.0,63.0,5,interact,-0.0020000000000000018,0.0,0.0,-0.0020000000000000018,60.0,63.0,False,"(3, 3)",,"(1, 2)",dish,"(4, 1):soup('onion', 3, 16)","(3, 0):empty;(4, 1):soup('onion', 3, 16)"
213,5,interact,"(3, 3)","(0, 1)",,"(1, 2)","(-1, 0)",dish,"(4, 1):soup('onion', 3, 16)","(3, 0):empty;(4, 1):soup('onion', 3, 16)",60.0,63.0,5,interact,-0.0020000000000000018,0.0,0.0,-0.0020000000000000018,60.0,63.0,False,"(3, 3)",,"(1, 2)",dish,"(4, 1):soup('onion', 3, 17)","(3, 0):empty;(4, 1):soup('onion', 3, 17)"
214,5,interact,"(3, 3)","(0, 1)",,"(1, 2)","(-1, 0)",dish,"(4, 1):soup('onion', 3, 17)","(3, 0):empty;(4, 1):soup('onion', 3, 17)",60.0,63.0,5,interact,-0.0020000000000000018,0.0,0.0,-0.0020000000000000018,60.0,63.0,False,"(3, 3)",,"(1, 2)",dish,"(4, 1):soup('onion', 3, 18)","(3, 0):empty;(4, 1):soup('onion', 3, 18)"
215,5,interact,"(3, 3)","(0, 1)",,"(1, 2)","(-1, 0)",dish,"(4, 1):soup('onion', 3, 18)","(3, 0):empty;(4, 1):soup('onion', 3, 18)",60.0,63.0,5,interact,-0.0020000000000000018,0.0,0.0,-0.0020000000000000018,60.0,63.0,False,"(3, 3)",,"(1, 2)",dish,"(4, 1):soup('onion', 3, 19)","(3, 0):empty;(4, 1):soup('onion', 3, 19)"
216,5,interact,"(3, 3)","(0, 1)",,"(1, 2)","(-1, 0)",dish,"(4, 1):soup('onion', 3, 19)","(3, 0):empty;(4, 1):soup('onion', 3, 19)",60.0,63.0,5,interact,0.09699999999999998,0.0,0.0,0.09699999999999998,60.0,63.0,False,"(3, 3)",,"(1, 2)",dish,"(4, 1):soup('onion', 3, 20)","(3, 0):empty;(4, 1):soup('onion', 3, 20)"
217,5,interact,"(3, 3)","(0, 1)",,"(1, 2)","(-1, 0)",dish,"(4, 1):soup('onion', 3, 20)","(3, 0):empty;(4, 1):soup('onion', 3, 20)",60.0,63.0,0,"(0, -1)",-0.003000000000000025,0.0,0.0,-0.003000000000000025,60.0,63.0,False,"(3, 3)",,"(1, 1)",dish,"(4, 1):soup('onion', 3, 20)","(3, 0):empty;(4, 1):soup('onion', 3, 20)"
218,5,interact,"(3, 3)","(0, 1)",,"(1, 1)","(0, -1)",dish,"(4, 1):soup('onion', 3, 20)","(3, 0):empty;(4, 1):soup('onion', 3, 20)",60.0,63.0,2,"(1, 0)",-0.003000000000000025,0.0,0.0,-0.003000000000000025,60.0,63.0,False,"(3, 3)",,"(2, 1)",dish,"(4, 1):soup('onion', 3, 20)","(3, 0):empty;(4, 1):soup('onion', 3, 20)"
219,5,interact,"(3, 3)","(0, 1)",,"(2, 1)","(1, 0)",dish,"(4, 1):soup('onion', 3, 20)","(3, 0):empty;(4, 1):soup('onion', 3, 20)",60.0,63.0,2,"(1, 0)",-0.003000000000000025,0.0,0.0,-0.003000000000000025,60.0,63.0,False,"(3, 3)",,"(3, 1)",dish,"(4, 1):soup('onion', 3, 20)","(3, 0):empty;(4, 1):soup('onion', 3, 20)"
220,4,"(0, 0)","(3, 3)","(0, 1)",,"(3, 1)","(1, 0)",dish,"(4, 1):soup('onion', 3, 20)","(3, 0):empty;(4, 1):soup('onion', 3, 20)",60.0,63.0,5,interact,5.0564,0.0,5.0,0.056400000000000006,60.0,68.0,False,"(3, 3)",,"(3, 1)","soup('onion', 3, 20)",,"(3, 0):empty;(4, 1):empty"
221,3,"(-1, 0)","(3, 3)","(0, 1)",,"(3, 1)","(1, 0)","soup('onion', 3, 20)",,"(3, 0):empty;(4, 1):empty",60.0,68.0,3,"(-1, 0)",0.006300000000000017,0.0,0.0,0.006300000000000017,60.0,68.0,False,"(2, 3)",,"(2, 1)","soup('onion', 3, 20)",,"(3, 0):empty;(4, 1):empty"
222,5,interact,"(2, 3)","(-1, 0)",,"(2, 1)","(-1, 0)","soup('onion', 3, 20)",,"(3, 0):empty;(4, 1):empty",60.0,68.0,3,"(-1, 0)",-0.013600000000000013,0.0,0.0,-0.013600000000000013,60.0,68.0,False,"(2, 3)",,"(1, 1)","soup('onion', 3, 20)",,"(3, 0):empty;(4, 1):empty"
223,1,"(0, 1)","(2, 3)","(-1, 0)",,"(1, 1)","(-1, 0)","soup('onion', 3, 20)",,"(3, 0):empty;(4, 1):empty",60.0,68.0,1,"(0, 1)",0.006300000000000017,0.0,0.0,0.006300000000000017,60.0,68.0,False,"(2, 3)",,"(1, 2)","soup('onion', 3, 20)",,"(3, 0):empty;(4, 1):empty"
224,2,"(1, 0)","(2, 3)","(0, 1)",,"(1, 2)","(0, 1)","soup('onion', 3, 20)",,"(3, 0):empty;(4, 1):empty",60.0,68.0,1,"(0, 1)",0.006199999999999983,0.0,0.0,0.006199999999999983,60.0,68.0,False,"(3, 3)",,"(1, 3)","soup('onion', 3, 20)",,"(3, 0):empty;(4, 1):empty"
225,1,"(0, 1)","(3, 3)","(1, 0)",,"(1, 3)","(0, 1)","soup('onion', 3, 20)",,"(3, 0):empty;(4, 1):empty",60.0,68.0,2,"(1, 0)",0.006099999999999994,0.0,0.0,0.006099999999999994,60.0,68.0,False,"(3, 3)",,"(2, 3)","soup('onion', 3, 20)",,"(3, 0):empty;(4, 1):empty"
226,3,"(-1, 0)","(3, 3)","(0, 1)",,"(2, 3)","(1, 0)","soup('onion', 3, 20)",,"(3, 0):empty;(4, 1):empty",60.0,68.0,1,"(0, 1)",-0.009840000000000028,0.0,0.0,-0.009840000000000028,60.0,68.0,False,"(3, 3)",,"(2, 3)","soup('onion', 3, 20)",,"(3, 0):empty;(4, 1):empty"
227,1,"(0, 1)","(3, 3)","(-1, 0)",,"(2, 3)","(0, 1)","soup('onion', 3, 20)",,"(3, 0):empty;(4, 1):empty",60.0,68.0,5,interact,19.616,20.0,0.0,-0.384,80.0,68.0,True,"(3, 3)",,"(2, 3)",,,"(3, 0):empty;(4, 1):empty"
228,2,"(1, 0)","(3, 3)","(0, 1)",,"(2, 3)","(0, 1)",,,"(3, 0):empty;(4, 1):empty",80.0,68.0,3,"(-1, 0)",0.0,0.0,0.0,0.0,80.0,68.0,False,"(3, 3)",,"(1, 3)",,,"(3, 0):empty;(4, 1):empty"
229,1,"(0, 1)","(3, 3)","(1, 0)",,"(1, 3)","(-1, 0)",,,"(3, 0):empty;(4, 1):empty",80.0,68.0,5,interact,0.0,0.0,0.0,0.0,80.0,68.0,False,"(3, 3)",,"(1, 3)",onion,,"(3, 0):empty;(4, 1):empty"
230,1,"(0, 1)","(3, 3)","(0, 1)",,"(1, 3)","(-1, 0)",onion,,"(3, 0):empty;(4, 1):empty",80.0,68.0,0,"(0, -1)",0.0,0.0,0.0,0.0,80.0,68.0,False,"(3, 3)",,"(1, 2)",onion,,"(3, 0):empty;(4, 1):empty"
231,5,interact,"(3, 3)","(0, 1)",,"(1, 2)","(0, -1)",onion,,"(3, 0):empty;(4, 1):empty",80.0,68.0,0,"(0, -1)",0.0,0.0,0.0,0.0,80.0,68.0,False,"(3, 3)",,"(1, 1)",onion,,"(3, 0):empty;(4, 1):empty"
232,5,interact,"(3, 3)","(0, 1)",,"(1, 1)","(0, -1)",onion,,"(3, 0):empty;(4, 1):empty",80.0,68.0,2,"(1, 0)",0.0,0.0,0.0,0.0,80.0,68.0,False,"(3, 3)",,"(2, 1)",onion,,"(3, 0):empty;(4, 1):empty"
233,5,interact,"(3, 3)","(0, 1)",,"(2, 1)","(1, 0)",onion,,"(3, 0):empty;(4, 1):empty",80.0,68.0,2,"(1, 0)",0.0,0.0,0.0,0.0,80.0,68.0,False,"(3, 3)",,"(3, 1)",onion,,"(3, 0):empty;(4, 1):empty"
234,5,interact,"(3, 3)","(0, 1)",,"(3, 1)","(1, 0)",onion,,"(3, 0):empty;(4, 1):empty",80.0,68.0,5,interact,3.0594,0.0,3.0,0.0594,80.0,71.0,False,"(3, 3)",,"(3, 1)",,"(4, 1):soup('onion', 1, 0)","(3, 0):empty;(4, 1):soup('onion', 1, 0)"
235,3,"(-1, 0)","(3, 3)","(0, 1)",,"(3, 1)","(1, 0)",,"(4, 1):soup('onion', 1, 0)","(3, 0):empty;(4, 1):soup('onion', 1, 0)",80.0,71.0,3,"(-1, 0)",-0.0006000000000000006,0.0,0.0,-0.0006000000000000006,80.0,71.0,False,"(2, 3)",,"(2, 1)",,"(4, 1):soup('onion', 1, 0)","(3, 0):empty;(4, 1):soup('onion', 1, 0)"
236,5,interact,"(2, 3)","(-1, 0)",,"(2, 1)","(-1, 0)",,"(4, 1):soup('onion', 1, 0)","(3, 0):empty;(4, 1):soup('onion', 1, 0)",80.0,71.0,3,"(-1, 0)",-0.0006000000000000006,0.0,0.0,-0.0006000000000000006,80.0,71.0,False,"(2, 3)",,"(1, 1)",,"(4, 1):soup('onion', 1, 0)","(3, 0):empty;(4, 1):soup('onion', 1, 0)"
237,2,"(1, 0)","(2, 3)","(-1, 0)",,"(1, 1)","(-1, 0)",,"(4, 1):soup('onion', 1, 0)","(3, 0):empty;(4, 1):soup('onion', 1, 0)",80.0,71.0,1,"(0, 1)",-0.0006000000000000006,0.0,0.0,-0.0006000000000000006,80.0,71.0,False,"(3, 3)",,"(1, 2)",,"(4, 1):soup('onion', 1, 0)","(3, 0):empty;(4, 1):soup('onion', 1, 0)"
238,4,"(0, 0)","(3, 3)","(1, 0)",,"(1, 2)","(0, 1)",,"(4, 1):soup('onion', 1, 0)","(3, 0):empty;(4, 1):soup('onion', 1, 0)",80.0,71.0,1,"(0, 1)",-0.0006000000000000006,0.0,0.0,-0.0006000000000000006,80.0,71.0,False,"(3, 3)",,"(1, 3)",,"(4, 1):soup('onion', 1, 0)","(3, 0):empty;(4, 1):soup('onion', 1, 0)"
239,5,interact,"(3, 3)","(1, 0)",,"(1, 3)","(0, 1)",,"(4, 1):soup('onion', 1, 0)","(3, 0):empty;(4, 1):soup('onion', 1, 0)",80.0,71.0,5,interact,-0.0006000000000000006,0.0,0.0,-0.0006000000000000006,80.0,71.0,False,"(3, 3)",,"(1, 3)",onion,"(4, 1):soup('onion', 1, 0)","(3, 0):empty;(4, 1):soup('onion', 1, 0)"
240,1,"(0, 1)","(3, 3)","(1, 0)",,"(1, 3)","(0, 1)",onion,"(4, 1):soup('onion', 1, 0)","(3, 0):empty;(4, 1):soup('onion', 1, 0)",80.0,71.0,0,"(0, -1)",-0.0006000000000000006,0.0,0.0,-0.0006000000000000006,80.0,71.0,False,"(3, 3)",,"(1, 2)",onion,"(4, 1):soup('onion', 1, 0)","(3, 0):empty;(4, 1):soup('onion', 1, 0)"
241,3,"(-1, 0)","(3, 3)","(0, 1)",,"(1, 2)","(0, -1)",onion,"(4, 1):soup('onion', 1, 0)","(3, 0):empty;(4, 1):soup('onion', 1, 0)",80.0,71.0,0,"(0, -1)",-0.0006000000000000006,0.0,0.0,-0.0006000000000000006,80.0,71.0,False,"(2, 3)",,"(1, 1)",onion,"(4, 1):soup('onion', 1, 0)","(3, 0):empty;(4, 1):soup('onion', 1, 0)"
242,1,"(0, 1)","(2, 3)","(-1, 0)",,"(1, 1)","(0, -1)",onion,"(4, 1):soup('onion', 1, 0)","(3, 0):empty;(4, 1):soup('onion', 1, 0)",80.0,71.0,2,"(1, 0)",-0.0006000000000000006,0.0,0.0,-0.0006000000000000006,80.0,71.0,False,"(2, 3)",,"(2, 1)",onion,"(4, 1):soup('onion', 1, 0)","(3, 0):empty;(4, 1):soup('onion', 1, 0)"
243,5,interact,"(2, 3)","(0, 1)",,"(2, 1)","(1, 0)",onion,"(4, 1):soup('onion', 1, 0)","(3, 0):empty;(4, 1):soup('onion', 1, 0)",80.0,71.0,2,"(1, 0)",-0.0006000000000000006,0.0,0.0,-0.0006000000000000006,80.0,71.0,False,"(2, 3)",,"(3, 1)",onion,"(4, 1):soup('onion', 1, 0)","(3, 0):empty;(4, 1):soup('onion', 1, 0)"
244,5,interact,"(2, 3)","(0, 1)",,"(3, 1)","(1, 0)",onion,"(4, 1):soup('onion', 1, 0)","(3, 0):empty;(4, 1):soup('onion', 1, 0)",80.0,71.0,5,interact,3.0588,0.0,3.0,0.0588,80.0,74.0,False,"(2, 3)",,"(3, 1)",,"(4, 1):soup('onion', 2, 0)","(3, 0):empty;(4, 1):soup('onion', 2, 0)"
245,4,"(0, 0)","(2, 3)","(0, 1)",,"(3, 1)","(1, 0)",,"(4, 1):soup('onion', 2, 0)","(3, 0):empty;(4, 1):soup('onion', 2, 0)",80.0,74.0,3,"(-1, 0)",-0.0012000000000000012,0.0,0.0,-0.0012000000000000012,80.0,74.0,False,"(2, 3)",,"(2, 1)",,"(4, 1):soup('onion', 2, 0)","(3, 0):empty;(4, 1):soup('onion', 2, 0)"
246,2,"(1, 0)","(2, 3)","(0, 1)",,"(2, 1)","(-1, 0)",,"(4, 1):soup('onion', 2, 0)","(3, 0):empty;(4, 1):soup('onion', 2, 0)",80.0,74.0,3,"(-1, 0)",-0.0012000000000000012,0.0,0.0,-0.0012000000000000012,80.0,74.0,False,"(3, 3)",,"(1, 1)",,"(4, 1):soup('onion', 2, 0)","(3, 0):empty;(4, 1):soup('onion', 2, 0)"
247,5,interact,"(3, 3)","(1, 0)",,"(1, 1)","(-1, 0)",,"(4, 1):soup('onion', 2, 0)","(3, 0):empty;(4, 1):soup('onion', 2, 0)",80.0,74.0,1,"(0, 1)",-0.0012000000000000012,0.0,0.0,-0.0012000000000000012,80.0,74.0,False,"(3, 3)",,"(1, 2)",,"(4, 1):soup('onion', 2, 0)","(3, 0):empty;(4, 1):soup('onion', 2, 0)"
248,4,"(0, 0)","(3, 3)","(1, 0)",,"(1, 2)","(0, 1)",,"(4, 1):soup('onion', 2, 0)","(3, 0):empty;(4, 1):soup('onion', 2, 0)",80.0,74.0,1,"(0, 1)",-0.0012000000000000012,0.0,0.0,-0.0012000000000000012,80.0,74.0,False,"(3, 3)",,"(1, 3)",,"(4, 1):soup('onion', 2, 0)","(3, 0):empty;(4, 1):soup('onion', 2, 0)"
249,5,interact,"(3, 3)","(1, 0)",,"(1, 3)","(0, 1)",,"(4, 1):soup('onion', 2, 0)","(3, 0):empty;(4, 1):soup('onion', 2, 0)",80.0,74.0,5,interact,-0.0012000000000000012,0.0,0.0,-0.0012000000000000012,80.0,74.0,False,"(3, 3)",,"(1, 3)",onion,"(4, 1):soup('onion', 2, 0)","(3, 0):empty;(4, 1):soup('onion', 2, 0)"
250,1,"(0, 1)","(3, 3)","(1, 0)",,"(1, 3)","(0, 1)",onion,"(4, 1):soup('onion', 2, 0)","(3, 0):empty;(4, 1):soup('onion', 2, 0)",80.0,74.0,0,"(0, -1)",-0.0012000000000000012,0.0,0.0,-0.0012000000000000012,80.0,74.0,False,"(3, 3)",,"(1, 2)",onion,"(4, 1):soup('onion', 2, 0)","(3, 0):empty;(4, 1):soup('onion', 2, 0)"
251,3,"(-1, 0)","(3, 3)","(0, 1)",,"(1, 2)","(0, -1)",onion,"(4, 1):soup('onion', 2, 0)","(3, 0):empty;(4, 1):soup('onion', 2, 0)",80.0,74.0,0,"(0, -1)",-0.0012000000000000012,0.0,0.0,-0.0012000000000000012,80.0,74.0,False,"(2, 3)",,"(1, 1)",onion,"(4, 1):soup('onion', 2, 0)","(3, 0):empty;(4, 1):soup('onion', 2, 0)"
252,1,"(0, 1)","(2, 3)","(-1, 0)",,"(1, 1)","(0, -1)",onion,"(4, 1):soup('onion', 2, 0)","(3, 0):empty;(4, 1):soup('onion', 2, 0)",80.0,74.0,2,"(1, 0)",-0.0012000000000000012,0.0,0.0,-0.0012000000000000012,80.0,74.0,False,"(2, 3)",,"(2, 1)",onion,"(4, 1):soup('onion', 2, 0)","(3, 0):empty;(4, 1):soup('onion', 2, 0)"
253,5,interact,"(2, 3)","(0, 1)",,"(2, 1)","(1, 0)",onion,"(4, 1):soup('onion', 2, 0)","(3, 0):empty;(4, 1):soup('onion', 2, 0)",80.0,74.0,2,"(1, 0)",-0.0012000000000000012,0.0,0.0,-0.0012000000000000012,80.0,74.0,False,"(2, 3)",,"(3, 1)",onion,"(4, 1):soup('onion', 2, 0)","(3, 0):empty;(4, 1):soup('onion', 2, 0)"
254,5,interact,"(2, 3)","(0, 1)",,"(3, 1)","(1, 0)",onion,"(4, 1):soup('onion', 2, 0)","(3, 0):empty;(4, 1):soup('onion', 2, 0)",80.0,74.0,5,interact,3.078,0.0,3.0,0.07800000000000001,80.0,77.0,False,"(2, 3)",,"(3, 1)",,"(4, 1):soup('onion', 3, 1)","(3, 0):empty;(4, 1):soup('onion', 3, 1)"
255,5,interact,"(2, 3)","(0, 1)",,"(3, 1)","(1, 0)",,"(4, 1):soup('onion', 3, 1)","(3, 0):empty;(4, 1):soup('onion', 3, 1)",80.0,77.0,3,"(-1, 0)",-0.0020000000000000018,0.0,0.0,-0.0020000000000000018,80.0,77.0,False,"(2, 3)",,"(2, 1)",,"(4, 1):soup('onion', 3, 2)","(3, 0):empty;(4, 1):soup('onion', 3, 2)"
256,1,"(0, 1)","(2, 3)","(0, 1)",,"(2, 1)","(-1, 0)",,"(4, 1):soup('onion', 3, 2)","(3, 0):empty;(4, 1):soup('onion', 3, 2)",80.0,77.0,3,"(-1, 0)",-0.0020000000000000018,0.0,0.0,-0.0020000000000000018,80.0,77.0,False,"(2, 3)",,"(1, 1)",,"(4, 1):soup('onion', 3, 3)","(3, 0):empty;(4, 1):soup('onion', 3, 3)"
257,1,"(0, 1)","(2, 3)","(0, 1)",,"(1, 1)","(-1, 0)",,"(4, 1):soup('onion', 3, 3)","(3, 0):empty;(4, 1):soup('onion', 3, 3)",80.0,77.0,1,"(0, 1)",-0.0020000000000000018,0.0,0.0,-0.0020000000000000018,80.0,77.0,False,"(2, 3)",,"(1, 2)",,"(4, 1):soup('onion', 3, 4)","(3, 0):empty;(4, 1):soup('onion', 3, 4)"
258,2,"(1, 0)","(2, 3)","(0, 1)",,"(1, 2)","(0, 1)",,"(4, 1):soup('onion', 3, 4)","(3, 0):empty;(4, 1):soup('onion', 3, 4)",80.0,77.0,3,"(-1, 0)",-0.0020000000000000018,0.0,0.0,-0.0020000000000000018,80.0,77.0,False,"(3, 3)",,"(1, 2)",,"(4, 1):soup('onion', 3, 5)","(3, 0):empty;(4, 1):soup('onion', 3, 5)"
259,1,"(0, 1)","(3, 3)","(1, 0)",,"(1, 2)","(-1, 0)",,"(4, 1):soup('onion', 3, 5)","(3, 0):empty;(4, 1):soup('onion', 3, 5)",80.0,77.0,5,interact,2.998,0.0,3.0,-0.0020000000000000018,80.0,80.0,False,"(3, 3)",,"(1, 2)",dish,"(4, 1):soup('onion', 3, 6)","(3, 0):empty;(4, 1):soup('onion', 3, 6)"
260,5,interact,"(3, 3)","(0, 1)",,"(1, 2)","(-1, 0)",dish,"(4, 1):soup('onion', 3, 6)","(3, 0):empty;(4, 1):soup('onion', 3, 6)",80.0,80.0,5,interact,-0.0020000000000000018,0.0,0.0,-0.0020000000000000018,80.0,80.0,False,"(3, 3)",,"(1, 2)",dish,"(4, 1):soup('onion', 3, 7)","(3, 0):empty;(4, 1):soup('onion', 3, 7)"
261,5,interact,"(3, 3)","(0, 1)",,"(1, 2)","(-1, 0)",dish,"(4, 1):soup('onion', 3, 7)","(3, 0):empty;(4, 1):soup('onion', 3, 7)",80.0,80.0,5,interact,-0.0020000000000000018,0.0,0.0,-0.0020000000000000018,80.0,80.0,False,"(3, 3)",,"(1, 2)",dish,"(4, 1):soup('onion', 3, 8)","(3, 0):empty;(4, 1):soup('onion', 3, 8)"
262,5,interact,"(3, 3)","(0, 1)",,"(1, 2)","(-1, 0)",dish,"(4, 1):soup('onion', 3, 8)","(3, 0):empty;(4, 1):soup('onion', 3, 8)",80.0,80.0,5,interact,-0.0020000000000000018,0.0,0.0,-0.0020000000000000018,80.0,80.0,False,"(3, 3)",,"(1, 2)",dish,"(4, 1):soup('onion', 3, 9)","(3, 0):empty;(4, 1):soup('onion', 3, 9)"
263,5,interact,"(3, 3)","(0, 1)",,"(1, 2)","(-1, 0)",dish,"(4, 1):soup('onion', 3, 9)","(3, 0):empty;(4, 1):soup('onion', 3, 9)",80.0,80.0,5,interact,-0.0020000000000000018,0.0,0.0,-0.0020000000000000018,80.0,80.0,False,"(3, 3)",,"(1, 2)",dish,"(4, 1):soup('onion', 3, 10)","(3, 0):empty;(4, 1):soup('onion', 3, 10)"
264,5,interact,"(3, 3)","(0, 1)",,"(1, 2)","(-1, 0)",dish,"(4, 1):soup('onion', 3, 10)","(3, 0):empty;(4, 1):soup('onion', 3, 10)",80.0,80.0,5,interact,-0.0020000000000000018,0.0,0.0,-0.0020000000000000018,80.0,80.0,False,"(3, 3)",,"(1, 2)",dish,"(4, 1):soup('onion', 3, 11)","(3, 0):empty;(4, 1):soup('onion', 3, 11)"
265,5,interact,"(3, 3)","(0, 1)",,"(1, 2)","(-1, 0)",dish,"(4, 1):soup('onion', 3, 11)","(3, 0):empty;(4, 1):soup('onion', 3, 11)",80.0,80.0,5,interact,-0.0020000000000000018,0.0,0.0,-0.0020000000000000018,80.0,80.0,False,"(3, 3)",,"(1, 2)",dish,"(4, 1):soup('onion', 3, 12)","(3, 0):empty;(4, 1):soup('onion', 3, 12)"
266,5,interact,"(3, 3)","(0, 1)",,"(1, 2)","(-1, 0)",dish,"(4, 1):soup('onion', 3, 12)","(3, 0):empty;(4, 1):soup('onion', 3, 12)",80.0,80.0,5,interact,-0.0020000000000000018,0.0,0.0,-0.0020000000000000018,80.0,80.0,False,"(3, 3)",,"(1, 2)",dish,"(4, 1):soup('onion', 3, 13)","(3, 0):empty;(4, 1):soup('onion', 3, 13)"
267,5,interact,"(3, 3)","(0, 1)",,"(1, 2)","(-1, 0)",dish,"(4, 1):soup('onion', 3, 13)","(3, 0):empty;(4, 1):soup('onion', 3, 13)",80.0,80.0,5,interact,-0.0020000000000000018,0.0,0.0,-0.0020000000000000018,80.0,80.0,False,"(3, 3)",,"(1, 2)",dish,"(4, 1):soup('onion', 3, 14)","(3, 0):empty;(4, 1):soup('onion', 3, 14)"
268,5,interact,"(3, 3)","(0, 1)",,"(1, 2)","(-1, 0)",dish,"(4, 1):soup('onion', 3, 14)","(3, 0):empty;(4, 1):soup('onion', 3, 14)",80.0,80.0,5,interact,-0.0020000000000000018,0.0,0.0,-0.0020000000000000018,80.0,80.0,False,"(3, 3)",,"(1, 2)",dish,"(4, 1):soup('onion', 3, 15)","(3, 0):empty;(4, 1):soup('onion', 3, 15)"
269,5,interact,"(3, 3)","(0, 1)",,"(1, 2)","(-1, 0)",dish,"(4, 1):soup('onion', 3, 15)","(3, 0):empty;(4, 1):soup('onion', 3, 15)",80.0,80.0,5,interact,-0.0020000000000000018,0.0,0.0,-0.0020000000000000018,80.0,80.0,False,"(3, 3)",,"(1, 2)",dish,"(4, 1):soup('onion', 3, 16)","(3, 0):empty;(4, 1):soup('onion', 3, 16)"
270,5,interact,"(3, 3)","(0, 1)",,"(1, 2)","(-1, 0)",dish,"(4, 1):soup('onion', 3, 16)","(3, 0):empty;(4, 1):soup('onion', 3, 16)",80.0,80.0,5,interact,-0.0020000000000000018,0.0,0.0,-0.0020000000000000018,80.0,80.0,False,"(3, 3)",,"(1, 2)",dish,"(4, 1):soup('onion', 3, 17)","(3, 0):empty;(4, 1):soup('onion', 3, 17)"
271,5,interact,"(3, 3)","(0, 1)",,"(1, 2)","(-1, 0)",dish,"(4, 1):soup('onion', 3, 17)","(3, 0):empty;(4, 1):soup('onion', 3, 17)",80.0,80.0,5,interact,-0.0020000000000000018,0.0,0.0,-0.0020000000000000018,80.0,80.0,False,"(3, 3)",,"(1, 2)",dish,"(4, 1):soup('onion', 3, 18)","(3, 0):empty;(4, 1):soup('onion', 3, 18)"
272,5,interact,"(3, 3)","(0, 1)",,"(1, 2)","(-1, 0)",dish,"(4, 1):soup('onion', 3, 18)","(3, 0):empty;(4, 1):soup('onion', 3, 18)",80.0,80.0,5,interact,-0.0020000000000000018,0.0,0.0,-0.0020000000000000018,80.0,80.0,False,"(3, 3)",,"(1, 2)",dish,"(4, 1):soup('onion', 3, 19)","(3, 0):empty;(4, 1):soup('onion', 3, 19)"
273,5,interact,"(3, 3)","(0, 1)",,"(1, 2)","(-1, 0)",dish,"(4, 1):soup('onion', 3, 19)","(3, 0):empty;(4, 1):soup('onion', 3, 19)",80.0,80.0,5,interact,0.09699999999999998,0.0,0.0,0.09699999999999998,80.0,80.0,False,"(3, 3)",,"(1, 2)",dish,"(4, 1):soup('onion', 3, 20)","(3, 0):empty;(4, 1):soup('onion', 3, 20)"
274,5,interact,"(3, 3)","(0, 1)",,"(1, 2)","(-1, 0)",dish,"(4, 1):soup('onion', 3, 20)","(3, 0):empty;(4, 1):soup('onion', 3, 20)",80.0,80.0,0,"(0, -1)",-0.003000000000000025,0.0,0.0,-0.003000000000000025,80.0,80.0,False,"(3, 3)",,"(1, 1)",dish,"(4, 1):soup('onion', 3, 20)","(3, 0):empty;(4, 1):soup('onion', 3, 20)"
275,5,interact,"(3, 3)","(0, 1)",,"(1, 1)","(0, -1)",dish,"(4, 1):soup('onion', 3, 20)","(3, 0):empty;(4, 1):soup('onion', 3, 20)",80.0,80.0,2,"(1, 0)",-0.003000000000000025,0.0,0.0,-0.003000000000000025,80.0,80.0,False,"(3, 3)",,"(2, 1)",dish,"(4, 1):soup('onion', 3, 20)","(3, 0):empty;(4, 1):soup('onion', 3, 20)"
276,5,interact,"(3, 3)","(0, 1)",,"(2, 1)","(1, 0)",dish,"(4, 1):soup('onion', 3, 20)","(3, 0):empty;(4, 1):soup('onion', 3, 20)",80.0,80.0,2,"(1, 0)",-0.003000000000000025,0.0,0.0,-0.003000000000000025,80.0,80.0,False,"(3, 3)",,"(3, 1)",dish,"(4, 1):soup('onion', 3, 20)","(3, 0):empty;(4, 1):soup('onion', 3, 20)"
277,4,"(0, 0)","(3, 3)","(0, 1)",,"(3, 1)","(1, 0)",dish,"(4, 1):soup('onion', 3, 20)","(3, 0):empty;(4, 1):soup('onion', 3, 20)",80.0,80.0,5,interact,5.0564,0.0,5.0,0.056400000000000006,80.0,85.0,False,"(3, 3)",,"(3, 1)","soup('onion', 3, 20)",,"(3, 0):empty;(4, 1):empty"
278,3,"(-1, 0)","(3, 3)","(0, 1)",,"(3, 1)","(1, 0)","soup('onion', 3, 20)",,"(3, 0):empty;(4, 1):empty",80.0,85.0,3,"(-1, 0)",0.006300000000000017,0.0,0.0,0.006300000000000017,80.0,85.0,False,"(2, 3)",,"(2, 1)","soup('onion', 3, 20)",,"(3, 0):empty;(4, 1):empty"
279,5,interact,"(2, 3)","(-1, 0)",,"(2, 1)","(-1, 0)","soup('onion', 3, 20)",,"(3, 0):empty;(4, 1):empty",80.0,85.0,3,"(-1, 0)",-0.013600000000000013,0.0,0.0,-0.013600000000000013,80.0,85.0,False,"(2, 3)",,"(1, 1)","soup('onion', 3, 20)",,"(3, 0):empty;(4, 1):empty"
280,1,"(0, 1)","(2, 3)","(-1, 0)",,"(1, 1)","(-1, 0)","soup('onion', 3, 20)",,"(3, 0):empty;(4, 1):empty",80.0,85.0,1,"(0, 1)",0.006300000000000017,0.0,0.0,0.006300000000000017,80.0,85.0,False,"(2, 3)",,"(1, 2)","soup('onion', 3, 20)",,"(3, 0):empty;(4, 1):empty"
281,2,"(1, 0)","(2, 3)","(0, 1)",,"(1, 2)","(0, 1)","soup('onion', 3, 20)",,"(3, 0):empty;(4, 1):empty",80.0,85.0,1,"(0, 1)",0.006199999999999983,0.0,0.0,0.006199999999999983,80.0,85.0,False,"(3, 3)",,"(1, 3)","soup('onion', 3, 20)",,"(3, 0):empty;(4, 1):empty"
282,1,"(0, 1)","(3, 3)","(1, 0)",,"(1, 3)","(0, 1)","soup('onion', 3, 20)",,"(3, 0):empty;(4, 1):empty",80.0,85.0,2,"(1, 0)",0.006099999999999994,0.0,0.0,0.006099999999999994,80.0,85.0,False,"(3, 3)",,"(2, 3)","soup('onion', 3, 20)",,"(3, 0):empty;(4, 1):empty"
283,3,"(-1, 0)","(3, 3)","(0, 1)",,"(2, 3)","(1, 0)","soup('onion', 3, 20)",,"(3, 0):empty;(4, 1):empty",80.0,85.0,1,"(0, 1)",-0.009840000000000028,0.0,0.0,-0.009840000000000028,80.0,85.0,False,"(3, 3)",,"(2, 3)","soup('onion', 3, 20)",,"(3, 0):empty;(4, 1):empty"
284,1,"(0, 1)","(3, 3)","(-1, 0)",,"(2, 3)","(0, 1)","soup('onion', 3, 20)",,"(3, 0):empty;(4, 1):empty",80.0,85.0,5,interact,19.616,20.0,0.0,-0.384,100.0,85.0,True,"(3, 3)",,"(2, 3)",,,"(3, 0):empty;(4, 1):empty"
285,2,"(1, 0)","(3, 3)","(0, 1)",,"(2, 3)","(0, 1)",,,"(3, 0):empty;(4, 1):empty",100.0,85.0,3,"(-1, 0)",0.0,0.0,0.0,0.0,100.0,85.0,False,"(3, 3)",,"(1, 3)",,,"(3, 0):empty;(4, 1):empty"
286,1,"(0, 1)","(3, 3)","(1, 0)",,"(1, 3)","(-1, 0)",,,"(3, 0):empty;(4, 1):empty",100.0,85.0,5,interact,0.0,0.0,0.0,0.0,100.0,85.0,False,"(3, 3)",,"(1, 3)",onion,,"(3, 0):empty;(4, 1):empty"
287,1,"(0, 1)","(3, 3)","(0, 1)",,"(1, 3)","(-1, 0)",onion,,"(3, 0):empty;(4, 1):empty",100.0,85.0,0,"(0, -1)",0.0,0.0,0.0,0.0,100.0,85.0,False,"(3, 3)",,"(1, 2)",onion,,"(3, 0):empty;(4, 1):empty"
288,5,interact,"(3, 3)","(0, 1)",,"(1, 2)","(0, -1)",onion,,"(3, 0):empty;(4, 1):empty",100.0,85.0,0,"(0, -1)",0.0,0.0,0.0,0.0,100.0,85.0,False,"(3, 3)",,"(1, 1)",onion,,"(3, 0):empty;(4, 1):empty"
289,5,interact,"(3, 3)","(0, 1)",,"(1, 1)","(0, -1)",onion,,"(3, 0):empty;(4, 1):empty",100.0,85.0,2,"(1, 0)",0.0,0.0,0.0,0.0,100.0,85.0,False,"(3, 3)",,"(2, 1)",onion,,"(3, 0):empty;(4, 1):empty"
290,5,interact,"(3, 3)","(0, 1)",,"(2, 1)","(1, 0)",onion,,"(3, 0):empty;(4, 1):empty",100.0,85.0,2,"(1, 0)",0.0,0.0,0.0,0.0,100.0,85.0,False,"(3, 3)",,"(3, 1)",onion,,"(3, 0):empty;(4, 1):empty"
291,5,interact,"(3, 3)","(0, 1)",,"(3, 1)","(1, 0)",onion,,"(3, 0):empty;(4, 1):empty",100.0,85.0,5,interact,3.0594,0.0,3.0,0.0594,100.0,88.0,False,"(3, 3)",,"(3, 1)",,"(4, 1):soup('onion', 1, 0)","(3, 0):empty;(4, 1):soup('onion', 1, 0)"
292,3,"(-1, 0)","(3, 3)","(0, 1)",,"(3, 1)","(1, 0)",,"(4, 1):soup('onion', 1, 0)","(3, 0):empty;(4, 1):soup('onion', 1, 0)",100.0,88.0,3,"(-1, 0)",-0.0006000000000000006,0.0,0.0,-0.0006000000000000006,100.0,88.0,False,"(2, 3)",,"(2, 1)",,"(4, 1):soup('onion', 1, 0)","(3, 0):empty;(4, 1):soup('onion', 1, 0)"
293,5,interact,"(2, 3)","(-1, 0)",,"(2, 1)","(-1, 0)",,"(4, 1):soup('onion', 1, 0)","(3, 0):empty;(4, 1):soup('onion', 1, 0)",100.0,88.0,3,"(-1, 0)",-0.0006000000000000006,0.0,0.0,-0.0006000000000000006,100.0,88.0,False,"(2, 3)",,"(1, 1)",,"(4, 1):soup('onion', 1, 0)","(3, 0):empty;(4, 1):soup('onion', 1, 0)"
294,2,"(1, 0)","(2, 3)","(-1, 0)",,"(1, 1)","(-1, 0)",,"(4, 1):soup('onion', 1, 0)","(3, 0):empty;(4, 1):soup('onion', 1, 0)",100.0,88.0,1,"(0, 1)",-0.0006000000000000006,0.0,0.0,-0.0006000000000000006,100.0,88.0,False,"(3, 3)",,"(1, 2)",,"(4, 1):soup('onion', 1, 0)","(3, 0):empty;(4, 1):soup('onion', 1, 0)"
295,4,"(0, 0)","(3, 3)","(1, 0)",,"(1, 2)","(0, 1)",,"(4, 1):soup('onion', 1, 0)","(3, 0):empty;(4, 1):soup('onion', 1, 0)",100.0,88.0,1,"(0, 1)",-0.0006000000000000006,0.0,0.0,-0.0006000000000000006,100.0,88.0,False,"(3, 3)",,"(1, 3)",,"(4, 1):soup('onion', 1, 0)","(3, 0):empty;(4, 1):soup('onion', 1, 0)"
296,5,interact,"(3, 3)","(1, 0)",,"(1, 3)","(0, 1)",,"(4, 1):soup('onion', 1, 0)","(3, 0):empty;(4, 1):soup('onion', 1, 0)",100.0,88.0,5,interact,-0.0006000000000000006,0.0,0.0,-0.0006000000000000006,100.0,88.0,False,"(3, 3)",,"(1, 3)",onion,"(4, 1):soup('onion', 1, 0)","(3, 0):empty;(4, 1):soup('onion', 1, 0)"
297,1,"(0, 1)","(3, 3)","(1, 0)",,"(1, 3)","(0, 1)",onion,"(4, 1):soup('onion', 1, 0)","(3, 0):empty;(4, 1):soup('onion', 1, 0)",100.0,88.0,0,"(0, -1)",-0.0006000000000000006,0.0,0.0,-0.0006000000000000006,100.0,88.0,False,"(3, 3)",,"(1, 2)",onion,"(4, 1):soup('onion', 1, 0)","(3, 0):empty;(4, 1):soup('onion', 1, 0)"
298,3,"(-1, 0)","(3, 3)","(0, 1)",,"(1, 2)","(0, -1)",onion,"(4, 1):soup('onion', 1, 0)","(3, 0):empty;(4, 1):soup('onion', 1, 0)",100.0,88.0,0,"(0, -1)",-0.0006000000000000006,0.0,0.0,-0.0006000000000000006,100.0,88.0,False,"(2, 3)",,"(1, 1)",onion,"(4, 1):soup('onion', 1, 0)","(3, 0):empty;(4, 1):soup('onion', 1, 0)"
299,1,"(0, 1)","(2, 3)","(-1, 0)",,"(1, 1)","(0, -1)",onion,"(4, 1):soup('onion', 1, 0)","(3, 0):empty;(4, 1):soup('onion', 1, 0)",100.0,88.0,2,"(1, 0)",-0.0006000000000000006,0.0,0.0,-0.0006000000000000006,100.0,88.0,False,"(2, 3)",,"(2, 1)",onion,"(4, 1):soup('onion', 1, 0)","(3, 0):empty;(4, 1):soup('onion', 1, 0)"
300,5,interact,"(2, 3)","(0, 1)",,"(2, 1)","(1, 0)",onion,"(4, 1):soup('onion', 1, 0)","(3, 0):empty;(4, 1):soup('onion', 1, 0)",100.0,88.0,2,"(1, 0)",-0.0006000000000000006,0.0,0.0,-0.0006000000000000006,100.0,88.0,False,"(2, 3)",,"(3, 1)",onion,"(4, 1):soup('onion', 1, 0)","(3, 0):empty;(4, 1):soup('onion', 1, 0)"
301,5,interact,"(2, 3)","(0, 1)",,"(3, 1)","(1, 0)",onion,"(4, 1):soup('onion', 1, 0)","(3, 0):empty;(4, 1):soup('onion', 1, 0)",100.0,88.0,5,interact,3.0588,0.0,3.0,0.0588,100.0,91.0,False,"(2, 3)",,"(3, 1)",,"(4, 1):soup('onion', 2, 0)","(3, 0):empty;(4, 1):soup('onion', 2, 0)"
302,4,"(0, 0)","(2, 3)","(0, 1)",,"(3, 1)","(1, 0)",,"(4, 1):soup('onion', 2, 0)","(3, 0):empty;(4, 1):soup('onion', 2, 0)",100.0,91.0,3,"(-1, 0)",-0.0012000000000000012,0.0,0.0,-0.0012000000000000012,100.0,91.0,False,"(2, 3)",,"(2, 1)",,"(4, 1):soup('onion', 2, 0)","(3, 0):empty;(4, 1):soup('onion', 2, 0)"
303,2,"(1, 0)","(2, 3)","(0, 1)",,"(2, 1)","(-1, 0)",,"(4, 1):soup('onion', 2, 0)","(3, 0):empty;(4, 1):soup('onion', 2, 0)",100.0,91.0,3,"(-1, 0)",-0.0012000000000000012,0.0,0.0,-0.0012000000000000012,100.0,91.0,False,"(3, 3)",,"(1, 1)",,"(4, 1):soup('onion', 2, 0)","(3, 0):empty;(4, 1):soup('onion', 2, 0)"
304,5,interact,"(3, 3)","(1, 0)",,"(1, 1)","(-1, 0)",,"(4, 1):soup('onion', 2, 0)","(3, 0):empty;(4, 1):soup('onion', 2, 0)",100.0,91.0,1,"(0, 1)",-0.0012000000000000012,0.0,0.0,-0.0012000000000000012,100.0,91.0,False,"(3, 3)",,"(1, 2)",,"(4, 1):soup('onion', 2, 0)","(3, 0):empty;(4, 1):soup('onion', 2, 0)"
305,4,"(0, 0)","(3, 3)","(1, 0)",,"(1, 2)","(0, 1)",,"(4, 1):soup('onion', 2, 0)","(3, 0):empty;(4, 1):soup('onion', 2, 0)",100.0,91.0,1,"(0, 1)",-0.0012000000000000012,0.0,0.0,-0.0012000000000000012,100.0,91.0,False,"(3, 3)",,"(1, 3)",,"(4, 1):soup('onion', 2, 0)","(3, 0):empty;(4, 1):soup('onion', 2, 0)"
306,5,interact,"(3, 3)","(1, 0)",,"(1, 3)","(0, 1)",,"(4, 1):soup('onion', 2, 0)","(3, 0):empty;(4, 1):soup('onion', 2, 0)",100.0,91.0,5,interact,-0.0012000000000000012,0.0,0.0,-0.0012000000000000012,100.0,91.0,False,"(3, 3)",,"(1, 3)",onion,"(4, 1):soup('onion', 2, 0)","(3, 0):empty;(4, 1):soup('onion', 2, 0)"
307,1,"(0, 1)","(3, 3)","(1, 0)",,"(1, 3)","(0, 1)",onion,"(4, 1):soup('onion', 2, 0)","(3, 0):empty;(4, 1):soup('onion', 2, 0)",100.0,91.0,0,"(0, -1)",-0.0012000000000000012,0.0,0.0,-0.0012000000000000012,100.0,91.0,False,"(3, 3)",,"(1, 2)",onion,"(4, 1):soup('onion', 2, 0)","(3, 0):empty;(4, 1):soup('onion', 2, 0)"
308,3,"(-1, 0)","(3, 3)","(0, 1)",,"(1, 2)","(0, -1)",onion,"(4, 1):soup('onion', 2, 0)","(3, 0):empty;(4, 1):soup('onion', 2, 0)",100.0,91.0,0,"(0, -1)",-0.0012000000000000012,0.0,0.0,-0.0012000000000000012,100.0,91.0,False,"(2, 3)",,"(1, 1)",onion,"(4, 1):soup('onion', 2, 0)","(3, 0):empty;(4, 1):soup('onion', 2, 0)"
309,1,"(0, 1)","(2, 3)","(-1, 0)",,"(1, 1)","(0, -1)",onion,"(4, 1):soup('onion', 2, 0)","(3, 0):empty;(4, 1):soup('onion', 2, 0)",100.0,91.0,2,"(1, 0)",-0.0012000000000000012,0.0,0.0,-0.0012000000000000012,100.0,91.0,False,"(2, 3)",,"(2, 1)",onion,"(4, 1):soup('onion', 2, 0)","(3, 0):empty;(4, 1):soup('onion', 2, 0)"
310,5,interact,"(2, 3)","(0, 1)",,"(2, 1)","(1, 0)",onion,"(4, 1):soup('onion', 2, 0)","(3, 0):empty;(4, 1):soup('onion', 2, 0)",100.0,91.0,2,"(1, 0)",-0.0012000000000000012,0.0,0.0,-0.0012000000000000012,100.0,91.0,False,"(2, 3)",,"(3, 1)",onion,"(4, 1):soup('onion', 2, 0)","(3, 0):empty;(4, 1):soup('onion', 2, 0)"
311,5,interact,"(2, 3)","(0, 1)",,"(3, 1)","(1, 0)",onion,"(4, 1):soup('onion', 2, 0)","(3, 0):empty;(4, 1):soup('onion', 2, 0)",100.0,91.0,5,interact,3.078,0.0,3.0,0.07800000000000001,100.0,94.0,False,"(2, 3)",,"(3, 1)",,"(4, 1):soup('onion', 3, 1)","(3, 0):empty;(4, 1):soup('onion', 3, 1)"
312,5,interact,"(2, 3)","(0, 1)",,"(3, 1)","(1, 0)",,"(4, 1):soup('onion', 3, 1)","(3, 0):empty;(4, 1):soup('onion', 3, 1)",100.0,94.0,3,"(-1, 0)",-0.0020000000000000018,0.0,0.0,-0.0020000000000000018,100.0,94.0,False,"(2, 3)",,"(2, 1)",,"(4, 1):soup('onion', 3, 2)","(3, 0):empty;(4, 1):soup('onion', 3, 2)"
313,1,"(0, 1)","(2, 3)","(0, 1)",,"(2, 1)","(-1, 0)",,"(4, 1):soup('onion', 3, 2)","(3, 0):empty;(4, 1):soup('onion', 3, 2)",100.0,94.0,3,"(-1, 0)",-0.0020000000000000018,0.0,0.0,-0.0020000000000000018,100.0,94.0,False,"(2, 3)",,"(1, 1)",,"(4, 1):soup('onion', 3, 3)","(3, 0):empty;(4, 1):soup('onion', 3, 3)"
314,1,"(0, 1)","(2, 3)","(0, 1)",,"(1, 1)","(-1, 0)",,"(4, 1):soup('onion', 3, 3)","(3, 0):empty;(4, 1):soup('onion', 3, 3)",100.0,94.0,1,"(0, 1)",-0.0020000000000000018,0.0,0.0,-0.0020000000000000018,100.0,94.0,False,"(2, 3)",,"(1, 2)",,"(4, 1):soup('onion', 3, 4)","(3, 0):empty;(4, 1):soup('onion', 3, 4)"
315,2,"(1, 0)","(2, 3)","(0, 1)",,"(1, 2)","(0, 1)",,"(4, 1):soup('onion', 3, 4)","(3, 0):empty;(4, 1):soup('onion', 3, 4)",100.0,94.0,3,"(-1, 0)",-0.0020000000000000018,0.0,0.0,-0.0020000000000000018,100.0,94.0,False,"(3, 3)",,"(1, 2)",,"(4, 1):soup('onion', 3, 5)","(3, 0):empty;(4, 1):soup('onion', 3, 5)"
316,1,"(0, 1)","(3, 3)","(1, 0)",,"(1, 2)","(-1, 0)",,"(4, 1):soup('onion', 3, 5)","(3, 0):empty;(4, 1):soup('onion', 3, 5)",100.0,94.0,5,interact,2.998,0.0,3.0,-0.0020000000000000018,100.0,97.0,False,"(3, 3)",,"(1, 2)",dish,"(4, 1):soup('onion', 3, 6)","(3, 0):empty;(4, 1):soup('onion', 3, 6)"
317,5,interact,"(3, 3)","(0, 1)",,"(1, 2)","(-1, 0)",dish,"(4, 1):soup('onion', 3, 6)","(3, 0):empty;(4, 1):soup('onion', 3, 6)",100.0,97.0,5,interact,-0.0020000000000000018,0.0,0.0,-0.0020000000000000018,100.0,97.0,False,"(3, 3)",,"(1, 2)",dish,"(4, 1):soup('onion', 3, 7)","(3, 0):empty;(4, 1):soup('onion', 3, 7)"
318,5,interact,"(3, 3)","(0, 1)",,"(1, 2)","(-1, 0)",dish,"(4, 1):soup('onion', 3, 7)","(3, 0):empty;(4, 1):soup('onion', 3, 7)",100.0,97.0,5,interact,-0.0020000000000000018,0.0,0.0,-0.0020000000000000018,100.0,97.0,False,"(3, 3)",,"(1, 2)",dish,"(4, 1):soup('onion', 3, 8)","(3, 0):empty;(4, 1):soup('onion', 3, 8)"
319,5,interact,"(3, 3)","(0, 1)",,"(1, 2)","(-1, 0)",dish,"(4, 1):soup('onion', 3, 8)","(3, 0):empty;(4, 1):soup('onion', 3, 8)",100.0,97.0,5,interact,-0.0020000000000000018,0.0,0.0,-0.0020000000000000018,100.0,97.0,False,"(3, 3)",,"(1, 2)",dish,"(4, 1):soup('onion', 3, 9)","(3, 0):empty;(4, 1):soup('onion', 3, 9)"
320,5,interact,"(3, 3)","(0, 1)",,"(1, 2)","(-1, 0)",dish,"(4, 1):soup('onion', 3, 9)","(3, 0):empty;(4, 1):soup('onion', 3, 9)",100.0,97.0,5,interact,-0.0020000000000000018,0.0,0.0,-0.0020000000000000018,100.0,97.0,False,"(3, 3)",,"(1, 2)",dish,"(4, 1):soup('onion', 3, 10)","(3, 0):empty;(4, 1):soup('onion', 3, 10)"
321,5,interact,"(3, 3)","(0, 1)",,"(1, 2)","(-1, 0)",dish,"(4, 1):soup('onion', 3, 10)","(3, 0):empty;(4, 1):soup('onion', 3, 10)",100.0,97.0,5,interact,-0.0020000000000000018,0.0,0.0,-0.0020000000000000018,100.0,97.0,False,"(3, 3)",,"(1, 2)",dish,"(4, 1):soup('onion', 3, 11)","(3, 0):empty;(4, 1):soup('onion', 3, 11)"
322,5,interact,"(3, 3)","(0, 1)",,"(1, 2)","(-1, 0)",dish,"(4, 1):soup('onion', 3, 11)","(3, 0):empty;(4, 1):soup('onion', 3, 11)",100.0,97.0,5,interact,-0.0020000000000000018,0.0,0.0,-0.0020000000000000018,100.0,97.0,False,"(3, 3)",,"(1, 2)",dish,"(4, 1):soup('onion', 3, 12)","(3, 0):empty;(4, 1):soup('onion', 3, 12)"
323,5,interact,"(3, 3)","(0, 1)",,"(1, 2)","(-1, 0)",dish,"(4, 1):soup('onion', 3, 12)","(3, 0):empty;(4, 1):soup('onion', 3, 12)",100.0,97.0,5,interact,-0.0020000000000000018,0.0,0.0,-0.0020000000000000018,100.0,97.0,False,"(3, 3)",,"(1, 2)",dish,"(4, 1):soup('onion', 3, 13)","(3, 0):empty;(4, 1):soup('onion', 3, 13)"
324,5,interact,"(3, 3)","(0, 1)",,"(1, 2)","(-1, 0)",dish,"(4, 1):soup('onion', 3, 13)","(3, 0):empty;(4, 1):soup('onion', 3, 13)",100.0,97.0,5,interact,-0.0020000000000000018,0.0,0.0,-0.0020000000000000018,100.0,97.0,False,"(3, 3)",,"(1, 2)",dish,"(4, 1):soup('onion', 3, 14)","(3, 0):empty;(4, 1):soup('onion', 3, 14)"
325,5,interact,"(3, 3)","(0, 1)",,"(1, 2)","(-1, 0)",dish,"(4, 1):soup('onion', 3, 14)","(3, 0):empty;(4, 1):soup('onion', 3, 14)",100.0,97.0,5,interact,-0.0020000000000000018,0.0,0.0,-0.0020000000000000018,100.0,97.0,False,"(3, 3)",,"(1, 2)",dish,"(4, 1):soup('onion', 3, 15)","(3, 0):empty;(4, 1):soup('onion', 3, 15)"
326,5,interact,"(3, 3)","(0, 1)",,"(1, 2)","(-1, 0)",dish,"(4, 1):soup('onion', 3, 15)","(3, 0):empty;(4, 1):soup('onion', 3, 15)",100.0,97.0,5,interact,-0.0020000000000000018,0.0,0.0,-0.0020000000000000018,100.0,97.0,False,"(3, 3)",,"(1, 2)",dish,"(4, 1):soup('onion', 3, 16)","(3, 0):empty;(4, 1):soup('onion', 3, 16)"
327,5,interact,"(3, 3)","(0, 1)",,"(1, 2)","(-1, 0)",dish,"(4, 1):soup('onion', 3, 16)","(3, 0):empty;(4, 1):soup('onion', 3, 16)",100.0,97.0,5,interact,-0.0020000000000000018,0.0,0.0,-0.0020000000000000018,100.0,97.0,False,"(3, 3)",,"(1, 2)",dish,"(4, 1):soup('onion', 3, 17)","(3, 0):empty;(4, 1):soup('onion', 3, 17)"
328,5,interact,"(3, 3)","(0, 1)",,"(1, 2)","(-1, 0)",dish,"(4, 1):soup('onion', 3, 17)","(3, 0):empty;(4, 1):soup('onion', 3, 17)",100.0,97.0,5,interact,-0.0020000000000000018,0.0,0.0,-0.0020000000000000018,100.0,97.0,False,"(3, 3)",,"(1, 2)",dish,"(4, 1):soup('onion', 3, 18)","(3, 0):empty;(4, 1):soup('onion', 3, 18)"
329,5,interact,"(3, 3)","(0, 1)",,"(1, 2)","(-1, 0)",dish,"(4, 1):soup('onion', 3, 18)","(3, 0):empty;(4, 1):soup('onion', 3, 18)",100.0,97.0,5,interact,-0.0020000000000000018,0.0,0.0,-0.0020000000000000018,100.0,97.0,False,"(3, 3)",,"(1, 2)",dish,"(4, 1):soup('onion', 3, 19)","(3, 0):empty;(4, 1):soup('onion', 3, 19)"
330,5,interact,"(3, 3)","(0, 1)",,"(1, 2)","(-1, 0)",dish,"(4, 1):soup('onion', 3, 19)","(3, 0):empty;(4, 1):soup('onion', 3, 19)",100.0,97.0,5,interact,0.09699999999999998,0.0,0.0,0.09699999999999998,100.0,97.0,False,"(3, 3)",,"(1, 2)",dish,"(4, 1):soup('onion', 3, 20)","(3, 0):empty;(4, 1):soup('onion', 3, 20)"
331,5,interact,"(3, 3)","(0, 1)",,"(1, 2)","(-1, 0)",dish,"(4, 1):soup('onion', 3, 20)","(3, 0):empty;(4, 1):soup('onion', 3, 20)",100.0,97.0,0,"(0, -1)",-0.003000000000000025,0.0,0.0,-0.003000000000000025,100.0,97.0,False,"(3, 3)",,"(1, 1)",dish,"(4, 1):soup('onion', 3, 20)","(3, 0):empty;(4, 1):soup('onion', 3, 20)"
332,5,interact,"(3, 3)","(0, 1)",,"(1, 1)","(0, -1)",dish,"(4, 1):soup('onion', 3, 20)","(3, 0):empty;(4, 1):soup('onion', 3, 20)",100.0,97.0,2,"(1, 0)",-0.003000000000000025,0.0,0.0,-0.003000000000000025,100.0,97.0,False,"(3, 3)",,"(2, 1)",dish,"(4, 1):soup('onion', 3, 20)","(3, 0):empty;(4, 1):soup('onion', 3, 20)"
333,5,interact,"(3, 3)","(0, 1)",,"(2, 1)","(1, 0)",dish,"(4, 1):soup('onion', 3, 20)","(3, 0):empty;(4, 1):soup('onion', 3, 20)",100.0,97.0,2,"(1, 0)",-0.003000000000000025,0.0,0.0,-0.003000000000000025,100.0,97.0,False,"(3, 3)",,"(3, 1)",dish,"(4, 1):soup('onion', 3, 20)","(3, 0):empty;(4, 1):soup('onion', 3, 20)"
334,4,"(0, 0)","(3, 3)","(0, 1)",,"(3, 1)","(1, 0)",dish,"(4, 1):soup('onion', 3, 20)","(3, 0):empty;(4, 1):soup('onion', 3, 20)",100.0,97.0,5,interact,5.0564,0.0,5.0,0.056400000000000006,100.0,102.0,False,"(3, 3)",,"(3, 1)","soup('onion', 3, 20)",,"(3, 0):empty;(4, 1):empty"
335,3,"(-1, 0)","(3, 3)","(0, 1)",,"(3, 1)","(1, 0)","soup('onion', 3, 20)",,"(3, 0):empty;(4, 1):empty",100.0,102.0,3,"(-1, 0)",0.006300000000000017,0.0,0.0,0.006300000000000017,100.0,102.0,False,"(2, 3)",,"(2, 1)","soup('onion', 3, 20)",,"(3, 0):empty;(4, 1):empty"
336,5,interact,"(2, 3)","(-1, 0)",,"(2, 1)","(-1, 0)","soup('onion', 3, 20)",,"(3, 0):empty;(4, 1):empty",100.0,102.0,3,"(-1, 0)",-0.013600000000000013,0.0,0.0,-0.013600000000000013,100.0,102.0,False,"(2, 3)",,"(1, 1)","soup('onion', 3, 20)",,"(3, 0):empty;(4, 1):empty"
337,1,"(0, 1)","(2, 3)","(-1, 0)",,"(1, 1)","(-1, 0)","soup('onion', 3, 20)",,"(3, 0):empty;(4, 1):empty",100.0,102.0,1,"(0, 1)",0.006300000000000017,0.0,0.0,0.006300000000000017,100.0,102.0,False,"(2, 3)",,"(1, 2)","soup('onion', 3, 20)",,"(3, 0):empty;(4, 1):empty"
338,2,"(1, 0)","(2, 3)","(0, 1)",,"(1, 2)","(0, 1)","soup('onion', 3, 20)",,"(3, 0):empty;(4, 1):empty",100.0,102.0,1,"(0, 1)",0.006199999999999983,0.0,0.0,0.006199999999999983,100.0,102.0,False,"(3, 3)",,"(1, 3)","soup('onion', 3, 20)",,"(3, 0):empty;(4, 1):empty"
339,1,"(0, 1)","(3, 3)","(1, 0)",,"(1, 3)","(0, 1)","soup('onion', 3, 20)",,"(3, 0):empty;(4, 1):empty",100.0,102.0,2,"(1, 0)",0.006099999999999994,0.0,0.0,0.006099999999999994,100.0,102.0,False,"(3, 3)",,"(2, 3)","soup('onion', 3, 20)",,"(3, 0):empty;(4, 1):empty"
340,3,"(-1, 0)","(3, 3)","(0, 1)",,"(2, 3)","(1, 0)","soup('onion', 3, 20)",,"(3, 0):empty;(4, 1):empty",100.0,102.0,1,"(0, 1)",-0.009840000000000028,0.0,0.0,-0.009840000000000028,100.0,102.0,False,"(3, 3)",,"(2, 3)","soup('onion', 3, 20)",,"(3, 0):empty;(4, 1):empty"
341,1,"(0, 1)","(3, 3)","(-1, 0)",,"(2, 3)","(0, 1)","soup('onion', 3, 20)",,"(3, 0):empty;(4, 1):empty",100.0,102.0,5,interact,19.616,20.0,0.0,-0.384,120.0,102.0,True,"(3, 3)",,"(2, 3)",,,"(3, 0):empty;(4, 1):empty"
342,2,"(1, 0)","(3, 3)","(0, 1)",,"(2, 3)","(0, 1)",,,"(3, 0):empty;(4, 1):empty",120.0,102.0,3,"(-1, 0)",0.0,0.0,0.0,0.0,120.0,102.0,False,"(3, 3)",,"(1, 3)",,,"(3, 0):empty;(4, 1):empty"
343,1,"(0, 1)","(3, 3)","(1, 0)",,"(1, 3)","(-1, 0)",,,"(3, 0):empty;(4, 1):empty",120.0,102.0,5,interact,0.0,0.0,0.0,0.0,120.0,102.0,False,"(3, 3)",,"(1, 3)",onion,,"(3, 0):empty;(4, 1):empty"
344,1,"(0, 1)","(3, 3)","(0, 1)",,"(1, 3)","(-1, 0)",onion,,"(3, 0):empty;(4, 1):empty",120.0,102.0,0,"(0, -1)",0.0,0.0,0.0,0.0,120.0,102.0,False,"(3, 3)",,"(1, 2)",onion,,"(3, 0):empty;(4, 1):empty"
345,5,interact,"(3, 3)","(0, 1)",,"(1, 2)","(0, -1)",onion,,"(3, 0):empty;(4, 1):empty",120.0,102.0,0,"(0, -1)",0.0,0.0,0.0,0.0,120.0,102.0,False,"(3, 3)",,"(1, 1)",onion,,"(3, 0):empty;(4, 1):empty"
346,5,interact,"(3, 3)","(0, 1)",,"(1, 1)","(0, -1)",onion,,"(3, 0):empty;(4, 1):empty",120.0,102.0,2,"(1, 0)",0.0,0.0,0.0,0.0,120.0,102.0,False,"(3, 3)",,"(2, 1)",onion,,"(3, 0):empty;(4, 1):empty"
347,5,interact,"(3, 3)","(0, 1)",,"(2, 1)","(1, 0)",onion,,"(3, 0):empty;(4, 1):empty",120.0,102.0,2,"(1, 0)",0.0,0.0,0.0,0.0,120.0,102.0,False,"(3, 3)",,"(3, 1)",onion,,"(3, 0):empty;(4, 1):empty"
348,5,interact,"(3, 3)","(0, 1)",,"(3, 1)","(1, 0)",onion,,"(3, 0):empty;(4, 1):empty",120.0,102.0,5,interact,3.0594,0.0,3.0,0.0594,120.0,105.0,False,"(3, 3)",,"(3, 1)",,"(4, 1):soup('onion', 1, 0)","(3, 0):empty;(4, 1):soup('onion', 1, 0)"
349,3,"(-1, 0)","(3, 3)","(0, 1)",,"(3, 1)","(1, 0)",,"(4, 1):soup('onion', 1, 0)","(3, 0):empty;(4, 1):soup('onion', 1, 0)",120.0,105.0,3,"(-1, 0)",-0.0006000000000000006,0.0,0.0,-0.0006000000000000006,120.0,105.0,False,"(2, 3)",,"(2, 1)",,"(4, 1):soup('onion', 1, 0)","(3, 0):empty;(4, 1):soup('onion', 1, 0)"
350,5,interact,"(2, 3)","(-1, 0)",,"(2, 1)","(-1, 0)",,"(4, 1):soup('onion', 1, 0)","(3, 0):empty;(4, 1):soup('onion', 1, 0)",120.0,105.0,3,"(-1, 0)",-0.0006000000000000006,0.0,0.0,-0.0006000000000000006,120.0,105.0,False,"(2, 3)",,"(1, 1)",,"(4, 1):soup('onion', 1, 0)","(3, 0):empty;(4, 1):soup('onion', 1, 0)"
351,2,"(1, 0)","(2, 3)","(-1, 0)",,"(1, 1)","(-1, 0)",,"(4, 1):soup('onion', 1, 0)","(3, 0):empty;(4, 1):soup('onion', 1, 0)",120.0,105.0,1,"(0, 1)",-0.0006000000000000006,0.0,0.0,-0.0006000000000000006,120.0,105.0,False,"(3, 3)",,"(1, 2)",,"(4, 1):soup('onion', 1, 0)","(3, 0):empty;(4, 1):soup('onion', 1, 0)"
352,4,"(0, 0)","(3, 3)","(1, 0)",,"(1, 2)","(0, 1)",,"(4, 1):soup('onion', 1, 0)","(3, 0):empty;(4, 1):soup('onion', 1, 0)",120.0,105.0,1,"(0, 1)",-0.0006000000000000006,0.0,0.0,-0.0006000000000000006,120.0,105.0,False,"(3, 3)",,"(1, 3)",,"(4, 1):soup('onion', 1, 0)","(3, 0):empty;(4, 1):soup('onion', 1, 0)"
353,5,interact,"(3, 3)","(1, 0)",,"(1, 3)","(0, 1)",,"(4, 1):soup('onion', 1, 0)","(3, 0):empty;(4, 1):soup('onion', 1, 0)",120.0,105.0,5,interact,-0.0006000000000000006,0.0,0.0,-0.0006000000000000006,120.0,105.0,False,"(3, 3)",,"(1, 3)",onion,"(4, 1):soup('onion', 1, 0)","(3, 0):empty;(4, 1):soup('onion', 1, 0)"
354,1,"(0, 1)","(3, 3)","(1, 0)",,"(1, 3)","(0, 1)",onion,"(4, 1):soup('onion', 1, 0)","(3, 0):empty;(4, 1):soup('onion', 1, 0)",120.0,105.0,0,"(0, -1)",-0.0006000000000000006,0.0,0.0,-0.0006000000000000006,120.0,105.0,False,"(3, 3)",,"(1, 2)",onion,"(4, 1):soup('onion', 1, 0)","(3, 0):empty;(4, 1):soup('onion', 1, 0)"
355,3,"(-1, 0)","(3, 3)","(0, 1)",,"(1, 2)","(0, -1)",onion,"(4, 1):soup('onion', 1, 0)","(3, 0):empty;(4, 1):soup('onion', 1, 0)",120.0,105.0,0,"(0, -1)",-0.0006000000000000006,0.0,0.0,-0.0006000000000000006,120.0,105.0,False,"(2, 3)",,"(1, 1)",onion,"(4, 1):soup('onion', 1, 0)","(3, 0):empty;(4, 1):soup('onion', 1, 0)"
356,1,"(0, 1)","(2, 3)","(-1, 0)",,"(1, 1)","(0, -1)",onion,"(4, 1):soup('onion', 1, 0)","(3, 0):empty;(4, 1):soup('onion', 1, 0)",120.0,105.0,2,"(1, 0)",-0.0006000000000000006,0.0,0.0,-0.0006000000000000006,120.0,105.0,False,"(2, 3)",,"(2, 1)",onion,"(4, 1):soup('onion', 1, 0)","(3, 0):empty;(4, 1):soup('onion', 1, 0)"
357,5,interact,"(2, 3)","(0, 1)",,"(2, 1)","(1, 0)",onion,"(4, 1):soup('onion', 1, 0)","(3, 0):empty;(4, 1):soup('onion', 1, 0)",120.0,105.0,2,"(1, 0)",-0.0006000000000000006,0.0,0.0,-0.0006000000000000006,120.0,105.0,False,"(2, 3)",,"(3, 1)",onion,"(4, 1):soup('onion', 1, 0)","(3, 0):empty;(4, 1):soup('onion', 1, 0)"
358,5,interact,"(2, 3)","(0, 1)",,"(3, 1)","(1, 0)",onion,"(4, 1):soup('onion', 1, 0)","(3, 0):empty;(4, 1):soup('onion', 1, 0)",120.0,105.0,5,interact,3.0588,0.0,3.0,0.0588,120.0,108.0,False,"(2, 3)",,"(3, 1)",,"(4, 1):soup('onion', 2, 0)","(3, 0):empty;(4, 1):soup('onion', 2, 0)"
359,4,"(0, 0)","(2, 3)","(0, 1)",,"(3, 1)","(1, 0)",,"(4, 1):soup('onion', 2, 0)","(3, 0):empty;(4, 1):soup('onion', 2, 0)",120.0,108.0,3,"(-1, 0)",-0.0012000000000000012,0.0,0.0,-0.0012000000000000012,120.0,108.0,False,"(2, 3)",,"(2, 1)",,"(4, 1):soup('onion', 2, 0)","(3, 0):empty;(4, 1):soup('onion', 2, 0)"
360,2,"(1, 0)","(2, 3)","(0, 1)",,"(2, 1)","(-1, 0)",,"(4, 1):soup('onion', 2, 0)","(3, 0):empty;(4, 1):soup('onion', 2, 0)",120.0,108.0,3,"(-1, 0)",-0.0012000000000000012,0.0,0.0,-0.0012000000000000012,120.0,108.0,False,"(3, 3)",,"(1, 1)",,"(4, 1):soup('onion', 2, 0)","(3, 0):empty;(4, 1):soup('onion', 2, 0)"
361,5,interact,"(3, 3)","(1, 0)",,"(1, 1)","(-1, 0)",,"(4, 1):soup('onion', 2, 0)","(3, 0):empty;(4, 1):soup('onion', 2, 0)",120.0,108.0,1,"(0, 1)",-0.0012000000000000012,0.0,0.0,-0.0012000000000000012,120.0,108.0,False,"(3, 3)",,"(1, 2)",,"(4, 1):soup('onion', 2, 0)","(3, 0):empty;(4, 1):soup('onion', 2, 0)"
362,4,"(0, 0)","(3, 3)","(1, 0)",,"(1, 2)","(0, 1)",,"(4, 1):soup('onion', 2, 0)","(3, 0):empty;(4, 1):soup('onion', 2, 0)",120.0,108.0,1,"(0, 1)",-0.0012000000000000012,0.0,0.0,-0.0012000000000000012,120.0,108.0,False,"(3, 3)",,"(1, 3)",,"(4, 1):soup('onion', 2, 0)","(3, 0):empty;(4, 1):soup('onion', 2, 0)"
363,5,interact,"(3, 3)","(1, 0)",,"(1, 3)","(0, 1)",,"(4, 1):soup('onion', 2, 0)","(3, 0):empty;(4, 1):soup('onion', 2, 0)",120.0,108.0,5,interact,-0.0012000000000000012,0.0,0.0,-0.0012000000000000012,120.0,108.0,False,"(3, 3)",,"(1, 3)",onion,"(4, 1):soup('onion', 2, 0)","(3, 0):empty;(4, 1):soup('onion', 2, 0)"
364,1,"(0, 1)","(3, 3)","(1, 0)",,"(1, 3)","(0, 1)",onion,"(4, 1):soup('onion', 2, 0)","(3, 0):empty;(4, 1):soup('onion', 2, 0)",120.0,108.0,0,"(0, -1)",-0.0012000000000000012,0.0,0.0,-0.0012000000000000012,120.0,108.0,False,"(3, 3)",,"(1, 2)",onion,"(4, 1):soup('onion', 2, 0)","(3, 0):empty;(4, 1):soup('onion', 2, 0)"
365,3,"(-1, 0)","(3, 3)","(0, 1)",,"(1, 2)","(0, -1)",onion,"(4, 1):soup('onion', 2, 0)","(3, 0):empty;(4, 1):soup('onion', 2, 0)",120.0,108.0,0,"(0, -1)",-0.0012000000000000012,0.0,0.0,-0.0012000000000000012,120.0,108.0,False,"(2, 3)",,"(1, 1)",onion,"(4, 1):soup('onion', 2, 0)","(3, 0):empty;(4, 1):soup('onion', 2, 0)"
366,1,"(0, 1)","(2, 3)","(-1, 0)",,"(1, 1)","(0, -1)",onion,"(4, 1):soup('onion', 2, 0)","(3, 0):empty;(4, 1):soup('onion', 2, 0)",120.0,108.0,2,"(1, 0)",-0.0012000000000000012,0.0,0.0,-0.0012000000000000012,120.0,108.0,False,"(2, 3)",,"(2, 1)",onion,"(4, 1):soup('onion', 2, 0)","(3, 0):empty;(4, 1):soup('onion', 2, 0)"
367,5,interact,"(2, 3)","(0, 1)",,"(2, 1)","(1, 0)",onion,"(4, 1):soup('onion', 2, 0)","(3, 0):empty;(4, 1):soup('onion', 2, 0)",120.0,108.0,2,"(1, 0)",-0.0012000000000000012,0.0,0.0,-0.0012000000000000012,120.0,108.0,False,"(2, 3)",,"(3, 1)",onion,"(4, 1):soup('onion', 2, 0)","(3, 0):empty;(4, 1):soup('onion', 2, 0)"
368,5,interact,"(2, 3)","(0, 1)",,"(3, 1)","(1, 0)",onion,"(4, 1):soup('onion', 2, 0)","(3, 0):empty;(4, 1):soup('onion', 2, 0)",120.0,108.0,5,interact,3.078,0.0,3.0,0.07800000000000001,120.0,111.0,False,"(2, 3)",,"(3, 1)",,"(4, 1):soup('onion', 3, 1)","(3, 0):empty;(4, 1):soup('onion', 3, 1)"
369,5,interact,"(2, 3)","(0, 1)",,"(3, 1)","(1, 0)",,"(4, 1):soup('onion', 3, 1)","(3, 0):empty;(4, 1):soup('onion', 3, 1)",120.0,111.0,3,"(-1, 0)",-0.0020000000000000018,0.0,0.0,-0.0020000000000000018,120.0,111.0,False,"(2, 3)",,"(2, 1)",,"(4, 1):soup('onion', 3, 2)","(3, 0):empty;(4, 1):soup('onion', 3, 2)"
370,1,"(0, 1)","(2, 3)","(0, 1)",,"(2, 1)","(-1, 0)",,"(4, 1):soup('onion', 3, 2)","(3, 0):empty;(4, 1):soup('onion', 3, 2)",120.0,111.0,3,"(-1, 0)",-0.0020000000000000018,0.0,0.0,-0.0020000000000000018,120.0,111.0,False,"(2, 3)",,"(1, 1)",,"(4, 1):soup('onion', 3, 3)","(3, 0):empty;(4, 1):soup('onion', 3, 3)"
371,1,"(0, 1)","(2, 3)","(0, 1)",,"(1, 1)","(-1, 0)",,"(4, 1):soup('onion', 3, 3)","(3, 0):empty;(4, 1):soup('onion', 3, 3)",120.0,111.0,1,"(0, 1)",-0.0020000000000000018,0.0,0.0,-0.0020000000000000018,120.0,111.0,False,"(2, 3)",,"(1, 2)",,"(4, 1):soup('onion', 3, 4)","(3, 0):empty;(4, 1):soup('onion', 3, 4)"
372,2,"(1, 0)","(2, 3)","(0, 1)",,"(1, 2)","(0, 1)",,"(4, 1):soup('onion', 3, 4)","(3, 0):empty;(4, 1):soup('onion', 3, 4)",120.0,111.0,3,"(-1, 0)",-0.0020000000000000018,0.0,0.0,-0.0020000000000000018,120.0,111.0,False,"(3, 3)",,"(1, 2)",,"(4, 1):soup('onion', 3, 5)","(3, 0):empty;(4, 1):soup('onion', 3, 5)"
373,1,"(0, 1)","(3, 3)","(1, 0)",,"(1, 2)","(-1, 0)",,"(4, 1):soup('onion', 3, 5)","(3, 0):empty;(4, 1):soup('onion', 3, 5)",120.0,111.0,5,interact,2.998,0.0,3.0,-0.0020000000000000018,120.0,114.0,False,"(3, 3)",,"(1, 2)",dish,"(4, 1):soup('onion', 3, 6)","(3, 0):empty;(4, 1):soup('onion', 3, 6)"
374,5,interact,"(3, 3)","(0, 1)",,"(1, 2)","(-1, 0)",dish,"(4, 1):soup('onion', 3, 6)","(3, 0):empty;(4, 1):soup('onion', 3, 6)",120.0,114.0,5,interact,-0.0020000000000000018,0.0,0.0,-0.0020000000000000018,120.0,114.0,False,"(3, 3)",,"(1, 2)",dish,"(4, 1):soup('onion', 3, 7)","(3, 0):empty;(4, 1):soup('onion', 3, 7)"
375,5,interact,"(3, 3)","(0, 1)",,"(1, 2)","(-1, 0)",dish,"(4, 1):soup('onion', 3, 7)","(3, 0):empty;(4, 1):soup('onion', 3, 7)",120.0,114.0,5,interact,-0.0020000000000000018,0.0,0.0,-0.0020000000000000018,120.0,114.0,False,"(3, 3)",,"(1, 2)",dish,"(4, 1):soup('onion', 3, 8)","(3, 0):empty;(4, 1):soup('onion', 3, 8)"
376,5,interact,"(3, 3)","(0, 1)",,"(1, 2)","(-1, 0)",dish,"(4, 1):soup('onion', 3, 8)","(3, 0):empty;(4, 1):soup('onion', 3, 8)",120.0,114.0,5,interact,-0.0020000000000000018,0.0,0.0,-0.0020000000000000018,120.0,114.0,False,"(3, 3)",,"(1, 2)",dish,"(4, 1):soup('onion', 3, 9)","(3, 0):empty;(4, 1):soup('onion', 3, 9)"
377,5,interact,"(3, 3)","(0, 1)",,"(1, 2)","(-1, 0)",dish,"(4, 1):soup('onion', 3, 9)","(3, 0):empty;(4, 1):soup('onion', 3, 9)",120.0,114.0,5,interact,-0.0020000000000000018,0.0,0.0,-0.0020000000000000018,120.0,114.0,False,"(3, 3)",,"(1, 2)",dish,"(4, 1):soup('onion', 3, 10)","(3, 0):empty;(4, 1):soup('onion', 3, 10)"
378,5,interact,"(3, 3)","(0, 1)",,"(1, 2)","(-1, 0)",dish,"(4, 1):soup('onion', 3, 10)","(3, 0):empty;(4, 1):soup('onion', 3, 10)",120.0,114.0,5,interact,-0.0020000000000000018,0.0,0.0,-0.0020000000000000018,120.0,114.0,False,"(3, 3)",,"(1, 2)",dish,"(4, 1):soup('onion', 3, 11)","(3, 0):empty;(4, 1):soup('onion', 3, 11)"
379,5,interact,"(3, 3)","(0, 1)",,"(1, 2)","(-1, 0)",dish,"(4, 1):soup('onion', 3, 11)","(3, 0):empty;(4, 1):soup('onion', 3, 11)",120.0,114.0,5,interact,-0.0020000000000000018,0.0,0.0,-0.0020000000000000018,120.0,114.0,False,"(3, 3)",,"(1, 2)",dish,"(4, 1):soup('onion', 3, 12)","(3, 0):empty;(4, 1):soup('onion', 3, 12)"
380,5,interact,"(3, 3)","(0, 1)",,"(1, 2)","(-1, 0)",dish,"(4, 1):soup('onion', 3, 12)","(3, 0):empty;(4, 1):soup('onion', 3, 12)",120.0,114.0,5,interact,-0.0020000000000000018,0.0,0.0,-0.0020000000000000018,120.0,114.0,False,"(3, 3)",,"(1, 2)",dish,"(4, 1):soup('onion', 3, 13)","(3, 0):empty;(4, 1):soup('onion', 3, 13)"
381,5,interact,"(3, 3)","(0, 1)",,"(1, 2)","(-1, 0)",dish,"(4, 1):soup('onion', 3, 13)","(3, 0):empty;(4, 1):soup('onion', 3, 13)",120.0,114.0,5,interact,-0.0020000000000000018,0.0,0.0,-0.0020000000000000018,120.0,114.0,False,"(3, 3)",,"(1, 2)",dish,"(4, 1):soup('onion', 3, 14)","(3, 0):empty;(4, 1):soup('onion', 3, 14)"
382,5,interact,"(3, 3)","(0, 1)",,"(1, 2)","(-1, 0)",dish,"(4, 1):soup('onion', 3, 14)","(3, 0):empty;(4, 1):soup('onion', 3, 14)",120.0,114.0,5,interact,-0.0020000000000000018,0.0,0.0,-0.0020000000000000018,120.0,114.0,False,"(3, 3)",,"(1, 2)",dish,"(4, 1):soup('onion', 3, 15)","(3, 0):empty;(4, 1):soup('onion', 3, 15)"
383,5,interact,"(3, 3)","(0, 1)",,"(1, 2)","(-1, 0)",dish,"(4, 1):soup('onion', 3, 15)","(3, 0):empty;(4, 1):soup('onion', 3, 15)",120.0,114.0,5,interact,-0.0020000000000000018,0.0,0.0,-0.0020000000000000018,120.0,114.0,False,"(3, 3)",,"(1, 2)",dish,"(4, 1):soup('onion', 3, 16)","(3, 0):empty;(4, 1):soup('onion', 3, 16)"
384,5,interact,"(3, 3)","(0, 1)",,"(1, 2)","(-1, 0)",dish,"(4, 1):soup('onion', 3, 16)","(3, 0):empty;(4, 1):soup('onion', 3, 16)",120.0,114.0,5,interact,-0.0020000000000000018,0.0,0.0,-0.0020000000000000018,120.0,114.0,False,"(3, 3)",,"(1, 2)",dish,"(4, 1):soup('onion', 3, 17)","(3, 0):empty;(4, 1):soup('onion', 3, 17)"
385,5,interact,"(3, 3)","(0, 1)",,"(1, 2)","(-1, 0)",dish,"(4, 1):soup('onion', 3, 17)","(3, 0):empty;(4, 1):soup('onion', 3, 17)",120.0,114.0,5,interact,-0.0020000000000000018,0.0,0.0,-0.0020000000000000018,120.0,114.0,False,"(3, 3)",,"(1, 2)",dish,"(4, 1):soup('onion', 3, 18)","(3, 0):empty;(4, 1):soup('onion', 3, 18)"
386,5,interact,"(3, 3)","(0, 1)",,"(1, 2)","(-1, 0)",dish,"(4, 1):soup('onion', 3, 18)","(3, 0):empty;(4, 1):soup('onion', 3, 18)",120.0,114.0,5,interact,-0.0020000000000000018,0.0,0.0,-0.0020000000000000018,120.0,114.0,False,"(3, 3)",,"(1, 2)",dish,"(4, 1):soup('onion', 3, 19)","(3, 0):empty;(4, 1):soup('onion', 3, 19)"
387,5,interact,"(3, 3)","(0, 1)",,"(1, 2)","(-1, 0)",dish,"(4, 1):soup('onion', 3, 19)","(3, 0):empty;(4, 1):soup('onion', 3, 19)",120.0,114.0,5,interact,0.09699999999999998,0.0,0.0,0.09699999999999998,120.0,114.0,False,"(3, 3)",,"(1, 2)",dish,"(4, 1):soup('onion', 3, 20)","(3, 0):empty;(4, 1):soup('onion', 3, 20)"
388,5,interact,"(3, 3)","(0, 1)",,"(1, 2)","(-1, 0)",dish,"(4, 1):soup('onion', 3, 20)","(3, 0):empty;(4, 1):soup('onion', 3, 20)",120.0,114.0,0,"(0, -1)",-0.003000000000000025,0.0,0.0,-0.003000000000000025,120.0,114.0,False,"(3, 3)",,"(1, 1)",dish,"(4, 1):soup('onion', 3, 20)","(3, 0):empty;(4, 1):soup('onion', 3, 20)"
389,5,interact,"(3, 3)","(0, 1)",,"(1, 1)","(0, -1)",dish,"(4, 1):soup('onion', 3, 20)","(3, 0):empty;(4, 1):soup('onion', 3, 20)",120.0,114.0,2,"(1, 0)",-0.003000000000000025,0.0,0.0,-0.003000000000000025,120.0,114.0,False,"(3, 3)",,"(2, 1)",dish,"(4, 1):soup('onion', 3, 20)","(3, 0):empty;(4, 1):soup('onion', 3, 20)"
390,5,interact,"(3, 3)","(0, 1)",,"(2, 1)","(1, 0)",dish,"(4, 1):soup('onion', 3, 20)","(3, 0):empty;(4, 1):soup('onion', 3, 20)",120.0,114.0,2,"(1, 0)",-0.003000000000000025,0.0,0.0,-0.003000000000000025,120.0,114.0,False,"(3, 3)",,"(3, 1)",dish,"(4, 1):soup('onion', 3, 20)","(3, 0):empty;(4, 1):soup('onion', 3, 20)"
391,4,"(0, 0)","(3, 3)","(0, 1)",,"(3, 1)","(1, 0)",dish,"(4, 1):soup('onion', 3, 20)","(3, 0):empty;(4, 1):soup('onion', 3, 20)",120.0,114.0,5,interact,5.0564,0.0,5.0,0.056400000000000006,120.0,119.0,False,"(3, 3)",,"(3, 1)","soup('onion', 3, 20)",,"(3, 0):empty;(4, 1):empty"
392,3,"(-1, 0)","(3, 3)","(0, 1)",,"(3, 1)","(1, 0)","soup('onion', 3, 20)",,"(3, 0):empty;(4, 1):empty",120.0,119.0,3,"(-1, 0)",0.006300000000000017,0.0,0.0,0.006300000000000017,120.0,119.0,False,"(2, 3)",,"(2, 1)","soup('onion', 3, 20)",,"(3, 0):empty;(4, 1):empty"
393,5,interact,"(2, 3)","(-1, 0)",,"(2, 1)","(-1, 0)","soup('onion', 3, 20)",,"(3, 0):empty;(4, 1):empty",120.0,119.0,3,"(-1, 0)",-0.013600000000000013,0.0,0.0,-0.013600000000000013,120.0,119.0,False,"(2, 3)",,"(1, 1)","soup('onion', 3, 20)",,"(3, 0):empty;(4, 1):empty"
394,1,"(0, 1)","(2, 3)","(-1, 0)",,"(1, 1)","(-1, 0)","soup('onion', 3, 20)",,"(3, 0):empty;(4, 1):empty",120.0,119.0,1,"(0, 1)",0.006300000000000017,0.0,0.0,0.006300000000000017,120.0,119.0,False,"(2, 3)",,"(1, 2)","soup('onion', 3, 20)",,"(3, 0):empty;(4, 1):empty"
395,2,"(1, 0)","(2, 3)","(0, 1)",,"(1, 2)","(0, 1)","soup('onion', 3, 20)",,"(3, 0):empty;(4, 1):empty",120.0,119.0,1,"(0, 1)",0.006199999999999983,0.0,0.0,0.006199999999999983,120.0,119.0,False,"(3, 3)",,"(1, 3)","soup('onion', 3, 20)",,"(3, 0):empty;(4, 1):empty"
396,1,"(0, 1)","(3, 3)","(1, 0)",,"(1, 3)","(0, 1)","soup('onion', 3, 20)",,"(3, 0):empty;(4, 1):empty",120.0,119.0,2,"(1, 0)",0.006099999999999994,0.0,0.0,0.006099999999999994,120.0,119.0,False,"(3, 3)",,"(2, 3)","soup('onion', 3, 20)",,"(3, 0):empty;(4, 1):empty"
397,3,"(-1, 0)","(3, 3)","(0, 1)",,"(2, 3)","(1, 0)","soup('onion', 3, 20)",,"(3, 0):empty;(4, 1):empty",120.0,119.0,1,"(0, 1)",-0.009840000000000028,0.0,0.0,-0.009840000000000028,120.0,119.0,False,"(3, 3)",,"(2, 3)","soup('onion', 3, 20)",,"(3, 0):empty;(4, 1):empty"
398,1,"(0, 1)","(3, 3)","(-1, 0)",,"(2, 3)","(0, 1)","soup('onion', 3, 20)",,"(3, 0):empty;(4, 1):empty",120.0,119.0,5,interact,19.616,20.0,0.0,-0.384,140.0,119.0,True,"(3, 3)",,"(2, 3)",,,"(3, 0):empty;(4, 1):empty"
399,2,"(1, 0)","(3, 3)","(0, 1)",,"(2, 3)","(0, 1)",,,"(3, 0):empty;(4, 1):empty",140.0,119.0,3,"(-1, 0)",0.0,0.0,0.0,0.0,140.0,119.0,False,"(3, 3)",,"(1, 3)",,,"(3, 0):empty;(4, 1):empty"
