step,ego_action_idx,ego_action,p0_pos,p0_orient,p0_held,p1_pos,p1_orient,p1_held,objects_before,pots_before,cum_sparse_before,cum_shaped_before,partner_action_idx,partner_action,reward,sparse_reward,built_in_shaped_reward,custom_shaped_reward,cum_sparse_after,cum_shaped_after,delivery_event,p0_pos_after,p0_held_after,p1_pos_after,p1_held_after,objects_after,pots_after
0,3,"(-1, 0)","(2, 1)","(0, -1)",,"(1, 2)","(0, -1)",,,"(3, 0):empty;(4, 1):empty",0.0,0.0,1,"(0, 1)",0.0,0.0,0.0,0.0,0.0,0.0,False,"(1, 1)",,"(1, 3)",,,"(3, 0):empty;(4, 1):empty"
1,3,"(-1, 0)","(1, 1)","(-1, 0)",,"(1, 3)","(0, 1)",,,"(3, 0):empty;(4, 1):empty",0.0,0.0,5,interact,0.0,0.0,0.0,0.0,0.0,0.0,False,"(1, 1)",,"(1, 3)",onion,,"(3, 0):empty;(4, 1):empty"
2,3,"(-1, 0)","(1, 1)","(-1, 0)",,"(1, 3)","(0, 1)",onion,,"(3, 0):empty;(4, 1):empty",0.0,0.0,2,"(1, 0)",0.0,0.0,0.0,0.0,0.0,0.0,False,"(1, 1)",,"(2, 3)",onion,,"(3, 0):empty;(4, 1):empty"
3,1,"(0, 1)","(1, 1)","(-1, 0)",,"(2, 3)","(1, 0)",onion,,"(3, 0):empty;(4, 1):empty",0.0,0.0,2,"(1, 0)",0.0,0.0,0.0,0.0,0.0,0.0,False,"(1, 2)",,"(3, 3)",onion,,"(3, 0):empty;(4, 1):empty"
4,3,"(-1, 0)","(1, 2)","(0, 1)",,"(3, 3)","(1, 0)",onion,,"(3, 0):empty;(4, 1):empty",0.0,0.0,0,"(0, -1)",0.0,0.0,0.0,0.0,0.0,0.0,False,"(1, 2)",,"(3, 2)",onion,,"(3, 0):empty;(4, 1):empty"
5,1,"(0, 1)","(1, 2)","(-1, 0)",,"(3, 2)","(0, -1)",onion,,"(3, 0):empty;(4, 1):empty",0.0,0.0,0,"(0, -1)",0.0,0.0,0.0,0.0,0.0,0.0,False,"(1, 3)",,"(3, 1)",onion,,"(3, 0):empty;(4, 1):empty"
6,5,interact,"(1, 3)","(0, 1)",,"(3, 1)","(0, -1)",onion,,"(3, 0):empty;(4, 1):empty",0.0,0.0,5,interact,3.3564,0.0,3.0,0.3564,0.0,3.0,False,"(1, 3)",onion,"(3, 1)",,"(3, 0):soup('onion', 1, 0)","(3, 0):soup('onion', 1, 0);(4, 1):empty"
7,2,"(1, 0)","(1, 3)","(0, 1)",onion,"(3, 1)","(0, -1)",,"(3, 0):soup('onion', 1, 0)","(3, 0):soup('onion', 1, 0);(4, 1):empty",0.0,3.0,3,"(-1, 0)",-0.003600000000000003,0.0,0.0,-0.003600000000000003,0.0,3.0,False,"(2, 3)",onion,"(2, 1)",,"(3, 0):soup('onion', 1, 0)","(3, 0):soup('onion', 1, 0);(4, 1):empty"
8,2,"(1, 0)","(2, 3)","(1, 0)",onion,"(2, 1)","(-1, 0)",,"(3, 0):soup('onion', 1, 0)","(3, 0):soup('onion', 1, 0);(4, 1):empty",0.0,3.0,3,"(-1, 0)",-0.003600000000000003,0.0,0.0,-0.003600000000000003,0.0,3.0,False,"(3, 3)",onion,"(1, 1)",,"(3, 0):soup('onion', 1, 0)","(3, 0):soup('onion', 1, 0);(4, 1):empty"
9,0,"(0, -1)","(3, 3)","(1, 0)",onion,"(1, 1)","(-1, 0)",,"(3, 0):soup('onion', 1, 0)","(3, 0):soup('onion', 1, 0);(4, 1):empty",0.0,3.0,0,"(0, -1)",-0.003600000000000003,0.0,0.0,-0.003600000000000003,0.0,3.0,False,"(3, 2)",onion,"(1, 1)",,"(3, 0):soup('onion', 1, 0)","(3, 0):soup('onion', 1, 0);(4, 1):empty"
10,0,"(0, -1)","(3, 2)","(0, -1)",onion,"(1, 1)","(0, -1)",,"(3, 0):soup('onion', 1, 0)","(3, 0):soup('onion', 1, 0);(4, 1):empty",0.0,3.0,1,"(0, 1)",-0.003600000000000003,0.0,0.0,-0.003600000000000003,0.0,3.0,False,"(3, 1)",onion,"(1, 2)",,"(3, 0):soup('onion', 1, 0)","(3, 0):soup('onion', 1, 0);(4, 1):empty"
11,5,interact,"(3, 1)","(0, -1)",onion,"(1, 2)","(0, 1)",,"(3, 0):soup('onion', 1, 0)","(3, 0):soup('onion', 1, 0);(4, 1):empty",0.0,3.0,1,"(0, 1)",3.3528,0.0,3.0,0.35279999999999995,0.0,6.0,False,"(3, 1)",,"(1, 3)",,"(3, 0):soup('onion', 2, 0)","(3, 0):soup('onion', 2, 0);(4, 1):empty"
12,3,"(-1, 0)","(3, 1)","(0, -1)",,"(1, 3)","(0, 1)",,"(3, 0):soup('onion', 2, 0)","(3, 0):soup('onion', 2, 0);(4, 1):empty",0.0,6.0,5,interact,-0.007200000000000006,0.0,0.0,-0.007200000000000006,0.0,6.0,False,"(2, 1)",,"(1, 3)",onion,"(3, 0):soup('onion', 2, 0)","(3, 0):soup('onion', 2, 0);(4, 1):empty"
13,3,"(-1, 0)","(2, 1)","(-1, 0)",,"(1, 3)","(0, 1)",onion,"(3, 0):soup('onion', 2, 0)","(3, 0):soup('onion', 2, 0);(4, 1):empty",0.0,6.0,2,"(1, 0)",-0.007200000000000006,0.0,0.0,-0.007200000000000006,0.0,6.0,False,"(1, 1)",,"(2, 3)",onion,"(3, 0):soup('onion', 2, 0)","(3, 0):soup('onion', 2, 0);(4, 1):empty"
14,1,"(0, 1)","(1, 1)","(-1, 0)",,"(2, 3)","(1, 0)",onion,"(3, 0):soup('onion', 2, 0)","(3, 0):soup('onion', 2, 0);(4, 1):empty",0.0,6.0,2,"(1, 0)",-0.007200000000000006,0.0,0.0,-0.007200000000000006,0.0,6.0,False,"(1, 2)",,"(3, 3)",onion,"(3, 0):soup('onion', 2, 0)","(3, 0):soup('onion', 2, 0);(4, 1):empty"
15,3,"(-1, 0)","(1, 2)","(0, 1)",,"(3, 3)","(1, 0)",onion,"(3, 0):soup('onion', 2, 0)","(3, 0):soup('onion', 2, 0);(4, 1):empty",0.0,6.0,0,"(0, -1)",-0.007200000000000006,0.0,0.0,-0.007200000000000006,0.0,6.0,False,"(1, 2)",,"(3, 2)",onion,"(3, 0):soup('onion', 2, 0)","(3, 0):soup('onion', 2, 0);(4, 1):empty"
16,3,"(-1, 0)","(1, 2)","(-1, 0)",,"(3, 2)","(0, -1)",onion,"(3, 0):soup('onion', 2, 0)","(3, 0):soup('onion', 2, 0);(4, 1):empty",0.0,6.0,0,"(0, -1)",-0.007200000000000006,0.0,0.0,-0.007200000000000006,0.0,6.0,False,"(1, 2)",,"(3, 1)",onion,"(3, 0):soup('onion', 2, 0)","(3, 0):soup('onion', 2, 0);(4, 1):empty"
17,5,interact,"(1, 2)","(-1, 0)",,"(3, 1)","(0, -1)",onion,"(3, 0):soup('onion', 2, 0)","(3, 0):soup('onion', 2, 0);(4, 1):empty",0.0,6.0,5,interact,6.468,0.0,6.0,0.46799999999999997,0.0,12.0,False,"(1, 2)",dish,"(3, 1)",,"(3, 0):soup('onion', 3, 1)","(3, 0):soup('onion', 3, 1);(4, 1):empty"
18,1,"(0, 1)","(1, 2)","(-1, 0)",dish,"(3, 1)","(0, -1)",,"(3, 0):soup('onion', 3, 1)","(3, 0):soup('onion', 3, 1);(4, 1):empty",0.0,12.0,2,"(1, 0)",-0.01200000000000001,0.0,0.0,-0.01200000000000001,0.0,12.0,False,"(1, 3)",dish,"(3, 1)",,"(3, 0):soup('onion', 3, 2)","(3, 0):soup('onion', 3, 2);(4, 1):empty"
19,2,"(1, 0)","(1, 3)","(0, 1)",dish,"(3, 1)","(1, 0)",,"(3, 0):soup('onion', 3, 2)","(3, 0):soup('onion', 3, 2);(4, 1):empty",0.0,12.0,3,"(-1, 0)",-0.01200000000000001,0.0,0.0,-0.01200000000000001,0.0,12.0,False,"(2, 3)",dish,"(2, 1)",,"(3, 0):soup('onion', 3, 3)","(3, 0):soup('onion', 3, 3);(4, 1):empty"
20,2,"(1, 0)","(2, 3)","(1, 0)",dish,"(2, 1)","(-1, 0)",,"(3, 0):soup('onion', 3, 3)","(3, 0):soup('onion', 3, 3);(4, 1):empty",0.0,12.0,3,"(-1, 0)",-0.01200000000000001,0.0,0.0,-0.01200000000000001,0.0,12.0,False,"(3, 3)",dish,"(1, 1)",,"(3, 0):soup('onion', 3, 4)","(3, 0):soup('onion', 3, 4);(4, 1):empty"
21,0,"(0, -1)","(3, 3)","(1, 0)",dish,"(1, 1)","(-1, 0)",,"(3, 0):soup('onion', 3, 4)","(3, 0):soup('onion', 3, 4);(4, 1):empty",0.0,12.0,3,"(-1, 0)",-0.01200000000000001,0.0,0.0,-0.01200000000000001,0.0,12.0,False,"(3, 2)",dish,"(1, 1)",,"(3, 0):soup('onion', 3, 5)","(3, 0):soup('onion', 3, 5);(4, 1):empty"
22,0,"(0, -1)","(3, 2)","(0, -1)",dish,"(1, 1)","(-1, 0)",,"(3, 0):soup('onion', 3, 5)","(3, 0):soup('onion', 3, 5);(4, 1):empty",0.0,12.0,1,"(0, 1)",-0.01200000000000001,0.0,0.0,-0.01200000000000001,0.0,12.0,False,"(3, 1)",dish,"(1, 2)",,"(3, 0):soup('onion', 3, 6)","(3, 0):soup('onion', 3, 6);(4, 1):empty"
23,5,interact,"(3, 1)","(0, -1)",dish,"(1, 2)","(0, 1)",,"(3, 0):soup('onion', 3, 6)","(3, 0):soup('onion', 3, 6);(4, 1):empty",0.0,12.0,1,"(0, 1)",-0.01200000000000001,0.0,0.0,-0.01200000000000001,0.0,12.0,False,"(3, 1)",dish,"(1, 3)",,"(3, 0):soup('onion', 3, 7)","(3, 0):soup('onion', 3, 7);(4, 1):empty"
24,3,"(-1, 0)","(3, 1)","(0, -1)",dish,"(1, 3)","(0, 1)",,"(3, 0):soup('onion', 3, 7)","(3, 0):soup('onion', 3, 7);(4, 1):empty",0.0,12.0,5,interact,-0.01200000000000001,0.0,0.0,-0.01200000000000001,0.0,12.0,False,"(2, 1)",dish,"(1, 3)",onion,"(3, 0):soup('onion', 3, 8)","(3, 0):soup('onion', 3, 8);(4, 1):empty"
25,3,"(-1, 0)","(2, 1)","(-1, 0)",dish,"(1, 3)","(0, 1)",onion,"(3, 0):soup('onion', 3, 8)","(3, 0):soup('onion', 3, 8);(4, 1):empty",0.0,12.0,5,interact,-0.01200000000000001,0.0,0.0,-0.01200000000000001,0.0,12.0,False,"(1, 1)",dish,"(1, 3)",onion,"(3, 0):soup('onion', 3, 9)","(3, 0):soup('onion', 3, 9);(4, 1):empty"
26,1,"(0, 1)","(1, 1)","(-1, 0)",dish,"(1, 3)","(0, 1)",onion,"(3, 0):soup('onion', 3, 9)","(3, 0):soup('onion', 3, 9);(4, 1):empty",0.0,12.0,2,"(1, 0)",-0.01200000000000001,0.0,0.0,-0.01200000000000001,0.0,12.0,False,"(1, 2)",dish,"(2, 3)",onion,"(3, 0):soup('onion', 3, 10)","(3, 0):soup('onion', 3, 10);(4, 1):empty"
27,3,"(-1, 0)","(1, 2)","(0, 1)",dish,"(2, 3)","(1, 0)",onion,"(3, 0):soup('onion', 3, 10)","(3, 0):soup('onion', 3, 10);(4, 1):empty",0.0,12.0,2,"(1, 0)",-0.01200000000000001,0.0,0.0,-0.01200000000000001,0.0,12.0,False,"(1, 2)",dish,"(3, 3)",onion,"(3, 0):soup('onion', 3, 11)","(3, 0):soup('onion', 3, 11);(4, 1):empty"
28,3,"(-1, 0)","(1, 2)","(-1, 0)",dish,"(3, 3)","(1, 0)",onion,"(3, 0):soup('onion', 3, 11)","(3, 0):soup('onion', 3, 11);(4, 1):empty",0.0,12.0,0,"(0, -1)",-0.01200000000000001,0.0,0.0,-0.01200000000000001,0.0,12.0,False,"(1, 2)",dish,"(3, 2)",onion,"(3, 0):soup('onion', 3, 12)","(3, 0):soup('onion', 3, 12);(4, 1):empty"
29,1,"(0, 1)","(1, 2)","(-1, 0)",dish,"(3, 2)","(0, -1)",onion,"(3, 0):soup('onion', 3, 12)","(3, 0):soup('onion', 3, 12);(4, 1):empty",0.0,12.0,2,"(1, 0)",-0.01200000000000001,0.0,0.0,-0.01200000000000001,0.0,12.0,False,"(1, 3)",dish,"(3, 2)",onion,"(3, 0):soup('onion', 3, 13)","(3, 0):soup('onion', 3, 13);(4, 1):empty"
30,3,"(-1, 0)","(1, 3)","(0, 1)",dish,"(3, 2)","(1, 0)",onion,"(3, 0):soup('onion', 3, 13)","(3, 0):soup('onion', 3, 13);(4, 1):empty",0.0,12.0,0,"(0, -1)",-0.01200000000000001,0.0,0.0,-0.01200000000000001,0.0,12.0,False,"(1, 3)",dish,"(3, 1)",onion,"(3, 0):soup('onion', 3, 14)","(3, 0):soup('onion', 3, 14);(4, 1):empty"
31,5,interact,"(1, 3)","(-1, 0)",dish,"(3, 1)","(0, -1)",onion,"(3, 0):soup('onion', 3, 14)","(3, 0):soup('onion', 3, 14);(4, 1):empty",0.0,12.0,2,"(1, 0)",-0.01200000000000001,0.0,0.0,-0.01200000000000001,0.0,12.0,False,"(1, 3)",dish,"(3, 1)",onion,"(3, 0):soup('onion', 3, 15)","(3, 0):soup('onion', 3, 15);(4, 1):empty"
32,5,interact,"(1, 3)","(-1, 0)",dish,"(3, 1)","(1, 0)",onion,"(3, 0):soup('onion', 3, 15)","(3, 0):soup('onion', 3, 15);(4, 1):empty",0.0,12.0,5,interact,3.3444,0.0,3.0,0.3443999999999999,0.0,15.0,False,"(1, 3)",dish,"(3, 1)",,"(3, 0):soup('onion', 3, 16);(4, 1):soup('onion', 1, 0)","(3, 0):soup('onion', 3, 16);(4, 1):soup('onion', 1, 0)"
33,2,"(1, 0)","(1, 3)","(-1, 0)",dish,"(3, 1)","(1, 0)",,"(3, 0):soup('onion', 3, 16);(4, 1):soup('onion', 1, 0)","(3, 0):soup('onion', 3, 16);(4, 1):soup('onion', 1, 0)",0.0,15.0,3,"(-1, 0)",-0.015600000000000147,0.0,0.0,-0.015600000000000147,0.0,15.0,False,"(2, 3)",dish,"(2, 1)",,"(3, 0):soup('onion', 3, 17);(4, 1):soup('onion', 1, 0)","(3, 0):soup('onion', 3, 17);(4, 1):soup('onion', 1, 0)"
34,2,"(1, 0)","(2, 3)","(1, 0)",dish,"(2, 1)","(-1, 0)",,"(3, 0):soup('onion', 3, 17);(4, 1):soup('onion', 1, 0)","(3, 0):soup('onion', 3, 17);(4, 1):soup('onion', 1, 0)",0.0,15.0,3,"(-1, 0)",-0.015600000000000147,0.0,0.0,-0.015600000000000147,0.0,15.0,False,"(3, 3)",dish,"(1, 1)",,"(3, 0):soup('onion', 3, 18);(4, 1):soup('onion', 1, 0)","(3, 0):soup('onion', 3, 18);(4, 1):soup('onion', 1, 0)"
35,0,"(0, -1)","(3, 3)","(1, 0)",dish,"(1, 1)","(-1, 0)",,"(3, 0):soup('onion', 3, 18);(4, 1):soup('onion', 1, 0)","(3, 0):soup('onion', 3, 18);(4, 1):soup('onion', 1, 0)",0.0,15.0,3,"(-1, 0)",-0.015600000000000147,0.0,0.0,-0.015600000000000147,0.0,15.0,False,"(3, 2)",dish,"(1, 1)",,"(3, 0):soup('onion', 3, 19);(4, 1):soup('onion', 1, 0)","(3, 0):soup('onion', 3, 19);(4, 1):soup('onion', 1, 0)"
36,0,"(0, -1)","(3, 2)","(0, -1)",dish,"(1, 1)","(-1, 0)",,"(3, 0):soup('onion', 3, 19);(4, 1):soup('onion', 1, 0)","(3, 0):soup('onion', 3, 19);(4, 1):soup('onion', 1, 0)",0.0,15.0,1,"(0, 1)",0.5783999999999999,0.0,0.0,0.5783999999999999,0.0,15.0,False,"(3, 1)",dish,"(1, 2)",,"(3, 0):soup('onion', 3, 20);(4, 1):soup('onion', 1, 0)","(3, 0):soup('onion', 3, 20);(4, 1):soup('onion', 1, 0)"
37,5,interact,"(3, 1)","(0, -1)",dish,"(1, 2)","(0, 1)",,"(3, 0):soup('onion', 3, 20);(4, 1):soup('onion', 1, 0)","(3, 0):soup('onion', 3, 20);(4, 1):soup('onion', 1, 0)",0.0,15.0,3,"(-1, 0)",5.3347999999999995,0.0,5.0,0.3347999999999996,0.0,20.0,False,"(3, 1)","soup('onion', 3, 20)","(1, 2)",,"(4, 1):soup('onion', 1, 0)","(3, 0):empty;(4, 1):soup('onion', 1, 0)"
38,3,"(-1, 0)","(3, 1)","(0, -1)","soup('onion', 3, 20)","(1, 2)","(-1, 0)",,"(4, 1):soup('onion', 1, 0)","(3, 0):empty;(4, 1):soup('onion', 1, 0)",0.0,20.0,1,"(0, 1)",0.03420000000000023,0.0,0.0,0.03420000000000023,0.0,20.0,False,"(2, 1)","soup('onion', 3, 20)","(1, 3)",,"(4, 1):soup('onion', 1, 0)","(3, 0):empty;(4, 1):soup('onion', 1, 0)"
39,3,"(-1, 0)","(2, 1)","(-1, 0)","soup('onion', 3, 20)","(1, 3)","(0, 1)",,"(4, 1):soup('onion', 1, 0)","(3, 0):empty;(4, 1):soup('onion', 1, 0)",0.0,20.0,5,interact,-0.0852000000000002,0.0,0.0,-0.0852000000000002,0.0,20.0,False,"(1, 1)","soup('onion', 3, 20)","(1, 3)",onion,"(4, 1):soup('onion', 1, 0)","(3, 0):empty;(4, 1):soup('onion', 1, 0)"
40,3,"(-1, 0)","(1, 1)","(-1, 0)","soup('onion', 3, 20)","(1, 3)","(0, 1)",onion,"(4, 1):soup('onion', 1, 0)","(3, 0):empty;(4, 1):soup('onion', 1, 0)",0.0,20.0,2,"(1, 0)",-0.02519999999999989,0.0,0.0,-0.02519999999999989,0.0,20.0,False,"(1, 1)","soup('onion', 3, 20)","(2, 3)",onion,"(4, 1):soup('onion', 1, 0)","(3, 0):empty;(4, 1):soup('onion', 1, 0)"
41,1,"(0, 1)","(1, 1)","(-1, 0)","soup('onion', 3, 20)","(2, 3)","(1, 0)",onion,"(4, 1):soup('onion', 1, 0)","(3, 0):empty;(4, 1):soup('onion', 1, 0)",0.0,20.0,2,"(1, 0)",0.03420000000000023,0.0,0.0,0.03420000000000023,0.0,20.0,False,"(1, 2)","soup('onion', 3, 20)","(3, 3)",onion,"(4, 1):soup('onion', 1, 0)","(3, 0):empty;(4, 1):soup('onion', 1, 0)"
42,1,"(0, 1)","(1, 2)","(0, 1)","soup('onion', 3, 20)","(3, 3)","(1, 0)",onion,"(4, 1):soup('onion', 1, 0)","(3, 0):empty;(4, 1):soup('onion', 1, 0)",0.0,20.0,0,"(0, -1)",0.033600000000000026,0.0,0.0,0.033600000000000026,0.0,20.0,False,"(1, 3)","soup('onion', 3, 20)","(3, 2)",onion,"(4, 1):soup('onion', 1, 0)","(3, 0):empty;(4, 1):soup('onion', 1, 0)"
43,2,"(1, 0)","(1, 3)","(0, 1)","soup('onion', 3, 20)","(3, 2)","(0, -1)",onion,"(4, 1):soup('onion', 1, 0)","(3, 0):empty;(4, 1):soup('onion', 1, 0)",0.0,20.0,0,"(0, -1)",-0.002639999999999709,0.0,0.0,-0.002639999999999709,0.0,20.0,False,"(2, 3)","soup('onion', 3, 20)","(3, 1)",onion,"(4, 1):soup('onion', 1, 0)","(3, 0):empty;(4, 1):soup('onion', 1, 0)"
44,1,"(0, 1)","(2, 3)","(1, 0)","soup('onion', 3, 20)","(3, 1)","(0, -1)",onion,"(4, 1):soup('onion', 1, 0)","(3, 0):empty;(4, 1):soup('onion', 1, 0)",0.0,20.0,0,"(0, -1)",-0.062280000000000335,0.0,0.0,-0.062280000000000335,0.0,20.0,False,"(2, 3)","soup('onion', 3, 20)","(3, 1)",onion,"(4, 1):soup('onion', 1, 0)","(3, 0):empty;(4, 1):soup('onion', 1, 0)"
45,5,interact,"(2, 3)","(0, 1)","soup('onion', 3, 20)","(3, 1)","(0, -1)",onion,"(4, 1):soup('onion', 1, 0)","(3, 0):empty;(4, 1):soup('onion', 1, 0)",0.0,20.0,0,"(0, -1)",17.7284,20.0,0.0,-2.2716,20.0,20.0,True,"(2, 3)",,"(3, 1)",onion,"(4, 1):soup('onion', 1, 0)","(3, 0):empty;(4, 1):soup('onion', 1, 0)"
46,3,"(-1, 0)","(2, 3)","(0, 1)",,"(3, 1)","(0, -1)",onion,"(4, 1):soup('onion', 1, 0)","(3, 0):empty;(4, 1):soup('onion', 1, 0)",20.0,20.0,5,interact,3.3528,0.0,3.0,0.35279999999999995,20.0,23.0,False,"(1, 3)",,"(3, 1)",,"(3, 0):soup('onion', 1, 0);(4, 1):soup('onion', 1, 0)","(3, 0):soup('onion', 1, 0);(4, 1):soup('onion', 1, 0)"
47,5,interact,"(1, 3)","(-1, 0)",,"(3, 1)","(0, -1)",,"(3, 0):soup('onion', 1, 0);(4, 1):soup('onion', 1, 0)","(3, 0):soup('onion', 1, 0);(4, 1):soup('onion', 1, 0)",20.0,23.0,3,"(-1, 0)",-0.007200000000000006,0.0,0.0,-0.007200000000000006,20.0,23.0,False,"(1, 3)",onion,"(2, 1)",,"(3, 0):soup('onion', 1, 0);(4, 1):soup('onion', 1, 0)","(3, 0):soup('onion', 1, 0);(4, 1):soup('onion', 1, 0)"
48,2,"(1, 0)","(1, 3)","(-1, 0)",onion,"(2, 1)","(-1, 0)",,"(3, 0):soup('onion', 1, 0);(4, 1):soup('onion', 1, 0)","(3, 0):soup('onion', 1, 0);(4, 1):soup('onion', 1, 0)",20.0,23.0,3,"(-1, 0)",-0.007200000000000006,0.0,0.0,-0.007200000000000006,20.0,23.0,False,"(2, 3)",onion,"(1, 1)",,"(3, 0):soup('onion', 1, 0);(4, 1):soup('onion', 1, 0)","(3, 0):soup('onion', 1, 0);(4, 1):soup('onion', 1, 0)"
49,2,"(1, 0)","(2, 3)","(1, 0)",onion,"(1, 1)","(-1, 0)",,"(3, 0):soup('onion', 1, 0);(4, 1):soup('onion', 1, 0)","(3, 0):soup('onion', 1, 0);(4, 1):soup('onion', 1, 0)",20.0,23.0,0,"(0, -1)",-0.007200000000000006,0.0,0.0,-0.007200000000000006,20.0,23.0,False,"(3, 3)",onion,"(1, 1)",,"(3, 0):soup('onion', 1, 0);(4, 1):soup('onion', 1, 0)","(3, 0):soup('onion', 1, 0);(4, 1):soup('onion', 1, 0)"
50,0,"(0, -1)","(3, 3)","(1, 0)",onion,"(1, 1)","(0, -1)",,"(3, 0):soup('onion', 1, 0);(4, 1):soup('onion', 1, 0)","(3, 0):soup('onion', 1, 0);(4, 1):soup('onion', 1, 0)",20.0,23.0,1,"(0, 1)",-0.007200000000000006,0.0,0.0,-0.007200000000000006,20.0,23.0,False,"(3, 2)",onion,"(1, 2)",,"(3, 0):soup('onion', 1, 0);(4, 1):soup('onion', 1, 0)","(3, 0):soup('onion', 1, 0);(4, 1):soup('onion', 1, 0)"
51,0,"(0, -1)","(3, 2)","(0, -1)",onion,"(1, 2)","(0, 1)",,"(3, 0):soup('onion', 1, 0);(4, 1):soup('onion', 1, 0)","(3, 0):soup('onion', 1, 0);(4, 1):soup('onion', 1, 0)",20.0,23.0,0,"(0, -1)",-0.007200000000000006,0.0,0.0,-0.007200000000000006,20.0,23.0,False,"(3, 1)",onion,"(1, 1)",,"(3, 0):soup('onion', 1, 0);(4, 1):soup('onion', 1, 0)","(3, 0):soup('onion', 1, 0);(4, 1):soup('onion', 1, 0)"
52,5,interact,"(3, 1)","(0, -1)",onion,"(1, 1)","(0, -1)",,"(3, 0):soup('onion', 1, 0);(4, 1):soup('onion', 1, 0)","(3, 0):soup('onion', 1, 0);(4, 1):soup('onion', 1, 0)",20.0,23.0,1,"(0, 1)",3.3491999999999997,0.0,3.0,0.3491999999999999,20.0,26.0,False,"(3, 1)",,"(1, 2)",,"(3, 0):soup('onion', 2, 0);(4, 1):soup('onion', 1, 0)","(3, 0):soup('onion', 2, 0);(4, 1):soup('onion', 1, 0)"
53,3,"(-1, 0)","(3, 1)","(0, -1)",,"(1, 2)","(0, 1)",,"(3, 0):soup('onion', 2, 0);(4, 1):soup('onion', 1, 0)","(3, 0):soup('onion', 2, 0);(4, 1):soup('onion', 1, 0)",20.0,26.0,1,"(0, 1)",-0.01080000000000001,0.0,0.0,-0.01080000000000001,20.0,26.0,False,"(2, 1)",,"(1, 3)",,"(3, 0):soup('onion', 2, 0);(4, 1):soup('onion', 1, 0)","(3, 0):soup('onion', 2, 0);(4, 1):soup('onion', 1, 0)"
54,3,"(-1, 0)","(2, 1)","(-1, 0)",,"(1, 3)","(0, 1)",,"(3, 0):soup('onion', 2, 0);(4, 1):soup('onion', 1, 0)","(3, 0):soup('onion', 2, 0);(4, 1):soup('onion', 1, 0)",20.0,26.0,5,interact,-0.01080000000000001,0.0,0.0,-0.01080000000000001,20.0,26.0,False,"(1, 1)",,"(1, 3)",onion,"(3, 0):soup('onion', 2, 0);(4, 1):soup('onion', 1, 0)","(3, 0):soup('onion', 2, 0);(4, 1):soup('onion', 1, 0)"
55,3,"(-1, 0)","(1, 1)","(-1, 0)",,"(1, 3)","(0, 1)",onion,"(3, 0):soup('onion', 2, 0);(4, 1):soup('onion', 1, 0)","(3, 0):soup('onion', 2, 0);(4, 1):soup('onion', 1, 0)",20.0,26.0,2,"(1, 0)",-0.01080000000000001,0.0,0.0,-0.01080000000000001,20.0,26.0,False,"(1, 1)",,"(2, 3)",onion,"(3, 0):soup('onion', 2, 0);(4, 1):soup('onion', 1, 0)","(3, 0):soup('onion', 2, 0);(4, 1):soup('onion', 1, 0)"
56,1,"(0, 1)","(1, 1)","(-1, 0)",,"(2, 3)","(1, 0)",onion,"(3, 0):soup('onion', 2, 0);(4, 1):soup('onion', 1, 0)","(3, 0):soup('onion', 2, 0);(4, 1):soup('onion', 1, 0)",20.0,26.0,2,"(1, 0)",-0.01080000000000001,0.0,0.0,-0.01080000000000001,20.0,26.0,False,"(1, 2)",,"(3, 3)",onion,"(3, 0):soup('onion', 2, 0);(4, 1):soup('onion', 1, 0)","(3, 0):soup('onion', 2, 0);(4, 1):soup('onion', 1, 0)"
57,3,"(-1, 0)","(1, 2)","(0, 1)",,"(3, 3)","(1, 0)",onion,"(3, 0):soup('onion', 2, 0);(4, 1):soup('onion', 1, 0)","(3, 0):soup('onion', 2, 0);(4, 1):soup('onion', 1, 0)",20.0,26.0,0,"(0, -1)",-0.01080000000000001,0.0,0.0,-0.01080000000000001,20.0,26.0,False,"(1, 2)",,"(3, 2)",onion,"(3, 0):soup('onion', 2, 0);(4, 1):soup('onion', 1, 0)","(3, 0):soup('onion', 2, 0);(4, 1):soup('onion', 1, 0)"
58,5,interact,"(1, 2)","(-1, 0)",,"(3, 2)","(0, -1)",onion,"(3, 0):soup('onion', 2, 0);(4, 1):soup('onion', 1, 0)","(3, 0):soup('onion', 2, 0);(4, 1):soup('onion', 1, 0)",20.0,26.0,0,"(0, -1)",2.9892,0.0,3.0,-0.01080000000000001,20.0,29.0,False,"(1, 2)",dish,"(3, 1)",onion,"(3, 0):soup('onion', 2, 0);(4, 1):soup('onion', 1, 0)","(3, 0):soup('onion', 2, 0);(4, 1):soup('onion', 1, 0)"
59,5,interact,"(1, 2)","(-1, 0)",dish,"(3, 1)","(0, -1)",onion,"(3, 0):soup('onion', 2, 0);(4, 1):soup('onion', 1, 0)","(3, 0):soup('onion', 2, 0);(4, 1):soup('onion', 1, 0)",20.0,29.0,5,interact,3.4644,0.0,3.0,0.4644,20.0,32.0,False,"(1, 2)",dish,"(3, 1)",,"(3, 0):soup('onion', 3, 1);(4, 1):soup('onion', 1, 0)","(3, 0):soup('onion', 3, 1);(4, 1):soup('onion', 1, 0)"
60,1,"(0, 1)","(1, 2)","(-1, 0)",dish,"(3, 1)","(0, -1)",,"(3, 0):soup('onion', 3, 1);(4, 1):soup('onion', 1, 0)","(3, 0):soup('onion', 3, 1);(4, 1):soup('onion', 1, 0)",20.0,32.0,2,"(1, 0)",-0.015600000000000147,0.0,0.0,-0.015600000000000147,20.0,32.0,False,"(1, 3)",dish,"(3, 1)",,"(3, 0):soup('onion', 3, 2);(4, 1):soup('onion', 1, 0)","(3, 0):soup('onion', 3, 2);(4, 1):soup('onion', 1, 0)"
61,2,"(1, 0)","(1, 3)","(0, 1)",dish,"(3, 1)","(1, 0)",,"(3, 0):soup('onion', 3, 2);(4, 1):soup('onion', 1, 0)","(3, 0):soup('onion', 3, 2);(4, 1):soup('onion', 1, 0)",20.0,32.0,3,"(-1, 0)",-0.015600000000000147,0.0,0.0,-0.015600000000000147,20.0,32.0,False,"(2, 3)",dish,"(2, 1)",,"(3, 0):soup('onion', 3, 3);(4, 1):soup('onion', 1, 0)","(3, 0):soup('onion', 3, 3);(4, 1):soup('onion', 1, 0)"
62,2,"(1, 0)","(2, 3)","(1, 0)",dish,"(2, 1)","(-1, 0)",,"(3, 0):soup('onion', 3, 3);(4, 1):soup('onion', 1, 0)","(3, 0):soup('onion', 3, 3);(4, 1):soup('onion', 1, 0)",20.0,32.0,3,"(-1, 0)",-0.015600000000000147,0.0,0.0,-0.015600000000000147,20.0,32.0,False,"(3, 3)",dish,"(1, 1)",,"(3, 0):soup('onion', 3, 4);(4, 1):soup('onion', 1, 0)","(3, 0):soup('onion', 3, 4);(4, 1):soup('onion', 1, 0)"
63,0,"(0, -1)","(3, 3)","(1, 0)",dish,"(1, 1)","(-1, 0)",,"(3, 0):soup('onion', 3, 4);(4, 1):soup('onion', 1, 0)","(3, 0):soup('onion', 3, 4);(4, 1):soup('onion', 1, 0)",20.0,32.0,3,"(-1, 0)",-0.015600000000000147,0.0,0.0,-0.015600000000000147,20.0,32.0,False,"(3, 2)",dish,"(1, 1)",,"(3, 0):soup('onion', 3, 5);(4, 1):soup('onion', 1, 0)","(3, 0):soup('onion', 3, 5);(4, 1):soup('onion', 1, 0)"
64,0,"(0, -1)","(3, 2)","(0, -1)",dish,"(1, 1)","(-1, 0)",,"(3, 0):soup('onion', 3, 5);(4, 1):soup('onion', 1, 0)","(3, 0):soup('onion', 3, 5);(4, 1):soup('onion', 1, 0)",20.0,32.0,1,"(0, 1)",-0.015600000000000147,0.0,0.0,-0.015600000000000147,20.0,32.0,False,"(3, 1)",dish,"(1, 2)",,"(3, 0):soup('onion', 3, 6);(4, 1):soup('onion', 1, 0)","(3, 0):soup('onion', 3, 6);(4, 1):soup('onion', 1, 0)"
65,5,interact,"(3, 1)","(0, -1)",dish,"(1, 2)","(0, 1)",,"(3, 0):soup('onion', 3, 6);(4, 1):soup('onion', 1, 0)","(3, 0):soup('onion', 3, 6);(4, 1):soup('onion', 1, 0)",20.0,32.0,1,"(0, 1)",-0.015600000000000147,0.0,0.0,-0.015600000000000147,20.0,32.0,False,"(3, 1)",dish,"(1, 3)",,"(3, 0):soup('onion', 3, 7);(4, 1):soup('onion', 1, 0)","(3, 0):soup('onion', 3, 7);(4, 1):soup('onion', 1, 0)"
66,5,interact,"(3, 1)","(0, -1)",dish,"(1, 3)","(0, 1)",,"(3, 0):soup('onion', 3, 7);(4, 1):soup('onion', 1, 0)","(3, 0):soup('onion', 3, 7);(4, 1):soup('onion', 1, 0)",20.0,32.0,5,interact,-0.015600000000000147,0.0,0.0,-0.015600000000000147,20.0,32.0,False,"(3, 1)",dish,"(1, 3)",onion,"(3, 0):soup('onion', 3, 8);(4, 1):soup('onion', 1, 0)","(3, 0):soup('onion', 3, 8);(4, 1):soup('onion', 1, 0)"
67,5,interact,"(3, 1)","(0, -1)",dish,"(1, 3)","(0, 1)",onion,"(3, 0):soup('onion', 3, 8);(4, 1):soup('onion', 1, 0)","(3, 0):soup('onion', 3, 8);(4, 1):soup('onion', 1, 0)",20.0,32.0,0,"(0, -1)",-0.015600000000000147,0.0,0.0,-0.015600000000000147,20.0,32.0,False,"(3, 1)",dish,"(1, 2)",onion,"(3, 0):soup('onion', 3, 9);(4, 1):soup('onion', 1, 0)","(3, 0):soup('onion', 3, 9);(4, 1):soup('onion', 1, 0)"
68,5,interact,"(3, 1)","(0, -1)",dish,"(1, 2)","(0, -1)",onion,"(3, 0):soup('onion', 3, 9);(4, 1):soup('onion', 1, 0)","(3, 0):soup('onion', 3, 9);(4, 1):soup('onion', 1, 0)",20.0,32.0,1,"(0, 1)",-0.015600000000000147,0.0,0.0,-0.015600000000000147,20.0,32.0,False,"(3, 1)",dish,"(1, 3)",onion,"(3, 0):soup('onion', 3, 10);(4, 1):soup('onion', 1, 0)","(3, 0):soup('onion', 3, 10);(4, 1):soup('onion', 1, 0)"
69,5,interact,"(3, 1)","(0, -1)",dish,"(1, 3)","(0, 1)",onion,"(3, 0):soup('onion', 3, 10);(4, 1):soup('onion', 1, 0)","(3, 0):soup('onion', 3, 10);(4, 1):soup('onion', 1, 0)",20.0,32.0,0,"(0, -1)",-0.015600000000000147,0.0,0.0,-0.015600000000000147,20.0,32.0,False,"(3, 1)",dish,"(1, 2)",onion,"(3, 0):soup('onion', 3, 11);(4, 1):soup('onion', 1, 0)","(3, 0):soup('onion', 3, 11);(4, 1):soup('onion', 1, 0)"
70,5,interact,"(3, 1)","(0, -1)",dish,"(1, 2)","(0, -1)",onion,"(3, 0):soup('onion', 3, 11);(4, 1):soup('onion', 1, 0)","(3, 0):soup('onion', 3, 11);(4, 1):soup('onion', 1, 0)",20.0,32.0,1,"(0, 1)",-0.015600000000000147,0.0,0.0,-0.015600000000000147,20.0,32.0,False,"(3, 1)",dish,"(1, 3)",onion,"(3, 0):soup('onion', 3, 12);(4, 1):soup('onion', 1, 0)","(3, 0):soup('onion', 3, 12);(4, 1):soup('onion', 1, 0)"
71,5,interact,"(3, 1)","(0, -1)",dish,"(1, 3)","(0, 1)",onion,"(3, 0):soup('onion', 3, 12);(4, 1):soup('onion', 1, 0)","(3, 0):soup('onion', 3, 12);(4, 1):soup('onion', 1, 0)",20.0,32.0,0,"(0, -1)",-0.015600000000000147,0.0,0.0,-0.015600000000000147,20.0,32.0,False,"(3, 1)",dish,"(1, 2)",onion,"(3, 0):soup('onion', 3, 13);(4, 1):soup('onion', 1, 0)","(3, 0):soup('onion', 3, 13);(4, 1):soup('onion', 1, 0)"
72,5,interact,"(3, 1)","(0, -1)",dish,"(1, 2)","(0, -1)",onion,"(3, 0):soup('onion', 3, 13);(4, 1):soup('onion', 1, 0)","(3, 0):soup('onion', 3, 13);(4, 1):soup('onion', 1, 0)",20.0,32.0,1,"(0, 1)",-0.015600000000000147,0.0,0.0,-0.015600000000000147,20.0,32.0,False,"(3, 1)",dish,"(1, 3)",onion,"(3, 0):soup('onion', 3, 14);(4, 1):soup('onion', 1, 0)","(3, 0):soup('onion', 3, 14);(4, 1):soup('onion', 1, 0)"
73,5,interact,"(3, 1)","(0, -1)",dish,"(1, 3)","(0, 1)",onion,"(3, 0):soup('onion', 3, 14);(4, 1):soup('onion', 1, 0)","(3, 0):soup('onion', 3, 14);(4, 1):soup('onion', 1, 0)",20.0,32.0,0,"(0, -1)",-0.015600000000000147,0.0,0.0,-0.015600000000000147,20.0,32.0,False,"(3, 1)",dish,"(1, 2)",onion,"(3, 0):soup('onion', 3, 15);(4, 1):soup('onion', 1, 0)","(3, 0):soup('onion', 3, 15);(4, 1):soup('onion', 1, 0)"
74,5,interact,"(3, 1)","(0, -1)",dish,"(1, 2)","(0, -1)",onion,"(3, 0):soup('onion', 3, 15);(4, 1):soup('onion', 1, 0)","(3, 0):soup('onion', 3, 15);(4, 1):soup('onion', 1, 0)",20.0,32.0,1,"(0, 1)",-0.015600000000000147,0.0,0.0,-0.015600000000000147,20.0,32.0,False,"(3, 1)",dish,"(1, 3)",onion,"(3, 0):soup('onion', 3, 16);(4, 1):soup('onion', 1, 0)","(3, 0):soup('onion', 3, 16);(4, 1):soup('onion', 1, 0)"
75,5,interact,"(3, 1)","(0, -1)",dish,"(1, 3)","(0, 1)",onion,"(3, 0):soup('onion', 3, 16);(4, 1):soup('onion', 1, 0)","(3, 0):soup('onion', 3, 16);(4, 1):soup('onion', 1, 0)",20.0,32.0,0,"(0, -1)",-0.015600000000000147,0.0,0.0,-0.015600000000000147,20.0,32.0,False,"(3, 1)",dish,"(1, 2)",onion,"(3, 0):soup('onion', 3, 17);(4, 1):soup('onion', 1, 0)","(3, 0):soup('onion', 3, 17);(4, 1):soup('onion', 1, 0)"
76,5,interact,"(3, 1)","(0, -1)",dish,"(1, 2)","(0, -1)",onion,"(3, 0):soup('onion', 3, 17);(4, 1):soup('onion', 1, 0)","(3, 0):soup('onion', 3, 17);(4, 1):soup('onion', 1, 0)",20.0,32.0,1,"(0, 1)",-0.015600000000000147,0.0,0.0,-0.015600000000000147,20.0,32.0,False,"(3, 1)",dish,"(1, 3)",onion,"(3, 0):soup('onion', 3, 18);(4, 1):soup('onion', 1, 0)","(3, 0):soup('onion', 3, 18);(4, 1):soup('onion', 1, 0)"
77,5,interact,"(3, 1)","(0, -1)",dish,"(1, 3)","(0, 1)",onion,"(3, 0):soup('onion', 3, 18);(4, 1):soup('onion', 1, 0)","(3, 0):soup('onion', 3, 18);(4, 1):soup('onion', 1, 0)",20.0,32.0,0,"(0, -1)",-0.015600000000000147,0.0,0.0,-0.015600000000000147,20.0,32.0,False,"(3, 1)",dish,"(1, 2)",onion,"(3, 0):soup('onion', 3, 19);(4, 1):soup('onion', 1, 0)","(3, 0):soup('onion', 3, 19);(4, 1):soup('onion', 1, 0)"
78,5,interact,"(3, 1)","(0, -1)",dish,"(1, 2)","(0, -1)",onion,"(3, 0):soup('onion', 3, 19);(4, 1):soup('onion', 1, 0)","(3, 0):soup('onion', 3, 19);(4, 1):soup('onion', 1, 0)",20.0,32.0,1,"(0, 1)",0.5783999999999999,0.0,0.0,0.5783999999999999,20.0,32.0,False,"(3, 1)",dish,"(1, 3)",onion,"(3, 0):soup('onion', 3, 20);(4, 1):soup('onion', 1, 0)","(3, 0):soup('onion', 3, 20);(4, 1):soup('onion', 1, 0)"
79,5,interact,"(3, 1)","(0, -1)",dish,"(1, 3)","(0, 1)",onion,"(3, 0):soup('onion', 3, 20);(4, 1):soup('onion', 1, 0)","(3, 0):soup('onion', 3, 20);(4, 1):soup('onion', 1, 0)",20.0,32.0,5,interact,5.3347999999999995,0.0,5.0,0.3347999999999996,20.0,37.0,False,"(3, 1)","soup('onion', 3, 20)","(1, 3)",onion,"(4, 1):soup('onion', 1, 0)","(3, 0):empty;(4, 1):soup('onion', 1, 0)"
80,3,"(-1, 0)","(3, 1)","(0, -1)","soup('onion', 3, 20)","(1, 3)","(0, 1)",onion,"(4, 1):soup('onion', 1, 0)","(3, 0):empty;(4, 1):soup('onion', 1, 0)",20.0,37.0,5,interact,0.03420000000000023,0.0,0.0,0.03420000000000023,20.0,37.0,False,"(2, 1)","soup('onion', 3, 20)","(1, 3)",onion,"(4, 1):soup('onion', 1, 0)","(3, 0):empty;(4, 1):soup('onion', 1, 0)"
81,3,"(-1, 0)","(2, 1)","(-1, 0)","soup('onion', 3, 20)","(1, 3)","(0, 1)",onion,"(4, 1):soup('onion', 1, 0)","(3, 0):empty;(4, 1):soup('onion', 1, 0)",20.0,37.0,2,"(1, 0)",-0.0852000000000002,0.0,0.0,-0.0852000000000002,20.0,37.0,False,"(1, 1)","soup('onion', 3, 20)","(2, 3)",onion,"(4, 1):soup('onion', 1, 0)","(3, 0):empty;(4, 1):soup('onion', 1, 0)"
82,1,"(0, 1)","(1, 1)","(-1, 0)","soup('onion', 3, 20)","(2, 3)","(1, 0)",onion,"(4, 1):soup('onion', 1, 0)","(3, 0):empty;(4, 1):soup('onion', 1, 0)",20.0,37.0,2,"(1, 0)",0.03420000000000023,0.0,0.0,0.03420000000000023,20.0,37.0,False,"(1, 2)","soup('onion', 3, 20)","(3, 3)",onion,"(4, 1):soup('onion', 1, 0)","(3, 0):empty;(4, 1):soup('onion', 1, 0)"
83,1,"(0, 1)","(1, 2)","(0, 1)","soup('onion', 3, 20)","(3, 3)","(1, 0)",onion,"(4, 1):soup('onion', 1, 0)","(3, 0):empty;(4, 1):soup('onion', 1, 0)",20.0,37.0,0,"(0, -1)",0.033600000000000026,0.0,0.0,0.033600000000000026,20.0,37.0,False,"(1, 3)","soup('onion', 3, 20)","(3, 2)",onion,"(4, 1):soup('onion', 1, 0)","(3, 0):empty;(4, 1):soup('onion', 1, 0)"
84,2,"(1, 0)","(1, 3)","(0, 1)","soup('onion', 3, 20)","(3, 2)","(0, -1)",onion,"(4, 1):soup('onion', 1, 0)","(3, 0):empty;(4, 1):soup('onion', 1, 0)",20.0,37.0,0,"(0, -1)",0.03300000000000036,0.0,0.0,0.03300000000000036,20.0,37.0,False,"(2, 3)","soup('onion', 3, 20)","(3, 1)",onion,"(4, 1):soup('onion', 1, 0)","(3, 0):empty;(4, 1):soup('onion', 1, 0)"
85,1,"(0, 1)","(2, 3)","(1, 0)","soup('onion', 3, 20)","(3, 1)","(0, -1)",onion,"(4, 1):soup('onion', 1, 0)","(3, 0):empty;(4, 1):soup('onion', 1, 0)",20.0,37.0,0,"(0, -1)",-0.06264000000000003,0.0,0.0,-0.06264000000000003,20.0,37.0,False,"(2, 3)","soup('onion', 3, 20)","(3, 1)",onion,"(4, 1):soup('onion', 1, 0)","(3, 0):empty;(4, 1):soup('onion', 1, 0)"
86,5,interact,"(2, 3)","(0, 1)","soup('onion', 3, 20)","(3, 1)","(0, -1)",onion,"(4, 1):soup('onion', 1, 0)","(3, 0):empty;(4, 1):soup('onion', 1, 0)",20.0,37.0,0,"(0, -1)",17.6924,20.0,0.0,-2.3076000000000003,40.0,37.0,True,"(2, 3)",,"(3, 1)",onion,"(4, 1):soup('onion', 1, 0)","(3, 0):empty;(4, 1):soup('onion', 1, 0)"
87,3,"(-1, 0)","(2, 3)","(0, 1)",,"(3, 1)","(0, -1)",onion,"(4, 1):soup('onion', 1, 0)","(3, 0):empty;(4, 1):soup('onion', 1, 0)",40.0,37.0,5,interact,3.3528,0.0,3.0,0.35279999999999995,40.0,40.0,False,"(1, 3)",,"(3, 1)",,"(3, 0):soup('onion', 1, 0);(4, 1):soup('onion', 1, 0)","(3, 0):soup('onion', 1, 0);(4, 1):soup('onion', 1, 0)"
88,5,interact,"(1, 3)","(-1, 0)",,"(3, 1)","(0, -1)",,"(3, 0):soup('onion', 1, 0);(4, 1):soup('onion', 1, 0)","(3, 0):soup('onion', 1, 0);(4, 1):soup('onion', 1, 0)",40.0,40.0,3,"(-1, 0)",-0.007200000000000006,0.0,0.0,-0.007200000000000006,40.0,40.0,False,"(1, 3)",onion,"(2, 1)",,"(3, 0):soup('onion', 1, 0);(4, 1):soup('onion', 1, 0)","(3, 0):soup('onion', 1, 0);(4, 1):soup('onion', 1, 0)"
89,2,"(1, 0)","(1, 3)","(-1, 0)",onion,"(2, 1)","(-1, 0)",,"(3, 0):soup('onion', 1, 0);(4, 1):soup('onion', 1, 0)","(3, 0):soup('onion', 1, 0);(4, 1):soup('onion', 1, 0)",40.0,40.0,3,"(-1, 0)",-0.007200000000000006,0.0,0.0,-0.007200000000000006,40.0,40.0,False,"(2, 3)",onion,"(1, 1)",,"(3, 0):soup('onion', 1, 0);(4, 1):soup('onion', 1, 0)","(3, 0):soup('onion', 1, 0);(4, 1):soup('onion', 1, 0)"
90,2,"(1, 0)","(2, 3)","(1, 0)",onion,"(1, 1)","(-1, 0)",,"(3, 0):soup('onion', 1, 0);(4, 1):soup('onion', 1, 0)","(3, 0):soup('onion', 1, 0);(4, 1):soup('onion', 1, 0)",40.0,40.0,0,"(0, -1)",-0.007200000000000006,0.0,0.0,-0.007200000000000006,40.0,40.0,False,"(3, 3)",onion,"(1, 1)",,"(3, 0):soup('onion', 1, 0);(4, 1):soup('onion', 1, 0)","(3, 0):soup('onion', 1, 0);(4, 1):soup('onion', 1, 0)"
91,0,"(0, -1)","(3, 3)","(1, 0)",onion,"(1, 1)","(0, -1)",,"(3, 0):soup('onion', 1, 0);(4, 1):soup('onion', 1, 0)","(3, 0):soup('onion', 1, 0);(4, 1):soup('onion', 1, 0)",40.0,40.0,1,"(0, 1)",-0.007200000000000006,0.0,0.0,-0.007200000000000006,40.0,40.0,False,"(3, 2)",onion,"(1, 2)",,"(3, 0):soup('onion', 1, 0);(4, 1):soup('onion', 1, 0)","(3, 0):soup('onion', 1, 0);(4, 1):soup('onion', 1, 0)"
92,0,"(0, -1)","(3, 2)","(0, -1)",onion,"(1, 2)","(0, 1)",,"(3, 0):soup('onion', 1, 0);(4, 1):soup('onion', 1, 0)","(3, 0):soup('onion', 1, 0);(4, 1):soup('onion', 1, 0)",40.0,40.0,0,"(0, -1)",-0.007200000000000006,0.0,0.0,-0.007200000000000006,40.0,40.0,False,"(3, 1)",onion,"(1, 1)",,"(3, 0):soup('onion', 1, 0);(4, 1):soup('onion', 1, 0)","(3, 0):soup('onion', 1, 0);(4, 1):soup('onion', 1, 0)"
93,5,interact,"(3, 1)","(0, -1)",onion,"(1, 1)","(0, -1)",,"(3, 0):soup('onion', 1, 0);(4, 1):soup('onion', 1, 0)","(3, 0):soup('onion', 1, 0);(4, 1):soup('onion', 1, 0)",40.0,40.0,1,"(0, 1)",3.3491999999999997,0.0,3.0,0.3491999999999999,40.0,43.0,False,"(3, 1)",,"(1, 2)",,"(3, 0):soup('onion', 2, 0);(4, 1):soup('onion', 1, 0)","(3, 0):soup('onion', 2, 0);(4, 1):soup('onion', 1, 0)"
94,3,"(-1, 0)","(3, 1)","(0, -1)",,"(1, 2)","(0, 1)",,"(3, 0):soup('onion', 2, 0);(4, 1):soup('onion', 1, 0)","(3, 0):soup('onion', 2, 0);(4, 1):soup('onion', 1, 0)",40.0,43.0,1,"(0, 1)",-0.01080000000000001,0.0,0.0,-0.01080000000000001,40.0,43.0,False,"(2, 1)",,"(1, 3)",,"(3, 0):soup('onion', 2, 0);(4, 1):soup('onion', 1, 0)","(3, 0):soup('onion', 2, 0);(4, 1):soup('onion', 1, 0)"
95,3,"(-1, 0)","(2, 1)","(-1, 0)",,"(1, 3)","(0, 1)",,"(3, 0):soup('onion', 2, 0);(4, 1):soup('onion', 1, 0)","(3, 0):soup('onion', 2, 0);(4, 1):soup('onion', 1, 0)",40.0,43.0,5,interact,-0.01080000000000001,0.0,0.0,-0.01080000000000001,40.0,43.0,False,"(1, 1)",,"(1, 3)",onion,"(3, 0):soup('onion', 2, 0);(4, 1):soup('onion', 1, 0)","(3, 0):soup('onion', 2, 0);(4, 1):soup('onion', 1, 0)"
96,3,"(-1, 0)","(1, 1)","(-1, 0)",,"(1, 3)","(0, 1)",onion,"(3, 0):soup('onion', 2, 0);(4, 1):soup('onion', 1, 0)","(3, 0):soup('onion', 2, 0);(4, 1):soup('onion', 1, 0)",40.0,43.0,2,"(1, 0)",-0.01080000000000001,0.0,0.0,-0.01080000000000001,40.0,43.0,False,"(1, 1)",,"(2, 3)",onion,"(3, 0):soup('onion', 2, 0);(4, 1):soup('onion', 1, 0)","(3, 0):soup('onion', 2, 0);(4, 1):soup('onion', 1, 0)"
97,1,"(0, 1)","(1, 1)","(-1, 0)",,"(2, 3)","(1, 0)",onion,"(3, 0):soup('onion', 2, 0);(4, 1):soup('onion', 1, 0)","(3, 0):soup('onion', 2, 0);(4, 1):soup('onion', 1, 0)",40.0,43.0,2,"(1, 0)",-0.01080000000000001,0.0,0.0,-0.01080000000000001,40.0,43.0,False,"(1, 2)",,"(3, 3)",onion,"(3, 0):soup('onion', 2, 0);(4, 1):soup('onion', 1, 0)","(3, 0):soup('onion', 2, 0);(4, 1):soup('onion', 1, 0)"
98,3,"(-1, 0)","(1, 2)","(0, 1)",,"(3, 3)","(1, 0)",onion,"(3, 0):soup('onion', 2, 0);(4, 1):soup('onion', 1, 0)","(3, 0):soup('onion', 2, 0);(4, 1):soup('onion', 1, 0)",40.0,43.0,0,"(0, -1)",-0.01080000000000001,0.0,0.0,-0.01080000000000001,40.0,43.0,False,"(1, 2)",,"(3, 2)",onion,"(3, 0):soup('onion', 2, 0);(4, 1):soup('onion', 1, 0)","(3, 0):soup('onion', 2, 0);(4, 1):soup('onion', 1, 0)"
99,5,interact,"(1, 2)","(-1, 0)",,"(3, 2)","(0, -1)",onion,"(3, 0):soup('onion', 2, 0);(4, 1):soup('onion', 1, 0)","(3, 0):soup('onion', 2, 0);(4, 1):soup('onion', 1, 0)",40.0,43.0,0,"(0, -1)",2.9892,0.0,3.0,-0.01080000000000001,40.0,46.0,False,"(1, 2)",dish,"(3, 1)",onion,"(3, 0):soup('onion', 2, 0);(4, 1):soup('onion', 1, 0)","(3, 0):soup('onion', 2, 0);(4, 1):soup('onion', 1, 0)"
100,5,interact,"(1, 2)","(-1, 0)",dish,"(3, 1)","(0, -1)",onion,"(3, 0):soup('onion', 2, 0);(4, 1):soup('onion', 1, 0)","(3, 0):soup('onion', 2, 0);(4, 1):soup('onion', 1, 0)",40.0,46.0,5,interact,3.4644,0.0,3.0,0.4644,40.0,49.0,False,"(1, 2)",dish,"(3, 1)",,"(3, 0):soup('onion', 3, 1);(4, 1):soup('onion', 1, 0)","(3, 0):soup('onion', 3, 1);(4, 1):soup('onion', 1, 0)"
101,1,"(0, 1)","(1, 2)","(-1, 0)",dish,"(3, 1)","(0, -1)",,"(3, 0):soup('onion', 3, 1);(4, 1):soup('onion', 1, 0)","(3, 0):soup('onion', 3, 1);(4, 1):soup('onion', 1, 0)",40.0,49.0,2,"(1, 0)",-0.015600000000000147,0.0,0.0,-0.015600000000000147,40.0,49.0,False,"(1, 3)",dish,"(3, 1)",,"(3, 0):soup('onion', 3, 2);(4, 1):soup('onion', 1, 0)","(3, 0):soup('onion', 3, 2);(4, 1):soup('onion', 1, 0)"
102,2,"(1, 0)","(1, 3)","(0, 1)",dish,"(3, 1)","(1, 0)",,"(3, 0):soup('onion', 3, 2);(4, 1):soup('onion', 1, 0)","(3, 0):soup('onion', 3, 2);(4, 1):soup('onion', 1, 0)",40.0,49.0,3,"(-1, 0)",-0.015600000000000147,0.0,0.0,-0.015600000000000147,40.0,49.0,False,"(2, 3)",dish,"(2, 1)",,"(3, 0):soup('onion', 3, 3);(4, 1):soup('onion', 1, 0)","(3, 0):soup('onion', 3, 3);(4, 1):soup('onion', 1, 0)"
103,2,"(1, 0)","(2, 3)","(1, 0)",dish,"(2, 1)","(-1, 0)",,"(3, 0):soup('onion', 3, 3);(4, 1):soup('onion', 1, 0)","(3, 0):soup('onion', 3, 3);(4, 1):soup('onion', 1, 0)",40.0,49.0,3,"(-1, 0)",-0.015600000000000147,0.0,0.0,-0.015600000000000147,40.0,49.0,False,"(3, 3)",dish,"(1, 1)",,"(3, 0):soup('onion', 3, 4);(4, 1):soup('onion', 1, 0)","(3, 0):soup('onion', 3, 4);(4, 1):soup('onion', 1, 0)"
104,0,"(0, -1)","(3, 3)","(1, 0)",dish,"(1, 1)","(-1, 0)",,"(3, 0):soup('onion', 3, 4);(4, 1):soup('onion', 1, 0)","(3, 0):soup('onion', 3, 4);(4, 1):soup('onion', 1, 0)",40.0,49.0,3,"(-1, 0)",-0.015600000000000147,0.0,0.0,-0.015600000000000147,40.0,49.0,False,"(3, 2)",dish,"(1, 1)",,"(3, 0):soup('onion', 3, 5);(4, 1):soup('onion', 1, 0)","(3, 0):soup('onion', 3, 5);(4, 1):soup('onion', 1, 0)"
105,0,"(0, -1)","(3, 2)","(0, -1)",dish,"(1, 1)","(-1, 0)",,"(3, 0):soup('onion', 3, 5);(4, 1):soup('onion', 1, 0)","(3, 0):soup('onion', 3, 5);(4, 1):soup('onion', 1, 0)",40.0,49.0,1,"(0, 1)",-0.015600000000000147,0.0,0.0,-0.015600000000000147,40.0,49.0,False,"(3, 1)",dish,"(1, 2)",,"(3, 0):soup('onion', 3, 6);(4, 1):soup('onion', 1, 0)","(3, 0):soup('onion', 3, 6);(4, 1):soup('onion', 1, 0)"
106,5,interact,"(3, 1)","(0, -1)",dish,"(1, 2)","(0, 1)",,"(3, 0):soup('onion', 3, 6);(4, 1):soup('onion', 1, 0)","(3, 0):soup('onion', 3, 6);(4, 1):soup('onion', 1, 0)",40.0,49.0,1,"(0, 1)",-0.015600000000000147,0.0,0.0,-0.015600000000000147,40.0,49.0,False,"(3, 1)",dish,"(1, 3)",,"(3, 0):soup('onion', 3, 7);(4, 1):soup('onion', 1, 0)","(3, 0):soup('onion', 3, 7);(4, 1):soup('onion', 1, 0)"
107,5,interact,"(3, 1)","(0, -1)",dish,"(1, 3)","(0, 1)",,"(3, 0):soup('onion', 3, 7);(4, 1):soup('onion', 1, 0)","(3, 0):soup('onion', 3, 7);(4, 1):soup('onion', 1, 0)",40.0,49.0,5,interact,-0.015600000000000147,0.0,0.0,-0.015600000000000147,40.0,49.0,False,"(3, 1)",dish,"(1, 3)",onion,"(3, 0):soup('onion', 3, 8);(4, 1):soup('onion', 1, 0)","(3, 0):soup('onion', 3, 8);(4, 1):soup('onion', 1, 0)"
108,5,interact,"(3, 1)","(0, -1)",dish,"(1, 3)","(0, 1)",onion,"(3, 0):soup('onion', 3, 8);(4, 1):soup('onion', 1, 0)","(3, 0):soup('onion', 3, 8);(4, 1):soup('onion', 1, 0)",40.0,49.0,0,"(0, -1)",-0.015600000000000147,0.0,0.0,-0.015600000000000147,40.0,49.0,False,"(3, 1)",dish,"(1, 2)",onion,"(3, 0):soup('onion', 3, 9);(4, 1):soup('onion', 1, 0)","(3, 0):soup('onion', 3, 9);(4, 1):soup('onion', 1, 0)"
109,5,interact,"(3, 1)","(0, -1)",dish,"(1, 2)","(0, -1)",onion,"(3, 0):soup('onion', 3, 9);(4, 1):soup('onion', 1, 0)","(3, 0):soup('onion', 3, 9);(4, 1):soup('onion', 1, 0)",40.0,49.0,1,"(0, 1)",-0.015600000000000147,0.0,0.0,-0.015600000000000147,40.0,49.0,False,"(3, 1)",dish,"(1, 3)",onion,"(3, 0):soup('onion', 3, 10);(4, 1):soup('onion', 1, 0)","(3, 0):soup('onion', 3, 10);(4, 1):soup('onion', 1, 0)"
110,5,interact,"(3, 1)","(0, -1)",dish,"(1, 3)","(0, 1)",onion,"(3, 0):soup('onion', 3, 10);(4, 1):soup('onion', 1, 0)","(3, 0):soup('onion', 3, 10);(4, 1):soup('onion', 1, 0)",40.0,49.0,0,"(0, -1)",-0.015600000000000147,0.0,0.0,-0.015600000000000147,40.0,49.0,False,"(3, 1)",dish,"(1, 2)",onion,"(3, 0):soup('onion', 3, 11);(4, 1):soup('onion', 1, 0)","(3, 0):soup('onion', 3, 11);(4, 1):soup('onion', 1, 0)"
111,5,interact,"(3, 1)","(0, -1)",dish,"(1, 2)","(0, -1)",onion,"(3, 0):soup('onion', 3, 11);(4, 1):soup('onion', 1, 0)","(3, 0):soup('onion', 3, 11);(4, 1):soup('onion', 1, 0)",40.0,49.0,1,"(0, 1)",-0.015600000000000147,0.0,0.0,-0.015600000000000147,40.0,49.0,False,"(3, 1)",dish,"(1, 3)",onion,"(3, 0):soup('onion', 3, 12);(4, 1):soup('onion', 1, 0)","(3, 0):soup('onion', 3, 12);(4, 1):soup('onion', 1, 0)"
112,5,interact,"(3, 1)","(0, -1)",dish,"(1, 3)","(0, 1)",onion,"(3, 0):soup('onion', 3, 12);(4, 1):soup('onion', 1, 0)","(3, 0):soup('onion', 3, 12);(4, 1):soup('onion', 1, 0)",40.0,49.0,0,"(0, -1)",-0.015600000000000147,0.0,0.0,-0.015600000000000147,40.0,49.0,False,"(3, 1)",dish,"(1, 2)",onion,"(3, 0):soup('onion', 3, 13);(4, 1):soup('onion', 1, 0)","(3, 0):soup('onion', 3, 13);(4, 1):soup('onion', 1, 0)"
113,5,interact,"(3, 1)","(0, -1)",dish,"(1, 2)","(0, -1)",onion,"(3, 0):soup('onion', 3, 13);(4, 1):soup('onion', 1, 0)","(3, 0):soup('onion', 3, 13);(4, 1):soup('onion', 1, 0)",40.0,49.0,1,"(0, 1)",-0.015600000000000147,0.0,0.0,-0.015600000000000147,40.0,49.0,False,"(3, 1)",dish,"(1, 3)",onion,"(3, 0):soup('onion', 3, 14);(4, 1):soup('onion', 1, 0)","(3, 0):soup('onion', 3, 14);(4, 1):soup('onion', 1, 0)"
114,5,interact,"(3, 1)","(0, -1)",dish,"(1, 3)","(0, 1)",onion,"(3, 0):soup('onion', 3, 14);(4, 1):soup('onion', 1, 0)","(3, 0):soup('onion', 3, 14);(4, 1):soup('onion', 1, 0)",40.0,49.0,0,"(0, -1)",-0.015600000000000147,0.0,0.0,-0.015600000000000147,40.0,49.0,False,"(3, 1)",dish,"(1, 2)",onion,"(3, 0):soup('onion', 3, 15);(4, 1):soup('onion', 1, 0)","(3, 0):soup('onion', 3, 15);(4, 1):soup('onion', 1, 0)"
115,5,interact,"(3, 1)","(0, -1)",dish,"(1, 2)","(0, -1)",onion,"(3, 0):soup('onion', 3, 15);(4, 1):soup('onion', 1, 0)","(3, 0):soup('onion', 3, 15);(4, 1):soup('onion', 1, 0)",40.0,49.0,1,"(0, 1)",-0.015600000000000147,0.0,0.0,-0.015600000000000147,40.0,49.0,False,"(3, 1)",dish,"(1, 3)",onion,"(3, 0):soup('onion', 3, 16);(4, 1):soup('onion', 1, 0)","(3, 0):soup('onion', 3, 16);(4, 1):soup('onion', 1, 0)"
116,5,interact,"(3, 1)","(0, -1)",dish,"(1, 3)","(0, 1)",onion,"(3, 0):soup('onion', 3, 16);(4, 1):soup('onion', 1, 0)","(3, 0):soup('onion', 3, 16);(4, 1):soup('onion', 1, 0)",40.0,49.0,0,"(0, -1)",-0.015600000000000147,0.0,0.0,-0.015600000000000147,40.0,49.0,False,"(3, 1)",dish,"(1, 2)",onion,"(3, 0):soup('onion', 3, 17);(4, 1):soup('onion', 1, 0)","(3, 0):soup('onion', 3, 17);(4, 1):soup('onion', 1, 0)"
117,5,interact,"(3, 1)","(0, -1)",dish,"(1, 2)","(0, -1)",onion,"(3, 0):soup('onion', 3, 17);(4, 1):soup('onion', 1, 0)","(3, 0):soup('onion', 3, 17);(4, 1):soup('onion', 1, 0)",40.0,49.0,1,"(0, 1)",-0.015600000000000147,0.0,0.0,-0.015600000000000147,40.0,49.0,False,"(3, 1)",dish,"(1, 3)",onion,"(3, 0):soup('onion', 3, 18);(4, 1):soup('onion', 1, 0)","(3, 0):soup('onion', 3, 18);(4, 1):soup('onion', 1, 0)"
118,5,interact,"(3, 1)","(0, -1)",dish,"(1, 3)","(0, 1)",onion,"(3, 0):soup('onion', 3, 18);(4, 1):soup('onion', 1, 0)","(3, 0):soup('onion', 3, 18);(4, 1):soup('onion', 1, 0)",40.0,49.0,0,"(0, -1)",-0.015600000000000147,0.0,0.0,-0.015600000000000147,40.0,49.0,False,"(3, 1)",dish,"(1, 2)",onion,"(3, 0):soup('onion', 3, 19);(4, 1):soup('onion', 1, 0)","(3, 0):soup('onion', 3, 19);(4, 1):soup('onion', 1, 0)"
119,5,interact,"(3, 1)","(0, -1)",dish,"(1, 2)","(0, -1)",onion,"(3, 0):soup('onion', 3, 19);(4, 1):soup('onion', 1, 0)","(3, 0):soup('onion', 3, 19);(4, 1):soup('onion', 1, 0)",40.0,49.0,1,"(0, 1)",0.5783999999999999,0.0,0.0,0.5783999999999999,40.0,49.0,False,"(3, 1)",dish,"(1, 3)",onion,"(3, 0):soup('onion', 3, 20);(4, 1):soup('onion', 1, 0)","(3, 0):soup('onion', 3, 20);(4, 1):soup('onion', 1, 0)"
120,5,interact,"(3, 1)","(0, -1)",dish,"(1, 3)","(0, 1)",onion,"(3, 0):soup('onion', 3, 20);(4, 1):soup('onion', 1, 0)","(3, 0):soup('onion', 3, 20);(4, 1):soup('onion', 1, 0)",40.0,49.0,5,interact,5.3347999999999995,0.0,5.0,0.3347999999999996,40.0,54.0,False,"(3, 1)","soup('onion', 3, 20)","(1, 3)",onion,"(4, 1):soup('onion', 1, 0)","(3, 0):empty;(4, 1):soup('onion', 1, 0)"
121,3,"(-1, 0)","(3, 1)","(0, -1)","soup('onion', 3, 20)","(1, 3)","(0, 1)",onion,"(4, 1):soup('onion', 1, 0)","(3, 0):empty;(4, 1):soup('onion', 1, 0)",40.0,54.0,5,interact,0.03420000000000023,0.0,0.0,0.03420000000000023,40.0,54.0,False,"(2, 1)","soup('onion', 3, 20)","(1, 3)",onion,"(4, 1):soup('onion', 1, 0)","(3, 0):empty;(4, 1):soup('onion', 1, 0)"
122,3,"(-1, 0)","(2, 1)","(-1, 0)","soup('onion', 3, 20)","(1, 3)","(0, 1)",onion,"(4, 1):soup('onion', 1, 0)","(3, 0):empty;(4, 1):soup('onion', 1, 0)",40.0,54.0,2,"(1, 0)",-0.0852000000000002,0.0,0.0,-0.0852000000000002,40.0,54.0,False,"(1, 1)","soup('onion', 3, 20)","(2, 3)",onion,"(4, 1):soup('onion', 1, 0)","(3, 0):empty;(4, 1):soup('onion', 1, 0)"
123,1,"(0, 1)","(1, 1)","(-1, 0)","soup('onion', 3, 20)","(2, 3)","(1, 0)",onion,"(4, 1):soup('onion', 1, 0)","(3, 0):empty;(4, 1):soup('onion', 1, 0)",40.0,54.0,2,"(1, 0)",0.03420000000000023,0.0,0.0,0.03420000000000023,40.0,54.0,False,"(1, 2)","soup('onion', 3, 20)","(3, 3)",onion,"(4, 1):soup('onion', 1, 0)","(3, 0):empty;(4, 1):soup('onion', 1, 0)"
124,1,"(0, 1)","(1, 2)","(0, 1)","soup('onion', 3, 20)","(3, 3)","(1, 0)",onion,"(4, 1):soup('onion', 1, 0)","(3, 0):empty;(4, 1):soup('onion', 1, 0)",40.0,54.0,0,"(0, -1)",0.033600000000000026,0.0,0.0,0.033600000000000026,40.0,54.0,False,"(1, 3)","soup('onion', 3, 20)","(3, 2)",onion,"(4, 1):soup('onion', 1, 0)","(3, 0):empty;(4, 1):soup('onion', 1, 0)"
125,2,"(1, 0)","(1, 3)","(0, 1)","soup('onion', 3, 20)","(3, 2)","(0, -1)",onion,"(4, 1):soup('onion', 1, 0)","(3, 0):empty;(4, 1):soup('onion', 1, 0)",40.0,54.0,0,"(0, -1)",0.03300000000000036,0.0,0.0,0.03300000000000036,40.0,54.0,False,"(2, 3)","soup('onion', 3, 20)","(3, 1)",onion,"(4, 1):soup('onion', 1, 0)","(3, 0):empty;(4, 1):soup('onion', 1, 0)"
126,1,"(0, 1)","(2, 3)","(1, 0)","soup('onion', 3, 20)","(3, 1)","(0, -1)",onion,"(4, 1):soup('onion', 1, 0)","(3, 0):empty;(4, 1):soup('onion', 1, 0)",40.0,54.0,0,"(0, -1)",-0.06264000000000003,0.0,0.0,-0.06264000000000003,40.0,54.0,False,"(2, 3)","soup('onion', 3, 20)","(3, 1)",onion,"(4, 1):soup('onion', 1, 0)","(3, 0):empty;(4, 1):soup('onion', 1, 0)"
127,5,interact,"(2, 3)","(0, 1)","soup('onion', 3, 20)","(3, 1)","(0, -1)",onion,"(4, 1):soup('onion', 1, 0)","(3, 0):empty;(4, 1):soup('onion', 1, 0)",40.0,54.0,0,"(0, -1)",17.6924,20.0,0.0,-2.3076000000000003,60.0,54.0,True,"(2, 3)",,"(3, 1)",onion,"(4, 1):soup('onion', 1, 0)","(3, 0):empty;(4, 1):soup('onion', 1, 0)"
128,3,"(-1, 0)","(2, 3)","(0, 1)",,"(3, 1)","(0, -1)",onion,"(4, 1):soup('onion', 1, 0)","(3, 0):empty;(4, 1):soup('onion', 1, 0)",60.0,54.0,5,interact,3.3528,0.0,3.0,0.35279999999999995,60.0,57.0,False,"(1, 3)",,"(3, 1)",,"(3, 0):soup('onion', 1, 0);(4, 1):soup('onion', 1, 0)","(3, 0):soup('onion', 1, 0);(4, 1):soup('onion', 1, 0)"
129,5,interact,"(1, 3)","(-1, 0)",,"(3, 1)","(0, -1)",,"(3, 0):soup('onion', 1, 0);(4, 1):soup('onion', 1, 0)","(3, 0):soup('onion', 1, 0);(4, 1):soup('onion', 1, 0)",60.0,57.0,3,"(-1, 0)",-0.007200000000000006,0.0,0.0,-0.007200000000000006,60.0,57.0,False,"(1, 3)",onion,"(2, 1)",,"(3, 0):soup('onion', 1, 0);(4, 1):soup('onion', 1, 0)","(3, 0):soup('onion', 1, 0);(4, 1):soup('onion', 1, 0)"
130,2,"(1, 0)","(1, 3)","(-1, 0)",onion,"(2, 1)","(-1, 0)",,"(3, 0):soup('onion', 1, 0);(4, 1):soup('onion', 1, 0)","(3, 0):soup('onion', 1, 0);(4, 1):soup('onion', 1, 0)",60.0,57.0,3,"(-1, 0)",-0.007200000000000006,0.0,0.0,-0.007200000000000006,60.0,57.0,False,"(2, 3)",onion,"(1, 1)",,"(3, 0):soup('onion', 1, 0);(4, 1):soup('onion', 1, 0)","(3, 0):soup('onion', 1, 0);(4, 1):soup('onion', 1, 0)"
131,2,"(1, 0)","(2, 3)","(1, 0)",onion,"(1, 1)","(-1, 0)",,"(3, 0):soup('onion', 1, 0);(4, 1):soup('onion', 1, 0)","(3, 0):soup('onion', 1, 0);(4, 1):soup('onion', 1, 0)",60.0,57.0,0,"(0, -1)",-0.007200000000000006,0.0,0.0,-0.007200000000000006,60.0,57.0,False,"(3, 3)",onion,"(1, 1)",,"(3, 0):soup('onion', 1, 0);(4, 1):soup('onion', 1, 0)","(3, 0):soup('onion', 1, 0);(4, 1):soup('onion', 1, 0)"
132,0,"(0, -1)","(3, 3)","(1, 0)",onion,"(1, 1)","(0, -1)",,"(3, 0):soup('onion', 1, 0);(4, 1):soup('onion', 1, 0)","(3, 0):soup('onion', 1, 0);(4, 1):soup('onion', 1, 0)",60.0,57.0,1,"(0, 1)",-0.007200000000000006,0.0,0.0,-0.007200000000000006,60.0,57.0,False,"(3, 2)",onion,"(1, 2)",,"(3, 0):soup('onion', 1, 0);(4, 1):soup('onion', 1, 0)","(3, 0):soup('onion', 1, 0);(4, 1):soup('onion', 1, 0)"
133,0,"(0, -1)","(3, 2)","(0, -1)",onion,"(1, 2)","(0, 1)",,"(3, 0):soup('onion', 1, 0);(4, 1):soup('onion', 1, 0)","(3, 0):soup('onion', 1, 0);(4, 1):soup('onion', 1, 0)",60.0,57.0,0,"(0, -1)",-0.007200000000000006,0.0,0.0,-0.007200000000000006,60.0,57.0,False,"(3, 1)",onion,"(1, 1)",,"(3, 0):soup('onion', 1, 0);(4, 1):soup('onion', 1, 0)","(3, 0):soup('onion', 1, 0);(4, 1):soup('onion', 1, 0)"
134,5,interact,"(3, 1)","(0, -1)",onion,"(1, 1)","(0, -1)",,"(3, 0):soup('onion', 1, 0);(4, 1):soup('onion', 1, 0)","(3, 0):soup('onion', 1, 0);(4, 1):soup('onion', 1, 0)",60.0,57.0,1,"(0, 1)",3.3491999999999997,0.0,3.0,0.3491999999999999,60.0,60.0,False,"(3, 1)",,"(1, 2)",,"(3, 0):soup('onion', 2, 0);(4, 1):soup('onion', 1, 0)","(3, 0):soup('onion', 2, 0);(4, 1):soup('onion', 1, 0)"
135,3,"(-1, 0)","(3, 1)","(0, -1)",,"(1, 2)","(0, 1)",,"(3, 0):soup('onion', 2, 0);(4, 1):soup('onion', 1, 0)","(3, 0):soup('onion', 2, 0);(4, 1):soup('onion', 1, 0)",60.0,60.0,1,"(0, 1)",-0.01080000000000001,0.0,0.0,-0.01080000000000001,60.0,60.0,False,"(2, 1)",,"(1, 3)",,"(3, 0):soup('onion', 2, 0);(4, 1):soup('onion', 1, 0)","(3, 0):soup('onion', 2, 0);(4, 1):soup('onion', 1, 0)"
136,3,"(-1, 0)","(2, 1)","(-1, 0)",,"(1, 3)","(0, 1)",,"(3, 0):soup('onion', 2, 0);(4, 1):soup('onion', 1, 0)","(3, 0):soup('onion', 2, 0);(4, 1):soup('onion', 1, 0)",60.0,60.0,5,interact,-0.01080000000000001,0.0,0.0,-0.01080000000000001,60.0,60.0,False,"(1, 1)",,"(1, 3)",onion,"(3, 0):soup('onion', 2, 0);(4, 1):soup('onion', 1, 0)","(3, 0):soup('onion', 2, 0);(4, 1):soup('onion', 1, 0)"
137,3,"(-1, 0)","(1, 1)","(-1, 0)",,"(1, 3)","(0, 1)",onion,"(3, 0):soup('onion', 2, 0);(4, 1):soup('onion', 1, 0)","(3, 0):soup('onion', 2, 0);(4, 1):soup('onion', 1, 0)",60.0,60.0,2,"(1, 0)",-0.01080000000000001,0.0,0.0,-0.01080000000000001,60.0,60.0,False,"(1, 1)",,"(2, 3)",onion,"(3, 0):soup('onion', 2, 0);(4, 1):soup('onion', 1, 0)","(3, 0):soup('onion', 2, 0);(4, 1):soup('onion', 1, 0)"
138,1,"(0, 1)","(1, 1)","(-1, 0)",,"(2, 3)","(1, 0)",onion,"(3, 0):soup('onion', 2, 0);(4, 1):soup('onion', 1, 0)","(3, 0):soup('onion', 2, 0);(4, 1):soup('onion', 1, 0)",60.0,60.0,2,"(1, 0)",-0.01080000000000001,0.0,0.0,-0.01080000000000001,60.0,60.0,False,"(1, 2)",,"(3, 3)",onion,"(3, 0):soup('onion', 2, 0);(4, 1):soup('onion', 1, 0)","(3, 0):soup('onion', 2, 0);(4, 1):soup('onion', 1, 0)"
139,3,"(-1, 0)","(1, 2)","(0, 1)",,"(3, 3)","(1, 0)",onion,"(3, 0):soup('onion', 2, 0);(4, 1):soup('onion', 1, 0)","(3, 0):soup('onion', 2, 0);(4, 1):soup('onion', 1, 0)",60.0,60.0,0,"(0, -1)",-0.01080000000000001,0.0,0.0,-0.01080000000000001,60.0,60.0,False,"(1, 2)",,"(3, 2)",onion,"(3, 0):soup('onion', 2, 0);(4, 1):soup('onion', 1, 0)","(3, 0):soup('onion', 2, 0);(4, 1):soup('onion', 1, 0)"
140,5,interact,"(1, 2)","(-1, 0)",,"(3, 2)","(0, -1)",onion,"(3, 0):soup('onion', 2, 0);(4, 1):soup('onion', 1, 0)","(3, 0):soup('onion', 2, 0);(4, 1):soup('onion', 1, 0)",60.0,60.0,0,"(0, -1)",2.9892,0.0,3.0,-0.01080000000000001,60.0,63.0,False,"(1, 2)",dish,"(3, 1)",onion,"(3, 0):soup('onion', 2, 0);(4, 1):soup('onion', 1, 0)","(3, 0):soup('onion', 2, 0);(4, 1):soup('onion', 1, 0)"
141,5,interact,"(1, 2)","(-1, 0)",dish,"(3, 1)","(0, -1)",onion,"(3, 0):soup('onion', 2, 0);(4, 1):soup('onion', 1, 0)","(3, 0):soup('onion', 2, 0);(4, 1):soup('onion', 1, 0)",60.0,63.0,5,interact,3.4644,0.0,3.0,0.4644,60.0,66.0,False,"(1, 2)",dish,"(3, 1)",,"(3, 0):soup('onion', 3, 1);(4, 1):soup('onion', 1, 0)","(3, 0):soup('onion', 3, 1);(4, 1):soup('onion', 1, 0)"
142,1,"(0, 1)","(1, 2)","(-1, 0)",dish,"(3, 1)","(0, -1)",,"(3, 0):soup('onion', 3, 1);(4, 1):soup('onion', 1, 0)","(3, 0):soup('onion', 3, 1);(4, 1):soup('onion', 1, 0)",60.0,66.0,2,"(1, 0)",-0.015600000000000147,0.0,0.0,-0.015600000000000147,60.0,66.0,False,"(1, 3)",dish,"(3, 1)",,"(3, 0):soup('onion', 3, 2);(4, 1):soup('onion', 1, 0)","(3, 0):soup('onion', 3, 2);(4, 1):soup('onion', 1, 0)"
143,2,"(1, 0)","(1, 3)","(0, 1)",dish,"(3, 1)","(1, 0)",,"(3, 0):soup('onion', 3, 2);(4, 1):soup('onion', 1, 0)","(3, 0):soup('onion', 3, 2);(4, 1):soup('onion', 1, 0)",60.0,66.0,3,"(-1, 0)",-0.015600000000000147,0.0,0.0,-0.015600000000000147,60.0,66.0,False,"(2, 3)",dish,"(2, 1)",,"(3, 0):soup('onion', 3, 3);(4, 1):soup('onion', 1, 0)","(3, 0):soup('onion', 3, 3);(4, 1):soup('onion', 1, 0)"
144,2,"(1, 0)","(2, 3)","(1, 0)",dish,"(2, 1)","(-1, 0)",,"(3, 0):soup('onion', 3, 3);(4, 1):soup('onion', 1, 0)","(3, 0):soup('onion', 3, 3);(4, 1):soup('onion', 1, 0)",60.0,66.0,3,"(-1, 0)",-0.015600000000000147,0.0,0.0,-0.015600000000000147,60.0,66.0,False,"(3, 3)",dish,"(1, 1)",,"(3, 0):soup('onion', 3, 4);(4, 1):soup('onion', 1, 0)","(3, 0):soup('onion', 3, 4);(4, 1):soup('onion', 1, 0)"
145,0,"(0, -1)","(3, 3)","(1, 0)",dish,"(1, 1)","(-1, 0)",,"(3, 0):soup('onion', 3, 4);(4, 1):soup('onion', 1, 0)","(3, 0):soup('onion', 3, 4);(4, 1):soup('onion', 1, 0)",60.0,66.0,3,"(-1, 0)",-0.015600000000000147,0.0,0.0,-0.015600000000000147,60.0,66.0,False,"(3, 2)",dish,"(1, 1)",,"(3, 0):soup('onion', 3, 5);(4, 1):soup('onion', 1, 0)","(3, 0):soup('onion', 3, 5);(4, 1):soup('onion', 1, 0)"
146,0,"(0, -1)","(3, 2)","(0, -1)",dish,"(1, 1)","(-1, 0)",,"(3, 0):soup('onion', 3, 5);(4, 1):soup('onion', 1, 0)","(3, 0):soup('onion', 3, 5);(4, 1):soup('onion', 1, 0)",60.0,66.0,1,"(0, 1)",-0.015600000000000147,0.0,0.0,-0.015600000000000147,60.0,66.0,False,"(3, 1)",dish,"(1, 2)",,"(3, 0):soup('onion', 3, 6);(4, 1):soup('onion', 1, 0)","(3, 0):soup('onion', 3, 6);(4, 1):soup('onion', 1, 0)"
147,5,interact,"(3, 1)","(0, -1)",dish,"(1, 2)","(0, 1)",,"(3, 0):soup('onion', 3, 6);(4, 1):soup('onion', 1, 0)","(3, 0):soup('onion', 3, 6);(4, 1):soup('onion', 1, 0)",60.0,66.0,1,"(0, 1)",-0.015600000000000147,0.0,0.0,-0.015600000000000147,60.0,66.0,False,"(3, 1)",dish,"(1, 3)",,"(3, 0):soup('onion', 3, 7);(4, 1):soup('onion', 1, 0)","(3, 0):soup('onion', 3, 7);(4, 1):soup('onion', 1, 0)"
148,5,interact,"(3, 1)","(0, -1)",dish,"(1, 3)","(0, 1)",,"(3, 0):soup('onion', 3, 7);(4, 1):soup('onion', 1, 0)","(3, 0):soup('onion', 3, 7);(4, 1):soup('onion', 1, 0)",60.0,66.0,5,interact,-0.015600000000000147,0.0,0.0,-0.015600000000000147,60.0,66.0,False,"(3, 1)",dish,"(1, 3)",onion,"(3, 0):soup('onion', 3, 8);(4, 1):soup('onion', 1, 0)","(3, 0):soup('onion', 3, 8);(4, 1):soup('onion', 1, 0)"
149,5,interact,"(3, 1)","(0, -1)",dish,"(1, 3)","(0, 1)",onion,"(3, 0):soup('onion', 3, 8);(4, 1):soup('onion', 1, 0)","(3, 0):soup('onion', 3, 8);(4, 1):soup('onion', 1, 0)",60.0,66.0,0,"(0, -1)",-0.015600000000000147,0.0,0.0,-0.015600000000000147,60.0,66.0,False,"(3, 1)",dish,"(1, 2)",onion,"(3, 0):soup('onion', 3, 9);(4, 1):soup('onion', 1, 0)","(3, 0):soup('onion', 3, 9);(4, 1):soup('onion', 1, 0)"
150,5,interact,"(3, 1)","(0, -1)",dish,"(1, 2)","(0, -1)",onion,"(3, 0):soup('onion', 3, 9);(4, 1):soup('onion', 1, 0)","(3, 0):soup('onion', 3, 9);(4, 1):soup('onion', 1, 0)",60.0,66.0,1,"(0, 1)",-0.015600000000000147,0.0,0.0,-0.015600000000000147,60.0,66.0,False,"(3, 1)",dish,"(1, 3)",onion,"(3, 0):soup('onion', 3, 10);(4, 1):soup('onion', 1, 0)","(3, 0):soup('onion', 3, 10);(4, 1):soup('onion', 1, 0)"
151,5,interact,"(3, 1)","(0, -1)",dish,"(1, 3)","(0, 1)",onion,"(3, 0):soup('onion', 3, 10);(4, 1):soup('onion', 1, 0)","(3, 0):soup('onion', 3, 10);(4, 1):soup('onion', 1, 0)",60.0,66.0,0,"(0, -1)",-0.015600000000000147,0.0,0.0,-0.015600000000000147,60.0,66.0,False,"(3, 1)",dish,"(1, 2)",onion,"(3, 0):soup('onion', 3, 11);(4, 1):soup('onion', 1, 0)","(3, 0):soup('onion', 3, 11);(4, 1):soup('onion', 1, 0)"
152,5,interact,"(3, 1)","(0, -1)",dish,"(1, 2)","(0, -1)",onion,"(3, 0):soup('onion', 3, 11);(4, 1):soup('onion', 1, 0)","(3, 0):soup('onion', 3, 11);(4, 1):soup('onion', 1, 0)",60.0,66.0,1,"(0, 1)",-0.015600000000000147,0.0,0.0,-0.015600000000000147,60.0,66.0,False,"(3, 1)",dish,"(1, 3)",onion,"(3, 0):soup('onion', 3, 12);(4, 1):soup('onion', 1, 0)","(3, 0):soup('onion', 3, 12);(4, 1):soup('onion', 1, 0)"
153,5,interact,"(3, 1)","(0, -1)",dish,"(1, 3)","(0, 1)",onion,"(3, 0):soup('onion', 3, 12);(4, 1):soup('onion', 1, 0)","(3, 0):soup('onion', 3, 12);(4, 1):soup('onion', 1, 0)",60.0,66.0,0,"(0, -1)",-0.015600000000000147,0.0,0.0,-0.015600000000000147,60.0,66.0,False,"(3, 1)",dish,"(1, 2)",onion,"(3, 0):soup('onion', 3, 13);(4, 1):soup('onion', 1, 0)","(3, 0):soup('onion', 3, 13);(4, 1):soup('onion', 1, 0)"
154,5,interact,"(3, 1)","(0, -1)",dish,"(1, 2)","(0, -1)",onion,"(3, 0):soup('onion', 3, 13);(4, 1):soup('onion', 1, 0)","(3, 0):soup('onion', 3, 13);(4, 1):soup('onion', 1, 0)",60.0,66.0,1,"(0, 1)",-0.015600000000000147,0.0,0.0,-0.015600000000000147,60.0,66.0,False,"(3, 1)",dish,"(1, 3)",onion,"(3, 0):soup('onion', 3, 14);(4, 1):soup('onion', 1, 0)","(3, 0):soup('onion', 3, 14);(4, 1):soup('onion', 1, 0)"
155,5,interact,"(3, 1)","(0, -1)",dish,"(1, 3)","(0, 1)",onion,"(3, 0):soup('onion', 3, 14);(4, 1):soup('onion', 1, 0)","(3, 0):soup('onion', 3, 14);(4, 1):soup('onion', 1, 0)",60.0,66.0,0,"(0, -1)",-0.015600000000000147,0.0,0.0,-0.015600000000000147,60.0,66.0,False,"(3, 1)",dish,"(1, 2)",onion,"(3, 0):soup('onion', 3, 15);(4, 1):soup('onion', 1, 0)","(3, 0):soup('onion', 3, 15);(4, 1):soup('onion', 1, 0)"
156,5,interact,"(3, 1)","(0, -1)",dish,"(1, 2)","(0, -1)",onion,"(3, 0):soup('onion', 3, 15);(4, 1):soup('onion', 1, 0)","(3, 0):soup('onion', 3, 15);(4, 1):soup('onion', 1, 0)",60.0,66.0,1,"(0, 1)",-0.015600000000000147,0.0,0.0,-0.015600000000000147,60.0,66.0,False,"(3, 1)",dish,"(1, 3)",onion,"(3, 0):soup('onion', 3, 16);(4, 1):soup('onion', 1, 0)","(3, 0):soup('onion', 3, 16);(4, 1):soup('onion', 1, 0)"
157,5,interact,"(3, 1)","(0, -1)",dish,"(1, 3)","(0, 1)",onion,"(3, 0):soup('onion', 3, 16);(4, 1):soup('onion', 1, 0)","(3, 0):soup('onion', 3, 16);(4, 1):soup('onion', 1, 0)",60.0,66.0,0,"(0, -1)",-0.015600000000000147,0.0,0.0,-0.015600000000000147,60.0,66.0,False,"(3, 1)",dish,"(1, 2)",onion,"(3, 0):soup('onion', 3, 17);(4, 1):soup('onion', 1, 0)","(3, 0):soup('onion', 3, 17);(4, 1):soup('onion', 1, 0)"
158,5,interact,"(3, 1)","(0, -1)",dish,"(1, 2)","(0, -1)",onion,"(3, 0):soup('onion', 3, 17);(4, 1):soup('onion', 1, 0)","(3, 0):soup('onion', 3, 17);(4, 1):soup('onion', 1, 0)",60.0,66.0,1,"(0, 1)",-0.015600000000000147,0.0,0.0,-0.015600000000000147,60.0,66.0,False,"(3, 1)",dish,"(1, 3)",onion,"(3, 0):soup('onion', 3, 18);(4, 1):soup('onion', 1, 0)","(3, 0):soup('onion', 3, 18);(4, 1):soup('onion', 1, 0)"
159,5,interact,"(3, 1)","(0, -1)",dish,"(1, 3)","(0, 1)",onion,"(3, 0):soup('onion', 3, 18);(4, 1):soup('onion', 1, 0)","(3, 0):soup('onion', 3, 18);(4, 1):soup('onion', 1, 0)",60.0,66.0,0,"(0, -1)",-0.015600000000000147,0.0,0.0,-0.015600000000000147,60.0,66.0,False,"(3, 1)",dish,"(1, 2)",onion,"(3, 0):soup('onion', 3, 19);(4, 1):soup('onion', 1, 0)","(3, 0):soup('onion', 3, 19);(4, 1):soup('onion', 1, 0)"
160,5,interact,"(3, 1)","(0, -1)",dish,"(1, 2)","(0, -1)",onion,"(3, 0):soup('onion', 3, 19);(4, 1):soup('onion', 1, 0)","(3, 0):soup('onion', 3, 19);(4, 1):soup('onion', 1, 0)",60.0,66.0,1,"(0, 1)",0.5783999999999999,0.0,0.0,0.5783999999999999,60.0,66.0,False,"(3, 1)",dish,"(1, 3)",onion,"(3, 0):soup('onion', 3, 20);(4, 1):soup('onion', 1, 0)","(3, 0):soup('onion', 3, 20);(4, 1):soup('onion', 1, 0)"
161,5,interact,"(3, 1)","(0, -1)",dish,"(1, 3)","(0, 1)",onion,"(3, 0):soup('onion', 3, 20);(4, 1):soup('onion', 1, 0)","(3, 0):soup('onion', 3, 20);(4, 1):soup('onion', 1, 0)",60.0,66.0,5,interact,5.3347999999999995,0.0,5.0,0.3347999999999996,60.0,71.0,False,"(3, 1)","soup('onion', 3, 20)","(1, 3)",onion,"(4, 1):soup('onion', 1, 0)","(3, 0):empty;(4, 1):soup('onion', 1, 0)"
162,3,"(-1, 0)","(3, 1)","(0, -1)","soup('onion', 3, 20)","(1, 3)","(0, 1)",onion,"(4, 1):soup('onion', 1, 0)","(3, 0):empty;(4, 1):soup('onion', 1, 0)",60.0,71.0,5,interact,0.03420000000000023,0.0,0.0,0.03420000000000023,60.0,71.0,False,"(2, 1)","soup('onion', 3, 20)","(1, 3)",onion,"(4, 1):soup('onion', 1, 0)","(3, 0):empty;(4, 1):soup('onion', 1, 0)"
163,3,"(-1, 0)","(2, 1)","(-1, 0)","soup('onion', 3, 20)","(1, 3)","(0, 1)",onion,"(4, 1):soup('onion', 1, 0)","(3, 0):empty;(4, 1):soup('onion', 1, 0)",60.0,71.0,2,"(1, 0)",-0.0852000000000002,0.0,0.0,-0.0852000000000002,60.0,71.0,False,"(1, 1)","soup('onion', 3, 20)","(2, 3)",onion,"(4, 1):soup('onion', 1, 0)","(3, 0):empty;(4, 1):soup('onion', 1, 0)"
164,1,"(0, 1)","(1, 1)","(-1, 0)","soup('onion', 3, 20)","(2, 3)","(1, 0)",onion,"(4, 1):soup('onion', 1, 0)","(3, 0):empty;(4, 1):soup('onion', 1, 0)",60.0,71.0,2,"(1, 0)",0.03420000000000023,0.0,0.0,0.03420000000000023,60.0,71.0,False,"(1, 2)","soup('onion', 3, 20)","(3, 3)",onion,"(4, 1):soup('onion', 1, 0)","(3, 0):empty;(4, 1):soup('onion', 1, 0)"
165,1,"(0, 1)","(1, 2)","(0, 1)","soup('onion', 3, 20)","(3, 3)","(1, 0)",onion,"(4, 1):soup('onion', 1, 0)","(3, 0):empty;(4, 1):soup('onion', 1, 0)",60.0,71.0,0,"(0, -1)",0.033600000000000026,0.0,0.0,0.033600000000000026,60.0,71.0,False,"(1, 3)","soup('onion', 3, 20)","(3, 2)",onion,"(4, 1):soup('onion', 1, 0)","(3, 0):empty;(4, 1):soup('onion', 1, 0)"
166,2,"(1, 0)","(1, 3)","(0, 1)","soup('onion', 3, 20)","(3, 2)","(0, -1)",onion,"(4, 1):soup('onion', 1, 0)","(3, 0):empty;(4, 1):soup('onion', 1, 0)",60.0,71.0,0,"(0, -1)",0.03300000000000036,0.0,0.0,0.03300000000000036,60.0,71.0,False,"(2, 3)","soup('onion', 3, 20)","(3, 1)",onion,"(4, 1):soup('onion', 1, 0)","(3, 0):empty;(4, 1):soup('onion', 1, 0)"
167,1,"(0, 1)","(2, 3)","(1, 0)","soup('onion', 3, 20)","(3, 1)","(0, -1)",onion,"(4, 1):soup('onion', 1, 0)","(3, 0):empty;(4, 1):soup('onion', 1, 0)",60.0,71.0,0,"(0, -1)",-0.06264000000000003,0.0,0.0,-0.06264000000000003,60.0,71.0,False,"(2, 3)","soup('onion', 3, 20)","(3, 1)",onion,"(4, 1):soup('onion', 1, 0)","(3, 0):empty;(4, 1):soup('onion', 1, 0)"
168,5,interact,"(2, 3)","(0, 1)","soup('onion', 3, 20)","(3, 1)","(0, -1)",onion,"(4, 1):soup('onion', 1, 0)","(3, 0):empty;(4, 1):soup('onion', 1, 0)",60.0,71.0,0,"(0, -1)",17.6924,20.0,0.0,-2.3076000000000003,80.0,71.0,True,"(2, 3)",,"(3, 1)",onion,"(4, 1):soup('onion', 1, 0)","(3, 0):empty;(4, 1):soup('onion', 1, 0)"
169,3,"(-1, 0)","(2, 3)","(0, 1)",,"(3, 1)","(0, -1)",onion,"(4, 1):soup('onion', 1, 0)","(3, 0):empty;(4, 1):soup('onion', 1, 0)",80.0,71.0,5,interact,3.3528,0.0,3.0,0.35279999999999995,80.0,74.0,False,"(1, 3)",,"(3, 1)",,"(3, 0):soup('onion', 1, 0);(4, 1):soup('onion', 1, 0)","(3, 0):soup('onion', 1, 0);(4, 1):soup('onion', 1, 0)"
170,5,interact,"(1, 3)","(-1, 0)",,"(3, 1)","(0, -1)",,"(3, 0):soup('onion', 1, 0);(4, 1):soup('onion', 1, 0)","(3, 0):soup('onion', 1, 0);(4, 1):soup('onion', 1, 0)",80.0,74.0,3,"(-1, 0)",-0.007200000000000006,0.0,0.0,-0.007200000000000006,80.0,74.0,False,"(1, 3)",onion,"(2, 1)",,"(3, 0):soup('onion', 1, 0);(4, 1):soup('onion', 1, 0)","(3, 0):soup('onion', 1, 0);(4, 1):soup('onion', 1, 0)"
171,2,"(1, 0)","(1, 3)","(-1, 0)",onion,"(2, 1)","(-1, 0)",,"(3, 0):soup('onion', 1, 0);(4, 1):soup('onion', 1, 0)","(3, 0):soup('onion', 1, 0);(4, 1):soup('onion', 1, 0)",80.0,74.0,3,"(-1, 0)",-0.007200000000000006,0.0,0.0,-0.007200000000000006,80.0,74.0,False,"(2, 3)",onion,"(1, 1)",,"(3, 0):soup('onion', 1, 0);(4, 1):soup('onion', 1, 0)","(3, 0):soup('onion', 1, 0);(4, 1):soup('onion', 1, 0)"
172,2,"(1, 0)","(2, 3)","(1, 0)",onion,"(1, 1)","(-1, 0)",,"(3, 0):soup('onion', 1, 0);(4, 1):soup('onion', 1, 0)","(3, 0):soup('onion', 1, 0);(4, 1):soup('onion', 1, 0)",80.0,74.0,0,"(0, -1)",-0.007200000000000006,0.0,0.0,-0.007200000000000006,80.0,74.0,False,"(3, 3)",onion,"(1, 1)",,"(3, 0):soup('onion', 1, 0);(4, 1):soup('onion', 1, 0)","(3, 0):soup('onion', 1, 0);(4, 1):soup('onion', 1, 0)"
173,0,"(0, -1)","(3, 3)","(1, 0)",onion,"(1, 1)","(0, -1)",,"(3, 0):soup('onion', 1, 0);(4, 1):soup('onion', 1, 0)","(3, 0):soup('onion', 1, 0);(4, 1):soup('onion', 1, 0)",80.0,74.0,1,"(0, 1)",-0.007200000000000006,0.0,0.0,-0.007200000000000006,80.0,74.0,False,"(3, 2)",onion,"(1, 2)",,"(3, 0):soup('onion', 1, 0);(4, 1):soup('onion', 1, 0)","(3, 0):soup('onion', 1, 0);(4, 1):soup('onion', 1, 0)"
174,0,"(0, -1)","(3, 2)","(0, -1)",onion,"(1, 2)","(0, 1)",,"(3, 0):soup('onion', 1, 0);(4, 1):soup('onion', 1, 0)","(3, 0):soup('onion', 1, 0);(4, 1):soup('onion', 1, 0)",80.0,74.0,0,"(0, -1)",-0.007200000000000006,0.0,0.0,-0.007200000000000006,80.0,74.0,False,"(3, 1)",onion,"(1, 1)",,"(3, 0):soup('onion', 1, 0);(4, 1):soup('onion', 1, 0)","(3, 0):soup('onion', 1, 0);(4, 1):soup('onion', 1, 0)"
175,5,interact,"(3, 1)","(0, -1)",onion,"(1, 1)","(0, -1)",,"(3, 0):soup('onion', 1, 0);(4, 1):soup('onion', 1, 0)","(3, 0):soup('onion', 1, 0);(4, 1):soup('onion', 1, 0)",80.0,74.0,1,"(0, 1)",3.3491999999999997,0.0,3.0,0.3491999999999999,80.0,77.0,False,"(3, 1)",,"(1, 2)",,"(3, 0):soup('onion', 2, 0);(4, 1):soup('onion', 1, 0)","(3, 0):soup('onion', 2, 0);(4, 1):soup('onion', 1, 0)"
176,3,"(-1, 0)","(3, 1)","(0, -1)",,"(1, 2)","(0, 1)",,"(3, 0):soup('onion', 2, 0);(4, 1):soup('onion', 1, 0)","(3, 0):soup('onion', 2, 0);(4, 1):soup('onion', 1, 0)",80.0,77.0,1,"(0, 1)",-0.01080000000000001,0.0,0.0,-0.01080000000000001,80.0,77.0,False,"(2, 1)",,"(1, 3)",,"(3, 0):soup('onion', 2, 0);(4, 1):soup('onion', 1, 0)","(3, 0):soup('onion', 2, 0);(4, 1):soup('onion', 1, 0)"
177,3,"(-1, 0)","(2, 1)","(-1, 0)",,"(1, 3)","(0, 1)",,"(3, 0):soup('onion', 2, 0);(4, 1):soup('onion', 1, 0)","(3, 0):soup('onion', 2, 0);(4, 1):soup('onion', 1, 0)",80.0,77.0,5,interact,-0.01080000000000001,0.0,0.0,-0.01080000000000001,80.0,77.0,False,"(1, 1)",,"(1, 3)",onion,"(3, 0):soup('onion', 2, 0);(4, 1):soup('onion', 1, 0)","(3, 0):soup('onion', 2, 0);(4, 1):soup('onion', 1, 0)"
178,3,"(-1, 0)","(1, 1)","(-1, 0)",,"(1, 3)","(0, 1)",onion,"(3, 0):soup('onion', 2, 0);(4, 1):soup('onion', 1, 0)","(3, 0):soup('onion', 2, 0);(4, 1):soup('onion', 1, 0)",80.0,77.0,2,"(1, 0)",-0.01080000000000001,0.0,0.0,-0.01080000000000001,80.0,77.0,False,"(1, 1)",,"(2, 3)",onion,"(3, 0):soup('onion', 2, 0);(4, 1):soup('onion', 1, 0)","(3, 0):soup('onion', 2, 0);(4, 1):soup('onion', 1, 0)"
179,1,"(0, 1)","(1, 1)","(-1, 0)",,"(2, 3)","(1, 0)",onion,"(3, 0):soup('onion', 2, 0);(4, 1):soup('onion', 1, 0)","(3, 0):soup('onion', 2, 0);(4, 1):soup('onion', 1, 0)",80.0,77.0,2,"(1, 0)",-0.01080000000000001,0.0,0.0,-0.01080000000000001,80.0,77.0,False,"(1, 2)",,"(3, 3)",onion,"(3, 0):soup('onion', 2, 0);(4, 1):soup('onion', 1, 0)","(3, 0):soup('onion', 2, 0);(4, 1):soup('onion', 1, 0)"
180,3,"(-1, 0)","(1, 2)","(0, 1)",,"(3, 3)","(1, 0)",onion,"(3, 0):soup('onion', 2, 0);(4, 1):soup('onion', 1, 0)","(3, 0):soup('onion', 2, 0);(4, 1):soup('onion', 1, 0)",80.0,77.0,0,"(0, -1)",-0.01080000000000001,0.0,0.0,-0.01080000000000001,80.0,77.0,False,"(1, 2)",,"(3, 2)",onion,"(3, 0):soup('onion', 2, 0);(4, 1):soup('onion', 1, 0)","(3, 0):soup('onion', 2, 0);(4, 1):soup('onion', 1, 0)"
181,5,interact,"(1, 2)","(-1, 0)",,"(3, 2)","(0, -1)",onion,"(3, 0):soup('onion', 2, 0);(4, 1):soup('onion', 1, 0)","(3, 0):soup('onion', 2, 0);(4, 1):soup('onion', 1, 0)",80.0,77.0,0,"(0, -1)",2.9892,0.0,3.0,-0.01080000000000001,80.0,80.0,False,"(1, 2)",dish,"(3, 1)",onion,"(3, 0):soup('onion', 2, 0);(4, 1):soup('onion', 1, 0)","(3, 0):soup('onion', 2, 0);(4, 1):soup('onion', 1, 0)"
182,5,interact,"(1, 2)","(-1, 0)",dish,"(3, 1)","(0, -1)",onion,"(3, 0):soup('onion', 2, 0);(4, 1):soup('onion', 1, 0)","(3, 0):soup('onion', 2, 0);(4, 1):soup('onion', 1, 0)",80.0,80.0,5,interact,3.4644,0.0,3.0,0.4644,80.0,83.0,False,"(1, 2)",dish,"(3, 1)",,"(3, 0):soup('onion', 3, 1);(4, 1):soup('onion', 1, 0)","(3, 0):soup('onion', 3, 1);(4, 1):soup('onion', 1, 0)"
183,1,"(0, 1)","(1, 2)","(-1, 0)",dish,"(3, 1)","(0, -1)",,"(3, 0):soup('onion', 3, 1);(4, 1):soup('onion', 1, 0)","(3, 0):soup('onion', 3, 1);(4, 1):soup('onion', 1, 0)",80.0,83.0,2,"(1, 0)",-0.015600000000000147,0.0,0.0,-0.015600000000000147,80.0,83.0,False,"(1, 3)",dish,"(3, 1)",,"(3, 0):soup('onion', 3, 2);(4, 1):soup('onion', 1, 0)","(3, 0):soup('onion', 3, 2);(4, 1):soup('onion', 1, 0)"
184,2,"(1, 0)","(1, 3)","(0, 1)",dish,"(3, 1)","(1, 0)",,"(3, 0):soup('onion', 3, 2);(4, 1):soup('onion', 1, 0)","(3, 0):soup('onion', 3, 2);(4, 1):soup('onion', 1, 0)",80.0,83.0,3,"(-1, 0)",-0.015600000000000147,0.0,0.0,-0.015600000000000147,80.0,83.0,False,"(2, 3)",dish,"(2, 1)",,"(3, 0):soup('onion', 3, 3);(4, 1):soup('onion', 1, 0)","(3, 0):soup('onion', 3, 3);(4, 1):soup('onion', 1, 0)"
185,2,"(1, 0)","(2, 3)","(1, 0)",dish,"(2, 1)","(-1, 0)",,"(3, 0):soup('onion', 3, 3);(4, 1):soup('onion', 1, 0)","(3, 0):soup('onion', 3, 3);(4, 1):soup('onion', 1, 0)",80.0,83.0,3,"(-1, 0)",-0.015600000000000147,0.0,0.0,-0.015600000000000147,80.0,83.0,False,"(3, 3)",dish,"(1, 1)",,"(3, 0):soup('onion', 3, 4);(4, 1):soup('onion', 1, 0)","(3, 0):soup('onion', 3, 4);(4, 1):soup('onion', 1, 0)"
186,0,"(0, -1)","(3, 3)","(1, 0)",dish,"(1, 1)","(-1, 0)",,"(3, 0):soup('onion', 3, 4);(4, 1):soup('onion', 1, 0)","(3, 0):soup('onion', 3, 4);(4, 1):soup('onion', 1, 0)",80.0,83.0,3,"(-1, 0)",-0.015600000000000147,0.0,0.0,-0.015600000000000147,80.0,83.0,False,"(3, 2)",dish,"(1, 1)",,"(3, 0):soup('onion', 3, 5);(4, 1):soup('onion', 1, 0)","(3, 0):soup('onion', 3, 5);(4, 1):soup('onion', 1, 0)"
187,0,"(0, -1)","(3, 2)","(0, -1)",dish,"(1, 1)","(-1, 0)",,"(3, 0):soup('onion', 3, 5);(4, 1):soup('onion', 1, 0)","(3, 0):soup('onion', 3, 5);(4, 1):soup('onion', 1, 0)",80.0,83.0,1,"(0, 1)",-0.015600000000000147,0.0,0.0,-0.015600000000000147,80.0,83.0,False,"(3, 1)",dish,"(1, 2)",,"(3, 0):soup('onion', 3, 6);(4, 1):soup('onion', 1, 0)","(3, 0):soup('onion', 3, 6);(4, 1):soup('onion', 1, 0)"
188,5,interact,"(3, 1)","(0, -1)",dish,"(1, 2)","(0, 1)",,"(3, 0):soup('onion', 3, 6);(4, 1):soup('onion', 1, 0)","(3, 0):soup('onion', 3, 6);(4, 1):soup('onion', 1, 0)",80.0,83.0,1,"(0, 1)",-0.015600000000000147,0.0,0.0,-0.015600000000000147,80.0,83.0,False,"(3, 1)",dish,"(1, 3)",,"(3, 0):soup('onion', 3, 7);(4, 1):soup('onion', 1, 0)","(3, 0):soup('onion', 3, 7);(4, 1):soup('onion', 1, 0)"
189,5,interact,"(3, 1)","(0, -1)",dish,"(1, 3)","(0, 1)",,"(3, 0):soup('onion', 3, 7);(4, 1):soup('onion', 1, 0)","(3, 0):soup('onion', 3, 7);(4, 1):soup('onion', 1, 0)",80.0,83.0,5,interact,-0.015600000000000147,0.0,0.0,-0.015600000000000147,80.0,83.0,False,"(3, 1)",dish,"(1, 3)",onion,"(3, 0):soup('onion', 3, 8);(4, 1):soup('onion', 1, 0)","(3, 0):soup('onion', 3, 8);(4, 1):soup('onion', 1, 0)"
190,5,interact,"(3, 1)","(0, -1)",dish,"(1, 3)","(0, 1)",onion,"(3, 0):soup('onion', 3, 8);(4, 1):soup('onion', 1, 0)","(3, 0):soup('onion', 3, 8);(4, 1):soup('onion', 1, 0)",80.0,83.0,0,"(0, -1)",-0.015600000000000147,0.0,0.0,-0.015600000000000147,80.0,83.0,False,"(3, 1)",dish,"(1, 2)",onion,"(3, 0):soup('onion', 3, 9);(4, 1):soup('onion', 1, 0)","(3, 0):soup('onion', 3, 9);(4, 1):soup('onion', 1, 0)"
191,5,interact,"(3, 1)","(0, -1)",dish,"(1, 2)","(0, -1)",onion,"(3, 0):soup('onion', 3, 9);(4, 1):soup('onion', 1, 0)","(3, 0):soup('onion', 3, 9);(4, 1):soup('onion', 1, 0)",80.0,83.0,1,"(0, 1)",-0.015600000000000147,0.0,0.0,-0.015600000000000147,80.0,83.0,False,"(3, 1)",dish,"(1, 3)",onion,"(3, 0):soup('onion', 3, 10);(4, 1):soup('onion', 1, 0)","(3, 0):soup('onion', 3, 10);(4, 1):soup('onion', 1, 0)"
192,5,interact,"(3, 1)","(0, -1)",dish,"(1, 3)","(0, 1)",onion,"(3, 0):soup('onion', 3, 10);(4, 1):soup('onion', 1, 0)","(3, 0):soup('onion', 3, 10);(4, 1):soup('onion', 1, 0)",80.0,83.0,0,"(0, -1)",-0.015600000000000147,0.0,0.0,-0.015600000000000147,80.0,83.0,False,"(3, 1)",dish,"(1, 2)",onion,"(3, 0):soup('onion', 3, 11);(4, 1):soup('onion', 1, 0)","(3, 0):soup('onion', 3, 11);(4, 1):soup('onion', 1, 0)"
193,5,interact,"(3, 1)","(0, -1)",dish,"(1, 2)","(0, -1)",onion,"(3, 0):soup('onion', 3, 11);(4, 1):soup('onion', 1, 0)","(3, 0):soup('onion', 3, 11);(4, 1):soup('onion', 1, 0)",80.0,83.0,1,"(0, 1)",-0.015600000000000147,0.0,0.0,-0.015600000000000147,80.0,83.0,False,"(3, 1)",dish,"(1, 3)",onion,"(3, 0):soup('onion', 3, 12);(4, 1):soup('onion', 1, 0)","(3, 0):soup('onion', 3, 12);(4, 1):soup('onion', 1, 0)"
194,5,interact,"(3, 1)","(0, -1)",dish,"(1, 3)","(0, 1)",onion,"(3, 0):soup('onion', 3, 12);(4, 1):soup('onion', 1, 0)","(3, 0):soup('onion', 3, 12);(4, 1):soup('onion', 1, 0)",80.0,83.0,0,"(0, -1)",-0.015600000000000147,0.0,0.0,-0.015600000000000147,80.0,83.0,False,"(3, 1)",dish,"(1, 2)",onion,"(3, 0):soup('onion', 3, 13);(4, 1):soup('onion', 1, 0)","(3, 0):soup('onion', 3, 13);(4, 1):soup('onion', 1, 0)"
195,5,interact,"(3, 1)","(0, -1)",dish,"(1, 2)","(0, -1)",onion,"(3, 0):soup('onion', 3, 13);(4, 1):soup('onion', 1, 0)","(3, 0):soup('onion', 3, 13);(4, 1):soup('onion', 1, 0)",80.0,83.0,1,"(0, 1)",-0.015600000000000147,0.0,0.0,-0.015600000000000147,80.0,83.0,False,"(3, 1)",dish,"(1, 3)",onion,"(3, 0):soup('onion', 3, 14);(4, 1):soup('onion', 1, 0)","(3, 0):soup('onion', 3, 14);(4, 1):soup('onion', 1, 0)"
196,5,interact,"(3, 1)","(0, -1)",dish,"(1, 3)","(0, 1)",onion,"(3, 0):soup('onion', 3, 14);(4, 1):soup('onion', 1, 0)","(3, 0):soup('onion', 3, 14);(4, 1):soup('onion', 1, 0)",80.0,83.0,0,"(0, -1)",-0.015600000000000147,0.0,0.0,-0.015600000000000147,80.0,83.0,False,"(3, 1)",dish,"(1, 2)",onion,"(3, 0):soup('onion', 3, 15);(4, 1):soup('onion', 1, 0)","(3, 0):soup('onion', 3, 15);(4, 1):soup('onion', 1, 0)"
197,5,interact,"(3, 1)","(0, -1)",dish,"(1, 2)","(0, -1)",onion,"(3, 0):soup('onion', 3, 15);(4, 1):soup('onion', 1, 0)","(3, 0):soup('onion', 3, 15);(4, 1):soup('onion', 1, 0)",80.0,83.0,1,"(0, 1)",-0.015600000000000147,0.0,0.0,-0.015600000000000147,80.0,83.0,False,"(3, 1)",dish,"(1, 3)",onion,"(3, 0):soup('onion', 3, 16);(4, 1):soup('onion', 1, 0)","(3, 0):soup('onion', 3, 16);(4, 1):soup('onion', 1, 0)"
198,5,interact,"(3, 1)","(0, -1)",dish,"(1, 3)","(0, 1)",onion,"(3, 0):soup('onion', 3, 16);(4, 1):soup('onion', 1, 0)","(3, 0):soup('onion', 3, 16);(4, 1):soup('onion', 1, 0)",80.0,83.0,0,"(0, -1)",-0.015600000000000147,0.0,0.0,-0.015600000000000147,80.0,83.0,False,"(3, 1)",dish,"(1, 2)",onion,"(3, 0):soup('onion', 3, 17);(4, 1):soup('onion', 1, 0)","(3, 0):soup('onion', 3, 17);(4, 1):soup('onion', 1, 0)"
199,5,interact,"(3, 1)","(0, -1)",dish,"(1, 2)","(0, -1)",onion,"(3, 0):soup('onion', 3, 17);(4, 1):soup('onion', 1, 0)","(3, 0):soup('onion', 3, 17);(4, 1):soup('onion', 1, 0)",80.0,83.0,1,"(0, 1)",-0.015600000000000147,0.0,0.0,-0.015600000000000147,80.0,83.0,False,"(3, 1)",dish,"(1, 3)",onion,"(3, 0):soup('onion', 3, 18);(4, 1):soup('onion', 1, 0)","(3, 0):soup('onion', 3, 18);(4, 1):soup('onion', 1, 0)"
200,5,interact,"(3, 1)","(0, -1)",dish,"(1, 3)","(0, 1)",onion,"(3, 0):soup('onion', 3, 18);(4, 1):soup('onion', 1, 0)","(3, 0):soup('onion', 3, 18);(4, 1):soup('onion', 1, 0)",80.0,83.0,0,"(0, -1)",-0.015600000000000147,0.0,0.0,-0.015600000000000147,80.0,83.0,False,"(3, 1)",dish,"(1, 2)",onion,"(3, 0):soup('onion', 3, 19);(4, 1):soup('onion', 1, 0)","(3, 0):soup('onion', 3, 19);(4, 1):soup('onion', 1, 0)"
201,5,interact,"(3, 1)","(0, -1)",dish,"(1, 2)","(0, -1)",onion,"(3, 0):soup('onion', 3, 19);(4, 1):soup('onion', 1, 0)","(3, 0):soup('onion', 3, 19);(4, 1):soup('onion', 1, 0)",80.0,83.0,1,"(0, 1)",0.5783999999999999,0.0,0.0,0.5783999999999999,80.0,83.0,False,"(3, 1)",dish,"(1, 3)",onion,"(3, 0):soup('onion', 3, 20);(4, 1):soup('onion', 1, 0)","(3, 0):soup('onion', 3, 20);(4, 1):soup('onion', 1, 0)"
202,5,interact,"(3, 1)","(0, -1)",dish,"(1, 3)","(0, 1)",onion,"(3, 0):soup('onion', 3, 20);(4, 1):soup('onion', 1, 0)","(3, 0):soup('onion', 3, 20);(4, 1):soup('onion', 1, 0)",80.0,83.0,5,interact,5.3347999999999995,0.0,5.0,0.3347999999999996,80.0,88.0,False,"(3, 1)","soup('onion', 3, 20)","(1, 3)",onion,"(4, 1):soup('onion', 1, 0)","(3, 0):empty;(4, 1):soup('onion', 1, 0)"
203,3,"(-1, 0)","(3, 1)","(0, -1)","soup('onion', 3, 20)","(1, 3)","(0, 1)",onion,"(4, 1):soup('onion', 1, 0)","(3, 0):empty;(4, 1):soup('onion', 1, 0)",80.0,88.0,5,interact,0.03420000000000023,0.0,0.0,0.03420000000000023,80.0,88.0,False,"(2, 1)","soup('onion', 3, 20)","(1, 3)",onion,"(4, 1):soup('onion', 1, 0)","(3, 0):empty;(4, 1):soup('onion', 1, 0)"
204,3,"(-1, 0)","(2, 1)","(-1, 0)","soup('onion', 3, 20)","(1, 3)","(0, 1)",onion,"(4, 1):soup('onion', 1, 0)","(3, 0):empty;(4, 1):soup('onion', 1, 0)",80.0,88.0,2,"(1, 0)",-0.0852000000000002,0.0,0.0,-0.0852000000000002,80.0,88.0,False,"(1, 1)","soup('onion', 3, 20)","(2, 3)",onion,"(4, 1):soup('onion', 1, 0)","(3, 0):empty;(4, 1):soup('onion', 1, 0)"
205,1,"(0, 1)","(1, 1)","(-1, 0)","soup('onion', 3, 20)","(2, 3)","(1, 0)",onion,"(4, 1):soup('onion', 1, 0)","(3, 0):empty;(4, 1):soup('onion', 1, 0)",80.0,88.0,2,"(1, 0)",0.03420000000000023,0.0,0.0,0.03420000000000023,80.0,88.0,False,"(1, 2)","soup('onion', 3, 20)","(3, 3)",onion,"(4, 1):soup('onion', 1, 0)","(3, 0):empty;(4, 1):soup('onion', 1, 0)"
206,1,"(0, 1)","(1, 2)","(0, 1)","soup('onion', 3, 20)","(3, 3)","(1, 0)",onion,"(4, 1):soup('onion', 1, 0)","(3, 0):empty;(4, 1):soup('onion', 1, 0)",80.0,88.0,0,"(0, -1)",0.033600000000000026,0.0,0.0,0.033600000000000026,80.0,88.0,False,"(1, 3)","soup('onion', 3, 20)","(3, 2)",onion,"(4, 1):soup('onion', 1, 0)","(3, 0):empty;(4, 1):soup('onion', 1, 0)"
207,2,"(1, 0)","(1, 3)","(0, 1)","soup('onion', 3, 20)","(3, 2)","(0, -1)",onion,"(4, 1):soup('onion', 1, 0)","(3, 0):empty;(4, 1):soup('onion', 1, 0)",80.0,88.0,0,"(0, -1)",0.03300000000000036,0.0,0.0,0.03300000000000036,80.0,88.0,False,"(2, 3)","soup('onion', 3, 20)","(3, 1)",onion,"(4, 1):soup('onion', 1, 0)","(3, 0):empty;(4, 1):soup('onion', 1, 0)"
208,1,"(0, 1)","(2, 3)","(1, 0)","soup('onion', 3, 20)","(3, 1)","(0, -1)",onion,"(4, 1):soup('onion', 1, 0)","(3, 0):empty;(4, 1):soup('onion', 1, 0)",80.0,88.0,0,"(0, -1)",-0.06264000000000003,0.0,0.0,-0.06264000000000003,80.0,88.0,False,"(2, 3)","soup('onion', 3, 20)","(3, 1)",onion,"(4, 1):soup('onion', 1, 0)","(3, 0):empty;(4, 1):soup('onion', 1, 0)"
209,5,interact,"(2, 3)","(0, 1)","soup('onion', 3, 20)","(3, 1)","(0, -1)",onion,"(4, 1):soup('onion', 1, 0)","(3, 0):empty;(4, 1):soup('onion', 1, 0)",80.0,88.0,0,"(0, -1)",17.6924,20.0,0.0,-2.3076000000000003,100.0,88.0,True,"(2, 3)",,"(3, 1)",onion,"(4, 1):soup('onion', 1, 0)","(3, 0):empty;(4, 1):soup('onion', 1, 0)"
210,3,"(-1, 0)","(2, 3)","(0, 1)",,"(3, 1)","(0, -1)",onion,"(4, 1):soup('onion', 1, 0)","(3, 0):empty;(4, 1):soup('onion', 1, 0)",100.0,88.0,5,interact,3.3528,0.0,3.0,0.35279999999999995,100.0,91.0,False,"(1, 3)",,"(3, 1)",,"(3, 0):soup('onion', 1, 0);(4, 1):soup('onion', 1, 0)","(3, 0):soup('onion', 1, 0);(4, 1):soup('onion', 1, 0)"
211,5,interact,"(1, 3)","(-1, 0)",,"(3, 1)","(0, -1)",,"(3, 0):soup('onion', 1, 0);(4, 1):soup('onion', 1, 0)","(3, 0):soup('onion', 1, 0);(4, 1):soup('onion', 1, 0)",100.0,91.0,3,"(-1, 0)",-0.007200000000000006,0.0,0.0,-0.007200000000000006,100.0,91.0,False,"(1, 3)",onion,"(2, 1)",,"(3, 0):soup('onion', 1, 0);(4, 1):soup('onion', 1, 0)","(3, 0):soup('onion', 1, 0);(4, 1):soup('onion', 1, 0)"
212,2,"(1, 0)","(1, 3)","(-1, 0)",onion,"(2, 1)","(-1, 0)",,"(3, 0):soup('onion', 1, 0);(4, 1):soup('onion', 1, 0)","(3, 0):soup('onion', 1, 0);(4, 1):soup('onion', 1, 0)",100.0,91.0,3,"(-1, 0)",-0.007200000000000006,0.0,0.0,-0.007200000000000006,100.0,91.0,False,"(2, 3)",onion,"(1, 1)",,"(3, 0):soup('onion', 1, 0);(4, 1):soup('onion', 1, 0)","(3, 0):soup('onion', 1, 0);(4, 1):soup('onion', 1, 0)"
213,2,"(1, 0)","(2, 3)","(1, 0)",onion,"(1, 1)","(-1, 0)",,"(3, 0):soup('onion', 1, 0);(4, 1):soup('onion', 1, 0)","(3, 0):soup('onion', 1, 0);(4, 1):soup('onion', 1, 0)",100.0,91.0,0,"(0, -1)",-0.007200000000000006,0.0,0.0,-0.007200000000000006,100.0,91.0,False,"(3, 3)",onion,"(1, 1)",,"(3, 0):soup('onion', 1, 0);(4, 1):soup('onion', 1, 0)","(3, 0):soup('onion', 1, 0);(4, 1):soup('onion', 1, 0)"
214,0,"(0, -1)","(3, 3)","(1, 0)",onion,"(1, 1)","(0, -1)",,"(3, 0):soup('onion', 1, 0);(4, 1):soup('onion', 1, 0)","(3, 0):soup('onion', 1, 0);(4, 1):soup('onion', 1, 0)",100.0,91.0,1,"(0, 1)",-0.007200000000000006,0.0,0.0,-0.007200000000000006,100.0,91.0,False,"(3, 2)",onion,"(1, 2)",,"(3, 0):soup('onion', 1, 0);(4, 1):soup('onion', 1, 0)","(3, 0):soup('onion', 1, 0);(4, 1):soup('onion', 1, 0)"
215,0,"(0, -1)","(3, 2)","(0, -1)",onion,"(1, 2)","(0, 1)",,"(3, 0):soup('onion', 1, 0);(4, 1):soup('onion', 1, 0)","(3, 0):soup('onion', 1, 0);(4, 1):soup('onion', 1, 0)",100.0,91.0,0,"(0, -1)",-0.007200000000000006,0.0,0.0,-0.007200000000000006,100.0,91.0,False,"(3, 1)",onion,"(1, 1)",,"(3, 0):soup('onion', 1, 0);(4, 1):soup('onion', 1, 0)","(3, 0):soup('onion', 1, 0);(4, 1):soup('onion', 1, 0)"
216,5,interact,"(3, 1)","(0, -1)",onion,"(1, 1)","(0, -1)",,"(3, 0):soup('onion', 1, 0);(4, 1):soup('onion', 1, 0)","(3, 0):soup('onion', 1, 0);(4, 1):soup('onion', 1, 0)",100.0,91.0,1,"(0, 1)",3.3491999999999997,0.0,3.0,0.3491999999999999,100.0,94.0,False,"(3, 1)",,"(1, 2)",,"(3, 0):soup('onion', 2, 0);(4, 1):soup('onion', 1, 0)","(3, 0):soup('onion', 2, 0);(4, 1):soup('onion', 1, 0)"
217,3,"(-1, 0)","(3, 1)","(0, -1)",,"(1, 2)","(0, 1)",,"(3, 0):soup('onion', 2, 0);(4, 1):soup('onion', 1, 0)","(3, 0):soup('onion', 2, 0);(4, 1):soup('onion', 1, 0)",100.0,94.0,1,"(0, 1)",-0.01080000000000001,0.0,0.0,-0.01080000000000001,100.0,94.0,False,"(2, 1)",,"(1, 3)",,"(3, 0):soup('onion', 2, 0);(4, 1):soup('onion', 1, 0)","(3, 0):soup('onion', 2, 0);(4, 1):soup('onion', 1, 0)"
218,3,"(-1, 0)","(2, 1)","(-1, 0)",,"(1, 3)","(0, 1)",,"(3, 0):soup('onion', 2, 0);(4, 1):soup('onion', 1, 0)","(3, 0):soup('onion', 2, 0);(4, 1):soup('onion', 1, 0)",100.0,94.0,5,interact,-0.01080000000000001,0.0,0.0,-0.01080000000000001,100.0,94.0,False,"(1, 1)",,"(1, 3)",onion,"(3, 0):soup('onion', 2, 0);(4, 1):soup('onion', 1, 0)","(3, 0):soup('onion', 2, 0);(4, 1):soup('onion', 1, 0)"
219,3,"(-1, 0)","(1, 1)","(-1, 0)",,"(1, 3)","(0, 1)",onion,"(3, 0):soup('onion', 2, 0);(4, 1):soup('onion', 1, 0)","(3, 0):soup('onion', 2, 0);(4, 1):soup('onion', 1, 0)",100.0,94.0,2,"(1, 0)",-0.01080000000000001,0.0,0.0,-0.01080000000000001,100.0,94.0,False,"(1, 1)",,"(2, 3)",onion,"(3, 0):soup('onion', 2, 0);(4, 1):soup('onion', 1, 0)","(3, 0):soup('onion', 2, 0);(4, 1):soup('onion', 1, 0)"
220,1,"(0, 1)","(1, 1)","(-1, 0)",,"(2, 3)","(1, 0)",onion,"(3, 0):soup('onion', 2, 0);(4, 1):soup('onion', 1, 0)","(3, 0):soup('onion', 2, 0);(4, 1):soup('onion', 1, 0)",100.0,94.0,2,"(1, 0)",-0.01080000000000001,0.0,0.0,-0.01080000000000001,100.0,94.0,False,"(1, 2)",,"(3, 3)",onion,"(3, 0):soup('onion', 2, 0);(4, 1):soup('onion', 1, 0)","(3, 0):soup('onion', 2, 0);(4, 1):soup('onion', 1, 0)"
221,3,"(-1, 0)","(1, 2)","(0, 1)",,"(3, 3)","(1, 0)",onion,"(3, 0):soup('onion', 2, 0);(4, 1):soup('onion', 1, 0)","(3, 0):soup('onion', 2, 0);(4, 1):soup('onion', 1, 0)",100.0,94.0,0,"(0, -1)",-0.01080000000000001,0.0,0.0,-0.01080000000000001,100.0,94.0,False,"(1, 2)",,"(3, 2)",onion,"(3, 0):soup('onion', 2, 0);(4, 1):soup('onion', 1, 0)","(3, 0):soup('onion', 2, 0);(4, 1):soup('onion', 1, 0)"
222,5,interact,"(1, 2)","(-1, 0)",,"(3, 2)","(0, -1)",onion,"(3, 0):soup('onion', 2, 0);(4, 1):soup('onion', 1, 0)","(3, 0):soup('onion', 2, 0);(4, 1):soup('onion', 1, 0)",100.0,94.0,0,"(0, -1)",2.9892,0.0,3.0,-0.01080000000000001,100.0,97.0,False,"(1, 2)",dish,"(3, 1)",onion,"(3, 0):soup('onion', 2, 0);(4, 1):soup('onion', 1, 0)","(3, 0):soup('onion', 2, 0);(4, 1):soup('onion', 1, 0)"
223,5,interact,"(1, 2)","(-1, 0)",dish,"(3, 1)","(0, -1)",onion,"(3, 0):soup('onion', 2, 0);(4, 1):soup('onion', 1, 0)","(3, 0):soup('onion', 2, 0);(4, 1):soup('onion', 1, 0)",100.0,97.0,5,interact,3.4644,0.0,3.0,0.4644,100.0,100.0,False,"(1, 2)",dish,"(3, 1)",,"(3, 0):soup('onion', 3, 1);(4, 1):soup('onion', 1, 0)","(3, 0):soup('onion', 3, 1);(4, 1):soup('onion', 1, 0)"
224,1,"(0, 1)","(1, 2)","(-1, 0)",dish,"(3, 1)","(0, -1)",,"(3, 0):soup('onion', 3, 1);(4, 1):soup('onion', 1, 0)","(3, 0):soup('onion', 3, 1);(4, 1):soup('onion', 1, 0)",100.0,100.0,2,"(1, 0)",-0.015600000000000147,0.0,0.0,-0.015600000000000147,100.0,100.0,False,"(1, 3)",dish,"(3, 1)",,"(3, 0):soup('onion', 3, 2);(4, 1):soup('onion', 1, 0)","(3, 0):soup('onion', 3, 2);(4, 1):soup('onion', 1, 0)"
225,2,"(1, 0)","(1, 3)","(0, 1)",dish,"(3, 1)","(1, 0)",,"(3, 0):soup('onion', 3, 2);(4, 1):soup('onion', 1, 0)","(3, 0):soup('onion', 3, 2);(4, 1):soup('onion', 1, 0)",100.0,100.0,3,"(-1, 0)",-0.015600000000000147,0.0,0.0,-0.015600000000000147,100.0,100.0,False,"(2, 3)",dish,"(2, 1)",,"(3, 0):soup('onion', 3, 3);(4, 1):soup('onion', 1, 0)","(3, 0):soup('onion', 3, 3);(4, 1):soup('onion', 1, 0)"
226,2,"(1, 0)","(2, 3)","(1, 0)",dish,"(2, 1)","(-1, 0)",,"(3, 0):soup('onion', 3, 3);(4, 1):soup('onion', 1, 0)","(3, 0):soup('onion', 3, 3);(4, 1):soup('onion', 1, 0)",100.0,100.0,3,"(-1, 0)",-0.015600000000000147,0.0,0.0,-0.015600000000000147,100.0,100.0,False,"(3, 3)",dish,"(1, 1)",,"(3, 0):soup('onion', 3, 4);(4, 1):soup('onion', 1, 0)","(3, 0):soup('onion', 3, 4);(4, 1):soup('onion', 1, 0)"
227,0,"(0, -1)","(3, 3)","(1, 0)",dish,"(1, 1)","(-1, 0)",,"(3, 0):soup('onion', 3, 4);(4, 1):soup('onion', 1, 0)","(3, 0):soup('onion', 3, 4);(4, 1):soup('onion', 1, 0)",100.0,100.0,3,"(-1, 0)",-0.015600000000000147,0.0,0.0,-0.015600000000000147,100.0,100.0,False,"(3, 2)",dish,"(1, 1)",,"(3, 0):soup('onion', 3, 5);(4, 1):soup('onion', 1, 0)","(3, 0):soup('onion', 3, 5);(4, 1):soup('onion', 1, 0)"
228,0,"(0, -1)","(3, 2)","(0, -1)",dish,"(1, 1)","(-1, 0)",,"(3, 0):soup('onion', 3, 5);(4, 1):soup('onion', 1, 0)","(3, 0):soup('onion', 3, 5);(4, 1):soup('onion', 1, 0)",100.0,100.0,1,"(0, 1)",-0.015600000000000147,0.0,0.0,-0.015600000000000147,100.0,100.0,False,"(3, 1)",dish,"(1, 2)",,"(3, 0):soup('onion', 3, 6);(4, 1):soup('onion', 1, 0)","(3, 0):soup('onion', 3, 6);(4, 1):soup('onion', 1, 0)"
229,5,interact,"(3, 1)","(0, -1)",dish,"(1, 2)","(0, 1)",,"(3, 0):soup('onion', 3, 6);(4, 1):soup('onion', 1, 0)","(3, 0):soup('onion', 3, 6);(4, 1):soup('onion', 1, 0)",100.0,100.0,1,"(0, 1)",-0.015600000000000147,0.0,0.0,-0.015600000000000147,100.0,100.0,False,"(3, 1)",dish,"(1, 3)",,"(3, 0):soup('onion', 3, 7);(4, 1):soup('onion', 1, 0)","(3, 0):soup('onion', 3, 7);(4, 1):soup('onion', 1, 0)"
230,5,interact,"(3, 1)","(0, -1)",dish,"(1, 3)","(0, 1)",,"(3, 0):soup('onion', 3, 7);(4, 1):soup('onion', 1, 0)","(3, 0):soup('onion', 3, 7);(4, 1):soup('onion', 1, 0)",100.0,100.0,5,interact,-0.015600000000000147,0.0,0.0,-0.015600000000000147,100.0,100.0,False,"(3, 1)",dish,"(1, 3)",onion,"(3, 0):soup('onion', 3, 8);(4, 1):soup('onion', 1, 0)","(3, 0):soup('onion', 3, 8);(4, 1):soup('onion', 1, 0)"
231,5,interact,"(3, 1)","(0, -1)",dish,"(1, 3)","(0, 1)",onion,"(3, 0):soup('onion', 3, 8);(4, 1):soup('onion', 1, 0)","(3, 0):soup('onion', 3, 8);(4, 1):soup('onion', 1, 0)",100.0,100.0,0,"(0, -1)",-0.015600000000000147,0.0,0.0,-0.015600000000000147,100.0,100.0,False,"(3, 1)",dish,"(1, 2)",onion,"(3, 0):soup('onion', 3, 9);(4, 1):soup('onion', 1, 0)","(3, 0):soup('onion', 3, 9);(4, 1):soup('onion', 1, 0)"
232,5,interact,"(3, 1)","(0, -1)",dish,"(1, 2)","(0, -1)",onion,"(3, 0):soup('onion', 3, 9);(4, 1):soup('onion', 1, 0)","(3, 0):soup('onion', 3, 9);(4, 1):soup('onion', 1, 0)",100.0,100.0,1,"(0, 1)",-0.015600000000000147,0.0,0.0,-0.015600000000000147,100.0,100.0,False,"(3, 1)",dish,"(1, 3)",onion,"(3, 0):soup('onion', 3, 10);(4, 1):soup('onion', 1, 0)","(3, 0):soup('onion', 3, 10);(4, 1):soup('onion', 1, 0)"
233,5,interact,"(3, 1)","(0, -1)",dish,"(1, 3)","(0, 1)",onion,"(3, 0):soup('onion', 3, 10);(4, 1):soup('onion', 1, 0)","(3, 0):soup('onion', 3, 10);(4, 1):soup('onion', 1, 0)",100.0,100.0,0,"(0, -1)",-0.015600000000000147,0.0,0.0,-0.015600000000000147,100.0,100.0,False,"(3, 1)",dish,"(1, 2)",onion,"(3, 0):soup('onion', 3, 11);(4, 1):soup('onion', 1, 0)","(3, 0):soup('onion', 3, 11);(4, 1):soup('onion', 1, 0)"
234,5,interact,"(3, 1)","(0, -1)",dish,"(1, 2)","(0, -1)",onion,"(3, 0):soup('onion', 3, 11);(4, 1):soup('onion', 1, 0)","(3, 0):soup('onion', 3, 11);(4, 1):soup('onion', 1, 0)",100.0,100.0,1,"(0, 1)",-0.015600000000000147,0.0,0.0,-0.015600000000000147,100.0,100.0,False,"(3, 1)",dish,"(1, 3)",onion,"(3, 0):soup('onion', 3, 12);(4, 1):soup('onion', 1, 0)","(3, 0):soup('onion', 3, 12);(4, 1):soup('onion', 1, 0)"
235,5,interact,"(3, 1)","(0, -1)",dish,"(1, 3)","(0, 1)",onion,"(3, 0):soup('onion', 3, 12);(4, 1):soup('onion', 1, 0)","(3, 0):soup('onion', 3, 12);(4, 1):soup('onion', 1, 0)",100.0,100.0,0,"(0, -1)",-0.015600000000000147,0.0,0.0,-0.015600000000000147,100.0,100.0,False,"(3, 1)",dish,"(1, 2)",onion,"(3, 0):soup('onion', 3, 13);(4, 1):soup('onion', 1, 0)","(3, 0):soup('onion', 3, 13);(4, 1):soup('onion', 1, 0)"
236,5,interact,"(3, 1)","(0, -1)",dish,"(1, 2)","(0, -1)",onion,"(3, 0):soup('onion', 3, 13);(4, 1):soup('onion', 1, 0)","(3, 0):soup('onion', 3, 13);(4, 1):soup('onion', 1, 0)",100.0,100.0,1,"(0, 1)",-0.015600000000000147,0.0,0.0,-0.015600000000000147,100.0,100.0,False,"(3, 1)",dish,"(1, 3)",onion,"(3, 0):soup('onion', 3, 14);(4, 1):soup('onion', 1, 0)","(3, 0):soup('onion', 3, 14);(4, 1):soup('onion', 1, 0)"
237,5,interact,"(3, 1)","(0, -1)",dish,"(1, 3)","(0, 1)",onion,"(3, 0):soup('onion', 3, 14);(4, 1):soup('onion', 1, 0)","(3, 0):soup('onion', 3, 14);(4, 1):soup('onion', 1, 0)",100.0,100.0,0,"(0, -1)",-0.015600000000000147,0.0,0.0,-0.015600000000000147,100.0,100.0,False,"(3, 1)",dish,"(1, 2)",onion,"(3, 0):soup('onion', 3, 15);(4, 1):soup('onion', 1, 0)","(3, 0):soup('onion', 3, 15);(4, 1):soup('onion', 1, 0)"
238,5,interact,"(3, 1)","(0, -1)",dish,"(1, 2)","(0, -1)",onion,"(3, 0):soup('onion', 3, 15);(4, 1):soup('onion', 1, 0)","(3, 0):soup('onion', 3, 15);(4, 1):soup('onion', 1, 0)",100.0,100.0,1,"(0, 1)",-0.015600000000000147,0.0,0.0,-0.015600000000000147,100.0,100.0,False,"(3, 1)",dish,"(1, 3)",onion,"(3, 0):soup('onion', 3, 16);(4, 1):soup('onion', 1, 0)","(3, 0):soup('onion', 3, 16);(4, 1):soup('onion', 1, 0)"
239,5,interact,"(3, 1)","(0, -1)",dish,"(1, 3)","(0, 1)",onion,"(3, 0):soup('onion', 3, 16);(4, 1):soup('onion', 1, 0)","(3, 0):soup('onion', 3, 16);(4, 1):soup('onion', 1, 0)",100.0,100.0,0,"(0, -1)",-0.015600000000000147,0.0,0.0,-0.015600000000000147,100.0,100.0,False,"(3, 1)",dish,"(1, 2)",onion,"(3, 0):soup('onion', 3, 17);(4, 1):soup('onion', 1, 0)","(3, 0):soup('onion', 3, 17);(4, 1):soup('onion', 1, 0)"
240,5,interact,"(3, 1)","(0, -1)",dish,"(1, 2)","(0, -1)",onion,"(3, 0):soup('onion', 3, 17);(4, 1):soup('onion', 1, 0)","(3, 0):soup('onion', 3, 17);(4, 1):soup('onion', 1, 0)",100.0,100.0,1,"(0, 1)",-0.015600000000000147,0.0,0.0,-0.015600000000000147,100.0,100.0,False,"(3, 1)",dish,"(1, 3)",onion,"(3, 0):soup('onion', 3, 18);(4, 1):soup('onion', 1, 0)","(3, 0):soup('onion', 3, 18);(4, 1):soup('onion', 1, 0)"
241,5,interact,"(3, 1)","(0, -1)",dish,"(1, 3)","(0, 1)",onion,"(3, 0):soup('onion', 3, 18);(4, 1):soup('onion', 1, 0)","(3, 0):soup('onion', 3, 18);(4, 1):soup('onion', 1, 0)",100.0,100.0,0,"(0, -1)",-0.015600000000000147,0.0,0.0,-0.015600000000000147,100.0,100.0,False,"(3, 1)",dish,"(1, 2)",onion,"(3, 0):soup('onion', 3, 19);(4, 1):soup('onion', 1, 0)","(3, 0):soup('onion', 3, 19);(4, 1):soup('onion', 1, 0)"
242,5,interact,"(3, 1)","(0, -1)",dish,"(1, 2)","(0, -1)",onion,"(3, 0):soup('onion', 3, 19);(4, 1):soup('onion', 1, 0)","(3, 0):soup('onion', 3, 19);(4, 1):soup('onion', 1, 0)",100.0,100.0,1,"(0, 1)",0.5783999999999999,0.0,0.0,0.5783999999999999,100.0,100.0,False,"(3, 1)",dish,"(1, 3)",onion,"(3, 0):soup('onion', 3, 20);(4, 1):soup('onion', 1, 0)","(3, 0):soup('onion', 3, 20);(4, 1):soup('onion', 1, 0)"
243,5,interact,"(3, 1)","(0, -1)",dish,"(1, 3)","(0, 1)",onion,"(3, 0):soup('onion', 3, 20);(4, 1):soup('onion', 1, 0)","(3, 0):soup('onion', 3, 20);(4, 1):soup('onion', 1, 0)",100.0,100.0,5,interact,5.3347999999999995,0.0,5.0,0.3347999999999996,100.0,105.0,False,"(3, 1)","soup('onion', 3, 20)","(1, 3)",onion,"(4, 1):soup('onion', 1, 0)","(3, 0):empty;(4, 1):soup('onion', 1, 0)"
244,3,"(-1, 0)","(3, 1)","(0, -1)","soup('onion', 3, 20)","(1, 3)","(0, 1)",onion,"(4, 1):soup('onion', 1, 0)","(3, 0):empty;(4, 1):soup('onion', 1, 0)",100.0,105.0,5,interact,0.03420000000000023,0.0,0.0,0.03420000000000023,100.0,105.0,False,"(2, 1)","soup('onion', 3, 20)","(1, 3)",onion,"(4, 1):soup('onion', 1, 0)","(3, 0):empty;(4, 1):soup('onion', 1, 0)"
245,3,"(-1, 0)","(2, 1)","(-1, 0)","soup('onion', 3, 20)","(1, 3)","(0, 1)",onion,"(4, 1):soup('onion', 1, 0)","(3, 0):empty;(4, 1):soup('onion', 1, 0)",100.0,105.0,2,"(1, 0)",-0.0852000000000002,0.0,0.0,-0.0852000000000002,100.0,105.0,False,"(1, 1)","soup('onion', 3, 20)","(2, 3)",onion,"(4, 1):soup('onion', 1, 0)","(3, 0):empty;(4, 1):soup('onion', 1, 0)"
246,1,"(0, 1)","(1, 1)","(-1, 0)","soup('onion', 3, 20)","(2, 3)","(1, 0)",onion,"(4, 1):soup('onion', 1, 0)","(3, 0):empty;(4, 1):soup('onion', 1, 0)",100.0,105.0,2,"(1, 0)",0.03420000000000023,0.0,0.0,0.03420000000000023,100.0,105.0,False,"(1, 2)","soup('onion', 3, 20)","(3, 3)",onion,"(4, 1):soup('onion', 1, 0)","(3, 0):empty;(4, 1):soup('onion', 1, 0)"
247,1,"(0, 1)","(1, 2)","(0, 1)","soup('onion', 3, 20)","(3, 3)","(1, 0)",onion,"(4, 1):soup('onion', 1, 0)","(3, 0):empty;(4, 1):soup('onion', 1, 0)",100.0,105.0,0,"(0, -1)",0.033600000000000026,0.0,0.0,0.033600000000000026,100.0,105.0,False,"(1, 3)","soup('onion', 3, 20)","(3, 2)",onion,"(4, 1):soup('onion', 1, 0)","(3, 0):empty;(4, 1):soup('onion', 1, 0)"
248,2,"(1, 0)","(1, 3)","(0, 1)","soup('onion', 3, 20)","(3, 2)","(0, -1)",onion,"(4, 1):soup('onion', 1, 0)","(3, 0):empty;(4, 1):soup('onion', 1, 0)",100.0,105.0,0,"(0, -1)",0.03300000000000036,0.0,0.0,0.03300000000000036,100.0,105.0,False,"(2, 3)","soup('onion', 3, 20)","(3, 1)",onion,"(4, 1):soup('onion', 1, 0)","(3, 0):empty;(4, 1):soup('onion', 1, 0)"
249,1,"(0, 1)","(2, 3)","(1, 0)","soup('onion', 3, 20)","(3, 1)","(0, -1)",onion,"(4, 1):soup('onion', 1, 0)","(3, 0):empty;(4, 1):soup('onion', 1, 0)",100.0,105.0,0,"(0, -1)",-0.06264000000000003,0.0,0.0,-0.06264000000000003,100.0,105.0,False,"(2, 3)","soup('onion', 3, 20)","(3, 1)",onion,"(4, 1):soup('onion', 1, 0)","(3, 0):empty;(4, 1):soup('onion', 1, 0)"
250,5,interact,"(2, 3)","(0, 1)","soup('onion', 3, 20)","(3, 1)","(0, -1)",onion,"(4, 1):soup('onion', 1, 0)","(3, 0):empty;(4, 1):soup('onion', 1, 0)",100.0,105.0,0,"(0, -1)",17.6924,20.0,0.0,-2.3076000000000003,120.0,105.0,True,"(2, 3)",,"(3, 1)",onion,"(4, 1):soup('onion', 1, 0)","(3, 0):empty;(4, 1):soup('onion', 1, 0)"
251,3,"(-1, 0)","(2, 3)","(0, 1)",,"(3, 1)","(0, -1)",onion,"(4, 1):soup('onion', 1, 0)","(3, 0):empty;(4, 1):soup('onion', 1, 0)",120.0,105.0,5,interact,3.3528,0.0,3.0,0.35279999999999995,120.0,108.0,False,"(1, 3)",,"(3, 1)",,"(3, 0):soup('onion', 1, 0);(4, 1):soup('onion', 1, 0)","(3, 0):soup('onion', 1, 0);(4, 1):soup('onion', 1, 0)"
252,5,interact,"(1, 3)","(-1, 0)",,"(3, 1)","(0, -1)",,"(3, 0):soup('onion', 1, 0);(4, 1):soup('onion', 1, 0)","(3, 0):soup('onion', 1, 0);(4, 1):soup('onion', 1, 0)",120.0,108.0,3,"(-1, 0)",-0.007200000000000006,0.0,0.0,-0.007200000000000006,120.0,108.0,False,"(1, 3)",onion,"(2, 1)",,"(3, 0):soup('onion', 1, 0);(4, 1):soup('onion', 1, 0)","(3, 0):soup('onion', 1, 0);(4, 1):soup('onion', 1, 0)"
253,2,"(1, 0)","(1, 3)","(-1, 0)",onion,"(2, 1)","(-1, 0)",,"(3, 0):soup('onion', 1, 0);(4, 1):soup('onion', 1, 0)","(3, 0):soup('onion', 1, 0);(4, 1):soup('onion', 1, 0)",120.0,108.0,3,"(-1, 0)",-0.007200000000000006,0.0,0.0,-0.007200000000000006,120.0,108.0,False,"(2, 3)",onion,"(1, 1)",,"(3, 0):soup('onion', 1, 0);(4, 1):soup('onion', 1, 0)","(3, 0):soup('onion', 1, 0);(4, 1):soup('onion', 1, 0)"
254,2,"(1, 0)","(2, 3)","(1, 0)",onion,"(1, 1)","(-1, 0)",,"(3, 0):soup('onion', 1, 0);(4, 1):soup('onion', 1, 0)","(3, 0):soup('onion', 1, 0);(4, 1):soup('onion', 1, 0)",120.0,108.0,0,"(0, -1)",-0.007200000000000006,0.0,0.0,-0.007200000000000006,120.0,108.0,False,"(3, 3)",onion,"(1, 1)",,"(3, 0):soup('onion', 1, 0);(4, 1):soup('onion', 1, 0)","(3, 0):soup('onion', 1, 0);(4, 1):soup('onion', 1, 0)"
255,0,"(0, -1)","(3, 3)","(1, 0)",onion,"(1, 1)","(0, -1)",,"(3, 0):soup('onion', 1, 0);(4, 1):soup('onion', 1, 0)","(3, 0):soup('onion', 1, 0);(4, 1):soup('onion', 1, 0)",120.0,108.0,1,"(0, 1)",-0.007200000000000006,0.0,0.0,-0.007200000000000006,120.0,108.0,False,"(3, 2)",onion,"(1, 2)",,"(3, 0):soup('onion', 1, 0);(4, 1):soup('onion', 1, 0)","(3, 0):soup('onion', 1, 0);(4, 1):soup('onion', 1, 0)"
256,0,"(0, -1)","(3, 2)","(0, -1)",onion,"(1, 2)","(0, 1)",,"(3, 0):soup('onion', 1, 0);(4, 1):soup('onion', 1, 0)","(3, 0):soup('onion', 1, 0);(4, 1):soup('onion', 1, 0)",120.0,108.0,0,"(0, -1)",-0.007200000000000006,0.0,0.0,-0.007200000000000006,120.0,108.0,False,"(3, 1)",onion,"(1, 1)",,"(3, 0):soup('onion', 1, 0);(4, 1):soup('onion', 1, 0)","(3, 0):soup('onion', 1, 0);(4, 1):soup('onion', 1, 0)"
257,5,interact,"(3, 1)","(0, -1)",onion,"(1, 1)","(0, -1)",,"(3, 0):soup('onion', 1, 0);(4, 1):soup('onion', 1, 0)","(3, 0):soup('onion', 1, 0);(4, 1):soup('onion', 1, 0)",120.0,108.0,1,"(0, 1)",3.3491999999999997,0.0,3.0,0.3491999999999999,120.0,111.0,False,"(3, 1)",,"(1, 2)",,"(3, 0):soup('onion', 2, 0);(4, 1):soup('onion', 1, 0)","(3, 0):soup('onion', 2, 0);(4, 1):soup('onion', 1, 0)"
258,3,"(-1, 0)","(3, 1)","(0, -1)",,"(1, 2)","(0, 1)",,"(3, 0):soup('onion', 2, 0);(4, 1):soup('onion', 1, 0)","(3, 0):soup('onion', 2, 0);(4, 1):soup('onion', 1, 0)",120.0,111.0,1,"(0, 1)",-0.01080000000000001,0.0,0.0,-0.01080000000000001,120.0,111.0,False,"(2, 1)",,"(1, 3)",,"(3, 0):soup('onion', 2, 0);(4, 1):soup('onion', 1, 0)","(3, 0):soup('onion', 2, 0);(4, 1):soup('onion', 1, 0)"
259,3,"(-1, 0)","(2, 1)","(-1, 0)",,"(1, 3)","(0, 1)",,"(3, 0):soup('onion', 2, 0);(4, 1):soup('onion', 1, 0)","(3, 0):soup('onion', 2, 0);(4, 1):soup('onion', 1, 0)",120.0,111.0,5,interact,-0.01080000000000001,0.0,0.0,-0.01080000000000001,120.0,111.0,False,"(1, 1)",,"(1, 3)",onion,"(3, 0):soup('onion', 2, 0);(4, 1):soup('onion', 1, 0)","(3, 0):soup('onion', 2, 0);(4, 1):soup('onion', 1, 0)"
260,3,"(-1, 0)","(1, 1)","(-1, 0)",,"(1, 3)","(0, 1)",onion,"(3, 0):soup('onion', 2, 0);(4, 1):soup('onion', 1, 0)","(3, 0):soup('onion', 2, 0);(4, 1):soup('onion', 1, 0)",120.0,111.0,2,"(1, 0)",-0.01080000000000001,0.0,0.0,-0.01080000000000001,120.0,111.0,False,"(1, 1)",,"(2, 3)",onion,"(3, 0):soup('onion', 2, 0);(4, 1):soup('onion', 1, 0)","(3, 0):soup('onion', 2, 0);(4, 1):soup('onion', 1, 0)"
261,1,"(0, 1)","(1, 1)","(-1, 0)",,"(2, 3)","(1, 0)",onion,"(3, 0):soup('onion', 2, 0);(4, 1):soup('onion', 1, 0)","(3, 0):soup('onion', 2, 0);(4, 1):soup('onion', 1, 0)",120.0,111.0,2,"(1, 0)",-0.01080000000000001,0.0,0.0,-0.01080000000000001,120.0,111.0,False,"(1, 2)",,"(3, 3)",onion,"(3, 0):soup('onion', 2, 0);(4, 1):soup('onion', 1, 0)","(3, 0):soup('onion', 2, 0);(4, 1):soup('onion', 1, 0)"
262,3,"(-1, 0)","(1, 2)","(0, 1)",,"(3, 3)","(1, 0)",onion,"(3, 0):soup('onion', 2, 0);(4, 1):soup('onion', 1, 0)","(3, 0):soup('onion', 2, 0);(4, 1):soup('onion', 1, 0)",120.0,111.0,0,"(0, -1)",-0.01080000000000001,0.0,0.0,-0.01080000000000001,120.0,111.0,False,"(1, 2)",,"(3, 2)",onion,"(3, 0):soup('onion', 2, 0);(4, 1):soup('onion', 1, 0)","(3, 0):soup('onion', 2, 0);(4, 1):soup('onion', 1, 0)"
263,5,interact,"(1, 2)","(-1, 0)",,"(3, 2)","(0, -1)",onion,"(3, 0):soup('onion', 2, 0);(4, 1):soup('onion', 1, 0)","(3, 0):soup('onion', 2, 0);(4, 1):soup('onion', 1, 0)",120.0,111.0,0,"(0, -1)",2.9892,0.0,3.0,-0.01080000000000001,120.0,114.0,False,"(1, 2)",dish,"(3, 1)",onion,"(3, 0):soup('onion', 2, 0);(4, 1):soup('onion', 1, 0)","(3, 0):soup('onion', 2, 0);(4, 1):soup('onion', 1, 0)"
264,5,interact,"(1, 2)","(-1, 0)",dish,"(3, 1)","(0, -1)",onion,"(3, 0):soup('onion', 2, 0);(4, 1):soup('onion', 1, 0)","(3, 0):soup('onion', 2, 0);(4, 1):soup('onion', 1, 0)",120.0,114.0,5,interact,3.4644,0.0,3.0,0.4644,120.0,117.0,False,"(1, 2)",dish,"(3, 1)",,"(3, 0):soup('onion', 3, 1);(4, 1):soup('onion', 1, 0)","(3, 0):soup('onion', 3, 1);(4, 1):soup('onion', 1, 0)"
265,1,"(0, 1)","(1, 2)","(-1, 0)",dish,"(3, 1)","(0, -1)",,"(3, 0):soup('onion', 3, 1);(4, 1):soup('onion', 1, 0)","(3, 0):soup('onion', 3, 1);(4, 1):soup('onion', 1, 0)",120.0,117.0,2,"(1, 0)",-0.015600000000000147,0.0,0.0,-0.015600000000000147,120.0,117.0,False,"(1, 3)",dish,"(3, 1)",,"(3, 0):soup('onion', 3, 2);(4, 1):soup('onion', 1, 0)","(3, 0):soup('onion', 3, 2);(4, 1):soup('onion', 1, 0)"
266,2,"(1, 0)","(1, 3)","(0, 1)",dish,"(3, 1)","(1, 0)",,"(3, 0):soup('onion', 3, 2);(4, 1):soup('onion', 1, 0)","(3, 0):soup('onion', 3, 2);(4, 1):soup('onion', 1, 0)",120.0,117.0,3,"(-1, 0)",-0.015600000000000147,0.0,0.0,-0.015600000000000147,120.0,117.0,False,"(2, 3)",dish,"(2, 1)",,"(3, 0):soup('onion', 3, 3);(4, 1):soup('onion', 1, 0)","(3, 0):soup('onion', 3, 3);(4, 1):soup('onion', 1, 0)"
267,2,"(1, 0)","(2, 3)","(1, 0)",dish,"(2, 1)","(-1, 0)",,"(3, 0):soup('onion', 3, 3);(4, 1):soup('onion', 1, 0)","(3, 0):soup('onion', 3, 3);(4, 1):soup('onion', 1, 0)",120.0,117.0,3,"(-1, 0)",-0.015600000000000147,0.0,0.0,-0.015600000000000147,120.0,117.0,False,"(3, 3)",dish,"(1, 1)",,"(3, 0):soup('onion', 3, 4);(4, 1):soup('onion', 1, 0)","(3, 0):soup('onion', 3, 4);(4, 1):soup('onion', 1, 0)"
268,0,"(0, -1)","(3, 3)","(1, 0)",dish,"(1, 1)","(-1, 0)",,"(3, 0):soup('onion', 3, 4);(4, 1):soup('onion', 1, 0)","(3, 0):soup('onion', 3, 4);(4, 1):soup('onion', 1, 0)",120.0,117.0,3,"(-1, 0)",-0.015600000000000147,0.0,0.0,-0.015600000000000147,120.0,117.0,False,"(3, 2)",dish,"(1, 1)",,"(3, 0):soup('onion', 3, 5);(4, 1):soup('onion', 1, 0)","(3, 0):soup('onion', 3, 5);(4, 1):soup('onion', 1, 0)"
269,0,"(0, -1)","(3, 2)","(0, -1)",dish,"(1, 1)","(-1, 0)",,"(3, 0):soup('onion', 3, 5);(4, 1):soup('onion', 1, 0)","(3, 0):soup('onion', 3, 5);(4, 1):soup('onion', 1, 0)",120.0,117.0,1,"(0, 1)",-0.015600000000000147,0.0,0.0,-0.015600000000000147,120.0,117.0,False,"(3, 1)",dish,"(1, 2)",,"(3, 0):soup('onion', 3, 6);(4, 1):soup('onion', 1, 0)","(3, 0):soup('onion', 3, 6);(4, 1):soup('onion', 1, 0)"
270,5,interact,"(3, 1)","(0, -1)",dish,"(1, 2)","(0, 1)",,"(3, 0):soup('onion', 3, 6);(4, 1):soup('onion', 1, 0)","(3, 0):soup('onion', 3, 6);(4, 1):soup('onion', 1, 0)",120.0,117.0,1,"(0, 1)",-0.015600000000000147,0.0,0.0,-0.015600000000000147,120.0,117.0,False,"(3, 1)",dish,"(1, 3)",,"(3, 0):soup('onion', 3, 7);(4, 1):soup('onion', 1, 0)","(3, 0):soup('onion', 3, 7);(4, 1):soup('onion', 1, 0)"
271,5,interact,"(3, 1)","(0, -1)",dish,"(1, 3)","(0, 1)",,"(3, 0):soup('onion', 3, 7);(4, 1):soup('onion', 1, 0)","(3, 0):soup('onion', 3, 7);(4, 1):soup('onion', 1, 0)",120.0,117.0,5,interact,-0.015600000000000147,0.0,0.0,-0.015600000000000147,120.0,117.0,False,"(3, 1)",dish,"(1, 3)",onion,"(3, 0):soup('onion', 3, 8);(4, 1):soup('onion', 1, 0)","(3, 0):soup('onion', 3, 8);(4, 1):soup('onion', 1, 0)"
272,5,interact,"(3, 1)","(0, -1)",dish,"(1, 3)","(0, 1)",onion,"(3, 0):soup('onion', 3, 8);(4, 1):soup('onion', 1, 0)","(3, 0):soup('onion', 3, 8);(4, 1):soup('onion', 1, 0)",120.0,117.0,0,"(0, -1)",-0.015600000000000147,0.0,0.0,-0.015600000000000147,120.0,117.0,False,"(3, 1)",dish,"(1, 2)",onion,"(3, 0):soup('onion', 3, 9);(4, 1):soup('onion', 1, 0)","(3, 0):soup('onion', 3, 9);(4, 1):soup('onion', 1, 0)"
273,5,interact,"(3, 1)","(0, -1)",dish,"(1, 2)","(0, -1)",onion,"(3, 0):soup('onion', 3, 9);(4, 1):soup('onion', 1, 0)","(3, 0):soup('onion', 3, 9);(4, 1):soup('onion', 1, 0)",120.0,117.0,1,"(0, 1)",-0.015600000000000147,0.0,0.0,-0.015600000000000147,120.0,117.0,False,"(3, 1)",dish,"(1, 3)",onion,"(3, 0):soup('onion', 3, 10);(4, 1):soup('onion', 1, 0)","(3, 0):soup('onion', 3, 10);(4, 1):soup('onion', 1, 0)"
274,5,interact,"(3, 1)","(0, -1)",dish,"(1, 3)","(0, 1)",onion,"(3, 0):soup('onion', 3, 10);(4, 1):soup('onion', 1, 0)","(3, 0):soup('onion', 3, 10);(4, 1):soup('onion', 1, 0)",120.0,117.0,0,"(0, -1)",-0.015600000000000147,0.0,0.0,-0.015600000000000147,120.0,117.0,False,"(3, 1)",dish,"(1, 2)",onion,"(3, 0):soup('onion', 3, 11);(4, 1):soup('onion', 1, 0)","(3, 0):soup('onion', 3, 11);(4, 1):soup('onion', 1, 0)"
275,5,interact,"(3, 1)","(0, -1)",dish,"(1, 2)","(0, -1)",onion,"(3, 0):soup('onion', 3, 11);(4, 1):soup('onion', 1, 0)","(3, 0):soup('onion', 3, 11);(4, 1):soup('onion', 1, 0)",120.0,117.0,1,"(0, 1)",-0.015600000000000147,0.0,0.0,-0.015600000000000147,120.0,117.0,False,"(3, 1)",dish,"(1, 3)",onion,"(3, 0):soup('onion', 3, 12);(4, 1):soup('onion', 1, 0)","(3, 0):soup('onion', 3, 12);(4, 1):soup('onion', 1, 0)"
276,5,interact,"(3, 1)","(0, -1)",dish,"(1, 3)","(0, 1)",onion,"(3, 0):soup('onion', 3, 12);(4, 1):soup('onion', 1, 0)","(3, 0):soup('onion', 3, 12);(4, 1):soup('onion', 1, 0)",120.0,117.0,0,"(0, -1)",-0.015600000000000147,0.0,0.0,-0.015600000000000147,120.0,117.0,False,"(3, 1)",dish,"(1, 2)",onion,"(3, 0):soup('onion', 3, 13);(4, 1):soup('onion', 1, 0)","(3, 0):soup('onion', 3, 13);(4, 1):soup('onion', 1, 0)"
277,5,interact,"(3, 1)","(0, -1)",dish,"(1, 2)","(0, -1)",onion,"(3, 0):soup('onion', 3, 13);(4, 1):soup('onion', 1, 0)","(3, 0):soup('onion', 3, 13);(4, 1):soup('onion', 1, 0)",120.0,117.0,1,"(0, 1)",-0.015600000000000147,0.0,0.0,-0.015600000000000147,120.0,117.0,False,"(3, 1)",dish,"(1, 3)",onion,"(3, 0):soup('onion', 3, 14);(4, 1):soup('onion', 1, 0)","(3, 0):soup('onion', 3, 14);(4, 1):soup('onion', 1, 0)"
278,5,interact,"(3, 1)","(0, -1)",dish,"(1, 3)","(0, 1)",onion,"(3, 0):soup('onion', 3, 14);(4, 1):soup('onion', 1, 0)","(3, 0):soup('onion', 3, 14);(4, 1):soup('onion', 1, 0)",120.0,117.0,0,"(0, -1)",-0.015600000000000147,0.0,0.0,-0.015600000000000147,120.0,117.0,False,"(3, 1)",dish,"(1, 2)",onion,"(3, 0):soup('onion', 3, 15);(4, 1):soup('onion', 1, 0)","(3, 0):soup('onion', 3, 15);(4, 1):soup('onion', 1, 0)"
279,5,interact,"(3, 1)","(0, -1)",dish,"(1, 2)","(0, -1)",onion,"(3, 0):soup('onion', 3, 15);(4, 1):soup('onion', 1, 0)","(3, 0):soup('onion', 3, 15);(4, 1):soup('onion', 1, 0)",120.0,117.0,1,"(0, 1)",-0.015600000000000147,0.0,0.0,-0.015600000000000147,120.0,117.0,False,"(3, 1)",dish,"(1, 3)",onion,"(3, 0):soup('onion', 3, 16);(4, 1):soup('onion', 1, 0)","(3, 0):soup('onion', 3, 16);(4, 1):soup('onion', 1, 0)"
280,5,interact,"(3, 1)","(0, -1)",dish,"(1, 3)","(0, 1)",onion,"(3, 0):soup('onion', 3, 16);(4, 1):soup('onion', 1, 0)","(3, 0):soup('onion', 3, 16);(4, 1):soup('onion', 1, 0)",120.0,117.0,0,"(0, -1)",-0.015600000000000147,0.0,0.0,-0.015600000000000147,120.0,117.0,False,"(3, 1)",dish,"(1, 2)",onion,"(3, 0):soup('onion', 3, 17);(4, 1):soup('onion', 1, 0)","(3, 0):soup('onion', 3, 17);(4, 1):soup('onion', 1, 0)"
281,5,interact,"(3, 1)","(0, -1)",dish,"(1, 2)","(0, -1)",onion,"(3, 0):soup('onion', 3, 17);(4, 1):soup('onion', 1, 0)","(3, 0):soup('onion', 3, 17);(4, 1):soup('onion', 1, 0)",120.0,117.0,1,"(0, 1)",-0.015600000000000147,0.0,0.0,-0.015600000000000147,120.0,117.0,False,"(3, 1)",dish,"(1, 3)",onion,"(3, 0):soup('onion', 3, 18);(4, 1):soup('onion', 1, 0)","(3, 0):soup('onion', 3, 18);(4, 1):soup('onion', 1, 0)"
282,5,interact,"(3, 1)","(0, -1)",dish,"(1, 3)","(0, 1)",onion,"(3, 0):soup('onion', 3, 18);(4, 1):soup('onion', 1, 0)","(3, 0):soup('onion', 3, 18);(4, 1):soup('onion', 1, 0)",120.0,117.0,0,"(0, -1)",-0.015600000000000147,0.0,0.0,-0.015600000000000147,120.0,117.0,False,"(3, 1)",dish,"(1, 2)",onion,"(3, 0):soup('onion', 3, 19);(4, 1):soup('onion', 1, 0)","(3, 0):soup('onion', 3, 19);(4, 1):soup('onion', 1, 0)"
283,5,interact,"(3, 1)","(0, -1)",dish,"(1, 2)","(0, -1)",onion,"(3, 0):soup('onion', 3, 19);(4, 1):soup('onion', 1, 0)","(3, 0):soup('onion', 3, 19);(4, 1):soup('onion', 1, 0)",120.0,117.0,1,"(0, 1)",0.5783999999999999,0.0,0.0,0.5783999999999999,120.0,117.0,False,"(3, 1)",dish,"(1, 3)",onion,"(3, 0):soup('onion', 3, 20);(4, 1):soup('onion', 1, 0)","(3, 0):soup('onion', 3, 20);(4, 1):soup('onion', 1, 0)"
284,5,interact,"(3, 1)","(0, -1)",dish,"(1, 3)","(0, 1)",onion,"(3, 0):soup('onion', 3, 20);(4, 1):soup('onion', 1, 0)","(3, 0):soup('onion', 3, 20);(4, 1):soup('onion', 1, 0)",120.0,117.0,5,interact,5.3347999999999995,0.0,5.0,0.3347999999999996,120.0,122.0,False,"(3, 1)","soup('onion', 3, 20)","(1, 3)",onion,"(4, 1):soup('onion', 1, 0)","(3, 0):empty;(4, 1):soup('onion', 1, 0)"
285,3,"(-1, 0)","(3, 1)","(0, -1)","soup('onion', 3, 20)","(1, 3)","(0, 1)",onion,"(4, 1):soup('onion', 1, 0)","(3, 0):empty;(4, 1):soup('onion', 1, 0)",120.0,122.0,5,interact,0.03420000000000023,0.0,0.0,0.03420000000000023,120.0,122.0,False,"(2, 1)","soup('onion', 3, 20)","(1, 3)",onion,"(4, 1):soup('onion', 1, 0)","(3, 0):empty;(4, 1):soup('onion', 1, 0)"
286,3,"(-1, 0)","(2, 1)","(-1, 0)","soup('onion', 3, 20)","(1, 3)","(0, 1)",onion,"(4, 1):soup('onion', 1, 0)","(3, 0):empty;(4, 1):soup('onion', 1, 0)",120.0,122.0,2,"(1, 0)",-0.0852000000000002,0.0,0.0,-0.0852000000000002,120.0,122.0,False,"(1, 1)","soup('onion', 3, 20)","(2, 3)",onion,"(4, 1):soup('onion', 1, 0)","(3, 0):empty;(4, 1):soup('onion', 1, 0)"
287,1,"(0, 1)","(1, 1)","(-1, 0)","soup('onion', 3, 20)","(2, 3)","(1, 0)",onion,"(4, 1):soup('onion', 1, 0)","(3, 0):empty;(4, 1):soup('onion', 1, 0)",120.0,122.0,2,"(1, 0)",0.03420000000000023,0.0,0.0,0.03420000000000023,120.0,122.0,False,"(1, 2)","soup('onion', 3, 20)","(3, 3)",onion,"(4, 1):soup('onion', 1, 0)","(3, 0):empty;(4, 1):soup('onion', 1, 0)"
288,1,"(0, 1)","(1, 2)","(0, 1)","soup('onion', 3, 20)","(3, 3)","(1, 0)",onion,"(4, 1):soup('onion', 1, 0)","(3, 0):empty;(4, 1):soup('onion', 1, 0)",120.0,122.0,0,"(0, -1)",0.033600000000000026,0.0,0.0,0.033600000000000026,120.0,122.0,False,"(1, 3)","soup('onion', 3, 20)","(3, 2)",onion,"(4, 1):soup('onion', 1, 0)","(3, 0):empty;(4, 1):soup('onion', 1, 0)"
289,2,"(1, 0)","(1, 3)","(0, 1)","soup('onion', 3, 20)","(3, 2)","(0, -1)",onion,"(4, 1):soup('onion', 1, 0)","(3, 0):empty;(4, 1):soup('onion', 1, 0)",120.0,122.0,0,"(0, -1)",0.03300000000000036,0.0,0.0,0.03300000000000036,120.0,122.0,False,"(2, 3)","soup('onion', 3, 20)","(3, 1)",onion,"(4, 1):soup('onion', 1, 0)","(3, 0):empty;(4, 1):soup('onion', 1, 0)"
290,1,"(0, 1)","(2, 3)","(1, 0)","soup('onion', 3, 20)","(3, 1)","(0, -1)",onion,"(4, 1):soup('onion', 1, 0)","(3, 0):empty;(4, 1):soup('onion', 1, 0)",120.0,122.0,0,"(0, -1)",-0.06264000000000003,0.0,0.0,-0.06264000000000003,120.0,122.0,False,"(2, 3)","soup('onion', 3, 20)","(3, 1)",onion,"(4, 1):soup('onion', 1, 0)","(3, 0):empty;(4, 1):soup('onion', 1, 0)"
291,5,interact,"(2, 3)","(0, 1)","soup('onion', 3, 20)","(3, 1)","(0, -1)",onion,"(4, 1):soup('onion', 1, 0)","(3, 0):empty;(4, 1):soup('onion', 1, 0)",120.0,122.0,0,"(0, -1)",17.6924,20.0,0.0,-2.3076000000000003,140.0,122.0,True,"(2, 3)",,"(3, 1)",onion,"(4, 1):soup('onion', 1, 0)","(3, 0):empty;(4, 1):soup('onion', 1, 0)"
292,3,"(-1, 0)","(2, 3)","(0, 1)",,"(3, 1)","(0, -1)",onion,"(4, 1):soup('onion', 1, 0)","(3, 0):empty;(4, 1):soup('onion', 1, 0)",140.0,122.0,5,interact,3.3528,0.0,3.0,0.35279999999999995,140.0,125.0,False,"(1, 3)",,"(3, 1)",,"(3, 0):soup('onion', 1, 0);(4, 1):soup('onion', 1, 0)","(3, 0):soup('onion', 1, 0);(4, 1):soup('onion', 1, 0)"
293,5,interact,"(1, 3)","(-1, 0)",,"(3, 1)","(0, -1)",,"(3, 0):soup('onion', 1, 0);(4, 1):soup('onion', 1, 0)","(3, 0):soup('onion', 1, 0);(4, 1):soup('onion', 1, 0)",140.0,125.0,3,"(-1, 0)",-0.007200000000000006,0.0,0.0,-0.007200000000000006,140.0,125.0,False,"(1, 3)",onion,"(2, 1)",,"(3, 0):soup('onion', 1, 0);(4, 1):soup('onion', 1, 0)","(3, 0):soup('onion', 1, 0);(4, 1):soup('onion', 1, 0)"
294,2,"(1, 0)","(1, 3)","(-1, 0)",onion,"(2, 1)","(-1, 0)",,"(3, 0):soup('onion', 1, 0);(4, 1):soup('onion', 1, 0)","(3, 0):soup('onion', 1, 0);(4, 1):soup('onion', 1, 0)",140.0,125.0,3,"(-1, 0)",-0.007200000000000006,0.0,0.0,-0.007200000000000006,140.0,125.0,False,"(2, 3)",onion,"(1, 1)",,"(3, 0):soup('onion', 1, 0);(4, 1):soup('onion', 1, 0)","(3, 0):soup('onion', 1, 0);(4, 1):soup('onion', 1, 0)"
295,2,"(1, 0)","(2, 3)","(1, 0)",onion,"(1, 1)","(-1, 0)",,"(3, 0):soup('onion', 1, 0);(4, 1):soup('onion', 1, 0)","(3, 0):soup('onion', 1, 0);(4, 1):soup('onion', 1, 0)",140.0,125.0,0,"(0, -1)",-0.007200000000000006,0.0,0.0,-0.007200000000000006,140.0,125.0,False,"(3, 3)",onion,"(1, 1)",,"(3, 0):soup('onion', 1, 0);(4, 1):soup('onion', 1, 0)","(3, 0):soup('onion', 1, 0);(4, 1):soup('onion', 1, 0)"
296,0,"(0, -1)","(3, 3)","(1, 0)",onion,"(1, 1)","(0, -1)",,"(3, 0):soup('onion', 1, 0);(4, 1):soup('onion', 1, 0)","(3, 0):soup('onion', 1, 0);(4, 1):soup('onion', 1, 0)",140.0,125.0,1,"(0, 1)",-0.007200000000000006,0.0,0.0,-0.007200000000000006,140.0,125.0,False,"(3, 2)",onion,"(1, 2)",,"(3, 0):soup('onion', 1, 0);(4, 1):soup('onion', 1, 0)","(3, 0):soup('onion', 1, 0);(4, 1):soup('onion', 1, 0)"
297,0,"(0, -1)","(3, 2)","(0, -1)",onion,"(1, 2)","(0, 1)",,"(3, 0):soup('onion', 1, 0);(4, 1):soup('onion', 1, 0)","(3, 0):soup('onion', 1, 0);(4, 1):soup('onion', 1, 0)",140.0,125.0,0,"(0, -1)",-0.007200000000000006,0.0,0.0,-0.007200000000000006,140.0,125.0,False,"(3, 1)",onion,"(1, 1)",,"(3, 0):soup('onion', 1, 0);(4, 1):soup('onion', 1, 0)","(3, 0):soup('onion', 1, 0);(4, 1):soup('onion', 1, 0)"
298,5,interact,"(3, 1)","(0, -1)",onion,"(1, 1)","(0, -1)",,"(3, 0):soup('onion', 1, 0);(4, 1):soup('onion', 1, 0)","(3, 0):soup('onion', 1, 0);(4, 1):soup('onion', 1, 0)",140.0,125.0,1,"(0, 1)",3.3491999999999997,0.0,3.0,0.3491999999999999,140.0,128.0,False,"(3, 1)",,"(1, 2)",,"(3, 0):soup('onion', 2, 0);(4, 1):soup('onion', 1, 0)","(3, 0):soup('onion', 2, 0);(4, 1):soup('onion', 1, 0)"
299,3,"(-1, 0)","(3, 1)","(0, -1)",,"(1, 2)","(0, 1)",,"(3, 0):soup('onion', 2, 0);(4, 1):soup('onion', 1, 0)","(3, 0):soup('onion', 2, 0);(4, 1):soup('onion', 1, 0)",140.0,128.0,1,"(0, 1)",-0.01080000000000001,0.0,0.0,-0.01080000000000001,140.0,128.0,False,"(2, 1)",,"(1, 3)",,"(3, 0):soup('onion', 2, 0);(4, 1):soup('onion', 1, 0)","(3, 0):soup('onion', 2, 0);(4, 1):soup('onion', 1, 0)"
300,3,"(-1, 0)","(2, 1)","(-1, 0)",,"(1, 3)","(0, 1)",,"(3, 0):soup('onion', 2, 0);(4, 1):soup('onion', 1, 0)","(3, 0):soup('onion', 2, 0);(4, 1):soup('onion', 1, 0)",140.0,128.0,5,interact,-0.01080000000000001,0.0,0.0,-0.01080000000000001,140.0,128.0,False,"(1, 1)",,"(1, 3)",onion,"(3, 0):soup('onion', 2, 0);(4, 1):soup('onion', 1, 0)","(3, 0):soup('onion', 2, 0);(4, 1):soup('onion', 1, 0)"
301,3,"(-1, 0)","(1, 1)","(-1, 0)",,"(1, 3)","(0, 1)",onion,"(3, 0):soup('onion', 2, 0);(4, 1):soup('onion', 1, 0)","(3, 0):soup('onion', 2, 0);(4, 1):soup('onion', 1, 0)",140.0,128.0,2,"(1, 0)",-0.01080000000000001,0.0,0.0,-0.01080000000000001,140.0,128.0,False,"(1, 1)",,"(2, 3)",onion,"(3, 0):soup('onion', 2, 0);(4, 1):soup('onion', 1, 0)","(3, 0):soup('onion', 2, 0);(4, 1):soup('onion', 1, 0)"
302,1,"(0, 1)","(1, 1)","(-1, 0)",,"(2, 3)","(1, 0)",onion,"(3, 0):soup('onion', 2, 0);(4, 1):soup('onion', 1, 0)","(3, 0):soup('onion', 2, 0);(4, 1):soup('onion', 1, 0)",140.0,128.0,2,"(1, 0)",-0.01080000000000001,0.0,0.0,-0.01080000000000001,140.0,128.0,False,"(1, 2)",,"(3, 3)",onion,"(3, 0):soup('onion', 2, 0);(4, 1):soup('onion', 1, 0)","(3, 0):soup('onion', 2, 0);(4, 1):soup('onion', 1, 0)"
303,3,"(-1, 0)","(1, 2)","(0, 1)",,"(3, 3)","(1, 0)",onion,"(3, 0):soup('onion', 2, 0);(4, 1):soup('onion', 1, 0)","(3, 0):soup('onion', 2, 0);(4, 1):soup('onion', 1, 0)",140.0,128.0,0,"(0, -1)",-0.01080000000000001,0.0,0.0,-0.01080000000000001,140.0,128.0,False,"(1, 2)",,"(3, 2)",onion,"(3, 0):soup('onion', 2, 0);(4, 1):soup('onion', 1, 0)","(3, 0):soup('onion', 2, 0);(4, 1):soup('onion', 1, 0)"
304,5,interact,"(1, 2)","(-1, 0)",,"(3, 2)","(0, -1)",onion,"(3, 0):soup('onion', 2, 0);(4, 1):soup('onion', 1, 0)","(3, 0):soup('onion', 2, 0);(4, 1):soup('onion', 1, 0)",140.0,128.0,0,"(0, -1)",2.9892,0.0,3.0,-0.01080000000000001,140.0,131.0,False,"(1, 2)",dish,"(3, 1)",onion,"(3, 0):soup('onion', 2, 0);(4, 1):soup('onion', 1, 0)","(3, 0):soup('onion', 2, 0);(4, 1):soup('onion', 1, 0)"
305,5,interact,"(1, 2)","(-1, 0)",dish,"(3, 1)","(0, -1)",onion,"(3, 0):soup('onion', 2, 0);(4, 1):soup('onion', 1, 0)","(3, 0):soup('onion', 2, 0);(4, 1):soup('onion', 1, 0)",140.0,131.0,5,interact,3.4644,0.0,3.0,0.4644,140.0,134.0,False,"(1, 2)",dish,"(3, 1)",,"(3, 0):soup('onion', 3, 1);(4, 1):soup('onion', 1, 0)","(3, 0):soup('onion', 3, 1);(4, 1):soup('onion', 1, 0)"
306,1,"(0, 1)","(1, 2)","(-1, 0)",dish,"(3, 1)","(0, -1)",,"(3, 0):soup('onion', 3, 1);(4, 1):soup('onion', 1, 0)","(3, 0):soup('onion', 3, 1);(4, 1):soup('onion', 1, 0)",140.0,134.0,2,"(1, 0)",-0.015600000000000147,0.0,0.0,-0.015600000000000147,140.0,134.0,False,"(1, 3)",dish,"(3, 1)",,"(3, 0):soup('onion', 3, 2);(4, 1):soup('onion', 1, 0)","(3, 0):soup('onion', 3, 2);(4, 1):soup('onion', 1, 0)"
307,2,"(1, 0)","(1, 3)","(0, 1)",dish,"(3, 1)","(1, 0)",,"(3, 0):soup('onion', 3, 2);(4, 1):soup('onion', 1, 0)","(3, 0):soup('onion', 3, 2);(4, 1):soup('onion', 1, 0)",140.0,134.0,3,"(-1, 0)",-0.015600000000000147,0.0,0.0,-0.015600000000000147,140.0,134.0,False,"(2, 3)",dish,"(2, 1)",,"(3, 0):soup('onion', 3, 3);(4, 1):soup('onion', 1, 0)","(3, 0):soup('onion', 3, 3);(4, 1):soup('onion', 1, 0)"
308,2,"(1, 0)","(2, 3)","(1, 0)",dish,"(2, 1)","(-1, 0)",,"(3, 0):soup('onion', 3, 3);(4, 1):soup('onion', 1, 0)","(3, 0):soup('onion', 3, 3);(4, 1):soup('onion', 1, 0)",140.0,134.0,3,"(-1, 0)",-0.015600000000000147,0.0,0.0,-0.015600000000000147,140.0,134.0,False,"(3, 3)",dish,"(1, 1)",,"(3, 0):soup('onion', 3, 4);(4, 1):soup('onion', 1, 0)","(3, 0):soup('onion', 3, 4);(4, 1):soup('onion', 1, 0)"
309,0,"(0, -1)","(3, 3)","(1, 0)",dish,"(1, 1)","(-1, 0)",,"(3, 0):soup('onion', 3, 4);(4, 1):soup('onion', 1, 0)","(3, 0):soup('onion', 3, 4);(4, 1):soup('onion', 1, 0)",140.0,134.0,3,"(-1, 0)",-0.015600000000000147,0.0,0.0,-0.015600000000000147,140.0,134.0,False,"(3, 2)",dish,"(1, 1)",,"(3, 0):soup('onion', 3, 5);(4, 1):soup('onion', 1, 0)","(3, 0):soup('onion', 3, 5);(4, 1):soup('onion', 1, 0)"
310,0,"(0, -1)","(3, 2)","(0, -1)",dish,"(1, 1)","(-1, 0)",,"(3, 0):soup('onion', 3, 5);(4, 1):soup('onion', 1, 0)","(3, 0):soup('onion', 3, 5);(4, 1):soup('onion', 1, 0)",140.0,134.0,1,"(0, 1)",-0.015600000000000147,0.0,0.0,-0.015600000000000147,140.0,134.0,False,"(3, 1)",dish,"(1, 2)",,"(3, 0):soup('onion', 3, 6);(4, 1):soup('onion', 1, 0)","(3, 0):soup('onion', 3, 6);(4, 1):soup('onion', 1, 0)"
311,5,interact,"(3, 1)","(0, -1)",dish,"(1, 2)","(0, 1)",,"(3, 0):soup('onion', 3, 6);(4, 1):soup('onion', 1, 0)","(3, 0):soup('onion', 3, 6);(4, 1):soup('onion', 1, 0)",140.0,134.0,1,"(0, 1)",-0.015600000000000147,0.0,0.0,-0.015600000000000147,140.0,134.0,False,"(3, 1)",dish,"(1, 3)",,"(3, 0):soup('onion', 3, 7);(4, 1):soup('onion', 1, 0)","(3, 0):soup('onion', 3, 7);(4, 1):soup('onion', 1, 0)"
312,5,interact,"(3, 1)","(0, -1)",dish,"(1, 3)","(0, 1)",,"(3, 0):soup('onion', 3, 7);(4, 1):soup('onion', 1, 0)","(3, 0):soup('onion', 3, 7);(4, 1):soup('onion', 1, 0)",140.0,134.0,5,interact,-0.015600000000000147,0.0,0.0,-0.015600000000000147,140.0,134.0,False,"(3, 1)",dish,"(1, 3)",onion,"(3, 0):soup('onion', 3, 8);(4, 1):soup('onion', 1, 0)","(3, 0):soup('onion', 3, 8);(4, 1):soup('onion', 1, 0)"
313,5,interact,"(3, 1)","(0, -1)",dish,"(1, 3)","(0, 1)",onion,"(3, 0):soup('onion', 3, 8);(4, 1):soup('onion', 1, 0)","(3, 0):soup('onion', 3, 8);(4, 1):soup('onion', 1, 0)",140.0,134.0,0,"(0, -1)",-0.015600000000000147,0.0,0.0,-0.015600000000000147,140.0,134.0,False,"(3, 1)",dish,"(1, 2)",onion,"(3, 0):soup('onion', 3, 9);(4, 1):soup('onion', 1, 0)","(3, 0):soup('onion', 3, 9);(4, 1):soup('onion', 1, 0)"
314,5,interact,"(3, 1)","(0, -1)",dish,"(1, 2)","(0, -1)",onion,"(3, 0):soup('onion', 3, 9);(4, 1):soup('onion', 1, 0)","(3, 0):soup('onion', 3, 9);(4, 1):soup('onion', 1, 0)",140.0,134.0,1,"(0, 1)",-0.015600000000000147,0.0,0.0,-0.015600000000000147,140.0,134.0,False,"(3, 1)",dish,"(1, 3)",onion,"(3, 0):soup('onion', 3, 10);(4, 1):soup('onion', 1, 0)","(3, 0):soup('onion', 3, 10);(4, 1):soup('onion', 1, 0)"
315,5,interact,"(3, 1)","(0, -1)",dish,"(1, 3)","(0, 1)",onion,"(3, 0):soup('onion', 3, 10);(4, 1):soup('onion', 1, 0)","(3, 0):soup('onion', 3, 10);(4, 1):soup('onion', 1, 0)",140.0,134.0,0,"(0, -1)",-0.015600000000000147,0.0,0.0,-0.015600000000000147,140.0,134.0,False,"(3, 1)",dish,"(1, 2)",onion,"(3, 0):soup('onion', 3, 11);(4, 1):soup('onion', 1, 0)","(3, 0):soup('onion', 3, 11);(4, 1):soup('onion', 1, 0)"
316,5,interact,"(3, 1)","(0, -1)",dish,"(1, 2)","(0, -1)",onion,"(3, 0):soup('onion', 3, 11);(4, 1):soup('onion', 1, 0)","(3, 0):soup('onion', 3, 11);(4, 1):soup('onion', 1, 0)",140.0,134.0,1,"(0, 1)",-0.015600000000000147,0.0,0.0,-0.015600000000000147,140.0,134.0,False,"(3, 1)",dish,"(1, 3)",onion,"(3, 0):soup('onion', 3, 12);(4, 1):soup('onion', 1, 0)","(3, 0):soup('onion', 3, 12);(4, 1):soup('onion', 1, 0)"
317,5,interact,"(3, 1)","(0, -1)",dish,"(1, 3)","(0, 1)",onion,"(3, 0):soup('onion', 3, 12);(4, 1):soup('onion', 1, 0)","(3, 0):soup('onion', 3, 12);(4, 1):soup('onion', 1, 0)",140.0,134.0,0,"(0, -1)",-0.015600000000000147,0.0,0.0,-0.015600000000000147,140.0,134.0,False,"(3, 1)",dish,"(1, 2)",onion,"(3, 0):soup('onion', 3, 13);(4, 1):soup('onion', 1, 0)","(3, 0):soup('onion', 3, 13);(4, 1):soup('onion', 1, 0)"
318,5,interact,"(3, 1)","(0, -1)",dish,"(1, 2)","(0, -1)",onion,"(3, 0):soup('onion', 3, 13);(4, 1):soup('onion', 1, 0)","(3, 0):soup('onion', 3, 13);(4, 1):soup('onion', 1, 0)",140.0,134.0,1,"(0, 1)",-0.015600000000000147,0.0,0.0,-0.015600000000000147,140.0,134.0,False,"(3, 1)",dish,"(1, 3)",onion,"(3, 0):soup('onion', 3, 14);(4, 1):soup('onion', 1, 0)","(3, 0):soup('onion', 3, 14);(4, 1):soup('onion', 1, 0)"
319,5,interact,"(3, 1)","(0, -1)",dish,"(1, 3)","(0, 1)",onion,"(3, 0):soup('onion', 3, 14);(4, 1):soup('onion', 1, 0)","(3, 0):soup('onion', 3, 14);(4, 1):soup('onion', 1, 0)",140.0,134.0,0,"(0, -1)",-0.015600000000000147,0.0,0.0,-0.015600000000000147,140.0,134.0,False,"(3, 1)",dish,"(1, 2)",onion,"(3, 0):soup('onion', 3, 15);(4, 1):soup('onion', 1, 0)","(3, 0):soup('onion', 3, 15);(4, 1):soup('onion', 1, 0)"
320,5,interact,"(3, 1)","(0, -1)",dish,"(1, 2)","(0, -1)",onion,"(3, 0):soup('onion', 3, 15);(4, 1):soup('onion', 1, 0)","(3, 0):soup('onion', 3, 15);(4, 1):soup('onion', 1, 0)",140.0,134.0,1,"(0, 1)",-0.015600000000000147,0.0,0.0,-0.015600000000000147,140.0,134.0,False,"(3, 1)",dish,"(1, 3)",onion,"(3, 0):soup('onion', 3, 16);(4, 1):soup('onion', 1, 0)","(3, 0):soup('onion', 3, 16);(4, 1):soup('onion', 1, 0)"
321,5,interact,"(3, 1)","(0, -1)",dish,"(1, 3)","(0, 1)",onion,"(3, 0):soup('onion', 3, 16);(4, 1):soup('onion', 1, 0)","(3, 0):soup('onion', 3, 16);(4, 1):soup('onion', 1, 0)",140.0,134.0,0,"(0, -1)",-0.015600000000000147,0.0,0.0,-0.015600000000000147,140.0,134.0,False,"(3, 1)",dish,"(1, 2)",onion,"(3, 0):soup('onion', 3, 17);(4, 1):soup('onion', 1, 0)","(3, 0):soup('onion', 3, 17);(4, 1):soup('onion', 1, 0)"
322,5,interact,"(3, 1)","(0, -1)",dish,"(1, 2)","(0, -1)",onion,"(3, 0):soup('onion', 3, 17);(4, 1):soup('onion', 1, 0)","(3, 0):soup('onion', 3, 17);(4, 1):soup('onion', 1, 0)",140.0,134.0,1,"(0, 1)",-0.015600000000000147,0.0,0.0,-0.015600000000000147,140.0,134.0,False,"(3, 1)",dish,"(1, 3)",onion,"(3, 0):soup('onion', 3, 18);(4, 1):soup('onion', 1, 0)","(3, 0):soup('onion', 3, 18);(4, 1):soup('onion', 1, 0)"
323,5,interact,"(3, 1)","(0, -1)",dish,"(1, 3)","(0, 1)",onion,"(3, 0):soup('onion', 3, 18);(4, 1):soup('onion', 1, 0)","(3, 0):soup('onion', 3, 18);(4, 1):soup('onion', 1, 0)",140.0,134.0,0,"(0, -1)",-0.015600000000000147,0.0,0.0,-0.015600000000000147,140.0,134.0,False,"(3, 1)",dish,"(1, 2)",onion,"(3, 0):soup('onion', 3, 19);(4, 1):soup('onion', 1, 0)","(3, 0):soup('onion', 3, 19);(4, 1):soup('onion', 1, 0)"
324,5,interact,"(3, 1)","(0, -1)",dish,"(1, 2)","(0, -1)",onion,"(3, 0):soup('onion', 3, 19);(4, 1):soup('onion', 1, 0)","(3, 0):soup('onion', 3, 19);(4, 1):soup('onion', 1, 0)",140.0,134.0,1,"(0, 1)",0.5783999999999999,0.0,0.0,0.5783999999999999,140.0,134.0,False,"(3, 1)",dish,"(1, 3)",onion,"(3, 0):soup('onion', 3, 20);(4, 1):soup('onion', 1, 0)","(3, 0):soup('onion', 3, 20);(4, 1):soup('onion', 1, 0)"
325,5,interact,"(3, 1)","(0, -1)",dish,"(1, 3)","(0, 1)",onion,"(3, 0):soup('onion', 3, 20);(4, 1):soup('onion', 1, 0)","(3, 0):soup('onion', 3, 20);(4, 1):soup('onion', 1, 0)",140.0,134.0,5,interact,5.3347999999999995,0.0,5.0,0.3347999999999996,140.0,139.0,False,"(3, 1)","soup('onion', 3, 20)","(1, 3)",onion,"(4, 1):soup('onion', 1, 0)","(3, 0):empty;(4, 1):soup('onion', 1, 0)"
326,3,"(-1, 0)","(3, 1)","(0, -1)","soup('onion', 3, 20)","(1, 3)","(0, 1)",onion,"(4, 1):soup('onion', 1, 0)","(3, 0):empty;(4, 1):soup('onion', 1, 0)",140.0,139.0,5,interact,0.03420000000000023,0.0,0.0,0.03420000000000023,140.0,139.0,False,"(2, 1)","soup('onion', 3, 20)","(1, 3)",onion,"(4, 1):soup('onion', 1, 0)","(3, 0):empty;(4, 1):soup('onion', 1, 0)"
327,3,"(-1, 0)","(2, 1)","(-1, 0)","soup('onion', 3, 20)","(1, 3)","(0, 1)",onion,"(4, 1):soup('onion', 1, 0)","(3, 0):empty;(4, 1):soup('onion', 1, 0)",140.0,139.0,2,"(1, 0)",-0.0852000000000002,0.0,0.0,-0.0852000000000002,140.0,139.0,False,"(1, 1)","soup('onion', 3, 20)","(2, 3)",onion,"(4, 1):soup('onion', 1, 0)","(3, 0):empty;(4, 1):soup('onion', 1, 0)"
328,1,"(0, 1)","(1, 1)","(-1, 0)","soup('onion', 3, 20)","(2, 3)","(1, 0)",onion,"(4, 1):soup('onion', 1, 0)","(3, 0):empty;(4, 1):soup('onion', 1, 0)",140.0,139.0,2,"(1, 0)",0.03420000000000023,0.0,0.0,0.03420000000000023,140.0,139.0,False,"(1, 2)","soup('onion', 3, 20)","(3, 3)",onion,"(4, 1):soup('onion', 1, 0)","(3, 0):empty;(4, 1):soup('onion', 1, 0)"
329,1,"(0, 1)","(1, 2)","(0, 1)","soup('onion', 3, 20)","(3, 3)","(1, 0)",onion,"(4, 1):soup('onion', 1, 0)","(3, 0):empty;(4, 1):soup('onion', 1, 0)",140.0,139.0,0,"(0, -1)",0.033600000000000026,0.0,0.0,0.033600000000000026,140.0,139.0,False,"(1, 3)","soup('onion', 3, 20)","(3, 2)",onion,"(4, 1):soup('onion', 1, 0)","(3, 0):empty;(4, 1):soup('onion', 1, 0)"
330,2,"(1, 0)","(1, 3)","(0, 1)","soup('onion', 3, 20)","(3, 2)","(0, -1)",onion,"(4, 1):soup('onion', 1, 0)","(3, 0):empty;(4, 1):soup('onion', 1, 0)",140.0,139.0,0,"(0, -1)",0.03300000000000036,0.0,0.0,0.03300000000000036,140.0,139.0,False,"(2, 3)","soup('onion', 3, 20)","(3, 1)",onion,"(4, 1):soup('onion', 1, 0)","(3, 0):empty;(4, 1):soup('onion', 1, 0)"
331,1,"(0, 1)","(2, 3)","(1, 0)","soup('onion', 3, 20)","(3, 1)","(0, -1)",onion,"(4, 1):soup('onion', 1, 0)","(3, 0):empty;(4, 1):soup('onion', 1, 0)",140.0,139.0,0,"(0, -1)",-0.06264000000000003,0.0,0.0,-0.06264000000000003,140.0,139.0,False,"(2, 3)","soup('onion', 3, 20)","(3, 1)",onion,"(4, 1):soup('onion', 1, 0)","(3, 0):empty;(4, 1):soup('onion', 1, 0)"
332,5,interact,"(2, 3)","(0, 1)","soup('onion', 3, 20)","(3, 1)","(0, -1)",onion,"(4, 1):soup('onion', 1, 0)","(3, 0):empty;(4, 1):soup('onion', 1, 0)",140.0,139.0,0,"(0, -1)",17.6924,20.0,0.0,-2.3076000000000003,160.0,139.0,True,"(2, 3)",,"(3, 1)",onion,"(4, 1):soup('onion', 1, 0)","(3, 0):empty;(4, 1):soup('onion', 1, 0)"
333,3,"(-1, 0)","(2, 3)","(0, 1)",,"(3, 1)","(0, -1)",onion,"(4, 1):soup('onion', 1, 0)","(3, 0):empty;(4, 1):soup('onion', 1, 0)",160.0,139.0,5,interact,3.3528,0.0,3.0,0.35279999999999995,160.0,142.0,False,"(1, 3)",,"(3, 1)",,"(3, 0):soup('onion', 1, 0);(4, 1):soup('onion', 1, 0)","(3, 0):soup('onion', 1, 0);(4, 1):soup('onion', 1, 0)"
334,5,interact,"(1, 3)","(-1, 0)",,"(3, 1)","(0, -1)",,"(3, 0):soup('onion', 1, 0);(4, 1):soup('onion', 1, 0)","(3, 0):soup('onion', 1, 0);(4, 1):soup('onion', 1, 0)",160.0,142.0,3,"(-1, 0)",-0.007200000000000006,0.0,0.0,-0.007200000000000006,160.0,142.0,False,"(1, 3)",onion,"(2, 1)",,"(3, 0):soup('onion', 1, 0);(4, 1):soup('onion', 1, 0)","(3, 0):soup('onion', 1, 0);(4, 1):soup('onion', 1, 0)"
335,2,"(1, 0)","(1, 3)","(-1, 0)",onion,"(2, 1)","(-1, 0)",,"(3, 0):soup('onion', 1, 0);(4, 1):soup('onion', 1, 0)","(3, 0):soup('onion', 1, 0);(4, 1):soup('onion', 1, 0)",160.0,142.0,3,"(-1, 0)",-0.007200000000000006,0.0,0.0,-0.007200000000000006,160.0,142.0,False,"(2, 3)",onion,"(1, 1)",,"(3, 0):soup('onion', 1, 0);(4, 1):soup('onion', 1, 0)","(3, 0):soup('onion', 1, 0);(4, 1):soup('onion', 1, 0)"
336,2,"(1, 0)","(2, 3)","(1, 0)",onion,"(1, 1)","(-1, 0)",,"(3, 0):soup('onion', 1, 0);(4, 1):soup('onion', 1, 0)","(3, 0):soup('onion', 1, 0);(4, 1):soup('onion', 1, 0)",160.0,142.0,0,"(0, -1)",-0.007200000000000006,0.0,0.0,-0.007200000000000006,160.0,142.0,False,"(3, 3)",onion,"(1, 1)",,"(3, 0):soup('onion', 1, 0);(4, 1):soup('onion', 1, 0)","(3, 0):soup('onion', 1, 0);(4, 1):soup('onion', 1, 0)"
337,0,"(0, -1)","(3, 3)","(1, 0)",onion,"(1, 1)","(0, -1)",,"(3, 0):soup('onion', 1, 0);(4, 1):soup('onion', 1, 0)","(3, 0):soup('onion', 1, 0);(4, 1):soup('onion', 1, 0)",160.0,142.0,1,"(0, 1)",-0.007200000000000006,0.0,0.0,-0.007200000000000006,160.0,142.0,False,"(3, 2)",onion,"(1, 2)",,"(3, 0):soup('onion', 1, 0);(4, 1):soup('onion', 1, 0)","(3, 0):soup('onion', 1, 0);(4, 1):soup('onion', 1, 0)"
338,0,"(0, -1)","(3, 2)","(0, -1)",onion,"(1, 2)","(0, 1)",,"(3, 0):soup('onion', 1, 0);(4, 1):soup('onion', 1, 0)","(3, 0):soup('onion', 1, 0);(4, 1):soup('onion', 1, 0)",160.0,142.0,0,"(0, -1)",-0.007200000000000006,0.0,0.0,-0.007200000000000006,160.0,142.0,False,"(3, 1)",onion,"(1, 1)",,"(3, 0):soup('onion', 1, 0);(4, 1):soup('onion', 1, 0)","(3, 0):soup('onion', 1, 0);(4, 1):soup('onion', 1, 0)"
339,5,interact,"(3, 1)","(0, -1)",onion,"(1, 1)","(0, -1)",,"(3, 0):soup('onion', 1, 0);(4, 1):soup('onion', 1, 0)","(3, 0):soup('onion', 1, 0);(4, 1):soup('onion', 1, 0)",160.0,142.0,1,"(0, 1)",3.3491999999999997,0.0,3.0,0.3491999999999999,160.0,145.0,False,"(3, 1)",,"(1, 2)",,"(3, 0):soup('onion', 2, 0);(4, 1):soup('onion', 1, 0)","(3, 0):soup('onion', 2, 0);(4, 1):soup('onion', 1, 0)"
340,3,"(-1, 0)","(3, 1)","(0, -1)",,"(1, 2)","(0, 1)",,"(3, 0):soup('onion', 2, 0);(4, 1):soup('onion', 1, 0)","(3, 0):soup('onion', 2, 0);(4, 1):soup('onion', 1, 0)",160.0,145.0,1,"(0, 1)",-0.01080000000000001,0.0,0.0,-0.01080000000000001,160.0,145.0,False,"(2, 1)",,"(1, 3)",,"(3, 0):soup('onion', 2, 0);(4, 1):soup('onion', 1, 0)","(3, 0):soup('onion', 2, 0);(4, 1):soup('onion', 1, 0)"
341,3,"(-1, 0)","(2, 1)","(-1, 0)",,"(1, 3)","(0, 1)",,"(3, 0):soup('onion', 2, 0);(4, 1):soup('onion', 1, 0)","(3, 0):soup('onion', 2, 0);(4, 1):soup('onion', 1, 0)",160.0,145.0,5,interact,-0.01080000000000001,0.0,0.0,-0.01080000000000001,160.0,145.0,False,"(1, 1)",,"(1, 3)",onion,"(3, 0):soup('onion', 2, 0);(4, 1):soup('onion', 1, 0)","(3, 0):soup('onion', 2, 0);(4, 1):soup('onion', 1, 0)"
342,3,"(-1, 0)","(1, 1)","(-1, 0)",,"(1, 3)","(0, 1)",onion,"(3, 0):soup('onion', 2, 0);(4, 1):soup('onion', 1, 0)","(3, 0):soup('onion', 2, 0);(4, 1):soup('onion', 1, 0)",160.0,145.0,2,"(1, 0)",-0.01080000000000001,0.0,0.0,-0.01080000000000001,160.0,145.0,False,"(1, 1)",,"(2, 3)",onion,"(3, 0):soup('onion', 2, 0);(4, 1):soup('onion', 1, 0)","(3, 0):soup('onion', 2, 0);(4, 1):soup('onion', 1, 0)"
343,1,"(0, 1)","(1, 1)","(-1, 0)",,"(2, 3)","(1, 0)",onion,"(3, 0):soup('onion', 2, 0);(4, 1):soup('onion', 1, 0)","(3, 0):soup('onion', 2, 0);(4, 1):soup('onion', 1, 0)",160.0,145.0,2,"(1, 0)",-0.01080000000000001,0.0,0.0,-0.01080000000000001,160.0,145.0,False,"(1, 2)",,"(3, 3)",onion,"(3, 0):soup('onion', 2, 0);(4, 1):soup('onion', 1, 0)","(3, 0):soup('onion', 2, 0);(4, 1):soup('onion', 1, 0)"
344,3,"(-1, 0)","(1, 2)","(0, 1)",,"(3, 3)","(1, 0)",onion,"(3, 0):soup('onion', 2, 0);(4, 1):soup('onion', 1, 0)","(3, 0):soup('onion', 2, 0);(4, 1):soup('onion', 1, 0)",160.0,145.0,0,"(0, -1)",-0.01080000000000001,0.0,0.0,-0.01080000000000001,160.0,145.0,False,"(1, 2)",,"(3, 2)",onion,"(3, 0):soup('onion', 2, 0);(4, 1):soup('onion', 1, 0)","(3, 0):soup('onion', 2, 0);(4, 1):soup('onion', 1, 0)"
345,5,interact,"(1, 2)","(-1, 0)",,"(3, 2)","(0, -1)",onion,"(3, 0):soup('onion', 2, 0);(4, 1):soup('onion', 1, 0)","(3, 0):soup('onion', 2, 0);(4, 1):soup('onion', 1, 0)",160.0,145.0,0,"(0, -1)",2.9892,0.0,3.0,-0.01080000000000001,160.0,148.0,False,"(1, 2)",dish,"(3, 1)",onion,"(3, 0):soup('onion', 2, 0);(4, 1):soup('onion', 1, 0)","(3, 0):soup('onion', 2, 0);(4, 1):soup('onion', 1, 0)"
346,5,interact,"(1, 2)","(-1, 0)",dish,"(3, 1)","(0, -1)",onion,"(3, 0):soup('onion', 2, 0);(4, 1):soup('onion', 1, 0)","(3, 0):soup('onion', 2, 0);(4, 1):soup('onion', 1, 0)",160.0,148.0,5,interact,3.4644,0.0,3.0,0.4644,160.0,151.0,False,"(1, 2)",dish,"(3, 1)",,"(3, 0):soup('onion', 3, 1);(4, 1):soup('onion', 1, 0)","(3, 0):soup('onion', 3, 1);(4, 1):soup('onion', 1, 0)"
347,1,"(0, 1)","(1, 2)","(-1, 0)",dish,"(3, 1)","(0, -1)",,"(3, 0):soup('onion', 3, 1);(4, 1):soup('onion', 1, 0)","(3, 0):soup('onion', 3, 1);(4, 1):soup('onion', 1, 0)",160.0,151.0,2,"(1, 0)",-0.015600000000000147,0.0,0.0,-0.015600000000000147,160.0,151.0,False,"(1, 3)",dish,"(3, 1)",,"(3, 0):soup('onion', 3, 2);(4, 1):soup('onion', 1, 0)","(3, 0):soup('onion', 3, 2);(4, 1):soup('onion', 1, 0)"
348,2,"(1, 0)","(1, 3)","(0, 1)",dish,"(3, 1)","(1, 0)",,"(3, 0):soup('onion', 3, 2);(4, 1):soup('onion', 1, 0)","(3, 0):soup('onion', 3, 2);(4, 1):soup('onion', 1, 0)",160.0,151.0,3,"(-1, 0)",-0.015600000000000147,0.0,0.0,-0.015600000000000147,160.0,151.0,False,"(2, 3)",dish,"(2, 1)",,"(3, 0):soup('onion', 3, 3);(4, 1):soup('onion', 1, 0)","(3, 0):soup('onion', 3, 3);(4, 1):soup('onion', 1, 0)"
349,2,"(1, 0)","(2, 3)","(1, 0)",dish,"(2, 1)","(-1, 0)",,"(3, 0):soup('onion', 3, 3);(4, 1):soup('onion', 1, 0)","(3, 0):soup('onion', 3, 3);(4, 1):soup('onion', 1, 0)",160.0,151.0,3,"(-1, 0)",-0.015600000000000147,0.0,0.0,-0.015600000000000147,160.0,151.0,False,"(3, 3)",dish,"(1, 1)",,"(3, 0):soup('onion', 3, 4);(4, 1):soup('onion', 1, 0)","(3, 0):soup('onion', 3, 4);(4, 1):soup('onion', 1, 0)"
350,0,"(0, -1)","(3, 3)","(1, 0)",dish,"(1, 1)","(-1, 0)",,"(3, 0):soup('onion', 3, 4);(4, 1):soup('onion', 1, 0)","(3, 0):soup('onion', 3, 4);(4, 1):soup('onion', 1, 0)",160.0,151.0,3,"(-1, 0)",-0.015600000000000147,0.0,0.0,-0.015600000000000147,160.0,151.0,False,"(3, 2)",dish,"(1, 1)",,"(3, 0):soup('onion', 3, 5);(4, 1):soup('onion', 1, 0)","(3, 0):soup('onion', 3, 5);(4, 1):soup('onion', 1, 0)"
351,0,"(0, -1)","(3, 2)","(0, -1)",dish,"(1, 1)","(-1, 0)",,"(3, 0):soup('onion', 3, 5);(4, 1):soup('onion', 1, 0)","(3, 0):soup('onion', 3, 5);(4, 1):soup('onion', 1, 0)",160.0,151.0,1,"(0, 1)",-0.015600000000000147,0.0,0.0,-0.015600000000000147,160.0,151.0,False,"(3, 1)",dish,"(1, 2)",,"(3, 0):soup('onion', 3, 6);(4, 1):soup('onion', 1, 0)","(3, 0):soup('onion', 3, 6);(4, 1):soup('onion', 1, 0)"
352,5,interact,"(3, 1)","(0, -1)",dish,"(1, 2)","(0, 1)",,"(3, 0):soup('onion', 3, 6);(4, 1):soup('onion', 1, 0)","(3, 0):soup('onion', 3, 6);(4, 1):soup('onion', 1, 0)",160.0,151.0,1,"(0, 1)",-0.015600000000000147,0.0,0.0,-0.015600000000000147,160.0,151.0,False,"(3, 1)",dish,"(1, 3)",,"(3, 0):soup('onion', 3, 7);(4, 1):soup('onion', 1, 0)","(3, 0):soup('onion', 3, 7);(4, 1):soup('onion', 1, 0)"
353,5,interact,"(3, 1)","(0, -1)",dish,"(1, 3)","(0, 1)",,"(3, 0):soup('onion', 3, 7);(4, 1):soup('onion', 1, 0)","(3, 0):soup('onion', 3, 7);(4, 1):soup('onion', 1, 0)",160.0,151.0,5,interact,-0.015600000000000147,0.0,0.0,-0.015600000000000147,160.0,151.0,False,"(3, 1)",dish,"(1, 3)",onion,"(3, 0):soup('onion', 3, 8);(4, 1):soup('onion', 1, 0)","(3, 0):soup('onion', 3, 8);(4, 1):soup('onion', 1, 0)"
354,5,interact,"(3, 1)","(0, -1)",dish,"(1, 3)","(0, 1)",onion,"(3, 0):soup('onion', 3, 8);(4, 1):soup('onion', 1, 0)","(3, 0):soup('onion', 3, 8);(4, 1):soup('onion', 1, 0)",160.0,151.0,0,"(0, -1)",-0.015600000000000147,0.0,0.0,-0.015600000000000147,160.0,151.0,False,"(3, 1)",dish,"(1, 2)",onion,"(3, 0):soup('onion', 3, 9);(4, 1):soup('onion', 1, 0)","(3, 0):soup('onion', 3, 9);(4, 1):soup('onion', 1, 0)"
355,5,interact,"(3, 1)","(0, -1)",dish,"(1, 2)","(0, -1)",onion,"(3, 0):soup('onion', 3, 9);(4, 1):soup('onion', 1, 0)","(3, 0):soup('onion', 3, 9);(4, 1):soup('onion', 1, 0)",160.0,151.0,1,"(0, 1)",-0.015600000000000147,0.0,0.0,-0.015600000000000147,160.0,151.0,False,"(3, 1)",dish,"(1, 3)",onion,"(3, 0):soup('onion', 3, 10);(4, 1):soup('onion', 1, 0)","(3, 0):soup('onion', 3, 10);(4, 1):soup('onion', 1, 0)"
356,5,interact,"(3, 1)","(0, -1)",dish,"(1, 3)","(0, 1)",onion,"(3, 0):soup('onion', 3, 10);(4, 1):soup('onion', 1, 0)","(3, 0):soup('onion', 3, 10);(4, 1):soup('onion', 1, 0)",160.0,151.0,0,"(0, -1)",-0.015600000000000147,0.0,0.0,-0.015600000000000147,160.0,151.0,False,"(3, 1)",dish,"(1, 2)",onion,"(3, 0):soup('onion', 3, 11);(4, 1):soup('onion', 1, 0)","(3, 0):soup('onion', 3, 11);(4, 1):soup('onion', 1, 0)"
357,5,interact,"(3, 1)","(0, -1)",dish,"(1, 2)","(0, -1)",onion,"(3, 0):soup('onion', 3, 11);(4, 1):soup('onion', 1, 0)","(3, 0):soup('onion', 3, 11);(4, 1):soup('onion', 1, 0)",160.0,151.0,1,"(0, 1)",-0.015600000000000147,0.0,0.0,-0.015600000000000147,160.0,151.0,False,"(3, 1)",dish,"(1, 3)",onion,"(3, 0):soup('onion', 3, 12);(4, 1):soup('onion', 1, 0)","(3, 0):soup('onion', 3, 12);(4, 1):soup('onion', 1, 0)"
358,5,interact,"(3, 1)","(0, -1)",dish,"(1, 3)","(0, 1)",onion,"(3, 0):soup('onion', 3, 12);(4, 1):soup('onion', 1, 0)","(3, 0):soup('onion', 3, 12);(4, 1):soup('onion', 1, 0)",160.0,151.0,0,"(0, -1)",-0.015600000000000147,0.0,0.0,-0.015600000000000147,160.0,151.0,False,"(3, 1)",dish,"(1, 2)",onion,"(3, 0):soup('onion', 3, 13);(4, 1):soup('onion', 1, 0)","(3, 0):soup('onion', 3, 13);(4, 1):soup('onion', 1, 0)"
359,5,interact,"(3, 1)","(0, -1)",dish,"(1, 2)","(0, -1)",onion,"(3, 0):soup('onion', 3, 13);(4, 1):soup('onion', 1, 0)","(3, 0):soup('onion', 3, 13);(4, 1):soup('onion', 1, 0)",160.0,151.0,1,"(0, 1)",-0.015600000000000147,0.0,0.0,-0.015600000000000147,160.0,151.0,False,"(3, 1)",dish,"(1, 3)",onion,"(3, 0):soup('onion', 3, 14);(4, 1):soup('onion', 1, 0)","(3, 0):soup('onion', 3, 14);(4, 1):soup('onion', 1, 0)"
360,5,interact,"(3, 1)","(0, -1)",dish,"(1, 3)","(0, 1)",onion,"(3, 0):soup('onion', 3, 14);(4, 1):soup('onion', 1, 0)","(3, 0):soup('onion', 3, 14);(4, 1):soup('onion', 1, 0)",160.0,151.0,0,"(0, -1)",-0.015600000000000147,0.0,0.0,-0.015600000000000147,160.0,151.0,False,"(3, 1)",dish,"(1, 2)",onion,"(3, 0):soup('onion', 3, 15);(4, 1):soup('onion', 1, 0)","(3, 0):soup('onion', 3, 15);(4, 1):soup('onion', 1, 0)"
361,5,interact,"(3, 1)","(0, -1)",dish,"(1, 2)","(0, -1)",onion,"(3, 0):soup('onion', 3, 15);(4, 1):soup('onion', 1, 0)","(3, 0):soup('onion', 3, 15);(4, 1):soup('onion', 1, 0)",160.0,151.0,1,"(0, 1)",-0.015600000000000147,0.0,0.0,-0.015600000000000147,160.0,151.0,False,"(3, 1)",dish,"(1, 3)",onion,"(3, 0):soup('onion', 3, 16);(4, 1):soup('onion', 1, 0)","(3, 0):soup('onion', 3, 16);(4, 1):soup('onion', 1, 0)"
362,5,interact,"(3, 1)","(0, -1)",dish,"(1, 3)","(0, 1)",onion,"(3, 0):soup('onion', 3, 16);(4, 1):soup('onion', 1, 0)","(3, 0):soup('onion', 3, 16);(4, 1):soup('onion', 1, 0)",160.0,151.0,0,"(0, -1)",-0.015600000000000147,0.0,0.0,-0.015600000000000147,160.0,151.0,False,"(3, 1)",dish,"(1, 2)",onion,"(3, 0):soup('onion', 3, 17);(4, 1):soup('onion', 1, 0)","(3, 0):soup('onion', 3, 17);(4, 1):soup('onion', 1, 0)"
363,5,interact,"(3, 1)","(0, -1)",dish,"(1, 2)","(0, -1)",onion,"(3, 0):soup('onion', 3, 17);(4, 1):soup('onion', 1, 0)","(3, 0):soup('onion', 3, 17);(4, 1):soup('onion', 1, 0)",160.0,151.0,1,"(0, 1)",-0.015600000000000147,0.0,0.0,-0.015600000000000147,160.0,151.0,False,"(3, 1)",dish,"(1, 3)",onion,"(3, 0):soup('onion', 3, 18);(4, 1):soup('onion', 1, 0)","(3, 0):soup('onion', 3, 18);(4, 1):soup('onion', 1, 0)"
364,5,interact,"(3, 1)","(0, -1)",dish,"(1, 3)","(0, 1)",onion,"(3, 0):soup('onion', 3, 18);(4, 1):soup('onion', 1, 0)","(3, 0):soup('onion', 3, 18);(4, 1):soup('onion', 1, 0)",160.0,151.0,0,"(0, -1)",-0.015600000000000147,0.0,0.0,-0.015600000000000147,160.0,151.0,False,"(3, 1)",dish,"(1, 2)",onion,"(3, 0):soup('onion', 3, 19);(4, 1):soup('onion', 1, 0)","(3, 0):soup('onion', 3, 19);(4, 1):soup('onion', 1, 0)"
365,5,interact,"(3, 1)","(0, -1)",dish,"(1, 2)","(0, -1)",onion,"(3, 0):soup('onion', 3, 19);(4, 1):soup('onion', 1, 0)","(3, 0):soup('onion', 3, 19);(4, 1):soup('onion', 1, 0)",160.0,151.0,1,"(0, 1)",0.5783999999999999,0.0,0.0,0.5783999999999999,160.0,151.0,False,"(3, 1)",dish,"(1, 3)",onion,"(3, 0):soup('onion', 3, 20);(4, 1):soup('onion', 1, 0)","(3, 0):soup('onion', 3, 20);(4, 1):soup('onion', 1, 0)"
366,5,interact,"(3, 1)","(0, -1)",dish,"(1, 3)","(0, 1)",onion,"(3, 0):soup('onion', 3, 20);(4, 1):soup('onion', 1, 0)","(3, 0):soup('onion', 3, 20);(4, 1):soup('onion', 1, 0)",160.0,151.0,5,interact,5.3347999999999995,0.0,5.0,0.3347999999999996,160.0,156.0,False,"(3, 1)","soup('onion', 3, 20)","(1, 3)",onion,"(4, 1):soup('onion', 1, 0)","(3, 0):empty;(4, 1):soup('onion', 1, 0)"
367,3,"(-1, 0)","(3, 1)","(0, -1)","soup('onion', 3, 20)","(1, 3)","(0, 1)",onion,"(4, 1):soup('onion', 1, 0)","(3, 0):empty;(4, 1):soup('onion', 1, 0)",160.0,156.0,5,interact,0.03420000000000023,0.0,0.0,0.03420000000000023,160.0,156.0,False,"(2, 1)","soup('onion', 3, 20)","(1, 3)",onion,"(4, 1):soup('onion', 1, 0)","(3, 0):empty;(4, 1):soup('onion', 1, 0)"
368,3,"(-1, 0)","(2, 1)","(-1, 0)","soup('onion', 3, 20)","(1, 3)","(0, 1)",onion,"(4, 1):soup('onion', 1, 0)","(3, 0):empty;(4, 1):soup('onion', 1, 0)",160.0,156.0,2,"(1, 0)",-0.0852000000000002,0.0,0.0,-0.0852000000000002,160.0,156.0,False,"(1, 1)","soup('onion', 3, 20)","(2, 3)",onion,"(4, 1):soup('onion', 1, 0)","(3, 0):empty;(4, 1):soup('onion', 1, 0)"
369,1,"(0, 1)","(1, 1)","(-1, 0)","soup('onion', 3, 20)","(2, 3)","(1, 0)",onion,"(4, 1):soup('onion', 1, 0)","(3, 0):empty;(4, 1):soup('onion', 1, 0)",160.0,156.0,2,"(1, 0)",0.03420000000000023,0.0,0.0,0.03420000000000023,160.0,156.0,False,"(1, 2)","soup('onion', 3, 20)","(3, 3)",onion,"(4, 1):soup('onion', 1, 0)","(3, 0):empty;(4, 1):soup('onion', 1, 0)"
370,1,"(0, 1)","(1, 2)","(0, 1)","soup('onion', 3, 20)","(3, 3)","(1, 0)",onion,"(4, 1):soup('onion', 1, 0)","(3, 0):empty;(4, 1):soup('onion', 1, 0)",160.0,156.0,0,"(0, -1)",0.033600000000000026,0.0,0.0,0.033600000000000026,160.0,156.0,False,"(1, 3)","soup('onion', 3, 20)","(3, 2)",onion,"(4, 1):soup('onion', 1, 0)","(3, 0):empty;(4, 1):soup('onion', 1, 0)"
371,2,"(1, 0)","(1, 3)","(0, 1)","soup('onion', 3, 20)","(3, 2)","(0, -1)",onion,"(4, 1):soup('onion', 1, 0)","(3, 0):empty;(4, 1):soup('onion', 1, 0)",160.0,156.0,0,"(0, -1)",0.03300000000000036,0.0,0.0,0.03300000000000036,160.0,156.0,False,"(2, 3)","soup('onion', 3, 20)","(3, 1)",onion,"(4, 1):soup('onion', 1, 0)","(3, 0):empty;(4, 1):soup('onion', 1, 0)"
372,1,"(0, 1)","(2, 3)","(1, 0)","soup('onion', 3, 20)","(3, 1)","(0, -1)",onion,"(4, 1):soup('onion', 1, 0)","(3, 0):empty;(4, 1):soup('onion', 1, 0)",160.0,156.0,0,"(0, -1)",-0.06264000000000003,0.0,0.0,-0.06264000000000003,160.0,156.0,False,"(2, 3)","soup('onion', 3, 20)","(3, 1)",onion,"(4, 1):soup('onion', 1, 0)","(3, 0):empty;(4, 1):soup('onion', 1, 0)"
373,5,interact,"(2, 3)","(0, 1)","soup('onion', 3, 20)","(3, 1)","(0, -1)",onion,"(4, 1):soup('onion', 1, 0)","(3, 0):empty;(4, 1):soup('onion', 1, 0)",160.0,156.0,0,"(0, -1)",17.6924,20.0,0.0,-2.3076000000000003,180.0,156.0,True,"(2, 3)",,"(3, 1)",onion,"(4, 1):soup('onion', 1, 0)","(3, 0):empty;(4, 1):soup('onion', 1, 0)"
374,3,"(-1, 0)","(2, 3)","(0, 1)",,"(3, 1)","(0, -1)",onion,"(4, 1):soup('onion', 1, 0)","(3, 0):empty;(4, 1):soup('onion', 1, 0)",180.0,156.0,5,interact,3.3528,0.0,3.0,0.35279999999999995,180.0,159.0,False,"(1, 3)",,"(3, 1)",,"(3, 0):soup('onion', 1, 0);(4, 1):soup('onion', 1, 0)","(3, 0):soup('onion', 1, 0);(4, 1):soup('onion', 1, 0)"
375,5,interact,"(1, 3)","(-1, 0)",,"(3, 1)","(0, -1)",,"(3, 0):soup('onion', 1, 0);(4, 1):soup('onion', 1, 0)","(3, 0):soup('onion', 1, 0);(4, 1):soup('onion', 1, 0)",180.0,159.0,3,"(-1, 0)",-0.007200000000000006,0.0,0.0,-0.007200000000000006,180.0,159.0,False,"(1, 3)",onion,"(2, 1)",,"(3, 0):soup('onion', 1, 0);(4, 1):soup('onion', 1, 0)","(3, 0):soup('onion', 1, 0);(4, 1):soup('onion', 1, 0)"
376,2,"(1, 0)","(1, 3)","(-1, 0)",onion,"(2, 1)","(-1, 0)",,"(3, 0):soup('onion', 1, 0);(4, 1):soup('onion', 1, 0)","(3, 0):soup('onion', 1, 0);(4, 1):soup('onion', 1, 0)",180.0,159.0,3,"(-1, 0)",-0.007200000000000006,0.0,0.0,-0.007200000000000006,180.0,159.0,False,"(2, 3)",onion,"(1, 1)",,"(3, 0):soup('onion', 1, 0);(4, 1):soup('onion', 1, 0)","(3, 0):soup('onion', 1, 0);(4, 1):soup('onion', 1, 0)"
377,2,"(1, 0)","(2, 3)","(1, 0)",onion,"(1, 1)","(-1, 0)",,"(3, 0):soup('onion', 1, 0);(4, 1):soup('onion', 1, 0)","(3, 0):soup('onion', 1, 0);(4, 1):soup('onion', 1, 0)",180.0,159.0,0,"(0, -1)",-0.007200000000000006,0.0,0.0,-0.007200000000000006,180.0,159.0,False,"(3, 3)",onion,"(1, 1)",,"(3, 0):soup('onion', 1, 0);(4, 1):soup('onion', 1, 0)","(3, 0):soup('onion', 1, 0);(4, 1):soup('onion', 1, 0)"
378,0,"(0, -1)","(3, 3)","(1, 0)",onion,"(1, 1)","(0, -1)",,"(3, 0):soup('onion', 1, 0);(4, 1):soup('onion', 1, 0)","(3, 0):soup('onion', 1, 0);(4, 1):soup('onion', 1, 0)",180.0,159.0,1,"(0, 1)",-0.007200000000000006,0.0,0.0,-0.007200000000000006,180.0,159.0,False,"(3, 2)",onion,"(1, 2)",,"(3, 0):soup('onion', 1, 0);(4, 1):soup('onion', 1, 0)","(3, 0):soup('onion', 1, 0);(4, 1):soup('onion', 1, 0)"
379,0,"(0, -1)","(3, 2)","(0, -1)",onion,"(1, 2)","(0, 1)",,"(3, 0):soup('onion', 1, 0);(4, 1):soup('onion', 1, 0)","(3, 0):soup('onion', 1, 0);(4, 1):soup('onion', 1, 0)",180.0,159.0,0,"(0, -1)",-0.007200000000000006,0.0,0.0,-0.007200000000000006,180.0,159.0,False,"(3, 1)",onion,"(1, 1)",,"(3, 0):soup('onion', 1, 0);(4, 1):soup('onion', 1, 0)","(3, 0):soup('onion', 1, 0);(4, 1):soup('onion', 1, 0)"
380,5,interact,"(3, 1)","(0, -1)",onion,"(1, 1)","(0, -1)",,"(3, 0):soup('onion', 1, 0);(4, 1):soup('onion', 1, 0)","(3, 0):soup('onion', 1, 0);(4, 1):soup('onion', 1, 0)",180.0,159.0,1,"(0, 1)",3.3491999999999997,0.0,3.0,0.3491999999999999,180.0,162.0,False,"(3, 1)",,"(1, 2)",,"(3, 0):soup('onion', 2, 0);(4, 1):soup('onion', 1, 0)","(3, 0):soup('onion', 2, 0);(4, 1):soup('onion', 1, 0)"
381,3,"(-1, 0)","(3, 1)","(0, -1)",,"(1, 2)","(0, 1)",,"(3, 0):soup('onion', 2, 0);(4, 1):soup('onion', 1, 0)","(3, 0):soup('onion', 2, 0);(4, 1):soup('onion', 1, 0)",180.0,162.0,1,"(0, 1)",-0.01080000000000001,0.0,0.0,-0.01080000000000001,180.0,162.0,False,"(2, 1)",,"(1, 3)",,"(3, 0):soup('onion', 2, 0);(4, 1):soup('onion', 1, 0)","(3, 0):soup('onion', 2, 0);(4, 1):soup('onion', 1, 0)"
382,3,"(-1, 0)","(2, 1)","(-1, 0)",,"(1, 3)","(0, 1)",,"(3, 0):soup('onion', 2, 0);(4, 1):soup('onion', 1, 0)","(3, 0):soup('onion', 2, 0);(4, 1):soup('onion', 1, 0)",180.0,162.0,5,interact,-0.01080000000000001,0.0,0.0,-0.01080000000000001,180.0,162.0,False,"(1, 1)",,"(1, 3)",onion,"(3, 0):soup('onion', 2, 0);(4, 1):soup('onion', 1, 0)","(3, 0):soup('onion', 2, 0);(4, 1):soup('onion', 1, 0)"
383,3,"(-1, 0)","(1, 1)","(-1, 0)",,"(1, 3)","(0, 1)",onion,"(3, 0):soup('onion', 2, 0);(4, 1):soup('onion', 1, 0)","(3, 0):soup('onion', 2, 0);(4, 1):soup('onion', 1, 0)",180.0,162.0,2,"(1, 0)",-0.01080000000000001,0.0,0.0,-0.01080000000000001,180.0,162.0,False,"(1, 1)",,"(2, 3)",onion,"(3, 0):soup('onion', 2, 0);(4, 1):soup('onion', 1, 0)","(3, 0):soup('onion', 2, 0);(4, 1):soup('onion', 1, 0)"
384,1,"(0, 1)","(1, 1)","(-1, 0)",,"(2, 3)","(1, 0)",onion,"(3, 0):soup('onion', 2, 0);(4, 1):soup('onion', 1, 0)","(3, 0):soup('onion', 2, 0);(4, 1):soup('onion', 1, 0)",180.0,162.0,2,"(1, 0)",-0.01080000000000001,0.0,0.0,-0.01080000000000001,180.0,162.0,False,"(1, 2)",,"(3, 3)",onion,"(3, 0):soup('onion', 2, 0);(4, 1):soup('onion', 1, 0)","(3, 0):soup('onion', 2, 0);(4, 1):soup('onion', 1, 0)"
385,3,"(-1, 0)","(1, 2)","(0, 1)",,"(3, 3)","(1, 0)",onion,"(3, 0):soup('onion', 2, 0);(4, 1):soup('onion', 1, 0)","(3, 0):soup('onion', 2, 0);(4, 1):soup('onion', 1, 0)",180.0,162.0,0,"(0, -1)",-0.01080000000000001,0.0,0.0,-0.01080000000000001,180.0,162.0,False,"(1, 2)",,"(3, 2)",onion,"(3, 0):soup('onion', 2, 0);(4, 1):soup('onion', 1, 0)","(3, 0):soup('onion', 2, 0);(4, 1):soup('onion', 1, 0)"
386,5,interact,"(1, 2)","(-1, 0)",,"(3, 2)","(0, -1)",onion,"(3, 0):soup('onion', 2, 0);(4, 1):soup('onion', 1, 0)","(3, 0):soup('onion', 2, 0);(4, 1):soup('onion', 1, 0)",180.0,162.0,0,"(0, -1)",2.9892,0.0,3.0,-0.01080000000000001,180.0,165.0,False,"(1, 2)",dish,"(3, 1)",onion,"(3, 0):soup('onion', 2, 0);(4, 1):soup('onion', 1, 0)","(3, 0):soup('onion', 2, 0);(4, 1):soup('onion', 1, 0)"
387,5,interact,"(1, 2)","(-1, 0)",dish,"(3, 1)","(0, -1)",onion,"(3, 0):soup('onion', 2, 0);(4, 1):soup('onion', 1, 0)","(3, 0):soup('onion', 2, 0);(4, 1):soup('onion', 1, 0)",180.0,165.0,5,interact,3.4644,0.0,3.0,0.4644,180.0,168.0,False,"(1, 2)",dish,"(3, 1)",,"(3, 0):soup('onion', 3, 1);(4, 1):soup('onion', 1, 0)","(3, 0):soup('onion', 3, 1);(4, 1):soup('onion', 1, 0)"
388,1,"(0, 1)","(1, 2)","(-1, 0)",dish,"(3, 1)","(0, -1)",,"(3, 0):soup('onion', 3, 1);(4, 1):soup('onion', 1, 0)","(3, 0):soup('onion', 3, 1);(4, 1):soup('onion', 1, 0)",180.0,168.0,2,"(1, 0)",-0.015600000000000147,0.0,0.0,-0.015600000000000147,180.0,168.0,False,"(1, 3)",dish,"(3, 1)",,"(3, 0):soup('onion', 3, 2);(4, 1):soup('onion', 1, 0)","(3, 0):soup('onion', 3, 2);(4, 1):soup('onion', 1, 0)"
389,2,"(1, 0)","(1, 3)","(0, 1)",dish,"(3, 1)","(1, 0)",,"(3, 0):soup('onion', 3, 2);(4, 1):soup('onion', 1, 0)","(3, 0):soup('onion', 3, 2);(4, 1):soup('onion', 1, 0)",180.0,168.0,3,"(-1, 0)",-0.015600000000000147,0.0,0.0,-0.015600000000000147,180.0,168.0,False,"(2, 3)",dish,"(2, 1)",,"(3, 0):soup('onion', 3, 3);(4, 1):soup('onion', 1, 0)","(3, 0):soup('onion', 3, 3);(4, 1):soup('onion', 1, 0)"
390,2,"(1, 0)","(2, 3)","(1, 0)",dish,"(2, 1)","(-1, 0)",,"(3, 0):soup('onion', 3, 3);(4, 1):soup('onion', 1, 0)","(3, 0):soup('onion', 3, 3);(4, 1):soup('onion', 1, 0)",180.0,168.0,3,"(-1, 0)",-0.015600000000000147,0.0,0.0,-0.015600000000000147,180.0,168.0,False,"(3, 3)",dish,"(1, 1)",,"(3, 0):soup('onion', 3, 4);(4, 1):soup('onion', 1, 0)","(3, 0):soup('onion', 3, 4);(4, 1):soup('onion', 1, 0)"
391,0,"(0, -1)","(3, 3)","(1, 0)",dish,"(1, 1)","(-1, 0)",,"(3, 0):soup('onion', 3, 4);(4, 1):soup('onion', 1, 0)","(3, 0):soup('onion', 3, 4);(4, 1):soup('onion', 1, 0)",180.0,168.0,3,"(-1, 0)",-0.015600000000000147,0.0,0.0,-0.015600000000000147,180.0,168.0,False,"(3, 2)",dish,"(1, 1)",,"(3, 0):soup('onion', 3, 5);(4, 1):soup('onion', 1, 0)","(3, 0):soup('onion', 3, 5);(4, 1):soup('onion', 1, 0)"
392,0,"(0, -1)","(3, 2)","(0, -1)",dish,"(1, 1)","(-1, 0)",,"(3, 0):soup('onion', 3, 5);(4, 1):soup('onion', 1, 0)","(3, 0):soup('onion', 3, 5);(4, 1):soup('onion', 1, 0)",180.0,168.0,1,"(0, 1)",-0.015600000000000147,0.0,0.0,-0.015600000000000147,180.0,168.0,False,"(3, 1)",dish,"(1, 2)",,"(3, 0):soup('onion', 3, 6);(4, 1):soup('onion', 1, 0)","(3, 0):soup('onion', 3, 6);(4, 1):soup('onion', 1, 0)"
393,5,interact,"(3, 1)","(0, -1)",dish,"(1, 2)","(0, 1)",,"(3, 0):soup('onion', 3, 6);(4, 1):soup('onion', 1, 0)","(3, 0):soup('onion', 3, 6);(4, 1):soup('onion', 1, 0)",180.0,168.0,1,"(0, 1)",-0.015600000000000147,0.0,0.0,-0.015600000000000147,180.0,168.0,False,"(3, 1)",dish,"(1, 3)",,"(3, 0):soup('onion', 3, 7);(4, 1):soup('onion', 1, 0)","(3, 0):soup('onion', 3, 7);(4, 1):soup('onion', 1, 0)"
394,5,interact,"(3, 1)","(0, -1)",dish,"(1, 3)","(0, 1)",,"(3, 0):soup('onion', 3, 7);(4, 1):soup('onion', 1, 0)","(3, 0):soup('onion', 3, 7);(4, 1):soup('onion', 1, 0)",180.0,168.0,5,interact,-0.015600000000000147,0.0,0.0,-0.015600000000000147,180.0,168.0,False,"(3, 1)",dish,"(1, 3)",onion,"(3, 0):soup('onion', 3, 8);(4, 1):soup('onion', 1, 0)","(3, 0):soup('onion', 3, 8);(4, 1):soup('onion', 1, 0)"
395,5,interact,"(3, 1)","(0, -1)",dish,"(1, 3)","(0, 1)",onion,"(3, 0):soup('onion', 3, 8);(4, 1):soup('onion', 1, 0)","(3, 0):soup('onion', 3, 8);(4, 1):soup('onion', 1, 0)",180.0,168.0,0,"(0, -1)",-0.015600000000000147,0.0,0.0,-0.015600000000000147,180.0,168.0,False,"(3, 1)",dish,"(1, 2)",onion,"(3, 0):soup('onion', 3, 9);(4, 1):soup('onion', 1, 0)","(3, 0):soup('onion', 3, 9);(4, 1):soup('onion', 1, 0)"
396,5,interact,"(3, 1)","(0, -1)",dish,"(1, 2)","(0, -1)",onion,"(3, 0):soup('onion', 3, 9);(4, 1):soup('onion', 1, 0)","(3, 0):soup('onion', 3, 9);(4, 1):soup('onion', 1, 0)",180.0,168.0,1,"(0, 1)",-0.015600000000000147,0.0,0.0,-0.015600000000000147,180.0,168.0,False,"(3, 1)",dish,"(1, 3)",onion,"(3, 0):soup('onion', 3, 10);(4, 1):soup('onion', 1, 0)","(3, 0):soup('onion', 3, 10);(4, 1):soup('onion', 1, 0)"
397,5,interact,"(3, 1)","(0, -1)",dish,"(1, 3)","(0, 1)",onion,"(3, 0):soup('onion', 3, 10);(4, 1):soup('onion', 1, 0)","(3, 0):soup('onion', 3, 10);(4, 1):soup('onion', 1, 0)",180.0,168.0,0,"(0, -1)",-0.015600000000000147,0.0,0.0,-0.015600000000000147,180.0,168.0,False,"(3, 1)",dish,"(1, 2)",onion,"(3, 0):soup('onion', 3, 11);(4, 1):soup('onion', 1, 0)","(3, 0):soup('onion', 3, 11);(4, 1):soup('onion', 1, 0)"
398,5,interact,"(3, 1)","(0, -1)",dish,"(1, 2)","(0, -1)",onion,"(3, 0):soup('onion', 3, 11);(4, 1):soup('onion', 1, 0)","(3, 0):soup('onion', 3, 11);(4, 1):soup('onion', 1, 0)",180.0,168.0,1,"(0, 1)",-0.015600000000000147,0.0,0.0,-0.015600000000000147,180.0,168.0,False,"(3, 1)",dish,"(1, 3)",onion,"(3, 0):soup('onion', 3, 12);(4, 1):soup('onion', 1, 0)","(3, 0):soup('onion', 3, 12);(4, 1):soup('onion', 1, 0)"
399,5,interact,"(3, 1)","(0, -1)",dish,"(1, 3)","(0, 1)",onion,"(3, 0):soup('onion', 3, 12);(4, 1):soup('onion', 1, 0)","(3, 0):soup('onion', 3, 12);(4, 1):soup('onion', 1, 0)",180.0,168.0,0,"(0, -1)",-0.015600000000000147,0.0,0.0,-0.015600000000000147,180.0,168.0,False,"(3, 1)",dish,"(1, 2)",onion,"(3, 0):soup('onion', 3, 13);(4, 1):soup('onion', 1, 0)","(3, 0):soup('onion', 3, 13);(4, 1):soup('onion', 1, 0)"
