step,ego_action_idx,ego_action,p0_pos,p0_orient,p0_held,p1_pos,p1_orient,p1_held,objects_before,pots_before,cum_sparse_before,cum_shaped_before,partner_action_idx,partner_action,reward,sparse_reward,built_in_shaped_reward,custom_shaped_reward,cum_sparse_after,cum_shaped_after,delivery_event,p0_pos_after,p0_held_after,p1_pos_after,p1_held_after,objects_after,pots_after
0,3,"(-1, 0)","(2, 1)","(0, -1)",,"(1, 2)","(0, -1)",,,"(3, 0):empty;(4, 1):empty",0.0,0.0,1,"(0, 1)",0.0,0.0,0.0,0.0,0.0,0.0,False,"(1, 1)",,"(1, 3)",,,"(3, 0):empty;(4, 1):empty"
1,1,"(0, 1)","(1, 1)","(-1, 0)",,"(1, 3)","(0, 1)",,,"(3, 0):empty;(4, 1):empty",0.0,0.0,5,interact,0.0,0.0,0.0,0.0,0.0,0.0,False,"(1, 2)",,"(1, 3)",onion,,"(3, 0):empty;(4, 1):empty"
2,1,"(0, 1)","(1, 2)","(0, 1)",,"(1, 3)","(0, 1)",onion,,"(3, 0):empty;(4, 1):empty",0.0,0.0,2,"(1, 0)",0.0,0.0,0.0,0.0,0.0,0.0,False,"(1, 3)",,"(2, 3)",onion,,"(3, 0):empty;(4, 1):empty"
3,5,interact,"(1, 3)","(0, 1)",,"(2, 3)","(1, 0)",onion,,"(3, 0):empty;(4, 1):empty",0.0,0.0,2,"(1, 0)",0.0,0.0,0.0,0.0,0.0,0.0,False,"(1, 3)",onion,"(3, 3)",onion,,"(3, 0):empty;(4, 1):empty"
4,2,"(1, 0)","(1, 3)","(0, 1)",onion,"(3, 3)","(1, 0)",onion,,"(3, 0):empty;(4, 1):empty",0.0,0.0,0,"(0, -1)",0.0,0.0,0.0,0.0,0.0,0.0,False,"(2, 3)",onion,"(3, 2)",onion,,"(3, 0):empty;(4, 1):empty"
5,2,"(1, 0)","(2, 3)","(1, 0)",onion,"(3, 2)","(0, -1)",onion,,"(3, 0):empty;(4, 1):empty",0.0,0.0,0,"(0, -1)",0.0,0.0,0.0,0.0,0.0,0.0,False,"(3, 3)",onion,"(3, 1)",onion,,"(3, 0):empty;(4, 1):empty"
6,0,"(0, -1)","(3, 3)","(1, 0)",onion,"(3, 1)","(0, -1)",onion,,"(3, 0):empty;(4, 1):empty",0.0,0.0,5,interact,3.0594,0.0,3.0,0.0594,0.0,3.0,False,"(3, 2)",onion,"(3, 1)",,"(3, 0):soup('onion', 1, 0)","(3, 0):soup('onion', 1, 0);(4, 1):empty"
7,5,interact,"(3, 2)","(0, -1)",onion,"(3, 1)","(0, -1)",,"(3, 0):soup('onion', 1, 0)","(3, 0):soup('onion', 1, 0);(4, 1):empty",0.0,3.0,3,"(-1, 0)",-0.0006000000000000006,0.0,0.0,-0.0006000000000000006,0.0,3.0,False,"(3, 2)",onion,"(2, 1)",,"(3, 0):soup('onion', 1, 0)","(3, 0):soup('onion', 1, 0);(4, 1):empty"
8,0,"(0, -1)","(3, 2)","(0, -1)",onion,"(2, 1)","(-1, 0)",,"(3, 0):soup('onion', 1, 0)","(3, 0):soup('onion', 1, 0);(4, 1):empty",0.0,3.0,3,"(-1, 0)",-0.0006000000000000006,0.0,0.0,-0.0006000000000000006,0.0,3.0,False,"(3, 1)",onion,"(1, 1)",,"(3, 0):soup('onion', 1, 0)","(3, 0):soup('onion', 1, 0);(4, 1):empty"
9,5,interact,"(3, 1)","(0, -1)",onion,"(1, 1)","(-1, 0)",,"(3, 0):soup('onion', 1, 0)","(3, 0):soup('onion', 1, 0);(4, 1):empty",0.0,3.0,1,"(0, 1)",3.0588,0.0,3.0,0.0588,0.0,6.0,False,"(3, 1)",,"(1, 2)",,"(3, 0):soup('onion', 2, 0)","(3, 0):soup('onion', 2, 0);(4, 1):empty"
10,1,"(0, 1)","(3, 1)","(0, -1)",,"(1, 2)","(0, 1)",,"(3, 0):soup('onion', 2, 0)","(3, 0):soup('onion', 2, 0);(4, 1):empty",0.0,6.0,1,"(0, 1)",-0.0012000000000000012,0.0,0.0,-0.0012000000000000012,0.0,6.0,False,"(3, 2)",,"(1, 3)",,"(3, 0):soup('onion', 2, 0)","(3, 0):soup('onion', 2, 0);(4, 1):empty"
11,1,"(0, 1)","(3, 2)","(0, 1)",,"(1, 3)","(0, 1)",,"(3, 0):soup('onion', 2, 0)","(3, 0):soup('onion', 2, 0);(4, 1):empty",0.0,6.0,5,interact,-0.0012000000000000012,0.0,0.0,-0.0012000000000000012,0.0,6.0,False,"(3, 3)",,"(1, 3)",onion,"(3, 0):soup('onion', 2, 0)","(3, 0):soup('onion', 2, 0);(4, 1):empty"
12,3,"(-1, 0)","(3, 3)","(0, 1)",,"(1, 3)","(0, 1)",onion,"(3, 0):soup('onion', 2, 0)","(3, 0):soup('onion', 2, 0);(4, 1):empty",0.0,6.0,0,"(0, -1)",-0.0012000000000000012,0.0,0.0,-0.0012000000000000012,0.0,6.0,False,"(2, 3)",,"(1, 2)",onion,"(3, 0):soup('onion', 2, 0)","(3, 0):soup('onion', 2, 0);(4, 1):empty"
13,1,"(0, 1)","(2, 3)","(-1, 0)",,"(1, 2)","(0, -1)",onion,"(3, 0):soup('onion', 2, 0)","(3, 0):soup('onion', 2, 0);(4, 1):empty",0.0,6.0,0,"(0, -1)",-0.0012000000000000012,0.0,0.0,-0.0012000000000000012,0.0,6.0,False,"(2, 3)",,"(1, 1)",onion,"(3, 0):soup('onion', 2, 0)","(3, 0):soup('onion', 2, 0);(4, 1):empty"
14,3,"(-1, 0)","(2, 3)","(0, 1)",,"(1, 1)","(0, -1)",onion,"(3, 0):soup('onion', 2, 0)","(3, 0):soup('onion', 2, 0);(4, 1):empty",0.0,6.0,2,"(1, 0)",-0.0012000000000000012,0.0,0.0,-0.0012000000000000012,0.0,6.0,False,"(1, 3)",,"(2, 1)",onion,"(3, 0):soup('onion', 2, 0)","(3, 0):soup('onion', 2, 0);(4, 1):empty"
15,5,interact,"(1, 3)","(-1, 0)",,"(2, 1)","(1, 0)",onion,"(3, 0):soup('onion', 2, 0)","(3, 0):soup('onion', 2, 0);(4, 1):empty",0.0,6.0,2,"(1, 0)",-0.0012000000000000012,0.0,0.0,-0.0012000000000000012,0.0,6.0,False,"(1, 3)",onion,"(3, 1)",onion,"(3, 0):soup('onion', 2, 0)","(3, 0):soup('onion', 2, 0);(4, 1):empty"
16,2,"(1, 0)","(1, 3)","(-1, 0)",onion,"(3, 1)","(1, 0)",onion,"(3, 0):soup('onion', 2, 0)","(3, 0):soup('onion', 2, 0);(4, 1):empty",0.0,6.0,5,interact,3.0582,0.0,3.0,0.05819999999999999,0.0,9.0,False,"(2, 3)",onion,"(3, 1)",,"(3, 0):soup('onion', 2, 0);(4, 1):soup('onion', 1, 0)","(3, 0):soup('onion', 2, 0);(4, 1):soup('onion', 1, 0)"
17,2,"(1, 0)","(2, 3)","(1, 0)",onion,"(3, 1)","(1, 0)",,"(3, 0):soup('onion', 2, 0);(4, 1):soup('onion', 1, 0)","(3, 0):soup('onion', 2, 0);(4, 1):soup('onion', 1, 0)",0.0,9.0,5,interact,-0.0018000000000000017,0.0,0.0,-0.0018000000000000017,0.0,9.0,False,"(3, 3)",onion,"(3, 1)",,"(3, 0):soup('onion', 2, 0);(4, 1):soup('onion', 1, 0)","(3, 0):soup('onion', 2, 0);(4, 1):soup('onion', 1, 0)"
18,0,"(0, -1)","(3, 3)","(1, 0)",onion,"(3, 1)","(1, 0)",,"(3, 0):soup('onion', 2, 0);(4, 1):soup('onion', 1, 0)","(3, 0):soup('onion', 2, 0);(4, 1):soup('onion', 1, 0)",0.0,9.0,3,"(-1, 0)",-0.0018000000000000017,0.0,0.0,-0.0018000000000000017,0.0,9.0,False,"(3, 2)",onion,"(2, 1)",,"(3, 0):soup('onion', 2, 0);(4, 1):soup('onion', 1, 0)","(3, 0):soup('onion', 2, 0);(4, 1):soup('onion', 1, 0)"
19,0,"(0, -1)","(3, 2)","(0, -1)",onion,"(2, 1)","(-1, 0)",,"(3, 0):soup('onion', 2, 0);(4, 1):soup('onion', 1, 0)","(3, 0):soup('onion', 2, 0);(4, 1):soup('onion', 1, 0)",0.0,9.0,3,"(-1, 0)",-0.0018000000000000017,0.0,0.0,-0.0018000000000000017,0.0,9.0,False,"(3, 1)",onion,"(1, 1)",,"(3, 0):soup('onion', 2, 0);(4, 1):soup('onion', 1, 0)","(3, 0):soup('onion', 2, 0);(4, 1):soup('onion', 1, 0)"
20,5,interact,"(3, 1)","(0, -1)",onion,"(1, 1)","(-1, 0)",,"(3, 0):soup('onion', 2, 0);(4, 1):soup('onion', 1, 0)","(3, 0):soup('onion', 2, 0);(4, 1):soup('onion', 1, 0)",0.0,9.0,3,"(-1, 0)",3.0774,0.0,3.0,0.07740000000000001,0.0,12.0,False,"(3, 1)",,"(1, 1)",,"(3, 0):soup('onion', 3, 1);(4, 1):soup('onion', 1, 0)","(3, 0):soup('onion', 3, 1);(4, 1):soup('onion', 1, 0)"
21,3,"(-1, 0)","(3, 1)","(0, -1)",,"(1, 1)","(-1, 0)",,"(3, 0):soup('onion', 3, 1);(4, 1):soup('onion', 1, 0)","(3, 0):soup('onion', 3, 1);(4, 1):soup('onion', 1, 0)",0.0,12.0,1,"(0, 1)",-0.0026000000000000246,0.0,0.0,-0.0026000000000000246,0.0,12.0,False,"(2, 1)",,"(1, 2)",,"(3, 0):soup('onion', 3, 2);(4, 1):soup('onion', 1, 0)","(3, 0):soup('onion', 3, 2);(4, 1):soup('onion', 1, 0)"
22,3,"(-1, 0)","(2, 1)","(-1, 0)",,"(1, 2)","(0, 1)",,"(3, 0):soup('onion', 3, 2);(4, 1):soup('onion', 1, 0)","(3, 0):soup('onion', 3, 2);(4, 1):soup('onion', 1, 0)",0.0,12.0,1,"(0, 1)",-0.0026000000000000246,0.0,0.0,-0.0026000000000000246,0.0,12.0,False,"(1, 1)",,"(1, 3)",,"(3, 0):soup('onion', 3, 3);(4, 1):soup('onion', 1, 0)","(3, 0):soup('onion', 3, 3);(4, 1):soup('onion', 1, 0)"
23,1,"(0, 1)","(1, 1)","(-1, 0)",,"(1, 3)","(0, 1)",,"(3, 0):soup('onion', 3, 3);(4, 1):soup('onion', 1, 0)","(3, 0):soup('onion', 3, 3);(4, 1):soup('onion', 1, 0)",0.0,12.0,3,"(-1, 0)",-0.0026000000000000246,0.0,0.0,-0.0026000000000000246,0.0,12.0,False,"(1, 2)",,"(1, 3)",,"(3, 0):soup('onion', 3, 4);(4, 1):soup('onion', 1, 0)","(3, 0):soup('onion', 3, 4);(4, 1):soup('onion', 1, 0)"
24,5,interact,"(1, 2)","(0, 1)",,"(1, 3)","(-1, 0)",,"(3, 0):soup('onion', 3, 4);(4, 1):soup('onion', 1, 0)","(3, 0):soup('onion', 3, 4);(4, 1):soup('onion', 1, 0)",0.0,12.0,3,"(-1, 0)",-0.0026000000000000246,0.0,0.0,-0.0026000000000000246,0.0,12.0,False,"(1, 2)",,"(1, 3)",,"(3, 0):soup('onion', 3, 5);(4, 1):soup('onion', 1, 0)","(3, 0):soup('onion', 3, 5);(4, 1):soup('onion', 1, 0)"
25,5,interact,"(1, 2)","(0, 1)",,"(1, 3)","(-1, 0)",,"(3, 0):soup('onion', 3, 5);(4, 1):soup('onion', 1, 0)","(3, 0):soup('onion', 3, 5);(4, 1):soup('onion', 1, 0)",0.0,12.0,3,"(-1, 0)",-0.0026000000000000246,0.0,0.0,-0.0026000000000000246,0.0,12.0,False,"(1, 2)",,"(1, 3)",,"(3, 0):soup('onion', 3, 6);(4, 1):soup('onion', 1, 0)","(3, 0):soup('onion', 3, 6);(4, 1):soup('onion', 1, 0)"
26,5,interact,"(1, 2)","(0, 1)",,"(1, 3)","(-1, 0)",,"(3, 0):soup('onion', 3, 6);(4, 1):soup('onion', 1, 0)","(3, 0):soup('onion', 3, 6);(4, 1):soup('onion', 1, 0)",0.0,12.0,3,"(-1, 0)",-0.0026000000000000246,0.0,0.0,-0.0026000000000000246,0.0,12.0,False,"(1, 2)",,"(1, 3)",,"(3, 0):soup('onion', 3, 7);(4, 1):soup('onion', 1, 0)","(3, 0):soup('onion', 3, 7);(4, 1):soup('onion', 1, 0)"
27,5,interact,"(1, 2)","(0, 1)",,"(1, 3)","(-1, 0)",,"(3, 0):soup('onion', 3, 7);(4, 1):soup('onion', 1, 0)","(3, 0):soup('onion', 3, 7);(4, 1):soup('onion', 1, 0)",0.0,12.0,3,"(-1, 0)",-0.0026000000000000246,0.0,0.0,-0.0026000000000000246,0.0,12.0,False,"(1, 2)",,"(1, 3)",,"(3, 0):soup('onion', 3, 8);(4, 1):soup('onion', 1, 0)","(3, 0):soup('onion', 3, 8);(4, 1):soup('onion', 1, 0)"
28,5,interact,"(1, 2)","(0, 1)",,"(1, 3)","(-1, 0)",,"(3, 0):soup('onion', 3, 8);(4, 1):soup('onion', 1, 0)","(3, 0):soup('onion', 3, 8);(4, 1):soup('onion', 1, 0)",0.0,12.0,3,"(-1, 0)",-0.0026000000000000246,0.0,0.0,-0.0026000000000000246,0.0,12.0,False,"(1, 2)",,"(1, 3)",,"(3, 0):soup('onion', 3, 9);(4, 1):soup('onion', 1, 0)","(3, 0):soup('onion', 3, 9);(4, 1):soup('onion', 1, 0)"
29,5,interact,"(1, 2)","(0, 1)",,"(1, 3)","(-1, 0)",,"(3, 0):soup('onion', 3, 9);(4, 1):soup('onion', 1, 0)","(3, 0):soup('onion', 3, 9);(4, 1):soup('onion', 1, 0)",0.0,12.0,3,"(-1, 0)",-0.0026000000000000246,0.0,0.0,-0.0026000000000000246,0.0,12.0,False,"(1, 2)",,"(1, 3)",,"(3, 0):soup('onion', 3, 10);(4, 1):soup('onion', 1, 0)","(3, 0):soup('onion', 3, 10);(4, 1):soup('onion', 1, 0)"
30,5,interact,"(1, 2)","(0, 1)",,"(1, 3)","(-1, 0)",,"(3, 0):soup('onion', 3, 10);(4, 1):soup('onion', 1, 0)","(3, 0):soup('onion', 3, 10);(4, 1):soup('onion', 1, 0)",0.0,12.0,3,"(-1, 0)",-0.0026000000000000246,0.0,0.0,-0.0026000000000000246,0.0,12.0,False,"(1, 2)",,"(1, 3)",,"(3, 0):soup('onion', 3, 11);(4, 1):soup('onion', 1, 0)","(3, 0):soup('onion', 3, 11);(4, 1):soup('onion', 1, 0)"
31,5,interact,"(1, 2)","(0, 1)",,"(1, 3)","(-1, 0)",,"(3, 0):soup('onion', 3, 11);(4, 1):soup('onion', 1, 0)","(3, 0):soup('onion', 3, 11);(4, 1):soup('onion', 1, 0)",0.0,12.0,3,"(-1, 0)",-0.0026000000000000246,0.0,0.0,-0.0026000000000000246,0.0,12.0,False,"(1, 2)",,"(1, 3)",,"(3, 0):soup('onion', 3, 12);(4, 1):soup('onion', 1, 0)","(3, 0):soup('onion', 3, 12);(4, 1):soup('onion', 1, 0)"
32,5,interact,"(1, 2)","(0, 1)",,"(1, 3)","(-1, 0)",,"(3, 0):soup('onion', 3, 12);(4, 1):soup('onion', 1, 0)","(3, 0):soup('onion', 3, 12);(4, 1):soup('onion', 1, 0)",0.0,12.0,3,"(-1, 0)",-0.0026000000000000246,0.0,0.0,-0.0026000000000000246,0.0,12.0,False,"(1, 2)",,"(1, 3)",,"(3, 0):soup('onion', 3, 13);(4, 1):soup('onion', 1, 0)","(3, 0):soup('onion', 3, 13);(4, 1):soup('onion', 1, 0)"
33,5,interact,"(1, 2)","(0, 1)",,"(1, 3)","(-1, 0)",,"(3, 0):soup('onion', 3, 13);(4, 1):soup('onion', 1, 0)","(3, 0):soup('onion', 3, 13);(4, 1):soup('onion', 1, 0)",0.0,12.0,3,"(-1, 0)",-0.0026000000000000246,0.0,0.0,-0.0026000000000000246,0.0,12.0,False,"(1, 2)",,"(1, 3)",,"(3, 0):soup('onion', 3, 14);(4, 1):soup('onion', 1, 0)","(3, 0):soup('onion', 3, 14);(4, 1):soup('onion', 1, 0)"
34,5,interact,"(1, 2)","(0, 1)",,"(1, 3)","(-1, 0)",,"(3, 0):soup('onion', 3, 14);(4, 1):soup('onion', 1, 0)","(3, 0):soup('onion', 3, 14);(4, 1):soup('onion', 1, 0)",0.0,12.0,3,"(-1, 0)",-0.0026000000000000246,0.0,0.0,-0.0026000000000000246,0.0,12.0,False,"(1, 2)",,"(1, 3)",,"(3, 0):soup('onion', 3, 15);(4, 1):soup('onion', 1, 0)","(3, 0):soup('onion', 3, 15);(4, 1):soup('onion', 1, 0)"
35,5,interact,"(1, 2)","(0, 1)",,"(1, 3)","(-1, 0)",,"(3, 0):soup('onion', 3, 15);(4, 1):soup('onion', 1, 0)","(3, 0):soup('onion', 3, 15);(4, 1):soup('onion', 1, 0)",0.0,12.0,3,"(-1, 0)",-0.0026000000000000246,0.0,0.0,-0.0026000000000000246,0.0,12.0,False,"(1, 2)",,"(1, 3)",,"(3, 0):soup('onion', 3, 16);(4, 1):soup('onion', 1, 0)","(3, 0):soup('onion', 3, 16);(4, 1):soup('onion', 1, 0)"
36,5,interact,"(1, 2)","(0, 1)",,"(1, 3)","(-1, 0)",,"(3, 0):soup('onion', 3, 16);(4, 1):soup('onion', 1, 0)","(3, 0):soup('onion', 3, 16);(4, 1):soup('onion', 1, 0)",0.0,12.0,3,"(-1, 0)",-0.0026000000000000246,0.0,0.0,-0.0026000000000000246,0.0,12.0,False,"(1, 2)",,"(1, 3)",,"(3, 0):soup('onion', 3, 17);(4, 1):soup('onion', 1, 0)","(3, 0):soup('onion', 3, 17);(4, 1):soup('onion', 1, 0)"
37,5,interact,"(1, 2)","(0, 1)",,"(1, 3)","(-1, 0)",,"(3, 0):soup('onion', 3, 17);(4, 1):soup('onion', 1, 0)","(3, 0):soup('onion', 3, 17);(4, 1):soup('onion', 1, 0)",0.0,12.0,3,"(-1, 0)",-0.0026000000000000246,0.0,0.0,-0.0026000000000000246,0.0,12.0,False,"(1, 2)",,"(1, 3)",,"(3, 0):soup('onion', 3, 18);(4, 1):soup('onion', 1, 0)","(3, 0):soup('onion', 3, 18);(4, 1):soup('onion', 1, 0)"
38,5,interact,"(1, 2)","(0, 1)",,"(1, 3)","(-1, 0)",,"(3, 0):soup('onion', 3, 18);(4, 1):soup('onion', 1, 0)","(3, 0):soup('onion', 3, 18);(4, 1):soup('onion', 1, 0)",0.0,12.0,3,"(-1, 0)",-0.0026000000000000246,0.0,0.0,-0.0026000000000000246,0.0,12.0,False,"(1, 2)",,"(1, 3)",,"(3, 0):soup('onion', 3, 19);(4, 1):soup('onion', 1, 0)","(3, 0):soup('onion', 3, 19);(4, 1):soup('onion', 1, 0)"
39,5,interact,"(1, 2)","(0, 1)",,"(1, 3)","(-1, 0)",,"(3, 0):soup('onion', 3, 19);(4, 1):soup('onion', 1, 0)","(3, 0):soup('onion', 3, 19);(4, 1):soup('onion', 1, 0)",0.0,12.0,3,"(-1, 0)",0.03699999999999997,0.0,0.0,0.03699999999999997,0.0,12.0,False,"(1, 2)",,"(1, 3)",,"(3, 0):soup('onion', 3, 20);(4, 1):soup('onion', 1, 0)","(3, 0):soup('onion', 3, 20);(4, 1):soup('onion', 1, 0)"
40,3,"(-1, 0)","(1, 2)","(0, 1)",,"(1, 3)","(-1, 0)",,"(3, 0):soup('onion', 3, 20);(4, 1):soup('onion', 1, 0)","(3, 0):soup('onion', 3, 20);(4, 1):soup('onion', 1, 0)",0.0,12.0,0,"(0, -1)",-0.003000000000000025,0.0,0.0,-0.003000000000000025,0.0,12.0,False,"(1, 2)",,"(1, 3)",,"(3, 0):soup('onion', 3, 20);(4, 1):soup('onion', 1, 0)","(3, 0):soup('onion', 3, 20);(4, 1):soup('onion', 1, 0)"
41,5,interact,"(1, 2)","(-1, 0)",,"(1, 3)","(0, -1)",,"(3, 0):soup('onion', 3, 20);(4, 1):soup('onion', 1, 0)","(3, 0):soup('onion', 3, 20);(4, 1):soup('onion', 1, 0)",0.0,12.0,0,"(0, -1)",3.0564,0.0,3.0,0.056400000000000006,0.0,15.0,False,"(1, 2)",dish,"(1, 3)",,"(3, 0):soup('onion', 3, 20);(4, 1):soup('onion', 1, 0)","(3, 0):soup('onion', 3, 20);(4, 1):soup('onion', 1, 0)"
42,0,"(0, -1)","(1, 2)","(-1, 0)",dish,"(1, 3)","(0, -1)",,"(3, 0):soup('onion', 3, 20);(4, 1):soup('onion', 1, 0)","(3, 0):soup('onion', 3, 20);(4, 1):soup('onion', 1, 0)",0.0,15.0,0,"(0, -1)",-0.0036000000000000034,0.0,0.0,-0.0036000000000000034,0.0,15.0,False,"(1, 1)",dish,"(1, 2)",,"(3, 0):soup('onion', 3, 20);(4, 1):soup('onion', 1, 0)","(3, 0):soup('onion', 3, 20);(4, 1):soup('onion', 1, 0)"
43,2,"(1, 0)","(1, 1)","(0, -1)",dish,"(1, 2)","(0, -1)",,"(3, 0):soup('onion', 3, 20);(4, 1):soup('onion', 1, 0)","(3, 0):soup('onion', 3, 20);(4, 1):soup('onion', 1, 0)",0.0,15.0,1,"(0, 1)",-0.0036000000000000034,0.0,0.0,-0.0036000000000000034,0.0,15.0,False,"(2, 1)",dish,"(1, 3)",,"(3, 0):soup('onion', 3, 20);(4, 1):soup('onion', 1, 0)","(3, 0):soup('onion', 3, 20);(4, 1):soup('onion', 1, 0)"
44,2,"(1, 0)","(2, 1)","(1, 0)",dish,"(1, 3)","(0, 1)",,"(3, 0):soup('onion', 3, 20);(4, 1):soup('onion', 1, 0)","(3, 0):soup('onion', 3, 20);(4, 1):soup('onion', 1, 0)",0.0,15.0,5,interact,-0.0036000000000000034,0.0,0.0,-0.0036000000000000034,0.0,15.0,False,"(3, 1)",dish,"(1, 3)",onion,"(3, 0):soup('onion', 3, 20);(4, 1):soup('onion', 1, 0)","(3, 0):soup('onion', 3, 20);(4, 1):soup('onion', 1, 0)"
45,0,"(0, -1)","(3, 1)","(1, 0)",dish,"(1, 3)","(0, 1)",onion,"(3, 0):soup('onion', 3, 20);(4, 1):soup('onion', 1, 0)","(3, 0):soup('onion', 3, 20);(4, 1):soup('onion', 1, 0)",0.0,15.0,0,"(0, -1)",-0.013500000000000024,0.0,0.0,-0.013500000000000024,0.0,15.0,False,"(3, 1)",dish,"(1, 2)",onion,"(3, 0):soup('onion', 3, 20);(4, 1):soup('onion', 1, 0)","(3, 0):soup('onion', 3, 20);(4, 1):soup('onion', 1, 0)"
46,5,interact,"(3, 1)","(0, -1)",dish,"(1, 2)","(0, -1)",onion,"(3, 0):soup('onion', 3, 20);(4, 1):soup('onion', 1, 0)","(3, 0):soup('onion', 3, 20);(4, 1):soup('onion', 1, 0)",0.0,15.0,1,"(0, 1)",5.0658,0.0,5.0,0.06579999999999996,0.0,20.0,False,"(3, 1)","soup('onion', 3, 20)","(1, 3)",onion,"(4, 1):soup('onion', 1, 0)","(3, 0):empty;(4, 1):soup('onion', 1, 0)"
47,1,"(0, 1)","(3, 1)","(0, -1)","soup('onion', 3, 20)","(1, 3)","(0, 1)",onion,"(4, 1):soup('onion', 1, 0)","(3, 0):empty;(4, 1):soup('onion', 1, 0)",0.0,20.0,5,interact,0.005700000000000038,0.0,0.0,0.005700000000000038,0.0,20.0,False,"(3, 2)","soup('onion', 3, 20)","(1, 3)",onion,"(4, 1):soup('onion', 1, 0)","(3, 0):empty;(4, 1):soup('onion', 1, 0)"
48,1,"(0, 1)","(3, 2)","(0, 1)","soup('onion', 3, 20)","(1, 3)","(0, 1)",onion,"(4, 1):soup('onion', 1, 0)","(3, 0):empty;(4, 1):soup('onion', 1, 0)",0.0,20.0,5,interact,0.005600000000000005,0.0,0.0,0.005600000000000005,0.0,20.0,False,"(3, 3)","soup('onion', 3, 20)","(1, 3)",onion,"(4, 1):soup('onion', 1, 0)","(3, 0):empty;(4, 1):soup('onion', 1, 0)"
49,3,"(-1, 0)","(3, 3)","(0, 1)","soup('onion', 3, 20)","(1, 3)","(0, 1)",onion,"(4, 1):soup('onion', 1, 0)","(3, 0):empty;(4, 1):soup('onion', 1, 0)",0.0,20.0,0,"(0, -1)",0.00550000000000006,0.0,0.0,0.00550000000000006,0.0,20.0,False,"(2, 3)","soup('onion', 3, 20)","(1, 2)",onion,"(4, 1):soup('onion', 1, 0)","(3, 0):empty;(4, 1):soup('onion', 1, 0)"
50,1,"(0, 1)","(2, 3)","(-1, 0)","soup('onion', 3, 20)","(1, 2)","(0, -1)",onion,"(4, 1):soup('onion', 1, 0)","(3, 0):empty;(4, 1):soup('onion', 1, 0)",0.0,20.0,0,"(0, -1)",-0.004499999999999993,0.0,0.0,-0.004499999999999993,0.0,20.0,False,"(2, 3)","soup('onion', 3, 20)","(1, 1)",onion,"(4, 1):soup('onion', 1, 0)","(3, 0):empty;(4, 1):soup('onion', 1, 0)"
51,5,interact,"(2, 3)","(0, 1)","soup('onion', 3, 20)","(1, 1)","(0, -1)",onion,"(4, 1):soup('onion', 1, 0)","(3, 0):empty;(4, 1):soup('onion', 1, 0)",0.0,20.0,2,"(1, 0)",19.6094,20.0,0.0,-0.39060000000000006,20.0,20.0,True,"(2, 3)",,"(2, 1)",onion,"(4, 1):soup('onion', 1, 0)","(3, 0):empty;(4, 1):soup('onion', 1, 0)"
52,3,"(-1, 0)","(2, 3)","(0, 1)",,"(2, 1)","(1, 0)",onion,"(4, 1):soup('onion', 1, 0)","(3, 0):empty;(4, 1):soup('onion', 1, 0)",20.0,20.0,2,"(1, 0)",-0.0006000000000000006,0.0,0.0,-0.0006000000000000006,20.0,20.0,False,"(1, 3)",,"(3, 1)",onion,"(4, 1):soup('onion', 1, 0)","(3, 0):empty;(4, 1):soup('onion', 1, 0)"
53,5,interact,"(1, 3)","(-1, 0)",,"(3, 1)","(1, 0)",onion,"(4, 1):soup('onion', 1, 0)","(3, 0):empty;(4, 1):soup('onion', 1, 0)",20.0,20.0,5,interact,3.0588,0.0,3.0,0.0588,20.0,23.0,False,"(1, 3)",onion,"(3, 1)",,"(4, 1):soup('onion', 2, 0)","(3, 0):empty;(4, 1):soup('onion', 2, 0)"
54,2,"(1, 0)","(1, 3)","(-1, 0)",onion,"(3, 1)","(1, 0)",,"(4, 1):soup('onion', 2, 0)","(3, 0):empty;(4, 1):soup('onion', 2, 0)",20.0,23.0,5,interact,-0.0012000000000000012,0.0,0.0,-0.0012000000000000012,20.0,23.0,False,"(2, 3)",onion,"(3, 1)",,"(4, 1):soup('onion', 2, 0)","(3, 0):empty;(4, 1):soup('onion', 2, 0)"
55,2,"(1, 0)","(2, 3)","(1, 0)",onion,"(3, 1)","(1, 0)",,"(4, 1):soup('onion', 2, 0)","(3, 0):empty;(4, 1):soup('onion', 2, 0)",20.0,23.0,0,"(0, -1)",-0.0012000000000000012,0.0,0.0,-0.0012000000000000012,20.0,23.0,False,"(3, 3)",onion,"(3, 1)",,"(4, 1):soup('onion', 2, 0)","(3, 0):empty;(4, 1):soup('onion', 2, 0)"
56,0,"(0, -1)","(3, 3)","(1, 0)",onion,"(3, 1)","(0, -1)",,"(4, 1):soup('onion', 2, 0)","(3, 0):empty;(4, 1):soup('onion', 2, 0)",20.0,23.0,3,"(-1, 0)",-0.0012000000000000012,0.0,0.0,-0.0012000000000000012,20.0,23.0,False,"(3, 2)",onion,"(2, 1)",,"(4, 1):soup('onion', 2, 0)","(3, 0):empty;(4, 1):soup('onion', 2, 0)"
57,0,"(0, -1)","(3, 2)","(0, -1)",onion,"(2, 1)","(-1, 0)",,"(4, 1):soup('onion', 2, 0)","(3, 0):empty;(4, 1):soup('onion', 2, 0)",20.0,23.0,3,"(-1, 0)",-0.0012000000000000012,0.0,0.0,-0.0012000000000000012,20.0,23.0,False,"(3, 1)",onion,"(1, 1)",,"(4, 1):soup('onion', 2, 0)","(3, 0):empty;(4, 1):soup('onion', 2, 0)"
58,2,"(1, 0)","(3, 1)","(0, -1)",onion,"(1, 1)","(-1, 0)",,"(4, 1):soup('onion', 2, 0)","(3, 0):empty;(4, 1):soup('onion', 2, 0)",20.0,23.0,1,"(0, 1)",-0.0012000000000000012,0.0,0.0,-0.0012000000000000012,20.0,23.0,False,"(3, 1)",onion,"(1, 2)",,"(4, 1):soup('onion', 2, 0)","(3, 0):empty;(4, 1):soup('onion', 2, 0)"
59,5,interact,"(3, 1)","(1, 0)",onion,"(1, 2)","(0, 1)",,"(4, 1):soup('onion', 2, 0)","(3, 0):empty;(4, 1):soup('onion', 2, 0)",20.0,23.0,1,"(0, 1)",3.078,0.0,3.0,0.07800000000000001,20.0,26.0,False,"(3, 1)",,"(1, 3)",,"(4, 1):soup('onion', 3, 1)","(3, 0):empty;(4, 1):soup('onion', 3, 1)"
60,3,"(-1, 0)","(3, 1)","(1, 0)",,"(1, 3)","(0, 1)",,"(4, 1):soup('onion', 3, 1)","(3, 0):empty;(4, 1):soup('onion', 3, 1)",20.0,26.0,5,interact,-0.0020000000000000018,0.0,0.0,-0.0020000000000000018,20.0,26.0,False,"(2, 1)",,"(1, 3)",onion,"(4, 1):soup('onion', 3, 2)","(3, 0):empty;(4, 1):soup('onion', 3, 2)"
61,3,"(-1, 0)","(2, 1)","(-1, 0)",,"(1, 3)","(0, 1)",onion,"(4, 1):soup('onion', 3, 2)","(3, 0):empty;(4, 1):soup('onion', 3, 2)",20.0,26.0,5,interact,-0.0020000000000000018,0.0,0.0,-0.0020000000000000018,20.0,26.0,False,"(1, 1)",,"(1, 3)",onion,"(4, 1):soup('onion', 3, 3)","(3, 0):empty;(4, 1):soup('onion', 3, 3)"
62,1,"(0, 1)","(1, 1)","(-1, 0)",,"(1, 3)","(0, 1)",onion,"(4, 1):soup('onion', 3, 3)","(3, 0):empty;(4, 1):soup('onion', 3, 3)",20.0,26.0,5,interact,-0.0020000000000000018,0.0,0.0,-0.0020000000000000018,20.0,26.0,False,"(1, 2)",,"(1, 3)",onion,"(4, 1):soup('onion', 3, 4)","(3, 0):empty;(4, 1):soup('onion', 3, 4)"
63,3,"(-1, 0)","(1, 2)","(0, 1)",,"(1, 3)","(0, 1)",onion,"(4, 1):soup('onion', 3, 4)","(3, 0):empty;(4, 1):soup('onion', 3, 4)",20.0,26.0,5,interact,-0.0020000000000000018,0.0,0.0,-0.0020000000000000018,20.0,26.0,False,"(1, 2)",,"(1, 3)",onion,"(4, 1):soup('onion', 3, 5)","(3, 0):empty;(4, 1):soup('onion', 3, 5)"
64,5,interact,"(1, 2)","(-1, 0)",,"(1, 3)","(0, 1)",onion,"(4, 1):soup('onion', 3, 5)","(3, 0):empty;(4, 1):soup('onion', 3, 5)",20.0,26.0,5,interact,2.998,0.0,3.0,-0.0020000000000000018,20.0,29.0,False,"(1, 2)",dish,"(1, 3)",onion,"(4, 1):soup('onion', 3, 6)","(3, 0):empty;(4, 1):soup('onion', 3, 6)"
65,0,"(0, -1)","(1, 2)","(-1, 0)",dish,"(1, 3)","(0, 1)",onion,"(4, 1):soup('onion', 3, 6)","(3, 0):empty;(4, 1):soup('onion', 3, 6)",20.0,29.0,5,interact,-0.0020000000000000018,0.0,0.0,-0.0020000000000000018,20.0,29.0,False,"(1, 1)",dish,"(1, 3)",onion,"(4, 1):soup('onion', 3, 7)","(3, 0):empty;(4, 1):soup('onion', 3, 7)"
66,2,"(1, 0)","(1, 1)","(0, -1)",dish,"(1, 3)","(0, 1)",onion,"(4, 1):soup('onion', 3, 7)","(3, 0):empty;(4, 1):soup('onion', 3, 7)",20.0,29.0,2,"(1, 0)",-0.0020000000000000018,0.0,0.0,-0.0020000000000000018,20.0,29.0,False,"(2, 1)",dish,"(2, 3)",onion,"(4, 1):soup('onion', 3, 8)","(3, 0):empty;(4, 1):soup('onion', 3, 8)"
67,2,"(1, 0)","(2, 1)","(1, 0)",dish,"(2, 3)","(1, 0)",onion,"(4, 1):soup('onion', 3, 8)","(3, 0):empty;(4, 1):soup('onion', 3, 8)",20.0,29.0,5,interact,-0.0020000000000000018,0.0,0.0,-0.0020000000000000018,20.0,29.0,False,"(3, 1)",dish,"(2, 3)",onion,"(4, 1):soup('onion', 3, 9)","(3, 0):empty;(4, 1):soup('onion', 3, 9)"
68,0,"(0, -1)","(3, 1)","(1, 0)",dish,"(2, 3)","(1, 0)",onion,"(4, 1):soup('onion', 3, 9)","(3, 0):empty;(4, 1):soup('onion', 3, 9)",20.0,29.0,4,"(0, 0)",-0.0020000000000000018,0.0,0.0,-0.0020000000000000018,20.0,29.0,False,"(3, 1)",dish,"(2, 3)",onion,"(4, 1):soup('onion', 3, 10)","(3, 0):empty;(4, 1):soup('onion', 3, 10)"
69,0,"(0, -1)","(3, 1)","(0, -1)",dish,"(2, 3)","(1, 0)",onion,"(4, 1):soup('onion', 3, 10)","(3, 0):empty;(4, 1):soup('onion', 3, 10)",20.0,29.0,4,"(0, 0)",-0.0020000000000000018,0.0,0.0,-0.0020000000000000018,20.0,29.0,False,"(3, 1)",dish,"(2, 3)",onion,"(4, 1):soup('onion', 3, 11)","(3, 0):empty;(4, 1):soup('onion', 3, 11)"
70,0,"(0, -1)","(3, 1)","(0, -1)",dish,"(2, 3)","(1, 0)",onion,"(4, 1):soup('onion', 3, 11)","(3, 0):empty;(4, 1):soup('onion', 3, 11)",20.0,29.0,4,"(0, 0)",-0.0020000000000000018,0.0,0.0,-0.0020000000000000018,20.0,29.0,False,"(3, 1)",dish,"(2, 3)",onion,"(4, 1):soup('onion', 3, 12)","(3, 0):empty;(4, 1):soup('onion', 3, 12)"
71,0,"(0, -1)","(3, 1)","(0, -1)",dish,"(2, 3)","(1, 0)",onion,"(4, 1):soup('onion', 3, 12)","(3, 0):empty;(4, 1):soup('onion', 3, 12)",20.0,29.0,4,"(0, 0)",-0.0020000000000000018,0.0,0.0,-0.0020000000000000018,20.0,29.0,False,"(3, 1)",dish,"(2, 3)",onion,"(4, 1):soup('onion', 3, 13)","(3, 0):empty;(4, 1):soup('onion', 3, 13)"
72,0,"(0, -1)","(3, 1)","(0, -1)",dish,"(2, 3)","(1, 0)",onion,"(4, 1):soup('onion', 3, 13)","(3, 0):empty;(4, 1):soup('onion', 3, 13)",20.0,29.0,4,"(0, 0)",-0.0020000000000000018,0.0,0.0,-0.0020000000000000018,20.0,29.0,False,"(3, 1)",dish,"(2, 3)",onion,"(4, 1):soup('onion', 3, 14)","(3, 0):empty;(4, 1):soup('onion', 3, 14)"
73,0,"(0, -1)","(3, 1)","(0, -1)",dish,"(2, 3)","(1, 0)",onion,"(4, 1):soup('onion', 3, 14)","(3, 0):empty;(4, 1):soup('onion', 3, 14)",20.0,29.0,4,"(0, 0)",-0.0020000000000000018,0.0,0.0,-0.0020000000000000018,20.0,29.0,False,"(3, 1)",dish,"(2, 3)",onion,"(4, 1):soup('onion', 3, 15)","(3, 0):empty;(4, 1):soup('onion', 3, 15)"
74,0,"(0, -1)","(3, 1)","(0, -1)",dish,"(2, 3)","(1, 0)",onion,"(4, 1):soup('onion', 3, 15)","(3, 0):empty;(4, 1):soup('onion', 3, 15)",20.0,29.0,4,"(0, 0)",-0.0020000000000000018,0.0,0.0,-0.0020000000000000018,20.0,29.0,False,"(3, 1)",dish,"(2, 3)",onion,"(4, 1):soup('onion', 3, 16)","(3, 0):empty;(4, 1):soup('onion', 3, 16)"
75,0,"(0, -1)","(3, 1)","(0, -1)",dish,"(2, 3)","(1, 0)",onion,"(4, 1):soup('onion', 3, 16)","(3, 0):empty;(4, 1):soup('onion', 3, 16)",20.0,29.0,4,"(0, 0)",-0.0020000000000000018,0.0,0.0,-0.0020000000000000018,20.0,29.0,False,"(3, 1)",dish,"(2, 3)",onion,"(4, 1):soup('onion', 3, 17)","(3, 0):empty;(4, 1):soup('onion', 3, 17)"
76,0,"(0, -1)","(3, 1)","(0, -1)",dish,"(2, 3)","(1, 0)",onion,"(4, 1):soup('onion', 3, 17)","(3, 0):empty;(4, 1):soup('onion', 3, 17)",20.0,29.0,4,"(0, 0)",-0.0020000000000000018,0.0,0.0,-0.0020000000000000018,20.0,29.0,False,"(3, 1)",dish,"(2, 3)",onion,"(4, 1):soup('onion', 3, 18)","(3, 0):empty;(4, 1):soup('onion', 3, 18)"
77,0,"(0, -1)","(3, 1)","(0, -1)",dish,"(2, 3)","(1, 0)",onion,"(4, 1):soup('onion', 3, 18)","(3, 0):empty;(4, 1):soup('onion', 3, 18)",20.0,29.0,4,"(0, 0)",-0.0020000000000000018,0.0,0.0,-0.0020000000000000018,20.0,29.0,False,"(3, 1)",dish,"(2, 3)",onion,"(4, 1):soup('onion', 3, 19)","(3, 0):empty;(4, 1):soup('onion', 3, 19)"
78,0,"(0, -1)","(3, 1)","(0, -1)",dish,"(2, 3)","(1, 0)",onion,"(4, 1):soup('onion', 3, 19)","(3, 0):empty;(4, 1):soup('onion', 3, 19)",20.0,29.0,4,"(0, 0)",0.09699999999999998,0.0,0.0,0.09699999999999998,20.0,29.0,False,"(3, 1)",dish,"(2, 3)",onion,"(4, 1):soup('onion', 3, 20)","(3, 0):empty;(4, 1):soup('onion', 3, 20)"
79,2,"(1, 0)","(3, 1)","(0, -1)",dish,"(2, 3)","(1, 0)",onion,"(4, 1):soup('onion', 3, 20)","(3, 0):empty;(4, 1):soup('onion', 3, 20)",20.0,29.0,4,"(0, 0)",-0.003000000000000025,0.0,0.0,-0.003000000000000025,20.0,29.0,False,"(3, 1)",dish,"(2, 3)",onion,"(4, 1):soup('onion', 3, 20)","(3, 0):empty;(4, 1):soup('onion', 3, 20)"
80,5,interact,"(3, 1)","(1, 0)",dish,"(2, 3)","(1, 0)",onion,"(4, 1):soup('onion', 3, 20)","(3, 0):empty;(4, 1):soup('onion', 3, 20)",20.0,29.0,3,"(-1, 0)",5.0564,0.0,5.0,0.056400000000000006,20.0,34.0,False,"(3, 1)","soup('onion', 3, 20)","(1, 3)",onion,,"(3, 0):empty;(4, 1):empty"
81,1,"(0, 1)","(3, 1)","(1, 0)","soup('onion', 3, 20)","(1, 3)","(-1, 0)",onion,,"(3, 0):empty;(4, 1):empty",20.0,34.0,5,interact,0.006300000000000017,0.0,0.0,0.006300000000000017,20.0,34.0,False,"(3, 2)","soup('onion', 3, 20)","(1, 3)",onion,,"(3, 0):empty;(4, 1):empty"
82,1,"(0, 1)","(3, 2)","(0, 1)","soup('onion', 3, 20)","(1, 3)","(-1, 0)",onion,,"(3, 0):empty;(4, 1):empty",20.0,34.0,3,"(-1, 0)",0.006199999999999983,0.0,0.0,0.006199999999999983,20.0,34.0,False,"(3, 3)","soup('onion', 3, 20)","(1, 3)",onion,,"(3, 0):empty;(4, 1):empty"
83,3,"(-1, 0)","(3, 3)","(0, 1)","soup('onion', 3, 20)","(1, 3)","(-1, 0)",onion,,"(3, 0):empty;(4, 1):empty",20.0,34.0,0,"(0, -1)",0.006099999999999994,0.0,0.0,0.006099999999999994,20.0,34.0,False,"(2, 3)","soup('onion', 3, 20)","(1, 2)",onion,,"(3, 0):empty;(4, 1):empty"
84,1,"(0, 1)","(2, 3)","(-1, 0)","soup('onion', 3, 20)","(1, 2)","(0, -1)",onion,,"(3, 0):empty;(4, 1):empty",20.0,34.0,0,"(0, -1)",-0.0039000000000000146,0.0,0.0,-0.0039000000000000146,20.0,34.0,False,"(2, 3)","soup('onion', 3, 20)","(1, 1)",onion,,"(3, 0):empty;(4, 1):empty"
85,5,interact,"(2, 3)","(0, 1)","soup('onion', 3, 20)","(1, 1)","(0, -1)",onion,,"(3, 0):empty;(4, 1):empty",20.0,34.0,2,"(1, 0)",19.61,20.0,0.0,-0.39,40.0,34.0,True,"(2, 3)",,"(2, 1)",onion,,"(3, 0):empty;(4, 1):empty"
86,3,"(-1, 0)","(2, 3)","(0, 1)",,"(2, 1)","(1, 0)",onion,,"(3, 0):empty;(4, 1):empty",40.0,34.0,2,"(1, 0)",0.0,0.0,0.0,0.0,40.0,34.0,False,"(1, 3)",,"(3, 1)",onion,,"(3, 0):empty;(4, 1):empty"
87,5,interact,"(1, 3)","(-1, 0)",,"(3, 1)","(1, 0)",onion,,"(3, 0):empty;(4, 1):empty",40.0,34.0,5,interact,3.0594,0.0,3.0,0.0594,40.0,37.0,False,"(1, 3)",onion,"(3, 1)",,"(4, 1):soup('onion', 1, 0)","(3, 0):empty;(4, 1):soup('onion', 1, 0)"
88,2,"(1, 0)","(1, 3)","(-1, 0)",onion,"(3, 1)","(1, 0)",,"(4, 1):soup('onion', 1, 0)","(3, 0):empty;(4, 1):soup('onion', 1, 0)",40.0,37.0,5,interact,-0.0006000000000000006,0.0,0.0,-0.0006000000000000006,40.0,37.0,False,"(2, 3)",onion,"(3, 1)",,"(4, 1):soup('onion', 1, 0)","(3, 0):empty;(4, 1):soup('onion', 1, 0)"
89,2,"(1, 0)","(2, 3)","(1, 0)",onion,"(3, 1)","(1, 0)",,"(4, 1):soup('onion', 1, 0)","(3, 0):empty;(4, 1):soup('onion', 1, 0)",40.0,37.0,0,"(0, -1)",-0.0006000000000000006,0.0,0.0,-0.0006000000000000006,40.0,37.0,False,"(3, 3)",onion,"(3, 1)",,"(4, 1):soup('onion', 1, 0)","(3, 0):empty;(4, 1):soup('onion', 1, 0)"
90,0,"(0, -1)","(3, 3)","(1, 0)",onion,"(3, 1)","(0, -1)",,"(4, 1):soup('onion', 1, 0)","(3, 0):empty;(4, 1):soup('onion', 1, 0)",40.0,37.0,3,"(-1, 0)",-0.0006000000000000006,0.0,0.0,-0.0006000000000000006,40.0,37.0,False,"(3, 2)",onion,"(2, 1)",,"(4, 1):soup('onion', 1, 0)","(3, 0):empty;(4, 1):soup('onion', 1, 0)"
91,0,"(0, -1)","(3, 2)","(0, -1)",onion,"(2, 1)","(-1, 0)",,"(4, 1):soup('onion', 1, 0)","(3, 0):empty;(4, 1):soup('onion', 1, 0)",40.0,37.0,3,"(-1, 0)",-0.0006000000000000006,0.0,0.0,-0.0006000000000000006,40.0,37.0,False,"(3, 1)",onion,"(1, 1)",,"(4, 1):soup('onion', 1, 0)","(3, 0):empty;(4, 1):soup('onion', 1, 0)"
92,2,"(1, 0)","(3, 1)","(0, -1)",onion,"(1, 1)","(-1, 0)",,"(4, 1):soup('onion', 1, 0)","(3, 0):empty;(4, 1):soup('onion', 1, 0)",40.0,37.0,1,"(0, 1)",-0.0006000000000000006,0.0,0.0,-0.0006000000000000006,40.0,37.0,False,"(3, 1)",onion,"(1, 2)",,"(4, 1):soup('onion', 1, 0)","(3, 0):empty;(4, 1):soup('onion', 1, 0)"
93,5,interact,"(3, 1)","(1, 0)",onion,"(1, 2)","(0, 1)",,"(4, 1):soup('onion', 1, 0)","(3, 0):empty;(4, 1):soup('onion', 1, 0)",40.0,37.0,1,"(0, 1)",3.0588,0.0,3.0,0.0588,40.0,40.0,False,"(3, 1)",,"(1, 3)",,"(4, 1):soup('onion', 2, 0)","(3, 0):empty;(4, 1):soup('onion', 2, 0)"
94,1,"(0, 1)","(3, 1)","(1, 0)",,"(1, 3)","(0, 1)",,"(4, 1):soup('onion', 2, 0)","(3, 0):empty;(4, 1):soup('onion', 2, 0)",40.0,40.0,5,interact,-0.0012000000000000012,0.0,0.0,-0.0012000000000000012,40.0,40.0,False,"(3, 2)",,"(1, 3)",onion,"(4, 1):soup('onion', 2, 0)","(3, 0):empty;(4, 1):soup('onion', 2, 0)"
95,1,"(0, 1)","(3, 2)","(0, 1)",,"(1, 3)","(0, 1)",onion,"(4, 1):soup('onion', 2, 0)","(3, 0):empty;(4, 1):soup('onion', 2, 0)",40.0,40.0,5,interact,-0.0012000000000000012,0.0,0.0,-0.0012000000000000012,40.0,40.0,False,"(3, 3)",,"(1, 3)",onion,"(4, 1):soup('onion', 2, 0)","(3, 0):empty;(4, 1):soup('onion', 2, 0)"
96,3,"(-1, 0)","(3, 3)","(0, 1)",,"(1, 3)","(0, 1)",onion,"(4, 1):soup('onion', 2, 0)","(3, 0):empty;(4, 1):soup('onion', 2, 0)",40.0,40.0,0,"(0, -1)",-0.0012000000000000012,0.0,0.0,-0.0012000000000000012,40.0,40.0,False,"(2, 3)",,"(1, 2)",onion,"(4, 1):soup('onion', 2, 0)","(3, 0):empty;(4, 1):soup('onion', 2, 0)"
97,1,"(0, 1)","(2, 3)","(-1, 0)",,"(1, 2)","(0, -1)",onion,"(4, 1):soup('onion', 2, 0)","(3, 0):empty;(4, 1):soup('onion', 2, 0)",40.0,40.0,0,"(0, -1)",-0.0012000000000000012,0.0,0.0,-0.0012000000000000012,40.0,40.0,False,"(2, 3)",,"(1, 1)",onion,"(4, 1):soup('onion', 2, 0)","(3, 0):empty;(4, 1):soup('onion', 2, 0)"
98,3,"(-1, 0)","(2, 3)","(0, 1)",,"(1, 1)","(0, -1)",onion,"(4, 1):soup('onion', 2, 0)","(3, 0):empty;(4, 1):soup('onion', 2, 0)",40.0,40.0,2,"(1, 0)",-0.0012000000000000012,0.0,0.0,-0.0012000000000000012,40.0,40.0,False,"(1, 3)",,"(2, 1)",onion,"(4, 1):soup('onion', 2, 0)","(3, 0):empty;(4, 1):soup('onion', 2, 0)"
99,5,interact,"(1, 3)","(-1, 0)",,"(2, 1)","(1, 0)",onion,"(4, 1):soup('onion', 2, 0)","(3, 0):empty;(4, 1):soup('onion', 2, 0)",40.0,40.0,2,"(1, 0)",-0.0012000000000000012,0.0,0.0,-0.0012000000000000012,40.0,40.0,False,"(1, 3)",onion,"(3, 1)",onion,"(4, 1):soup('onion', 2, 0)","(3, 0):empty;(4, 1):soup('onion', 2, 0)"
100,2,"(1, 0)","(1, 3)","(-1, 0)",onion,"(3, 1)","(1, 0)",onion,"(4, 1):soup('onion', 2, 0)","(3, 0):empty;(4, 1):soup('onion', 2, 0)",40.0,40.0,5,interact,3.078,0.0,3.0,0.07800000000000001,40.0,43.0,False,"(2, 3)",onion,"(3, 1)",,"(4, 1):soup('onion', 3, 1)","(3, 0):empty;(4, 1):soup('onion', 3, 1)"
101,2,"(1, 0)","(2, 3)","(1, 0)",onion,"(3, 1)","(1, 0)",,"(4, 1):soup('onion', 3, 1)","(3, 0):empty;(4, 1):soup('onion', 3, 1)",40.0,43.0,0,"(0, -1)",-0.0020000000000000018,0.0,0.0,-0.0020000000000000018,40.0,43.0,False,"(3, 3)",onion,"(3, 1)",,"(4, 1):soup('onion', 3, 2)","(3, 0):empty;(4, 1):soup('onion', 3, 2)"
102,0,"(0, -1)","(3, 3)","(1, 0)",onion,"(3, 1)","(0, -1)",,"(4, 1):soup('onion', 3, 2)","(3, 0):empty;(4, 1):soup('onion', 3, 2)",40.0,43.0,3,"(-1, 0)",-0.0020000000000000018,0.0,0.0,-0.0020000000000000018,40.0,43.0,False,"(3, 2)",onion,"(2, 1)",,"(4, 1):soup('onion', 3, 3)","(3, 0):empty;(4, 1):soup('onion', 3, 3)"
103,0,"(0, -1)","(3, 2)","(0, -1)",onion,"(2, 1)","(-1, 0)",,"(4, 1):soup('onion', 3, 3)","(3, 0):empty;(4, 1):soup('onion', 3, 3)",40.0,43.0,3,"(-1, 0)",-0.0020000000000000018,0.0,0.0,-0.0020000000000000018,40.0,43.0,False,"(3, 1)",onion,"(1, 1)",,"(4, 1):soup('onion', 3, 4)","(3, 0):empty;(4, 1):soup('onion', 3, 4)"
104,5,interact,"(3, 1)","(0, -1)",onion,"(1, 1)","(-1, 0)",,"(4, 1):soup('onion', 3, 4)","(3, 0):empty;(4, 1):soup('onion', 3, 4)",40.0,43.0,1,"(0, 1)",3.0574,0.0,3.0,0.057399999999999986,40.0,46.0,False,"(3, 1)",,"(1, 2)",,"(3, 0):soup('onion', 1, 0);(4, 1):soup('onion', 3, 5)","(3, 0):soup('onion', 1, 0);(4, 1):soup('onion', 3, 5)"
105,3,"(-1, 0)","(3, 1)","(0, -1)",,"(1, 2)","(0, 1)",,"(3, 0):soup('onion', 1, 0);(4, 1):soup('onion', 3, 5)","(3, 0):soup('onion', 1, 0);(4, 1):soup('onion', 3, 5)",40.0,46.0,1,"(0, 1)",-0.0026000000000000246,0.0,0.0,-0.0026000000000000246,40.0,46.0,False,"(2, 1)",,"(1, 3)",,"(3, 0):soup('onion', 1, 0);(4, 1):soup('onion', 3, 6)","(3, 0):soup('onion', 1, 0);(4, 1):soup('onion', 3, 6)"
106,3,"(-1, 0)","(2, 1)","(-1, 0)",,"(1, 3)","(0, 1)",,"(3, 0):soup('onion', 1, 0);(4, 1):soup('onion', 3, 6)","(3, 0):soup('onion', 1, 0);(4, 1):soup('onion', 3, 6)",40.0,46.0,3,"(-1, 0)",-0.0026000000000000246,0.0,0.0,-0.0026000000000000246,40.0,46.0,False,"(1, 1)",,"(1, 3)",,"(3, 0):soup('onion', 1, 0);(4, 1):soup('onion', 3, 7)","(3, 0):soup('onion', 1, 0);(4, 1):soup('onion', 3, 7)"
107,1,"(0, 1)","(1, 1)","(-1, 0)",,"(1, 3)","(-1, 0)",,"(3, 0):soup('onion', 1, 0);(4, 1):soup('onion', 3, 7)","(3, 0):soup('onion', 1, 0);(4, 1):soup('onion', 3, 7)",40.0,46.0,3,"(-1, 0)",-0.0026000000000000246,0.0,0.0,-0.0026000000000000246,40.0,46.0,False,"(1, 2)",,"(1, 3)",,"(3, 0):soup('onion', 1, 0);(4, 1):soup('onion', 3, 8)","(3, 0):soup('onion', 1, 0);(4, 1):soup('onion', 3, 8)"
108,3,"(-1, 0)","(1, 2)","(0, 1)",,"(1, 3)","(-1, 0)",,"(3, 0):soup('onion', 1, 0);(4, 1):soup('onion', 3, 8)","(3, 0):soup('onion', 1, 0);(4, 1):soup('onion', 3, 8)",40.0,46.0,3,"(-1, 0)",-0.0026000000000000246,0.0,0.0,-0.0026000000000000246,40.0,46.0,False,"(1, 2)",,"(1, 3)",,"(3, 0):soup('onion', 1, 0);(4, 1):soup('onion', 3, 9)","(3, 0):soup('onion', 1, 0);(4, 1):soup('onion', 3, 9)"
109,5,interact,"(1, 2)","(-1, 0)",,"(1, 3)","(-1, 0)",,"(3, 0):soup('onion', 1, 0);(4, 1):soup('onion', 3, 9)","(3, 0):soup('onion', 1, 0);(4, 1):soup('onion', 3, 9)",40.0,46.0,3,"(-1, 0)",2.9974,0.0,3.0,-0.0026000000000000246,40.0,49.0,False,"(1, 2)",dish,"(1, 3)",,"(3, 0):soup('onion', 1, 0);(4, 1):soup('onion', 3, 10)","(3, 0):soup('onion', 1, 0);(4, 1):soup('onion', 3, 10)"
110,5,interact,"(1, 2)","(-1, 0)",dish,"(1, 3)","(-1, 0)",,"(3, 0):soup('onion', 1, 0);(4, 1):soup('onion', 3, 10)","(3, 0):soup('onion', 1, 0);(4, 1):soup('onion', 3, 10)",40.0,49.0,3,"(-1, 0)",-0.0026000000000000246,0.0,0.0,-0.0026000000000000246,40.0,49.0,False,"(1, 2)",dish,"(1, 3)",,"(3, 0):soup('onion', 1, 0);(4, 1):soup('onion', 3, 11)","(3, 0):soup('onion', 1, 0);(4, 1):soup('onion', 3, 11)"
111,5,interact,"(1, 2)","(-1, 0)",dish,"(1, 3)","(-1, 0)",,"(3, 0):soup('onion', 1, 0);(4, 1):soup('onion', 3, 11)","(3, 0):soup('onion', 1, 0);(4, 1):soup('onion', 3, 11)",40.0,49.0,3,"(-1, 0)",-0.0026000000000000246,0.0,0.0,-0.0026000000000000246,40.0,49.0,False,"(1, 2)",dish,"(1, 3)",,"(3, 0):soup('onion', 1, 0);(4, 1):soup('onion', 3, 12)","(3, 0):soup('onion', 1, 0);(4, 1):soup('onion', 3, 12)"
112,5,interact,"(1, 2)","(-1, 0)",dish,"(1, 3)","(-1, 0)",,"(3, 0):soup('onion', 1, 0);(4, 1):soup('onion', 3, 12)","(3, 0):soup('onion', 1, 0);(4, 1):soup('onion', 3, 12)",40.0,49.0,3,"(-1, 0)",-0.0026000000000000246,0.0,0.0,-0.0026000000000000246,40.0,49.0,False,"(1, 2)",dish,"(1, 3)",,"(3, 0):soup('onion', 1, 0);(4, 1):soup('onion', 3, 13)","(3, 0):soup('onion', 1, 0);(4, 1):soup('onion', 3, 13)"
113,5,interact,"(1, 2)","(-1, 0)",dish,"(1, 3)","(-1, 0)",,"(3, 0):soup('onion', 1, 0);(4, 1):soup('onion', 3, 13)","(3, 0):soup('onion', 1, 0);(4, 1):soup('onion', 3, 13)",40.0,49.0,3,"(-1, 0)",-0.0026000000000000246,0.0,0.0,-0.0026000000000000246,40.0,49.0,False,"(1, 2)",dish,"(1, 3)",,"(3, 0):soup('onion', 1, 0);(4, 1):soup('onion', 3, 14)","(3, 0):soup('onion', 1, 0);(4, 1):soup('onion', 3, 14)"
114,5,interact,"(1, 2)","(-1, 0)",dish,"(1, 3)","(-1, 0)",,"(3, 0):soup('onion', 1, 0);(4, 1):soup('onion', 3, 14)","(3, 0):soup('onion', 1, 0);(4, 1):soup('onion', 3, 14)",40.0,49.0,3,"(-1, 0)",-0.0026000000000000246,0.0,0.0,-0.0026000000000000246,40.0,49.0,False,"(1, 2)",dish,"(1, 3)",,"(3, 0):soup('onion', 1, 0);(4, 1):soup('onion', 3, 15)","(3, 0):soup('onion', 1, 0);(4, 1):soup('onion', 3, 15)"
115,5,interact,"(1, 2)","(-1, 0)",dish,"(1, 3)","(-1, 0)",,"(3, 0):soup('onion', 1, 0);(4, 1):soup('onion', 3, 15)","(3, 0):soup('onion', 1, 0);(4, 1):soup('onion', 3, 15)",40.0,49.0,3,"(-1, 0)",-0.0026000000000000246,0.0,0.0,-0.0026000000000000246,40.0,49.0,False,"(1, 2)",dish,"(1, 3)",,"(3, 0):soup('onion', 1, 0);(4, 1):soup('onion', 3, 16)","(3, 0):soup('onion', 1, 0);(4, 1):soup('onion', 3, 16)"
116,5,interact,"(1, 2)","(-1, 0)",dish,"(1, 3)","(-1, 0)",,"(3, 0):soup('onion', 1, 0);(4, 1):soup('onion', 3, 16)","(3, 0):soup('onion', 1, 0);(4, 1):soup('onion', 3, 16)",40.0,49.0,3,"(-1, 0)",-0.0026000000000000246,0.0,0.0,-0.0026000000000000246,40.0,49.0,False,"(1, 2)",dish,"(1, 3)",,"(3, 0):soup('onion', 1, 0);(4, 1):soup('onion', 3, 17)","(3, 0):soup('onion', 1, 0);(4, 1):soup('onion', 3, 17)"
117,5,interact,"(1, 2)","(-1, 0)",dish,"(1, 3)","(-1, 0)",,"(3, 0):soup('onion', 1, 0);(4, 1):soup('onion', 3, 17)","(3, 0):soup('onion', 1, 0);(4, 1):soup('onion', 3, 17)",40.0,49.0,3,"(-1, 0)",-0.0026000000000000246,0.0,0.0,-0.0026000000000000246,40.0,49.0,False,"(1, 2)",dish,"(1, 3)",,"(3, 0):soup('onion', 1, 0);(4, 1):soup('onion', 3, 18)","(3, 0):soup('onion', 1, 0);(4, 1):soup('onion', 3, 18)"
118,5,interact,"(1, 2)","(-1, 0)",dish,"(1, 3)","(-1, 0)",,"(3, 0):soup('onion', 1, 0);(4, 1):soup('onion', 3, 18)","(3, 0):soup('onion', 1, 0);(4, 1):soup('onion', 3, 18)",40.0,49.0,3,"(-1, 0)",-0.0026000000000000246,0.0,0.0,-0.0026000000000000246,40.0,49.0,False,"(1, 2)",dish,"(1, 3)",,"(3, 0):soup('onion', 1, 0);(4, 1):soup('onion', 3, 19)","(3, 0):soup('onion', 1, 0);(4, 1):soup('onion', 3, 19)"
119,5,interact,"(1, 2)","(-1, 0)",dish,"(1, 3)","(-1, 0)",,"(3, 0):soup('onion', 1, 0);(4, 1):soup('onion', 3, 19)","(3, 0):soup('onion', 1, 0);(4, 1):soup('onion', 3, 19)",40.0,49.0,3,"(-1, 0)",0.0964,0.0,0.0,0.0964,40.0,49.0,False,"(1, 2)",dish,"(1, 3)",,"(3, 0):soup('onion', 1, 0);(4, 1):soup('onion', 3, 20)","(3, 0):soup('onion', 1, 0);(4, 1):soup('onion', 3, 20)"
120,5,interact,"(1, 2)","(-1, 0)",dish,"(1, 3)","(-1, 0)",,"(3, 0):soup('onion', 1, 0);(4, 1):soup('onion', 3, 20)","(3, 0):soup('onion', 1, 0);(4, 1):soup('onion', 3, 20)",40.0,49.0,0,"(0, -1)",-0.0036000000000000034,0.0,0.0,-0.0036000000000000034,40.0,49.0,False,"(1, 2)",dish,"(1, 3)",,"(3, 0):soup('onion', 1, 0);(4, 1):soup('onion', 3, 20)","(3, 0):soup('onion', 1, 0);(4, 1):soup('onion', 3, 20)"
121,5,interact,"(1, 2)","(-1, 0)",dish,"(1, 3)","(0, -1)",,"(3, 0):soup('onion', 1, 0);(4, 1):soup('onion', 3, 20)","(3, 0):soup('onion', 1, 0);(4, 1):soup('onion', 3, 20)",40.0,49.0,0,"(0, -1)",-0.0036000000000000034,0.0,0.0,-0.0036000000000000034,40.0,49.0,False,"(1, 2)",dish,"(1, 3)",,"(3, 0):soup('onion', 1, 0);(4, 1):soup('onion', 3, 20)","(3, 0):soup('onion', 1, 0);(4, 1):soup('onion', 3, 20)"
122,5,interact,"(1, 2)","(-1, 0)",dish,"(1, 3)","(0, -1)",,"(3, 0):soup('onion', 1, 0);(4, 1):soup('onion', 3, 20)","(3, 0):soup('onion', 1, 0);(4, 1):soup('onion', 3, 20)",40.0,49.0,0,"(0, -1)",-0.0036000000000000034,0.0,0.0,-0.0036000000000000034,40.0,49.0,False,"(1, 2)",dish,"(1, 3)",,"(3, 0):soup('onion', 1, 0);(4, 1):soup('onion', 3, 20)","(3, 0):soup('onion', 1, 0);(4, 1):soup('onion', 3, 20)"
123,5,interact,"(1, 2)","(-1, 0)",dish,"(1, 3)","(0, -1)",,"(3, 0):soup('onion', 1, 0);(4, 1):soup('onion', 3, 20)","(3, 0):soup('onion', 1, 0);(4, 1):soup('onion', 3, 20)",40.0,49.0,0,"(0, -1)",-0.0036000000000000034,0.0,0.0,-0.0036000000000000034,40.0,49.0,False,"(1, 2)",dish,"(1, 3)",,"(3, 0):soup('onion', 1, 0);(4, 1):soup('onion', 3, 20)","(3, 0):soup('onion', 1, 0);(4, 1):soup('onion', 3, 20)"
124,5,interact,"(1, 2)","(-1, 0)",dish,"(1, 3)","(0, -1)",,"(3, 0):soup('onion', 1, 0);(4, 1):soup('onion', 3, 20)","(3, 0):soup('onion', 1, 0);(4, 1):soup('onion', 3, 20)",40.0,49.0,0,"(0, -1)",-0.0036000000000000034,0.0,0.0,-0.0036000000000000034,40.0,49.0,False,"(1, 2)",dish,"(1, 3)",,"(3, 0):soup('onion', 1, 0);(4, 1):soup('onion', 3, 20)","(3, 0):soup('onion', 1, 0);(4, 1):soup('onion', 3, 20)"
125,5,interact,"(1, 2)","(-1, 0)",dish,"(1, 3)","(0, -1)",,"(3, 0):soup('onion', 1, 0);(4, 1):soup('onion', 3, 20)","(3, 0):soup('onion', 1, 0);(4, 1):soup('onion', 3, 20)",40.0,49.0,0,"(0, -1)",-0.013500000000000024,0.0,0.0,-0.013500000000000024,40.0,49.0,False,"(1, 2)",dish,"(1, 3)",,"(3, 0):soup('onion', 1, 0);(4, 1):soup('onion', 3, 20)","(3, 0):soup('onion', 1, 0);(4, 1):soup('onion', 3, 20)"
126,5,interact,"(1, 2)","(-1, 0)",dish,"(1, 3)","(0, -1)",,"(3, 0):soup('onion', 1, 0);(4, 1):soup('onion', 3, 20)","(3, 0):soup('onion', 1, 0);(4, 1):soup('onion', 3, 20)",40.0,49.0,0,"(0, -1)",-0.01339999999999999,0.0,0.0,-0.01339999999999999,40.0,49.0,False,"(1, 2)",dish,"(1, 3)",,"(3, 0):soup('onion', 1, 0);(4, 1):soup('onion', 3, 20)","(3, 0):soup('onion', 1, 0);(4, 1):soup('onion', 3, 20)"
127,5,interact,"(1, 2)","(-1, 0)",dish,"(1, 3)","(0, -1)",,"(3, 0):soup('onion', 1, 0);(4, 1):soup('onion', 3, 20)","(3, 0):soup('onion', 1, 0);(4, 1):soup('onion', 3, 20)",40.0,49.0,0,"(0, -1)",-0.013299999999999958,0.0,0.0,-0.013299999999999958,40.0,49.0,False,"(1, 2)",dish,"(1, 3)",,"(3, 0):soup('onion', 1, 0);(4, 1):soup('onion', 3, 20)","(3, 0):soup('onion', 1, 0);(4, 1):soup('onion', 3, 20)"
128,5,interact,"(1, 2)","(-1, 0)",dish,"(1, 3)","(0, -1)",,"(3, 0):soup('onion', 1, 0);(4, 1):soup('onion', 3, 20)","(3, 0):soup('onion', 1, 0);(4, 1):soup('onion', 3, 20)",40.0,49.0,0,"(0, -1)",-0.013200000000000012,0.0,0.0,-0.013200000000000012,40.0,49.0,False,"(1, 2)",dish,"(1, 3)",,"(3, 0):soup('onion', 1, 0);(4, 1):soup('onion', 3, 20)","(3, 0):soup('onion', 1, 0);(4, 1):soup('onion', 3, 20)"
129,5,interact,"(1, 2)","(-1, 0)",dish,"(1, 3)","(0, -1)",,"(3, 0):soup('onion', 1, 0);(4, 1):soup('onion', 3, 20)","(3, 0):soup('onion', 1, 0);(4, 1):soup('onion', 3, 20)",40.0,49.0,0,"(0, -1)",-0.013100000000000023,0.0,0.0,-0.013100000000000023,40.0,49.0,False,"(1, 2)",dish,"(1, 3)",,"(3, 0):soup('onion', 1, 0);(4, 1):soup('onion', 3, 20)","(3, 0):soup('onion', 1, 0);(4, 1):soup('onion', 3, 20)"
130,5,interact,"(1, 2)","(-1, 0)",dish,"(1, 3)","(0, -1)",,"(3, 0):soup('onion', 1, 0);(4, 1):soup('onion', 3, 20)","(3, 0):soup('onion', 1, 0);(4, 1):soup('onion', 3, 20)",40.0,49.0,0,"(0, -1)",-0.013000000000000034,0.0,0.0,-0.013000000000000034,40.0,49.0,False,"(1, 2)",dish,"(1, 3)",,"(3, 0):soup('onion', 1, 0);(4, 1):soup('onion', 3, 20)","(3, 0):soup('onion', 1, 0);(4, 1):soup('onion', 3, 20)"
131,5,interact,"(1, 2)","(-1, 0)",dish,"(1, 3)","(0, -1)",,"(3, 0):soup('onion', 1, 0);(4, 1):soup('onion', 3, 20)","(3, 0):soup('onion', 1, 0);(4, 1):soup('onion', 3, 20)",40.0,49.0,0,"(0, -1)",-0.012900000000000002,0.0,0.0,-0.012900000000000002,40.0,49.0,False,"(1, 2)",dish,"(1, 3)",,"(3, 0):soup('onion', 1, 0);(4, 1):soup('onion', 3, 20)","(3, 0):soup('onion', 1, 0);(4, 1):soup('onion', 3, 20)"
132,5,interact,"(1, 2)","(-1, 0)",dish,"(1, 3)","(0, -1)",,"(3, 0):soup('onion', 1, 0);(4, 1):soup('onion', 3, 20)","(3, 0):soup('onion', 1, 0);(4, 1):soup('onion', 3, 20)",40.0,49.0,0,"(0, -1)",-0.012799999999999968,0.0,0.0,-0.012799999999999968,40.0,49.0,False,"(1, 2)",dish,"(1, 3)",,"(3, 0):soup('onion', 1, 0);(4, 1):soup('onion', 3, 20)","(3, 0):soup('onion', 1, 0);(4, 1):soup('onion', 3, 20)"
133,5,interact,"(1, 2)","(-1, 0)",dish,"(1, 3)","(0, -1)",,"(3, 0):soup('onion', 1, 0);(4, 1):soup('onion', 3, 20)","(3, 0):soup('onion', 1, 0);(4, 1):soup('onion', 3, 20)",40.0,49.0,0,"(0, -1)",-0.012700000000000024,0.0,0.0,-0.012700000000000024,40.0,49.0,False,"(1, 2)",dish,"(1, 3)",,"(3, 0):soup('onion', 1, 0);(4, 1):soup('onion', 3, 20)","(3, 0):soup('onion', 1, 0);(4, 1):soup('onion', 3, 20)"
134,5,interact,"(1, 2)","(-1, 0)",dish,"(1, 3)","(0, -1)",,"(3, 0):soup('onion', 1, 0);(4, 1):soup('onion', 3, 20)","(3, 0):soup('onion', 1, 0);(4, 1):soup('onion', 3, 20)",40.0,49.0,0,"(0, -1)",-0.012600000000000035,0.0,0.0,-0.012600000000000035,40.0,49.0,False,"(1, 2)",dish,"(1, 3)",,"(3, 0):soup('onion', 1, 0);(4, 1):soup('onion', 3, 20)","(3, 0):soup('onion', 1, 0);(4, 1):soup('onion', 3, 20)"
135,5,interact,"(1, 2)","(-1, 0)",dish,"(1, 3)","(0, -1)",,"(3, 0):soup('onion', 1, 0);(4, 1):soup('onion', 3, 20)","(3, 0):soup('onion', 1, 0);(4, 1):soup('onion', 3, 20)",40.0,49.0,0,"(0, -1)",-0.0125,0.0,0.0,-0.0125,40.0,49.0,False,"(1, 2)",dish,"(1, 3)",,"(3, 0):soup('onion', 1, 0);(4, 1):soup('onion', 3, 20)","(3, 0):soup('onion', 1, 0);(4, 1):soup('onion', 3, 20)"
136,5,interact,"(1, 2)","(-1, 0)",dish,"(1, 3)","(0, -1)",,"(3, 0):soup('onion', 1, 0);(4, 1):soup('onion', 3, 20)","(3, 0):soup('onion', 1, 0);(4, 1):soup('onion', 3, 20)",40.0,49.0,0,"(0, -1)",-0.012400000000000012,0.0,0.0,-0.012400000000000012,40.0,49.0,False,"(1, 2)",dish,"(1, 3)",,"(3, 0):soup('onion', 1, 0);(4, 1):soup('onion', 3, 20)","(3, 0):soup('onion', 1, 0);(4, 1):soup('onion', 3, 20)"
137,5,interact,"(1, 2)","(-1, 0)",dish,"(1, 3)","(0, -1)",,"(3, 0):soup('onion', 1, 0);(4, 1):soup('onion', 3, 20)","(3, 0):soup('onion', 1, 0);(4, 1):soup('onion', 3, 20)",40.0,49.0,0,"(0, -1)",-0.0024000000000000024,0.0,0.0,-0.0024000000000000024,40.0,49.0,False,"(1, 2)",dish,"(1, 3)",,"(3, 0):soup('onion', 1, 0);(4, 1):soup('onion', 3, 20)","(3, 0):soup('onion', 1, 0);(4, 1):soup('onion', 3, 20)"
138,5,interact,"(1, 2)","(-1, 0)",dish,"(1, 3)","(0, -1)",,"(3, 0):soup('onion', 1, 0);(4, 1):soup('onion', 3, 20)","(3, 0):soup('onion', 1, 0);(4, 1):soup('onion', 3, 20)",40.0,49.0,0,"(0, -1)",-0.0024000000000000024,0.0,0.0,-0.0024000000000000024,40.0,49.0,False,"(1, 2)",dish,"(1, 3)",,"(3, 0):soup('onion', 1, 0);(4, 1):soup('onion', 3, 20)","(3, 0):soup('onion', 1, 0);(4, 1):soup('onion', 3, 20)"
139,5,interact,"(1, 2)","(-1, 0)",dish,"(1, 3)","(0, -1)",,"(3, 0):soup('onion', 1, 0);(4, 1):soup('onion', 3, 20)","(3, 0):soup('onion', 1, 0);(4, 1):soup('onion', 3, 20)",40.0,49.0,0,"(0, -1)",-0.0024000000000000024,0.0,0.0,-0.0024000000000000024,40.0,49.0,False,"(1, 2)",dish,"(1, 3)",,"(3, 0):soup('onion', 1, 0);(4, 1):soup('onion', 3, 20)","(3, 0):soup('onion', 1, 0);(4, 1):soup('onion', 3, 20)"
140,5,interact,"(1, 2)","(-1, 0)",dish,"(1, 3)","(0, -1)",,"(3, 0):soup('onion', 1, 0);(4, 1):soup('onion', 3, 20)","(3, 0):soup('onion', 1, 0);(4, 1):soup('onion', 3, 20)",40.0,49.0,0,"(0, -1)",-0.0024000000000000024,0.0,0.0,-0.0024000000000000024,40.0,49.0,False,"(1, 2)",dish,"(1, 3)",,"(3, 0):soup('onion', 1, 0);(4, 1):soup('onion', 3, 20)","(3, 0):soup('onion', 1, 0);(4, 1):soup('onion', 3, 20)"
141,5,interact,"(1, 2)","(-1, 0)",dish,"(1, 3)","(0, -1)",,"(3, 0):soup('onion', 1, 0);(4, 1):soup('onion', 3, 20)","(3, 0):soup('onion', 1, 0);(4, 1):soup('onion', 3, 20)",40.0,49.0,0,"(0, -1)",-0.0024000000000000024,0.0,0.0,-0.0024000000000000024,40.0,49.0,False,"(1, 2)",dish,"(1, 3)",,"(3, 0):soup('onion', 1, 0);(4, 1):soup('onion', 3, 20)","(3, 0):soup('onion', 1, 0);(4, 1):soup('onion', 3, 20)"
142,5,interact,"(1, 2)","(-1, 0)",dish,"(1, 3)","(0, -1)",,"(3, 0):soup('onion', 1, 0);(4, 1):soup('onion', 3, 20)","(3, 0):soup('onion', 1, 0);(4, 1):soup('onion', 3, 20)",40.0,49.0,0,"(0, -1)",-0.0024000000000000024,0.0,0.0,-0.0024000000000000024,40.0,49.0,False,"(1, 2)",dish,"(1, 3)",,"(3, 0):soup('onion', 1, 0);(4, 1):soup('onion', 3, 20)","(3, 0):soup('onion', 1, 0);(4, 1):soup('onion', 3, 20)"
143,5,interact,"(1, 2)","(-1, 0)",dish,"(1, 3)","(0, -1)",,"(3, 0):soup('onion', 1, 0);(4, 1):soup('onion', 3, 20)","(3, 0):soup('onion', 1, 0);(4, 1):soup('onion', 3, 20)",40.0,49.0,0,"(0, -1)",-0.0024000000000000024,0.0,0.0,-0.0024000000000000024,40.0,49.0,False,"(1, 2)",dish,"(1, 3)",,"(3, 0):soup('onion', 1, 0);(4, 1):soup('onion', 3, 20)","(3, 0):soup('onion', 1, 0);(4, 1):soup('onion', 3, 20)"
144,5,interact,"(1, 2)","(-1, 0)",dish,"(1, 3)","(0, -1)",,"(3, 0):soup('onion', 1, 0);(4, 1):soup('onion', 3, 20)","(3, 0):soup('onion', 1, 0);(4, 1):soup('onion', 3, 20)",40.0,49.0,0,"(0, -1)",-0.0024000000000000024,0.0,0.0,-0.0024000000000000024,40.0,49.0,False,"(1, 2)",dish,"(1, 3)",,"(3, 0):soup('onion', 1, 0);(4, 1):soup('onion', 3, 20)","(3, 0):soup('onion', 1, 0);(4, 1):soup('onion', 3, 20)"
145,5,interact,"(1, 2)","(-1, 0)",dish,"(1, 3)","(0, -1)",,"(3, 0):soup('onion', 1, 0);(4, 1):soup('onion', 3, 20)","(3, 0):soup('onion', 1, 0);(4, 1):soup('onion', 3, 20)",40.0,49.0,0,"(0, -1)",-0.0024000000000000024,0.0,0.0,-0.0024000000000000024,40.0,49.0,False,"(1, 2)",dish,"(1, 3)",,"(3, 0):soup('onion', 1, 0);(4, 1):soup('onion', 3, 20)","(3, 0):soup('onion', 1, 0);(4, 1):soup('onion', 3, 20)"
146,5,interact,"(1, 2)","(-1, 0)",dish,"(1, 3)","(0, -1)",,"(3, 0):soup('onion', 1, 0);(4, 1):soup('onion', 3, 20)","(3, 0):soup('onion', 1, 0);(4, 1):soup('onion', 3, 20)",40.0,49.0,0,"(0, -1)",-0.0024000000000000024,0.0,0.0,-0.0024000000000000024,40.0,49.0,False,"(1, 2)",dish,"(1, 3)",,"(3, 0):soup('onion', 1, 0);(4, 1):soup('onion', 3, 20)","(3, 0):soup('onion', 1, 0);(4, 1):soup('onion', 3, 20)"
147,5,interact,"(1, 2)","(-1, 0)",dish,"(1, 3)","(0, -1)",,"(3, 0):soup('onion', 1, 0);(4, 1):soup('onion', 3, 20)","(3, 0):soup('onion', 1, 0);(4, 1):soup('onion', 3, 20)",40.0,49.0,0,"(0, -1)",-0.0024000000000000024,0.0,0.0,-0.0024000000000000024,40.0,49.0,False,"(1, 2)",dish,"(1, 3)",,"(3, 0):soup('onion', 1, 0);(4, 1):soup('onion', 3, 20)","(3, 0):soup('onion', 1, 0);(4, 1):soup('onion', 3, 20)"
148,5,interact,"(1, 2)","(-1, 0)",dish,"(1, 3)","(0, -1)",,"(3, 0):soup('onion', 1, 0);(4, 1):soup('onion', 3, 20)","(3, 0):soup('onion', 1, 0);(4, 1):soup('onion', 3, 20)",40.0,49.0,0,"(0, -1)",-0.0024000000000000024,0.0,0.0,-0.0024000000000000024,40.0,49.0,False,"(1, 2)",dish,"(1, 3)",,"(3, 0):soup('onion', 1, 0);(4, 1):soup('onion', 3, 20)","(3, 0):soup('onion', 1, 0);(4, 1):soup('onion', 3, 20)"
149,5,interact,"(1, 2)","(-1, 0)",dish,"(1, 3)","(0, -1)",,"(3, 0):soup('onion', 1, 0);(4, 1):soup('onion', 3, 20)","(3, 0):soup('onion', 1, 0);(4, 1):soup('onion', 3, 20)",40.0,49.0,0,"(0, -1)",-0.0024000000000000024,0.0,0.0,-0.0024000000000000024,40.0,49.0,False,"(1, 2)",dish,"(1, 3)",,"(3, 0):soup('onion', 1, 0);(4, 1):soup('onion', 3, 20)","(3, 0):soup('onion', 1, 0);(4, 1):soup('onion', 3, 20)"
150,5,interact,"(1, 2)","(-1, 0)",dish,"(1, 3)","(0, -1)",,"(3, 0):soup('onion', 1, 0);(4, 1):soup('onion', 3, 20)","(3, 0):soup('onion', 1, 0);(4, 1):soup('onion', 3, 20)",40.0,49.0,0,"(0, -1)",-0.0024000000000000024,0.0,0.0,-0.0024000000000000024,40.0,49.0,False,"(1, 2)",dish,"(1, 3)",,"(3, 0):soup('onion', 1, 0);(4, 1):soup('onion', 3, 20)","(3, 0):soup('onion', 1, 0);(4, 1):soup('onion', 3, 20)"
151,5,interact,"(1, 2)","(-1, 0)",dish,"(1, 3)","(0, -1)",,"(3, 0):soup('onion', 1, 0);(4, 1):soup('onion', 3, 20)","(3, 0):soup('onion', 1, 0);(4, 1):soup('onion', 3, 20)",40.0,49.0,0,"(0, -1)",-0.0024000000000000024,0.0,0.0,-0.0024000000000000024,40.0,49.0,False,"(1, 2)",dish,"(1, 3)",,"(3, 0):soup('onion', 1, 0);(4, 1):soup('onion', 3, 20)","(3, 0):soup('onion', 1, 0);(4, 1):soup('onion', 3, 20)"
152,5,interact,"(1, 2)","(-1, 0)",dish,"(1, 3)","(0, -1)",,"(3, 0):soup('onion', 1, 0);(4, 1):soup('onion', 3, 20)","(3, 0):soup('onion', 1, 0);(4, 1):soup('onion', 3, 20)",40.0,49.0,0,"(0, -1)",-0.0024000000000000024,0.0,0.0,-0.0024000000000000024,40.0,49.0,False,"(1, 2)",dish,"(1, 3)",,"(3, 0):soup('onion', 1, 0);(4, 1):soup('onion', 3, 20)","(3, 0):soup('onion', 1, 0);(4, 1):soup('onion', 3, 20)"
153,5,interact,"(1, 2)","(-1, 0)",dish,"(1, 3)","(0, -1)",,"(3, 0):soup('onion', 1, 0);(4, 1):soup('onion', 3, 20)","(3, 0):soup('onion', 1, 0);(4, 1):soup('onion', 3, 20)",40.0,49.0,0,"(0, -1)",-0.0024000000000000024,0.0,0.0,-0.0024000000000000024,40.0,49.0,False,"(1, 2)",dish,"(1, 3)",,"(3, 0):soup('onion', 1, 0);(4, 1):soup('onion', 3, 20)","(3, 0):soup('onion', 1, 0);(4, 1):soup('onion', 3, 20)"
154,5,interact,"(1, 2)","(-1, 0)",dish,"(1, 3)","(0, -1)",,"(3, 0):soup('onion', 1, 0);(4, 1):soup('onion', 3, 20)","(3, 0):soup('onion', 1, 0);(4, 1):soup('onion', 3, 20)",40.0,49.0,0,"(0, -1)",-0.0024000000000000024,0.0,0.0,-0.0024000000000000024,40.0,49.0,False,"(1, 2)",dish,"(1, 3)",,"(3, 0):soup('onion', 1, 0);(4, 1):soup('onion', 3, 20)","(3, 0):soup('onion', 1, 0);(4, 1):soup('onion', 3, 20)"
155,5,interact,"(1, 2)","(-1, 0)",dish,"(1, 3)","(0, -1)",,"(3, 0):soup('onion', 1, 0);(4, 1):soup('onion', 3, 20)","(3, 0):soup('onion', 1, 0);(4, 1):soup('onion', 3, 20)",40.0,49.0,0,"(0, -1)",-0.0024000000000000024,0.0,0.0,-0.0024000000000000024,40.0,49.0,False,"(1, 2)",dish,"(1, 3)",,"(3, 0):soup('onion', 1, 0);(4, 1):soup('onion', 3, 20)","(3, 0):soup('onion', 1, 0);(4, 1):soup('onion', 3, 20)"
156,5,interact,"(1, 2)","(-1, 0)",dish,"(1, 3)","(0, -1)",,"(3, 0):soup('onion', 1, 0);(4, 1):soup('onion', 3, 20)","(3, 0):soup('onion', 1, 0);(4, 1):soup('onion', 3, 20)",40.0,49.0,0,"(0, -1)",-0.0024000000000000024,0.0,0.0,-0.0024000000000000024,40.0,49.0,False,"(1, 2)",dish,"(1, 3)",,"(3, 0):soup('onion', 1, 0);(4, 1):soup('onion', 3, 20)","(3, 0):soup('onion', 1, 0);(4, 1):soup('onion', 3, 20)"
157,5,interact,"(1, 2)","(-1, 0)",dish,"(1, 3)","(0, -1)",,"(3, 0):soup('onion', 1, 0);(4, 1):soup('onion', 3, 20)","(3, 0):soup('onion', 1, 0);(4, 1):soup('onion', 3, 20)",40.0,49.0,0,"(0, -1)",-0.0024000000000000024,0.0,0.0,-0.0024000000000000024,40.0,49.0,False,"(1, 2)",dish,"(1, 3)",,"(3, 0):soup('onion', 1, 0);(4, 1):soup('onion', 3, 20)","(3, 0):soup('onion', 1, 0);(4, 1):soup('onion', 3, 20)"
158,5,interact,"(1, 2)","(-1, 0)",dish,"(1, 3)","(0, -1)",,"(3, 0):soup('onion', 1, 0);(4, 1):soup('onion', 3, 20)","(3, 0):soup('onion', 1, 0);(4, 1):soup('onion', 3, 20)",40.0,49.0,0,"(0, -1)",-0.0024000000000000024,0.0,0.0,-0.0024000000000000024,40.0,49.0,False,"(1, 2)",dish,"(1, 3)",,"(3, 0):soup('onion', 1, 0);(4, 1):soup('onion', 3, 20)","(3, 0):soup('onion', 1, 0);(4, 1):soup('onion', 3, 20)"
159,5,interact,"(1, 2)","(-1, 0)",dish,"(1, 3)","(0, -1)",,"(3, 0):soup('onion', 1, 0);(4, 1):soup('onion', 3, 20)","(3, 0):soup('onion', 1, 0);(4, 1):soup('onion', 3, 20)",40.0,49.0,0,"(0, -1)",-0.0024000000000000024,0.0,0.0,-0.0024000000000000024,40.0,49.0,False,"(1, 2)",dish,"(1, 3)",,"(3, 0):soup('onion', 1, 0);(4, 1):soup('onion', 3, 20)","(3, 0):soup('onion', 1, 0);(4, 1):soup('onion', 3, 20)"
160,5,interact,"(1, 2)","(-1, 0)",dish,"(1, 3)","(0, -1)",,"(3, 0):soup('onion', 1, 0);(4, 1):soup('onion', 3, 20)","(3, 0):soup('onion', 1, 0);(4, 1):soup('onion', 3, 20)",40.0,49.0,0,"(0, -1)",-0.0024000000000000024,0.0,0.0,-0.0024000000000000024,40.0,49.0,False,"(1, 2)",dish,"(1, 3)",,"(3, 0):soup('onion', 1, 0);(4, 1):soup('onion', 3, 20)","(3, 0):soup('onion', 1, 0);(4, 1):soup('onion', 3, 20)"
161,5,interact,"(1, 2)","(-1, 0)",dish,"(1, 3)","(0, -1)",,"(3, 0):soup('onion', 1, 0);(4, 1):soup('onion', 3, 20)","(3, 0):soup('onion', 1, 0);(4, 1):soup('onion', 3, 20)",40.0,49.0,0,"(0, -1)",-0.0024000000000000024,0.0,0.0,-0.0024000000000000024,40.0,49.0,False,"(1, 2)",dish,"(1, 3)",,"(3, 0):soup('onion', 1, 0);(4, 1):soup('onion', 3, 20)","(3, 0):soup('onion', 1, 0);(4, 1):soup('onion', 3, 20)"
162,5,interact,"(1, 2)","(-1, 0)",dish,"(1, 3)","(0, -1)",,"(3, 0):soup('onion', 1, 0);(4, 1):soup('onion', 3, 20)","(3, 0):soup('onion', 1, 0);(4, 1):soup('onion', 3, 20)",40.0,49.0,0,"(0, -1)",-0.0024000000000000024,0.0,0.0,-0.0024000000000000024,40.0,49.0,False,"(1, 2)",dish,"(1, 3)",,"(3, 0):soup('onion', 1, 0);(4, 1):soup('onion', 3, 20)","(3, 0):soup('onion', 1, 0);(4, 1):soup('onion', 3, 20)"
163,5,interact,"(1, 2)","(-1, 0)",dish,"(1, 3)","(0, -1)",,"(3, 0):soup('onion', 1, 0);(4, 1):soup('onion', 3, 20)","(3, 0):soup('onion', 1, 0);(4, 1):soup('onion', 3, 20)",40.0,49.0,0,"(0, -1)",-0.0024000000000000024,0.0,0.0,-0.0024000000000000024,40.0,49.0,False,"(1, 2)",dish,"(1, 3)",,"(3, 0):soup('onion', 1, 0);(4, 1):soup('onion', 3, 20)","(3, 0):soup('onion', 1, 0);(4, 1):soup('onion', 3, 20)"
164,5,interact,"(1, 2)","(-1, 0)",dish,"(1, 3)","(0, -1)",,"(3, 0):soup('onion', 1, 0);(4, 1):soup('onion', 3, 20)","(3, 0):soup('onion', 1, 0);(4, 1):soup('onion', 3, 20)",40.0,49.0,0,"(0, -1)",-0.0024000000000000024,0.0,0.0,-0.0024000000000000024,40.0,49.0,False,"(1, 2)",dish,"(1, 3)",,"(3, 0):soup('onion', 1, 0);(4, 1):soup('onion', 3, 20)","(3, 0):soup('onion', 1, 0);(4, 1):soup('onion', 3, 20)"
165,5,interact,"(1, 2)","(-1, 0)",dish,"(1, 3)","(0, -1)",,"(3, 0):soup('onion', 1, 0);(4, 1):soup('onion', 3, 20)","(3, 0):soup('onion', 1, 0);(4, 1):soup('onion', 3, 20)",40.0,49.0,0,"(0, -1)",-0.0024000000000000024,0.0,0.0,-0.0024000000000000024,40.0,49.0,False,"(1, 2)",dish,"(1, 3)",,"(3, 0):soup('onion', 1, 0);(4, 1):soup('onion', 3, 20)","(3, 0):soup('onion', 1, 0);(4, 1):soup('onion', 3, 20)"
166,5,interact,"(1, 2)","(-1, 0)",dish,"(1, 3)","(0, -1)",,"(3, 0):soup('onion', 1, 0);(4, 1):soup('onion', 3, 20)","(3, 0):soup('onion', 1, 0);(4, 1):soup('onion', 3, 20)",40.0,49.0,0,"(0, -1)",-0.0024000000000000024,0.0,0.0,-0.0024000000000000024,40.0,49.0,False,"(1, 2)",dish,"(1, 3)",,"(3, 0):soup('onion', 1, 0);(4, 1):soup('onion', 3, 20)","(3, 0):soup('onion', 1, 0);(4, 1):soup('onion', 3, 20)"
167,5,interact,"(1, 2)","(-1, 0)",dish,"(1, 3)","(0, -1)",,"(3, 0):soup('onion', 1, 0);(4, 1):soup('onion', 3, 20)","(3, 0):soup('onion', 1, 0);(4, 1):soup('onion', 3, 20)",40.0,49.0,0,"(0, -1)",-0.0024000000000000024,0.0,0.0,-0.0024000000000000024,40.0,49.0,False,"(1, 2)",dish,"(1, 3)",,"(3, 0):soup('onion', 1, 0);(4, 1):soup('onion', 3, 20)","(3, 0):soup('onion', 1, 0);(4, 1):soup('onion', 3, 20)"
168,5,interact,"(1, 2)","(-1, 0)",dish,"(1, 3)","(0, -1)",,"(3, 0):soup('onion', 1, 0);(4, 1):soup('onion', 3, 20)","(3, 0):soup('onion', 1, 0);(4, 1):soup('onion', 3, 20)",40.0,49.0,0,"(0, -1)",-0.0024000000000000024,0.0,0.0,-0.0024000000000000024,40.0,49.0,False,"(1, 2)",dish,"(1, 3)",,"(3, 0):soup('onion', 1, 0);(4, 1):soup('onion', 3, 20)","(3, 0):soup('onion', 1, 0);(4, 1):soup('onion', 3, 20)"
169,5,interact,"(1, 2)","(-1, 0)",dish,"(1, 3)","(0, -1)",,"(3, 0):soup('onion', 1, 0);(4, 1):soup('onion', 3, 20)","(3, 0):soup('onion', 1, 0);(4, 1):soup('onion', 3, 20)",40.0,49.0,0,"(0, -1)",-0.0024000000000000024,0.0,0.0,-0.0024000000000000024,40.0,49.0,False,"(1, 2)",dish,"(1, 3)",,"(3, 0):soup('onion', 1, 0);(4, 1):soup('onion', 3, 20)","(3, 0):soup('onion', 1, 0);(4, 1):soup('onion', 3, 20)"
170,5,interact,"(1, 2)","(-1, 0)",dish,"(1, 3)","(0, -1)",,"(3, 0):soup('onion', 1, 0);(4, 1):soup('onion', 3, 20)","(3, 0):soup('onion', 1, 0);(4, 1):soup('onion', 3, 20)",40.0,49.0,0,"(0, -1)",-0.0024000000000000024,0.0,0.0,-0.0024000000000000024,40.0,49.0,False,"(1, 2)",dish,"(1, 3)",,"(3, 0):soup('onion', 1, 0);(4, 1):soup('onion', 3, 20)","(3, 0):soup('onion', 1, 0);(4, 1):soup('onion', 3, 20)"
171,5,interact,"(1, 2)","(-1, 0)",dish,"(1, 3)","(0, -1)",,"(3, 0):soup('onion', 1, 0);(4, 1):soup('onion', 3, 20)","(3, 0):soup('onion', 1, 0);(4, 1):soup('onion', 3, 20)",40.0,49.0,0,"(0, -1)",-0.0024000000000000024,0.0,0.0,-0.0024000000000000024,40.0,49.0,False,"(1, 2)",dish,"(1, 3)",,"(3, 0):soup('onion', 1, 0);(4, 1):soup('onion', 3, 20)","(3, 0):soup('onion', 1, 0);(4, 1):soup('onion', 3, 20)"
172,5,interact,"(1, 2)","(-1, 0)",dish,"(1, 3)","(0, -1)",,"(3, 0):soup('onion', 1, 0);(4, 1):soup('onion', 3, 20)","(3, 0):soup('onion', 1, 0);(4, 1):soup('onion', 3, 20)",40.0,49.0,0,"(0, -1)",-0.0024000000000000024,0.0,0.0,-0.0024000000000000024,40.0,49.0,False,"(1, 2)",dish,"(1, 3)",,"(3, 0):soup('onion', 1, 0);(4, 1):soup('onion', 3, 20)","(3, 0):soup('onion', 1, 0);(4, 1):soup('onion', 3, 20)"
173,5,interact,"(1, 2)","(-1, 0)",dish,"(1, 3)","(0, -1)",,"(3, 0):soup('onion', 1, 0);(4, 1):soup('onion', 3, 20)","(3, 0):soup('onion', 1, 0);(4, 1):soup('onion', 3, 20)",40.0,49.0,0,"(0, -1)",-0.0024000000000000024,0.0,0.0,-0.0024000000000000024,40.0,49.0,False,"(1, 2)",dish,"(1, 3)",,"(3, 0):soup('onion', 1, 0);(4, 1):soup('onion', 3, 20)","(3, 0):soup('onion', 1, 0);(4, 1):soup('onion', 3, 20)"
174,5,interact,"(1, 2)","(-1, 0)",dish,"(1, 3)","(0, -1)",,"(3, 0):soup('onion', 1, 0);(4, 1):soup('onion', 3, 20)","(3, 0):soup('onion', 1, 0);(4, 1):soup('onion', 3, 20)",40.0,49.0,0,"(0, -1)",-0.0024000000000000024,0.0,0.0,-0.0024000000000000024,40.0,49.0,False,"(1, 2)",dish,"(1, 3)",,"(3, 0):soup('onion', 1, 0);(4, 1):soup('onion', 3, 20)","(3, 0):soup('onion', 1, 0);(4, 1):soup('onion', 3, 20)"
175,5,interact,"(1, 2)","(-1, 0)",dish,"(1, 3)","(0, -1)",,"(3, 0):soup('onion', 1, 0);(4, 1):soup('onion', 3, 20)","(3, 0):soup('onion', 1, 0);(4, 1):soup('onion', 3, 20)",40.0,49.0,0,"(0, -1)",-0.0024000000000000024,0.0,0.0,-0.0024000000000000024,40.0,49.0,False,"(1, 2)",dish,"(1, 3)",,"(3, 0):soup('onion', 1, 0);(4, 1):soup('onion', 3, 20)","(3, 0):soup('onion', 1, 0);(4, 1):soup('onion', 3, 20)"
176,5,interact,"(1, 2)","(-1, 0)",dish,"(1, 3)","(0, -1)",,"(3, 0):soup('onion', 1, 0);(4, 1):soup('onion', 3, 20)","(3, 0):soup('onion', 1, 0);(4, 1):soup('onion', 3, 20)",40.0,49.0,0,"(0, -1)",-0.0024000000000000024,0.0,0.0,-0.0024000000000000024,40.0,49.0,False,"(1, 2)",dish,"(1, 3)",,"(3, 0):soup('onion', 1, 0);(4, 1):soup('onion', 3, 20)","(3, 0):soup('onion', 1, 0);(4, 1):soup('onion', 3, 20)"
177,5,interact,"(1, 2)","(-1, 0)",dish,"(1, 3)","(0, -1)",,"(3, 0):soup('onion', 1, 0);(4, 1):soup('onion', 3, 20)","(3, 0):soup('onion', 1, 0);(4, 1):soup('onion', 3, 20)",40.0,49.0,0,"(0, -1)",-0.0024000000000000024,0.0,0.0,-0.0024000000000000024,40.0,49.0,False,"(1, 2)",dish,"(1, 3)",,"(3, 0):soup('onion', 1, 0);(4, 1):soup('onion', 3, 20)","(3, 0):soup('onion', 1, 0);(4, 1):soup('onion', 3, 20)"
178,5,interact,"(1, 2)","(-1, 0)",dish,"(1, 3)","(0, -1)",,"(3, 0):soup('onion', 1, 0);(4, 1):soup('onion', 3, 20)","(3, 0):soup('onion', 1, 0);(4, 1):soup('onion', 3, 20)",40.0,49.0,0,"(0, -1)",-0.0024000000000000024,0.0,0.0,-0.0024000000000000024,40.0,49.0,False,"(1, 2)",dish,"(1, 3)",,"(3, 0):soup('onion', 1, 0);(4, 1):soup('onion', 3, 20)","(3, 0):soup('onion', 1, 0);(4, 1):soup('onion', 3, 20)"
179,5,interact,"(1, 2)","(-1, 0)",dish,"(1, 3)","(0, -1)",,"(3, 0):soup('onion', 1, 0);(4, 1):soup('onion', 3, 20)","(3, 0):soup('onion', 1, 0);(4, 1):soup('onion', 3, 20)",40.0,49.0,0,"(0, -1)",-0.0024000000000000024,0.0,0.0,-0.0024000000000000024,40.0,49.0,False,"(1, 2)",dish,"(1, 3)",,"(3, 0):soup('onion', 1, 0);(4, 1):soup('onion', 3, 20)","(3, 0):soup('onion', 1, 0);(4, 1):soup('onion', 3, 20)"
180,5,interact,"(1, 2)","(-1, 0)",dish,"(1, 3)","(0, -1)",,"(3, 0):soup('onion', 1, 0);(4, 1):soup('onion', 3, 20)","(3, 0):soup('onion', 1, 0);(4, 1):soup('onion', 3, 20)",40.0,49.0,0,"(0, -1)",-0.0024000000000000024,0.0,0.0,-0.0024000000000000024,40.0,49.0,False,"(1, 2)",dish,"(1, 3)",,"(3, 0):soup('onion', 1, 0);(4, 1):soup('onion', 3, 20)","(3, 0):soup('onion', 1, 0);(4, 1):soup('onion', 3, 20)"
181,5,interact,"(1, 2)","(-1, 0)",dish,"(1, 3)","(0, -1)",,"(3, 0):soup('onion', 1, 0);(4, 1):soup('onion', 3, 20)","(3, 0):soup('onion', 1, 0);(4, 1):soup('onion', 3, 20)",40.0,49.0,0,"(0, -1)",-0.0024000000000000024,0.0,0.0,-0.0024000000000000024,40.0,49.0,False,"(1, 2)",dish,"(1, 3)",,"(3, 0):soup('onion', 1, 0);(4, 1):soup('onion', 3, 20)","(3, 0):soup('onion', 1, 0);(4, 1):soup('onion', 3, 20)"
182,5,interact,"(1, 2)","(-1, 0)",dish,"(1, 3)","(0, -1)",,"(3, 0):soup('onion', 1, 0);(4, 1):soup('onion', 3, 20)","(3, 0):soup('onion', 1, 0);(4, 1):soup('onion', 3, 20)",40.0,49.0,0,"(0, -1)",-0.0024000000000000024,0.0,0.0,-0.0024000000000000024,40.0,49.0,False,"(1, 2)",dish,"(1, 3)",,"(3, 0):soup('onion', 1, 0);(4, 1):soup('onion', 3, 20)","(3, 0):soup('onion', 1, 0);(4, 1):soup('onion', 3, 20)"
183,5,interact,"(1, 2)","(-1, 0)",dish,"(1, 3)","(0, -1)",,"(3, 0):soup('onion', 1, 0);(4, 1):soup('onion', 3, 20)","(3, 0):soup('onion', 1, 0);(4, 1):soup('onion', 3, 20)",40.0,49.0,0,"(0, -1)",-0.0024000000000000024,0.0,0.0,-0.0024000000000000024,40.0,49.0,False,"(1, 2)",dish,"(1, 3)",,"(3, 0):soup('onion', 1, 0);(4, 1):soup('onion', 3, 20)","(3, 0):soup('onion', 1, 0);(4, 1):soup('onion', 3, 20)"
184,5,interact,"(1, 2)","(-1, 0)",dish,"(1, 3)","(0, -1)",,"(3, 0):soup('onion', 1, 0);(4, 1):soup('onion', 3, 20)","(3, 0):soup('onion', 1, 0);(4, 1):soup('onion', 3, 20)",40.0,49.0,0,"(0, -1)",-0.0024000000000000024,0.0,0.0,-0.0024000000000000024,40.0,49.0,False,"(1, 2)",dish,"(1, 3)",,"(3, 0):soup('onion', 1, 0);(4, 1):soup('onion', 3, 20)","(3, 0):soup('onion', 1, 0);(4, 1):soup('onion', 3, 20)"
185,5,interact,"(1, 2)","(-1, 0)",dish,"(1, 3)","(0, -1)",,"(3, 0):soup('onion', 1, 0);(4, 1):soup('onion', 3, 20)","(3, 0):soup('onion', 1, 0);(4, 1):soup('onion', 3, 20)",40.0,49.0,0,"(0, -1)",-0.0024000000000000024,0.0,0.0,-0.0024000000000000024,40.0,49.0,False,"(1, 2)",dish,"(1, 3)",,"(3, 0):soup('onion', 1, 0);(4, 1):soup('onion', 3, 20)","(3, 0):soup('onion', 1, 0);(4, 1):soup('onion', 3, 20)"
186,5,interact,"(1, 2)","(-1, 0)",dish,"(1, 3)","(0, -1)",,"(3, 0):soup('onion', 1, 0);(4, 1):soup('onion', 3, 20)","(3, 0):soup('onion', 1, 0);(4, 1):soup('onion', 3, 20)",40.0,49.0,0,"(0, -1)",-0.0024000000000000024,0.0,0.0,-0.0024000000000000024,40.0,49.0,False,"(1, 2)",dish,"(1, 3)",,"(3, 0):soup('onion', 1, 0);(4, 1):soup('onion', 3, 20)","(3, 0):soup('onion', 1, 0);(4, 1):soup('onion', 3, 20)"
187,5,interact,"(1, 2)","(-1, 0)",dish,"(1, 3)","(0, -1)",,"(3, 0):soup('onion', 1, 0);(4, 1):soup('onion', 3, 20)","(3, 0):soup('onion', 1, 0);(4, 1):soup('onion', 3, 20)",40.0,49.0,0,"(0, -1)",-0.0024000000000000024,0.0,0.0,-0.0024000000000000024,40.0,49.0,False,"(1, 2)",dish,"(1, 3)",,"(3, 0):soup('onion', 1, 0);(4, 1):soup('onion', 3, 20)","(3, 0):soup('onion', 1, 0);(4, 1):soup('onion', 3, 20)"
188,5,interact,"(1, 2)","(-1, 0)",dish,"(1, 3)","(0, -1)",,"(3, 0):soup('onion', 1, 0);(4, 1):soup('onion', 3, 20)","(3, 0):soup('onion', 1, 0);(4, 1):soup('onion', 3, 20)",40.0,49.0,0,"(0, -1)",-0.0024000000000000024,0.0,0.0,-0.0024000000000000024,40.0,49.0,False,"(1, 2)",dish,"(1, 3)",,"(3, 0):soup('onion', 1, 0);(4, 1):soup('onion', 3, 20)","(3, 0):soup('onion', 1, 0);(4, 1):soup('onion', 3, 20)"
189,5,interact,"(1, 2)","(-1, 0)",dish,"(1, 3)","(0, -1)",,"(3, 0):soup('onion', 1, 0);(4, 1):soup('onion', 3, 20)","(3, 0):soup('onion', 1, 0);(4, 1):soup('onion', 3, 20)",40.0,49.0,0,"(0, -1)",-0.0024000000000000024,0.0,0.0,-0.0024000000000000024,40.0,49.0,False,"(1, 2)",dish,"(1, 3)",,"(3, 0):soup('onion', 1, 0);(4, 1):soup('onion', 3, 20)","(3, 0):soup('onion', 1, 0);(4, 1):soup('onion', 3, 20)"
190,5,interact,"(1, 2)","(-1, 0)",dish,"(1, 3)","(0, -1)",,"(3, 0):soup('onion', 1, 0);(4, 1):soup('onion', 3, 20)","(3, 0):soup('onion', 1, 0);(4, 1):soup('onion', 3, 20)",40.0,49.0,0,"(0, -1)",-0.0024000000000000024,0.0,0.0,-0.0024000000000000024,40.0,49.0,False,"(1, 2)",dish,"(1, 3)",,"(3, 0):soup('onion', 1, 0);(4, 1):soup('onion', 3, 20)","(3, 0):soup('onion', 1, 0);(4, 1):soup('onion', 3, 20)"
191,5,interact,"(1, 2)","(-1, 0)",dish,"(1, 3)","(0, -1)",,"(3, 0):soup('onion', 1, 0);(4, 1):soup('onion', 3, 20)","(3, 0):soup('onion', 1, 0);(4, 1):soup('onion', 3, 20)",40.0,49.0,0,"(0, -1)",-0.0024000000000000024,0.0,0.0,-0.0024000000000000024,40.0,49.0,False,"(1, 2)",dish,"(1, 3)",,"(3, 0):soup('onion', 1, 0);(4, 1):soup('onion', 3, 20)","(3, 0):soup('onion', 1, 0);(4, 1):soup('onion', 3, 20)"
192,5,interact,"(1, 2)","(-1, 0)",dish,"(1, 3)","(0, -1)",,"(3, 0):soup('onion', 1, 0);(4, 1):soup('onion', 3, 20)","(3, 0):soup('onion', 1, 0);(4, 1):soup('onion', 3, 20)",40.0,49.0,0,"(0, -1)",-0.0024000000000000024,0.0,0.0,-0.0024000000000000024,40.0,49.0,False,"(1, 2)",dish,"(1, 3)",,"(3, 0):soup('onion', 1, 0);(4, 1):soup('onion', 3, 20)","(3, 0):soup('onion', 1, 0);(4, 1):soup('onion', 3, 20)"
193,5,interact,"(1, 2)","(-1, 0)",dish,"(1, 3)","(0, -1)",,"(3, 0):soup('onion', 1, 0);(4, 1):soup('onion', 3, 20)","(3, 0):soup('onion', 1, 0);(4, 1):soup('onion', 3, 20)",40.0,49.0,0,"(0, -1)",-0.0024000000000000024,0.0,0.0,-0.0024000000000000024,40.0,49.0,False,"(1, 2)",dish,"(1, 3)",,"(3, 0):soup('onion', 1, 0);(4, 1):soup('onion', 3, 20)","(3, 0):soup('onion', 1, 0);(4, 1):soup('onion', 3, 20)"
194,5,interact,"(1, 2)","(-1, 0)",dish,"(1, 3)","(0, -1)",,"(3, 0):soup('onion', 1, 0);(4, 1):soup('onion', 3, 20)","(3, 0):soup('onion', 1, 0);(4, 1):soup('onion', 3, 20)",40.0,49.0,0,"(0, -1)",-0.0024000000000000024,0.0,0.0,-0.0024000000000000024,40.0,49.0,False,"(1, 2)",dish,"(1, 3)",,"(3, 0):soup('onion', 1, 0);(4, 1):soup('onion', 3, 20)","(3, 0):soup('onion', 1, 0);(4, 1):soup('onion', 3, 20)"
195,5,interact,"(1, 2)","(-1, 0)",dish,"(1, 3)","(0, -1)",,"(3, 0):soup('onion', 1, 0);(4, 1):soup('onion', 3, 20)","(3, 0):soup('onion', 1, 0);(4, 1):soup('onion', 3, 20)",40.0,49.0,0,"(0, -1)",-0.0024000000000000024,0.0,0.0,-0.0024000000000000024,40.0,49.0,False,"(1, 2)",dish,"(1, 3)",,"(3, 0):soup('onion', 1, 0);(4, 1):soup('onion', 3, 20)","(3, 0):soup('onion', 1, 0);(4, 1):soup('onion', 3, 20)"
196,5,interact,"(1, 2)","(-1, 0)",dish,"(1, 3)","(0, -1)",,"(3, 0):soup('onion', 1, 0);(4, 1):soup('onion', 3, 20)","(3, 0):soup('onion', 1, 0);(4, 1):soup('onion', 3, 20)",40.0,49.0,0,"(0, -1)",-0.0024000000000000024,0.0,0.0,-0.0024000000000000024,40.0,49.0,False,"(1, 2)",dish,"(1, 3)",,"(3, 0):soup('onion', 1, 0);(4, 1):soup('onion', 3, 20)","(3, 0):soup('onion', 1, 0);(4, 1):soup('onion', 3, 20)"
197,5,interact,"(1, 2)","(-1, 0)",dish,"(1, 3)","(0, -1)",,"(3, 0):soup('onion', 1, 0);(4, 1):soup('onion', 3, 20)","(3, 0):soup('onion', 1, 0);(4, 1):soup('onion', 3, 20)",40.0,49.0,0,"(0, -1)",-0.0024000000000000024,0.0,0.0,-0.0024000000000000024,40.0,49.0,False,"(1, 2)",dish,"(1, 3)",,"(3, 0):soup('onion', 1, 0);(4, 1):soup('onion', 3, 20)","(3, 0):soup('onion', 1, 0);(4, 1):soup('onion', 3, 20)"
198,5,interact,"(1, 2)","(-1, 0)",dish,"(1, 3)","(0, -1)",,"(3, 0):soup('onion', 1, 0);(4, 1):soup('onion', 3, 20)","(3, 0):soup('onion', 1, 0);(4, 1):soup('onion', 3, 20)",40.0,49.0,0,"(0, -1)",-0.0024000000000000024,0.0,0.0,-0.0024000000000000024,40.0,49.0,False,"(1, 2)",dish,"(1, 3)",,"(3, 0):soup('onion', 1, 0);(4, 1):soup('onion', 3, 20)","(3, 0):soup('onion', 1, 0);(4, 1):soup('onion', 3, 20)"
199,5,interact,"(1, 2)","(-1, 0)",dish,"(1, 3)","(0, -1)",,"(3, 0):soup('onion', 1, 0);(4, 1):soup('onion', 3, 20)","(3, 0):soup('onion', 1, 0);(4, 1):soup('onion', 3, 20)",40.0,49.0,0,"(0, -1)",-0.0024000000000000024,0.0,0.0,-0.0024000000000000024,40.0,49.0,False,"(1, 2)",dish,"(1, 3)",,"(3, 0):soup('onion', 1, 0);(4, 1):soup('onion', 3, 20)","(3, 0):soup('onion', 1, 0);(4, 1):soup('onion', 3, 20)"
200,5,interact,"(1, 2)","(-1, 0)",dish,"(1, 3)","(0, -1)",,"(3, 0):soup('onion', 1, 0);(4, 1):soup('onion', 3, 20)","(3, 0):soup('onion', 1, 0);(4, 1):soup('onion', 3, 20)",40.0,49.0,0,"(0, -1)",-0.0024000000000000024,0.0,0.0,-0.0024000000000000024,40.0,49.0,False,"(1, 2)",dish,"(1, 3)",,"(3, 0):soup('onion', 1, 0);(4, 1):soup('onion', 3, 20)","(3, 0):soup('onion', 1, 0);(4, 1):soup('onion', 3, 20)"
201,5,interact,"(1, 2)","(-1, 0)",dish,"(1, 3)","(0, -1)",,"(3, 0):soup('onion', 1, 0);(4, 1):soup('onion', 3, 20)","(3, 0):soup('onion', 1, 0);(4, 1):soup('onion', 3, 20)",40.0,49.0,0,"(0, -1)",-0.0024000000000000024,0.0,0.0,-0.0024000000000000024,40.0,49.0,False,"(1, 2)",dish,"(1, 3)",,"(3, 0):soup('onion', 1, 0);(4, 1):soup('onion', 3, 20)","(3, 0):soup('onion', 1, 0);(4, 1):soup('onion', 3, 20)"
202,5,interact,"(1, 2)","(-1, 0)",dish,"(1, 3)","(0, -1)",,"(3, 0):soup('onion', 1, 0);(4, 1):soup('onion', 3, 20)","(3, 0):soup('onion', 1, 0);(4, 1):soup('onion', 3, 20)",40.0,49.0,0,"(0, -1)",-0.0024000000000000024,0.0,0.0,-0.0024000000000000024,40.0,49.0,False,"(1, 2)",dish,"(1, 3)",,"(3, 0):soup('onion', 1, 0);(4, 1):soup('onion', 3, 20)","(3, 0):soup('onion', 1, 0);(4, 1):soup('onion', 3, 20)"
203,5,interact,"(1, 2)","(-1, 0)",dish,"(1, 3)","(0, -1)",,"(3, 0):soup('onion', 1, 0);(4, 1):soup('onion', 3, 20)","(3, 0):soup('onion', 1, 0);(4, 1):soup('onion', 3, 20)",40.0,49.0,0,"(0, -1)",-0.0024000000000000024,0.0,0.0,-0.0024000000000000024,40.0,49.0,False,"(1, 2)",dish,"(1, 3)",,"(3, 0):soup('onion', 1, 0);(4, 1):soup('onion', 3, 20)","(3, 0):soup('onion', 1, 0);(4, 1):soup('onion', 3, 20)"
204,5,interact,"(1, 2)","(-1, 0)",dish,"(1, 3)","(0, -1)",,"(3, 0):soup('onion', 1, 0);(4, 1):soup('onion', 3, 20)","(3, 0):soup('onion', 1, 0);(4, 1):soup('onion', 3, 20)",40.0,49.0,0,"(0, -1)",-0.0024000000000000024,0.0,0.0,-0.0024000000000000024,40.0,49.0,False,"(1, 2)",dish,"(1, 3)",,"(3, 0):soup('onion', 1, 0);(4, 1):soup('onion', 3, 20)","(3, 0):soup('onion', 1, 0);(4, 1):soup('onion', 3, 20)"
205,5,interact,"(1, 2)","(-1, 0)",dish,"(1, 3)","(0, -1)",,"(3, 0):soup('onion', 1, 0);(4, 1):soup('onion', 3, 20)","(3, 0):soup('onion', 1, 0);(4, 1):soup('onion', 3, 20)",40.0,49.0,0,"(0, -1)",-0.0024000000000000024,0.0,0.0,-0.0024000000000000024,40.0,49.0,False,"(1, 2)",dish,"(1, 3)",,"(3, 0):soup('onion', 1, 0);(4, 1):soup('onion', 3, 20)","(3, 0):soup('onion', 1, 0);(4, 1):soup('onion', 3, 20)"
206,5,interact,"(1, 2)","(-1, 0)",dish,"(1, 3)","(0, -1)",,"(3, 0):soup('onion', 1, 0);(4, 1):soup('onion', 3, 20)","(3, 0):soup('onion', 1, 0);(4, 1):soup('onion', 3, 20)",40.0,49.0,0,"(0, -1)",-0.0024000000000000024,0.0,0.0,-0.0024000000000000024,40.0,49.0,False,"(1, 2)",dish,"(1, 3)",,"(3, 0):soup('onion', 1, 0);(4, 1):soup('onion', 3, 20)","(3, 0):soup('onion', 1, 0);(4, 1):soup('onion', 3, 20)"
207,5,interact,"(1, 2)","(-1, 0)",dish,"(1, 3)","(0, -1)",,"(3, 0):soup('onion', 1, 0);(4, 1):soup('onion', 3, 20)","(3, 0):soup('onion', 1, 0);(4, 1):soup('onion', 3, 20)",40.0,49.0,0,"(0, -1)",-0.0024000000000000024,0.0,0.0,-0.0024000000000000024,40.0,49.0,False,"(1, 2)",dish,"(1, 3)",,"(3, 0):soup('onion', 1, 0);(4, 1):soup('onion', 3, 20)","(3, 0):soup('onion', 1, 0);(4, 1):soup('onion', 3, 20)"
208,5,interact,"(1, 2)","(-1, 0)",dish,"(1, 3)","(0, -1)",,"(3, 0):soup('onion', 1, 0);(4, 1):soup('onion', 3, 20)","(3, 0):soup('onion', 1, 0);(4, 1):soup('onion', 3, 20)",40.0,49.0,0,"(0, -1)",-0.0024000000000000024,0.0,0.0,-0.0024000000000000024,40.0,49.0,False,"(1, 2)",dish,"(1, 3)",,"(3, 0):soup('onion', 1, 0);(4, 1):soup('onion', 3, 20)","(3, 0):soup('onion', 1, 0);(4, 1):soup('onion', 3, 20)"
209,5,interact,"(1, 2)","(-1, 0)",dish,"(1, 3)","(0, -1)",,"(3, 0):soup('onion', 1, 0);(4, 1):soup('onion', 3, 20)","(3, 0):soup('onion', 1, 0);(4, 1):soup('onion', 3, 20)",40.0,49.0,0,"(0, -1)",-0.0024000000000000024,0.0,0.0,-0.0024000000000000024,40.0,49.0,False,"(1, 2)",dish,"(1, 3)",,"(3, 0):soup('onion', 1, 0);(4, 1):soup('onion', 3, 20)","(3, 0):soup('onion', 1, 0);(4, 1):soup('onion', 3, 20)"
210,5,interact,"(1, 2)","(-1, 0)",dish,"(1, 3)","(0, -1)",,"(3, 0):soup('onion', 1, 0);(4, 1):soup('onion', 3, 20)","(3, 0):soup('onion', 1, 0);(4, 1):soup('onion', 3, 20)",40.0,49.0,0,"(0, -1)",-0.0024000000000000024,0.0,0.0,-0.0024000000000000024,40.0,49.0,False,"(1, 2)",dish,"(1, 3)",,"(3, 0):soup('onion', 1, 0);(4, 1):soup('onion', 3, 20)","(3, 0):soup('onion', 1, 0);(4, 1):soup('onion', 3, 20)"
211,5,interact,"(1, 2)","(-1, 0)",dish,"(1, 3)","(0, -1)",,"(3, 0):soup('onion', 1, 0);(4, 1):soup('onion', 3, 20)","(3, 0):soup('onion', 1, 0);(4, 1):soup('onion', 3, 20)",40.0,49.0,0,"(0, -1)",-0.0024000000000000024,0.0,0.0,-0.0024000000000000024,40.0,49.0,False,"(1, 2)",dish,"(1, 3)",,"(3, 0):soup('onion', 1, 0);(4, 1):soup('onion', 3, 20)","(3, 0):soup('onion', 1, 0);(4, 1):soup('onion', 3, 20)"
212,5,interact,"(1, 2)","(-1, 0)",dish,"(1, 3)","(0, -1)",,"(3, 0):soup('onion', 1, 0);(4, 1):soup('onion', 3, 20)","(3, 0):soup('onion', 1, 0);(4, 1):soup('onion', 3, 20)",40.0,49.0,0,"(0, -1)",-0.0024000000000000024,0.0,0.0,-0.0024000000000000024,40.0,49.0,False,"(1, 2)",dish,"(1, 3)",,"(3, 0):soup('onion', 1, 0);(4, 1):soup('onion', 3, 20)","(3, 0):soup('onion', 1, 0);(4, 1):soup('onion', 3, 20)"
213,5,interact,"(1, 2)","(-1, 0)",dish,"(1, 3)","(0, -1)",,"(3, 0):soup('onion', 1, 0);(4, 1):soup('onion', 3, 20)","(3, 0):soup('onion', 1, 0);(4, 1):soup('onion', 3, 20)",40.0,49.0,0,"(0, -1)",-0.0024000000000000024,0.0,0.0,-0.0024000000000000024,40.0,49.0,False,"(1, 2)",dish,"(1, 3)",,"(3, 0):soup('onion', 1, 0);(4, 1):soup('onion', 3, 20)","(3, 0):soup('onion', 1, 0);(4, 1):soup('onion', 3, 20)"
214,5,interact,"(1, 2)","(-1, 0)",dish,"(1, 3)","(0, -1)",,"(3, 0):soup('onion', 1, 0);(4, 1):soup('onion', 3, 20)","(3, 0):soup('onion', 1, 0);(4, 1):soup('onion', 3, 20)",40.0,49.0,0,"(0, -1)",-0.0024000000000000024,0.0,0.0,-0.0024000000000000024,40.0,49.0,False,"(1, 2)",dish,"(1, 3)",,"(3, 0):soup('onion', 1, 0);(4, 1):soup('onion', 3, 20)","(3, 0):soup('onion', 1, 0);(4, 1):soup('onion', 3, 20)"
215,5,interact,"(1, 2)","(-1, 0)",dish,"(1, 3)","(0, -1)",,"(3, 0):soup('onion', 1, 0);(4, 1):soup('onion', 3, 20)","(3, 0):soup('onion', 1, 0);(4, 1):soup('onion', 3, 20)",40.0,49.0,0,"(0, -1)",-0.0024000000000000024,0.0,0.0,-0.0024000000000000024,40.0,49.0,False,"(1, 2)",dish,"(1, 3)",,"(3, 0):soup('onion', 1, 0);(4, 1):soup('onion', 3, 20)","(3, 0):soup('onion', 1, 0);(4, 1):soup('onion', 3, 20)"
216,5,interact,"(1, 2)","(-1, 0)",dish,"(1, 3)","(0, -1)",,"(3, 0):soup('onion', 1, 0);(4, 1):soup('onion', 3, 20)","(3, 0):soup('onion', 1, 0);(4, 1):soup('onion', 3, 20)",40.0,49.0,0,"(0, -1)",-0.0024000000000000024,0.0,0.0,-0.0024000000000000024,40.0,49.0,False,"(1, 2)",dish,"(1, 3)",,"(3, 0):soup('onion', 1, 0);(4, 1):soup('onion', 3, 20)","(3, 0):soup('onion', 1, 0);(4, 1):soup('onion', 3, 20)"
217,5,interact,"(1, 2)","(-1, 0)",dish,"(1, 3)","(0, -1)",,"(3, 0):soup('onion', 1, 0);(4, 1):soup('onion', 3, 20)","(3, 0):soup('onion', 1, 0);(4, 1):soup('onion', 3, 20)",40.0,49.0,0,"(0, -1)",-0.0024000000000000024,0.0,0.0,-0.0024000000000000024,40.0,49.0,False,"(1, 2)",dish,"(1, 3)",,"(3, 0):soup('onion', 1, 0);(4, 1):soup('onion', 3, 20)","(3, 0):soup('onion', 1, 0);(4, 1):soup('onion', 3, 20)"
218,5,interact,"(1, 2)","(-1, 0)",dish,"(1, 3)","(0, -1)",,"(3, 0):soup('onion', 1, 0);(4, 1):soup('onion', 3, 20)","(3, 0):soup('onion', 1, 0);(4, 1):soup('onion', 3, 20)",40.0,49.0,0,"(0, -1)",-0.0024000000000000024,0.0,0.0,-0.0024000000000000024,40.0,49.0,False,"(1, 2)",dish,"(1, 3)",,"(3, 0):soup('onion', 1, 0);(4, 1):soup('onion', 3, 20)","(3, 0):soup('onion', 1, 0);(4, 1):soup('onion', 3, 20)"
219,5,interact,"(1, 2)","(-1, 0)",dish,"(1, 3)","(0, -1)",,"(3, 0):soup('onion', 1, 0);(4, 1):soup('onion', 3, 20)","(3, 0):soup('onion', 1, 0);(4, 1):soup('onion', 3, 20)",40.0,49.0,0,"(0, -1)",-0.0024000000000000024,0.0,0.0,-0.0024000000000000024,40.0,49.0,False,"(1, 2)",dish,"(1, 3)",,"(3, 0):soup('onion', 1, 0);(4, 1):soup('onion', 3, 20)","(3, 0):soup('onion', 1, 0);(4, 1):soup('onion', 3, 20)"
220,5,interact,"(1, 2)","(-1, 0)",dish,"(1, 3)","(0, -1)",,"(3, 0):soup('onion', 1, 0);(4, 1):soup('onion', 3, 20)","(3, 0):soup('onion', 1, 0);(4, 1):soup('onion', 3, 20)",40.0,49.0,0,"(0, -1)",-0.0024000000000000024,0.0,0.0,-0.0024000000000000024,40.0,49.0,False,"(1, 2)",dish,"(1, 3)",,"(3, 0):soup('onion', 1, 0);(4, 1):soup('onion', 3, 20)","(3, 0):soup('onion', 1, 0);(4, 1):soup('onion', 3, 20)"
221,5,interact,"(1, 2)","(-1, 0)",dish,"(1, 3)","(0, -1)",,"(3, 0):soup('onion', 1, 0);(4, 1):soup('onion', 3, 20)","(3, 0):soup('onion', 1, 0);(4, 1):soup('onion', 3, 20)",40.0,49.0,0,"(0, -1)",-0.0024000000000000024,0.0,0.0,-0.0024000000000000024,40.0,49.0,False,"(1, 2)",dish,"(1, 3)",,"(3, 0):soup('onion', 1, 0);(4, 1):soup('onion', 3, 20)","(3, 0):soup('onion', 1, 0);(4, 1):soup('onion', 3, 20)"
222,5,interact,"(1, 2)","(-1, 0)",dish,"(1, 3)","(0, -1)",,"(3, 0):soup('onion', 1, 0);(4, 1):soup('onion', 3, 20)","(3, 0):soup('onion', 1, 0);(4, 1):soup('onion', 3, 20)",40.0,49.0,0,"(0, -1)",-0.0024000000000000024,0.0,0.0,-0.0024000000000000024,40.0,49.0,False,"(1, 2)",dish,"(1, 3)",,"(3, 0):soup('onion', 1, 0);(4, 1):soup('onion', 3, 20)","(3, 0):soup('onion', 1, 0);(4, 1):soup('onion', 3, 20)"
223,5,interact,"(1, 2)","(-1, 0)",dish,"(1, 3)","(0, -1)",,"(3, 0):soup('onion', 1, 0);(4, 1):soup('onion', 3, 20)","(3, 0):soup('onion', 1, 0);(4, 1):soup('onion', 3, 20)",40.0,49.0,0,"(0, -1)",-0.0024000000000000024,0.0,0.0,-0.0024000000000000024,40.0,49.0,False,"(1, 2)",dish,"(1, 3)",,"(3, 0):soup('onion', 1, 0);(4, 1):soup('onion', 3, 20)","(3, 0):soup('onion', 1, 0);(4, 1):soup('onion', 3, 20)"
224,5,interact,"(1, 2)","(-1, 0)",dish,"(1, 3)","(0, -1)",,"(3, 0):soup('onion', 1, 0);(4, 1):soup('onion', 3, 20)","(3, 0):soup('onion', 1, 0);(4, 1):soup('onion', 3, 20)",40.0,49.0,0,"(0, -1)",-0.0024000000000000024,0.0,0.0,-0.0024000000000000024,40.0,49.0,False,"(1, 2)",dish,"(1, 3)",,"(3, 0):soup('onion', 1, 0);(4, 1):soup('onion', 3, 20)","(3, 0):soup('onion', 1, 0);(4, 1):soup('onion', 3, 20)"
225,5,interact,"(1, 2)","(-1, 0)",dish,"(1, 3)","(0, -1)",,"(3, 0):soup('onion', 1, 0);(4, 1):soup('onion', 3, 20)","(3, 0):soup('onion', 1, 0);(4, 1):soup('onion', 3, 20)",40.0,49.0,0,"(0, -1)",-0.0024000000000000024,0.0,0.0,-0.0024000000000000024,40.0,49.0,False,"(1, 2)",dish,"(1, 3)",,"(3, 0):soup('onion', 1, 0);(4, 1):soup('onion', 3, 20)","(3, 0):soup('onion', 1, 0);(4, 1):soup('onion', 3, 20)"
226,5,interact,"(1, 2)","(-1, 0)",dish,"(1, 3)","(0, -1)",,"(3, 0):soup('onion', 1, 0);(4, 1):soup('onion', 3, 20)","(3, 0):soup('onion', 1, 0);(4, 1):soup('onion', 3, 20)",40.0,49.0,0,"(0, -1)",-0.0024000000000000024,0.0,0.0,-0.0024000000000000024,40.0,49.0,False,"(1, 2)",dish,"(1, 3)",,"(3, 0):soup('onion', 1, 0);(4, 1):soup('onion', 3, 20)","(3, 0):soup('onion', 1, 0);(4, 1):soup('onion', 3, 20)"
227,5,interact,"(1, 2)","(-1, 0)",dish,"(1, 3)","(0, -1)",,"(3, 0):soup('onion', 1, 0);(4, 1):soup('onion', 3, 20)","(3, 0):soup('onion', 1, 0);(4, 1):soup('onion', 3, 20)",40.0,49.0,0,"(0, -1)",-0.0024000000000000024,0.0,0.0,-0.0024000000000000024,40.0,49.0,False,"(1, 2)",dish,"(1, 3)",,"(3, 0):soup('onion', 1, 0);(4, 1):soup('onion', 3, 20)","(3, 0):soup('onion', 1, 0);(4, 1):soup('onion', 3, 20)"
228,5,interact,"(1, 2)","(-1, 0)",dish,"(1, 3)","(0, -1)",,"(3, 0):soup('onion', 1, 0);(4, 1):soup('onion', 3, 20)","(3, 0):soup('onion', 1, 0);(4, 1):soup('onion', 3, 20)",40.0,49.0,0,"(0, -1)",-0.0024000000000000024,0.0,0.0,-0.0024000000000000024,40.0,49.0,False,"(1, 2)",dish,"(1, 3)",,"(3, 0):soup('onion', 1, 0);(4, 1):soup('onion', 3, 20)","(3, 0):soup('onion', 1, 0);(4, 1):soup('onion', 3, 20)"
229,5,interact,"(1, 2)","(-1, 0)",dish,"(1, 3)","(0, -1)",,"(3, 0):soup('onion', 1, 0);(4, 1):soup('onion', 3, 20)","(3, 0):soup('onion', 1, 0);(4, 1):soup('onion', 3, 20)",40.0,49.0,0,"(0, -1)",-0.0024000000000000024,0.0,0.0,-0.0024000000000000024,40.0,49.0,False,"(1, 2)",dish,"(1, 3)",,"(3, 0):soup('onion', 1, 0);(4, 1):soup('onion', 3, 20)","(3, 0):soup('onion', 1, 0);(4, 1):soup('onion', 3, 20)"
230,5,interact,"(1, 2)","(-1, 0)",dish,"(1, 3)","(0, -1)",,"(3, 0):soup('onion', 1, 0);(4, 1):soup('onion', 3, 20)","(3, 0):soup('onion', 1, 0);(4, 1):soup('onion', 3, 20)",40.0,49.0,0,"(0, -1)",-0.0024000000000000024,0.0,0.0,-0.0024000000000000024,40.0,49.0,False,"(1, 2)",dish,"(1, 3)",,"(3, 0):soup('onion', 1, 0);(4, 1):soup('onion', 3, 20)","(3, 0):soup('onion', 1, 0);(4, 1):soup('onion', 3, 20)"
231,5,interact,"(1, 2)","(-1, 0)",dish,"(1, 3)","(0, -1)",,"(3, 0):soup('onion', 1, 0);(4, 1):soup('onion', 3, 20)","(3, 0):soup('onion', 1, 0);(4, 1):soup('onion', 3, 20)",40.0,49.0,0,"(0, -1)",-0.0024000000000000024,0.0,0.0,-0.0024000000000000024,40.0,49.0,False,"(1, 2)",dish,"(1, 3)",,"(3, 0):soup('onion', 1, 0);(4, 1):soup('onion', 3, 20)","(3, 0):soup('onion', 1, 0);(4, 1):soup('onion', 3, 20)"
232,5,interact,"(1, 2)","(-1, 0)",dish,"(1, 3)","(0, -1)",,"(3, 0):soup('onion', 1, 0);(4, 1):soup('onion', 3, 20)","(3, 0):soup('onion', 1, 0);(4, 1):soup('onion', 3, 20)",40.0,49.0,0,"(0, -1)",-0.0024000000000000024,0.0,0.0,-0.0024000000000000024,40.0,49.0,False,"(1, 2)",dish,"(1, 3)",,"(3, 0):soup('onion', 1, 0);(4, 1):soup('onion', 3, 20)","(3, 0):soup('onion', 1, 0);(4, 1):soup('onion', 3, 20)"
233,5,interact,"(1, 2)","(-1, 0)",dish,"(1, 3)","(0, -1)",,"(3, 0):soup('onion', 1, 0);(4, 1):soup('onion', 3, 20)","(3, 0):soup('onion', 1, 0);(4, 1):soup('onion', 3, 20)",40.0,49.0,0,"(0, -1)",-0.0024000000000000024,0.0,0.0,-0.0024000000000000024,40.0,49.0,False,"(1, 2)",dish,"(1, 3)",,"(3, 0):soup('onion', 1, 0);(4, 1):soup('onion', 3, 20)","(3, 0):soup('onion', 1, 0);(4, 1):soup('onion', 3, 20)"
234,5,interact,"(1, 2)","(-1, 0)",dish,"(1, 3)","(0, -1)",,"(3, 0):soup('onion', 1, 0);(4, 1):soup('onion', 3, 20)","(3, 0):soup('onion', 1, 0);(4, 1):soup('onion', 3, 20)",40.0,49.0,0,"(0, -1)",-0.0024000000000000024,0.0,0.0,-0.0024000000000000024,40.0,49.0,False,"(1, 2)",dish,"(1, 3)",,"(3, 0):soup('onion', 1, 0);(4, 1):soup('onion', 3, 20)","(3, 0):soup('onion', 1, 0);(4, 1):soup('onion', 3, 20)"
235,5,interact,"(1, 2)","(-1, 0)",dish,"(1, 3)","(0, -1)",,"(3, 0):soup('onion', 1, 0);(4, 1):soup('onion', 3, 20)","(3, 0):soup('onion', 1, 0);(4, 1):soup('onion', 3, 20)",40.0,49.0,0,"(0, -1)",-0.0024000000000000024,0.0,0.0,-0.0024000000000000024,40.0,49.0,False,"(1, 2)",dish,"(1, 3)",,"(3, 0):soup('onion', 1, 0);(4, 1):soup('onion', 3, 20)","(3, 0):soup('onion', 1, 0);(4, 1):soup('onion', 3, 20)"
236,5,interact,"(1, 2)","(-1, 0)",dish,"(1, 3)","(0, -1)",,"(3, 0):soup('onion', 1, 0);(4, 1):soup('onion', 3, 20)","(3, 0):soup('onion', 1, 0);(4, 1):soup('onion', 3, 20)",40.0,49.0,0,"(0, -1)",-0.0024000000000000024,0.0,0.0,-0.0024000000000000024,40.0,49.0,False,"(1, 2)",dish,"(1, 3)",,"(3, 0):soup('onion', 1, 0);(4, 1):soup('onion', 3, 20)","(3, 0):soup('onion', 1, 0);(4, 1):soup('onion', 3, 20)"
237,5,interact,"(1, 2)","(-1, 0)",dish,"(1, 3)","(0, -1)",,"(3, 0):soup('onion', 1, 0);(4, 1):soup('onion', 3, 20)","(3, 0):soup('onion', 1, 0);(4, 1):soup('onion', 3, 20)",40.0,49.0,0,"(0, -1)",-0.0024000000000000024,0.0,0.0,-0.0024000000000000024,40.0,49.0,False,"(1, 2)",dish,"(1, 3)",,"(3, 0):soup('onion', 1, 0);(4, 1):soup('onion', 3, 20)","(3, 0):soup('onion', 1, 0);(4, 1):soup('onion', 3, 20)"
238,5,interact,"(1, 2)","(-1, 0)",dish,"(1, 3)","(0, -1)",,"(3, 0):soup('onion', 1, 0);(4, 1):soup('onion', 3, 20)","(3, 0):soup('onion', 1, 0);(4, 1):soup('onion', 3, 20)",40.0,49.0,0,"(0, -1)",-0.0024000000000000024,0.0,0.0,-0.0024000000000000024,40.0,49.0,False,"(1, 2)",dish,"(1, 3)",,"(3, 0):soup('onion', 1, 0);(4, 1):soup('onion', 3, 20)","(3, 0):soup('onion', 1, 0);(4, 1):soup('onion', 3, 20)"
239,5,interact,"(1, 2)","(-1, 0)",dish,"(1, 3)","(0, -1)",,"(3, 0):soup('onion', 1, 0);(4, 1):soup('onion', 3, 20)","(3, 0):soup('onion', 1, 0);(4, 1):soup('onion', 3, 20)",40.0,49.0,0,"(0, -1)",-0.0024000000000000024,0.0,0.0,-0.0024000000000000024,40.0,49.0,False,"(1, 2)",dish,"(1, 3)",,"(3, 0):soup('onion', 1, 0);(4, 1):soup('onion', 3, 20)","(3, 0):soup('onion', 1, 0);(4, 1):soup('onion', 3, 20)"
240,5,interact,"(1, 2)","(-1, 0)",dish,"(1, 3)","(0, -1)",,"(3, 0):soup('onion', 1, 0);(4, 1):soup('onion', 3, 20)","(3, 0):soup('onion', 1, 0);(4, 1):soup('onion', 3, 20)",40.0,49.0,0,"(0, -1)",-0.0024000000000000024,0.0,0.0,-0.0024000000000000024,40.0,49.0,False,"(1, 2)",dish,"(1, 3)",,"(3, 0):soup('onion', 1, 0);(4, 1):soup('onion', 3, 20)","(3, 0):soup('onion', 1, 0);(4, 1):soup('onion', 3, 20)"
241,5,interact,"(1, 2)","(-1, 0)",dish,"(1, 3)","(0, -1)",,"(3, 0):soup('onion', 1, 0);(4, 1):soup('onion', 3, 20)","(3, 0):soup('onion', 1, 0);(4, 1):soup('onion', 3, 20)",40.0,49.0,0,"(0, -1)",-0.0024000000000000024,0.0,0.0,-0.0024000000000000024,40.0,49.0,False,"(1, 2)",dish,"(1, 3)",,"(3, 0):soup('onion', 1, 0);(4, 1):soup('onion', 3, 20)","(3, 0):soup('onion', 1, 0);(4, 1):soup('onion', 3, 20)"
242,5,interact,"(1, 2)","(-1, 0)",dish,"(1, 3)","(0, -1)",,"(3, 0):soup('onion', 1, 0);(4, 1):soup('onion', 3, 20)","(3, 0):soup('onion', 1, 0);(4, 1):soup('onion', 3, 20)",40.0,49.0,0,"(0, -1)",-0.0024000000000000024,0.0,0.0,-0.0024000000000000024,40.0,49.0,False,"(1, 2)",dish,"(1, 3)",,"(3, 0):soup('onion', 1, 0);(4, 1):soup('onion', 3, 20)","(3, 0):soup('onion', 1, 0);(4, 1):soup('onion', 3, 20)"
243,5,interact,"(1, 2)","(-1, 0)",dish,"(1, 3)","(0, -1)",,"(3, 0):soup('onion', 1, 0);(4, 1):soup('onion', 3, 20)","(3, 0):soup('onion', 1, 0);(4, 1):soup('onion', 3, 20)",40.0,49.0,0,"(0, -1)",-0.0024000000000000024,0.0,0.0,-0.0024000000000000024,40.0,49.0,False,"(1, 2)",dish,"(1, 3)",,"(3, 0):soup('onion', 1, 0);(4, 1):soup('onion', 3, 20)","(3, 0):soup('onion', 1, 0);(4, 1):soup('onion', 3, 20)"
244,5,interact,"(1, 2)","(-1, 0)",dish,"(1, 3)","(0, -1)",,"(3, 0):soup('onion', 1, 0);(4, 1):soup('onion', 3, 20)","(3, 0):soup('onion', 1, 0);(4, 1):soup('onion', 3, 20)",40.0,49.0,0,"(0, -1)",-0.0024000000000000024,0.0,0.0,-0.0024000000000000024,40.0,49.0,False,"(1, 2)",dish,"(1, 3)",,"(3, 0):soup('onion', 1, 0);(4, 1):soup('onion', 3, 20)","(3, 0):soup('onion', 1, 0);(4, 1):soup('onion', 3, 20)"
245,5,interact,"(1, 2)","(-1, 0)",dish,"(1, 3)","(0, -1)",,"(3, 0):soup('onion', 1, 0);(4, 1):soup('onion', 3, 20)","(3, 0):soup('onion', 1, 0);(4, 1):soup('onion', 3, 20)",40.0,49.0,0,"(0, -1)",-0.0024000000000000024,0.0,0.0,-0.0024000000000000024,40.0,49.0,False,"(1, 2)",dish,"(1, 3)",,"(3, 0):soup('onion', 1, 0);(4, 1):soup('onion', 3, 20)","(3, 0):soup('onion', 1, 0);(4, 1):soup('onion', 3, 20)"
246,5,interact,"(1, 2)","(-1, 0)",dish,"(1, 3)","(0, -1)",,"(3, 0):soup('onion', 1, 0);(4, 1):soup('onion', 3, 20)","(3, 0):soup('onion', 1, 0);(4, 1):soup('onion', 3, 20)",40.0,49.0,0,"(0, -1)",-0.0024000000000000024,0.0,0.0,-0.0024000000000000024,40.0,49.0,False,"(1, 2)",dish,"(1, 3)",,"(3, 0):soup('onion', 1, 0);(4, 1):soup('onion', 3, 20)","(3, 0):soup('onion', 1, 0);(4, 1):soup('onion', 3, 20)"
247,5,interact,"(1, 2)","(-1, 0)",dish,"(1, 3)","(0, -1)",,"(3, 0):soup('onion', 1, 0);(4, 1):soup('onion', 3, 20)","(3, 0):soup('onion', 1, 0);(4, 1):soup('onion', 3, 20)",40.0,49.0,0,"(0, -1)",-0.0024000000000000024,0.0,0.0,-0.0024000000000000024,40.0,49.0,False,"(1, 2)",dish,"(1, 3)",,"(3, 0):soup('onion', 1, 0);(4, 1):soup('onion', 3, 20)","(3, 0):soup('onion', 1, 0);(4, 1):soup('onion', 3, 20)"
248,5,interact,"(1, 2)","(-1, 0)",dish,"(1, 3)","(0, -1)",,"(3, 0):soup('onion', 1, 0);(4, 1):soup('onion', 3, 20)","(3, 0):soup('onion', 1, 0);(4, 1):soup('onion', 3, 20)",40.0,49.0,0,"(0, -1)",-0.0024000000000000024,0.0,0.0,-0.0024000000000000024,40.0,49.0,False,"(1, 2)",dish,"(1, 3)",,"(3, 0):soup('onion', 1, 0);(4, 1):soup('onion', 3, 20)","(3, 0):soup('onion', 1, 0);(4, 1):soup('onion', 3, 20)"
249,5,interact,"(1, 2)","(-1, 0)",dish,"(1, 3)","(0, -1)",,"(3, 0):soup('onion', 1, 0);(4, 1):soup('onion', 3, 20)","(3, 0):soup('onion', 1, 0);(4, 1):soup('onion', 3, 20)",40.0,49.0,0,"(0, -1)",-0.0024000000000000024,0.0,0.0,-0.0024000000000000024,40.0,49.0,False,"(1, 2)",dish,"(1, 3)",,"(3, 0):soup('onion', 1, 0);(4, 1):soup('onion', 3, 20)","(3, 0):soup('onion', 1, 0);(4, 1):soup('onion', 3, 20)"
250,5,interact,"(1, 2)","(-1, 0)",dish,"(1, 3)","(0, -1)",,"(3, 0):soup('onion', 1, 0);(4, 1):soup('onion', 3, 20)","(3, 0):soup('onion', 1, 0);(4, 1):soup('onion', 3, 20)",40.0,49.0,0,"(0, -1)",-0.0024000000000000024,0.0,0.0,-0.0024000000000000024,40.0,49.0,False,"(1, 2)",dish,"(1, 3)",,"(3, 0):soup('onion', 1, 0);(4, 1):soup('onion', 3, 20)","(3, 0):soup('onion', 1, 0);(4, 1):soup('onion', 3, 20)"
251,5,interact,"(1, 2)","(-1, 0)",dish,"(1, 3)","(0, -1)",,"(3, 0):soup('onion', 1, 0);(4, 1):soup('onion', 3, 20)","(3, 0):soup('onion', 1, 0);(4, 1):soup('onion', 3, 20)",40.0,49.0,0,"(0, -1)",-0.0024000000000000024,0.0,0.0,-0.0024000000000000024,40.0,49.0,False,"(1, 2)",dish,"(1, 3)",,"(3, 0):soup('onion', 1, 0);(4, 1):soup('onion', 3, 20)","(3, 0):soup('onion', 1, 0);(4, 1):soup('onion', 3, 20)"
252,5,interact,"(1, 2)","(-1, 0)",dish,"(1, 3)","(0, -1)",,"(3, 0):soup('onion', 1, 0);(4, 1):soup('onion', 3, 20)","(3, 0):soup('onion', 1, 0);(4, 1):soup('onion', 3, 20)",40.0,49.0,0,"(0, -1)",-0.0024000000000000024,0.0,0.0,-0.0024000000000000024,40.0,49.0,False,"(1, 2)",dish,"(1, 3)",,"(3, 0):soup('onion', 1, 0);(4, 1):soup('onion', 3, 20)","(3, 0):soup('onion', 1, 0);(4, 1):soup('onion', 3, 20)"
253,5,interact,"(1, 2)","(-1, 0)",dish,"(1, 3)","(0, -1)",,"(3, 0):soup('onion', 1, 0);(4, 1):soup('onion', 3, 20)","(3, 0):soup('onion', 1, 0);(4, 1):soup('onion', 3, 20)",40.0,49.0,0,"(0, -1)",-0.0024000000000000024,0.0,0.0,-0.0024000000000000024,40.0,49.0,False,"(1, 2)",dish,"(1, 3)",,"(3, 0):soup('onion', 1, 0);(4, 1):soup('onion', 3, 20)","(3, 0):soup('onion', 1, 0);(4, 1):soup('onion', 3, 20)"
254,5,interact,"(1, 2)","(-1, 0)",dish,"(1, 3)","(0, -1)",,"(3, 0):soup('onion', 1, 0);(4, 1):soup('onion', 3, 20)","(3, 0):soup('onion', 1, 0);(4, 1):soup('onion', 3, 20)",40.0,49.0,0,"(0, -1)",-0.0024000000000000024,0.0,0.0,-0.0024000000000000024,40.0,49.0,False,"(1, 2)",dish,"(1, 3)",,"(3, 0):soup('onion', 1, 0);(4, 1):soup('onion', 3, 20)","(3, 0):soup('onion', 1, 0);(4, 1):soup('onion', 3, 20)"
255,5,interact,"(1, 2)","(-1, 0)",dish,"(1, 3)","(0, -1)",,"(3, 0):soup('onion', 1, 0);(4, 1):soup('onion', 3, 20)","(3, 0):soup('onion', 1, 0);(4, 1):soup('onion', 3, 20)",40.0,49.0,0,"(0, -1)",-0.0024000000000000024,0.0,0.0,-0.0024000000000000024,40.0,49.0,False,"(1, 2)",dish,"(1, 3)",,"(3, 0):soup('onion', 1, 0);(4, 1):soup('onion', 3, 20)","(3, 0):soup('onion', 1, 0);(4, 1):soup('onion', 3, 20)"
256,5,interact,"(1, 2)","(-1, 0)",dish,"(1, 3)","(0, -1)",,"(3, 0):soup('onion', 1, 0);(4, 1):soup('onion', 3, 20)","(3, 0):soup('onion', 1, 0);(4, 1):soup('onion', 3, 20)",40.0,49.0,0,"(0, -1)",-0.0024000000000000024,0.0,0.0,-0.0024000000000000024,40.0,49.0,False,"(1, 2)",dish,"(1, 3)",,"(3, 0):soup('onion', 1, 0);(4, 1):soup('onion', 3, 20)","(3, 0):soup('onion', 1, 0);(4, 1):soup('onion', 3, 20)"
257,5,interact,"(1, 2)","(-1, 0)",dish,"(1, 3)","(0, -1)",,"(3, 0):soup('onion', 1, 0);(4, 1):soup('onion', 3, 20)","(3, 0):soup('onion', 1, 0);(4, 1):soup('onion', 3, 20)",40.0,49.0,0,"(0, -1)",-0.0024000000000000024,0.0,0.0,-0.0024000000000000024,40.0,49.0,False,"(1, 2)",dish,"(1, 3)",,"(3, 0):soup('onion', 1, 0);(4, 1):soup('onion', 3, 20)","(3, 0):soup('onion', 1, 0);(4, 1):soup('onion', 3, 20)"
258,5,interact,"(1, 2)","(-1, 0)",dish,"(1, 3)","(0, -1)",,"(3, 0):soup('onion', 1, 0);(4, 1):soup('onion', 3, 20)","(3, 0):soup('onion', 1, 0);(4, 1):soup('onion', 3, 20)",40.0,49.0,0,"(0, -1)",-0.0024000000000000024,0.0,0.0,-0.0024000000000000024,40.0,49.0,False,"(1, 2)",dish,"(1, 3)",,"(3, 0):soup('onion', 1, 0);(4, 1):soup('onion', 3, 20)","(3, 0):soup('onion', 1, 0);(4, 1):soup('onion', 3, 20)"
259,5,interact,"(1, 2)","(-1, 0)",dish,"(1, 3)","(0, -1)",,"(3, 0):soup('onion', 1, 0);(4, 1):soup('onion', 3, 20)","(3, 0):soup('onion', 1, 0);(4, 1):soup('onion', 3, 20)",40.0,49.0,0,"(0, -1)",-0.0024000000000000024,0.0,0.0,-0.0024000000000000024,40.0,49.0,False,"(1, 2)",dish,"(1, 3)",,"(3, 0):soup('onion', 1, 0);(4, 1):soup('onion', 3, 20)","(3, 0):soup('onion', 1, 0);(4, 1):soup('onion', 3, 20)"
260,5,interact,"(1, 2)","(-1, 0)",dish,"(1, 3)","(0, -1)",,"(3, 0):soup('onion', 1, 0);(4, 1):soup('onion', 3, 20)","(3, 0):soup('onion', 1, 0);(4, 1):soup('onion', 3, 20)",40.0,49.0,0,"(0, -1)",-0.0024000000000000024,0.0,0.0,-0.0024000000000000024,40.0,49.0,False,"(1, 2)",dish,"(1, 3)",,"(3, 0):soup('onion', 1, 0);(4, 1):soup('onion', 3, 20)","(3, 0):soup('onion', 1, 0);(4, 1):soup('onion', 3, 20)"
261,5,interact,"(1, 2)","(-1, 0)",dish,"(1, 3)","(0, -1)",,"(3, 0):soup('onion', 1, 0);(4, 1):soup('onion', 3, 20)","(3, 0):soup('onion', 1, 0);(4, 1):soup('onion', 3, 20)",40.0,49.0,0,"(0, -1)",-0.0024000000000000024,0.0,0.0,-0.0024000000000000024,40.0,49.0,False,"(1, 2)",dish,"(1, 3)",,"(3, 0):soup('onion', 1, 0);(4, 1):soup('onion', 3, 20)","(3, 0):soup('onion', 1, 0);(4, 1):soup('onion', 3, 20)"
262,5,interact,"(1, 2)","(-1, 0)",dish,"(1, 3)","(0, -1)",,"(3, 0):soup('onion', 1, 0);(4, 1):soup('onion', 3, 20)","(3, 0):soup('onion', 1, 0);(4, 1):soup('onion', 3, 20)",40.0,49.0,0,"(0, -1)",-0.0024000000000000024,0.0,0.0,-0.0024000000000000024,40.0,49.0,False,"(1, 2)",dish,"(1, 3)",,"(3, 0):soup('onion', 1, 0);(4, 1):soup('onion', 3, 20)","(3, 0):soup('onion', 1, 0);(4, 1):soup('onion', 3, 20)"
263,5,interact,"(1, 2)","(-1, 0)",dish,"(1, 3)","(0, -1)",,"(3, 0):soup('onion', 1, 0);(4, 1):soup('onion', 3, 20)","(3, 0):soup('onion', 1, 0);(4, 1):soup('onion', 3, 20)",40.0,49.0,0,"(0, -1)",-0.0024000000000000024,0.0,0.0,-0.0024000000000000024,40.0,49.0,False,"(1, 2)",dish,"(1, 3)",,"(3, 0):soup('onion', 1, 0);(4, 1):soup('onion', 3, 20)","(3, 0):soup('onion', 1, 0);(4, 1):soup('onion', 3, 20)"
264,5,interact,"(1, 2)","(-1, 0)",dish,"(1, 3)","(0, -1)",,"(3, 0):soup('onion', 1, 0);(4, 1):soup('onion', 3, 20)","(3, 0):soup('onion', 1, 0);(4, 1):soup('onion', 3, 20)",40.0,49.0,0,"(0, -1)",-0.0024000000000000024,0.0,0.0,-0.0024000000000000024,40.0,49.0,False,"(1, 2)",dish,"(1, 3)",,"(3, 0):soup('onion', 1, 0);(4, 1):soup('onion', 3, 20)","(3, 0):soup('onion', 1, 0);(4, 1):soup('onion', 3, 20)"
265,5,interact,"(1, 2)","(-1, 0)",dish,"(1, 3)","(0, -1)",,"(3, 0):soup('onion', 1, 0);(4, 1):soup('onion', 3, 20)","(3, 0):soup('onion', 1, 0);(4, 1):soup('onion', 3, 20)",40.0,49.0,0,"(0, -1)",-0.0024000000000000024,0.0,0.0,-0.0024000000000000024,40.0,49.0,False,"(1, 2)",dish,"(1, 3)",,"(3, 0):soup('onion', 1, 0);(4, 1):soup('onion', 3, 20)","(3, 0):soup('onion', 1, 0);(4, 1):soup('onion', 3, 20)"
266,5,interact,"(1, 2)","(-1, 0)",dish,"(1, 3)","(0, -1)",,"(3, 0):soup('onion', 1, 0);(4, 1):soup('onion', 3, 20)","(3, 0):soup('onion', 1, 0);(4, 1):soup('onion', 3, 20)",40.0,49.0,0,"(0, -1)",-0.0024000000000000024,0.0,0.0,-0.0024000000000000024,40.0,49.0,False,"(1, 2)",dish,"(1, 3)",,"(3, 0):soup('onion', 1, 0);(4, 1):soup('onion', 3, 20)","(3, 0):soup('onion', 1, 0);(4, 1):soup('onion', 3, 20)"
267,5,interact,"(1, 2)","(-1, 0)",dish,"(1, 3)","(0, -1)",,"(3, 0):soup('onion', 1, 0);(4, 1):soup('onion', 3, 20)","(3, 0):soup('onion', 1, 0);(4, 1):soup('onion', 3, 20)",40.0,49.0,0,"(0, -1)",-0.0024000000000000024,0.0,0.0,-0.0024000000000000024,40.0,49.0,False,"(1, 2)",dish,"(1, 3)",,"(3, 0):soup('onion', 1, 0);(4, 1):soup('onion', 3, 20)","(3, 0):soup('onion', 1, 0);(4, 1):soup('onion', 3, 20)"
268,5,interact,"(1, 2)","(-1, 0)",dish,"(1, 3)","(0, -1)",,"(3, 0):soup('onion', 1, 0);(4, 1):soup('onion', 3, 20)","(3, 0):soup('onion', 1, 0);(4, 1):soup('onion', 3, 20)",40.0,49.0,0,"(0, -1)",-0.0024000000000000024,0.0,0.0,-0.0024000000000000024,40.0,49.0,False,"(1, 2)",dish,"(1, 3)",,"(3, 0):soup('onion', 1, 0);(4, 1):soup('onion', 3, 20)","(3, 0):soup('onion', 1, 0);(4, 1):soup('onion', 3, 20)"
269,5,interact,"(1, 2)","(-1, 0)",dish,"(1, 3)","(0, -1)",,"(3, 0):soup('onion', 1, 0);(4, 1):soup('onion', 3, 20)","(3, 0):soup('onion', 1, 0);(4, 1):soup('onion', 3, 20)",40.0,49.0,0,"(0, -1)",-0.0024000000000000024,0.0,0.0,-0.0024000000000000024,40.0,49.0,False,"(1, 2)",dish,"(1, 3)",,"(3, 0):soup('onion', 1, 0);(4, 1):soup('onion', 3, 20)","(3, 0):soup('onion', 1, 0);(4, 1):soup('onion', 3, 20)"
270,5,interact,"(1, 2)","(-1, 0)",dish,"(1, 3)","(0, -1)",,"(3, 0):soup('onion', 1, 0);(4, 1):soup('onion', 3, 20)","(3, 0):soup('onion', 1, 0);(4, 1):soup('onion', 3, 20)",40.0,49.0,0,"(0, -1)",-0.0024000000000000024,0.0,0.0,-0.0024000000000000024,40.0,49.0,False,"(1, 2)",dish,"(1, 3)",,"(3, 0):soup('onion', 1, 0);(4, 1):soup('onion', 3, 20)","(3, 0):soup('onion', 1, 0);(4, 1):soup('onion', 3, 20)"
271,5,interact,"(1, 2)","(-1, 0)",dish,"(1, 3)","(0, -1)",,"(3, 0):soup('onion', 1, 0);(4, 1):soup('onion', 3, 20)","(3, 0):soup('onion', 1, 0);(4, 1):soup('onion', 3, 20)",40.0,49.0,0,"(0, -1)",-0.0024000000000000024,0.0,0.0,-0.0024000000000000024,40.0,49.0,False,"(1, 2)",dish,"(1, 3)",,"(3, 0):soup('onion', 1, 0);(4, 1):soup('onion', 3, 20)","(3, 0):soup('onion', 1, 0);(4, 1):soup('onion', 3, 20)"
272,5,interact,"(1, 2)","(-1, 0)",dish,"(1, 3)","(0, -1)",,"(3, 0):soup('onion', 1, 0);(4, 1):soup('onion', 3, 20)","(3, 0):soup('onion', 1, 0);(4, 1):soup('onion', 3, 20)",40.0,49.0,0,"(0, -1)",-0.0024000000000000024,0.0,0.0,-0.0024000000000000024,40.0,49.0,False,"(1, 2)",dish,"(1, 3)",,"(3, 0):soup('onion', 1, 0);(4, 1):soup('onion', 3, 20)","(3, 0):soup('onion', 1, 0);(4, 1):soup('onion', 3, 20)"
273,5,interact,"(1, 2)","(-1, 0)",dish,"(1, 3)","(0, -1)",,"(3, 0):soup('onion', 1, 0);(4, 1):soup('onion', 3, 20)","(3, 0):soup('onion', 1, 0);(4, 1):soup('onion', 3, 20)",40.0,49.0,0,"(0, -1)",-0.0024000000000000024,0.0,0.0,-0.0024000000000000024,40.0,49.0,False,"(1, 2)",dish,"(1, 3)",,"(3, 0):soup('onion', 1, 0);(4, 1):soup('onion', 3, 20)","(3, 0):soup('onion', 1, 0);(4, 1):soup('onion', 3, 20)"
274,5,interact,"(1, 2)","(-1, 0)",dish,"(1, 3)","(0, -1)",,"(3, 0):soup('onion', 1, 0);(4, 1):soup('onion', 3, 20)","(3, 0):soup('onion', 1, 0);(4, 1):soup('onion', 3, 20)",40.0,49.0,0,"(0, -1)",-0.0024000000000000024,0.0,0.0,-0.0024000000000000024,40.0,49.0,False,"(1, 2)",dish,"(1, 3)",,"(3, 0):soup('onion', 1, 0);(4, 1):soup('onion', 3, 20)","(3, 0):soup('onion', 1, 0);(4, 1):soup('onion', 3, 20)"
275,5,interact,"(1, 2)","(-1, 0)",dish,"(1, 3)","(0, -1)",,"(3, 0):soup('onion', 1, 0);(4, 1):soup('onion', 3, 20)","(3, 0):soup('onion', 1, 0);(4, 1):soup('onion', 3, 20)",40.0,49.0,0,"(0, -1)",-0.0024000000000000024,0.0,0.0,-0.0024000000000000024,40.0,49.0,False,"(1, 2)",dish,"(1, 3)",,"(3, 0):soup('onion', 1, 0);(4, 1):soup('onion', 3, 20)","(3, 0):soup('onion', 1, 0);(4, 1):soup('onion', 3, 20)"
276,5,interact,"(1, 2)","(-1, 0)",dish,"(1, 3)","(0, -1)",,"(3, 0):soup('onion', 1, 0);(4, 1):soup('onion', 3, 20)","(3, 0):soup('onion', 1, 0);(4, 1):soup('onion', 3, 20)",40.0,49.0,0,"(0, -1)",-0.0024000000000000024,0.0,0.0,-0.0024000000000000024,40.0,49.0,False,"(1, 2)",dish,"(1, 3)",,"(3, 0):soup('onion', 1, 0);(4, 1):soup('onion', 3, 20)","(3, 0):soup('onion', 1, 0);(4, 1):soup('onion', 3, 20)"
277,5,interact,"(1, 2)","(-1, 0)",dish,"(1, 3)","(0, -1)",,"(3, 0):soup('onion', 1, 0);(4, 1):soup('onion', 3, 20)","(3, 0):soup('onion', 1, 0);(4, 1):soup('onion', 3, 20)",40.0,49.0,0,"(0, -1)",-0.0024000000000000024,0.0,0.0,-0.0024000000000000024,40.0,49.0,False,"(1, 2)",dish,"(1, 3)",,"(3, 0):soup('onion', 1, 0);(4, 1):soup('onion', 3, 20)","(3, 0):soup('onion', 1, 0);(4, 1):soup('onion', 3, 20)"
278,5,interact,"(1, 2)","(-1, 0)",dish,"(1, 3)","(0, -1)",,"(3, 0):soup('onion', 1, 0);(4, 1):soup('onion', 3, 20)","(3, 0):soup('onion', 1, 0);(4, 1):soup('onion', 3, 20)",40.0,49.0,0,"(0, -1)",-0.0024000000000000024,0.0,0.0,-0.0024000000000000024,40.0,49.0,False,"(1, 2)",dish,"(1, 3)",,"(3, 0):soup('onion', 1, 0);(4, 1):soup('onion', 3, 20)","(3, 0):soup('onion', 1, 0);(4, 1):soup('onion', 3, 20)"
279,5,interact,"(1, 2)","(-1, 0)",dish,"(1, 3)","(0, -1)",,"(3, 0):soup('onion', 1, 0);(4, 1):soup('onion', 3, 20)","(3, 0):soup('onion', 1, 0);(4, 1):soup('onion', 3, 20)",40.0,49.0,0,"(0, -1)",-0.0024000000000000024,0.0,0.0,-0.0024000000000000024,40.0,49.0,False,"(1, 2)",dish,"(1, 3)",,"(3, 0):soup('onion', 1, 0);(4, 1):soup('onion', 3, 20)","(3, 0):soup('onion', 1, 0);(4, 1):soup('onion', 3, 20)"
280,5,interact,"(1, 2)","(-1, 0)",dish,"(1, 3)","(0, -1)",,"(3, 0):soup('onion', 1, 0);(4, 1):soup('onion', 3, 20)","(3, 0):soup('onion', 1, 0);(4, 1):soup('onion', 3, 20)",40.0,49.0,0,"(0, -1)",-0.0024000000000000024,0.0,0.0,-0.0024000000000000024,40.0,49.0,False,"(1, 2)",dish,"(1, 3)",,"(3, 0):soup('onion', 1, 0);(4, 1):soup('onion', 3, 20)","(3, 0):soup('onion', 1, 0);(4, 1):soup('onion', 3, 20)"
281,5,interact,"(1, 2)","(-1, 0)",dish,"(1, 3)","(0, -1)",,"(3, 0):soup('onion', 1, 0);(4, 1):soup('onion', 3, 20)","(3, 0):soup('onion', 1, 0);(4, 1):soup('onion', 3, 20)",40.0,49.0,0,"(0, -1)",-0.0024000000000000024,0.0,0.0,-0.0024000000000000024,40.0,49.0,False,"(1, 2)",dish,"(1, 3)",,"(3, 0):soup('onion', 1, 0);(4, 1):soup('onion', 3, 20)","(3, 0):soup('onion', 1, 0);(4, 1):soup('onion', 3, 20)"
282,5,interact,"(1, 2)","(-1, 0)",dish,"(1, 3)","(0, -1)",,"(3, 0):soup('onion', 1, 0);(4, 1):soup('onion', 3, 20)","(3, 0):soup('onion', 1, 0);(4, 1):soup('onion', 3, 20)",40.0,49.0,0,"(0, -1)",-0.0024000000000000024,0.0,0.0,-0.0024000000000000024,40.0,49.0,False,"(1, 2)",dish,"(1, 3)",,"(3, 0):soup('onion', 1, 0);(4, 1):soup('onion', 3, 20)","(3, 0):soup('onion', 1, 0);(4, 1):soup('onion', 3, 20)"
283,5,interact,"(1, 2)","(-1, 0)",dish,"(1, 3)","(0, -1)",,"(3, 0):soup('onion', 1, 0);(4, 1):soup('onion', 3, 20)","(3, 0):soup('onion', 1, 0);(4, 1):soup('onion', 3, 20)",40.0,49.0,0,"(0, -1)",-0.0024000000000000024,0.0,0.0,-0.0024000000000000024,40.0,49.0,False,"(1, 2)",dish,"(1, 3)",,"(3, 0):soup('onion', 1, 0);(4, 1):soup('onion', 3, 20)","(3, 0):soup('onion', 1, 0);(4, 1):soup('onion', 3, 20)"
284,5,interact,"(1, 2)","(-1, 0)",dish,"(1, 3)","(0, -1)",,"(3, 0):soup('onion', 1, 0);(4, 1):soup('onion', 3, 20)","(3, 0):soup('onion', 1, 0);(4, 1):soup('onion', 3, 20)",40.0,49.0,0,"(0, -1)",-0.0024000000000000024,0.0,0.0,-0.0024000000000000024,40.0,49.0,False,"(1, 2)",dish,"(1, 3)",,"(3, 0):soup('onion', 1, 0);(4, 1):soup('onion', 3, 20)","(3, 0):soup('onion', 1, 0);(4, 1):soup('onion', 3, 20)"
285,5,interact,"(1, 2)","(-1, 0)",dish,"(1, 3)","(0, -1)",,"(3, 0):soup('onion', 1, 0);(4, 1):soup('onion', 3, 20)","(3, 0):soup('onion', 1, 0);(4, 1):soup('onion', 3, 20)",40.0,49.0,0,"(0, -1)",-0.0024000000000000024,0.0,0.0,-0.0024000000000000024,40.0,49.0,False,"(1, 2)",dish,"(1, 3)",,"(3, 0):soup('onion', 1, 0);(4, 1):soup('onion', 3, 20)","(3, 0):soup('onion', 1, 0);(4, 1):soup('onion', 3, 20)"
286,5,interact,"(1, 2)","(-1, 0)",dish,"(1, 3)","(0, -1)",,"(3, 0):soup('onion', 1, 0);(4, 1):soup('onion', 3, 20)","(3, 0):soup('onion', 1, 0);(4, 1):soup('onion', 3, 20)",40.0,49.0,0,"(0, -1)",-0.0024000000000000024,0.0,0.0,-0.0024000000000000024,40.0,49.0,False,"(1, 2)",dish,"(1, 3)",,"(3, 0):soup('onion', 1, 0);(4, 1):soup('onion', 3, 20)","(3, 0):soup('onion', 1, 0);(4, 1):soup('onion', 3, 20)"
287,5,interact,"(1, 2)","(-1, 0)",dish,"(1, 3)","(0, -1)",,"(3, 0):soup('onion', 1, 0);(4, 1):soup('onion', 3, 20)","(3, 0):soup('onion', 1, 0);(4, 1):soup('onion', 3, 20)",40.0,49.0,0,"(0, -1)",-0.0024000000000000024,0.0,0.0,-0.0024000000000000024,40.0,49.0,False,"(1, 2)",dish,"(1, 3)",,"(3, 0):soup('onion', 1, 0);(4, 1):soup('onion', 3, 20)","(3, 0):soup('onion', 1, 0);(4, 1):soup('onion', 3, 20)"
288,5,interact,"(1, 2)","(-1, 0)",dish,"(1, 3)","(0, -1)",,"(3, 0):soup('onion', 1, 0);(4, 1):soup('onion', 3, 20)","(3, 0):soup('onion', 1, 0);(4, 1):soup('onion', 3, 20)",40.0,49.0,0,"(0, -1)",-0.0024000000000000024,0.0,0.0,-0.0024000000000000024,40.0,49.0,False,"(1, 2)",dish,"(1, 3)",,"(3, 0):soup('onion', 1, 0);(4, 1):soup('onion', 3, 20)","(3, 0):soup('onion', 1, 0);(4, 1):soup('onion', 3, 20)"
289,5,interact,"(1, 2)","(-1, 0)",dish,"(1, 3)","(0, -1)",,"(3, 0):soup('onion', 1, 0);(4, 1):soup('onion', 3, 20)","(3, 0):soup('onion', 1, 0);(4, 1):soup('onion', 3, 20)",40.0,49.0,0,"(0, -1)",-0.0024000000000000024,0.0,0.0,-0.0024000000000000024,40.0,49.0,False,"(1, 2)",dish,"(1, 3)",,"(3, 0):soup('onion', 1, 0);(4, 1):soup('onion', 3, 20)","(3, 0):soup('onion', 1, 0);(4, 1):soup('onion', 3, 20)"
290,5,interact,"(1, 2)","(-1, 0)",dish,"(1, 3)","(0, -1)",,"(3, 0):soup('onion', 1, 0);(4, 1):soup('onion', 3, 20)","(3, 0):soup('onion', 1, 0);(4, 1):soup('onion', 3, 20)",40.0,49.0,0,"(0, -1)",-0.0024000000000000024,0.0,0.0,-0.0024000000000000024,40.0,49.0,False,"(1, 2)",dish,"(1, 3)",,"(3, 0):soup('onion', 1, 0);(4, 1):soup('onion', 3, 20)","(3, 0):soup('onion', 1, 0);(4, 1):soup('onion', 3, 20)"
291,5,interact,"(1, 2)","(-1, 0)",dish,"(1, 3)","(0, -1)",,"(3, 0):soup('onion', 1, 0);(4, 1):soup('onion', 3, 20)","(3, 0):soup('onion', 1, 0);(4, 1):soup('onion', 3, 20)",40.0,49.0,0,"(0, -1)",-0.0024000000000000024,0.0,0.0,-0.0024000000000000024,40.0,49.0,False,"(1, 2)",dish,"(1, 3)",,"(3, 0):soup('onion', 1, 0);(4, 1):soup('onion', 3, 20)","(3, 0):soup('onion', 1, 0);(4, 1):soup('onion', 3, 20)"
292,5,interact,"(1, 2)","(-1, 0)",dish,"(1, 3)","(0, -1)",,"(3, 0):soup('onion', 1, 0);(4, 1):soup('onion', 3, 20)","(3, 0):soup('onion', 1, 0);(4, 1):soup('onion', 3, 20)",40.0,49.0,0,"(0, -1)",-0.0024000000000000024,0.0,0.0,-0.0024000000000000024,40.0,49.0,False,"(1, 2)",dish,"(1, 3)",,"(3, 0):soup('onion', 1, 0);(4, 1):soup('onion', 3, 20)","(3, 0):soup('onion', 1, 0);(4, 1):soup('onion', 3, 20)"
293,5,interact,"(1, 2)","(-1, 0)",dish,"(1, 3)","(0, -1)",,"(3, 0):soup('onion', 1, 0);(4, 1):soup('onion', 3, 20)","(3, 0):soup('onion', 1, 0);(4, 1):soup('onion', 3, 20)",40.0,49.0,0,"(0, -1)",-0.0024000000000000024,0.0,0.0,-0.0024000000000000024,40.0,49.0,False,"(1, 2)",dish,"(1, 3)",,"(3, 0):soup('onion', 1, 0);(4, 1):soup('onion', 3, 20)","(3, 0):soup('onion', 1, 0);(4, 1):soup('onion', 3, 20)"
294,5,interact,"(1, 2)","(-1, 0)",dish,"(1, 3)","(0, -1)",,"(3, 0):soup('onion', 1, 0);(4, 1):soup('onion', 3, 20)","(3, 0):soup('onion', 1, 0);(4, 1):soup('onion', 3, 20)",40.0,49.0,0,"(0, -1)",-0.0024000000000000024,0.0,0.0,-0.0024000000000000024,40.0,49.0,False,"(1, 2)",dish,"(1, 3)",,"(3, 0):soup('onion', 1, 0);(4, 1):soup('onion', 3, 20)","(3, 0):soup('onion', 1, 0);(4, 1):soup('onion', 3, 20)"
295,5,interact,"(1, 2)","(-1, 0)",dish,"(1, 3)","(0, -1)",,"(3, 0):soup('onion', 1, 0);(4, 1):soup('onion', 3, 20)","(3, 0):soup('onion', 1, 0);(4, 1):soup('onion', 3, 20)",40.0,49.0,0,"(0, -1)",-0.0024000000000000024,0.0,0.0,-0.0024000000000000024,40.0,49.0,False,"(1, 2)",dish,"(1, 3)",,"(3, 0):soup('onion', 1, 0);(4, 1):soup('onion', 3, 20)","(3, 0):soup('onion', 1, 0);(4, 1):soup('onion', 3, 20)"
296,5,interact,"(1, 2)","(-1, 0)",dish,"(1, 3)","(0, -1)",,"(3, 0):soup('onion', 1, 0);(4, 1):soup('onion', 3, 20)","(3, 0):soup('onion', 1, 0);(4, 1):soup('onion', 3, 20)",40.0,49.0,0,"(0, -1)",-0.0024000000000000024,0.0,0.0,-0.0024000000000000024,40.0,49.0,False,"(1, 2)",dish,"(1, 3)",,"(3, 0):soup('onion', 1, 0);(4, 1):soup('onion', 3, 20)","(3, 0):soup('onion', 1, 0);(4, 1):soup('onion', 3, 20)"
297,5,interact,"(1, 2)","(-1, 0)",dish,"(1, 3)","(0, -1)",,"(3, 0):soup('onion', 1, 0);(4, 1):soup('onion', 3, 20)","(3, 0):soup('onion', 1, 0);(4, 1):soup('onion', 3, 20)",40.0,49.0,0,"(0, -1)",-0.0024000000000000024,0.0,0.0,-0.0024000000000000024,40.0,49.0,False,"(1, 2)",dish,"(1, 3)",,"(3, 0):soup('onion', 1, 0);(4, 1):soup('onion', 3, 20)","(3, 0):soup('onion', 1, 0);(4, 1):soup('onion', 3, 20)"
298,5,interact,"(1, 2)","(-1, 0)",dish,"(1, 3)","(0, -1)",,"(3, 0):soup('onion', 1, 0);(4, 1):soup('onion', 3, 20)","(3, 0):soup('onion', 1, 0);(4, 1):soup('onion', 3, 20)",40.0,49.0,0,"(0, -1)",-0.0024000000000000024,0.0,0.0,-0.0024000000000000024,40.0,49.0,False,"(1, 2)",dish,"(1, 3)",,"(3, 0):soup('onion', 1, 0);(4, 1):soup('onion', 3, 20)","(3, 0):soup('onion', 1, 0);(4, 1):soup('onion', 3, 20)"
299,5,interact,"(1, 2)","(-1, 0)",dish,"(1, 3)","(0, -1)",,"(3, 0):soup('onion', 1, 0);(4, 1):soup('onion', 3, 20)","(3, 0):soup('onion', 1, 0);(4, 1):soup('onion', 3, 20)",40.0,49.0,0,"(0, -1)",-0.0024000000000000024,0.0,0.0,-0.0024000000000000024,40.0,49.0,False,"(1, 2)",dish,"(1, 3)",,"(3, 0):soup('onion', 1, 0);(4, 1):soup('onion', 3, 20)","(3, 0):soup('onion', 1, 0);(4, 1):soup('onion', 3, 20)"
300,5,interact,"(1, 2)","(-1, 0)",dish,"(1, 3)","(0, -1)",,"(3, 0):soup('onion', 1, 0);(4, 1):soup('onion', 3, 20)","(3, 0):soup('onion', 1, 0);(4, 1):soup('onion', 3, 20)",40.0,49.0,0,"(0, -1)",-0.0024000000000000024,0.0,0.0,-0.0024000000000000024,40.0,49.0,False,"(1, 2)",dish,"(1, 3)",,"(3, 0):soup('onion', 1, 0);(4, 1):soup('onion', 3, 20)","(3, 0):soup('onion', 1, 0);(4, 1):soup('onion', 3, 20)"
301,5,interact,"(1, 2)","(-1, 0)",dish,"(1, 3)","(0, -1)",,"(3, 0):soup('onion', 1, 0);(4, 1):soup('onion', 3, 20)","(3, 0):soup('onion', 1, 0);(4, 1):soup('onion', 3, 20)",40.0,49.0,0,"(0, -1)",-0.0024000000000000024,0.0,0.0,-0.0024000000000000024,40.0,49.0,False,"(1, 2)",dish,"(1, 3)",,"(3, 0):soup('onion', 1, 0);(4, 1):soup('onion', 3, 20)","(3, 0):soup('onion', 1, 0);(4, 1):soup('onion', 3, 20)"
302,5,interact,"(1, 2)","(-1, 0)",dish,"(1, 3)","(0, -1)",,"(3, 0):soup('onion', 1, 0);(4, 1):soup('onion', 3, 20)","(3, 0):soup('onion', 1, 0);(4, 1):soup('onion', 3, 20)",40.0,49.0,0,"(0, -1)",-0.0024000000000000024,0.0,0.0,-0.0024000000000000024,40.0,49.0,False,"(1, 2)",dish,"(1, 3)",,"(3, 0):soup('onion', 1, 0);(4, 1):soup('onion', 3, 20)","(3, 0):soup('onion', 1, 0);(4, 1):soup('onion', 3, 20)"
303,5,interact,"(1, 2)","(-1, 0)",dish,"(1, 3)","(0, -1)",,"(3, 0):soup('onion', 1, 0);(4, 1):soup('onion', 3, 20)","(3, 0):soup('onion', 1, 0);(4, 1):soup('onion', 3, 20)",40.0,49.0,0,"(0, -1)",-0.0024000000000000024,0.0,0.0,-0.0024000000000000024,40.0,49.0,False,"(1, 2)",dish,"(1, 3)",,"(3, 0):soup('onion', 1, 0);(4, 1):soup('onion', 3, 20)","(3, 0):soup('onion', 1, 0);(4, 1):soup('onion', 3, 20)"
304,5,interact,"(1, 2)","(-1, 0)",dish,"(1, 3)","(0, -1)",,"(3, 0):soup('onion', 1, 0);(4, 1):soup('onion', 3, 20)","(3, 0):soup('onion', 1, 0);(4, 1):soup('onion', 3, 20)",40.0,49.0,0,"(0, -1)",-0.0024000000000000024,0.0,0.0,-0.0024000000000000024,40.0,49.0,False,"(1, 2)",dish,"(1, 3)",,"(3, 0):soup('onion', 1, 0);(4, 1):soup('onion', 3, 20)","(3, 0):soup('onion', 1, 0);(4, 1):soup('onion', 3, 20)"
305,5,interact,"(1, 2)","(-1, 0)",dish,"(1, 3)","(0, -1)",,"(3, 0):soup('onion', 1, 0);(4, 1):soup('onion', 3, 20)","(3, 0):soup('onion', 1, 0);(4, 1):soup('onion', 3, 20)",40.0,49.0,0,"(0, -1)",-0.0024000000000000024,0.0,0.0,-0.0024000000000000024,40.0,49.0,False,"(1, 2)",dish,"(1, 3)",,"(3, 0):soup('onion', 1, 0);(4, 1):soup('onion', 3, 20)","(3, 0):soup('onion', 1, 0);(4, 1):soup('onion', 3, 20)"
306,5,interact,"(1, 2)","(-1, 0)",dish,"(1, 3)","(0, -1)",,"(3, 0):soup('onion', 1, 0);(4, 1):soup('onion', 3, 20)","(3, 0):soup('onion', 1, 0);(4, 1):soup('onion', 3, 20)",40.0,49.0,0,"(0, -1)",-0.0024000000000000024,0.0,0.0,-0.0024000000000000024,40.0,49.0,False,"(1, 2)",dish,"(1, 3)",,"(3, 0):soup('onion', 1, 0);(4, 1):soup('onion', 3, 20)","(3, 0):soup('onion', 1, 0);(4, 1):soup('onion', 3, 20)"
307,5,interact,"(1, 2)","(-1, 0)",dish,"(1, 3)","(0, -1)",,"(3, 0):soup('onion', 1, 0);(4, 1):soup('onion', 3, 20)","(3, 0):soup('onion', 1, 0);(4, 1):soup('onion', 3, 20)",40.0,49.0,0,"(0, -1)",-0.0024000000000000024,0.0,0.0,-0.0024000000000000024,40.0,49.0,False,"(1, 2)",dish,"(1, 3)",,"(3, 0):soup('onion', 1, 0);(4, 1):soup('onion', 3, 20)","(3, 0):soup('onion', 1, 0);(4, 1):soup('onion', 3, 20)"
308,5,interact,"(1, 2)","(-1, 0)",dish,"(1, 3)","(0, -1)",,"(3, 0):soup('onion', 1, 0);(4, 1):soup('onion', 3, 20)","(3, 0):soup('onion', 1, 0);(4, 1):soup('onion', 3, 20)",40.0,49.0,0,"(0, -1)",-0.0024000000000000024,0.0,0.0,-0.0024000000000000024,40.0,49.0,False,"(1, 2)",dish,"(1, 3)",,"(3, 0):soup('onion', 1, 0);(4, 1):soup('onion', 3, 20)","(3, 0):soup('onion', 1, 0);(4, 1):soup('onion', 3, 20)"
309,5,interact,"(1, 2)","(-1, 0)",dish,"(1, 3)","(0, -1)",,"(3, 0):soup('onion', 1, 0);(4, 1):soup('onion', 3, 20)","(3, 0):soup('onion', 1, 0);(4, 1):soup('onion', 3, 20)",40.0,49.0,0,"(0, -1)",-0.0024000000000000024,0.0,0.0,-0.0024000000000000024,40.0,49.0,False,"(1, 2)",dish,"(1, 3)",,"(3, 0):soup('onion', 1, 0);(4, 1):soup('onion', 3, 20)","(3, 0):soup('onion', 1, 0);(4, 1):soup('onion', 3, 20)"
310,5,interact,"(1, 2)","(-1, 0)",dish,"(1, 3)","(0, -1)",,"(3, 0):soup('onion', 1, 0);(4, 1):soup('onion', 3, 20)","(3, 0):soup('onion', 1, 0);(4, 1):soup('onion', 3, 20)",40.0,49.0,0,"(0, -1)",-0.0024000000000000024,0.0,0.0,-0.0024000000000000024,40.0,49.0,False,"(1, 2)",dish,"(1, 3)",,"(3, 0):soup('onion', 1, 0);(4, 1):soup('onion', 3, 20)","(3, 0):soup('onion', 1, 0);(4, 1):soup('onion', 3, 20)"
311,5,interact,"(1, 2)","(-1, 0)",dish,"(1, 3)","(0, -1)",,"(3, 0):soup('onion', 1, 0);(4, 1):soup('onion', 3, 20)","(3, 0):soup('onion', 1, 0);(4, 1):soup('onion', 3, 20)",40.0,49.0,0,"(0, -1)",-0.0024000000000000024,0.0,0.0,-0.0024000000000000024,40.0,49.0,False,"(1, 2)",dish,"(1, 3)",,"(3, 0):soup('onion', 1, 0);(4, 1):soup('onion', 3, 20)","(3, 0):soup('onion', 1, 0);(4, 1):soup('onion', 3, 20)"
312,5,interact,"(1, 2)","(-1, 0)",dish,"(1, 3)","(0, -1)",,"(3, 0):soup('onion', 1, 0);(4, 1):soup('onion', 3, 20)","(3, 0):soup('onion', 1, 0);(4, 1):soup('onion', 3, 20)",40.0,49.0,0,"(0, -1)",-0.0024000000000000024,0.0,0.0,-0.0024000000000000024,40.0,49.0,False,"(1, 2)",dish,"(1, 3)",,"(3, 0):soup('onion', 1, 0);(4, 1):soup('onion', 3, 20)","(3, 0):soup('onion', 1, 0);(4, 1):soup('onion', 3, 20)"
313,5,interact,"(1, 2)","(-1, 0)",dish,"(1, 3)","(0, -1)",,"(3, 0):soup('onion', 1, 0);(4, 1):soup('onion', 3, 20)","(3, 0):soup('onion', 1, 0);(4, 1):soup('onion', 3, 20)",40.0,49.0,0,"(0, -1)",-0.0024000000000000024,0.0,0.0,-0.0024000000000000024,40.0,49.0,False,"(1, 2)",dish,"(1, 3)",,"(3, 0):soup('onion', 1, 0);(4, 1):soup('onion', 3, 20)","(3, 0):soup('onion', 1, 0);(4, 1):soup('onion', 3, 20)"
314,5,interact,"(1, 2)","(-1, 0)",dish,"(1, 3)","(0, -1)",,"(3, 0):soup('onion', 1, 0);(4, 1):soup('onion', 3, 20)","(3, 0):soup('onion', 1, 0);(4, 1):soup('onion', 3, 20)",40.0,49.0,0,"(0, -1)",-0.0024000000000000024,0.0,0.0,-0.0024000000000000024,40.0,49.0,False,"(1, 2)",dish,"(1, 3)",,"(3, 0):soup('onion', 1, 0);(4, 1):soup('onion', 3, 20)","(3, 0):soup('onion', 1, 0);(4, 1):soup('onion', 3, 20)"
315,5,interact,"(1, 2)","(-1, 0)",dish,"(1, 3)","(0, -1)",,"(3, 0):soup('onion', 1, 0);(4, 1):soup('onion', 3, 20)","(3, 0):soup('onion', 1, 0);(4, 1):soup('onion', 3, 20)",40.0,49.0,0,"(0, -1)",-0.0024000000000000024,0.0,0.0,-0.0024000000000000024,40.0,49.0,False,"(1, 2)",dish,"(1, 3)",,"(3, 0):soup('onion', 1, 0);(4, 1):soup('onion', 3, 20)","(3, 0):soup('onion', 1, 0);(4, 1):soup('onion', 3, 20)"
316,5,interact,"(1, 2)","(-1, 0)",dish,"(1, 3)","(0, -1)",,"(3, 0):soup('onion', 1, 0);(4, 1):soup('onion', 3, 20)","(3, 0):soup('onion', 1, 0);(4, 1):soup('onion', 3, 20)",40.0,49.0,0,"(0, -1)",-0.0024000000000000024,0.0,0.0,-0.0024000000000000024,40.0,49.0,False,"(1, 2)",dish,"(1, 3)",,"(3, 0):soup('onion', 1, 0);(4, 1):soup('onion', 3, 20)","(3, 0):soup('onion', 1, 0);(4, 1):soup('onion', 3, 20)"
317,5,interact,"(1, 2)","(-1, 0)",dish,"(1, 3)","(0, -1)",,"(3, 0):soup('onion', 1, 0);(4, 1):soup('onion', 3, 20)","(3, 0):soup('onion', 1, 0);(4, 1):soup('onion', 3, 20)",40.0,49.0,0,"(0, -1)",-0.0024000000000000024,0.0,0.0,-0.0024000000000000024,40.0,49.0,False,"(1, 2)",dish,"(1, 3)",,"(3, 0):soup('onion', 1, 0);(4, 1):soup('onion', 3, 20)","(3, 0):soup('onion', 1, 0);(4, 1):soup('onion', 3, 20)"
318,5,interact,"(1, 2)","(-1, 0)",dish,"(1, 3)","(0, -1)",,"(3, 0):soup('onion', 1, 0);(4, 1):soup('onion', 3, 20)","(3, 0):soup('onion', 1, 0);(4, 1):soup('onion', 3, 20)",40.0,49.0,0,"(0, -1)",-0.0024000000000000024,0.0,0.0,-0.0024000000000000024,40.0,49.0,False,"(1, 2)",dish,"(1, 3)",,"(3, 0):soup('onion', 1, 0);(4, 1):soup('onion', 3, 20)","(3, 0):soup('onion', 1, 0);(4, 1):soup('onion', 3, 20)"
319,5,interact,"(1, 2)","(-1, 0)",dish,"(1, 3)","(0, -1)",,"(3, 0):soup('onion', 1, 0);(4, 1):soup('onion', 3, 20)","(3, 0):soup('onion', 1, 0);(4, 1):soup('onion', 3, 20)",40.0,49.0,0,"(0, -1)",-0.0024000000000000024,0.0,0.0,-0.0024000000000000024,40.0,49.0,False,"(1, 2)",dish,"(1, 3)",,"(3, 0):soup('onion', 1, 0);(4, 1):soup('onion', 3, 20)","(3, 0):soup('onion', 1, 0);(4, 1):soup('onion', 3, 20)"
320,5,interact,"(1, 2)","(-1, 0)",dish,"(1, 3)","(0, -1)",,"(3, 0):soup('onion', 1, 0);(4, 1):soup('onion', 3, 20)","(3, 0):soup('onion', 1, 0);(4, 1):soup('onion', 3, 20)",40.0,49.0,0,"(0, -1)",-0.0024000000000000024,0.0,0.0,-0.0024000000000000024,40.0,49.0,False,"(1, 2)",dish,"(1, 3)",,"(3, 0):soup('onion', 1, 0);(4, 1):soup('onion', 3, 20)","(3, 0):soup('onion', 1, 0);(4, 1):soup('onion', 3, 20)"
321,5,interact,"(1, 2)","(-1, 0)",dish,"(1, 3)","(0, -1)",,"(3, 0):soup('onion', 1, 0);(4, 1):soup('onion', 3, 20)","(3, 0):soup('onion', 1, 0);(4, 1):soup('onion', 3, 20)",40.0,49.0,0,"(0, -1)",-0.0024000000000000024,0.0,0.0,-0.0024000000000000024,40.0,49.0,False,"(1, 2)",dish,"(1, 3)",,"(3, 0):soup('onion', 1, 0);(4, 1):soup('onion', 3, 20)","(3, 0):soup('onion', 1, 0);(4, 1):soup('onion', 3, 20)"
322,5,interact,"(1, 2)","(-1, 0)",dish,"(1, 3)","(0, -1)",,"(3, 0):soup('onion', 1, 0);(4, 1):soup('onion', 3, 20)","(3, 0):soup('onion', 1, 0);(4, 1):soup('onion', 3, 20)",40.0,49.0,0,"(0, -1)",-0.0024000000000000024,0.0,0.0,-0.0024000000000000024,40.0,49.0,False,"(1, 2)",dish,"(1, 3)",,"(3, 0):soup('onion', 1, 0);(4, 1):soup('onion', 3, 20)","(3, 0):soup('onion', 1, 0);(4, 1):soup('onion', 3, 20)"
323,5,interact,"(1, 2)","(-1, 0)",dish,"(1, 3)","(0, -1)",,"(3, 0):soup('onion', 1, 0);(4, 1):soup('onion', 3, 20)","(3, 0):soup('onion', 1, 0);(4, 1):soup('onion', 3, 20)",40.0,49.0,0,"(0, -1)",-0.0024000000000000024,0.0,0.0,-0.0024000000000000024,40.0,49.0,False,"(1, 2)",dish,"(1, 3)",,"(3, 0):soup('onion', 1, 0);(4, 1):soup('onion', 3, 20)","(3, 0):soup('onion', 1, 0);(4, 1):soup('onion', 3, 20)"
324,5,interact,"(1, 2)","(-1, 0)",dish,"(1, 3)","(0, -1)",,"(3, 0):soup('onion', 1, 0);(4, 1):soup('onion', 3, 20)","(3, 0):soup('onion', 1, 0);(4, 1):soup('onion', 3, 20)",40.0,49.0,0,"(0, -1)",-0.0024000000000000024,0.0,0.0,-0.0024000000000000024,40.0,49.0,False,"(1, 2)",dish,"(1, 3)",,"(3, 0):soup('onion', 1, 0);(4, 1):soup('onion', 3, 20)","(3, 0):soup('onion', 1, 0);(4, 1):soup('onion', 3, 20)"
325,5,interact,"(1, 2)","(-1, 0)",dish,"(1, 3)","(0, -1)",,"(3, 0):soup('onion', 1, 0);(4, 1):soup('onion', 3, 20)","(3, 0):soup('onion', 1, 0);(4, 1):soup('onion', 3, 20)",40.0,49.0,0,"(0, -1)",-0.0024000000000000024,0.0,0.0,-0.0024000000000000024,40.0,49.0,False,"(1, 2)",dish,"(1, 3)",,"(3, 0):soup('onion', 1, 0);(4, 1):soup('onion', 3, 20)","(3, 0):soup('onion', 1, 0);(4, 1):soup('onion', 3, 20)"
326,5,interact,"(1, 2)","(-1, 0)",dish,"(1, 3)","(0, -1)",,"(3, 0):soup('onion', 1, 0);(4, 1):soup('onion', 3, 20)","(3, 0):soup('onion', 1, 0);(4, 1):soup('onion', 3, 20)",40.0,49.0,0,"(0, -1)",-0.0024000000000000024,0.0,0.0,-0.0024000000000000024,40.0,49.0,False,"(1, 2)",dish,"(1, 3)",,"(3, 0):soup('onion', 1, 0);(4, 1):soup('onion', 3, 20)","(3, 0):soup('onion', 1, 0);(4, 1):soup('onion', 3, 20)"
327,5,interact,"(1, 2)","(-1, 0)",dish,"(1, 3)","(0, -1)",,"(3, 0):soup('onion', 1, 0);(4, 1):soup('onion', 3, 20)","(3, 0):soup('onion', 1, 0);(4, 1):soup('onion', 3, 20)",40.0,49.0,0,"(0, -1)",-0.0024000000000000024,0.0,0.0,-0.0024000000000000024,40.0,49.0,False,"(1, 2)",dish,"(1, 3)",,"(3, 0):soup('onion', 1, 0);(4, 1):soup('onion', 3, 20)","(3, 0):soup('onion', 1, 0);(4, 1):soup('onion', 3, 20)"
328,5,interact,"(1, 2)","(-1, 0)",dish,"(1, 3)","(0, -1)",,"(3, 0):soup('onion', 1, 0);(4, 1):soup('onion', 3, 20)","(3, 0):soup('onion', 1, 0);(4, 1):soup('onion', 3, 20)",40.0,49.0,0,"(0, -1)",-0.0024000000000000024,0.0,0.0,-0.0024000000000000024,40.0,49.0,False,"(1, 2)",dish,"(1, 3)",,"(3, 0):soup('onion', 1, 0);(4, 1):soup('onion', 3, 20)","(3, 0):soup('onion', 1, 0);(4, 1):soup('onion', 3, 20)"
329,5,interact,"(1, 2)","(-1, 0)",dish,"(1, 3)","(0, -1)",,"(3, 0):soup('onion', 1, 0);(4, 1):soup('onion', 3, 20)","(3, 0):soup('onion', 1, 0);(4, 1):soup('onion', 3, 20)",40.0,49.0,0,"(0, -1)",-0.0024000000000000024,0.0,0.0,-0.0024000000000000024,40.0,49.0,False,"(1, 2)",dish,"(1, 3)",,"(3, 0):soup('onion', 1, 0);(4, 1):soup('onion', 3, 20)","(3, 0):soup('onion', 1, 0);(4, 1):soup('onion', 3, 20)"
330,5,interact,"(1, 2)","(-1, 0)",dish,"(1, 3)","(0, -1)",,"(3, 0):soup('onion', 1, 0);(4, 1):soup('onion', 3, 20)","(3, 0):soup('onion', 1, 0);(4, 1):soup('onion', 3, 20)",40.0,49.0,0,"(0, -1)",-0.0024000000000000024,0.0,0.0,-0.0024000000000000024,40.0,49.0,False,"(1, 2)",dish,"(1, 3)",,"(3, 0):soup('onion', 1, 0);(4, 1):soup('onion', 3, 20)","(3, 0):soup('onion', 1, 0);(4, 1):soup('onion', 3, 20)"
331,5,interact,"(1, 2)","(-1, 0)",dish,"(1, 3)","(0, -1)",,"(3, 0):soup('onion', 1, 0);(4, 1):soup('onion', 3, 20)","(3, 0):soup('onion', 1, 0);(4, 1):soup('onion', 3, 20)",40.0,49.0,0,"(0, -1)",-0.0024000000000000024,0.0,0.0,-0.0024000000000000024,40.0,49.0,False,"(1, 2)",dish,"(1, 3)",,"(3, 0):soup('onion', 1, 0);(4, 1):soup('onion', 3, 20)","(3, 0):soup('onion', 1, 0);(4, 1):soup('onion', 3, 20)"
332,5,interact,"(1, 2)","(-1, 0)",dish,"(1, 3)","(0, -1)",,"(3, 0):soup('onion', 1, 0);(4, 1):soup('onion', 3, 20)","(3, 0):soup('onion', 1, 0);(4, 1):soup('onion', 3, 20)",40.0,49.0,0,"(0, -1)",-0.0024000000000000024,0.0,0.0,-0.0024000000000000024,40.0,49.0,False,"(1, 2)",dish,"(1, 3)",,"(3, 0):soup('onion', 1, 0);(4, 1):soup('onion', 3, 20)","(3, 0):soup('onion', 1, 0);(4, 1):soup('onion', 3, 20)"
333,5,interact,"(1, 2)","(-1, 0)",dish,"(1, 3)","(0, -1)",,"(3, 0):soup('onion', 1, 0);(4, 1):soup('onion', 3, 20)","(3, 0):soup('onion', 1, 0);(4, 1):soup('onion', 3, 20)",40.0,49.0,0,"(0, -1)",-0.0024000000000000024,0.0,0.0,-0.0024000000000000024,40.0,49.0,False,"(1, 2)",dish,"(1, 3)",,"(3, 0):soup('onion', 1, 0);(4, 1):soup('onion', 3, 20)","(3, 0):soup('onion', 1, 0);(4, 1):soup('onion', 3, 20)"
334,5,interact,"(1, 2)","(-1, 0)",dish,"(1, 3)","(0, -1)",,"(3, 0):soup('onion', 1, 0);(4, 1):soup('onion', 3, 20)","(3, 0):soup('onion', 1, 0);(4, 1):soup('onion', 3, 20)",40.0,49.0,0,"(0, -1)",-0.0024000000000000024,0.0,0.0,-0.0024000000000000024,40.0,49.0,False,"(1, 2)",dish,"(1, 3)",,"(3, 0):soup('onion', 1, 0);(4, 1):soup('onion', 3, 20)","(3, 0):soup('onion', 1, 0);(4, 1):soup('onion', 3, 20)"
335,5,interact,"(1, 2)","(-1, 0)",dish,"(1, 3)","(0, -1)",,"(3, 0):soup('onion', 1, 0);(4, 1):soup('onion', 3, 20)","(3, 0):soup('onion', 1, 0);(4, 1):soup('onion', 3, 20)",40.0,49.0,0,"(0, -1)",-0.0024000000000000024,0.0,0.0,-0.0024000000000000024,40.0,49.0,False,"(1, 2)",dish,"(1, 3)",,"(3, 0):soup('onion', 1, 0);(4, 1):soup('onion', 3, 20)","(3, 0):soup('onion', 1, 0);(4, 1):soup('onion', 3, 20)"
336,5,interact,"(1, 2)","(-1, 0)",dish,"(1, 3)","(0, -1)",,"(3, 0):soup('onion', 1, 0);(4, 1):soup('onion', 3, 20)","(3, 0):soup('onion', 1, 0);(4, 1):soup('onion', 3, 20)",40.0,49.0,0,"(0, -1)",-0.0024000000000000024,0.0,0.0,-0.0024000000000000024,40.0,49.0,False,"(1, 2)",dish,"(1, 3)",,"(3, 0):soup('onion', 1, 0);(4, 1):soup('onion', 3, 20)","(3, 0):soup('onion', 1, 0);(4, 1):soup('onion', 3, 20)"
337,5,interact,"(1, 2)","(-1, 0)",dish,"(1, 3)","(0, -1)",,"(3, 0):soup('onion', 1, 0);(4, 1):soup('onion', 3, 20)","(3, 0):soup('onion', 1, 0);(4, 1):soup('onion', 3, 20)",40.0,49.0,0,"(0, -1)",-0.0024000000000000024,0.0,0.0,-0.0024000000000000024,40.0,49.0,False,"(1, 2)",dish,"(1, 3)",,"(3, 0):soup('onion', 1, 0);(4, 1):soup('onion', 3, 20)","(3, 0):soup('onion', 1, 0);(4, 1):soup('onion', 3, 20)"
338,5,interact,"(1, 2)","(-1, 0)",dish,"(1, 3)","(0, -1)",,"(3, 0):soup('onion', 1, 0);(4, 1):soup('onion', 3, 20)","(3, 0):soup('onion', 1, 0);(4, 1):soup('onion', 3, 20)",40.0,49.0,0,"(0, -1)",-0.0024000000000000024,0.0,0.0,-0.0024000000000000024,40.0,49.0,False,"(1, 2)",dish,"(1, 3)",,"(3, 0):soup('onion', 1, 0);(4, 1):soup('onion', 3, 20)","(3, 0):soup('onion', 1, 0);(4, 1):soup('onion', 3, 20)"
339,5,interact,"(1, 2)","(-1, 0)",dish,"(1, 3)","(0, -1)",,"(3, 0):soup('onion', 1, 0);(4, 1):soup('onion', 3, 20)","(3, 0):soup('onion', 1, 0);(4, 1):soup('onion', 3, 20)",40.0,49.0,0,"(0, -1)",-0.0024000000000000024,0.0,0.0,-0.0024000000000000024,40.0,49.0,False,"(1, 2)",dish,"(1, 3)",,"(3, 0):soup('onion', 1, 0);(4, 1):soup('onion', 3, 20)","(3, 0):soup('onion', 1, 0);(4, 1):soup('onion', 3, 20)"
340,5,interact,"(1, 2)","(-1, 0)",dish,"(1, 3)","(0, -1)",,"(3, 0):soup('onion', 1, 0);(4, 1):soup('onion', 3, 20)","(3, 0):soup('onion', 1, 0);(4, 1):soup('onion', 3, 20)",40.0,49.0,0,"(0, -1)",-0.0024000000000000024,0.0,0.0,-0.0024000000000000024,40.0,49.0,False,"(1, 2)",dish,"(1, 3)",,"(3, 0):soup('onion', 1, 0);(4, 1):soup('onion', 3, 20)","(3, 0):soup('onion', 1, 0);(4, 1):soup('onion', 3, 20)"
341,5,interact,"(1, 2)","(-1, 0)",dish,"(1, 3)","(0, -1)",,"(3, 0):soup('onion', 1, 0);(4, 1):soup('onion', 3, 20)","(3, 0):soup('onion', 1, 0);(4, 1):soup('onion', 3, 20)",40.0,49.0,0,"(0, -1)",-0.0024000000000000024,0.0,0.0,-0.0024000000000000024,40.0,49.0,False,"(1, 2)",dish,"(1, 3)",,"(3, 0):soup('onion', 1, 0);(4, 1):soup('onion', 3, 20)","(3, 0):soup('onion', 1, 0);(4, 1):soup('onion', 3, 20)"
342,5,interact,"(1, 2)","(-1, 0)",dish,"(1, 3)","(0, -1)",,"(3, 0):soup('onion', 1, 0);(4, 1):soup('onion', 3, 20)","(3, 0):soup('onion', 1, 0);(4, 1):soup('onion', 3, 20)",40.0,49.0,0,"(0, -1)",-0.0024000000000000024,0.0,0.0,-0.0024000000000000024,40.0,49.0,False,"(1, 2)",dish,"(1, 3)",,"(3, 0):soup('onion', 1, 0);(4, 1):soup('onion', 3, 20)","(3, 0):soup('onion', 1, 0);(4, 1):soup('onion', 3, 20)"
343,5,interact,"(1, 2)","(-1, 0)",dish,"(1, 3)","(0, -1)",,"(3, 0):soup('onion', 1, 0);(4, 1):soup('onion', 3, 20)","(3, 0):soup('onion', 1, 0);(4, 1):soup('onion', 3, 20)",40.0,49.0,0,"(0, -1)",-0.0024000000000000024,0.0,0.0,-0.0024000000000000024,40.0,49.0,False,"(1, 2)",dish,"(1, 3)",,"(3, 0):soup('onion', 1, 0);(4, 1):soup('onion', 3, 20)","(3, 0):soup('onion', 1, 0);(4, 1):soup('onion', 3, 20)"
344,5,interact,"(1, 2)","(-1, 0)",dish,"(1, 3)","(0, -1)",,"(3, 0):soup('onion', 1, 0);(4, 1):soup('onion', 3, 20)","(3, 0):soup('onion', 1, 0);(4, 1):soup('onion', 3, 20)",40.0,49.0,0,"(0, -1)",-0.0024000000000000024,0.0,0.0,-0.0024000000000000024,40.0,49.0,False,"(1, 2)",dish,"(1, 3)",,"(3, 0):soup('onion', 1, 0);(4, 1):soup('onion', 3, 20)","(3, 0):soup('onion', 1, 0);(4, 1):soup('onion', 3, 20)"
345,5,interact,"(1, 2)","(-1, 0)",dish,"(1, 3)","(0, -1)",,"(3, 0):soup('onion', 1, 0);(4, 1):soup('onion', 3, 20)","(3, 0):soup('onion', 1, 0);(4, 1):soup('onion', 3, 20)",40.0,49.0,0,"(0, -1)",-0.0024000000000000024,0.0,0.0,-0.0024000000000000024,40.0,49.0,False,"(1, 2)",dish,"(1, 3)",,"(3, 0):soup('onion', 1, 0);(4, 1):soup('onion', 3, 20)","(3, 0):soup('onion', 1, 0);(4, 1):soup('onion', 3, 20)"
346,5,interact,"(1, 2)","(-1, 0)",dish,"(1, 3)","(0, -1)",,"(3, 0):soup('onion', 1, 0);(4, 1):soup('onion', 3, 20)","(3, 0):soup('onion', 1, 0);(4, 1):soup('onion', 3, 20)",40.0,49.0,0,"(0, -1)",-0.0024000000000000024,0.0,0.0,-0.0024000000000000024,40.0,49.0,False,"(1, 2)",dish,"(1, 3)",,"(3, 0):soup('onion', 1, 0);(4, 1):soup('onion', 3, 20)","(3, 0):soup('onion', 1, 0);(4, 1):soup('onion', 3, 20)"
347,5,interact,"(1, 2)","(-1, 0)",dish,"(1, 3)","(0, -1)",,"(3, 0):soup('onion', 1, 0);(4, 1):soup('onion', 3, 20)","(3, 0):soup('onion', 1, 0);(4, 1):soup('onion', 3, 20)",40.0,49.0,0,"(0, -1)",-0.0024000000000000024,0.0,0.0,-0.0024000000000000024,40.0,49.0,False,"(1, 2)",dish,"(1, 3)",,"(3, 0):soup('onion', 1, 0);(4, 1):soup('onion', 3, 20)","(3, 0):soup('onion', 1, 0);(4, 1):soup('onion', 3, 20)"
348,5,interact,"(1, 2)","(-1, 0)",dish,"(1, 3)","(0, -1)",,"(3, 0):soup('onion', 1, 0);(4, 1):soup('onion', 3, 20)","(3, 0):soup('onion', 1, 0);(4, 1):soup('onion', 3, 20)",40.0,49.0,0,"(0, -1)",-0.0024000000000000024,0.0,0.0,-0.0024000000000000024,40.0,49.0,False,"(1, 2)",dish,"(1, 3)",,"(3, 0):soup('onion', 1, 0);(4, 1):soup('onion', 3, 20)","(3, 0):soup('onion', 1, 0);(4, 1):soup('onion', 3, 20)"
349,5,interact,"(1, 2)","(-1, 0)",dish,"(1, 3)","(0, -1)",,"(3, 0):soup('onion', 1, 0);(4, 1):soup('onion', 3, 20)","(3, 0):soup('onion', 1, 0);(4, 1):soup('onion', 3, 20)",40.0,49.0,0,"(0, -1)",-0.0024000000000000024,0.0,0.0,-0.0024000000000000024,40.0,49.0,False,"(1, 2)",dish,"(1, 3)",,"(3, 0):soup('onion', 1, 0);(4, 1):soup('onion', 3, 20)","(3, 0):soup('onion', 1, 0);(4, 1):soup('onion', 3, 20)"
350,5,interact,"(1, 2)","(-1, 0)",dish,"(1, 3)","(0, -1)",,"(3, 0):soup('onion', 1, 0);(4, 1):soup('onion', 3, 20)","(3, 0):soup('onion', 1, 0);(4, 1):soup('onion', 3, 20)",40.0,49.0,0,"(0, -1)",-0.0024000000000000024,0.0,0.0,-0.0024000000000000024,40.0,49.0,False,"(1, 2)",dish,"(1, 3)",,"(3, 0):soup('onion', 1, 0);(4, 1):soup('onion', 3, 20)","(3, 0):soup('onion', 1, 0);(4, 1):soup('onion', 3, 20)"
351,5,interact,"(1, 2)","(-1, 0)",dish,"(1, 3)","(0, -1)",,"(3, 0):soup('onion', 1, 0);(4, 1):soup('onion', 3, 20)","(3, 0):soup('onion', 1, 0);(4, 1):soup('onion', 3, 20)",40.0,49.0,0,"(0, -1)",-0.0024000000000000024,0.0,0.0,-0.0024000000000000024,40.0,49.0,False,"(1, 2)",dish,"(1, 3)",,"(3, 0):soup('onion', 1, 0);(4, 1):soup('onion', 3, 20)","(3, 0):soup('onion', 1, 0);(4, 1):soup('onion', 3, 20)"
352,5,interact,"(1, 2)","(-1, 0)",dish,"(1, 3)","(0, -1)",,"(3, 0):soup('onion', 1, 0);(4, 1):soup('onion', 3, 20)","(3, 0):soup('onion', 1, 0);(4, 1):soup('onion', 3, 20)",40.0,49.0,0,"(0, -1)",-0.0024000000000000024,0.0,0.0,-0.0024000000000000024,40.0,49.0,False,"(1, 2)",dish,"(1, 3)",,"(3, 0):soup('onion', 1, 0);(4, 1):soup('onion', 3, 20)","(3, 0):soup('onion', 1, 0);(4, 1):soup('onion', 3, 20)"
353,5,interact,"(1, 2)","(-1, 0)",dish,"(1, 3)","(0, -1)",,"(3, 0):soup('onion', 1, 0);(4, 1):soup('onion', 3, 20)","(3, 0):soup('onion', 1, 0);(4, 1):soup('onion', 3, 20)",40.0,49.0,0,"(0, -1)",-0.0024000000000000024,0.0,0.0,-0.0024000000000000024,40.0,49.0,False,"(1, 2)",dish,"(1, 3)",,"(3, 0):soup('onion', 1, 0);(4, 1):soup('onion', 3, 20)","(3, 0):soup('onion', 1, 0);(4, 1):soup('onion', 3, 20)"
354,5,interact,"(1, 2)","(-1, 0)",dish,"(1, 3)","(0, -1)",,"(3, 0):soup('onion', 1, 0);(4, 1):soup('onion', 3, 20)","(3, 0):soup('onion', 1, 0);(4, 1):soup('onion', 3, 20)",40.0,49.0,0,"(0, -1)",-0.0024000000000000024,0.0,0.0,-0.0024000000000000024,40.0,49.0,False,"(1, 2)",dish,"(1, 3)",,"(3, 0):soup('onion', 1, 0);(4, 1):soup('onion', 3, 20)","(3, 0):soup('onion', 1, 0);(4, 1):soup('onion', 3, 20)"
355,5,interact,"(1, 2)","(-1, 0)",dish,"(1, 3)","(0, -1)",,"(3, 0):soup('onion', 1, 0);(4, 1):soup('onion', 3, 20)","(3, 0):soup('onion', 1, 0);(4, 1):soup('onion', 3, 20)",40.0,49.0,0,"(0, -1)",-0.0024000000000000024,0.0,0.0,-0.0024000000000000024,40.0,49.0,False,"(1, 2)",dish,"(1, 3)",,"(3, 0):soup('onion', 1, 0);(4, 1):soup('onion', 3, 20)","(3, 0):soup('onion', 1, 0);(4, 1):soup('onion', 3, 20)"
356,5,interact,"(1, 2)","(-1, 0)",dish,"(1, 3)","(0, -1)",,"(3, 0):soup('onion', 1, 0);(4, 1):soup('onion', 3, 20)","(3, 0):soup('onion', 1, 0);(4, 1):soup('onion', 3, 20)",40.0,49.0,0,"(0, -1)",-0.0024000000000000024,0.0,0.0,-0.0024000000000000024,40.0,49.0,False,"(1, 2)",dish,"(1, 3)",,"(3, 0):soup('onion', 1, 0);(4, 1):soup('onion', 3, 20)","(3, 0):soup('onion', 1, 0);(4, 1):soup('onion', 3, 20)"
357,5,interact,"(1, 2)","(-1, 0)",dish,"(1, 3)","(0, -1)",,"(3, 0):soup('onion', 1, 0);(4, 1):soup('onion', 3, 20)","(3, 0):soup('onion', 1, 0);(4, 1):soup('onion', 3, 20)",40.0,49.0,0,"(0, -1)",-0.0024000000000000024,0.0,0.0,-0.0024000000000000024,40.0,49.0,False,"(1, 2)",dish,"(1, 3)",,"(3, 0):soup('onion', 1, 0);(4, 1):soup('onion', 3, 20)","(3, 0):soup('onion', 1, 0);(4, 1):soup('onion', 3, 20)"
358,5,interact,"(1, 2)","(-1, 0)",dish,"(1, 3)","(0, -1)",,"(3, 0):soup('onion', 1, 0);(4, 1):soup('onion', 3, 20)","(3, 0):soup('onion', 1, 0);(4, 1):soup('onion', 3, 20)",40.0,49.0,0,"(0, -1)",-0.0024000000000000024,0.0,0.0,-0.0024000000000000024,40.0,49.0,False,"(1, 2)",dish,"(1, 3)",,"(3, 0):soup('onion', 1, 0);(4, 1):soup('onion', 3, 20)","(3, 0):soup('onion', 1, 0);(4, 1):soup('onion', 3, 20)"
359,5,interact,"(1, 2)","(-1, 0)",dish,"(1, 3)","(0, -1)",,"(3, 0):soup('onion', 1, 0);(4, 1):soup('onion', 3, 20)","(3, 0):soup('onion', 1, 0);(4, 1):soup('onion', 3, 20)",40.0,49.0,0,"(0, -1)",-0.0024000000000000024,0.0,0.0,-0.0024000000000000024,40.0,49.0,False,"(1, 2)",dish,"(1, 3)",,"(3, 0):soup('onion', 1, 0);(4, 1):soup('onion', 3, 20)","(3, 0):soup('onion', 1, 0);(4, 1):soup('onion', 3, 20)"
360,5,interact,"(1, 2)","(-1, 0)",dish,"(1, 3)","(0, -1)",,"(3, 0):soup('onion', 1, 0);(4, 1):soup('onion', 3, 20)","(3, 0):soup('onion', 1, 0);(4, 1):soup('onion', 3, 20)",40.0,49.0,0,"(0, -1)",-0.0024000000000000024,0.0,0.0,-0.0024000000000000024,40.0,49.0,False,"(1, 2)",dish,"(1, 3)",,"(3, 0):soup('onion', 1, 0);(4, 1):soup('onion', 3, 20)","(3, 0):soup('onion', 1, 0);(4, 1):soup('onion', 3, 20)"
361,5,interact,"(1, 2)","(-1, 0)",dish,"(1, 3)","(0, -1)",,"(3, 0):soup('onion', 1, 0);(4, 1):soup('onion', 3, 20)","(3, 0):soup('onion', 1, 0);(4, 1):soup('onion', 3, 20)",40.0,49.0,0,"(0, -1)",-0.0024000000000000024,0.0,0.0,-0.0024000000000000024,40.0,49.0,False,"(1, 2)",dish,"(1, 3)",,"(3, 0):soup('onion', 1, 0);(4, 1):soup('onion', 3, 20)","(3, 0):soup('onion', 1, 0);(4, 1):soup('onion', 3, 20)"
362,5,interact,"(1, 2)","(-1, 0)",dish,"(1, 3)","(0, -1)",,"(3, 0):soup('onion', 1, 0);(4, 1):soup('onion', 3, 20)","(3, 0):soup('onion', 1, 0);(4, 1):soup('onion', 3, 20)",40.0,49.0,0,"(0, -1)",-0.0024000000000000024,0.0,0.0,-0.0024000000000000024,40.0,49.0,False,"(1, 2)",dish,"(1, 3)",,"(3, 0):soup('onion', 1, 0);(4, 1):soup('onion', 3, 20)","(3, 0):soup('onion', 1, 0);(4, 1):soup('onion', 3, 20)"
363,5,interact,"(1, 2)","(-1, 0)",dish,"(1, 3)","(0, -1)",,"(3, 0):soup('onion', 1, 0);(4, 1):soup('onion', 3, 20)","(3, 0):soup('onion', 1, 0);(4, 1):soup('onion', 3, 20)",40.0,49.0,0,"(0, -1)",-0.0024000000000000024,0.0,0.0,-0.0024000000000000024,40.0,49.0,False,"(1, 2)",dish,"(1, 3)",,"(3, 0):soup('onion', 1, 0);(4, 1):soup('onion', 3, 20)","(3, 0):soup('onion', 1, 0);(4, 1):soup('onion', 3, 20)"
364,5,interact,"(1, 2)","(-1, 0)",dish,"(1, 3)","(0, -1)",,"(3, 0):soup('onion', 1, 0);(4, 1):soup('onion', 3, 20)","(3, 0):soup('onion', 1, 0);(4, 1):soup('onion', 3, 20)",40.0,49.0,0,"(0, -1)",-0.0024000000000000024,0.0,0.0,-0.0024000000000000024,40.0,49.0,False,"(1, 2)",dish,"(1, 3)",,"(3, 0):soup('onion', 1, 0);(4, 1):soup('onion', 3, 20)","(3, 0):soup('onion', 1, 0);(4, 1):soup('onion', 3, 20)"
365,5,interact,"(1, 2)","(-1, 0)",dish,"(1, 3)","(0, -1)",,"(3, 0):soup('onion', 1, 0);(4, 1):soup('onion', 3, 20)","(3, 0):soup('onion', 1, 0);(4, 1):soup('onion', 3, 20)",40.0,49.0,0,"(0, -1)",-0.0024000000000000024,0.0,0.0,-0.0024000000000000024,40.0,49.0,False,"(1, 2)",dish,"(1, 3)",,"(3, 0):soup('onion', 1, 0);(4, 1):soup('onion', 3, 20)","(3, 0):soup('onion', 1, 0);(4, 1):soup('onion', 3, 20)"
366,5,interact,"(1, 2)","(-1, 0)",dish,"(1, 3)","(0, -1)",,"(3, 0):soup('onion', 1, 0);(4, 1):soup('onion', 3, 20)","(3, 0):soup('onion', 1, 0);(4, 1):soup('onion', 3, 20)",40.0,49.0,0,"(0, -1)",-0.0024000000000000024,0.0,0.0,-0.0024000000000000024,40.0,49.0,False,"(1, 2)",dish,"(1, 3)",,"(3, 0):soup('onion', 1, 0);(4, 1):soup('onion', 3, 20)","(3, 0):soup('onion', 1, 0);(4, 1):soup('onion', 3, 20)"
367,5,interact,"(1, 2)","(-1, 0)",dish,"(1, 3)","(0, -1)",,"(3, 0):soup('onion', 1, 0);(4, 1):soup('onion', 3, 20)","(3, 0):soup('onion', 1, 0);(4, 1):soup('onion', 3, 20)",40.0,49.0,0,"(0, -1)",-0.0024000000000000024,0.0,0.0,-0.0024000000000000024,40.0,49.0,False,"(1, 2)",dish,"(1, 3)",,"(3, 0):soup('onion', 1, 0);(4, 1):soup('onion', 3, 20)","(3, 0):soup('onion', 1, 0);(4, 1):soup('onion', 3, 20)"
368,5,interact,"(1, 2)","(-1, 0)",dish,"(1, 3)","(0, -1)",,"(3, 0):soup('onion', 1, 0);(4, 1):soup('onion', 3, 20)","(3, 0):soup('onion', 1, 0);(4, 1):soup('onion', 3, 20)",40.0,49.0,0,"(0, -1)",-0.0024000000000000024,0.0,0.0,-0.0024000000000000024,40.0,49.0,False,"(1, 2)",dish,"(1, 3)",,"(3, 0):soup('onion', 1, 0);(4, 1):soup('onion', 3, 20)","(3, 0):soup('onion', 1, 0);(4, 1):soup('onion', 3, 20)"
369,5,interact,"(1, 2)","(-1, 0)",dish,"(1, 3)","(0, -1)",,"(3, 0):soup('onion', 1, 0);(4, 1):soup('onion', 3, 20)","(3, 0):soup('onion', 1, 0);(4, 1):soup('onion', 3, 20)",40.0,49.0,0,"(0, -1)",-0.0024000000000000024,0.0,0.0,-0.0024000000000000024,40.0,49.0,False,"(1, 2)",dish,"(1, 3)",,"(3, 0):soup('onion', 1, 0);(4, 1):soup('onion', 3, 20)","(3, 0):soup('onion', 1, 0);(4, 1):soup('onion', 3, 20)"
370,5,interact,"(1, 2)","(-1, 0)",dish,"(1, 3)","(0, -1)",,"(3, 0):soup('onion', 1, 0);(4, 1):soup('onion', 3, 20)","(3, 0):soup('onion', 1, 0);(4, 1):soup('onion', 3, 20)",40.0,49.0,0,"(0, -1)",-0.0024000000000000024,0.0,0.0,-0.0024000000000000024,40.0,49.0,False,"(1, 2)",dish,"(1, 3)",,"(3, 0):soup('onion', 1, 0);(4, 1):soup('onion', 3, 20)","(3, 0):soup('onion', 1, 0);(4, 1):soup('onion', 3, 20)"
371,5,interact,"(1, 2)","(-1, 0)",dish,"(1, 3)","(0, -1)",,"(3, 0):soup('onion', 1, 0);(4, 1):soup('onion', 3, 20)","(3, 0):soup('onion', 1, 0);(4, 1):soup('onion', 3, 20)",40.0,49.0,0,"(0, -1)",-0.0024000000000000024,0.0,0.0,-0.0024000000000000024,40.0,49.0,False,"(1, 2)",dish,"(1, 3)",,"(3, 0):soup('onion', 1, 0);(4, 1):soup('onion', 3, 20)","(3, 0):soup('onion', 1, 0);(4, 1):soup('onion', 3, 20)"
372,5,interact,"(1, 2)","(-1, 0)",dish,"(1, 3)","(0, -1)",,"(3, 0):soup('onion', 1, 0);(4, 1):soup('onion', 3, 20)","(3, 0):soup('onion', 1, 0);(4, 1):soup('onion', 3, 20)",40.0,49.0,0,"(0, -1)",-0.0024000000000000024,0.0,0.0,-0.0024000000000000024,40.0,49.0,False,"(1, 2)",dish,"(1, 3)",,"(3, 0):soup('onion', 1, 0);(4, 1):soup('onion', 3, 20)","(3, 0):soup('onion', 1, 0);(4, 1):soup('onion', 3, 20)"
373,5,interact,"(1, 2)","(-1, 0)",dish,"(1, 3)","(0, -1)",,"(3, 0):soup('onion', 1, 0);(4, 1):soup('onion', 3, 20)","(3, 0):soup('onion', 1, 0);(4, 1):soup('onion', 3, 20)",40.0,49.0,0,"(0, -1)",-0.0024000000000000024,0.0,0.0,-0.0024000000000000024,40.0,49.0,False,"(1, 2)",dish,"(1, 3)",,"(3, 0):soup('onion', 1, 0);(4, 1):soup('onion', 3, 20)","(3, 0):soup('onion', 1, 0);(4, 1):soup('onion', 3, 20)"
374,5,interact,"(1, 2)","(-1, 0)",dish,"(1, 3)","(0, -1)",,"(3, 0):soup('onion', 1, 0);(4, 1):soup('onion', 3, 20)","(3, 0):soup('onion', 1, 0);(4, 1):soup('onion', 3, 20)",40.0,49.0,0,"(0, -1)",-0.0024000000000000024,0.0,0.0,-0.0024000000000000024,40.0,49.0,False,"(1, 2)",dish,"(1, 3)",,"(3, 0):soup('onion', 1, 0);(4, 1):soup('onion', 3, 20)","(3, 0):soup('onion', 1, 0);(4, 1):soup('onion', 3, 20)"
375,5,interact,"(1, 2)","(-1, 0)",dish,"(1, 3)","(0, -1)",,"(3, 0):soup('onion', 1, 0);(4, 1):soup('onion', 3, 20)","(3, 0):soup('onion', 1, 0);(4, 1):soup('onion', 3, 20)",40.0,49.0,0,"(0, -1)",-0.0024000000000000024,0.0,0.0,-0.0024000000000000024,40.0,49.0,False,"(1, 2)",dish,"(1, 3)",,"(3, 0):soup('onion', 1, 0);(4, 1):soup('onion', 3, 20)","(3, 0):soup('onion', 1, 0);(4, 1):soup('onion', 3, 20)"
376,5,interact,"(1, 2)","(-1, 0)",dish,"(1, 3)","(0, -1)",,"(3, 0):soup('onion', 1, 0);(4, 1):soup('onion', 3, 20)","(3, 0):soup('onion', 1, 0);(4, 1):soup('onion', 3, 20)",40.0,49.0,0,"(0, -1)",-0.0024000000000000024,0.0,0.0,-0.0024000000000000024,40.0,49.0,False,"(1, 2)",dish,"(1, 3)",,"(3, 0):soup('onion', 1, 0);(4, 1):soup('onion', 3, 20)","(3, 0):soup('onion', 1, 0);(4, 1):soup('onion', 3, 20)"
377,5,interact,"(1, 2)","(-1, 0)",dish,"(1, 3)","(0, -1)",,"(3, 0):soup('onion', 1, 0);(4, 1):soup('onion', 3, 20)","(3, 0):soup('onion', 1, 0);(4, 1):soup('onion', 3, 20)",40.0,49.0,0,"(0, -1)",-0.0024000000000000024,0.0,0.0,-0.0024000000000000024,40.0,49.0,False,"(1, 2)",dish,"(1, 3)",,"(3, 0):soup('onion', 1, 0);(4, 1):soup('onion', 3, 20)","(3, 0):soup('onion', 1, 0);(4, 1):soup('onion', 3, 20)"
378,5,interact,"(1, 2)","(-1, 0)",dish,"(1, 3)","(0, -1)",,"(3, 0):soup('onion', 1, 0);(4, 1):soup('onion', 3, 20)","(3, 0):soup('onion', 1, 0);(4, 1):soup('onion', 3, 20)",40.0,49.0,0,"(0, -1)",-0.0024000000000000024,0.0,0.0,-0.0024000000000000024,40.0,49.0,False,"(1, 2)",dish,"(1, 3)",,"(3, 0):soup('onion', 1, 0);(4, 1):soup('onion', 3, 20)","(3, 0):soup('onion', 1, 0);(4, 1):soup('onion', 3, 20)"
379,5,interact,"(1, 2)","(-1, 0)",dish,"(1, 3)","(0, -1)",,"(3, 0):soup('onion', 1, 0);(4, 1):soup('onion', 3, 20)","(3, 0):soup('onion', 1, 0);(4, 1):soup('onion', 3, 20)",40.0,49.0,0,"(0, -1)",-0.0024000000000000024,0.0,0.0,-0.0024000000000000024,40.0,49.0,False,"(1, 2)",dish,"(1, 3)",,"(3, 0):soup('onion', 1, 0);(4, 1):soup('onion', 3, 20)","(3, 0):soup('onion', 1, 0);(4, 1):soup('onion', 3, 20)"
380,5,interact,"(1, 2)","(-1, 0)",dish,"(1, 3)","(0, -1)",,"(3, 0):soup('onion', 1, 0);(4, 1):soup('onion', 3, 20)","(3, 0):soup('onion', 1, 0);(4, 1):soup('onion', 3, 20)",40.0,49.0,0,"(0, -1)",-0.0024000000000000024,0.0,0.0,-0.0024000000000000024,40.0,49.0,False,"(1, 2)",dish,"(1, 3)",,"(3, 0):soup('onion', 1, 0);(4, 1):soup('onion', 3, 20)","(3, 0):soup('onion', 1, 0);(4, 1):soup('onion', 3, 20)"
381,5,interact,"(1, 2)","(-1, 0)",dish,"(1, 3)","(0, -1)",,"(3, 0):soup('onion', 1, 0);(4, 1):soup('onion', 3, 20)","(3, 0):soup('onion', 1, 0);(4, 1):soup('onion', 3, 20)",40.0,49.0,0,"(0, -1)",-0.0024000000000000024,0.0,0.0,-0.0024000000000000024,40.0,49.0,False,"(1, 2)",dish,"(1, 3)",,"(3, 0):soup('onion', 1, 0);(4, 1):soup('onion', 3, 20)","(3, 0):soup('onion', 1, 0);(4, 1):soup('onion', 3, 20)"
382,5,interact,"(1, 2)","(-1, 0)",dish,"(1, 3)","(0, -1)",,"(3, 0):soup('onion', 1, 0);(4, 1):soup('onion', 3, 20)","(3, 0):soup('onion', 1, 0);(4, 1):soup('onion', 3, 20)",40.0,49.0,0,"(0, -1)",-0.0024000000000000024,0.0,0.0,-0.0024000000000000024,40.0,49.0,False,"(1, 2)",dish,"(1, 3)",,"(3, 0):soup('onion', 1, 0);(4, 1):soup('onion', 3, 20)","(3, 0):soup('onion', 1, 0);(4, 1):soup('onion', 3, 20)"
383,5,interact,"(1, 2)","(-1, 0)",dish,"(1, 3)","(0, -1)",,"(3, 0):soup('onion', 1, 0);(4, 1):soup('onion', 3, 20)","(3, 0):soup('onion', 1, 0);(4, 1):soup('onion', 3, 20)",40.0,49.0,0,"(0, -1)",-0.0024000000000000024,0.0,0.0,-0.0024000000000000024,40.0,49.0,False,"(1, 2)",dish,"(1, 3)",,"(3, 0):soup('onion', 1, 0);(4, 1):soup('onion', 3, 20)","(3, 0):soup('onion', 1, 0);(4, 1):soup('onion', 3, 20)"
384,5,interact,"(1, 2)","(-1, 0)",dish,"(1, 3)","(0, -1)",,"(3, 0):soup('onion', 1, 0);(4, 1):soup('onion', 3, 20)","(3, 0):soup('onion', 1, 0);(4, 1):soup('onion', 3, 20)",40.0,49.0,0,"(0, -1)",-0.0024000000000000024,0.0,0.0,-0.0024000000000000024,40.0,49.0,False,"(1, 2)",dish,"(1, 3)",,"(3, 0):soup('onion', 1, 0);(4, 1):soup('onion', 3, 20)","(3, 0):soup('onion', 1, 0);(4, 1):soup('onion', 3, 20)"
385,5,interact,"(1, 2)","(-1, 0)",dish,"(1, 3)","(0, -1)",,"(3, 0):soup('onion', 1, 0);(4, 1):soup('onion', 3, 20)","(3, 0):soup('onion', 1, 0);(4, 1):soup('onion', 3, 20)",40.0,49.0,0,"(0, -1)",-0.0024000000000000024,0.0,0.0,-0.0024000000000000024,40.0,49.0,False,"(1, 2)",dish,"(1, 3)",,"(3, 0):soup('onion', 1, 0);(4, 1):soup('onion', 3, 20)","(3, 0):soup('onion', 1, 0);(4, 1):soup('onion', 3, 20)"
386,5,interact,"(1, 2)","(-1, 0)",dish,"(1, 3)","(0, -1)",,"(3, 0):soup('onion', 1, 0);(4, 1):soup('onion', 3, 20)","(3, 0):soup('onion', 1, 0);(4, 1):soup('onion', 3, 20)",40.0,49.0,0,"(0, -1)",-0.0024000000000000024,0.0,0.0,-0.0024000000000000024,40.0,49.0,False,"(1, 2)",dish,"(1, 3)",,"(3, 0):soup('onion', 1, 0);(4, 1):soup('onion', 3, 20)","(3, 0):soup('onion', 1, 0);(4, 1):soup('onion', 3, 20)"
387,5,interact,"(1, 2)","(-1, 0)",dish,"(1, 3)","(0, -1)",,"(3, 0):soup('onion', 1, 0);(4, 1):soup('onion', 3, 20)","(3, 0):soup('onion', 1, 0);(4, 1):soup('onion', 3, 20)",40.0,49.0,0,"(0, -1)",-0.0024000000000000024,0.0,0.0,-0.0024000000000000024,40.0,49.0,False,"(1, 2)",dish,"(1, 3)",,"(3, 0):soup('onion', 1, 0);(4, 1):soup('onion', 3, 20)","(3, 0):soup('onion', 1, 0);(4, 1):soup('onion', 3, 20)"
388,5,interact,"(1, 2)","(-1, 0)",dish,"(1, 3)","(0, -1)",,"(3, 0):soup('onion', 1, 0);(4, 1):soup('onion', 3, 20)","(3, 0):soup('onion', 1, 0);(4, 1):soup('onion', 3, 20)",40.0,49.0,0,"(0, -1)",-0.0024000000000000024,0.0,0.0,-0.0024000000000000024,40.0,49.0,False,"(1, 2)",dish,"(1, 3)",,"(3, 0):soup('onion', 1, 0);(4, 1):soup('onion', 3, 20)","(3, 0):soup('onion', 1, 0);(4, 1):soup('onion', 3, 20)"
389,5,interact,"(1, 2)","(-1, 0)",dish,"(1, 3)","(0, -1)",,"(3, 0):soup('onion', 1, 0);(4, 1):soup('onion', 3, 20)","(3, 0):soup('onion', 1, 0);(4, 1):soup('onion', 3, 20)",40.0,49.0,0,"(0, -1)",-0.0024000000000000024,0.0,0.0,-0.0024000000000000024,40.0,49.0,False,"(1, 2)",dish,"(1, 3)",,"(3, 0):soup('onion', 1, 0);(4, 1):soup('onion', 3, 20)","(3, 0):soup('onion', 1, 0);(4, 1):soup('onion', 3, 20)"
390,5,interact,"(1, 2)","(-1, 0)",dish,"(1, 3)","(0, -1)",,"(3, 0):soup('onion', 1, 0);(4, 1):soup('onion', 3, 20)","(3, 0):soup('onion', 1, 0);(4, 1):soup('onion', 3, 20)",40.0,49.0,0,"(0, -1)",-0.0024000000000000024,0.0,0.0,-0.0024000000000000024,40.0,49.0,False,"(1, 2)",dish,"(1, 3)",,"(3, 0):soup('onion', 1, 0);(4, 1):soup('onion', 3, 20)","(3, 0):soup('onion', 1, 0);(4, 1):soup('onion', 3, 20)"
391,5,interact,"(1, 2)","(-1, 0)",dish,"(1, 3)","(0, -1)",,"(3, 0):soup('onion', 1, 0);(4, 1):soup('onion', 3, 20)","(3, 0):soup('onion', 1, 0);(4, 1):soup('onion', 3, 20)",40.0,49.0,0,"(0, -1)",-0.0024000000000000024,0.0,0.0,-0.0024000000000000024,40.0,49.0,False,"(1, 2)",dish,"(1, 3)",,"(3, 0):soup('onion', 1, 0);(4, 1):soup('onion', 3, 20)","(3, 0):soup('onion', 1, 0);(4, 1):soup('onion', 3, 20)"
392,5,interact,"(1, 2)","(-1, 0)",dish,"(1, 3)","(0, -1)",,"(3, 0):soup('onion', 1, 0);(4, 1):soup('onion', 3, 20)","(3, 0):soup('onion', 1, 0);(4, 1):soup('onion', 3, 20)",40.0,49.0,0,"(0, -1)",-0.0024000000000000024,0.0,0.0,-0.0024000000000000024,40.0,49.0,False,"(1, 2)",dish,"(1, 3)",,"(3, 0):soup('onion', 1, 0);(4, 1):soup('onion', 3, 20)","(3, 0):soup('onion', 1, 0);(4, 1):soup('onion', 3, 20)"
393,5,interact,"(1, 2)","(-1, 0)",dish,"(1, 3)","(0, -1)",,"(3, 0):soup('onion', 1, 0);(4, 1):soup('onion', 3, 20)","(3, 0):soup('onion', 1, 0);(4, 1):soup('onion', 3, 20)",40.0,49.0,0,"(0, -1)",-0.0024000000000000024,0.0,0.0,-0.0024000000000000024,40.0,49.0,False,"(1, 2)",dish,"(1, 3)",,"(3, 0):soup('onion', 1, 0);(4, 1):soup('onion', 3, 20)","(3, 0):soup('onion', 1, 0);(4, 1):soup('onion', 3, 20)"
394,5,interact,"(1, 2)","(-1, 0)",dish,"(1, 3)","(0, -1)",,"(3, 0):soup('onion', 1, 0);(4, 1):soup('onion', 3, 20)","(3, 0):soup('onion', 1, 0);(4, 1):soup('onion', 3, 20)",40.0,49.0,0,"(0, -1)",-0.0024000000000000024,0.0,0.0,-0.0024000000000000024,40.0,49.0,False,"(1, 2)",dish,"(1, 3)",,"(3, 0):soup('onion', 1, 0);(4, 1):soup('onion', 3, 20)","(3, 0):soup('onion', 1, 0);(4, 1):soup('onion', 3, 20)"
395,5,interact,"(1, 2)","(-1, 0)",dish,"(1, 3)","(0, -1)",,"(3, 0):soup('onion', 1, 0);(4, 1):soup('onion', 3, 20)","(3, 0):soup('onion', 1, 0);(4, 1):soup('onion', 3, 20)",40.0,49.0,0,"(0, -1)",-0.0024000000000000024,0.0,0.0,-0.0024000000000000024,40.0,49.0,False,"(1, 2)",dish,"(1, 3)",,"(3, 0):soup('onion', 1, 0);(4, 1):soup('onion', 3, 20)","(3, 0):soup('onion', 1, 0);(4, 1):soup('onion', 3, 20)"
396,5,interact,"(1, 2)","(-1, 0)",dish,"(1, 3)","(0, -1)",,"(3, 0):soup('onion', 1, 0);(4, 1):soup('onion', 3, 20)","(3, 0):soup('onion', 1, 0);(4, 1):soup('onion', 3, 20)",40.0,49.0,0,"(0, -1)",-0.0024000000000000024,0.0,0.0,-0.0024000000000000024,40.0,49.0,False,"(1, 2)",dish,"(1, 3)",,"(3, 0):soup('onion', 1, 0);(4, 1):soup('onion', 3, 20)","(3, 0):soup('onion', 1, 0);(4, 1):soup('onion', 3, 20)"
397,5,interact,"(1, 2)","(-1, 0)",dish,"(1, 3)","(0, -1)",,"(3, 0):soup('onion', 1, 0);(4, 1):soup('onion', 3, 20)","(3, 0):soup('onion', 1, 0);(4, 1):soup('onion', 3, 20)",40.0,49.0,0,"(0, -1)",-0.0024000000000000024,0.0,0.0,-0.0024000000000000024,40.0,49.0,False,"(1, 2)",dish,"(1, 3)",,"(3, 0):soup('onion', 1, 0);(4, 1):soup('onion', 3, 20)","(3, 0):soup('onion', 1, 0);(4, 1):soup('onion', 3, 20)"
398,5,interact,"(1, 2)","(-1, 0)",dish,"(1, 3)","(0, -1)",,"(3, 0):soup('onion', 1, 0);(4, 1):soup('onion', 3, 20)","(3, 0):soup('onion', 1, 0);(4, 1):soup('onion', 3, 20)",40.0,49.0,0,"(0, -1)",-0.0024000000000000024,0.0,0.0,-0.0024000000000000024,40.0,49.0,False,"(1, 2)",dish,"(1, 3)",,"(3, 0):soup('onion', 1, 0);(4, 1):soup('onion', 3, 20)","(3, 0):soup('onion', 1, 0);(4, 1):soup('onion', 3, 20)"
399,5,interact,"(1, 2)","(-1, 0)",dish,"(1, 3)","(0, -1)",,"(3, 0):soup('onion', 1, 0);(4, 1):soup('onion', 3, 20)","(3, 0):soup('onion', 1, 0);(4, 1):soup('onion', 3, 20)",40.0,49.0,0,"(0, -1)",-0.0024000000000000024,0.0,0.0,-0.0024000000000000024,40.0,49.0,False,"(1, 2)",dish,"(1, 3)",,"(3, 0):soup('onion', 1, 0);(4, 1):soup('onion', 3, 20)","(3, 0):soup('onion', 1, 0);(4, 1):soup('onion', 3, 20)"
