step,ego_action_idx,ego_action,p0_pos,p0_orient,p0_held,p1_pos,p1_orient,p1_held,objects_before,pots_before,cum_sparse_before,cum_shaped_before,partner_action_idx,partner_action,reward,sparse_reward,built_in_shaped_reward,custom_shaped_reward,cum_sparse_after,cum_shaped_after,delivery_event,p0_pos_after,p0_held_after,p1_pos_after,p1_held_after,objects_after,pots_after
0,2,"(1, 0)","(2, 1)","(0, -1)",,"(1, 2)","(0, -1)",,,"(3, 0):empty;(4, 1):empty",0.0,0.0,1,"(0, 1)",0.0,0.0,0.0,0.0,0.0,0.0,False,"(3, 1)",,"(1, 3)",,,"(3, 0):empty;(4, 1):empty"
1,1,"(0, 1)","(3, 1)","(1, 0)",,"(1, 3)","(0, 1)",,,"(3, 0):empty;(4, 1):empty",0.0,0.0,5,interact,0.0,0.0,0.0,0.0,0.0,0.0,False,"(3, 2)",,"(1, 3)",onion,,"(3, 0):empty;(4, 1):empty"
2,1,"(0, 1)","(3, 2)","(0, 1)",,"(1, 3)","(0, 1)",onion,,"(3, 0):empty;(4, 1):empty",0.0,0.0,5,interact,0.0,0.0,0.0,0.0,0.0,0.0,False,"(3, 3)",,"(1, 3)",onion,,"(3, 0):empty;(4, 1):empty"
3,3,"(-1, 0)","(3, 3)","(0, 1)",,"(1, 3)","(0, 1)",onion,,"(3, 0):empty;(4, 1):empty",0.0,0.0,5,interact,0.0,0.0,0.0,0.0,0.0,0.0,False,"(2, 3)",,"(1, 3)",onion,,"(3, 0):empty;(4, 1):empty"
4,3,"(-1, 0)","(2, 3)","(-1, 0)",,"(1, 3)","(0, 1)",onion,,"(3, 0):empty;(4, 1):empty",0.0,0.0,0,"(0, -1)",0.0,0.0,0.0,0.0,0.0,0.0,False,"(1, 3)",,"(1, 2)",onion,,"(3, 0):empty;(4, 1):empty"
5,3,"(-1, 0)","(1, 3)","(-1, 0)",,"(1, 2)","(0, -1)",onion,,"(3, 0):empty;(4, 1):empty",0.0,0.0,0,"(0, -1)",0.0,0.0,0.0,0.0,0.0,0.0,False,"(1, 3)",,"(1, 1)",onion,,"(3, 0):empty;(4, 1):empty"
6,5,interact,"(1, 3)","(-1, 0)",,"(1, 1)","(0, -1)",onion,,"(3, 0):empty;(4, 1):empty",0.0,0.0,2,"(1, 0)",0.0,0.0,0.0,0.0,0.0,0.0,False,"(1, 3)",onion,"(2, 1)",onion,,"(3, 0):empty;(4, 1):empty"
7,0,"(0, -1)","(1, 3)","(-1, 0)",onion,"(2, 1)","(1, 0)",onion,,"(3, 0):empty;(4, 1):empty",0.0,0.0,2,"(1, 0)",0.0,0.0,0.0,0.0,0.0,0.0,False,"(1, 2)",onion,"(3, 1)",onion,,"(3, 0):empty;(4, 1):empty"
8,0,"(0, -1)","(1, 2)","(0, -1)",onion,"(3, 1)","(1, 0)",onion,,"(3, 0):empty;(4, 1):empty",0.0,0.0,5,interact,3.0594,0.0,3.0,0.0594,0.0,3.0,False,"(1, 1)",onion,"(3, 1)",,"(4, 1):soup('onion', 1, 0)","(3, 0):empty;(4, 1):soup('onion', 1, 0)"
9,2,"(1, 0)","(1, 1)","(0, -1)",onion,"(3, 1)","(1, 0)",,"(4, 1):soup('onion', 1, 0)","(3, 0):empty;(4, 1):soup('onion', 1, 0)",0.0,3.0,1,"(0, 1)",-0.0006000000000000006,0.0,0.0,-0.0006000000000000006,0.0,3.0,False,"(2, 1)",onion,"(3, 2)",,"(4, 1):soup('onion', 1, 0)","(3, 0):empty;(4, 1):soup('onion', 1, 0)"
10,2,"(1, 0)","(2, 1)","(1, 0)",onion,"(3, 2)","(0, 1)",,"(4, 1):soup('onion', 1, 0)","(3, 0):empty;(4, 1):soup('onion', 1, 0)",0.0,3.0,1,"(0, 1)",-0.0006000000000000006,0.0,0.0,-0.0006000000000000006,0.0,3.0,False,"(3, 1)",onion,"(3, 3)",,"(4, 1):soup('onion', 1, 0)","(3, 0):empty;(4, 1):soup('onion', 1, 0)"
11,5,interact,"(3, 1)","(1, 0)",onion,"(3, 3)","(0, 1)",,"(4, 1):soup('onion', 1, 0)","(3, 0):empty;(4, 1):soup('onion', 1, 0)",0.0,3.0,3,"(-1, 0)",3.0588,0.0,3.0,0.0588,0.0,6.0,False,"(3, 1)",,"(2, 3)",,"(4, 1):soup('onion', 2, 0)","(3, 0):empty;(4, 1):soup('onion', 2, 0)"
12,1,"(0, 1)","(3, 1)","(1, 0)",,"(2, 3)","(-1, 0)",,"(4, 1):soup('onion', 2, 0)","(3, 0):empty;(4, 1):soup('onion', 2, 0)",0.0,6.0,1,"(0, 1)",-0.0012000000000000012,0.0,0.0,-0.0012000000000000012,0.0,6.0,False,"(3, 2)",,"(2, 3)",,"(4, 1):soup('onion', 2, 0)","(3, 0):empty;(4, 1):soup('onion', 2, 0)"
13,1,"(0, 1)","(3, 2)","(0, 1)",,"(2, 3)","(0, 1)",,"(4, 1):soup('onion', 2, 0)","(3, 0):empty;(4, 1):soup('onion', 2, 0)",0.0,6.0,3,"(-1, 0)",-0.0012000000000000012,0.0,0.0,-0.0012000000000000012,0.0,6.0,False,"(3, 3)",,"(1, 3)",,"(4, 1):soup('onion', 2, 0)","(3, 0):empty;(4, 1):soup('onion', 2, 0)"
14,3,"(-1, 0)","(3, 3)","(0, 1)",,"(1, 3)","(-1, 0)",,"(4, 1):soup('onion', 2, 0)","(3, 0):empty;(4, 1):soup('onion', 2, 0)",0.0,6.0,5,interact,-0.0012000000000000012,0.0,0.0,-0.0012000000000000012,0.0,6.0,False,"(2, 3)",,"(1, 3)",onion,"(4, 1):soup('onion', 2, 0)","(3, 0):empty;(4, 1):soup('onion', 2, 0)"
15,3,"(-1, 0)","(2, 3)","(-1, 0)",,"(1, 3)","(-1, 0)",onion,"(4, 1):soup('onion', 2, 0)","(3, 0):empty;(4, 1):soup('onion', 2, 0)",0.0,6.0,0,"(0, -1)",-0.0012000000000000012,0.0,0.0,-0.0012000000000000012,0.0,6.0,False,"(1, 3)",,"(1, 2)",onion,"(4, 1):soup('onion', 2, 0)","(3, 0):empty;(4, 1):soup('onion', 2, 0)"
16,3,"(-1, 0)","(1, 3)","(-1, 0)",,"(1, 2)","(0, -1)",onion,"(4, 1):soup('onion', 2, 0)","(3, 0):empty;(4, 1):soup('onion', 2, 0)",0.0,6.0,0,"(0, -1)",-0.0012000000000000012,0.0,0.0,-0.0012000000000000012,0.0,6.0,False,"(1, 3)",,"(1, 1)",onion,"(4, 1):soup('onion', 2, 0)","(3, 0):empty;(4, 1):soup('onion', 2, 0)"
17,3,"(-1, 0)","(1, 3)","(-1, 0)",,"(1, 1)","(0, -1)",onion,"(4, 1):soup('onion', 2, 0)","(3, 0):empty;(4, 1):soup('onion', 2, 0)",0.0,6.0,2,"(1, 0)",-0.0012000000000000012,0.0,0.0,-0.0012000000000000012,0.0,6.0,False,"(1, 3)",,"(2, 1)",onion,"(4, 1):soup('onion', 2, 0)","(3, 0):empty;(4, 1):soup('onion', 2, 0)"
18,5,interact,"(1, 3)","(-1, 0)",,"(2, 1)","(1, 0)",onion,"(4, 1):soup('onion', 2, 0)","(3, 0):empty;(4, 1):soup('onion', 2, 0)",0.0,6.0,2,"(1, 0)",-0.0012000000000000012,0.0,0.0,-0.0012000000000000012,0.0,6.0,False,"(1, 3)",onion,"(3, 1)",onion,"(4, 1):soup('onion', 2, 0)","(3, 0):empty;(4, 1):soup('onion', 2, 0)"
19,0,"(0, -1)","(1, 3)","(-1, 0)",onion,"(3, 1)","(1, 0)",onion,"(4, 1):soup('onion', 2, 0)","(3, 0):empty;(4, 1):soup('onion', 2, 0)",0.0,6.0,5,interact,3.078,0.0,3.0,0.07800000000000001,0.0,9.0,False,"(1, 2)",onion,"(3, 1)",,"(4, 1):soup('onion', 3, 1)","(3, 0):empty;(4, 1):soup('onion', 3, 1)"
20,0,"(0, -1)","(1, 2)","(0, -1)",onion,"(3, 1)","(1, 0)",,"(4, 1):soup('onion', 3, 1)","(3, 0):empty;(4, 1):soup('onion', 3, 1)",0.0,9.0,3,"(-1, 0)",-0.0020000000000000018,0.0,0.0,-0.0020000000000000018,0.0,9.0,False,"(1, 1)",onion,"(2, 1)",,"(4, 1):soup('onion', 3, 2)","(3, 0):empty;(4, 1):soup('onion', 3, 2)"
21,2,"(1, 0)","(1, 1)","(0, -1)",onion,"(2, 1)","(-1, 0)",,"(4, 1):soup('onion', 3, 2)","(3, 0):empty;(4, 1):soup('onion', 3, 2)",0.0,9.0,1,"(0, 1)",-0.0020000000000000018,0.0,0.0,-0.0020000000000000018,0.0,9.0,False,"(1, 1)",onion,"(2, 1)",,"(4, 1):soup('onion', 3, 3)","(3, 0):empty;(4, 1):soup('onion', 3, 3)"
22,1,"(0, 1)","(1, 1)","(1, 0)",onion,"(2, 1)","(0, 1)",,"(4, 1):soup('onion', 3, 3)","(3, 0):empty;(4, 1):soup('onion', 3, 3)",0.0,9.0,4,"(0, 0)",-0.0020000000000000018,0.0,0.0,-0.0020000000000000018,0.0,9.0,False,"(1, 2)",onion,"(2, 1)",,"(4, 1):soup('onion', 3, 4)","(3, 0):empty;(4, 1):soup('onion', 3, 4)"
23,1,"(0, 1)","(1, 2)","(0, 1)",onion,"(2, 1)","(0, 1)",,"(4, 1):soup('onion', 3, 4)","(3, 0):empty;(4, 1):soup('onion', 3, 4)",0.0,9.0,3,"(-1, 0)",-0.0020000000000000018,0.0,0.0,-0.0020000000000000018,0.0,9.0,False,"(1, 3)",onion,"(1, 1)",,"(4, 1):soup('onion', 3, 5)","(3, 0):empty;(4, 1):soup('onion', 3, 5)"
24,1,"(0, 1)","(1, 3)","(0, 1)",onion,"(1, 1)","(-1, 0)",,"(4, 1):soup('onion', 3, 5)","(3, 0):empty;(4, 1):soup('onion', 3, 5)",0.0,9.0,1,"(0, 1)",-0.0020000000000000018,0.0,0.0,-0.0020000000000000018,0.0,9.0,False,"(1, 3)",onion,"(1, 2)",,"(4, 1):soup('onion', 3, 6)","(3, 0):empty;(4, 1):soup('onion', 3, 6)"
25,0,"(0, -1)","(1, 3)","(0, 1)",onion,"(1, 2)","(0, 1)",,"(4, 1):soup('onion', 3, 6)","(3, 0):empty;(4, 1):soup('onion', 3, 6)",0.0,9.0,5,interact,-0.0020000000000000018,0.0,0.0,-0.0020000000000000018,0.0,9.0,False,"(1, 3)",onion,"(1, 2)",,"(4, 1):soup('onion', 3, 7)","(3, 0):empty;(4, 1):soup('onion', 3, 7)"
26,2,"(1, 0)","(1, 3)","(0, -1)",onion,"(1, 2)","(0, 1)",,"(4, 1):soup('onion', 3, 7)","(3, 0):empty;(4, 1):soup('onion', 3, 7)",0.0,9.0,3,"(-1, 0)",-0.0020000000000000018,0.0,0.0,-0.0020000000000000018,0.0,9.0,False,"(2, 3)",onion,"(1, 2)",,"(4, 1):soup('onion', 3, 8)","(3, 0):empty;(4, 1):soup('onion', 3, 8)"
27,3,"(-1, 0)","(2, 3)","(1, 0)",onion,"(1, 2)","(-1, 0)",,"(4, 1):soup('onion', 3, 8)","(3, 0):empty;(4, 1):soup('onion', 3, 8)",0.0,9.0,5,interact,2.998,0.0,3.0,-0.0020000000000000018,0.0,12.0,False,"(1, 3)",onion,"(1, 2)",dish,"(4, 1):soup('onion', 3, 9)","(3, 0):empty;(4, 1):soup('onion', 3, 9)"
28,2,"(1, 0)","(1, 3)","(-1, 0)",onion,"(1, 2)","(-1, 0)",dish,"(4, 1):soup('onion', 3, 9)","(3, 0):empty;(4, 1):soup('onion', 3, 9)",0.0,12.0,0,"(0, -1)",-0.0020000000000000018,0.0,0.0,-0.0020000000000000018,0.0,12.0,False,"(2, 3)",onion,"(1, 1)",dish,"(4, 1):soup('onion', 3, 10)","(3, 0):empty;(4, 1):soup('onion', 3, 10)"
29,3,"(-1, 0)","(2, 3)","(1, 0)",onion,"(1, 1)","(0, -1)",dish,"(4, 1):soup('onion', 3, 10)","(3, 0):empty;(4, 1):soup('onion', 3, 10)",0.0,12.0,2,"(1, 0)",-0.0020000000000000018,0.0,0.0,-0.0020000000000000018,0.0,12.0,False,"(1, 3)",onion,"(2, 1)",dish,"(4, 1):soup('onion', 3, 11)","(3, 0):empty;(4, 1):soup('onion', 3, 11)"
30,4,"(0, 0)","(1, 3)","(-1, 0)",onion,"(2, 1)","(1, 0)",dish,"(4, 1):soup('onion', 3, 11)","(3, 0):empty;(4, 1):soup('onion', 3, 11)",0.0,12.0,2,"(1, 0)",-0.0020000000000000018,0.0,0.0,-0.0020000000000000018,0.0,12.0,False,"(1, 3)",onion,"(3, 1)",dish,"(4, 1):soup('onion', 3, 12)","(3, 0):empty;(4, 1):soup('onion', 3, 12)"
31,0,"(0, -1)","(1, 3)","(-1, 0)",onion,"(3, 1)","(1, 0)",dish,"(4, 1):soup('onion', 3, 12)","(3, 0):empty;(4, 1):soup('onion', 3, 12)",0.0,12.0,3,"(-1, 0)",-0.0020000000000000018,0.0,0.0,-0.0020000000000000018,0.0,12.0,False,"(1, 2)",onion,"(2, 1)",dish,"(4, 1):soup('onion', 3, 13)","(3, 0):empty;(4, 1):soup('onion', 3, 13)"
32,1,"(0, 1)","(1, 2)","(0, -1)",onion,"(2, 1)","(-1, 0)",dish,"(4, 1):soup('onion', 3, 13)","(3, 0):empty;(4, 1):soup('onion', 3, 13)",0.0,12.0,2,"(1, 0)",-0.0020000000000000018,0.0,0.0,-0.0020000000000000018,0.0,12.0,False,"(1, 3)",onion,"(3, 1)",dish,"(4, 1):soup('onion', 3, 14)","(3, 0):empty;(4, 1):soup('onion', 3, 14)"
33,0,"(0, -1)","(1, 3)","(0, 1)",onion,"(3, 1)","(1, 0)",dish,"(4, 1):soup('onion', 3, 14)","(3, 0):empty;(4, 1):soup('onion', 3, 14)",0.0,12.0,5,interact,-0.0020000000000000018,0.0,0.0,-0.0020000000000000018,0.0,12.0,False,"(1, 2)",onion,"(3, 1)",dish,"(4, 1):soup('onion', 3, 15)","(3, 0):empty;(4, 1):soup('onion', 3, 15)"
34,2,"(1, 0)","(1, 2)","(0, -1)",onion,"(3, 1)","(1, 0)",dish,"(4, 1):soup('onion', 3, 15)","(3, 0):empty;(4, 1):soup('onion', 3, 15)",0.0,12.0,5,interact,-0.0020000000000000018,0.0,0.0,-0.0020000000000000018,0.0,12.0,False,"(1, 2)",onion,"(3, 1)",dish,"(4, 1):soup('onion', 3, 16)","(3, 0):empty;(4, 1):soup('onion', 3, 16)"
35,0,"(0, -1)","(1, 2)","(1, 0)",onion,"(3, 1)","(1, 0)",dish,"(4, 1):soup('onion', 3, 16)","(3, 0):empty;(4, 1):soup('onion', 3, 16)",0.0,12.0,5,interact,-0.0020000000000000018,0.0,0.0,-0.0020000000000000018,0.0,12.0,False,"(1, 1)",onion,"(3, 1)",dish,"(4, 1):soup('onion', 3, 17)","(3, 0):empty;(4, 1):soup('onion', 3, 17)"
36,2,"(1, 0)","(1, 1)","(0, -1)",onion,"(3, 1)","(1, 0)",dish,"(4, 1):soup('onion', 3, 17)","(3, 0):empty;(4, 1):soup('onion', 3, 17)",0.0,12.0,5,interact,-0.0020000000000000018,0.0,0.0,-0.0020000000000000018,0.0,12.0,False,"(2, 1)",onion,"(3, 1)",dish,"(4, 1):soup('onion', 3, 18)","(3, 0):empty;(4, 1):soup('onion', 3, 18)"
37,2,"(1, 0)","(2, 1)","(1, 0)",onion,"(3, 1)","(1, 0)",dish,"(4, 1):soup('onion', 3, 18)","(3, 0):empty;(4, 1):soup('onion', 3, 18)",0.0,12.0,5,interact,-0.0020000000000000018,0.0,0.0,-0.0020000000000000018,0.0,12.0,False,"(2, 1)",onion,"(3, 1)",dish,"(4, 1):soup('onion', 3, 19)","(3, 0):empty;(4, 1):soup('onion', 3, 19)"
38,2,"(1, 0)","(2, 1)","(1, 0)",onion,"(3, 1)","(1, 0)",dish,"(4, 1):soup('onion', 3, 19)","(3, 0):empty;(4, 1):soup('onion', 3, 19)",0.0,12.0,5,interact,0.09699999999999998,0.0,0.0,0.09699999999999998,0.0,12.0,False,"(2, 1)",onion,"(3, 1)",dish,"(4, 1):soup('onion', 3, 20)","(3, 0):empty;(4, 1):soup('onion', 3, 20)"
39,2,"(1, 0)","(2, 1)","(1, 0)",onion,"(3, 1)","(1, 0)",dish,"(4, 1):soup('onion', 3, 20)","(3, 0):empty;(4, 1):soup('onion', 3, 20)",0.0,12.0,5,interact,5.0564,0.0,5.0,0.056400000000000006,0.0,17.0,False,"(2, 1)",onion,"(3, 1)","soup('onion', 3, 20)",,"(3, 0):empty;(4, 1):empty"
40,5,interact,"(2, 1)","(1, 0)",onion,"(3, 1)","(1, 0)","soup('onion', 3, 20)",,"(3, 0):empty;(4, 1):empty",0.0,17.0,1,"(0, 1)",0.006300000000000017,0.0,0.0,0.006300000000000017,0.0,17.0,False,"(2, 1)",onion,"(3, 2)","soup('onion', 3, 20)",,"(3, 0):empty;(4, 1):empty"
41,5,interact,"(2, 1)","(1, 0)",onion,"(3, 2)","(0, 1)","soup('onion', 3, 20)",,"(3, 0):empty;(4, 1):empty",0.0,17.0,1,"(0, 1)",0.006199999999999983,0.0,0.0,0.006199999999999983,0.0,17.0,False,"(2, 1)",onion,"(3, 3)","soup('onion', 3, 20)",,"(3, 0):empty;(4, 1):empty"
42,2,"(1, 0)","(2, 1)","(1, 0)",onion,"(3, 3)","(0, 1)","soup('onion', 3, 20)",,"(3, 0):empty;(4, 1):empty",0.0,17.0,3,"(-1, 0)",0.006099999999999994,0.0,0.0,0.006099999999999994,0.0,17.0,False,"(3, 1)",onion,"(2, 3)","soup('onion', 3, 20)",,"(3, 0):empty;(4, 1):empty"
43,5,interact,"(3, 1)","(1, 0)",onion,"(2, 3)","(-1, 0)","soup('onion', 3, 20)",,"(3, 0):empty;(4, 1):empty",0.0,17.0,5,interact,3.0555,0.0,3.0,0.05550000000000002,0.0,20.0,False,"(3, 1)",,"(2, 3)","soup('onion', 3, 20)","(4, 1):soup('onion', 1, 0)","(3, 0):empty;(4, 1):soup('onion', 1, 0)"
44,1,"(0, 1)","(3, 1)","(1, 0)",,"(2, 3)","(-1, 0)","soup('onion', 3, 20)","(4, 1):soup('onion', 1, 0)","(3, 0):empty;(4, 1):soup('onion', 1, 0)",0.0,20.0,1,"(0, 1)",-0.004499999999999993,0.0,0.0,-0.004499999999999993,0.0,20.0,False,"(3, 2)",,"(2, 3)","soup('onion', 3, 20)","(4, 1):soup('onion', 1, 0)","(3, 0):empty;(4, 1):soup('onion', 1, 0)"
45,4,"(0, 0)","(3, 2)","(0, 1)",,"(2, 3)","(0, 1)","soup('onion', 3, 20)","(4, 1):soup('onion', 1, 0)","(3, 0):empty;(4, 1):soup('onion', 1, 0)",0.0,20.0,5,interact,19.6094,20.0,0.0,-0.39060000000000006,20.0,20.0,True,"(3, 2)",,"(2, 3)",,"(4, 1):soup('onion', 1, 0)","(3, 0):empty;(4, 1):soup('onion', 1, 0)"
46,1,"(0, 1)","(3, 2)","(0, 1)",,"(2, 3)","(0, 1)",,"(4, 1):soup('onion', 1, 0)","(3, 0):empty;(4, 1):soup('onion', 1, 0)",20.0,20.0,3,"(-1, 0)",-0.0006000000000000006,0.0,0.0,-0.0006000000000000006,20.0,20.0,False,"(3, 3)",,"(1, 3)",,"(4, 1):soup('onion', 1, 0)","(3, 0):empty;(4, 1):soup('onion', 1, 0)"
47,3,"(-1, 0)","(3, 3)","(0, 1)",,"(1, 3)","(-1, 0)",,"(4, 1):soup('onion', 1, 0)","(3, 0):empty;(4, 1):soup('onion', 1, 0)",20.0,20.0,5,interact,-0.0006000000000000006,0.0,0.0,-0.0006000000000000006,20.0,20.0,False,"(2, 3)",,"(1, 3)",onion,"(4, 1):soup('onion', 1, 0)","(3, 0):empty;(4, 1):soup('onion', 1, 0)"
48,3,"(-1, 0)","(2, 3)","(-1, 0)",,"(1, 3)","(-1, 0)",onion,"(4, 1):soup('onion', 1, 0)","(3, 0):empty;(4, 1):soup('onion', 1, 0)",20.0,20.0,0,"(0, -1)",-0.0006000000000000006,0.0,0.0,-0.0006000000000000006,20.0,20.0,False,"(1, 3)",,"(1, 2)",onion,"(4, 1):soup('onion', 1, 0)","(3, 0):empty;(4, 1):soup('onion', 1, 0)"
49,3,"(-1, 0)","(1, 3)","(-1, 0)",,"(1, 2)","(0, -1)",onion,"(4, 1):soup('onion', 1, 0)","(3, 0):empty;(4, 1):soup('onion', 1, 0)",20.0,20.0,0,"(0, -1)",-0.0006000000000000006,0.0,0.0,-0.0006000000000000006,20.0,20.0,False,"(1, 3)",,"(1, 1)",onion,"(4, 1):soup('onion', 1, 0)","(3, 0):empty;(4, 1):soup('onion', 1, 0)"
50,3,"(-1, 0)","(1, 3)","(-1, 0)",,"(1, 1)","(0, -1)",onion,"(4, 1):soup('onion', 1, 0)","(3, 0):empty;(4, 1):soup('onion', 1, 0)",20.0,20.0,2,"(1, 0)",-0.0006000000000000006,0.0,0.0,-0.0006000000000000006,20.0,20.0,False,"(1, 3)",,"(2, 1)",onion,"(4, 1):soup('onion', 1, 0)","(3, 0):empty;(4, 1):soup('onion', 1, 0)"
51,5,interact,"(1, 3)","(-1, 0)",,"(2, 1)","(1, 0)",onion,"(4, 1):soup('onion', 1, 0)","(3, 0):empty;(4, 1):soup('onion', 1, 0)",20.0,20.0,2,"(1, 0)",-0.0006000000000000006,0.0,0.0,-0.0006000000000000006,20.0,20.0,False,"(1, 3)",onion,"(3, 1)",onion,"(4, 1):soup('onion', 1, 0)","(3, 0):empty;(4, 1):soup('onion', 1, 0)"
52,0,"(0, -1)","(1, 3)","(-1, 0)",onion,"(3, 1)","(1, 0)",onion,"(4, 1):soup('onion', 1, 0)","(3, 0):empty;(4, 1):soup('onion', 1, 0)",20.0,20.0,5,interact,3.0588,0.0,3.0,0.0588,20.0,23.0,False,"(1, 2)",onion,"(3, 1)",,"(4, 1):soup('onion', 2, 0)","(3, 0):empty;(4, 1):soup('onion', 2, 0)"
53,0,"(0, -1)","(1, 2)","(0, -1)",onion,"(3, 1)","(1, 0)",,"(4, 1):soup('onion', 2, 0)","(3, 0):empty;(4, 1):soup('onion', 2, 0)",20.0,23.0,1,"(0, 1)",-0.0012000000000000012,0.0,0.0,-0.0012000000000000012,20.0,23.0,False,"(1, 1)",onion,"(3, 2)",,"(4, 1):soup('onion', 2, 0)","(3, 0):empty;(4, 1):soup('onion', 2, 0)"
54,2,"(1, 0)","(1, 1)","(0, -1)",onion,"(3, 2)","(0, 1)",,"(4, 1):soup('onion', 2, 0)","(3, 0):empty;(4, 1):soup('onion', 2, 0)",20.0,23.0,1,"(0, 1)",-0.0012000000000000012,0.0,0.0,-0.0012000000000000012,20.0,23.0,False,"(2, 1)",onion,"(3, 3)",,"(4, 1):soup('onion', 2, 0)","(3, 0):empty;(4, 1):soup('onion', 2, 0)"
55,2,"(1, 0)","(2, 1)","(1, 0)",onion,"(3, 3)","(0, 1)",,"(4, 1):soup('onion', 2, 0)","(3, 0):empty;(4, 1):soup('onion', 2, 0)",20.0,23.0,3,"(-1, 0)",-0.0012000000000000012,0.0,0.0,-0.0012000000000000012,20.0,23.0,False,"(3, 1)",onion,"(2, 3)",,"(4, 1):soup('onion', 2, 0)","(3, 0):empty;(4, 1):soup('onion', 2, 0)"
56,5,interact,"(3, 1)","(1, 0)",onion,"(2, 3)","(-1, 0)",,"(4, 1):soup('onion', 2, 0)","(3, 0):empty;(4, 1):soup('onion', 2, 0)",20.0,23.0,1,"(0, 1)",3.078,0.0,3.0,0.07800000000000001,20.0,26.0,False,"(3, 1)",,"(2, 3)",,"(4, 1):soup('onion', 3, 1)","(3, 0):empty;(4, 1):soup('onion', 3, 1)"
57,1,"(0, 1)","(3, 1)","(1, 0)",,"(2, 3)","(0, 1)",,"(4, 1):soup('onion', 3, 1)","(3, 0):empty;(4, 1):soup('onion', 3, 1)",20.0,26.0,3,"(-1, 0)",-0.0020000000000000018,0.0,0.0,-0.0020000000000000018,20.0,26.0,False,"(3, 2)",,"(1, 3)",,"(4, 1):soup('onion', 3, 2)","(3, 0):empty;(4, 1):soup('onion', 3, 2)"
58,2,"(1, 0)","(3, 2)","(0, 1)",,"(1, 3)","(-1, 0)",,"(4, 1):soup('onion', 3, 2)","(3, 0):empty;(4, 1):soup('onion', 3, 2)",20.0,26.0,0,"(0, -1)",-0.0020000000000000018,0.0,0.0,-0.0020000000000000018,20.0,26.0,False,"(3, 2)",,"(1, 2)",,"(4, 1):soup('onion', 3, 3)","(3, 0):empty;(4, 1):soup('onion', 3, 3)"
59,1,"(0, 1)","(3, 2)","(1, 0)",,"(1, 2)","(0, -1)",,"(4, 1):soup('onion', 3, 3)","(3, 0):empty;(4, 1):soup('onion', 3, 3)",20.0,26.0,3,"(-1, 0)",-0.0020000000000000018,0.0,0.0,-0.0020000000000000018,20.0,26.0,False,"(3, 3)",,"(1, 2)",,"(4, 1):soup('onion', 3, 4)","(3, 0):empty;(4, 1):soup('onion', 3, 4)"
60,3,"(-1, 0)","(3, 3)","(0, 1)",,"(1, 2)","(-1, 0)",,"(4, 1):soup('onion', 3, 4)","(3, 0):empty;(4, 1):soup('onion', 3, 4)",20.0,26.0,5,interact,2.998,0.0,3.0,-0.0020000000000000018,20.0,29.0,False,"(2, 3)",,"(1, 2)",dish,"(4, 1):soup('onion', 3, 5)","(3, 0):empty;(4, 1):soup('onion', 3, 5)"
61,3,"(-1, 0)","(2, 3)","(-1, 0)",,"(1, 2)","(-1, 0)",dish,"(4, 1):soup('onion', 3, 5)","(3, 0):empty;(4, 1):soup('onion', 3, 5)",20.0,29.0,0,"(0, -1)",-0.0020000000000000018,0.0,0.0,-0.0020000000000000018,20.0,29.0,False,"(1, 3)",,"(1, 1)",dish,"(4, 1):soup('onion', 3, 6)","(3, 0):empty;(4, 1):soup('onion', 3, 6)"
62,5,interact,"(1, 3)","(-1, 0)",,"(1, 1)","(0, -1)",dish,"(4, 1):soup('onion', 3, 6)","(3, 0):empty;(4, 1):soup('onion', 3, 6)",20.0,29.0,2,"(1, 0)",-0.0020000000000000018,0.0,0.0,-0.0020000000000000018,20.0,29.0,False,"(1, 3)",onion,"(2, 1)",dish,"(4, 1):soup('onion', 3, 7)","(3, 0):empty;(4, 1):soup('onion', 3, 7)"
63,4,"(0, 0)","(1, 3)","(-1, 0)",onion,"(2, 1)","(1, 0)",dish,"(4, 1):soup('onion', 3, 7)","(3, 0):empty;(4, 1):soup('onion', 3, 7)",20.0,29.0,2,"(1, 0)",-0.0020000000000000018,0.0,0.0,-0.0020000000000000018,20.0,29.0,False,"(1, 3)",onion,"(3, 1)",dish,"(4, 1):soup('onion', 3, 8)","(3, 0):empty;(4, 1):soup('onion', 3, 8)"
64,0,"(0, -1)","(1, 3)","(-1, 0)",onion,"(3, 1)","(1, 0)",dish,"(4, 1):soup('onion', 3, 8)","(3, 0):empty;(4, 1):soup('onion', 3, 8)",20.0,29.0,3,"(-1, 0)",-0.0020000000000000018,0.0,0.0,-0.0020000000000000018,20.0,29.0,False,"(1, 2)",onion,"(2, 1)",dish,"(4, 1):soup('onion', 3, 9)","(3, 0):empty;(4, 1):soup('onion', 3, 9)"
65,1,"(0, 1)","(1, 2)","(0, -1)",onion,"(2, 1)","(-1, 0)",dish,"(4, 1):soup('onion', 3, 9)","(3, 0):empty;(4, 1):soup('onion', 3, 9)",20.0,29.0,2,"(1, 0)",-0.0020000000000000018,0.0,0.0,-0.0020000000000000018,20.0,29.0,False,"(1, 3)",onion,"(3, 1)",dish,"(4, 1):soup('onion', 3, 10)","(3, 0):empty;(4, 1):soup('onion', 3, 10)"
66,0,"(0, -1)","(1, 3)","(0, 1)",onion,"(3, 1)","(1, 0)",dish,"(4, 1):soup('onion', 3, 10)","(3, 0):empty;(4, 1):soup('onion', 3, 10)",20.0,29.0,5,interact,-0.0020000000000000018,0.0,0.0,-0.0020000000000000018,20.0,29.0,False,"(1, 2)",onion,"(3, 1)",dish,"(4, 1):soup('onion', 3, 11)","(3, 0):empty;(4, 1):soup('onion', 3, 11)"
67,2,"(1, 0)","(1, 2)","(0, -1)",onion,"(3, 1)","(1, 0)",dish,"(4, 1):soup('onion', 3, 11)","(3, 0):empty;(4, 1):soup('onion', 3, 11)",20.0,29.0,5,interact,-0.0020000000000000018,0.0,0.0,-0.0020000000000000018,20.0,29.0,False,"(1, 2)",onion,"(3, 1)",dish,"(4, 1):soup('onion', 3, 12)","(3, 0):empty;(4, 1):soup('onion', 3, 12)"
68,0,"(0, -1)","(1, 2)","(1, 0)",onion,"(3, 1)","(1, 0)",dish,"(4, 1):soup('onion', 3, 12)","(3, 0):empty;(4, 1):soup('onion', 3, 12)",20.0,29.0,5,interact,-0.0020000000000000018,0.0,0.0,-0.0020000000000000018,20.0,29.0,False,"(1, 1)",onion,"(3, 1)",dish,"(4, 1):soup('onion', 3, 13)","(3, 0):empty;(4, 1):soup('onion', 3, 13)"
69,2,"(1, 0)","(1, 1)","(0, -1)",onion,"(3, 1)","(1, 0)",dish,"(4, 1):soup('onion', 3, 13)","(3, 0):empty;(4, 1):soup('onion', 3, 13)",20.0,29.0,5,interact,-0.0020000000000000018,0.0,0.0,-0.0020000000000000018,20.0,29.0,False,"(2, 1)",onion,"(3, 1)",dish,"(4, 1):soup('onion', 3, 14)","(3, 0):empty;(4, 1):soup('onion', 3, 14)"
70,2,"(1, 0)","(2, 1)","(1, 0)",onion,"(3, 1)","(1, 0)",dish,"(4, 1):soup('onion', 3, 14)","(3, 0):empty;(4, 1):soup('onion', 3, 14)",20.0,29.0,5,interact,-0.0020000000000000018,0.0,0.0,-0.0020000000000000018,20.0,29.0,False,"(2, 1)",onion,"(3, 1)",dish,"(4, 1):soup('onion', 3, 15)","(3, 0):empty;(4, 1):soup('onion', 3, 15)"
71,2,"(1, 0)","(2, 1)","(1, 0)",onion,"(3, 1)","(1, 0)",dish,"(4, 1):soup('onion', 3, 15)","(3, 0):empty;(4, 1):soup('onion', 3, 15)",20.0,29.0,5,interact,-0.0020000000000000018,0.0,0.0,-0.0020000000000000018,20.0,29.0,False,"(2, 1)",onion,"(3, 1)",dish,"(4, 1):soup('onion', 3, 16)","(3, 0):empty;(4, 1):soup('onion', 3, 16)"
72,2,"(1, 0)","(2, 1)","(1, 0)",onion,"(3, 1)","(1, 0)",dish,"(4, 1):soup('onion', 3, 16)","(3, 0):empty;(4, 1):soup('onion', 3, 16)",20.0,29.0,5,interact,-0.0020000000000000018,0.0,0.0,-0.0020000000000000018,20.0,29.0,False,"(2, 1)",onion,"(3, 1)",dish,"(4, 1):soup('onion', 3, 17)","(3, 0):empty;(4, 1):soup('onion', 3, 17)"
73,2,"(1, 0)","(2, 1)","(1, 0)",onion,"(3, 1)","(1, 0)",dish,"(4, 1):soup('onion', 3, 17)","(3, 0):empty;(4, 1):soup('onion', 3, 17)",20.0,29.0,5,interact,-0.0020000000000000018,0.0,0.0,-0.0020000000000000018,20.0,29.0,False,"(2, 1)",onion,"(3, 1)",dish,"(4, 1):soup('onion', 3, 18)","(3, 0):empty;(4, 1):soup('onion', 3, 18)"
74,2,"(1, 0)","(2, 1)","(1, 0)",onion,"(3, 1)","(1, 0)",dish,"(4, 1):soup('onion', 3, 18)","(3, 0):empty;(4, 1):soup('onion', 3, 18)",20.0,29.0,5,interact,-0.0020000000000000018,0.0,0.0,-0.0020000000000000018,20.0,29.0,False,"(2, 1)",onion,"(3, 1)",dish,"(4, 1):soup('onion', 3, 19)","(3, 0):empty;(4, 1):soup('onion', 3, 19)"
75,2,"(1, 0)","(2, 1)","(1, 0)",onion,"(3, 1)","(1, 0)",dish,"(4, 1):soup('onion', 3, 19)","(3, 0):empty;(4, 1):soup('onion', 3, 19)",20.0,29.0,5,interact,0.09699999999999998,0.0,0.0,0.09699999999999998,20.0,29.0,False,"(2, 1)",onion,"(3, 1)",dish,"(4, 1):soup('onion', 3, 20)","(3, 0):empty;(4, 1):soup('onion', 3, 20)"
76,2,"(1, 0)","(2, 1)","(1, 0)",onion,"(3, 1)","(1, 0)",dish,"(4, 1):soup('onion', 3, 20)","(3, 0):empty;(4, 1):soup('onion', 3, 20)",20.0,29.0,5,interact,5.0564,0.0,5.0,0.056400000000000006,20.0,34.0,False,"(2, 1)",onion,"(3, 1)","soup('onion', 3, 20)",,"(3, 0):empty;(4, 1):empty"
77,5,interact,"(2, 1)","(1, 0)",onion,"(3, 1)","(1, 0)","soup('onion', 3, 20)",,"(3, 0):empty;(4, 1):empty",20.0,34.0,1,"(0, 1)",0.006300000000000017,0.0,0.0,0.006300000000000017,20.0,34.0,False,"(2, 1)",onion,"(3, 2)","soup('onion', 3, 20)",,"(3, 0):empty;(4, 1):empty"
78,5,interact,"(2, 1)","(1, 0)",onion,"(3, 2)","(0, 1)","soup('onion', 3, 20)",,"(3, 0):empty;(4, 1):empty",20.0,34.0,1,"(0, 1)",0.006199999999999983,0.0,0.0,0.006199999999999983,20.0,34.0,False,"(2, 1)",onion,"(3, 3)","soup('onion', 3, 20)",,"(3, 0):empty;(4, 1):empty"
79,2,"(1, 0)","(2, 1)","(1, 0)",onion,"(3, 3)","(0, 1)","soup('onion', 3, 20)",,"(3, 0):empty;(4, 1):empty",20.0,34.0,3,"(-1, 0)",0.006099999999999994,0.0,0.0,0.006099999999999994,20.0,34.0,False,"(3, 1)",onion,"(2, 3)","soup('onion', 3, 20)",,"(3, 0):empty;(4, 1):empty"
80,5,interact,"(3, 1)","(1, 0)",onion,"(2, 3)","(-1, 0)","soup('onion', 3, 20)",,"(3, 0):empty;(4, 1):empty",20.0,34.0,5,interact,3.0555,0.0,3.0,0.05550000000000002,20.0,37.0,False,"(3, 1)",,"(2, 3)","soup('onion', 3, 20)","(4, 1):soup('onion', 1, 0)","(3, 0):empty;(4, 1):soup('onion', 1, 0)"
81,1,"(0, 1)","(3, 1)","(1, 0)",,"(2, 3)","(-1, 0)","soup('onion', 3, 20)","(4, 1):soup('onion', 1, 0)","(3, 0):empty;(4, 1):soup('onion', 1, 0)",20.0,37.0,1,"(0, 1)",-0.004499999999999993,0.0,0.0,-0.004499999999999993,20.0,37.0,False,"(3, 2)",,"(2, 3)","soup('onion', 3, 20)","(4, 1):soup('onion', 1, 0)","(3, 0):empty;(4, 1):soup('onion', 1, 0)"
82,4,"(0, 0)","(3, 2)","(0, 1)",,"(2, 3)","(0, 1)","soup('onion', 3, 20)","(4, 1):soup('onion', 1, 0)","(3, 0):empty;(4, 1):soup('onion', 1, 0)",20.0,37.0,5,interact,19.6094,20.0,0.0,-0.39060000000000006,40.0,37.0,True,"(3, 2)",,"(2, 3)",,"(4, 1):soup('onion', 1, 0)","(3, 0):empty;(4, 1):soup('onion', 1, 0)"
83,1,"(0, 1)","(3, 2)","(0, 1)",,"(2, 3)","(0, 1)",,"(4, 1):soup('onion', 1, 0)","(3, 0):empty;(4, 1):soup('onion', 1, 0)",40.0,37.0,3,"(-1, 0)",-0.0006000000000000006,0.0,0.0,-0.0006000000000000006,40.0,37.0,False,"(3, 3)",,"(1, 3)",,"(4, 1):soup('onion', 1, 0)","(3, 0):empty;(4, 1):soup('onion', 1, 0)"
84,3,"(-1, 0)","(3, 3)","(0, 1)",,"(1, 3)","(-1, 0)",,"(4, 1):soup('onion', 1, 0)","(3, 0):empty;(4, 1):soup('onion', 1, 0)",40.0,37.0,5,interact,-0.0006000000000000006,0.0,0.0,-0.0006000000000000006,40.0,37.0,False,"(2, 3)",,"(1, 3)",onion,"(4, 1):soup('onion', 1, 0)","(3, 0):empty;(4, 1):soup('onion', 1, 0)"
85,3,"(-1, 0)","(2, 3)","(-1, 0)",,"(1, 3)","(-1, 0)",onion,"(4, 1):soup('onion', 1, 0)","(3, 0):empty;(4, 1):soup('onion', 1, 0)",40.0,37.0,0,"(0, -1)",-0.0006000000000000006,0.0,0.0,-0.0006000000000000006,40.0,37.0,False,"(1, 3)",,"(1, 2)",onion,"(4, 1):soup('onion', 1, 0)","(3, 0):empty;(4, 1):soup('onion', 1, 0)"
86,3,"(-1, 0)","(1, 3)","(-1, 0)",,"(1, 2)","(0, -1)",onion,"(4, 1):soup('onion', 1, 0)","(3, 0):empty;(4, 1):soup('onion', 1, 0)",40.0,37.0,0,"(0, -1)",-0.0006000000000000006,0.0,0.0,-0.0006000000000000006,40.0,37.0,False,"(1, 3)",,"(1, 1)",onion,"(4, 1):soup('onion', 1, 0)","(3, 0):empty;(4, 1):soup('onion', 1, 0)"
87,3,"(-1, 0)","(1, 3)","(-1, 0)",,"(1, 1)","(0, -1)",onion,"(4, 1):soup('onion', 1, 0)","(3, 0):empty;(4, 1):soup('onion', 1, 0)",40.0,37.0,2,"(1, 0)",-0.0006000000000000006,0.0,0.0,-0.0006000000000000006,40.0,37.0,False,"(1, 3)",,"(2, 1)",onion,"(4, 1):soup('onion', 1, 0)","(3, 0):empty;(4, 1):soup('onion', 1, 0)"
88,5,interact,"(1, 3)","(-1, 0)",,"(2, 1)","(1, 0)",onion,"(4, 1):soup('onion', 1, 0)","(3, 0):empty;(4, 1):soup('onion', 1, 0)",40.0,37.0,2,"(1, 0)",-0.0006000000000000006,0.0,0.0,-0.0006000000000000006,40.0,37.0,False,"(1, 3)",onion,"(3, 1)",onion,"(4, 1):soup('onion', 1, 0)","(3, 0):empty;(4, 1):soup('onion', 1, 0)"
89,0,"(0, -1)","(1, 3)","(-1, 0)",onion,"(3, 1)","(1, 0)",onion,"(4, 1):soup('onion', 1, 0)","(3, 0):empty;(4, 1):soup('onion', 1, 0)",40.0,37.0,5,interact,3.0588,0.0,3.0,0.0588,40.0,40.0,False,"(1, 2)",onion,"(3, 1)",,"(4, 1):soup('onion', 2, 0)","(3, 0):empty;(4, 1):soup('onion', 2, 0)"
90,0,"(0, -1)","(1, 2)","(0, -1)",onion,"(3, 1)","(1, 0)",,"(4, 1):soup('onion', 2, 0)","(3, 0):empty;(4, 1):soup('onion', 2, 0)",40.0,40.0,1,"(0, 1)",-0.0012000000000000012,0.0,0.0,-0.0012000000000000012,40.0,40.0,False,"(1, 1)",onion,"(3, 2)",,"(4, 1):soup('onion', 2, 0)","(3, 0):empty;(4, 1):soup('onion', 2, 0)"
91,2,"(1, 0)","(1, 1)","(0, -1)",onion,"(3, 2)","(0, 1)",,"(4, 1):soup('onion', 2, 0)","(3, 0):empty;(4, 1):soup('onion', 2, 0)",40.0,40.0,1,"(0, 1)",-0.0012000000000000012,0.0,0.0,-0.0012000000000000012,40.0,40.0,False,"(2, 1)",onion,"(3, 3)",,"(4, 1):soup('onion', 2, 0)","(3, 0):empty;(4, 1):soup('onion', 2, 0)"
92,2,"(1, 0)","(2, 1)","(1, 0)",onion,"(3, 3)","(0, 1)",,"(4, 1):soup('onion', 2, 0)","(3, 0):empty;(4, 1):soup('onion', 2, 0)",40.0,40.0,3,"(-1, 0)",-0.0012000000000000012,0.0,0.0,-0.0012000000000000012,40.0,40.0,False,"(3, 1)",onion,"(2, 3)",,"(4, 1):soup('onion', 2, 0)","(3, 0):empty;(4, 1):soup('onion', 2, 0)"
93,5,interact,"(3, 1)","(1, 0)",onion,"(2, 3)","(-1, 0)",,"(4, 1):soup('onion', 2, 0)","(3, 0):empty;(4, 1):soup('onion', 2, 0)",40.0,40.0,1,"(0, 1)",3.078,0.0,3.0,0.07800000000000001,40.0,43.0,False,"(3, 1)",,"(2, 3)",,"(4, 1):soup('onion', 3, 1)","(3, 0):empty;(4, 1):soup('onion', 3, 1)"
94,1,"(0, 1)","(3, 1)","(1, 0)",,"(2, 3)","(0, 1)",,"(4, 1):soup('onion', 3, 1)","(3, 0):empty;(4, 1):soup('onion', 3, 1)",40.0,43.0,3,"(-1, 0)",-0.0020000000000000018,0.0,0.0,-0.0020000000000000018,40.0,43.0,False,"(3, 2)",,"(1, 3)",,"(4, 1):soup('onion', 3, 2)","(3, 0):empty;(4, 1):soup('onion', 3, 2)"
95,2,"(1, 0)","(3, 2)","(0, 1)",,"(1, 3)","(-1, 0)",,"(4, 1):soup('onion', 3, 2)","(3, 0):empty;(4, 1):soup('onion', 3, 2)",40.0,43.0,0,"(0, -1)",-0.0020000000000000018,0.0,0.0,-0.0020000000000000018,40.0,43.0,False,"(3, 2)",,"(1, 2)",,"(4, 1):soup('onion', 3, 3)","(3, 0):empty;(4, 1):soup('onion', 3, 3)"
96,1,"(0, 1)","(3, 2)","(1, 0)",,"(1, 2)","(0, -1)",,"(4, 1):soup('onion', 3, 3)","(3, 0):empty;(4, 1):soup('onion', 3, 3)",40.0,43.0,3,"(-1, 0)",-0.0020000000000000018,0.0,0.0,-0.0020000000000000018,40.0,43.0,False,"(3, 3)",,"(1, 2)",,"(4, 1):soup('onion', 3, 4)","(3, 0):empty;(4, 1):soup('onion', 3, 4)"
97,3,"(-1, 0)","(3, 3)","(0, 1)",,"(1, 2)","(-1, 0)",,"(4, 1):soup('onion', 3, 4)","(3, 0):empty;(4, 1):soup('onion', 3, 4)",40.0,43.0,5,interact,2.998,0.0,3.0,-0.0020000000000000018,40.0,46.0,False,"(2, 3)",,"(1, 2)",dish,"(4, 1):soup('onion', 3, 5)","(3, 0):empty;(4, 1):soup('onion', 3, 5)"
98,3,"(-1, 0)","(2, 3)","(-1, 0)",,"(1, 2)","(-1, 0)",dish,"(4, 1):soup('onion', 3, 5)","(3, 0):empty;(4, 1):soup('onion', 3, 5)",40.0,46.0,0,"(0, -1)",-0.0020000000000000018,0.0,0.0,-0.0020000000000000018,40.0,46.0,False,"(1, 3)",,"(1, 1)",dish,"(4, 1):soup('onion', 3, 6)","(3, 0):empty;(4, 1):soup('onion', 3, 6)"
99,5,interact,"(1, 3)","(-1, 0)",,"(1, 1)","(0, -1)",dish,"(4, 1):soup('onion', 3, 6)","(3, 0):empty;(4, 1):soup('onion', 3, 6)",40.0,46.0,2,"(1, 0)",-0.0020000000000000018,0.0,0.0,-0.0020000000000000018,40.0,46.0,False,"(1, 3)",onion,"(2, 1)",dish,"(4, 1):soup('onion', 3, 7)","(3, 0):empty;(4, 1):soup('onion', 3, 7)"
100,4,"(0, 0)","(1, 3)","(-1, 0)",onion,"(2, 1)","(1, 0)",dish,"(4, 1):soup('onion', 3, 7)","(3, 0):empty;(4, 1):soup('onion', 3, 7)",40.0,46.0,2,"(1, 0)",-0.0020000000000000018,0.0,0.0,-0.0020000000000000018,40.0,46.0,False,"(1, 3)",onion,"(3, 1)",dish,"(4, 1):soup('onion', 3, 8)","(3, 0):empty;(4, 1):soup('onion', 3, 8)"
101,0,"(0, -1)","(1, 3)","(-1, 0)",onion,"(3, 1)","(1, 0)",dish,"(4, 1):soup('onion', 3, 8)","(3, 0):empty;(4, 1):soup('onion', 3, 8)",40.0,46.0,3,"(-1, 0)",-0.0020000000000000018,0.0,0.0,-0.0020000000000000018,40.0,46.0,False,"(1, 2)",onion,"(2, 1)",dish,"(4, 1):soup('onion', 3, 9)","(3, 0):empty;(4, 1):soup('onion', 3, 9)"
102,1,"(0, 1)","(1, 2)","(0, -1)",onion,"(2, 1)","(-1, 0)",dish,"(4, 1):soup('onion', 3, 9)","(3, 0):empty;(4, 1):soup('onion', 3, 9)",40.0,46.0,2,"(1, 0)",-0.0020000000000000018,0.0,0.0,-0.0020000000000000018,40.0,46.0,False,"(1, 3)",onion,"(3, 1)",dish,"(4, 1):soup('onion', 3, 10)","(3, 0):empty;(4, 1):soup('onion', 3, 10)"
103,0,"(0, -1)","(1, 3)","(0, 1)",onion,"(3, 1)","(1, 0)",dish,"(4, 1):soup('onion', 3, 10)","(3, 0):empty;(4, 1):soup('onion', 3, 10)",40.0,46.0,5,interact,-0.0020000000000000018,0.0,0.0,-0.0020000000000000018,40.0,46.0,False,"(1, 2)",onion,"(3, 1)",dish,"(4, 1):soup('onion', 3, 11)","(3, 0):empty;(4, 1):soup('onion', 3, 11)"
104,2,"(1, 0)","(1, 2)","(0, -1)",onion,"(3, 1)","(1, 0)",dish,"(4, 1):soup('onion', 3, 11)","(3, 0):empty;(4, 1):soup('onion', 3, 11)",40.0,46.0,5,interact,-0.0020000000000000018,0.0,0.0,-0.0020000000000000018,40.0,46.0,False,"(1, 2)",onion,"(3, 1)",dish,"(4, 1):soup('onion', 3, 12)","(3, 0):empty;(4, 1):soup('onion', 3, 12)"
105,0,"(0, -1)","(1, 2)","(1, 0)",onion,"(3, 1)","(1, 0)",dish,"(4, 1):soup('onion', 3, 12)","(3, 0):empty;(4, 1):soup('onion', 3, 12)",40.0,46.0,5,interact,-0.0020000000000000018,0.0,0.0,-0.0020000000000000018,40.0,46.0,False,"(1, 1)",onion,"(3, 1)",dish,"(4, 1):soup('onion', 3, 13)","(3, 0):empty;(4, 1):soup('onion', 3, 13)"
106,2,"(1, 0)","(1, 1)","(0, -1)",onion,"(3, 1)","(1, 0)",dish,"(4, 1):soup('onion', 3, 13)","(3, 0):empty;(4, 1):soup('onion', 3, 13)",40.0,46.0,5,interact,-0.0020000000000000018,0.0,0.0,-0.0020000000000000018,40.0,46.0,False,"(2, 1)",onion,"(3, 1)",dish,"(4, 1):soup('onion', 3, 14)","(3, 0):empty;(4, 1):soup('onion', 3, 14)"
107,2,"(1, 0)","(2, 1)","(1, 0)",onion,"(3, 1)","(1, 0)",dish,"(4, 1):soup('onion', 3, 14)","(3, 0):empty;(4, 1):soup('onion', 3, 14)",40.0,46.0,5,interact,-0.0020000000000000018,0.0,0.0,-0.0020000000000000018,40.0,46.0,False,"(2, 1)",onion,"(3, 1)",dish,"(4, 1):soup('onion', 3, 15)","(3, 0):empty;(4, 1):soup('onion', 3, 15)"
108,2,"(1, 0)","(2, 1)","(1, 0)",onion,"(3, 1)","(1, 0)",dish,"(4, 1):soup('onion', 3, 15)","(3, 0):empty;(4, 1):soup('onion', 3, 15)",40.0,46.0,5,interact,-0.0020000000000000018,0.0,0.0,-0.0020000000000000018,40.0,46.0,False,"(2, 1)",onion,"(3, 1)",dish,"(4, 1):soup('onion', 3, 16)","(3, 0):empty;(4, 1):soup('onion', 3, 16)"
109,2,"(1, 0)","(2, 1)","(1, 0)",onion,"(3, 1)","(1, 0)",dish,"(4, 1):soup('onion', 3, 16)","(3, 0):empty;(4, 1):soup('onion', 3, 16)",40.0,46.0,5,interact,-0.0020000000000000018,0.0,0.0,-0.0020000000000000018,40.0,46.0,False,"(2, 1)",onion,"(3, 1)",dish,"(4, 1):soup('onion', 3, 17)","(3, 0):empty;(4, 1):soup('onion', 3, 17)"
110,2,"(1, 0)","(2, 1)","(1, 0)",onion,"(3, 1)","(1, 0)",dish,"(4, 1):soup('onion', 3, 17)","(3, 0):empty;(4, 1):soup('onion', 3, 17)",40.0,46.0,5,interact,-0.0020000000000000018,0.0,0.0,-0.0020000000000000018,40.0,46.0,False,"(2, 1)",onion,"(3, 1)",dish,"(4, 1):soup('onion', 3, 18)","(3, 0):empty;(4, 1):soup('onion', 3, 18)"
111,2,"(1, 0)","(2, 1)","(1, 0)",onion,"(3, 1)","(1, 0)",dish,"(4, 1):soup('onion', 3, 18)","(3, 0):empty;(4, 1):soup('onion', 3, 18)",40.0,46.0,5,interact,-0.0020000000000000018,0.0,0.0,-0.0020000000000000018,40.0,46.0,False,"(2, 1)",onion,"(3, 1)",dish,"(4, 1):soup('onion', 3, 19)","(3, 0):empty;(4, 1):soup('onion', 3, 19)"
112,2,"(1, 0)","(2, 1)","(1, 0)",onion,"(3, 1)","(1, 0)",dish,"(4, 1):soup('onion', 3, 19)","(3, 0):empty;(4, 1):soup('onion', 3, 19)",40.0,46.0,5,interact,0.09699999999999998,0.0,0.0,0.09699999999999998,40.0,46.0,False,"(2, 1)",onion,"(3, 1)",dish,"(4, 1):soup('onion', 3, 20)","(3, 0):empty;(4, 1):soup('onion', 3, 20)"
113,2,"(1, 0)","(2, 1)","(1, 0)",onion,"(3, 1)","(1, 0)",dish,"(4, 1):soup('onion', 3, 20)","(3, 0):empty;(4, 1):soup('onion', 3, 20)",40.0,46.0,5,interact,5.0564,0.0,5.0,0.056400000000000006,40.0,51.0,False,"(2, 1)",onion,"(3, 1)","soup('onion', 3, 20)",,"(3, 0):empty;(4, 1):empty"
114,5,interact,"(2, 1)","(1, 0)",onion,"(3, 1)","(1, 0)","soup('onion', 3, 20)",,"(3, 0):empty;(4, 1):empty",40.0,51.0,1,"(0, 1)",0.006300000000000017,0.0,0.0,0.006300000000000017,40.0,51.0,False,"(2, 1)",onion,"(3, 2)","soup('onion', 3, 20)",,"(3, 0):empty;(4, 1):empty"
115,5,interact,"(2, 1)","(1, 0)",onion,"(3, 2)","(0, 1)","soup('onion', 3, 20)",,"(3, 0):empty;(4, 1):empty",40.0,51.0,1,"(0, 1)",0.006199999999999983,0.0,0.0,0.006199999999999983,40.0,51.0,False,"(2, 1)",onion,"(3, 3)","soup('onion', 3, 20)",,"(3, 0):empty;(4, 1):empty"
116,2,"(1, 0)","(2, 1)","(1, 0)",onion,"(3, 3)","(0, 1)","soup('onion', 3, 20)",,"(3, 0):empty;(4, 1):empty",40.0,51.0,3,"(-1, 0)",0.006099999999999994,0.0,0.0,0.006099999999999994,40.0,51.0,False,"(3, 1)",onion,"(2, 3)","soup('onion', 3, 20)",,"(3, 0):empty;(4, 1):empty"
117,5,interact,"(3, 1)","(1, 0)",onion,"(2, 3)","(-1, 0)","soup('onion', 3, 20)",,"(3, 0):empty;(4, 1):empty",40.0,51.0,5,interact,3.0555,0.0,3.0,0.05550000000000002,40.0,54.0,False,"(3, 1)",,"(2, 3)","soup('onion', 3, 20)","(4, 1):soup('onion', 1, 0)","(3, 0):empty;(4, 1):soup('onion', 1, 0)"
118,1,"(0, 1)","(3, 1)","(1, 0)",,"(2, 3)","(-1, 0)","soup('onion', 3, 20)","(4, 1):soup('onion', 1, 0)","(3, 0):empty;(4, 1):soup('onion', 1, 0)",40.0,54.0,1,"(0, 1)",-0.004499999999999993,0.0,0.0,-0.004499999999999993,40.0,54.0,False,"(3, 2)",,"(2, 3)","soup('onion', 3, 20)","(4, 1):soup('onion', 1, 0)","(3, 0):empty;(4, 1):soup('onion', 1, 0)"
119,4,"(0, 0)","(3, 2)","(0, 1)",,"(2, 3)","(0, 1)","soup('onion', 3, 20)","(4, 1):soup('onion', 1, 0)","(3, 0):empty;(4, 1):soup('onion', 1, 0)",40.0,54.0,5,interact,19.6094,20.0,0.0,-0.39060000000000006,60.0,54.0,True,"(3, 2)",,"(2, 3)",,"(4, 1):soup('onion', 1, 0)","(3, 0):empty;(4, 1):soup('onion', 1, 0)"
120,1,"(0, 1)","(3, 2)","(0, 1)",,"(2, 3)","(0, 1)",,"(4, 1):soup('onion', 1, 0)","(3, 0):empty;(4, 1):soup('onion', 1, 0)",60.0,54.0,3,"(-1, 0)",-0.0006000000000000006,0.0,0.0,-0.0006000000000000006,60.0,54.0,False,"(3, 3)",,"(1, 3)",,"(4, 1):soup('onion', 1, 0)","(3, 0):empty;(4, 1):soup('onion', 1, 0)"
121,3,"(-1, 0)","(3, 3)","(0, 1)",,"(1, 3)","(-1, 0)",,"(4, 1):soup('onion', 1, 0)","(3, 0):empty;(4, 1):soup('onion', 1, 0)",60.0,54.0,5,interact,-0.0006000000000000006,0.0,0.0,-0.0006000000000000006,60.0,54.0,False,"(2, 3)",,"(1, 3)",onion,"(4, 1):soup('onion', 1, 0)","(3, 0):empty;(4, 1):soup('onion', 1, 0)"
122,3,"(-1, 0)","(2, 3)","(-1, 0)",,"(1, 3)","(-1, 0)",onion,"(4, 1):soup('onion', 1, 0)","(3, 0):empty;(4, 1):soup('onion', 1, 0)",60.0,54.0,0,"(0, -1)",-0.0006000000000000006,0.0,0.0,-0.0006000000000000006,60.0,54.0,False,"(1, 3)",,"(1, 2)",onion,"(4, 1):soup('onion', 1, 0)","(3, 0):empty;(4, 1):soup('onion', 1, 0)"
123,3,"(-1, 0)","(1, 3)","(-1, 0)",,"(1, 2)","(0, -1)",onion,"(4, 1):soup('onion', 1, 0)","(3, 0):empty;(4, 1):soup('onion', 1, 0)",60.0,54.0,0,"(0, -1)",-0.0006000000000000006,0.0,0.0,-0.0006000000000000006,60.0,54.0,False,"(1, 3)",,"(1, 1)",onion,"(4, 1):soup('onion', 1, 0)","(3, 0):empty;(4, 1):soup('onion', 1, 0)"
124,3,"(-1, 0)","(1, 3)","(-1, 0)",,"(1, 1)","(0, -1)",onion,"(4, 1):soup('onion', 1, 0)","(3, 0):empty;(4, 1):soup('onion', 1, 0)",60.0,54.0,2,"(1, 0)",-0.0006000000000000006,0.0,0.0,-0.0006000000000000006,60.0,54.0,False,"(1, 3)",,"(2, 1)",onion,"(4, 1):soup('onion', 1, 0)","(3, 0):empty;(4, 1):soup('onion', 1, 0)"
125,5,interact,"(1, 3)","(-1, 0)",,"(2, 1)","(1, 0)",onion,"(4, 1):soup('onion', 1, 0)","(3, 0):empty;(4, 1):soup('onion', 1, 0)",60.0,54.0,2,"(1, 0)",-0.0006000000000000006,0.0,0.0,-0.0006000000000000006,60.0,54.0,False,"(1, 3)",onion,"(3, 1)",onion,"(4, 1):soup('onion', 1, 0)","(3, 0):empty;(4, 1):soup('onion', 1, 0)"
126,0,"(0, -1)","(1, 3)","(-1, 0)",onion,"(3, 1)","(1, 0)",onion,"(4, 1):soup('onion', 1, 0)","(3, 0):empty;(4, 1):soup('onion', 1, 0)",60.0,54.0,5,interact,3.0588,0.0,3.0,0.0588,60.0,57.0,False,"(1, 2)",onion,"(3, 1)",,"(4, 1):soup('onion', 2, 0)","(3, 0):empty;(4, 1):soup('onion', 2, 0)"
127,0,"(0, -1)","(1, 2)","(0, -1)",onion,"(3, 1)","(1, 0)",,"(4, 1):soup('onion', 2, 0)","(3, 0):empty;(4, 1):soup('onion', 2, 0)",60.0,57.0,1,"(0, 1)",-0.0012000000000000012,0.0,0.0,-0.0012000000000000012,60.0,57.0,False,"(1, 1)",onion,"(3, 2)",,"(4, 1):soup('onion', 2, 0)","(3, 0):empty;(4, 1):soup('onion', 2, 0)"
128,2,"(1, 0)","(1, 1)","(0, -1)",onion,"(3, 2)","(0, 1)",,"(4, 1):soup('onion', 2, 0)","(3, 0):empty;(4, 1):soup('onion', 2, 0)",60.0,57.0,1,"(0, 1)",-0.0012000000000000012,0.0,0.0,-0.0012000000000000012,60.0,57.0,False,"(2, 1)",onion,"(3, 3)",,"(4, 1):soup('onion', 2, 0)","(3, 0):empty;(4, 1):soup('onion', 2, 0)"
129,2,"(1, 0)","(2, 1)","(1, 0)",onion,"(3, 3)","(0, 1)",,"(4, 1):soup('onion', 2, 0)","(3, 0):empty;(4, 1):soup('onion', 2, 0)",60.0,57.0,3,"(-1, 0)",-0.0012000000000000012,0.0,0.0,-0.0012000000000000012,60.0,57.0,False,"(3, 1)",onion,"(2, 3)",,"(4, 1):soup('onion', 2, 0)","(3, 0):empty;(4, 1):soup('onion', 2, 0)"
130,5,interact,"(3, 1)","(1, 0)",onion,"(2, 3)","(-1, 0)",,"(4, 1):soup('onion', 2, 0)","(3, 0):empty;(4, 1):soup('onion', 2, 0)",60.0,57.0,1,"(0, 1)",3.078,0.0,3.0,0.07800000000000001,60.0,60.0,False,"(3, 1)",,"(2, 3)",,"(4, 1):soup('onion', 3, 1)","(3, 0):empty;(4, 1):soup('onion', 3, 1)"
131,1,"(0, 1)","(3, 1)","(1, 0)",,"(2, 3)","(0, 1)",,"(4, 1):soup('onion', 3, 1)","(3, 0):empty;(4, 1):soup('onion', 3, 1)",60.0,60.0,3,"(-1, 0)",-0.0020000000000000018,0.0,0.0,-0.0020000000000000018,60.0,60.0,False,"(3, 2)",,"(1, 3)",,"(4, 1):soup('onion', 3, 2)","(3, 0):empty;(4, 1):soup('onion', 3, 2)"
132,2,"(1, 0)","(3, 2)","(0, 1)",,"(1, 3)","(-1, 0)",,"(4, 1):soup('onion', 3, 2)","(3, 0):empty;(4, 1):soup('onion', 3, 2)",60.0,60.0,0,"(0, -1)",-0.0020000000000000018,0.0,0.0,-0.0020000000000000018,60.0,60.0,False,"(3, 2)",,"(1, 2)",,"(4, 1):soup('onion', 3, 3)","(3, 0):empty;(4, 1):soup('onion', 3, 3)"
133,1,"(0, 1)","(3, 2)","(1, 0)",,"(1, 2)","(0, -1)",,"(4, 1):soup('onion', 3, 3)","(3, 0):empty;(4, 1):soup('onion', 3, 3)",60.0,60.0,3,"(-1, 0)",-0.0020000000000000018,0.0,0.0,-0.0020000000000000018,60.0,60.0,False,"(3, 3)",,"(1, 2)",,"(4, 1):soup('onion', 3, 4)","(3, 0):empty;(4, 1):soup('onion', 3, 4)"
134,3,"(-1, 0)","(3, 3)","(0, 1)",,"(1, 2)","(-1, 0)",,"(4, 1):soup('onion', 3, 4)","(3, 0):empty;(4, 1):soup('onion', 3, 4)",60.0,60.0,5,interact,2.998,0.0,3.0,-0.0020000000000000018,60.0,63.0,False,"(2, 3)",,"(1, 2)",dish,"(4, 1):soup('onion', 3, 5)","(3, 0):empty;(4, 1):soup('onion', 3, 5)"
135,3,"(-1, 0)","(2, 3)","(-1, 0)",,"(1, 2)","(-1, 0)",dish,"(4, 1):soup('onion', 3, 5)","(3, 0):empty;(4, 1):soup('onion', 3, 5)",60.0,63.0,0,"(0, -1)",-0.0020000000000000018,0.0,0.0,-0.0020000000000000018,60.0,63.0,False,"(1, 3)",,"(1, 1)",dish,"(4, 1):soup('onion', 3, 6)","(3, 0):empty;(4, 1):soup('onion', 3, 6)"
136,5,interact,"(1, 3)","(-1, 0)",,"(1, 1)","(0, -1)",dish,"(4, 1):soup('onion', 3, 6)","(3, 0):empty;(4, 1):soup('onion', 3, 6)",60.0,63.0,2,"(1, 0)",-0.0020000000000000018,0.0,0.0,-0.0020000000000000018,60.0,63.0,False,"(1, 3)",onion,"(2, 1)",dish,"(4, 1):soup('onion', 3, 7)","(3, 0):empty;(4, 1):soup('onion', 3, 7)"
137,4,"(0, 0)","(1, 3)","(-1, 0)",onion,"(2, 1)","(1, 0)",dish,"(4, 1):soup('onion', 3, 7)","(3, 0):empty;(4, 1):soup('onion', 3, 7)",60.0,63.0,2,"(1, 0)",-0.0020000000000000018,0.0,0.0,-0.0020000000000000018,60.0,63.0,False,"(1, 3)",onion,"(3, 1)",dish,"(4, 1):soup('onion', 3, 8)","(3, 0):empty;(4, 1):soup('onion', 3, 8)"
138,0,"(0, -1)","(1, 3)","(-1, 0)",onion,"(3, 1)","(1, 0)",dish,"(4, 1):soup('onion', 3, 8)","(3, 0):empty;(4, 1):soup('onion', 3, 8)",60.0,63.0,3,"(-1, 0)",-0.0020000000000000018,0.0,0.0,-0.0020000000000000018,60.0,63.0,False,"(1, 2)",onion,"(2, 1)",dish,"(4, 1):soup('onion', 3, 9)","(3, 0):empty;(4, 1):soup('onion', 3, 9)"
139,1,"(0, 1)","(1, 2)","(0, -1)",onion,"(2, 1)","(-1, 0)",dish,"(4, 1):soup('onion', 3, 9)","(3, 0):empty;(4, 1):soup('onion', 3, 9)",60.0,63.0,2,"(1, 0)",-0.0020000000000000018,0.0,0.0,-0.0020000000000000018,60.0,63.0,False,"(1, 3)",onion,"(3, 1)",dish,"(4, 1):soup('onion', 3, 10)","(3, 0):empty;(4, 1):soup('onion', 3, 10)"
140,0,"(0, -1)","(1, 3)","(0, 1)",onion,"(3, 1)","(1, 0)",dish,"(4, 1):soup('onion', 3, 10)","(3, 0):empty;(4, 1):soup('onion', 3, 10)",60.0,63.0,5,interact,-0.0020000000000000018,0.0,0.0,-0.0020000000000000018,60.0,63.0,False,"(1, 2)",onion,"(3, 1)",dish,"(4, 1):soup('onion', 3, 11)","(3, 0):empty;(4, 1):soup('onion', 3, 11)"
141,2,"(1, 0)","(1, 2)","(0, -1)",onion,"(3, 1)","(1, 0)",dish,"(4, 1):soup('onion', 3, 11)","(3, 0):empty;(4, 1):soup('onion', 3, 11)",60.0,63.0,5,interact,-0.0020000000000000018,0.0,0.0,-0.0020000000000000018,60.0,63.0,False,"(1, 2)",onion,"(3, 1)",dish,"(4, 1):soup('onion', 3, 12)","(3, 0):empty;(4, 1):soup('onion', 3, 12)"
142,0,"(0, -1)","(1, 2)","(1, 0)",onion,"(3, 1)","(1, 0)",dish,"(4, 1):soup('onion', 3, 12)","(3, 0):empty;(4, 1):soup('onion', 3, 12)",60.0,63.0,5,interact,-0.0020000000000000018,0.0,0.0,-0.0020000000000000018,60.0,63.0,False,"(1, 1)",onion,"(3, 1)",dish,"(4, 1):soup('onion', 3, 13)","(3, 0):empty;(4, 1):soup('onion', 3, 13)"
143,2,"(1, 0)","(1, 1)","(0, -1)",onion,"(3, 1)","(1, 0)",dish,"(4, 1):soup('onion', 3, 13)","(3, 0):empty;(4, 1):soup('onion', 3, 13)",60.0,63.0,5,interact,-0.0020000000000000018,0.0,0.0,-0.0020000000000000018,60.0,63.0,False,"(2, 1)",onion,"(3, 1)",dish,"(4, 1):soup('onion', 3, 14)","(3, 0):empty;(4, 1):soup('onion', 3, 14)"
144,2,"(1, 0)","(2, 1)","(1, 0)",onion,"(3, 1)","(1, 0)",dish,"(4, 1):soup('onion', 3, 14)","(3, 0):empty;(4, 1):soup('onion', 3, 14)",60.0,63.0,5,interact,-0.0020000000000000018,0.0,0.0,-0.0020000000000000018,60.0,63.0,False,"(2, 1)",onion,"(3, 1)",dish,"(4, 1):soup('onion', 3, 15)","(3, 0):empty;(4, 1):soup('onion', 3, 15)"
145,2,"(1, 0)","(2, 1)","(1, 0)",onion,"(3, 1)","(1, 0)",dish,"(4, 1):soup('onion', 3, 15)","(3, 0):empty;(4, 1):soup('onion', 3, 15)",60.0,63.0,5,interact,-0.0020000000000000018,0.0,0.0,-0.0020000000000000018,60.0,63.0,False,"(2, 1)",onion,"(3, 1)",dish,"(4, 1):soup('onion', 3, 16)","(3, 0):empty;(4, 1):soup('onion', 3, 16)"
146,2,"(1, 0)","(2, 1)","(1, 0)",onion,"(3, 1)","(1, 0)",dish,"(4, 1):soup('onion', 3, 16)","(3, 0):empty;(4, 1):soup('onion', 3, 16)",60.0,63.0,5,interact,-0.0020000000000000018,0.0,0.0,-0.0020000000000000018,60.0,63.0,False,"(2, 1)",onion,"(3, 1)",dish,"(4, 1):soup('onion', 3, 17)","(3, 0):empty;(4, 1):soup('onion', 3, 17)"
147,2,"(1, 0)","(2, 1)","(1, 0)",onion,"(3, 1)","(1, 0)",dish,"(4, 1):soup('onion', 3, 17)","(3, 0):empty;(4, 1):soup('onion', 3, 17)",60.0,63.0,5,interact,-0.0020000000000000018,0.0,0.0,-0.0020000000000000018,60.0,63.0,False,"(2, 1)",onion,"(3, 1)",dish,"(4, 1):soup('onion', 3, 18)","(3, 0):empty;(4, 1):soup('onion', 3, 18)"
148,2,"(1, 0)","(2, 1)","(1, 0)",onion,"(3, 1)","(1, 0)",dish,"(4, 1):soup('onion', 3, 18)","(3, 0):empty;(4, 1):soup('onion', 3, 18)",60.0,63.0,5,interact,-0.0020000000000000018,0.0,0.0,-0.0020000000000000018,60.0,63.0,False,"(2, 1)",onion,"(3, 1)",dish,"(4, 1):soup('onion', 3, 19)","(3, 0):empty;(4, 1):soup('onion', 3, 19)"
149,2,"(1, 0)","(2, 1)","(1, 0)",onion,"(3, 1)","(1, 0)",dish,"(4, 1):soup('onion', 3, 19)","(3, 0):empty;(4, 1):soup('onion', 3, 19)",60.0,63.0,5,interact,0.09699999999999998,0.0,0.0,0.09699999999999998,60.0,63.0,False,"(2, 1)",onion,"(3, 1)",dish,"(4, 1):soup('onion', 3, 20)","(3, 0):empty;(4, 1):soup('onion', 3, 20)"
150,2,"(1, 0)","(2, 1)","(1, 0)",onion,"(3, 1)","(1, 0)",dish,"(4, 1):soup('onion', 3, 20)","(3, 0):empty;(4, 1):soup('onion', 3, 20)",60.0,63.0,5,interact,5.0564,0.0,5.0,0.056400000000000006,60.0,68.0,False,"(2, 1)",onion,"(3, 1)","soup('onion', 3, 20)",,"(3, 0):empty;(4, 1):empty"
151,5,interact,"(2, 1)","(1, 0)",onion,"(3, 1)","(1, 0)","soup('onion', 3, 20)",,"(3, 0):empty;(4, 1):empty",60.0,68.0,1,"(0, 1)",0.006300000000000017,0.0,0.0,0.006300000000000017,60.0,68.0,False,"(2, 1)",onion,"(3, 2)","soup('onion', 3, 20)",,"(3, 0):empty;(4, 1):empty"
152,5,interact,"(2, 1)","(1, 0)",onion,"(3, 2)","(0, 1)","soup('onion', 3, 20)",,"(3, 0):empty;(4, 1):empty",60.0,68.0,1,"(0, 1)",0.006199999999999983,0.0,0.0,0.006199999999999983,60.0,68.0,False,"(2, 1)",onion,"(3, 3)","soup('onion', 3, 20)",,"(3, 0):empty;(4, 1):empty"
153,2,"(1, 0)","(2, 1)","(1, 0)",onion,"(3, 3)","(0, 1)","soup('onion', 3, 20)",,"(3, 0):empty;(4, 1):empty",60.0,68.0,3,"(-1, 0)",0.006099999999999994,0.0,0.0,0.006099999999999994,60.0,68.0,False,"(3, 1)",onion,"(2, 3)","soup('onion', 3, 20)",,"(3, 0):empty;(4, 1):empty"
154,5,interact,"(3, 1)","(1, 0)",onion,"(2, 3)","(-1, 0)","soup('onion', 3, 20)",,"(3, 0):empty;(4, 1):empty",60.0,68.0,5,interact,3.0555,0.0,3.0,0.05550000000000002,60.0,71.0,False,"(3, 1)",,"(2, 3)","soup('onion', 3, 20)","(4, 1):soup('onion', 1, 0)","(3, 0):empty;(4, 1):soup('onion', 1, 0)"
155,1,"(0, 1)","(3, 1)","(1, 0)",,"(2, 3)","(-1, 0)","soup('onion', 3, 20)","(4, 1):soup('onion', 1, 0)","(3, 0):empty;(4, 1):soup('onion', 1, 0)",60.0,71.0,1,"(0, 1)",-0.004499999999999993,0.0,0.0,-0.004499999999999993,60.0,71.0,False,"(3, 2)",,"(2, 3)","soup('onion', 3, 20)","(4, 1):soup('onion', 1, 0)","(3, 0):empty;(4, 1):soup('onion', 1, 0)"
156,4,"(0, 0)","(3, 2)","(0, 1)",,"(2, 3)","(0, 1)","soup('onion', 3, 20)","(4, 1):soup('onion', 1, 0)","(3, 0):empty;(4, 1):soup('onion', 1, 0)",60.0,71.0,5,interact,19.6094,20.0,0.0,-0.39060000000000006,80.0,71.0,True,"(3, 2)",,"(2, 3)",,"(4, 1):soup('onion', 1, 0)","(3, 0):empty;(4, 1):soup('onion', 1, 0)"
157,1,"(0, 1)","(3, 2)","(0, 1)",,"(2, 3)","(0, 1)",,"(4, 1):soup('onion', 1, 0)","(3, 0):empty;(4, 1):soup('onion', 1, 0)",80.0,71.0,3,"(-1, 0)",-0.0006000000000000006,0.0,0.0,-0.0006000000000000006,80.0,71.0,False,"(3, 3)",,"(1, 3)",,"(4, 1):soup('onion', 1, 0)","(3, 0):empty;(4, 1):soup('onion', 1, 0)"
158,3,"(-1, 0)","(3, 3)","(0, 1)",,"(1, 3)","(-1, 0)",,"(4, 1):soup('onion', 1, 0)","(3, 0):empty;(4, 1):soup('onion', 1, 0)",80.0,71.0,5,interact,-0.0006000000000000006,0.0,0.0,-0.0006000000000000006,80.0,71.0,False,"(2, 3)",,"(1, 3)",onion,"(4, 1):soup('onion', 1, 0)","(3, 0):empty;(4, 1):soup('onion', 1, 0)"
159,3,"(-1, 0)","(2, 3)","(-1, 0)",,"(1, 3)","(-1, 0)",onion,"(4, 1):soup('onion', 1, 0)","(3, 0):empty;(4, 1):soup('onion', 1, 0)",80.0,71.0,0,"(0, -1)",-0.0006000000000000006,0.0,0.0,-0.0006000000000000006,80.0,71.0,False,"(1, 3)",,"(1, 2)",onion,"(4, 1):soup('onion', 1, 0)","(3, 0):empty;(4, 1):soup('onion', 1, 0)"
160,3,"(-1, 0)","(1, 3)","(-1, 0)",,"(1, 2)","(0, -1)",onion,"(4, 1):soup('onion', 1, 0)","(3, 0):empty;(4, 1):soup('onion', 1, 0)",80.0,71.0,0,"(0, -1)",-0.0006000000000000006,0.0,0.0,-0.0006000000000000006,80.0,71.0,False,"(1, 3)",,"(1, 1)",onion,"(4, 1):soup('onion', 1, 0)","(3, 0):empty;(4, 1):soup('onion', 1, 0)"
161,3,"(-1, 0)","(1, 3)","(-1, 0)",,"(1, 1)","(0, -1)",onion,"(4, 1):soup('onion', 1, 0)","(3, 0):empty;(4, 1):soup('onion', 1, 0)",80.0,71.0,2,"(1, 0)",-0.0006000000000000006,0.0,0.0,-0.0006000000000000006,80.0,71.0,False,"(1, 3)",,"(2, 1)",onion,"(4, 1):soup('onion', 1, 0)","(3, 0):empty;(4, 1):soup('onion', 1, 0)"
162,5,interact,"(1, 3)","(-1, 0)",,"(2, 1)","(1, 0)",onion,"(4, 1):soup('onion', 1, 0)","(3, 0):empty;(4, 1):soup('onion', 1, 0)",80.0,71.0,2,"(1, 0)",-0.0006000000000000006,0.0,0.0,-0.0006000000000000006,80.0,71.0,False,"(1, 3)",onion,"(3, 1)",onion,"(4, 1):soup('onion', 1, 0)","(3, 0):empty;(4, 1):soup('onion', 1, 0)"
163,0,"(0, -1)","(1, 3)","(-1, 0)",onion,"(3, 1)","(1, 0)",onion,"(4, 1):soup('onion', 1, 0)","(3, 0):empty;(4, 1):soup('onion', 1, 0)",80.0,71.0,5,interact,3.0588,0.0,3.0,0.0588,80.0,74.0,False,"(1, 2)",onion,"(3, 1)",,"(4, 1):soup('onion', 2, 0)","(3, 0):empty;(4, 1):soup('onion', 2, 0)"
164,0,"(0, -1)","(1, 2)","(0, -1)",onion,"(3, 1)","(1, 0)",,"(4, 1):soup('onion', 2, 0)","(3, 0):empty;(4, 1):soup('onion', 2, 0)",80.0,74.0,1,"(0, 1)",-0.0012000000000000012,0.0,0.0,-0.0012000000000000012,80.0,74.0,False,"(1, 1)",onion,"(3, 2)",,"(4, 1):soup('onion', 2, 0)","(3, 0):empty;(4, 1):soup('onion', 2, 0)"
165,2,"(1, 0)","(1, 1)","(0, -1)",onion,"(3, 2)","(0, 1)",,"(4, 1):soup('onion', 2, 0)","(3, 0):empty;(4, 1):soup('onion', 2, 0)",80.0,74.0,1,"(0, 1)",-0.0012000000000000012,0.0,0.0,-0.0012000000000000012,80.0,74.0,False,"(2, 1)",onion,"(3, 3)",,"(4, 1):soup('onion', 2, 0)","(3, 0):empty;(4, 1):soup('onion', 2, 0)"
166,2,"(1, 0)","(2, 1)","(1, 0)",onion,"(3, 3)","(0, 1)",,"(4, 1):soup('onion', 2, 0)","(3, 0):empty;(4, 1):soup('onion', 2, 0)",80.0,74.0,3,"(-1, 0)",-0.0012000000000000012,0.0,0.0,-0.0012000000000000012,80.0,74.0,False,"(3, 1)",onion,"(2, 3)",,"(4, 1):soup('onion', 2, 0)","(3, 0):empty;(4, 1):soup('onion', 2, 0)"
167,5,interact,"(3, 1)","(1, 0)",onion,"(2, 3)","(-1, 0)",,"(4, 1):soup('onion', 2, 0)","(3, 0):empty;(4, 1):soup('onion', 2, 0)",80.0,74.0,1,"(0, 1)",3.078,0.0,3.0,0.07800000000000001,80.0,77.0,False,"(3, 1)",,"(2, 3)",,"(4, 1):soup('onion', 3, 1)","(3, 0):empty;(4, 1):soup('onion', 3, 1)"
168,1,"(0, 1)","(3, 1)","(1, 0)",,"(2, 3)","(0, 1)",,"(4, 1):soup('onion', 3, 1)","(3, 0):empty;(4, 1):soup('onion', 3, 1)",80.0,77.0,3,"(-1, 0)",-0.0020000000000000018,0.0,0.0,-0.0020000000000000018,80.0,77.0,False,"(3, 2)",,"(1, 3)",,"(4, 1):soup('onion', 3, 2)","(3, 0):empty;(4, 1):soup('onion', 3, 2)"
169,2,"(1, 0)","(3, 2)","(0, 1)",,"(1, 3)","(-1, 0)",,"(4, 1):soup('onion', 3, 2)","(3, 0):empty;(4, 1):soup('onion', 3, 2)",80.0,77.0,0,"(0, -1)",-0.0020000000000000018,0.0,0.0,-0.0020000000000000018,80.0,77.0,False,"(3, 2)",,"(1, 2)",,"(4, 1):soup('onion', 3, 3)","(3, 0):empty;(4, 1):soup('onion', 3, 3)"
170,1,"(0, 1)","(3, 2)","(1, 0)",,"(1, 2)","(0, -1)",,"(4, 1):soup('onion', 3, 3)","(3, 0):empty;(4, 1):soup('onion', 3, 3)",80.0,77.0,3,"(-1, 0)",-0.0020000000000000018,0.0,0.0,-0.0020000000000000018,80.0,77.0,False,"(3, 3)",,"(1, 2)",,"(4, 1):soup('onion', 3, 4)","(3, 0):empty;(4, 1):soup('onion', 3, 4)"
171,3,"(-1, 0)","(3, 3)","(0, 1)",,"(1, 2)","(-1, 0)",,"(4, 1):soup('onion', 3, 4)","(3, 0):empty;(4, 1):soup('onion', 3, 4)",80.0,77.0,5,interact,2.998,0.0,3.0,-0.0020000000000000018,80.0,80.0,False,"(2, 3)",,"(1, 2)",dish,"(4, 1):soup('onion', 3, 5)","(3, 0):empty;(4, 1):soup('onion', 3, 5)"
172,3,"(-1, 0)","(2, 3)","(-1, 0)",,"(1, 2)","(-1, 0)",dish,"(4, 1):soup('onion', 3, 5)","(3, 0):empty;(4, 1):soup('onion', 3, 5)",80.0,80.0,0,"(0, -1)",-0.0020000000000000018,0.0,0.0,-0.0020000000000000018,80.0,80.0,False,"(1, 3)",,"(1, 1)",dish,"(4, 1):soup('onion', 3, 6)","(3, 0):empty;(4, 1):soup('onion', 3, 6)"
173,5,interact,"(1, 3)","(-1, 0)",,"(1, 1)","(0, -1)",dish,"(4, 1):soup('onion', 3, 6)","(3, 0):empty;(4, 1):soup('onion', 3, 6)",80.0,80.0,2,"(1, 0)",-0.0020000000000000018,0.0,0.0,-0.0020000000000000018,80.0,80.0,False,"(1, 3)",onion,"(2, 1)",dish,"(4, 1):soup('onion', 3, 7)","(3, 0):empty;(4, 1):soup('onion', 3, 7)"
174,4,"(0, 0)","(1, 3)","(-1, 0)",onion,"(2, 1)","(1, 0)",dish,"(4, 1):soup('onion', 3, 7)","(3, 0):empty;(4, 1):soup('onion', 3, 7)",80.0,80.0,2,"(1, 0)",-0.0020000000000000018,0.0,0.0,-0.0020000000000000018,80.0,80.0,False,"(1, 3)",onion,"(3, 1)",dish,"(4, 1):soup('onion', 3, 8)","(3, 0):empty;(4, 1):soup('onion', 3, 8)"
175,0,"(0, -1)","(1, 3)","(-1, 0)",onion,"(3, 1)","(1, 0)",dish,"(4, 1):soup('onion', 3, 8)","(3, 0):empty;(4, 1):soup('onion', 3, 8)",80.0,80.0,3,"(-1, 0)",-0.0020000000000000018,0.0,0.0,-0.0020000000000000018,80.0,80.0,False,"(1, 2)",onion,"(2, 1)",dish,"(4, 1):soup('onion', 3, 9)","(3, 0):empty;(4, 1):soup('onion', 3, 9)"
176,1,"(0, 1)","(1, 2)","(0, -1)",onion,"(2, 1)","(-1, 0)",dish,"(4, 1):soup('onion', 3, 9)","(3, 0):empty;(4, 1):soup('onion', 3, 9)",80.0,80.0,2,"(1, 0)",-0.0020000000000000018,0.0,0.0,-0.0020000000000000018,80.0,80.0,False,"(1, 3)",onion,"(3, 1)",dish,"(4, 1):soup('onion', 3, 10)","(3, 0):empty;(4, 1):soup('onion', 3, 10)"
177,0,"(0, -1)","(1, 3)","(0, 1)",onion,"(3, 1)","(1, 0)",dish,"(4, 1):soup('onion', 3, 10)","(3, 0):empty;(4, 1):soup('onion', 3, 10)",80.0,80.0,5,interact,-0.0020000000000000018,0.0,0.0,-0.0020000000000000018,80.0,80.0,False,"(1, 2)",onion,"(3, 1)",dish,"(4, 1):soup('onion', 3, 11)","(3, 0):empty;(4, 1):soup('onion', 3, 11)"
178,2,"(1, 0)","(1, 2)","(0, -1)",onion,"(3, 1)","(1, 0)",dish,"(4, 1):soup('onion', 3, 11)","(3, 0):empty;(4, 1):soup('onion', 3, 11)",80.0,80.0,5,interact,-0.0020000000000000018,0.0,0.0,-0.0020000000000000018,80.0,80.0,False,"(1, 2)",onion,"(3, 1)",dish,"(4, 1):soup('onion', 3, 12)","(3, 0):empty;(4, 1):soup('onion', 3, 12)"
179,0,"(0, -1)","(1, 2)","(1, 0)",onion,"(3, 1)","(1, 0)",dish,"(4, 1):soup('onion', 3, 12)","(3, 0):empty;(4, 1):soup('onion', 3, 12)",80.0,80.0,5,interact,-0.0020000000000000018,0.0,0.0,-0.0020000000000000018,80.0,80.0,False,"(1, 1)",onion,"(3, 1)",dish,"(4, 1):soup('onion', 3, 13)","(3, 0):empty;(4, 1):soup('onion', 3, 13)"
180,2,"(1, 0)","(1, 1)","(0, -1)",onion,"(3, 1)","(1, 0)",dish,"(4, 1):soup('onion', 3, 13)","(3, 0):empty;(4, 1):soup('onion', 3, 13)",80.0,80.0,5,interact,-0.0020000000000000018,0.0,0.0,-0.0020000000000000018,80.0,80.0,False,"(2, 1)",onion,"(3, 1)",dish,"(4, 1):soup('onion', 3, 14)","(3, 0):empty;(4, 1):soup('onion', 3, 14)"
181,2,"(1, 0)","(2, 1)","(1, 0)",onion,"(3, 1)","(1, 0)",dish,"(4, 1):soup('onion', 3, 14)","(3, 0):empty;(4, 1):soup('onion', 3, 14)",80.0,80.0,5,interact,-0.0020000000000000018,0.0,0.0,-0.0020000000000000018,80.0,80.0,False,"(2, 1)",onion,"(3, 1)",dish,"(4, 1):soup('onion', 3, 15)","(3, 0):empty;(4, 1):soup('onion', 3, 15)"
182,2,"(1, 0)","(2, 1)","(1, 0)",onion,"(3, 1)","(1, 0)",dish,"(4, 1):soup('onion', 3, 15)","(3, 0):empty;(4, 1):soup('onion', 3, 15)",80.0,80.0,5,interact,-0.0020000000000000018,0.0,0.0,-0.0020000000000000018,80.0,80.0,False,"(2, 1)",onion,"(3, 1)",dish,"(4, 1):soup('onion', 3, 16)","(3, 0):empty;(4, 1):soup('onion', 3, 16)"
183,2,"(1, 0)","(2, 1)","(1, 0)",onion,"(3, 1)","(1, 0)",dish,"(4, 1):soup('onion', 3, 16)","(3, 0):empty;(4, 1):soup('onion', 3, 16)",80.0,80.0,5,interact,-0.0020000000000000018,0.0,0.0,-0.0020000000000000018,80.0,80.0,False,"(2, 1)",onion,"(3, 1)",dish,"(4, 1):soup('onion', 3, 17)","(3, 0):empty;(4, 1):soup('onion', 3, 17)"
184,2,"(1, 0)","(2, 1)","(1, 0)",onion,"(3, 1)","(1, 0)",dish,"(4, 1):soup('onion', 3, 17)","(3, 0):empty;(4, 1):soup('onion', 3, 17)",80.0,80.0,5,interact,-0.0020000000000000018,0.0,0.0,-0.0020000000000000018,80.0,80.0,False,"(2, 1)",onion,"(3, 1)",dish,"(4, 1):soup('onion', 3, 18)","(3, 0):empty;(4, 1):soup('onion', 3, 18)"
185,2,"(1, 0)","(2, 1)","(1, 0)",onion,"(3, 1)","(1, 0)",dish,"(4, 1):soup('onion', 3, 18)","(3, 0):empty;(4, 1):soup('onion', 3, 18)",80.0,80.0,5,interact,-0.0020000000000000018,0.0,0.0,-0.0020000000000000018,80.0,80.0,False,"(2, 1)",onion,"(3, 1)",dish,"(4, 1):soup('onion', 3, 19)","(3, 0):empty;(4, 1):soup('onion', 3, 19)"
186,2,"(1, 0)","(2, 1)","(1, 0)",onion,"(3, 1)","(1, 0)",dish,"(4, 1):soup('onion', 3, 19)","(3, 0):empty;(4, 1):soup('onion', 3, 19)",80.0,80.0,5,interact,0.09699999999999998,0.0,0.0,0.09699999999999998,80.0,80.0,False,"(2, 1)",onion,"(3, 1)",dish,"(4, 1):soup('onion', 3, 20)","(3, 0):empty;(4, 1):soup('onion', 3, 20)"
187,2,"(1, 0)","(2, 1)","(1, 0)",onion,"(3, 1)","(1, 0)",dish,"(4, 1):soup('onion', 3, 20)","(3, 0):empty;(4, 1):soup('onion', 3, 20)",80.0,80.0,5,interact,5.0564,0.0,5.0,0.056400000000000006,80.0,85.0,False,"(2, 1)",onion,"(3, 1)","soup('onion', 3, 20)",,"(3, 0):empty;(4, 1):empty"
188,5,interact,"(2, 1)","(1, 0)",onion,"(3, 1)","(1, 0)","soup('onion', 3, 20)",,"(3, 0):empty;(4, 1):empty",80.0,85.0,1,"(0, 1)",0.006300000000000017,0.0,0.0,0.006300000000000017,80.0,85.0,False,"(2, 1)",onion,"(3, 2)","soup('onion', 3, 20)",,"(3, 0):empty;(4, 1):empty"
189,5,interact,"(2, 1)","(1, 0)",onion,"(3, 2)","(0, 1)","soup('onion', 3, 20)",,"(3, 0):empty;(4, 1):empty",80.0,85.0,1,"(0, 1)",0.006199999999999983,0.0,0.0,0.006199999999999983,80.0,85.0,False,"(2, 1)",onion,"(3, 3)","soup('onion', 3, 20)",,"(3, 0):empty;(4, 1):empty"
190,2,"(1, 0)","(2, 1)","(1, 0)",onion,"(3, 3)","(0, 1)","soup('onion', 3, 20)",,"(3, 0):empty;(4, 1):empty",80.0,85.0,3,"(-1, 0)",0.006099999999999994,0.0,0.0,0.006099999999999994,80.0,85.0,False,"(3, 1)",onion,"(2, 3)","soup('onion', 3, 20)",,"(3, 0):empty;(4, 1):empty"
191,5,interact,"(3, 1)","(1, 0)",onion,"(2, 3)","(-1, 0)","soup('onion', 3, 20)",,"(3, 0):empty;(4, 1):empty",80.0,85.0,5,interact,3.0555,0.0,3.0,0.05550000000000002,80.0,88.0,False,"(3, 1)",,"(2, 3)","soup('onion', 3, 20)","(4, 1):soup('onion', 1, 0)","(3, 0):empty;(4, 1):soup('onion', 1, 0)"
192,1,"(0, 1)","(3, 1)","(1, 0)",,"(2, 3)","(-1, 0)","soup('onion', 3, 20)","(4, 1):soup('onion', 1, 0)","(3, 0):empty;(4, 1):soup('onion', 1, 0)",80.0,88.0,1,"(0, 1)",-0.004499999999999993,0.0,0.0,-0.004499999999999993,80.0,88.0,False,"(3, 2)",,"(2, 3)","soup('onion', 3, 20)","(4, 1):soup('onion', 1, 0)","(3, 0):empty;(4, 1):soup('onion', 1, 0)"
193,4,"(0, 0)","(3, 2)","(0, 1)",,"(2, 3)","(0, 1)","soup('onion', 3, 20)","(4, 1):soup('onion', 1, 0)","(3, 0):empty;(4, 1):soup('onion', 1, 0)",80.0,88.0,5,interact,19.6094,20.0,0.0,-0.39060000000000006,100.0,88.0,True,"(3, 2)",,"(2, 3)",,"(4, 1):soup('onion', 1, 0)","(3, 0):empty;(4, 1):soup('onion', 1, 0)"
194,1,"(0, 1)","(3, 2)","(0, 1)",,"(2, 3)","(0, 1)",,"(4, 1):soup('onion', 1, 0)","(3, 0):empty;(4, 1):soup('onion', 1, 0)",100.0,88.0,3,"(-1, 0)",-0.0006000000000000006,0.0,0.0,-0.0006000000000000006,100.0,88.0,False,"(3, 3)",,"(1, 3)",,"(4, 1):soup('onion', 1, 0)","(3, 0):empty;(4, 1):soup('onion', 1, 0)"
195,3,"(-1, 0)","(3, 3)","(0, 1)",,"(1, 3)","(-1, 0)",,"(4, 1):soup('onion', 1, 0)","(3, 0):empty;(4, 1):soup('onion', 1, 0)",100.0,88.0,5,interact,-0.0006000000000000006,0.0,0.0,-0.0006000000000000006,100.0,88.0,False,"(2, 3)",,"(1, 3)",onion,"(4, 1):soup('onion', 1, 0)","(3, 0):empty;(4, 1):soup('onion', 1, 0)"
196,3,"(-1, 0)","(2, 3)","(-1, 0)",,"(1, 3)","(-1, 0)",onion,"(4, 1):soup('onion', 1, 0)","(3, 0):empty;(4, 1):soup('onion', 1, 0)",100.0,88.0,0,"(0, -1)",-0.0006000000000000006,0.0,0.0,-0.0006000000000000006,100.0,88.0,False,"(1, 3)",,"(1, 2)",onion,"(4, 1):soup('onion', 1, 0)","(3, 0):empty;(4, 1):soup('onion', 1, 0)"
197,3,"(-1, 0)","(1, 3)","(-1, 0)",,"(1, 2)","(0, -1)",onion,"(4, 1):soup('onion', 1, 0)","(3, 0):empty;(4, 1):soup('onion', 1, 0)",100.0,88.0,0,"(0, -1)",-0.0006000000000000006,0.0,0.0,-0.0006000000000000006,100.0,88.0,False,"(1, 3)",,"(1, 1)",onion,"(4, 1):soup('onion', 1, 0)","(3, 0):empty;(4, 1):soup('onion', 1, 0)"
198,3,"(-1, 0)","(1, 3)","(-1, 0)",,"(1, 1)","(0, -1)",onion,"(4, 1):soup('onion', 1, 0)","(3, 0):empty;(4, 1):soup('onion', 1, 0)",100.0,88.0,2,"(1, 0)",-0.0006000000000000006,0.0,0.0,-0.0006000000000000006,100.0,88.0,False,"(1, 3)",,"(2, 1)",onion,"(4, 1):soup('onion', 1, 0)","(3, 0):empty;(4, 1):soup('onion', 1, 0)"
199,5,interact,"(1, 3)","(-1, 0)",,"(2, 1)","(1, 0)",onion,"(4, 1):soup('onion', 1, 0)","(3, 0):empty;(4, 1):soup('onion', 1, 0)",100.0,88.0,2,"(1, 0)",-0.0006000000000000006,0.0,0.0,-0.0006000000000000006,100.0,88.0,False,"(1, 3)",onion,"(3, 1)",onion,"(4, 1):soup('onion', 1, 0)","(3, 0):empty;(4, 1):soup('onion', 1, 0)"
200,0,"(0, -1)","(1, 3)","(-1, 0)",onion,"(3, 1)","(1, 0)",onion,"(4, 1):soup('onion', 1, 0)","(3, 0):empty;(4, 1):soup('onion', 1, 0)",100.0,88.0,5,interact,3.0588,0.0,3.0,0.0588,100.0,91.0,False,"(1, 2)",onion,"(3, 1)",,"(4, 1):soup('onion', 2, 0)","(3, 0):empty;(4, 1):soup('onion', 2, 0)"
201,0,"(0, -1)","(1, 2)","(0, -1)",onion,"(3, 1)","(1, 0)",,"(4, 1):soup('onion', 2, 0)","(3, 0):empty;(4, 1):soup('onion', 2, 0)",100.0,91.0,1,"(0, 1)",-0.0012000000000000012,0.0,0.0,-0.0012000000000000012,100.0,91.0,False,"(1, 1)",onion,"(3, 2)",,"(4, 1):soup('onion', 2, 0)","(3, 0):empty;(4, 1):soup('onion', 2, 0)"
202,2,"(1, 0)","(1, 1)","(0, -1)",onion,"(3, 2)","(0, 1)",,"(4, 1):soup('onion', 2, 0)","(3, 0):empty;(4, 1):soup('onion', 2, 0)",100.0,91.0,1,"(0, 1)",-0.0012000000000000012,0.0,0.0,-0.0012000000000000012,100.0,91.0,False,"(2, 1)",onion,"(3, 3)",,"(4, 1):soup('onion', 2, 0)","(3, 0):empty;(4, 1):soup('onion', 2, 0)"
203,2,"(1, 0)","(2, 1)","(1, 0)",onion,"(3, 3)","(0, 1)",,"(4, 1):soup('onion', 2, 0)","(3, 0):empty;(4, 1):soup('onion', 2, 0)",100.0,91.0,3,"(-1, 0)",-0.0012000000000000012,0.0,0.0,-0.0012000000000000012,100.0,91.0,False,"(3, 1)",onion,"(2, 3)",,"(4, 1):soup('onion', 2, 0)","(3, 0):empty;(4, 1):soup('onion', 2, 0)"
204,5,interact,"(3, 1)","(1, 0)",onion,"(2, 3)","(-1, 0)",,"(4, 1):soup('onion', 2, 0)","(3, 0):empty;(4, 1):soup('onion', 2, 0)",100.0,91.0,1,"(0, 1)",3.078,0.0,3.0,0.07800000000000001,100.0,94.0,False,"(3, 1)",,"(2, 3)",,"(4, 1):soup('onion', 3, 1)","(3, 0):empty;(4, 1):soup('onion', 3, 1)"
205,1,"(0, 1)","(3, 1)","(1, 0)",,"(2, 3)","(0, 1)",,"(4, 1):soup('onion', 3, 1)","(3, 0):empty;(4, 1):soup('onion', 3, 1)",100.0,94.0,3,"(-1, 0)",-0.0020000000000000018,0.0,0.0,-0.0020000000000000018,100.0,94.0,False,"(3, 2)",,"(1, 3)",,"(4, 1):soup('onion', 3, 2)","(3, 0):empty;(4, 1):soup('onion', 3, 2)"
206,2,"(1, 0)","(3, 2)","(0, 1)",,"(1, 3)","(-1, 0)",,"(4, 1):soup('onion', 3, 2)","(3, 0):empty;(4, 1):soup('onion', 3, 2)",100.0,94.0,0,"(0, -1)",-0.0020000000000000018,0.0,0.0,-0.0020000000000000018,100.0,94.0,False,"(3, 2)",,"(1, 2)",,"(4, 1):soup('onion', 3, 3)","(3, 0):empty;(4, 1):soup('onion', 3, 3)"
207,1,"(0, 1)","(3, 2)","(1, 0)",,"(1, 2)","(0, -1)",,"(4, 1):soup('onion', 3, 3)","(3, 0):empty;(4, 1):soup('onion', 3, 3)",100.0,94.0,3,"(-1, 0)",-0.0020000000000000018,0.0,0.0,-0.0020000000000000018,100.0,94.0,False,"(3, 3)",,"(1, 2)",,"(4, 1):soup('onion', 3, 4)","(3, 0):empty;(4, 1):soup('onion', 3, 4)"
208,3,"(-1, 0)","(3, 3)","(0, 1)",,"(1, 2)","(-1, 0)",,"(4, 1):soup('onion', 3, 4)","(3, 0):empty;(4, 1):soup('onion', 3, 4)",100.0,94.0,5,interact,2.998,0.0,3.0,-0.0020000000000000018,100.0,97.0,False,"(2, 3)",,"(1, 2)",dish,"(4, 1):soup('onion', 3, 5)","(3, 0):empty;(4, 1):soup('onion', 3, 5)"
209,3,"(-1, 0)","(2, 3)","(-1, 0)",,"(1, 2)","(-1, 0)",dish,"(4, 1):soup('onion', 3, 5)","(3, 0):empty;(4, 1):soup('onion', 3, 5)",100.0,97.0,0,"(0, -1)",-0.0020000000000000018,0.0,0.0,-0.0020000000000000018,100.0,97.0,False,"(1, 3)",,"(1, 1)",dish,"(4, 1):soup('onion', 3, 6)","(3, 0):empty;(4, 1):soup('onion', 3, 6)"
210,5,interact,"(1, 3)","(-1, 0)",,"(1, 1)","(0, -1)",dish,"(4, 1):soup('onion', 3, 6)","(3, 0):empty;(4, 1):soup('onion', 3, 6)",100.0,97.0,2,"(1, 0)",-0.0020000000000000018,0.0,0.0,-0.0020000000000000018,100.0,97.0,False,"(1, 3)",onion,"(2, 1)",dish,"(4, 1):soup('onion', 3, 7)","(3, 0):empty;(4, 1):soup('onion', 3, 7)"
211,4,"(0, 0)","(1, 3)","(-1, 0)",onion,"(2, 1)","(1, 0)",dish,"(4, 1):soup('onion', 3, 7)","(3, 0):empty;(4, 1):soup('onion', 3, 7)",100.0,97.0,2,"(1, 0)",-0.0020000000000000018,0.0,0.0,-0.0020000000000000018,100.0,97.0,False,"(1, 3)",onion,"(3, 1)",dish,"(4, 1):soup('onion', 3, 8)","(3, 0):empty;(4, 1):soup('onion', 3, 8)"
212,0,"(0, -1)","(1, 3)","(-1, 0)",onion,"(3, 1)","(1, 0)",dish,"(4, 1):soup('onion', 3, 8)","(3, 0):empty;(4, 1):soup('onion', 3, 8)",100.0,97.0,3,"(-1, 0)",-0.0020000000000000018,0.0,0.0,-0.0020000000000000018,100.0,97.0,False,"(1, 2)",onion,"(2, 1)",dish,"(4, 1):soup('onion', 3, 9)","(3, 0):empty;(4, 1):soup('onion', 3, 9)"
213,1,"(0, 1)","(1, 2)","(0, -1)",onion,"(2, 1)","(-1, 0)",dish,"(4, 1):soup('onion', 3, 9)","(3, 0):empty;(4, 1):soup('onion', 3, 9)",100.0,97.0,2,"(1, 0)",-0.0020000000000000018,0.0,0.0,-0.0020000000000000018,100.0,97.0,False,"(1, 3)",onion,"(3, 1)",dish,"(4, 1):soup('onion', 3, 10)","(3, 0):empty;(4, 1):soup('onion', 3, 10)"
214,0,"(0, -1)","(1, 3)","(0, 1)",onion,"(3, 1)","(1, 0)",dish,"(4, 1):soup('onion', 3, 10)","(3, 0):empty;(4, 1):soup('onion', 3, 10)",100.0,97.0,5,interact,-0.0020000000000000018,0.0,0.0,-0.0020000000000000018,100.0,97.0,False,"(1, 2)",onion,"(3, 1)",dish,"(4, 1):soup('onion', 3, 11)","(3, 0):empty;(4, 1):soup('onion', 3, 11)"
215,2,"(1, 0)","(1, 2)","(0, -1)",onion,"(3, 1)","(1, 0)",dish,"(4, 1):soup('onion', 3, 11)","(3, 0):empty;(4, 1):soup('onion', 3, 11)",100.0,97.0,5,interact,-0.0020000000000000018,0.0,0.0,-0.0020000000000000018,100.0,97.0,False,"(1, 2)",onion,"(3, 1)",dish,"(4, 1):soup('onion', 3, 12)","(3, 0):empty;(4, 1):soup('onion', 3, 12)"
216,0,"(0, -1)","(1, 2)","(1, 0)",onion,"(3, 1)","(1, 0)",dish,"(4, 1):soup('onion', 3, 12)","(3, 0):empty;(4, 1):soup('onion', 3, 12)",100.0,97.0,5,interact,-0.0020000000000000018,0.0,0.0,-0.0020000000000000018,100.0,97.0,False,"(1, 1)",onion,"(3, 1)",dish,"(4, 1):soup('onion', 3, 13)","(3, 0):empty;(4, 1):soup('onion', 3, 13)"
217,2,"(1, 0)","(1, 1)","(0, -1)",onion,"(3, 1)","(1, 0)",dish,"(4, 1):soup('onion', 3, 13)","(3, 0):empty;(4, 1):soup('onion', 3, 13)",100.0,97.0,5,interact,-0.0020000000000000018,0.0,0.0,-0.0020000000000000018,100.0,97.0,False,"(2, 1)",onion,"(3, 1)",dish,"(4, 1):soup('onion', 3, 14)","(3, 0):empty;(4, 1):soup('onion', 3, 14)"
218,2,"(1, 0)","(2, 1)","(1, 0)",onion,"(3, 1)","(1, 0)",dish,"(4, 1):soup('onion', 3, 14)","(3, 0):empty;(4, 1):soup('onion', 3, 14)",100.0,97.0,5,interact,-0.0020000000000000018,0.0,0.0,-0.0020000000000000018,100.0,97.0,False,"(2, 1)",onion,"(3, 1)",dish,"(4, 1):soup('onion', 3, 15)","(3, 0):empty;(4, 1):soup('onion', 3, 15)"
219,2,"(1, 0)","(2, 1)","(1, 0)",onion,"(3, 1)","(1, 0)",dish,"(4, 1):soup('onion', 3, 15)","(3, 0):empty;(4, 1):soup('onion', 3, 15)",100.0,97.0,5,interact,-0.0020000000000000018,0.0,0.0,-0.0020000000000000018,100.0,97.0,False,"(2, 1)",onion,"(3, 1)",dish,"(4, 1):soup('onion', 3, 16)","(3, 0):empty;(4, 1):soup('onion', 3, 16)"
220,2,"(1, 0)","(2, 1)","(1, 0)",onion,"(3, 1)","(1, 0)",dish,"(4, 1):soup('onion', 3, 16)","(3, 0):empty;(4, 1):soup('onion', 3, 16)",100.0,97.0,5,interact,-0.0020000000000000018,0.0,0.0,-0.0020000000000000018,100.0,97.0,False,"(2, 1)",onion,"(3, 1)",dish,"(4, 1):soup('onion', 3, 17)","(3, 0):empty;(4, 1):soup('onion', 3, 17)"
221,2,"(1, 0)","(2, 1)","(1, 0)",onion,"(3, 1)","(1, 0)",dish,"(4, 1):soup('onion', 3, 17)","(3, 0):empty;(4, 1):soup('onion', 3, 17)",100.0,97.0,5,interact,-0.0020000000000000018,0.0,0.0,-0.0020000000000000018,100.0,97.0,False,"(2, 1)",onion,"(3, 1)",dish,"(4, 1):soup('onion', 3, 18)","(3, 0):empty;(4, 1):soup('onion', 3, 18)"
222,2,"(1, 0)","(2, 1)","(1, 0)",onion,"(3, 1)","(1, 0)",dish,"(4, 1):soup('onion', 3, 18)","(3, 0):empty;(4, 1):soup('onion', 3, 18)",100.0,97.0,5,interact,-0.0020000000000000018,0.0,0.0,-0.0020000000000000018,100.0,97.0,False,"(2, 1)",onion,"(3, 1)",dish,"(4, 1):soup('onion', 3, 19)","(3, 0):empty;(4, 1):soup('onion', 3, 19)"
223,2,"(1, 0)","(2, 1)","(1, 0)",onion,"(3, 1)","(1, 0)",dish,"(4, 1):soup('onion', 3, 19)","(3, 0):empty;(4, 1):soup('onion', 3, 19)",100.0,97.0,5,interact,0.09699999999999998,0.0,0.0,0.09699999999999998,100.0,97.0,False,"(2, 1)",onion,"(3, 1)",dish,"(4, 1):soup('onion', 3, 20)","(3, 0):empty;(4, 1):soup('onion', 3, 20)"
224,2,"(1, 0)","(2, 1)","(1, 0)",onion,"(3, 1)","(1, 0)",dish,"(4, 1):soup('onion', 3, 20)","(3, 0):empty;(4, 1):soup('onion', 3, 20)",100.0,97.0,5,interact,5.0564,0.0,5.0,0.056400000000000006,100.0,102.0,False,"(2, 1)",onion,"(3, 1)","soup('onion', 3, 20)",,"(3, 0):empty;(4, 1):empty"
225,5,interact,"(2, 1)","(1, 0)",onion,"(3, 1)","(1, 0)","soup('onion', 3, 20)",,"(3, 0):empty;(4, 1):empty",100.0,102.0,1,"(0, 1)",0.006300000000000017,0.0,0.0,0.006300000000000017,100.0,102.0,False,"(2, 1)",onion,"(3, 2)","soup('onion', 3, 20)",,"(3, 0):empty;(4, 1):empty"
226,5,interact,"(2, 1)","(1, 0)",onion,"(3, 2)","(0, 1)","soup('onion', 3, 20)",,"(3, 0):empty;(4, 1):empty",100.0,102.0,1,"(0, 1)",0.006199999999999983,0.0,0.0,0.006199999999999983,100.0,102.0,False,"(2, 1)",onion,"(3, 3)","soup('onion', 3, 20)",,"(3, 0):empty;(4, 1):empty"
227,2,"(1, 0)","(2, 1)","(1, 0)",onion,"(3, 3)","(0, 1)","soup('onion', 3, 20)",,"(3, 0):empty;(4, 1):empty",100.0,102.0,3,"(-1, 0)",0.006099999999999994,0.0,0.0,0.006099999999999994,100.0,102.0,False,"(3, 1)",onion,"(2, 3)","soup('onion', 3, 20)",,"(3, 0):empty;(4, 1):empty"
228,5,interact,"(3, 1)","(1, 0)",onion,"(2, 3)","(-1, 0)","soup('onion', 3, 20)",,"(3, 0):empty;(4, 1):empty",100.0,102.0,5,interact,3.0555,0.0,3.0,0.05550000000000002,100.0,105.0,False,"(3, 1)",,"(2, 3)","soup('onion', 3, 20)","(4, 1):soup('onion', 1, 0)","(3, 0):empty;(4, 1):soup('onion', 1, 0)"
229,1,"(0, 1)","(3, 1)","(1, 0)",,"(2, 3)","(-1, 0)","soup('onion', 3, 20)","(4, 1):soup('onion', 1, 0)","(3, 0):empty;(4, 1):soup('onion', 1, 0)",100.0,105.0,1,"(0, 1)",-0.004499999999999993,0.0,0.0,-0.004499999999999993,100.0,105.0,False,"(3, 2)",,"(2, 3)","soup('onion', 3, 20)","(4, 1):soup('onion', 1, 0)","(3, 0):empty;(4, 1):soup('onion', 1, 0)"
230,4,"(0, 0)","(3, 2)","(0, 1)",,"(2, 3)","(0, 1)","soup('onion', 3, 20)","(4, 1):soup('onion', 1, 0)","(3, 0):empty;(4, 1):soup('onion', 1, 0)",100.0,105.0,5,interact,19.6094,20.0,0.0,-0.39060000000000006,120.0,105.0,True,"(3, 2)",,"(2, 3)",,"(4, 1):soup('onion', 1, 0)","(3, 0):empty;(4, 1):soup('onion', 1, 0)"
231,1,"(0, 1)","(3, 2)","(0, 1)",,"(2, 3)","(0, 1)",,"(4, 1):soup('onion', 1, 0)","(3, 0):empty;(4, 1):soup('onion', 1, 0)",120.0,105.0,3,"(-1, 0)",-0.0006000000000000006,0.0,0.0,-0.0006000000000000006,120.0,105.0,False,"(3, 3)",,"(1, 3)",,"(4, 1):soup('onion', 1, 0)","(3, 0):empty;(4, 1):soup('onion', 1, 0)"
232,3,"(-1, 0)","(3, 3)","(0, 1)",,"(1, 3)","(-1, 0)",,"(4, 1):soup('onion', 1, 0)","(3, 0):empty;(4, 1):soup('onion', 1, 0)",120.0,105.0,5,interact,-0.0006000000000000006,0.0,0.0,-0.0006000000000000006,120.0,105.0,False,"(2, 3)",,"(1, 3)",onion,"(4, 1):soup('onion', 1, 0)","(3, 0):empty;(4, 1):soup('onion', 1, 0)"
233,3,"(-1, 0)","(2, 3)","(-1, 0)",,"(1, 3)","(-1, 0)",onion,"(4, 1):soup('onion', 1, 0)","(3, 0):empty;(4, 1):soup('onion', 1, 0)",120.0,105.0,0,"(0, -1)",-0.0006000000000000006,0.0,0.0,-0.0006000000000000006,120.0,105.0,False,"(1, 3)",,"(1, 2)",onion,"(4, 1):soup('onion', 1, 0)","(3, 0):empty;(4, 1):soup('onion', 1, 0)"
234,3,"(-1, 0)","(1, 3)","(-1, 0)",,"(1, 2)","(0, -1)",onion,"(4, 1):soup('onion', 1, 0)","(3, 0):empty;(4, 1):soup('onion', 1, 0)",120.0,105.0,0,"(0, -1)",-0.0006000000000000006,0.0,0.0,-0.0006000000000000006,120.0,105.0,False,"(1, 3)",,"(1, 1)",onion,"(4, 1):soup('onion', 1, 0)","(3, 0):empty;(4, 1):soup('onion', 1, 0)"
235,3,"(-1, 0)","(1, 3)","(-1, 0)",,"(1, 1)","(0, -1)",onion,"(4, 1):soup('onion', 1, 0)","(3, 0):empty;(4, 1):soup('onion', 1, 0)",120.0,105.0,2,"(1, 0)",-0.0006000000000000006,0.0,0.0,-0.0006000000000000006,120.0,105.0,False,"(1, 3)",,"(2, 1)",onion,"(4, 1):soup('onion', 1, 0)","(3, 0):empty;(4, 1):soup('onion', 1, 0)"
236,5,interact,"(1, 3)","(-1, 0)",,"(2, 1)","(1, 0)",onion,"(4, 1):soup('onion', 1, 0)","(3, 0):empty;(4, 1):soup('onion', 1, 0)",120.0,105.0,2,"(1, 0)",-0.0006000000000000006,0.0,0.0,-0.0006000000000000006,120.0,105.0,False,"(1, 3)",onion,"(3, 1)",onion,"(4, 1):soup('onion', 1, 0)","(3, 0):empty;(4, 1):soup('onion', 1, 0)"
237,0,"(0, -1)","(1, 3)","(-1, 0)",onion,"(3, 1)","(1, 0)",onion,"(4, 1):soup('onion', 1, 0)","(3, 0):empty;(4, 1):soup('onion', 1, 0)",120.0,105.0,5,interact,3.0588,0.0,3.0,0.0588,120.0,108.0,False,"(1, 2)",onion,"(3, 1)",,"(4, 1):soup('onion', 2, 0)","(3, 0):empty;(4, 1):soup('onion', 2, 0)"
238,0,"(0, -1)","(1, 2)","(0, -1)",onion,"(3, 1)","(1, 0)",,"(4, 1):soup('onion', 2, 0)","(3, 0):empty;(4, 1):soup('onion', 2, 0)",120.0,108.0,1,"(0, 1)",-0.0012000000000000012,0.0,0.0,-0.0012000000000000012,120.0,108.0,False,"(1, 1)",onion,"(3, 2)",,"(4, 1):soup('onion', 2, 0)","(3, 0):empty;(4, 1):soup('onion', 2, 0)"
239,2,"(1, 0)","(1, 1)","(0, -1)",onion,"(3, 2)","(0, 1)",,"(4, 1):soup('onion', 2, 0)","(3, 0):empty;(4, 1):soup('onion', 2, 0)",120.0,108.0,1,"(0, 1)",-0.0012000000000000012,0.0,0.0,-0.0012000000000000012,120.0,108.0,False,"(2, 1)",onion,"(3, 3)",,"(4, 1):soup('onion', 2, 0)","(3, 0):empty;(4, 1):soup('onion', 2, 0)"
240,2,"(1, 0)","(2, 1)","(1, 0)",onion,"(3, 3)","(0, 1)",,"(4, 1):soup('onion', 2, 0)","(3, 0):empty;(4, 1):soup('onion', 2, 0)",120.0,108.0,3,"(-1, 0)",-0.0012000000000000012,0.0,0.0,-0.0012000000000000012,120.0,108.0,False,"(3, 1)",onion,"(2, 3)",,"(4, 1):soup('onion', 2, 0)","(3, 0):empty;(4, 1):soup('onion', 2, 0)"
241,5,interact,"(3, 1)","(1, 0)",onion,"(2, 3)","(-1, 0)",,"(4, 1):soup('onion', 2, 0)","(3, 0):empty;(4, 1):soup('onion', 2, 0)",120.0,108.0,1,"(0, 1)",3.078,0.0,3.0,0.07800000000000001,120.0,111.0,False,"(3, 1)",,"(2, 3)",,"(4, 1):soup('onion', 3, 1)","(3, 0):empty;(4, 1):soup('onion', 3, 1)"
242,1,"(0, 1)","(3, 1)","(1, 0)",,"(2, 3)","(0, 1)",,"(4, 1):soup('onion', 3, 1)","(3, 0):empty;(4, 1):soup('onion', 3, 1)",120.0,111.0,3,"(-1, 0)",-0.0020000000000000018,0.0,0.0,-0.0020000000000000018,120.0,111.0,False,"(3, 2)",,"(1, 3)",,"(4, 1):soup('onion', 3, 2)","(3, 0):empty;(4, 1):soup('onion', 3, 2)"
243,2,"(1, 0)","(3, 2)","(0, 1)",,"(1, 3)","(-1, 0)",,"(4, 1):soup('onion', 3, 2)","(3, 0):empty;(4, 1):soup('onion', 3, 2)",120.0,111.0,0,"(0, -1)",-0.0020000000000000018,0.0,0.0,-0.0020000000000000018,120.0,111.0,False,"(3, 2)",,"(1, 2)",,"(4, 1):soup('onion', 3, 3)","(3, 0):empty;(4, 1):soup('onion', 3, 3)"
244,1,"(0, 1)","(3, 2)","(1, 0)",,"(1, 2)","(0, -1)",,"(4, 1):soup('onion', 3, 3)","(3, 0):empty;(4, 1):soup('onion', 3, 3)",120.0,111.0,3,"(-1, 0)",-0.0020000000000000018,0.0,0.0,-0.0020000000000000018,120.0,111.0,False,"(3, 3)",,"(1, 2)",,"(4, 1):soup('onion', 3, 4)","(3, 0):empty;(4, 1):soup('onion', 3, 4)"
245,3,"(-1, 0)","(3, 3)","(0, 1)",,"(1, 2)","(-1, 0)",,"(4, 1):soup('onion', 3, 4)","(3, 0):empty;(4, 1):soup('onion', 3, 4)",120.0,111.0,5,interact,2.998,0.0,3.0,-0.0020000000000000018,120.0,114.0,False,"(2, 3)",,"(1, 2)",dish,"(4, 1):soup('onion', 3, 5)","(3, 0):empty;(4, 1):soup('onion', 3, 5)"
246,3,"(-1, 0)","(2, 3)","(-1, 0)",,"(1, 2)","(-1, 0)",dish,"(4, 1):soup('onion', 3, 5)","(3, 0):empty;(4, 1):soup('onion', 3, 5)",120.0,114.0,0,"(0, -1)",-0.0020000000000000018,0.0,0.0,-0.0020000000000000018,120.0,114.0,False,"(1, 3)",,"(1, 1)",dish,"(4, 1):soup('onion', 3, 6)","(3, 0):empty;(4, 1):soup('onion', 3, 6)"
247,5,interact,"(1, 3)","(-1, 0)",,"(1, 1)","(0, -1)",dish,"(4, 1):soup('onion', 3, 6)","(3, 0):empty;(4, 1):soup('onion', 3, 6)",120.0,114.0,2,"(1, 0)",-0.0020000000000000018,0.0,0.0,-0.0020000000000000018,120.0,114.0,False,"(1, 3)",onion,"(2, 1)",dish,"(4, 1):soup('onion', 3, 7)","(3, 0):empty;(4, 1):soup('onion', 3, 7)"
248,4,"(0, 0)","(1, 3)","(-1, 0)",onion,"(2, 1)","(1, 0)",dish,"(4, 1):soup('onion', 3, 7)","(3, 0):empty;(4, 1):soup('onion', 3, 7)",120.0,114.0,2,"(1, 0)",-0.0020000000000000018,0.0,0.0,-0.0020000000000000018,120.0,114.0,False,"(1, 3)",onion,"(3, 1)",dish,"(4, 1):soup('onion', 3, 8)","(3, 0):empty;(4, 1):soup('onion', 3, 8)"
249,0,"(0, -1)","(1, 3)","(-1, 0)",onion,"(3, 1)","(1, 0)",dish,"(4, 1):soup('onion', 3, 8)","(3, 0):empty;(4, 1):soup('onion', 3, 8)",120.0,114.0,3,"(-1, 0)",-0.0020000000000000018,0.0,0.0,-0.0020000000000000018,120.0,114.0,False,"(1, 2)",onion,"(2, 1)",dish,"(4, 1):soup('onion', 3, 9)","(3, 0):empty;(4, 1):soup('onion', 3, 9)"
250,1,"(0, 1)","(1, 2)","(0, -1)",onion,"(2, 1)","(-1, 0)",dish,"(4, 1):soup('onion', 3, 9)","(3, 0):empty;(4, 1):soup('onion', 3, 9)",120.0,114.0,2,"(1, 0)",-0.0020000000000000018,0.0,0.0,-0.0020000000000000018,120.0,114.0,False,"(1, 3)",onion,"(3, 1)",dish,"(4, 1):soup('onion', 3, 10)","(3, 0):empty;(4, 1):soup('onion', 3, 10)"
251,0,"(0, -1)","(1, 3)","(0, 1)",onion,"(3, 1)","(1, 0)",dish,"(4, 1):soup('onion', 3, 10)","(3, 0):empty;(4, 1):soup('onion', 3, 10)",120.0,114.0,5,interact,-0.0020000000000000018,0.0,0.0,-0.0020000000000000018,120.0,114.0,False,"(1, 2)",onion,"(3, 1)",dish,"(4, 1):soup('onion', 3, 11)","(3, 0):empty;(4, 1):soup('onion', 3, 11)"
252,2,"(1, 0)","(1, 2)","(0, -1)",onion,"(3, 1)","(1, 0)",dish,"(4, 1):soup('onion', 3, 11)","(3, 0):empty;(4, 1):soup('onion', 3, 11)",120.0,114.0,5,interact,-0.0020000000000000018,0.0,0.0,-0.0020000000000000018,120.0,114.0,False,"(1, 2)",onion,"(3, 1)",dish,"(4, 1):soup('onion', 3, 12)","(3, 0):empty;(4, 1):soup('onion', 3, 12)"
253,0,"(0, -1)","(1, 2)","(1, 0)",onion,"(3, 1)","(1, 0)",dish,"(4, 1):soup('onion', 3, 12)","(3, 0):empty;(4, 1):soup('onion', 3, 12)",120.0,114.0,5,interact,-0.0020000000000000018,0.0,0.0,-0.0020000000000000018,120.0,114.0,False,"(1, 1)",onion,"(3, 1)",dish,"(4, 1):soup('onion', 3, 13)","(3, 0):empty;(4, 1):soup('onion', 3, 13)"
254,2,"(1, 0)","(1, 1)","(0, -1)",onion,"(3, 1)","(1, 0)",dish,"(4, 1):soup('onion', 3, 13)","(3, 0):empty;(4, 1):soup('onion', 3, 13)",120.0,114.0,5,interact,-0.0020000000000000018,0.0,0.0,-0.0020000000000000018,120.0,114.0,False,"(2, 1)",onion,"(3, 1)",dish,"(4, 1):soup('onion', 3, 14)","(3, 0):empty;(4, 1):soup('onion', 3, 14)"
255,2,"(1, 0)","(2, 1)","(1, 0)",onion,"(3, 1)","(1, 0)",dish,"(4, 1):soup('onion', 3, 14)","(3, 0):empty;(4, 1):soup('onion', 3, 14)",120.0,114.0,5,interact,-0.0020000000000000018,0.0,0.0,-0.0020000000000000018,120.0,114.0,False,"(2, 1)",onion,"(3, 1)",dish,"(4, 1):soup('onion', 3, 15)","(3, 0):empty;(4, 1):soup('onion', 3, 15)"
256,2,"(1, 0)","(2, 1)","(1, 0)",onion,"(3, 1)","(1, 0)",dish,"(4, 1):soup('onion', 3, 15)","(3, 0):empty;(4, 1):soup('onion', 3, 15)",120.0,114.0,5,interact,-0.0020000000000000018,0.0,0.0,-0.0020000000000000018,120.0,114.0,False,"(2, 1)",onion,"(3, 1)",dish,"(4, 1):soup('onion', 3, 16)","(3, 0):empty;(4, 1):soup('onion', 3, 16)"
257,2,"(1, 0)","(2, 1)","(1, 0)",onion,"(3, 1)","(1, 0)",dish,"(4, 1):soup('onion', 3, 16)","(3, 0):empty;(4, 1):soup('onion', 3, 16)",120.0,114.0,5,interact,-0.0020000000000000018,0.0,0.0,-0.0020000000000000018,120.0,114.0,False,"(2, 1)",onion,"(3, 1)",dish,"(4, 1):soup('onion', 3, 17)","(3, 0):empty;(4, 1):soup('onion', 3, 17)"
258,2,"(1, 0)","(2, 1)","(1, 0)",onion,"(3, 1)","(1, 0)",dish,"(4, 1):soup('onion', 3, 17)","(3, 0):empty;(4, 1):soup('onion', 3, 17)",120.0,114.0,5,interact,-0.0020000000000000018,0.0,0.0,-0.0020000000000000018,120.0,114.0,False,"(2, 1)",onion,"(3, 1)",dish,"(4, 1):soup('onion', 3, 18)","(3, 0):empty;(4, 1):soup('onion', 3, 18)"
259,2,"(1, 0)","(2, 1)","(1, 0)",onion,"(3, 1)","(1, 0)",dish,"(4, 1):soup('onion', 3, 18)","(3, 0):empty;(4, 1):soup('onion', 3, 18)",120.0,114.0,5,interact,-0.0020000000000000018,0.0,0.0,-0.0020000000000000018,120.0,114.0,False,"(2, 1)",onion,"(3, 1)",dish,"(4, 1):soup('onion', 3, 19)","(3, 0):empty;(4, 1):soup('onion', 3, 19)"
260,2,"(1, 0)","(2, 1)","(1, 0)",onion,"(3, 1)","(1, 0)",dish,"(4, 1):soup('onion', 3, 19)","(3, 0):empty;(4, 1):soup('onion', 3, 19)",120.0,114.0,5,interact,0.09699999999999998,0.0,0.0,0.09699999999999998,120.0,114.0,False,"(2, 1)",onion,"(3, 1)",dish,"(4, 1):soup('onion', 3, 20)","(3, 0):empty;(4, 1):soup('onion', 3, 20)"
261,2,"(1, 0)","(2, 1)","(1, 0)",onion,"(3, 1)","(1, 0)",dish,"(4, 1):soup('onion', 3, 20)","(3, 0):empty;(4, 1):soup('onion', 3, 20)",120.0,114.0,5,interact,5.0564,0.0,5.0,0.056400000000000006,120.0,119.0,False,"(2, 1)",onion,"(3, 1)","soup('onion', 3, 20)",,"(3, 0):empty;(4, 1):empty"
262,5,interact,"(2, 1)","(1, 0)",onion,"(3, 1)","(1, 0)","soup('onion', 3, 20)",,"(3, 0):empty;(4, 1):empty",120.0,119.0,1,"(0, 1)",0.006300000000000017,0.0,0.0,0.006300000000000017,120.0,119.0,False,"(2, 1)",onion,"(3, 2)","soup('onion', 3, 20)",,"(3, 0):empty;(4, 1):empty"
263,5,interact,"(2, 1)","(1, 0)",onion,"(3, 2)","(0, 1)","soup('onion', 3, 20)",,"(3, 0):empty;(4, 1):empty",120.0,119.0,1,"(0, 1)",0.006199999999999983,0.0,0.0,0.006199999999999983,120.0,119.0,False,"(2, 1)",onion,"(3, 3)","soup('onion', 3, 20)",,"(3, 0):empty;(4, 1):empty"
264,2,"(1, 0)","(2, 1)","(1, 0)",onion,"(3, 3)","(0, 1)","soup('onion', 3, 20)",,"(3, 0):empty;(4, 1):empty",120.0,119.0,3,"(-1, 0)",0.006099999999999994,0.0,0.0,0.006099999999999994,120.0,119.0,False,"(3, 1)",onion,"(2, 3)","soup('onion', 3, 20)",,"(3, 0):empty;(4, 1):empty"
265,5,interact,"(3, 1)","(1, 0)",onion,"(2, 3)","(-1, 0)","soup('onion', 3, 20)",,"(3, 0):empty;(4, 1):empty",120.0,119.0,5,interact,3.0555,0.0,3.0,0.05550000000000002,120.0,122.0,False,"(3, 1)",,"(2, 3)","soup('onion', 3, 20)","(4, 1):soup('onion', 1, 0)","(3, 0):empty;(4, 1):soup('onion', 1, 0)"
266,1,"(0, 1)","(3, 1)","(1, 0)",,"(2, 3)","(-1, 0)","soup('onion', 3, 20)","(4, 1):soup('onion', 1, 0)","(3, 0):empty;(4, 1):soup('onion', 1, 0)",120.0,122.0,1,"(0, 1)",-0.004499999999999993,0.0,0.0,-0.004499999999999993,120.0,122.0,False,"(3, 2)",,"(2, 3)","soup('onion', 3, 20)","(4, 1):soup('onion', 1, 0)","(3, 0):empty;(4, 1):soup('onion', 1, 0)"
267,4,"(0, 0)","(3, 2)","(0, 1)",,"(2, 3)","(0, 1)","soup('onion', 3, 20)","(4, 1):soup('onion', 1, 0)","(3, 0):empty;(4, 1):soup('onion', 1, 0)",120.0,122.0,5,interact,19.6094,20.0,0.0,-0.39060000000000006,140.0,122.0,True,"(3, 2)",,"(2, 3)",,"(4, 1):soup('onion', 1, 0)","(3, 0):empty;(4, 1):soup('onion', 1, 0)"
268,1,"(0, 1)","(3, 2)","(0, 1)",,"(2, 3)","(0, 1)",,"(4, 1):soup('onion', 1, 0)","(3, 0):empty;(4, 1):soup('onion', 1, 0)",140.0,122.0,3,"(-1, 0)",-0.0006000000000000006,0.0,0.0,-0.0006000000000000006,140.0,122.0,False,"(3, 3)",,"(1, 3)",,"(4, 1):soup('onion', 1, 0)","(3, 0):empty;(4, 1):soup('onion', 1, 0)"
269,3,"(-1, 0)","(3, 3)","(0, 1)",,"(1, 3)","(-1, 0)",,"(4, 1):soup('onion', 1, 0)","(3, 0):empty;(4, 1):soup('onion', 1, 0)",140.0,122.0,5,interact,-0.0006000000000000006,0.0,0.0,-0.0006000000000000006,140.0,122.0,False,"(2, 3)",,"(1, 3)",onion,"(4, 1):soup('onion', 1, 0)","(3, 0):empty;(4, 1):soup('onion', 1, 0)"
270,3,"(-1, 0)","(2, 3)","(-1, 0)",,"(1, 3)","(-1, 0)",onion,"(4, 1):soup('onion', 1, 0)","(3, 0):empty;(4, 1):soup('onion', 1, 0)",140.0,122.0,0,"(0, -1)",-0.0006000000000000006,0.0,0.0,-0.0006000000000000006,140.0,122.0,False,"(1, 3)",,"(1, 2)",onion,"(4, 1):soup('onion', 1, 0)","(3, 0):empty;(4, 1):soup('onion', 1, 0)"
271,3,"(-1, 0)","(1, 3)","(-1, 0)",,"(1, 2)","(0, -1)",onion,"(4, 1):soup('onion', 1, 0)","(3, 0):empty;(4, 1):soup('onion', 1, 0)",140.0,122.0,0,"(0, -1)",-0.0006000000000000006,0.0,0.0,-0.0006000000000000006,140.0,122.0,False,"(1, 3)",,"(1, 1)",onion,"(4, 1):soup('onion', 1, 0)","(3, 0):empty;(4, 1):soup('onion', 1, 0)"
272,3,"(-1, 0)","(1, 3)","(-1, 0)",,"(1, 1)","(0, -1)",onion,"(4, 1):soup('onion', 1, 0)","(3, 0):empty;(4, 1):soup('onion', 1, 0)",140.0,122.0,2,"(1, 0)",-0.0006000000000000006,0.0,0.0,-0.0006000000000000006,140.0,122.0,False,"(1, 3)",,"(2, 1)",onion,"(4, 1):soup('onion', 1, 0)","(3, 0):empty;(4, 1):soup('onion', 1, 0)"
273,5,interact,"(1, 3)","(-1, 0)",,"(2, 1)","(1, 0)",onion,"(4, 1):soup('onion', 1, 0)","(3, 0):empty;(4, 1):soup('onion', 1, 0)",140.0,122.0,2,"(1, 0)",-0.0006000000000000006,0.0,0.0,-0.0006000000000000006,140.0,122.0,False,"(1, 3)",onion,"(3, 1)",onion,"(4, 1):soup('onion', 1, 0)","(3, 0):empty;(4, 1):soup('onion', 1, 0)"
274,0,"(0, -1)","(1, 3)","(-1, 0)",onion,"(3, 1)","(1, 0)",onion,"(4, 1):soup('onion', 1, 0)","(3, 0):empty;(4, 1):soup('onion', 1, 0)",140.0,122.0,5,interact,3.0588,0.0,3.0,0.0588,140.0,125.0,False,"(1, 2)",onion,"(3, 1)",,"(4, 1):soup('onion', 2, 0)","(3, 0):empty;(4, 1):soup('onion', 2, 0)"
275,0,"(0, -1)","(1, 2)","(0, -1)",onion,"(3, 1)","(1, 0)",,"(4, 1):soup('onion', 2, 0)","(3, 0):empty;(4, 1):soup('onion', 2, 0)",140.0,125.0,1,"(0, 1)",-0.0012000000000000012,0.0,0.0,-0.0012000000000000012,140.0,125.0,False,"(1, 1)",onion,"(3, 2)",,"(4, 1):soup('onion', 2, 0)","(3, 0):empty;(4, 1):soup('onion', 2, 0)"
276,2,"(1, 0)","(1, 1)","(0, -1)",onion,"(3, 2)","(0, 1)",,"(4, 1):soup('onion', 2, 0)","(3, 0):empty;(4, 1):soup('onion', 2, 0)",140.0,125.0,1,"(0, 1)",-0.0012000000000000012,0.0,0.0,-0.0012000000000000012,140.0,125.0,False,"(2, 1)",onion,"(3, 3)",,"(4, 1):soup('onion', 2, 0)","(3, 0):empty;(4, 1):soup('onion', 2, 0)"
277,2,"(1, 0)","(2, 1)","(1, 0)",onion,"(3, 3)","(0, 1)",,"(4, 1):soup('onion', 2, 0)","(3, 0):empty;(4, 1):soup('onion', 2, 0)",140.0,125.0,3,"(-1, 0)",-0.0012000000000000012,0.0,0.0,-0.0012000000000000012,140.0,125.0,False,"(3, 1)",onion,"(2, 3)",,"(4, 1):soup('onion', 2, 0)","(3, 0):empty;(4, 1):soup('onion', 2, 0)"
278,5,interact,"(3, 1)","(1, 0)",onion,"(2, 3)","(-1, 0)",,"(4, 1):soup('onion', 2, 0)","(3, 0):empty;(4, 1):soup('onion', 2, 0)",140.0,125.0,1,"(0, 1)",3.078,0.0,3.0,0.07800000000000001,140.0,128.0,False,"(3, 1)",,"(2, 3)",,"(4, 1):soup('onion', 3, 1)","(3, 0):empty;(4, 1):soup('onion', 3, 1)"
279,1,"(0, 1)","(3, 1)","(1, 0)",,"(2, 3)","(0, 1)",,"(4, 1):soup('onion', 3, 1)","(3, 0):empty;(4, 1):soup('onion', 3, 1)",140.0,128.0,3,"(-1, 0)",-0.0020000000000000018,0.0,0.0,-0.0020000000000000018,140.0,128.0,False,"(3, 2)",,"(1, 3)",,"(4, 1):soup('onion', 3, 2)","(3, 0):empty;(4, 1):soup('onion', 3, 2)"
280,2,"(1, 0)","(3, 2)","(0, 1)",,"(1, 3)","(-1, 0)",,"(4, 1):soup('onion', 3, 2)","(3, 0):empty;(4, 1):soup('onion', 3, 2)",140.0,128.0,0,"(0, -1)",-0.0020000000000000018,0.0,0.0,-0.0020000000000000018,140.0,128.0,False,"(3, 2)",,"(1, 2)",,"(4, 1):soup('onion', 3, 3)","(3, 0):empty;(4, 1):soup('onion', 3, 3)"
281,1,"(0, 1)","(3, 2)","(1, 0)",,"(1, 2)","(0, -1)",,"(4, 1):soup('onion', 3, 3)","(3, 0):empty;(4, 1):soup('onion', 3, 3)",140.0,128.0,3,"(-1, 0)",-0.0020000000000000018,0.0,0.0,-0.0020000000000000018,140.0,128.0,False,"(3, 3)",,"(1, 2)",,"(4, 1):soup('onion', 3, 4)","(3, 0):empty;(4, 1):soup('onion', 3, 4)"
282,3,"(-1, 0)","(3, 3)","(0, 1)",,"(1, 2)","(-1, 0)",,"(4, 1):soup('onion', 3, 4)","(3, 0):empty;(4, 1):soup('onion', 3, 4)",140.0,128.0,5,interact,2.998,0.0,3.0,-0.0020000000000000018,140.0,131.0,False,"(2, 3)",,"(1, 2)",dish,"(4, 1):soup('onion', 3, 5)","(3, 0):empty;(4, 1):soup('onion', 3, 5)"
283,3,"(-1, 0)","(2, 3)","(-1, 0)",,"(1, 2)","(-1, 0)",dish,"(4, 1):soup('onion', 3, 5)","(3, 0):empty;(4, 1):soup('onion', 3, 5)",140.0,131.0,0,"(0, -1)",-0.0020000000000000018,0.0,0.0,-0.0020000000000000018,140.0,131.0,False,"(1, 3)",,"(1, 1)",dish,"(4, 1):soup('onion', 3, 6)","(3, 0):empty;(4, 1):soup('onion', 3, 6)"
284,5,interact,"(1, 3)","(-1, 0)",,"(1, 1)","(0, -1)",dish,"(4, 1):soup('onion', 3, 6)","(3, 0):empty;(4, 1):soup('onion', 3, 6)",140.0,131.0,2,"(1, 0)",-0.0020000000000000018,0.0,0.0,-0.0020000000000000018,140.0,131.0,False,"(1, 3)",onion,"(2, 1)",dish,"(4, 1):soup('onion', 3, 7)","(3, 0):empty;(4, 1):soup('onion', 3, 7)"
285,4,"(0, 0)","(1, 3)","(-1, 0)",onion,"(2, 1)","(1, 0)",dish,"(4, 1):soup('onion', 3, 7)","(3, 0):empty;(4, 1):soup('onion', 3, 7)",140.0,131.0,2,"(1, 0)",-0.0020000000000000018,0.0,0.0,-0.0020000000000000018,140.0,131.0,False,"(1, 3)",onion,"(3, 1)",dish,"(4, 1):soup('onion', 3, 8)","(3, 0):empty;(4, 1):soup('onion', 3, 8)"
286,0,"(0, -1)","(1, 3)","(-1, 0)",onion,"(3, 1)","(1, 0)",dish,"(4, 1):soup('onion', 3, 8)","(3, 0):empty;(4, 1):soup('onion', 3, 8)",140.0,131.0,3,"(-1, 0)",-0.0020000000000000018,0.0,0.0,-0.0020000000000000018,140.0,131.0,False,"(1, 2)",onion,"(2, 1)",dish,"(4, 1):soup('onion', 3, 9)","(3, 0):empty;(4, 1):soup('onion', 3, 9)"
287,1,"(0, 1)","(1, 2)","(0, -1)",onion,"(2, 1)","(-1, 0)",dish,"(4, 1):soup('onion', 3, 9)","(3, 0):empty;(4, 1):soup('onion', 3, 9)",140.0,131.0,2,"(1, 0)",-0.0020000000000000018,0.0,0.0,-0.0020000000000000018,140.0,131.0,False,"(1, 3)",onion,"(3, 1)",dish,"(4, 1):soup('onion', 3, 10)","(3, 0):empty;(4, 1):soup('onion', 3, 10)"
288,0,"(0, -1)","(1, 3)","(0, 1)",onion,"(3, 1)","(1, 0)",dish,"(4, 1):soup('onion', 3, 10)","(3, 0):empty;(4, 1):soup('onion', 3, 10)",140.0,131.0,5,interact,-0.0020000000000000018,0.0,0.0,-0.0020000000000000018,140.0,131.0,False,"(1, 2)",onion,"(3, 1)",dish,"(4, 1):soup('onion', 3, 11)","(3, 0):empty;(4, 1):soup('onion', 3, 11)"
289,2,"(1, 0)","(1, 2)","(0, -1)",onion,"(3, 1)","(1, 0)",dish,"(4, 1):soup('onion', 3, 11)","(3, 0):empty;(4, 1):soup('onion', 3, 11)",140.0,131.0,5,interact,-0.0020000000000000018,0.0,0.0,-0.0020000000000000018,140.0,131.0,False,"(1, 2)",onion,"(3, 1)",dish,"(4, 1):soup('onion', 3, 12)","(3, 0):empty;(4, 1):soup('onion', 3, 12)"
290,0,"(0, -1)","(1, 2)","(1, 0)",onion,"(3, 1)","(1, 0)",dish,"(4, 1):soup('onion', 3, 12)","(3, 0):empty;(4, 1):soup('onion', 3, 12)",140.0,131.0,5,interact,-0.0020000000000000018,0.0,0.0,-0.0020000000000000018,140.0,131.0,False,"(1, 1)",onion,"(3, 1)",dish,"(4, 1):soup('onion', 3, 13)","(3, 0):empty;(4, 1):soup('onion', 3, 13)"
291,2,"(1, 0)","(1, 1)","(0, -1)",onion,"(3, 1)","(1, 0)",dish,"(4, 1):soup('onion', 3, 13)","(3, 0):empty;(4, 1):soup('onion', 3, 13)",140.0,131.0,5,interact,-0.0020000000000000018,0.0,0.0,-0.0020000000000000018,140.0,131.0,False,"(2, 1)",onion,"(3, 1)",dish,"(4, 1):soup('onion', 3, 14)","(3, 0):empty;(4, 1):soup('onion', 3, 14)"
292,2,"(1, 0)","(2, 1)","(1, 0)",onion,"(3, 1)","(1, 0)",dish,"(4, 1):soup('onion', 3, 14)","(3, 0):empty;(4, 1):soup('onion', 3, 14)",140.0,131.0,5,interact,-0.0020000000000000018,0.0,0.0,-0.0020000000000000018,140.0,131.0,False,"(2, 1)",onion,"(3, 1)",dish,"(4, 1):soup('onion', 3, 15)","(3, 0):empty;(4, 1):soup('onion', 3, 15)"
293,2,"(1, 0)","(2, 1)","(1, 0)",onion,"(3, 1)","(1, 0)",dish,"(4, 1):soup('onion', 3, 15)","(3, 0):empty;(4, 1):soup('onion', 3, 15)",140.0,131.0,5,interact,-0.0020000000000000018,0.0,0.0,-0.0020000000000000018,140.0,131.0,False,"(2, 1)",onion,"(3, 1)",dish,"(4, 1):soup('onion', 3, 16)","(3, 0):empty;(4, 1):soup('onion', 3, 16)"
294,2,"(1, 0)","(2, 1)","(1, 0)",onion,"(3, 1)","(1, 0)",dish,"(4, 1):soup('onion', 3, 16)","(3, 0):empty;(4, 1):soup('onion', 3, 16)",140.0,131.0,5,interact,-0.0020000000000000018,0.0,0.0,-0.0020000000000000018,140.0,131.0,False,"(2, 1)",onion,"(3, 1)",dish,"(4, 1):soup('onion', 3, 17)","(3, 0):empty;(4, 1):soup('onion', 3, 17)"
295,2,"(1, 0)","(2, 1)","(1, 0)",onion,"(3, 1)","(1, 0)",dish,"(4, 1):soup('onion', 3, 17)","(3, 0):empty;(4, 1):soup('onion', 3, 17)",140.0,131.0,5,interact,-0.0020000000000000018,0.0,0.0,-0.0020000000000000018,140.0,131.0,False,"(2, 1)",onion,"(3, 1)",dish,"(4, 1):soup('onion', 3, 18)","(3, 0):empty;(4, 1):soup('onion', 3, 18)"
296,2,"(1, 0)","(2, 1)","(1, 0)",onion,"(3, 1)","(1, 0)",dish,"(4, 1):soup('onion', 3, 18)","(3, 0):empty;(4, 1):soup('onion', 3, 18)",140.0,131.0,5,interact,-0.0020000000000000018,0.0,0.0,-0.0020000000000000018,140.0,131.0,False,"(2, 1)",onion,"(3, 1)",dish,"(4, 1):soup('onion', 3, 19)","(3, 0):empty;(4, 1):soup('onion', 3, 19)"
297,2,"(1, 0)","(2, 1)","(1, 0)",onion,"(3, 1)","(1, 0)",dish,"(4, 1):soup('onion', 3, 19)","(3, 0):empty;(4, 1):soup('onion', 3, 19)",140.0,131.0,5,interact,0.09699999999999998,0.0,0.0,0.09699999999999998,140.0,131.0,False,"(2, 1)",onion,"(3, 1)",dish,"(4, 1):soup('onion', 3, 20)","(3, 0):empty;(4, 1):soup('onion', 3, 20)"
298,2,"(1, 0)","(2, 1)","(1, 0)",onion,"(3, 1)","(1, 0)",dish,"(4, 1):soup('onion', 3, 20)","(3, 0):empty;(4, 1):soup('onion', 3, 20)",140.0,131.0,5,interact,5.0564,0.0,5.0,0.056400000000000006,140.0,136.0,False,"(2, 1)",onion,"(3, 1)","soup('onion', 3, 20)",,"(3, 0):empty;(4, 1):empty"
299,5,interact,"(2, 1)","(1, 0)",onion,"(3, 1)","(1, 0)","soup('onion', 3, 20)",,"(3, 0):empty;(4, 1):empty",140.0,136.0,1,"(0, 1)",0.006300000000000017,0.0,0.0,0.006300000000000017,140.0,136.0,False,"(2, 1)",onion,"(3, 2)","soup('onion', 3, 20)",,"(3, 0):empty;(4, 1):empty"
300,5,interact,"(2, 1)","(1, 0)",onion,"(3, 2)","(0, 1)","soup('onion', 3, 20)",,"(3, 0):empty;(4, 1):empty",140.0,136.0,1,"(0, 1)",0.006199999999999983,0.0,0.0,0.006199999999999983,140.0,136.0,False,"(2, 1)",onion,"(3, 3)","soup('onion', 3, 20)",,"(3, 0):empty;(4, 1):empty"
301,2,"(1, 0)","(2, 1)","(1, 0)",onion,"(3, 3)","(0, 1)","soup('onion', 3, 20)",,"(3, 0):empty;(4, 1):empty",140.0,136.0,3,"(-1, 0)",0.006099999999999994,0.0,0.0,0.006099999999999994,140.0,136.0,False,"(3, 1)",onion,"(2, 3)","soup('onion', 3, 20)",,"(3, 0):empty;(4, 1):empty"
302,5,interact,"(3, 1)","(1, 0)",onion,"(2, 3)","(-1, 0)","soup('onion', 3, 20)",,"(3, 0):empty;(4, 1):empty",140.0,136.0,5,interact,3.0555,0.0,3.0,0.05550000000000002,140.0,139.0,False,"(3, 1)",,"(2, 3)","soup('onion', 3, 20)","(4, 1):soup('onion', 1, 0)","(3, 0):empty;(4, 1):soup('onion', 1, 0)"
303,1,"(0, 1)","(3, 1)","(1, 0)",,"(2, 3)","(-1, 0)","soup('onion', 3, 20)","(4, 1):soup('onion', 1, 0)","(3, 0):empty;(4, 1):soup('onion', 1, 0)",140.0,139.0,1,"(0, 1)",-0.004499999999999993,0.0,0.0,-0.004499999999999993,140.0,139.0,False,"(3, 2)",,"(2, 3)","soup('onion', 3, 20)","(4, 1):soup('onion', 1, 0)","(3, 0):empty;(4, 1):soup('onion', 1, 0)"
304,4,"(0, 0)","(3, 2)","(0, 1)",,"(2, 3)","(0, 1)","soup('onion', 3, 20)","(4, 1):soup('onion', 1, 0)","(3, 0):empty;(4, 1):soup('onion', 1, 0)",140.0,139.0,5,interact,19.6094,20.0,0.0,-0.39060000000000006,160.0,139.0,True,"(3, 2)",,"(2, 3)",,"(4, 1):soup('onion', 1, 0)","(3, 0):empty;(4, 1):soup('onion', 1, 0)"
305,1,"(0, 1)","(3, 2)","(0, 1)",,"(2, 3)","(0, 1)",,"(4, 1):soup('onion', 1, 0)","(3, 0):empty;(4, 1):soup('onion', 1, 0)",160.0,139.0,3,"(-1, 0)",-0.0006000000000000006,0.0,0.0,-0.0006000000000000006,160.0,139.0,False,"(3, 3)",,"(1, 3)",,"(4, 1):soup('onion', 1, 0)","(3, 0):empty;(4, 1):soup('onion', 1, 0)"
306,3,"(-1, 0)","(3, 3)","(0, 1)",,"(1, 3)","(-1, 0)",,"(4, 1):soup('onion', 1, 0)","(3, 0):empty;(4, 1):soup('onion', 1, 0)",160.0,139.0,5,interact,-0.0006000000000000006,0.0,0.0,-0.0006000000000000006,160.0,139.0,False,"(2, 3)",,"(1, 3)",onion,"(4, 1):soup('onion', 1, 0)","(3, 0):empty;(4, 1):soup('onion', 1, 0)"
307,3,"(-1, 0)","(2, 3)","(-1, 0)",,"(1, 3)","(-1, 0)",onion,"(4, 1):soup('onion', 1, 0)","(3, 0):empty;(4, 1):soup('onion', 1, 0)",160.0,139.0,0,"(0, -1)",-0.0006000000000000006,0.0,0.0,-0.0006000000000000006,160.0,139.0,False,"(1, 3)",,"(1, 2)",onion,"(4, 1):soup('onion', 1, 0)","(3, 0):empty;(4, 1):soup('onion', 1, 0)"
308,3,"(-1, 0)","(1, 3)","(-1, 0)",,"(1, 2)","(0, -1)",onion,"(4, 1):soup('onion', 1, 0)","(3, 0):empty;(4, 1):soup('onion', 1, 0)",160.0,139.0,0,"(0, -1)",-0.0006000000000000006,0.0,0.0,-0.0006000000000000006,160.0,139.0,False,"(1, 3)",,"(1, 1)",onion,"(4, 1):soup('onion', 1, 0)","(3, 0):empty;(4, 1):soup('onion', 1, 0)"
309,3,"(-1, 0)","(1, 3)","(-1, 0)",,"(1, 1)","(0, -1)",onion,"(4, 1):soup('onion', 1, 0)","(3, 0):empty;(4, 1):soup('onion', 1, 0)",160.0,139.0,2,"(1, 0)",-0.0006000000000000006,0.0,0.0,-0.0006000000000000006,160.0,139.0,False,"(1, 3)",,"(2, 1)",onion,"(4, 1):soup('onion', 1, 0)","(3, 0):empty;(4, 1):soup('onion', 1, 0)"
310,5,interact,"(1, 3)","(-1, 0)",,"(2, 1)","(1, 0)",onion,"(4, 1):soup('onion', 1, 0)","(3, 0):empty;(4, 1):soup('onion', 1, 0)",160.0,139.0,2,"(1, 0)",-0.0006000000000000006,0.0,0.0,-0.0006000000000000006,160.0,139.0,False,"(1, 3)",onion,"(3, 1)",onion,"(4, 1):soup('onion', 1, 0)","(3, 0):empty;(4, 1):soup('onion', 1, 0)"
311,0,"(0, -1)","(1, 3)","(-1, 0)",onion,"(3, 1)","(1, 0)",onion,"(4, 1):soup('onion', 1, 0)","(3, 0):empty;(4, 1):soup('onion', 1, 0)",160.0,139.0,5,interact,3.0588,0.0,3.0,0.0588,160.0,142.0,False,"(1, 2)",onion,"(3, 1)",,"(4, 1):soup('onion', 2, 0)","(3, 0):empty;(4, 1):soup('onion', 2, 0)"
312,0,"(0, -1)","(1, 2)","(0, -1)",onion,"(3, 1)","(1, 0)",,"(4, 1):soup('onion', 2, 0)","(3, 0):empty;(4, 1):soup('onion', 2, 0)",160.0,142.0,1,"(0, 1)",-0.0012000000000000012,0.0,0.0,-0.0012000000000000012,160.0,142.0,False,"(1, 1)",onion,"(3, 2)",,"(4, 1):soup('onion', 2, 0)","(3, 0):empty;(4, 1):soup('onion', 2, 0)"
313,2,"(1, 0)","(1, 1)","(0, -1)",onion,"(3, 2)","(0, 1)",,"(4, 1):soup('onion', 2, 0)","(3, 0):empty;(4, 1):soup('onion', 2, 0)",160.0,142.0,1,"(0, 1)",-0.0012000000000000012,0.0,0.0,-0.0012000000000000012,160.0,142.0,False,"(2, 1)",onion,"(3, 3)",,"(4, 1):soup('onion', 2, 0)","(3, 0):empty;(4, 1):soup('onion', 2, 0)"
314,2,"(1, 0)","(2, 1)","(1, 0)",onion,"(3, 3)","(0, 1)",,"(4, 1):soup('onion', 2, 0)","(3, 0):empty;(4, 1):soup('onion', 2, 0)",160.0,142.0,3,"(-1, 0)",-0.0012000000000000012,0.0,0.0,-0.0012000000000000012,160.0,142.0,False,"(3, 1)",onion,"(2, 3)",,"(4, 1):soup('onion', 2, 0)","(3, 0):empty;(4, 1):soup('onion', 2, 0)"
315,5,interact,"(3, 1)","(1, 0)",onion,"(2, 3)","(-1, 0)",,"(4, 1):soup('onion', 2, 0)","(3, 0):empty;(4, 1):soup('onion', 2, 0)",160.0,142.0,1,"(0, 1)",3.078,0.0,3.0,0.07800000000000001,160.0,145.0,False,"(3, 1)",,"(2, 3)",,"(4, 1):soup('onion', 3, 1)","(3, 0):empty;(4, 1):soup('onion', 3, 1)"
316,1,"(0, 1)","(3, 1)","(1, 0)",,"(2, 3)","(0, 1)",,"(4, 1):soup('onion', 3, 1)","(3, 0):empty;(4, 1):soup('onion', 3, 1)",160.0,145.0,3,"(-1, 0)",-0.0020000000000000018,0.0,0.0,-0.0020000000000000018,160.0,145.0,False,"(3, 2)",,"(1, 3)",,"(4, 1):soup('onion', 3, 2)","(3, 0):empty;(4, 1):soup('onion', 3, 2)"
317,2,"(1, 0)","(3, 2)","(0, 1)",,"(1, 3)","(-1, 0)",,"(4, 1):soup('onion', 3, 2)","(3, 0):empty;(4, 1):soup('onion', 3, 2)",160.0,145.0,0,"(0, -1)",-0.0020000000000000018,0.0,0.0,-0.0020000000000000018,160.0,145.0,False,"(3, 2)",,"(1, 2)",,"(4, 1):soup('onion', 3, 3)","(3, 0):empty;(4, 1):soup('onion', 3, 3)"
318,1,"(0, 1)","(3, 2)","(1, 0)",,"(1, 2)","(0, -1)",,"(4, 1):soup('onion', 3, 3)","(3, 0):empty;(4, 1):soup('onion', 3, 3)",160.0,145.0,3,"(-1, 0)",-0.0020000000000000018,0.0,0.0,-0.0020000000000000018,160.0,145.0,False,"(3, 3)",,"(1, 2)",,"(4, 1):soup('onion', 3, 4)","(3, 0):empty;(4, 1):soup('onion', 3, 4)"
319,3,"(-1, 0)","(3, 3)","(0, 1)",,"(1, 2)","(-1, 0)",,"(4, 1):soup('onion', 3, 4)","(3, 0):empty;(4, 1):soup('onion', 3, 4)",160.0,145.0,5,interact,2.998,0.0,3.0,-0.0020000000000000018,160.0,148.0,False,"(2, 3)",,"(1, 2)",dish,"(4, 1):soup('onion', 3, 5)","(3, 0):empty;(4, 1):soup('onion', 3, 5)"
320,3,"(-1, 0)","(2, 3)","(-1, 0)",,"(1, 2)","(-1, 0)",dish,"(4, 1):soup('onion', 3, 5)","(3, 0):empty;(4, 1):soup('onion', 3, 5)",160.0,148.0,0,"(0, -1)",-0.0020000000000000018,0.0,0.0,-0.0020000000000000018,160.0,148.0,False,"(1, 3)",,"(1, 1)",dish,"(4, 1):soup('onion', 3, 6)","(3, 0):empty;(4, 1):soup('onion', 3, 6)"
321,5,interact,"(1, 3)","(-1, 0)",,"(1, 1)","(0, -1)",dish,"(4, 1):soup('onion', 3, 6)","(3, 0):empty;(4, 1):soup('onion', 3, 6)",160.0,148.0,2,"(1, 0)",-0.0020000000000000018,0.0,0.0,-0.0020000000000000018,160.0,148.0,False,"(1, 3)",onion,"(2, 1)",dish,"(4, 1):soup('onion', 3, 7)","(3, 0):empty;(4, 1):soup('onion', 3, 7)"
322,4,"(0, 0)","(1, 3)","(-1, 0)",onion,"(2, 1)","(1, 0)",dish,"(4, 1):soup('onion', 3, 7)","(3, 0):empty;(4, 1):soup('onion', 3, 7)",160.0,148.0,2,"(1, 0)",-0.0020000000000000018,0.0,0.0,-0.0020000000000000018,160.0,148.0,False,"(1, 3)",onion,"(3, 1)",dish,"(4, 1):soup('onion', 3, 8)","(3, 0):empty;(4, 1):soup('onion', 3, 8)"
323,0,"(0, -1)","(1, 3)","(-1, 0)",onion,"(3, 1)","(1, 0)",dish,"(4, 1):soup('onion', 3, 8)","(3, 0):empty;(4, 1):soup('onion', 3, 8)",160.0,148.0,3,"(-1, 0)",-0.0020000000000000018,0.0,0.0,-0.0020000000000000018,160.0,148.0,False,"(1, 2)",onion,"(2, 1)",dish,"(4, 1):soup('onion', 3, 9)","(3, 0):empty;(4, 1):soup('onion', 3, 9)"
324,1,"(0, 1)","(1, 2)","(0, -1)",onion,"(2, 1)","(-1, 0)",dish,"(4, 1):soup('onion', 3, 9)","(3, 0):empty;(4, 1):soup('onion', 3, 9)",160.0,148.0,2,"(1, 0)",-0.0020000000000000018,0.0,0.0,-0.0020000000000000018,160.0,148.0,False,"(1, 3)",onion,"(3, 1)",dish,"(4, 1):soup('onion', 3, 10)","(3, 0):empty;(4, 1):soup('onion', 3, 10)"
325,0,"(0, -1)","(1, 3)","(0, 1)",onion,"(3, 1)","(1, 0)",dish,"(4, 1):soup('onion', 3, 10)","(3, 0):empty;(4, 1):soup('onion', 3, 10)",160.0,148.0,5,interact,-0.0020000000000000018,0.0,0.0,-0.0020000000000000018,160.0,148.0,False,"(1, 2)",onion,"(3, 1)",dish,"(4, 1):soup('onion', 3, 11)","(3, 0):empty;(4, 1):soup('onion', 3, 11)"
326,2,"(1, 0)","(1, 2)","(0, -1)",onion,"(3, 1)","(1, 0)",dish,"(4, 1):soup('onion', 3, 11)","(3, 0):empty;(4, 1):soup('onion', 3, 11)",160.0,148.0,5,interact,-0.0020000000000000018,0.0,0.0,-0.0020000000000000018,160.0,148.0,False,"(1, 2)",onion,"(3, 1)",dish,"(4, 1):soup('onion', 3, 12)","(3, 0):empty;(4, 1):soup('onion', 3, 12)"
327,0,"(0, -1)","(1, 2)","(1, 0)",onion,"(3, 1)","(1, 0)",dish,"(4, 1):soup('onion', 3, 12)","(3, 0):empty;(4, 1):soup('onion', 3, 12)",160.0,148.0,5,interact,-0.0020000000000000018,0.0,0.0,-0.0020000000000000018,160.0,148.0,False,"(1, 1)",onion,"(3, 1)",dish,"(4, 1):soup('onion', 3, 13)","(3, 0):empty;(4, 1):soup('onion', 3, 13)"
328,2,"(1, 0)","(1, 1)","(0, -1)",onion,"(3, 1)","(1, 0)",dish,"(4, 1):soup('onion', 3, 13)","(3, 0):empty;(4, 1):soup('onion', 3, 13)",160.0,148.0,5,interact,-0.0020000000000000018,0.0,0.0,-0.0020000000000000018,160.0,148.0,False,"(2, 1)",onion,"(3, 1)",dish,"(4, 1):soup('onion', 3, 14)","(3, 0):empty;(4, 1):soup('onion', 3, 14)"
329,2,"(1, 0)","(2, 1)","(1, 0)",onion,"(3, 1)","(1, 0)",dish,"(4, 1):soup('onion', 3, 14)","(3, 0):empty;(4, 1):soup('onion', 3, 14)",160.0,148.0,5,interact,-0.0020000000000000018,0.0,0.0,-0.0020000000000000018,160.0,148.0,False,"(2, 1)",onion,"(3, 1)",dish,"(4, 1):soup('onion', 3, 15)","(3, 0):empty;(4, 1):soup('onion', 3, 15)"
330,2,"(1, 0)","(2, 1)","(1, 0)",onion,"(3, 1)","(1, 0)",dish,"(4, 1):soup('onion', 3, 15)","(3, 0):empty;(4, 1):soup('onion', 3, 15)",160.0,148.0,5,interact,-0.0020000000000000018,0.0,0.0,-0.0020000000000000018,160.0,148.0,False,"(2, 1)",onion,"(3, 1)",dish,"(4, 1):soup('onion', 3, 16)","(3, 0):empty;(4, 1):soup('onion', 3, 16)"
331,2,"(1, 0)","(2, 1)","(1, 0)",onion,"(3, 1)","(1, 0)",dish,"(4, 1):soup('onion', 3, 16)","(3, 0):empty;(4, 1):soup('onion', 3, 16)",160.0,148.0,5,interact,-0.0020000000000000018,0.0,0.0,-0.0020000000000000018,160.0,148.0,False,"(2, 1)",onion,"(3, 1)",dish,"(4, 1):soup('onion', 3, 17)","(3, 0):empty;(4, 1):soup('onion', 3, 17)"
332,2,"(1, 0)","(2, 1)","(1, 0)",onion,"(3, 1)","(1, 0)",dish,"(4, 1):soup('onion', 3, 17)","(3, 0):empty;(4, 1):soup('onion', 3, 17)",160.0,148.0,5,interact,-0.0020000000000000018,0.0,0.0,-0.0020000000000000018,160.0,148.0,False,"(2, 1)",onion,"(3, 1)",dish,"(4, 1):soup('onion', 3, 18)","(3, 0):empty;(4, 1):soup('onion', 3, 18)"
333,2,"(1, 0)","(2, 1)","(1, 0)",onion,"(3, 1)","(1, 0)",dish,"(4, 1):soup('onion', 3, 18)","(3, 0):empty;(4, 1):soup('onion', 3, 18)",160.0,148.0,5,interact,-0.0020000000000000018,0.0,0.0,-0.0020000000000000018,160.0,148.0,False,"(2, 1)",onion,"(3, 1)",dish,"(4, 1):soup('onion', 3, 19)","(3, 0):empty;(4, 1):soup('onion', 3, 19)"
334,2,"(1, 0)","(2, 1)","(1, 0)",onion,"(3, 1)","(1, 0)",dish,"(4, 1):soup('onion', 3, 19)","(3, 0):empty;(4, 1):soup('onion', 3, 19)",160.0,148.0,5,interact,0.09699999999999998,0.0,0.0,0.09699999999999998,160.0,148.0,False,"(2, 1)",onion,"(3, 1)",dish,"(4, 1):soup('onion', 3, 20)","(3, 0):empty;(4, 1):soup('onion', 3, 20)"
335,2,"(1, 0)","(2, 1)","(1, 0)",onion,"(3, 1)","(1, 0)",dish,"(4, 1):soup('onion', 3, 20)","(3, 0):empty;(4, 1):soup('onion', 3, 20)",160.0,148.0,5,interact,5.0564,0.0,5.0,0.056400000000000006,160.0,153.0,False,"(2, 1)",onion,"(3, 1)","soup('onion', 3, 20)",,"(3, 0):empty;(4, 1):empty"
336,5,interact,"(2, 1)","(1, 0)",onion,"(3, 1)","(1, 0)","soup('onion', 3, 20)",,"(3, 0):empty;(4, 1):empty",160.0,153.0,1,"(0, 1)",0.006300000000000017,0.0,0.0,0.006300000000000017,160.0,153.0,False,"(2, 1)",onion,"(3, 2)","soup('onion', 3, 20)",,"(3, 0):empty;(4, 1):empty"
337,5,interact,"(2, 1)","(1, 0)",onion,"(3, 2)","(0, 1)","soup('onion', 3, 20)",,"(3, 0):empty;(4, 1):empty",160.0,153.0,1,"(0, 1)",0.006199999999999983,0.0,0.0,0.006199999999999983,160.0,153.0,False,"(2, 1)",onion,"(3, 3)","soup('onion', 3, 20)",,"(3, 0):empty;(4, 1):empty"
338,2,"(1, 0)","(2, 1)","(1, 0)",onion,"(3, 3)","(0, 1)","soup('onion', 3, 20)",,"(3, 0):empty;(4, 1):empty",160.0,153.0,3,"(-1, 0)",0.006099999999999994,0.0,0.0,0.006099999999999994,160.0,153.0,False,"(3, 1)",onion,"(2, 3)","soup('onion', 3, 20)",,"(3, 0):empty;(4, 1):empty"
339,5,interact,"(3, 1)","(1, 0)",onion,"(2, 3)","(-1, 0)","soup('onion', 3, 20)",,"(3, 0):empty;(4, 1):empty",160.0,153.0,5,interact,3.0555,0.0,3.0,0.05550000000000002,160.0,156.0,False,"(3, 1)",,"(2, 3)","soup('onion', 3, 20)","(4, 1):soup('onion', 1, 0)","(3, 0):empty;(4, 1):soup('onion', 1, 0)"
340,1,"(0, 1)","(3, 1)","(1, 0)",,"(2, 3)","(-1, 0)","soup('onion', 3, 20)","(4, 1):soup('onion', 1, 0)","(3, 0):empty;(4, 1):soup('onion', 1, 0)",160.0,156.0,1,"(0, 1)",-0.004499999999999993,0.0,0.0,-0.004499999999999993,160.0,156.0,False,"(3, 2)",,"(2, 3)","soup('onion', 3, 20)","(4, 1):soup('onion', 1, 0)","(3, 0):empty;(4, 1):soup('onion', 1, 0)"
341,4,"(0, 0)","(3, 2)","(0, 1)",,"(2, 3)","(0, 1)","soup('onion', 3, 20)","(4, 1):soup('onion', 1, 0)","(3, 0):empty;(4, 1):soup('onion', 1, 0)",160.0,156.0,5,interact,19.6094,20.0,0.0,-0.39060000000000006,180.0,156.0,True,"(3, 2)",,"(2, 3)",,"(4, 1):soup('onion', 1, 0)","(3, 0):empty;(4, 1):soup('onion', 1, 0)"
342,1,"(0, 1)","(3, 2)","(0, 1)",,"(2, 3)","(0, 1)",,"(4, 1):soup('onion', 1, 0)","(3, 0):empty;(4, 1):soup('onion', 1, 0)",180.0,156.0,3,"(-1, 0)",-0.0006000000000000006,0.0,0.0,-0.0006000000000000006,180.0,156.0,False,"(3, 3)",,"(1, 3)",,"(4, 1):soup('onion', 1, 0)","(3, 0):empty;(4, 1):soup('onion', 1, 0)"
343,3,"(-1, 0)","(3, 3)","(0, 1)",,"(1, 3)","(-1, 0)",,"(4, 1):soup('onion', 1, 0)","(3, 0):empty;(4, 1):soup('onion', 1, 0)",180.0,156.0,5,interact,-0.0006000000000000006,0.0,0.0,-0.0006000000000000006,180.0,156.0,False,"(2, 3)",,"(1, 3)",onion,"(4, 1):soup('onion', 1, 0)","(3, 0):empty;(4, 1):soup('onion', 1, 0)"
344,3,"(-1, 0)","(2, 3)","(-1, 0)",,"(1, 3)","(-1, 0)",onion,"(4, 1):soup('onion', 1, 0)","(3, 0):empty;(4, 1):soup('onion', 1, 0)",180.0,156.0,0,"(0, -1)",-0.0006000000000000006,0.0,0.0,-0.0006000000000000006,180.0,156.0,False,"(1, 3)",,"(1, 2)",onion,"(4, 1):soup('onion', 1, 0)","(3, 0):empty;(4, 1):soup('onion', 1, 0)"
345,3,"(-1, 0)","(1, 3)","(-1, 0)",,"(1, 2)","(0, -1)",onion,"(4, 1):soup('onion', 1, 0)","(3, 0):empty;(4, 1):soup('onion', 1, 0)",180.0,156.0,0,"(0, -1)",-0.0006000000000000006,0.0,0.0,-0.0006000000000000006,180.0,156.0,False,"(1, 3)",,"(1, 1)",onion,"(4, 1):soup('onion', 1, 0)","(3, 0):empty;(4, 1):soup('onion', 1, 0)"
346,3,"(-1, 0)","(1, 3)","(-1, 0)",,"(1, 1)","(0, -1)",onion,"(4, 1):soup('onion', 1, 0)","(3, 0):empty;(4, 1):soup('onion', 1, 0)",180.0,156.0,2,"(1, 0)",-0.0006000000000000006,0.0,0.0,-0.0006000000000000006,180.0,156.0,False,"(1, 3)",,"(2, 1)",onion,"(4, 1):soup('onion', 1, 0)","(3, 0):empty;(4, 1):soup('onion', 1, 0)"
347,5,interact,"(1, 3)","(-1, 0)",,"(2, 1)","(1, 0)",onion,"(4, 1):soup('onion', 1, 0)","(3, 0):empty;(4, 1):soup('onion', 1, 0)",180.0,156.0,2,"(1, 0)",-0.0006000000000000006,0.0,0.0,-0.0006000000000000006,180.0,156.0,False,"(1, 3)",onion,"(3, 1)",onion,"(4, 1):soup('onion', 1, 0)","(3, 0):empty;(4, 1):soup('onion', 1, 0)"
348,0,"(0, -1)","(1, 3)","(-1, 0)",onion,"(3, 1)","(1, 0)",onion,"(4, 1):soup('onion', 1, 0)","(3, 0):empty;(4, 1):soup('onion', 1, 0)",180.0,156.0,5,interact,3.0588,0.0,3.0,0.0588,180.0,159.0,False,"(1, 2)",onion,"(3, 1)",,"(4, 1):soup('onion', 2, 0)","(3, 0):empty;(4, 1):soup('onion', 2, 0)"
349,0,"(0, -1)","(1, 2)","(0, -1)",onion,"(3, 1)","(1, 0)",,"(4, 1):soup('onion', 2, 0)","(3, 0):empty;(4, 1):soup('onion', 2, 0)",180.0,159.0,1,"(0, 1)",-0.0012000000000000012,0.0,0.0,-0.0012000000000000012,180.0,159.0,False,"(1, 1)",onion,"(3, 2)",,"(4, 1):soup('onion', 2, 0)","(3, 0):empty;(4, 1):soup('onion', 2, 0)"
350,2,"(1, 0)","(1, 1)","(0, -1)",onion,"(3, 2)","(0, 1)",,"(4, 1):soup('onion', 2, 0)","(3, 0):empty;(4, 1):soup('onion', 2, 0)",180.0,159.0,1,"(0, 1)",-0.0012000000000000012,0.0,0.0,-0.0012000000000000012,180.0,159.0,False,"(2, 1)",onion,"(3, 3)",,"(4, 1):soup('onion', 2, 0)","(3, 0):empty;(4, 1):soup('onion', 2, 0)"
351,2,"(1, 0)","(2, 1)","(1, 0)",onion,"(3, 3)","(0, 1)",,"(4, 1):soup('onion', 2, 0)","(3, 0):empty;(4, 1):soup('onion', 2, 0)",180.0,159.0,3,"(-1, 0)",-0.0012000000000000012,0.0,0.0,-0.0012000000000000012,180.0,159.0,False,"(3, 1)",onion,"(2, 3)",,"(4, 1):soup('onion', 2, 0)","(3, 0):empty;(4, 1):soup('onion', 2, 0)"
352,5,interact,"(3, 1)","(1, 0)",onion,"(2, 3)","(-1, 0)",,"(4, 1):soup('onion', 2, 0)","(3, 0):empty;(4, 1):soup('onion', 2, 0)",180.0,159.0,1,"(0, 1)",3.078,0.0,3.0,0.07800000000000001,180.0,162.0,False,"(3, 1)",,"(2, 3)",,"(4, 1):soup('onion', 3, 1)","(3, 0):empty;(4, 1):soup('onion', 3, 1)"
353,1,"(0, 1)","(3, 1)","(1, 0)",,"(2, 3)","(0, 1)",,"(4, 1):soup('onion', 3, 1)","(3, 0):empty;(4, 1):soup('onion', 3, 1)",180.0,162.0,3,"(-1, 0)",-0.0020000000000000018,0.0,0.0,-0.0020000000000000018,180.0,162.0,False,"(3, 2)",,"(1, 3)",,"(4, 1):soup('onion', 3, 2)","(3, 0):empty;(4, 1):soup('onion', 3, 2)"
354,2,"(1, 0)","(3, 2)","(0, 1)",,"(1, 3)","(-1, 0)",,"(4, 1):soup('onion', 3, 2)","(3, 0):empty;(4, 1):soup('onion', 3, 2)",180.0,162.0,0,"(0, -1)",-0.0020000000000000018,0.0,0.0,-0.0020000000000000018,180.0,162.0,False,"(3, 2)",,"(1, 2)",,"(4, 1):soup('onion', 3, 3)","(3, 0):empty;(4, 1):soup('onion', 3, 3)"
355,1,"(0, 1)","(3, 2)","(1, 0)",,"(1, 2)","(0, -1)",,"(4, 1):soup('onion', 3, 3)","(3, 0):empty;(4, 1):soup('onion', 3, 3)",180.0,162.0,3,"(-1, 0)",-0.0020000000000000018,0.0,0.0,-0.0020000000000000018,180.0,162.0,False,"(3, 3)",,"(1, 2)",,"(4, 1):soup('onion', 3, 4)","(3, 0):empty;(4, 1):soup('onion', 3, 4)"
356,3,"(-1, 0)","(3, 3)","(0, 1)",,"(1, 2)","(-1, 0)",,"(4, 1):soup('onion', 3, 4)","(3, 0):empty;(4, 1):soup('onion', 3, 4)",180.0,162.0,5,interact,2.998,0.0,3.0,-0.0020000000000000018,180.0,165.0,False,"(2, 3)",,"(1, 2)",dish,"(4, 1):soup('onion', 3, 5)","(3, 0):empty;(4, 1):soup('onion', 3, 5)"
357,3,"(-1, 0)","(2, 3)","(-1, 0)",,"(1, 2)","(-1, 0)",dish,"(4, 1):soup('onion', 3, 5)","(3, 0):empty;(4, 1):soup('onion', 3, 5)",180.0,165.0,0,"(0, -1)",-0.0020000000000000018,0.0,0.0,-0.0020000000000000018,180.0,165.0,False,"(1, 3)",,"(1, 1)",dish,"(4, 1):soup('onion', 3, 6)","(3, 0):empty;(4, 1):soup('onion', 3, 6)"
358,5,interact,"(1, 3)","(-1, 0)",,"(1, 1)","(0, -1)",dish,"(4, 1):soup('onion', 3, 6)","(3, 0):empty;(4, 1):soup('onion', 3, 6)",180.0,165.0,2,"(1, 0)",-0.0020000000000000018,0.0,0.0,-0.0020000000000000018,180.0,165.0,False,"(1, 3)",onion,"(2, 1)",dish,"(4, 1):soup('onion', 3, 7)","(3, 0):empty;(4, 1):soup('onion', 3, 7)"
359,4,"(0, 0)","(1, 3)","(-1, 0)",onion,"(2, 1)","(1, 0)",dish,"(4, 1):soup('onion', 3, 7)","(3, 0):empty;(4, 1):soup('onion', 3, 7)",180.0,165.0,2,"(1, 0)",-0.0020000000000000018,0.0,0.0,-0.0020000000000000018,180.0,165.0,False,"(1, 3)",onion,"(3, 1)",dish,"(4, 1):soup('onion', 3, 8)","(3, 0):empty;(4, 1):soup('onion', 3, 8)"
360,0,"(0, -1)","(1, 3)","(-1, 0)",onion,"(3, 1)","(1, 0)",dish,"(4, 1):soup('onion', 3, 8)","(3, 0):empty;(4, 1):soup('onion', 3, 8)",180.0,165.0,3,"(-1, 0)",-0.0020000000000000018,0.0,0.0,-0.0020000000000000018,180.0,165.0,False,"(1, 2)",onion,"(2, 1)",dish,"(4, 1):soup('onion', 3, 9)","(3, 0):empty;(4, 1):soup('onion', 3, 9)"
361,1,"(0, 1)","(1, 2)","(0, -1)",onion,"(2, 1)","(-1, 0)",dish,"(4, 1):soup('onion', 3, 9)","(3, 0):empty;(4, 1):soup('onion', 3, 9)",180.0,165.0,2,"(1, 0)",-0.0020000000000000018,0.0,0.0,-0.0020000000000000018,180.0,165.0,False,"(1, 3)",onion,"(3, 1)",dish,"(4, 1):soup('onion', 3, 10)","(3, 0):empty;(4, 1):soup('onion', 3, 10)"
362,0,"(0, -1)","(1, 3)","(0, 1)",onion,"(3, 1)","(1, 0)",dish,"(4, 1):soup('onion', 3, 10)","(3, 0):empty;(4, 1):soup('onion', 3, 10)",180.0,165.0,5,interact,-0.0020000000000000018,0.0,0.0,-0.0020000000000000018,180.0,165.0,False,"(1, 2)",onion,"(3, 1)",dish,"(4, 1):soup('onion', 3, 11)","(3, 0):empty;(4, 1):soup('onion', 3, 11)"
363,2,"(1, 0)","(1, 2)","(0, -1)",onion,"(3, 1)","(1, 0)",dish,"(4, 1):soup('onion', 3, 11)","(3, 0):empty;(4, 1):soup('onion', 3, 11)",180.0,165.0,5,interact,-0.0020000000000000018,0.0,0.0,-0.0020000000000000018,180.0,165.0,False,"(1, 2)",onion,"(3, 1)",dish,"(4, 1):soup('onion', 3, 12)","(3, 0):empty;(4, 1):soup('onion', 3, 12)"
364,0,"(0, -1)","(1, 2)","(1, 0)",onion,"(3, 1)","(1, 0)",dish,"(4, 1):soup('onion', 3, 12)","(3, 0):empty;(4, 1):soup('onion', 3, 12)",180.0,165.0,5,interact,-0.0020000000000000018,0.0,0.0,-0.0020000000000000018,180.0,165.0,False,"(1, 1)",onion,"(3, 1)",dish,"(4, 1):soup('onion', 3, 13)","(3, 0):empty;(4, 1):soup('onion', 3, 13)"
365,2,"(1, 0)","(1, 1)","(0, -1)",onion,"(3, 1)","(1, 0)",dish,"(4, 1):soup('onion', 3, 13)","(3, 0):empty;(4, 1):soup('onion', 3, 13)",180.0,165.0,5,interact,-0.0020000000000000018,0.0,0.0,-0.0020000000000000018,180.0,165.0,False,"(2, 1)",onion,"(3, 1)",dish,"(4, 1):soup('onion', 3, 14)","(3, 0):empty;(4, 1):soup('onion', 3, 14)"
366,2,"(1, 0)","(2, 1)","(1, 0)",onion,"(3, 1)","(1, 0)",dish,"(4, 1):soup('onion', 3, 14)","(3, 0):empty;(4, 1):soup('onion', 3, 14)",180.0,165.0,5,interact,-0.0020000000000000018,0.0,0.0,-0.0020000000000000018,180.0,165.0,False,"(2, 1)",onion,"(3, 1)",dish,"(4, 1):soup('onion', 3, 15)","(3, 0):empty;(4, 1):soup('onion', 3, 15)"
367,2,"(1, 0)","(2, 1)","(1, 0)",onion,"(3, 1)","(1, 0)",dish,"(4, 1):soup('onion', 3, 15)","(3, 0):empty;(4, 1):soup('onion', 3, 15)",180.0,165.0,5,interact,-0.0020000000000000018,0.0,0.0,-0.0020000000000000018,180.0,165.0,False,"(2, 1)",onion,"(3, 1)",dish,"(4, 1):soup('onion', 3, 16)","(3, 0):empty;(4, 1):soup('onion', 3, 16)"
368,2,"(1, 0)","(2, 1)","(1, 0)",onion,"(3, 1)","(1, 0)",dish,"(4, 1):soup('onion', 3, 16)","(3, 0):empty;(4, 1):soup('onion', 3, 16)",180.0,165.0,5,interact,-0.0020000000000000018,0.0,0.0,-0.0020000000000000018,180.0,165.0,False,"(2, 1)",onion,"(3, 1)",dish,"(4, 1):soup('onion', 3, 17)","(3, 0):empty;(4, 1):soup('onion', 3, 17)"
369,2,"(1, 0)","(2, 1)","(1, 0)",onion,"(3, 1)","(1, 0)",dish,"(4, 1):soup('onion', 3, 17)","(3, 0):empty;(4, 1):soup('onion', 3, 17)",180.0,165.0,5,interact,-0.0020000000000000018,0.0,0.0,-0.0020000000000000018,180.0,165.0,False,"(2, 1)",onion,"(3, 1)",dish,"(4, 1):soup('onion', 3, 18)","(3, 0):empty;(4, 1):soup('onion', 3, 18)"
370,2,"(1, 0)","(2, 1)","(1, 0)",onion,"(3, 1)","(1, 0)",dish,"(4, 1):soup('onion', 3, 18)","(3, 0):empty;(4, 1):soup('onion', 3, 18)",180.0,165.0,5,interact,-0.0020000000000000018,0.0,0.0,-0.0020000000000000018,180.0,165.0,False,"(2, 1)",onion,"(3, 1)",dish,"(4, 1):soup('onion', 3, 19)","(3, 0):empty;(4, 1):soup('onion', 3, 19)"
371,2,"(1, 0)","(2, 1)","(1, 0)",onion,"(3, 1)","(1, 0)",dish,"(4, 1):soup('onion', 3, 19)","(3, 0):empty;(4, 1):soup('onion', 3, 19)",180.0,165.0,5,interact,0.09699999999999998,0.0,0.0,0.09699999999999998,180.0,165.0,False,"(2, 1)",onion,"(3, 1)",dish,"(4, 1):soup('onion', 3, 20)","(3, 0):empty;(4, 1):soup('onion', 3, 20)"
372,2,"(1, 0)","(2, 1)","(1, 0)",onion,"(3, 1)","(1, 0)",dish,"(4, 1):soup('onion', 3, 20)","(3, 0):empty;(4, 1):soup('onion', 3, 20)",180.0,165.0,5,interact,5.0564,0.0,5.0,0.056400000000000006,180.0,170.0,False,"(2, 1)",onion,"(3, 1)","soup('onion', 3, 20)",,"(3, 0):empty;(4, 1):empty"
373,5,interact,"(2, 1)","(1, 0)",onion,"(3, 1)","(1, 0)","soup('onion', 3, 20)",,"(3, 0):empty;(4, 1):empty",180.0,170.0,1,"(0, 1)",0.006300000000000017,0.0,0.0,0.006300000000000017,180.0,170.0,False,"(2, 1)",onion,"(3, 2)","soup('onion', 3, 20)",,"(3, 0):empty;(4, 1):empty"
374,5,interact,"(2, 1)","(1, 0)",onion,"(3, 2)","(0, 1)","soup('onion', 3, 20)",,"(3, 0):empty;(4, 1):empty",180.0,170.0,1,"(0, 1)",0.006199999999999983,0.0,0.0,0.006199999999999983,180.0,170.0,False,"(2, 1)",onion,"(3, 3)","soup('onion', 3, 20)",,"(3, 0):empty;(4, 1):empty"
375,2,"(1, 0)","(2, 1)","(1, 0)",onion,"(3, 3)","(0, 1)","soup('onion', 3, 20)",,"(3, 0):empty;(4, 1):empty",180.0,170.0,3,"(-1, 0)",0.006099999999999994,0.0,0.0,0.006099999999999994,180.0,170.0,False,"(3, 1)",onion,"(2, 3)","soup('onion', 3, 20)",,"(3, 0):empty;(4, 1):empty"
376,5,interact,"(3, 1)","(1, 0)",onion,"(2, 3)","(-1, 0)","soup('onion', 3, 20)",,"(3, 0):empty;(4, 1):empty",180.0,170.0,5,interact,3.0555,0.0,3.0,0.05550000000000002,180.0,173.0,False,"(3, 1)",,"(2, 3)","soup('onion', 3, 20)","(4, 1):soup('onion', 1, 0)","(3, 0):empty;(4, 1):soup('onion', 1, 0)"
377,1,"(0, 1)","(3, 1)","(1, 0)",,"(2, 3)","(-1, 0)","soup('onion', 3, 20)","(4, 1):soup('onion', 1, 0)","(3, 0):empty;(4, 1):soup('onion', 1, 0)",180.0,173.0,1,"(0, 1)",-0.004499999999999993,0.0,0.0,-0.004499999999999993,180.0,173.0,False,"(3, 2)",,"(2, 3)","soup('onion', 3, 20)","(4, 1):soup('onion', 1, 0)","(3, 0):empty;(4, 1):soup('onion', 1, 0)"
378,4,"(0, 0)","(3, 2)","(0, 1)",,"(2, 3)","(0, 1)","soup('onion', 3, 20)","(4, 1):soup('onion', 1, 0)","(3, 0):empty;(4, 1):soup('onion', 1, 0)",180.0,173.0,5,interact,19.6094,20.0,0.0,-0.39060000000000006,200.0,173.0,True,"(3, 2)",,"(2, 3)",,"(4, 1):soup('onion', 1, 0)","(3, 0):empty;(4, 1):soup('onion', 1, 0)"
379,1,"(0, 1)","(3, 2)","(0, 1)",,"(2, 3)","(0, 1)",,"(4, 1):soup('onion', 1, 0)","(3, 0):empty;(4, 1):soup('onion', 1, 0)",200.0,173.0,3,"(-1, 0)",-0.0006000000000000006,0.0,0.0,-0.0006000000000000006,200.0,173.0,False,"(3, 3)",,"(1, 3)",,"(4, 1):soup('onion', 1, 0)","(3, 0):empty;(4, 1):soup('onion', 1, 0)"
380,3,"(-1, 0)","(3, 3)","(0, 1)",,"(1, 3)","(-1, 0)",,"(4, 1):soup('onion', 1, 0)","(3, 0):empty;(4, 1):soup('onion', 1, 0)",200.0,173.0,5,interact,-0.0006000000000000006,0.0,0.0,-0.0006000000000000006,200.0,173.0,False,"(2, 3)",,"(1, 3)",onion,"(4, 1):soup('onion', 1, 0)","(3, 0):empty;(4, 1):soup('onion', 1, 0)"
381,3,"(-1, 0)","(2, 3)","(-1, 0)",,"(1, 3)","(-1, 0)",onion,"(4, 1):soup('onion', 1, 0)","(3, 0):empty;(4, 1):soup('onion', 1, 0)",200.0,173.0,0,"(0, -1)",-0.0006000000000000006,0.0,0.0,-0.0006000000000000006,200.0,173.0,False,"(1, 3)",,"(1, 2)",onion,"(4, 1):soup('onion', 1, 0)","(3, 0):empty;(4, 1):soup('onion', 1, 0)"
382,3,"(-1, 0)","(1, 3)","(-1, 0)",,"(1, 2)","(0, -1)",onion,"(4, 1):soup('onion', 1, 0)","(3, 0):empty;(4, 1):soup('onion', 1, 0)",200.0,173.0,0,"(0, -1)",-0.0006000000000000006,0.0,0.0,-0.0006000000000000006,200.0,173.0,False,"(1, 3)",,"(1, 1)",onion,"(4, 1):soup('onion', 1, 0)","(3, 0):empty;(4, 1):soup('onion', 1, 0)"
383,3,"(-1, 0)","(1, 3)","(-1, 0)",,"(1, 1)","(0, -1)",onion,"(4, 1):soup('onion', 1, 0)","(3, 0):empty;(4, 1):soup('onion', 1, 0)",200.0,173.0,2,"(1, 0)",-0.0006000000000000006,0.0,0.0,-0.0006000000000000006,200.0,173.0,False,"(1, 3)",,"(2, 1)",onion,"(4, 1):soup('onion', 1, 0)","(3, 0):empty;(4, 1):soup('onion', 1, 0)"
384,5,interact,"(1, 3)","(-1, 0)",,"(2, 1)","(1, 0)",onion,"(4, 1):soup('onion', 1, 0)","(3, 0):empty;(4, 1):soup('onion', 1, 0)",200.0,173.0,2,"(1, 0)",-0.0006000000000000006,0.0,0.0,-0.0006000000000000006,200.0,173.0,False,"(1, 3)",onion,"(3, 1)",onion,"(4, 1):soup('onion', 1, 0)","(3, 0):empty;(4, 1):soup('onion', 1, 0)"
385,0,"(0, -1)","(1, 3)","(-1, 0)",onion,"(3, 1)","(1, 0)",onion,"(4, 1):soup('onion', 1, 0)","(3, 0):empty;(4, 1):soup('onion', 1, 0)",200.0,173.0,5,interact,3.0588,0.0,3.0,0.0588,200.0,176.0,False,"(1, 2)",onion,"(3, 1)",,"(4, 1):soup('onion', 2, 0)","(3, 0):empty;(4, 1):soup('onion', 2, 0)"
386,0,"(0, -1)","(1, 2)","(0, -1)",onion,"(3, 1)","(1, 0)",,"(4, 1):soup('onion', 2, 0)","(3, 0):empty;(4, 1):soup('onion', 2, 0)",200.0,176.0,1,"(0, 1)",-0.0012000000000000012,0.0,0.0,-0.0012000000000000012,200.0,176.0,False,"(1, 1)",onion,"(3, 2)",,"(4, 1):soup('onion', 2, 0)","(3, 0):empty;(4, 1):soup('onion', 2, 0)"
387,2,"(1, 0)","(1, 1)","(0, -1)",onion,"(3, 2)","(0, 1)",,"(4, 1):soup('onion', 2, 0)","(3, 0):empty;(4, 1):soup('onion', 2, 0)",200.0,176.0,1,"(0, 1)",-0.0012000000000000012,0.0,0.0,-0.0012000000000000012,200.0,176.0,False,"(2, 1)",onion,"(3, 3)",,"(4, 1):soup('onion', 2, 0)","(3, 0):empty;(4, 1):soup('onion', 2, 0)"
388,2,"(1, 0)","(2, 1)","(1, 0)",onion,"(3, 3)","(0, 1)",,"(4, 1):soup('onion', 2, 0)","(3, 0):empty;(4, 1):soup('onion', 2, 0)",200.0,176.0,3,"(-1, 0)",-0.0012000000000000012,0.0,0.0,-0.0012000000000000012,200.0,176.0,False,"(3, 1)",onion,"(2, 3)",,"(4, 1):soup('onion', 2, 0)","(3, 0):empty;(4, 1):soup('onion', 2, 0)"
389,5,interact,"(3, 1)","(1, 0)",onion,"(2, 3)","(-1, 0)",,"(4, 1):soup('onion', 2, 0)","(3, 0):empty;(4, 1):soup('onion', 2, 0)",200.0,176.0,1,"(0, 1)",3.078,0.0,3.0,0.07800000000000001,200.0,179.0,False,"(3, 1)",,"(2, 3)",,"(4, 1):soup('onion', 3, 1)","(3, 0):empty;(4, 1):soup('onion', 3, 1)"
390,1,"(0, 1)","(3, 1)","(1, 0)",,"(2, 3)","(0, 1)",,"(4, 1):soup('onion', 3, 1)","(3, 0):empty;(4, 1):soup('onion', 3, 1)",200.0,179.0,3,"(-1, 0)",-0.0020000000000000018,0.0,0.0,-0.0020000000000000018,200.0,179.0,False,"(3, 2)",,"(1, 3)",,"(4, 1):soup('onion', 3, 2)","(3, 0):empty;(4, 1):soup('onion', 3, 2)"
391,2,"(1, 0)","(3, 2)","(0, 1)",,"(1, 3)","(-1, 0)",,"(4, 1):soup('onion', 3, 2)","(3, 0):empty;(4, 1):soup('onion', 3, 2)",200.0,179.0,0,"(0, -1)",-0.0020000000000000018,0.0,0.0,-0.0020000000000000018,200.0,179.0,False,"(3, 2)",,"(1, 2)",,"(4, 1):soup('onion', 3, 3)","(3, 0):empty;(4, 1):soup('onion', 3, 3)"
392,1,"(0, 1)","(3, 2)","(1, 0)",,"(1, 2)","(0, -1)",,"(4, 1):soup('onion', 3, 3)","(3, 0):empty;(4, 1):soup('onion', 3, 3)",200.0,179.0,3,"(-1, 0)",-0.0020000000000000018,0.0,0.0,-0.0020000000000000018,200.0,179.0,False,"(3, 3)",,"(1, 2)",,"(4, 1):soup('onion', 3, 4)","(3, 0):empty;(4, 1):soup('onion', 3, 4)"
393,3,"(-1, 0)","(3, 3)","(0, 1)",,"(1, 2)","(-1, 0)",,"(4, 1):soup('onion', 3, 4)","(3, 0):empty;(4, 1):soup('onion', 3, 4)",200.0,179.0,5,interact,2.998,0.0,3.0,-0.0020000000000000018,200.0,182.0,False,"(2, 3)",,"(1, 2)",dish,"(4, 1):soup('onion', 3, 5)","(3, 0):empty;(4, 1):soup('onion', 3, 5)"
394,3,"(-1, 0)","(2, 3)","(-1, 0)",,"(1, 2)","(-1, 0)",dish,"(4, 1):soup('onion', 3, 5)","(3, 0):empty;(4, 1):soup('onion', 3, 5)",200.0,182.0,0,"(0, -1)",-0.0020000000000000018,0.0,0.0,-0.0020000000000000018,200.0,182.0,False,"(1, 3)",,"(1, 1)",dish,"(4, 1):soup('onion', 3, 6)","(3, 0):empty;(4, 1):soup('onion', 3, 6)"
395,5,interact,"(1, 3)","(-1, 0)",,"(1, 1)","(0, -1)",dish,"(4, 1):soup('onion', 3, 6)","(3, 0):empty;(4, 1):soup('onion', 3, 6)",200.0,182.0,2,"(1, 0)",-0.0020000000000000018,0.0,0.0,-0.0020000000000000018,200.0,182.0,False,"(1, 3)",onion,"(2, 1)",dish,"(4, 1):soup('onion', 3, 7)","(3, 0):empty;(4, 1):soup('onion', 3, 7)"
396,4,"(0, 0)","(1, 3)","(-1, 0)",onion,"(2, 1)","(1, 0)",dish,"(4, 1):soup('onion', 3, 7)","(3, 0):empty;(4, 1):soup('onion', 3, 7)",200.0,182.0,2,"(1, 0)",-0.0020000000000000018,0.0,0.0,-0.0020000000000000018,200.0,182.0,False,"(1, 3)",onion,"(3, 1)",dish,"(4, 1):soup('onion', 3, 8)","(3, 0):empty;(4, 1):soup('onion', 3, 8)"
397,0,"(0, -1)","(1, 3)","(-1, 0)",onion,"(3, 1)","(1, 0)",dish,"(4, 1):soup('onion', 3, 8)","(3, 0):empty;(4, 1):soup('onion', 3, 8)",200.0,182.0,3,"(-1, 0)",-0.0020000000000000018,0.0,0.0,-0.0020000000000000018,200.0,182.0,False,"(1, 2)",onion,"(2, 1)",dish,"(4, 1):soup('onion', 3, 9)","(3, 0):empty;(4, 1):soup('onion', 3, 9)"
398,1,"(0, 1)","(1, 2)","(0, -1)",onion,"(2, 1)","(-1, 0)",dish,"(4, 1):soup('onion', 3, 9)","(3, 0):empty;(4, 1):soup('onion', 3, 9)",200.0,182.0,2,"(1, 0)",-0.0020000000000000018,0.0,0.0,-0.0020000000000000018,200.0,182.0,False,"(1, 3)",onion,"(3, 1)",dish,"(4, 1):soup('onion', 3, 10)","(3, 0):empty;(4, 1):soup('onion', 3, 10)"
399,0,"(0, -1)","(1, 3)","(0, 1)",onion,"(3, 1)","(1, 0)",dish,"(4, 1):soup('onion', 3, 10)","(3, 0):empty;(4, 1):soup('onion', 3, 10)",200.0,182.0,5,interact,-0.0020000000000000018,0.0,0.0,-0.0020000000000000018,200.0,182.0,False,"(1, 2)",onion,"(3, 1)",dish,"(4, 1):soup('onion', 3, 11)","(3, 0):empty;(4, 1):soup('onion', 3, 11)"
