step,ego_action_idx,ego_action,p0_pos,p0_orient,p0_held,p1_pos,p1_orient,p1_held,objects_before,pots_before,cum_sparse_before,cum_shaped_before,partner_action_idx,partner_action,reward,sparse_reward,built_in_shaped_reward,custom_shaped_reward,cum_sparse_after,cum_shaped_after,delivery_event,p0_pos_after,p0_held_after,p1_pos_after,p1_held_after,objects_after,pots_after
0,2,"(1, 0)","(2, 1)","(0, -1)",,"(1, 2)","(0, -1)",,,"(3, 0):empty;(4, 1):empty",0.0,0.0,1,"(0, 1)",0.0,0.0,0.0,0.0,0.0,0.0,False,"(3, 1)",,"(1, 3)",,,"(3, 0):empty;(4, 1):empty"
1,1,"(0, 1)","(3, 1)","(1, 0)",,"(1, 3)","(0, 1)",,,"(3, 0):empty;(4, 1):empty",0.0,0.0,5,interact,0.0,0.0,0.0,0.0,0.0,0.0,False,"(3, 2)",,"(1, 3)",onion,,"(3, 0):empty;(4, 1):empty"
2,1,"(0, 1)","(3, 2)","(0, 1)",,"(1, 3)","(0, 1)",onion,,"(3, 0):empty;(4, 1):empty",0.0,0.0,0,"(0, -1)",0.0,0.0,0.0,0.0,0.0,0.0,False,"(3, 3)",,"(1, 2)",onion,,"(3, 0):empty;(4, 1):empty"
3,3,"(-1, 0)","(3, 3)","(0, 1)",,"(1, 2)","(0, -1)",onion,,"(3, 0):empty;(4, 1):empty",0.0,0.0,0,"(0, -1)",0.0,0.0,0.0,0.0,0.0,0.0,False,"(2, 3)",,"(1, 1)",onion,,"(3, 0):empty;(4, 1):empty"
4,1,"(0, 1)","(2, 3)","(-1, 0)",,"(1, 1)","(0, -1)",onion,,"(3, 0):empty;(4, 1):empty",0.0,0.0,2,"(1, 0)",0.0,0.0,0.0,0.0,0.0,0.0,False,"(2, 3)",,"(2, 1)",onion,,"(3, 0):empty;(4, 1):empty"
5,3,"(-1, 0)","(2, 3)","(0, 1)",,"(2, 1)","(1, 0)",onion,,"(3, 0):empty;(4, 1):empty",0.0,0.0,2,"(1, 0)",0.0,0.0,0.0,0.0,0.0,0.0,False,"(1, 3)",,"(3, 1)",onion,,"(3, 0):empty;(4, 1):empty"
6,5,interact,"(1, 3)","(-1, 0)",,"(3, 1)","(1, 0)",onion,,"(3, 0):empty;(4, 1):empty",0.0,0.0,5,interact,3.3564,0.0,3.0,0.3564,0.0,3.0,False,"(1, 3)",onion,"(3, 1)",,"(4, 1):soup('onion', 1, 0)","(3, 0):empty;(4, 1):soup('onion', 1, 0)"
7,2,"(1, 0)","(1, 3)","(-1, 0)",onion,"(3, 1)","(1, 0)",,"(4, 1):soup('onion', 1, 0)","(3, 0):empty;(4, 1):soup('onion', 1, 0)",0.0,3.0,3,"(-1, 0)",-0.003600000000000003,0.0,0.0,-0.003600000000000003,0.0,3.0,False,"(2, 3)",onion,"(2, 1)",,"(4, 1):soup('onion', 1, 0)","(3, 0):empty;(4, 1):soup('onion', 1, 0)"
8,5,interact,"(2, 3)","(1, 0)",onion,"(2, 1)","(-1, 0)",,"(4, 1):soup('onion', 1, 0)","(3, 0):empty;(4, 1):soup('onion', 1, 0)",0.0,3.0,3,"(-1, 0)",-0.003600000000000003,0.0,0.0,-0.003600000000000003,0.0,3.0,False,"(2, 3)",onion,"(1, 1)",,"(4, 1):soup('onion', 1, 0)","(3, 0):empty;(4, 1):soup('onion', 1, 0)"
9,5,interact,"(2, 3)","(1, 0)",onion,"(1, 1)","(-1, 0)",,"(4, 1):soup('onion', 1, 0)","(3, 0):empty;(4, 1):soup('onion', 1, 0)",0.0,3.0,1,"(0, 1)",-0.003600000000000003,0.0,0.0,-0.003600000000000003,0.0,3.0,False,"(2, 3)",onion,"(1, 2)",,"(4, 1):soup('onion', 1, 0)","(3, 0):empty;(4, 1):soup('onion', 1, 0)"
10,2,"(1, 0)","(2, 3)","(1, 0)",onion,"(1, 2)","(0, 1)",,"(4, 1):soup('onion', 1, 0)","(3, 0):empty;(4, 1):soup('onion', 1, 0)",0.0,3.0,1,"(0, 1)",-0.003600000000000003,0.0,0.0,-0.003600000000000003,0.0,3.0,False,"(3, 3)",onion,"(1, 3)",,"(4, 1):soup('onion', 1, 0)","(3, 0):empty;(4, 1):soup('onion', 1, 0)"
11,2,"(1, 0)","(3, 3)","(1, 0)",onion,"(1, 3)","(0, 1)",,"(4, 1):soup('onion', 1, 0)","(3, 0):empty;(4, 1):soup('onion', 1, 0)",0.0,3.0,5,interact,-0.003600000000000003,0.0,0.0,-0.003600000000000003,0.0,3.0,False,"(3, 3)",onion,"(1, 3)",onion,"(4, 1):soup('onion', 1, 0)","(3, 0):empty;(4, 1):soup('onion', 1, 0)"
12,2,"(1, 0)","(3, 3)","(1, 0)",onion,"(1, 3)","(0, 1)",onion,"(4, 1):soup('onion', 1, 0)","(3, 0):empty;(4, 1):soup('onion', 1, 0)",0.0,3.0,0,"(0, -1)",-0.003600000000000003,0.0,0.0,-0.003600000000000003,0.0,3.0,False,"(3, 3)",onion,"(1, 2)",onion,"(4, 1):soup('onion', 1, 0)","(3, 0):empty;(4, 1):soup('onion', 1, 0)"
13,0,"(0, -1)","(3, 3)","(1, 0)",onion,"(1, 2)","(0, -1)",onion,"(4, 1):soup('onion', 1, 0)","(3, 0):empty;(4, 1):soup('onion', 1, 0)",0.0,3.0,0,"(0, -1)",-0.003600000000000003,0.0,0.0,-0.003600000000000003,0.0,3.0,False,"(3, 2)",onion,"(1, 1)",onion,"(4, 1):soup('onion', 1, 0)","(3, 0):empty;(4, 1):soup('onion', 1, 0)"
14,0,"(0, -1)","(3, 2)","(0, -1)",onion,"(1, 1)","(0, -1)",onion,"(4, 1):soup('onion', 1, 0)","(3, 0):empty;(4, 1):soup('onion', 1, 0)",0.0,3.0,0,"(0, -1)",-0.003600000000000003,0.0,0.0,-0.003600000000000003,0.0,3.0,False,"(3, 1)",onion,"(1, 1)",onion,"(4, 1):soup('onion', 1, 0)","(3, 0):empty;(4, 1):soup('onion', 1, 0)"
15,5,interact,"(3, 1)","(0, -1)",onion,"(1, 1)","(0, -1)",onion,"(4, 1):soup('onion', 1, 0)","(3, 0):empty;(4, 1):soup('onion', 1, 0)",0.0,3.0,2,"(1, 0)",3.3528,0.0,3.0,0.35279999999999995,0.0,6.0,False,"(3, 1)",,"(2, 1)",onion,"(3, 0):soup('onion', 1, 0);(4, 1):soup('onion', 1, 0)","(3, 0):soup('onion', 1, 0);(4, 1):soup('onion', 1, 0)"
16,1,"(0, 1)","(3, 1)","(0, -1)",,"(2, 1)","(1, 0)",onion,"(3, 0):soup('onion', 1, 0);(4, 1):soup('onion', 1, 0)","(3, 0):soup('onion', 1, 0);(4, 1):soup('onion', 1, 0)",0.0,6.0,4,"(0, 0)",-0.007200000000000006,0.0,0.0,-0.007200000000000006,0.0,6.0,False,"(3, 2)",,"(2, 1)",onion,"(3, 0):soup('onion', 1, 0);(4, 1):soup('onion', 1, 0)","(3, 0):soup('onion', 1, 0);(4, 1):soup('onion', 1, 0)"
17,1,"(0, 1)","(3, 2)","(0, 1)",,"(2, 1)","(1, 0)",onion,"(3, 0):soup('onion', 1, 0);(4, 1):soup('onion', 1, 0)","(3, 0):soup('onion', 1, 0);(4, 1):soup('onion', 1, 0)",0.0,6.0,2,"(1, 0)",-0.007200000000000006,0.0,0.0,-0.007200000000000006,0.0,6.0,False,"(3, 3)",,"(3, 1)",onion,"(3, 0):soup('onion', 1, 0);(4, 1):soup('onion', 1, 0)","(3, 0):soup('onion', 1, 0);(4, 1):soup('onion', 1, 0)"
18,3,"(-1, 0)","(3, 3)","(0, 1)",,"(3, 1)","(1, 0)",onion,"(3, 0):soup('onion', 1, 0);(4, 1):soup('onion', 1, 0)","(3, 0):soup('onion', 1, 0);(4, 1):soup('onion', 1, 0)",0.0,6.0,0,"(0, -1)",-0.007200000000000006,0.0,0.0,-0.007200000000000006,0.0,6.0,False,"(2, 3)",,"(3, 1)",onion,"(3, 0):soup('onion', 1, 0);(4, 1):soup('onion', 1, 0)","(3, 0):soup('onion', 1, 0);(4, 1):soup('onion', 1, 0)"
19,3,"(-1, 0)","(2, 3)","(-1, 0)",,"(3, 1)","(0, -1)",onion,"(3, 0):soup('onion', 1, 0);(4, 1):soup('onion', 1, 0)","(3, 0):soup('onion', 1, 0);(4, 1):soup('onion', 1, 0)",0.0,6.0,5,interact,3.3491999999999997,0.0,3.0,0.3491999999999999,0.0,9.0,False,"(1, 3)",,"(3, 1)",,"(3, 0):soup('onion', 2, 0);(4, 1):soup('onion', 1, 0)","(3, 0):soup('onion', 2, 0);(4, 1):soup('onion', 1, 0)"
20,5,interact,"(1, 3)","(-1, 0)",,"(3, 1)","(0, -1)",,"(3, 0):soup('onion', 2, 0);(4, 1):soup('onion', 1, 0)","(3, 0):soup('onion', 2, 0);(4, 1):soup('onion', 1, 0)",0.0,9.0,3,"(-1, 0)",-0.01080000000000001,0.0,0.0,-0.01080000000000001,0.0,9.0,False,"(1, 3)",onion,"(2, 1)",,"(3, 0):soup('onion', 2, 0);(4, 1):soup('onion', 1, 0)","(3, 0):soup('onion', 2, 0);(4, 1):soup('onion', 1, 0)"
21,2,"(1, 0)","(1, 3)","(-1, 0)",onion,"(2, 1)","(-1, 0)",,"(3, 0):soup('onion', 2, 0);(4, 1):soup('onion', 1, 0)","(3, 0):soup('onion', 2, 0);(4, 1):soup('onion', 1, 0)",0.0,9.0,3,"(-1, 0)",-0.01080000000000001,0.0,0.0,-0.01080000000000001,0.0,9.0,False,"(2, 3)",onion,"(1, 1)",,"(3, 0):soup('onion', 2, 0);(4, 1):soup('onion', 1, 0)","(3, 0):soup('onion', 2, 0);(4, 1):soup('onion', 1, 0)"
22,5,interact,"(2, 3)","(1, 0)",onion,"(1, 1)","(-1, 0)",,"(3, 0):soup('onion', 2, 0);(4, 1):soup('onion', 1, 0)","(3, 0):soup('onion', 2, 0);(4, 1):soup('onion', 1, 0)",0.0,9.0,1,"(0, 1)",-0.01080000000000001,0.0,0.0,-0.01080000000000001,0.0,9.0,False,"(2, 3)",onion,"(1, 2)",,"(3, 0):soup('onion', 2, 0);(4, 1):soup('onion', 1, 0)","(3, 0):soup('onion', 2, 0);(4, 1):soup('onion', 1, 0)"
23,5,interact,"(2, 3)","(1, 0)",onion,"(1, 2)","(0, 1)",,"(3, 0):soup('onion', 2, 0);(4, 1):soup('onion', 1, 0)","(3, 0):soup('onion', 2, 0);(4, 1):soup('onion', 1, 0)",0.0,9.0,1,"(0, 1)",-0.01080000000000001,0.0,0.0,-0.01080000000000001,0.0,9.0,False,"(2, 3)",onion,"(1, 3)",,"(3, 0):soup('onion', 2, 0);(4, 1):soup('onion', 1, 0)","(3, 0):soup('onion', 2, 0);(4, 1):soup('onion', 1, 0)"
24,2,"(1, 0)","(2, 3)","(1, 0)",onion,"(1, 3)","(0, 1)",,"(3, 0):soup('onion', 2, 0);(4, 1):soup('onion', 1, 0)","(3, 0):soup('onion', 2, 0);(4, 1):soup('onion', 1, 0)",0.0,9.0,5,interact,-0.01080000000000001,0.0,0.0,-0.01080000000000001,0.0,9.0,False,"(3, 3)",onion,"(1, 3)",onion,"(3, 0):soup('onion', 2, 0);(4, 1):soup('onion', 1, 0)","(3, 0):soup('onion', 2, 0);(4, 1):soup('onion', 1, 0)"
25,0,"(0, -1)","(3, 3)","(1, 0)",onion,"(1, 3)","(0, 1)",onion,"(3, 0):soup('onion', 2, 0);(4, 1):soup('onion', 1, 0)","(3, 0):soup('onion', 2, 0);(4, 1):soup('onion', 1, 0)",0.0,9.0,0,"(0, -1)",-0.01080000000000001,0.0,0.0,-0.01080000000000001,0.0,9.0,False,"(3, 2)",onion,"(1, 2)",onion,"(3, 0):soup('onion', 2, 0);(4, 1):soup('onion', 1, 0)","(3, 0):soup('onion', 2, 0);(4, 1):soup('onion', 1, 0)"
26,0,"(0, -1)","(3, 2)","(0, -1)",onion,"(1, 2)","(0, -1)",onion,"(3, 0):soup('onion', 2, 0);(4, 1):soup('onion', 1, 0)","(3, 0):soup('onion', 2, 0);(4, 1):soup('onion', 1, 0)",0.0,9.0,0,"(0, -1)",-0.01080000000000001,0.0,0.0,-0.01080000000000001,0.0,9.0,False,"(3, 1)",onion,"(1, 1)",onion,"(3, 0):soup('onion', 2, 0);(4, 1):soup('onion', 1, 0)","(3, 0):soup('onion', 2, 0);(4, 1):soup('onion', 1, 0)"
27,5,interact,"(3, 1)","(0, -1)",onion,"(1, 1)","(0, -1)",onion,"(3, 0):soup('onion', 2, 0);(4, 1):soup('onion', 1, 0)","(3, 0):soup('onion', 2, 0);(4, 1):soup('onion', 1, 0)",0.0,9.0,2,"(1, 0)",3.4644,0.0,3.0,0.4644,0.0,12.0,False,"(3, 1)",,"(2, 1)",onion,"(3, 0):soup('onion', 3, 1);(4, 1):soup('onion', 1, 0)","(3, 0):soup('onion', 3, 1);(4, 1):soup('onion', 1, 0)"
28,1,"(0, 1)","(3, 1)","(0, -1)",,"(2, 1)","(1, 0)",onion,"(3, 0):soup('onion', 3, 1);(4, 1):soup('onion', 1, 0)","(3, 0):soup('onion', 3, 1);(4, 1):soup('onion', 1, 0)",0.0,12.0,4,"(0, 0)",-0.015600000000000147,0.0,0.0,-0.015600000000000147,0.0,12.0,False,"(3, 2)",,"(2, 1)",onion,"(3, 0):soup('onion', 3, 2);(4, 1):soup('onion', 1, 0)","(3, 0):soup('onion', 3, 2);(4, 1):soup('onion', 1, 0)"
29,1,"(0, 1)","(3, 2)","(0, 1)",,"(2, 1)","(1, 0)",onion,"(3, 0):soup('onion', 3, 2);(4, 1):soup('onion', 1, 0)","(3, 0):soup('onion', 3, 2);(4, 1):soup('onion', 1, 0)",0.0,12.0,2,"(1, 0)",-0.015600000000000147,0.0,0.0,-0.015600000000000147,0.0,12.0,False,"(3, 3)",,"(3, 1)",onion,"(3, 0):soup('onion', 3, 3);(4, 1):soup('onion', 1, 0)","(3, 0):soup('onion', 3, 3);(4, 1):soup('onion', 1, 0)"
30,3,"(-1, 0)","(3, 3)","(0, 1)",,"(3, 1)","(1, 0)",onion,"(3, 0):soup('onion', 3, 3);(4, 1):soup('onion', 1, 0)","(3, 0):soup('onion', 3, 3);(4, 1):soup('onion', 1, 0)",0.0,12.0,5,interact,3.3408,0.0,3.0,0.34080000000000005,0.0,15.0,False,"(2, 3)",,"(3, 1)",,"(3, 0):soup('onion', 3, 4);(4, 1):soup('onion', 2, 0)","(3, 0):soup('onion', 3, 4);(4, 1):soup('onion', 2, 0)"
31,3,"(-1, 0)","(2, 3)","(-1, 0)",,"(3, 1)","(1, 0)",,"(3, 0):soup('onion', 3, 4);(4, 1):soup('onion', 2, 0)","(3, 0):soup('onion', 3, 4);(4, 1):soup('onion', 2, 0)",0.0,15.0,3,"(-1, 0)",-0.019200000000000016,0.0,0.0,-0.019200000000000016,0.0,15.0,False,"(1, 3)",,"(2, 1)",,"(3, 0):soup('onion', 3, 5);(4, 1):soup('onion', 2, 0)","(3, 0):soup('onion', 3, 5);(4, 1):soup('onion', 2, 0)"
32,0,"(0, -1)","(1, 3)","(-1, 0)",,"(2, 1)","(-1, 0)",,"(3, 0):soup('onion', 3, 5);(4, 1):soup('onion', 2, 0)","(3, 0):soup('onion', 3, 5);(4, 1):soup('onion', 2, 0)",0.0,15.0,3,"(-1, 0)",-0.019200000000000016,0.0,0.0,-0.019200000000000016,0.0,15.0,False,"(1, 2)",,"(1, 1)",,"(3, 0):soup('onion', 3, 6);(4, 1):soup('onion', 2, 0)","(3, 0):soup('onion', 3, 6);(4, 1):soup('onion', 2, 0)"
33,3,"(-1, 0)","(1, 2)","(0, -1)",,"(1, 1)","(-1, 0)",,"(3, 0):soup('onion', 3, 6);(4, 1):soup('onion', 2, 0)","(3, 0):soup('onion', 3, 6);(4, 1):soup('onion', 2, 0)",0.0,15.0,1,"(0, 1)",-0.019200000000000016,0.0,0.0,-0.019200000000000016,0.0,15.0,False,"(1, 2)",,"(1, 1)",,"(3, 0):soup('onion', 3, 7);(4, 1):soup('onion', 2, 0)","(3, 0):soup('onion', 3, 7);(4, 1):soup('onion', 2, 0)"
34,5,interact,"(1, 2)","(-1, 0)",,"(1, 1)","(0, 1)",,"(3, 0):soup('onion', 3, 7);(4, 1):soup('onion', 2, 0)","(3, 0):soup('onion', 3, 7);(4, 1):soup('onion', 2, 0)",0.0,15.0,1,"(0, 1)",2.9808,0.0,3.0,-0.019200000000000016,0.0,18.0,False,"(1, 2)",dish,"(1, 1)",,"(3, 0):soup('onion', 3, 8);(4, 1):soup('onion', 2, 0)","(3, 0):soup('onion', 3, 8);(4, 1):soup('onion', 2, 0)"
35,1,"(0, 1)","(1, 2)","(-1, 0)",dish,"(1, 1)","(0, 1)",,"(3, 0):soup('onion', 3, 8);(4, 1):soup('onion', 2, 0)","(3, 0):soup('onion', 3, 8);(4, 1):soup('onion', 2, 0)",0.0,18.0,1,"(0, 1)",-0.019200000000000016,0.0,0.0,-0.019200000000000016,0.0,18.0,False,"(1, 3)",dish,"(1, 2)",,"(3, 0):soup('onion', 3, 9);(4, 1):soup('onion', 2, 0)","(3, 0):soup('onion', 3, 9);(4, 1):soup('onion', 2, 0)"
36,4,"(0, 0)","(1, 3)","(0, 1)",dish,"(1, 2)","(0, 1)",,"(3, 0):soup('onion', 3, 9);(4, 1):soup('onion', 2, 0)","(3, 0):soup('onion', 3, 9);(4, 1):soup('onion', 2, 0)",0.0,18.0,1,"(0, 1)",-0.019200000000000016,0.0,0.0,-0.019200000000000016,0.0,18.0,False,"(1, 3)",dish,"(1, 2)",,"(3, 0):soup('onion', 3, 10);(4, 1):soup('onion', 2, 0)","(3, 0):soup('onion', 3, 10);(4, 1):soup('onion', 2, 0)"
37,4,"(0, 0)","(1, 3)","(0, 1)",dish,"(1, 2)","(0, 1)",,"(3, 0):soup('onion', 3, 10);(4, 1):soup('onion', 2, 0)","(3, 0):soup('onion', 3, 10);(4, 1):soup('onion', 2, 0)",0.0,18.0,1,"(0, 1)",-0.019200000000000016,0.0,0.0,-0.019200000000000016,0.0,18.0,False,"(1, 3)",dish,"(1, 2)",,"(3, 0):soup('onion', 3, 11);(4, 1):soup('onion', 2, 0)","(3, 0):soup('onion', 3, 11);(4, 1):soup('onion', 2, 0)"
38,4,"(0, 0)","(1, 3)","(0, 1)",dish,"(1, 2)","(0, 1)",,"(3, 0):soup('onion', 3, 11);(4, 1):soup('onion', 2, 0)","(3, 0):soup('onion', 3, 11);(4, 1):soup('onion', 2, 0)",0.0,18.0,1,"(0, 1)",-0.019200000000000016,0.0,0.0,-0.019200000000000016,0.0,18.0,False,"(1, 3)",dish,"(1, 2)",,"(3, 0):soup('onion', 3, 12);(4, 1):soup('onion', 2, 0)","(3, 0):soup('onion', 3, 12);(4, 1):soup('onion', 2, 0)"
39,4,"(0, 0)","(1, 3)","(0, 1)",dish,"(1, 2)","(0, 1)",,"(3, 0):soup('onion', 3, 12);(4, 1):soup('onion', 2, 0)","(3, 0):soup('onion', 3, 12);(4, 1):soup('onion', 2, 0)",0.0,18.0,1,"(0, 1)",-0.019200000000000016,0.0,0.0,-0.019200000000000016,0.0,18.0,False,"(1, 3)",dish,"(1, 2)",,"(3, 0):soup('onion', 3, 13);(4, 1):soup('onion', 2, 0)","(3, 0):soup('onion', 3, 13);(4, 1):soup('onion', 2, 0)"
40,4,"(0, 0)","(1, 3)","(0, 1)",dish,"(1, 2)","(0, 1)",,"(3, 0):soup('onion', 3, 13);(4, 1):soup('onion', 2, 0)","(3, 0):soup('onion', 3, 13);(4, 1):soup('onion', 2, 0)",0.0,18.0,1,"(0, 1)",-0.019200000000000016,0.0,0.0,-0.019200000000000016,0.0,18.0,False,"(1, 3)",dish,"(1, 2)",,"(3, 0):soup('onion', 3, 14);(4, 1):soup('onion', 2, 0)","(3, 0):soup('onion', 3, 14);(4, 1):soup('onion', 2, 0)"
41,4,"(0, 0)","(1, 3)","(0, 1)",dish,"(1, 2)","(0, 1)",,"(3, 0):soup('onion', 3, 14);(4, 1):soup('onion', 2, 0)","(3, 0):soup('onion', 3, 14);(4, 1):soup('onion', 2, 0)",0.0,18.0,1,"(0, 1)",-0.019200000000000016,0.0,0.0,-0.019200000000000016,0.0,18.0,False,"(1, 3)",dish,"(1, 2)",,"(3, 0):soup('onion', 3, 15);(4, 1):soup('onion', 2, 0)","(3, 0):soup('onion', 3, 15);(4, 1):soup('onion', 2, 0)"
42,4,"(0, 0)","(1, 3)","(0, 1)",dish,"(1, 2)","(0, 1)",,"(3, 0):soup('onion', 3, 15);(4, 1):soup('onion', 2, 0)","(3, 0):soup('onion', 3, 15);(4, 1):soup('onion', 2, 0)",0.0,18.0,1,"(0, 1)",-0.019200000000000016,0.0,0.0,-0.019200000000000016,0.0,18.0,False,"(1, 3)",dish,"(1, 2)",,"(3, 0):soup('onion', 3, 16);(4, 1):soup('onion', 2, 0)","(3, 0):soup('onion', 3, 16);(4, 1):soup('onion', 2, 0)"
43,4,"(0, 0)","(1, 3)","(0, 1)",dish,"(1, 2)","(0, 1)",,"(3, 0):soup('onion', 3, 16);(4, 1):soup('onion', 2, 0)","(3, 0):soup('onion', 3, 16);(4, 1):soup('onion', 2, 0)",0.0,18.0,1,"(0, 1)",-0.019200000000000016,0.0,0.0,-0.019200000000000016,0.0,18.0,False,"(1, 3)",dish,"(1, 2)",,"(3, 0):soup('onion', 3, 17);(4, 1):soup('onion', 2, 0)","(3, 0):soup('onion', 3, 17);(4, 1):soup('onion', 2, 0)"
44,4,"(0, 0)","(1, 3)","(0, 1)",dish,"(1, 2)","(0, 1)",,"(3, 0):soup('onion', 3, 17);(4, 1):soup('onion', 2, 0)","(3, 0):soup('onion', 3, 17);(4, 1):soup('onion', 2, 0)",0.0,18.0,1,"(0, 1)",-0.019200000000000016,0.0,0.0,-0.019200000000000016,0.0,18.0,False,"(1, 3)",dish,"(1, 2)",,"(3, 0):soup('onion', 3, 18);(4, 1):soup('onion', 2, 0)","(3, 0):soup('onion', 3, 18);(4, 1):soup('onion', 2, 0)"
45,4,"(0, 0)","(1, 3)","(0, 1)",dish,"(1, 2)","(0, 1)",,"(3, 0):soup('onion', 3, 18);(4, 1):soup('onion', 2, 0)","(3, 0):soup('onion', 3, 18);(4, 1):soup('onion', 2, 0)",0.0,18.0,1,"(0, 1)",-0.019200000000000016,0.0,0.0,-0.019200000000000016,0.0,18.0,False,"(1, 3)",dish,"(1, 2)",,"(3, 0):soup('onion', 3, 19);(4, 1):soup('onion', 2, 0)","(3, 0):soup('onion', 3, 19);(4, 1):soup('onion', 2, 0)"
46,4,"(0, 0)","(1, 3)","(0, 1)",dish,"(1, 2)","(0, 1)",,"(3, 0):soup('onion', 3, 19);(4, 1):soup('onion', 2, 0)","(3, 0):soup('onion', 3, 19);(4, 1):soup('onion', 2, 0)",0.0,18.0,1,"(0, 1)",0.5747999999999995,0.0,0.0,0.5747999999999995,0.0,18.0,False,"(1, 3)",dish,"(1, 2)",,"(3, 0):soup('onion', 3, 20);(4, 1):soup('onion', 2, 0)","(3, 0):soup('onion', 3, 20);(4, 1):soup('onion', 2, 0)"
47,2,"(1, 0)","(1, 3)","(0, 1)",dish,"(1, 2)","(0, 1)",,"(3, 0):soup('onion', 3, 20);(4, 1):soup('onion', 2, 0)","(3, 0):soup('onion', 3, 20);(4, 1):soup('onion', 2, 0)",0.0,18.0,1,"(0, 1)",-0.02519999999999989,0.0,0.0,-0.02519999999999989,0.0,18.0,False,"(2, 3)",dish,"(1, 3)",,"(3, 0):soup('onion', 3, 20);(4, 1):soup('onion', 2, 0)","(3, 0):soup('onion', 3, 20);(4, 1):soup('onion', 2, 0)"
48,2,"(1, 0)","(2, 3)","(1, 0)",dish,"(1, 3)","(0, 1)",,"(3, 0):soup('onion', 3, 20);(4, 1):soup('onion', 2, 0)","(3, 0):soup('onion', 3, 20);(4, 1):soup('onion', 2, 0)",0.0,18.0,5,interact,-0.02519999999999989,0.0,0.0,-0.02519999999999989,0.0,18.0,False,"(3, 3)",dish,"(1, 3)",onion,"(3, 0):soup('onion', 3, 20);(4, 1):soup('onion', 2, 0)","(3, 0):soup('onion', 3, 20);(4, 1):soup('onion', 2, 0)"
49,0,"(0, -1)","(3, 3)","(1, 0)",dish,"(1, 3)","(0, 1)",onion,"(3, 0):soup('onion', 3, 20);(4, 1):soup('onion', 2, 0)","(3, 0):soup('onion', 3, 20);(4, 1):soup('onion', 2, 0)",0.0,18.0,3,"(-1, 0)",-0.02519999999999989,0.0,0.0,-0.02519999999999989,0.0,18.0,False,"(3, 2)",dish,"(1, 3)",onion,"(3, 0):soup('onion', 3, 20);(4, 1):soup('onion', 2, 0)","(3, 0):soup('onion', 3, 20);(4, 1):soup('onion', 2, 0)"
50,0,"(0, -1)","(3, 2)","(0, -1)",dish,"(1, 3)","(-1, 0)",onion,"(3, 0):soup('onion', 3, 20);(4, 1):soup('onion', 2, 0)","(3, 0):soup('onion', 3, 20);(4, 1):soup('onion', 2, 0)",0.0,18.0,5,interact,-0.02519999999999989,0.0,0.0,-0.02519999999999989,0.0,18.0,False,"(3, 1)",dish,"(1, 3)",onion,"(3, 0):soup('onion', 3, 20);(4, 1):soup('onion', 2, 0)","(3, 0):soup('onion', 3, 20);(4, 1):soup('onion', 2, 0)"
51,5,interact,"(3, 1)","(0, -1)",dish,"(1, 3)","(-1, 0)",onion,"(3, 0):soup('onion', 3, 20);(4, 1):soup('onion', 2, 0)","(3, 0):soup('onion', 3, 20);(4, 1):soup('onion', 2, 0)",0.0,18.0,1,"(0, 1)",5.3312,0.0,5.0,0.33120000000000027,0.0,23.0,False,"(3, 1)","soup('onion', 3, 20)","(1, 3)",onion,"(4, 1):soup('onion', 2, 0)","(3, 0):empty;(4, 1):soup('onion', 2, 0)"
52,1,"(0, 1)","(3, 1)","(0, -1)","soup('onion', 3, 20)","(1, 3)","(0, 1)",onion,"(4, 1):soup('onion', 2, 0)","(3, 0):empty;(4, 1):soup('onion', 2, 0)",0.0,23.0,0,"(0, -1)",0.030600000000000092,0.0,0.0,0.030600000000000092,0.0,23.0,False,"(3, 2)","soup('onion', 3, 20)","(1, 2)",onion,"(4, 1):soup('onion', 2, 0)","(3, 0):empty;(4, 1):soup('onion', 2, 0)"
53,1,"(0, 1)","(3, 2)","(0, 1)","soup('onion', 3, 20)","(1, 2)","(0, -1)",onion,"(4, 1):soup('onion', 2, 0)","(3, 0):empty;(4, 1):soup('onion', 2, 0)",0.0,23.0,0,"(0, -1)",0.02999999999999989,0.0,0.0,0.02999999999999989,0.0,23.0,False,"(3, 3)","soup('onion', 3, 20)","(1, 1)",onion,"(4, 1):soup('onion', 2, 0)","(3, 0):empty;(4, 1):soup('onion', 2, 0)"
54,3,"(-1, 0)","(3, 3)","(0, 1)","soup('onion', 3, 20)","(1, 1)","(0, -1)",onion,"(4, 1):soup('onion', 2, 0)","(3, 0):empty;(4, 1):soup('onion', 2, 0)",0.0,23.0,2,"(1, 0)",0.029400000000000225,0.0,0.0,0.029400000000000225,0.0,23.0,False,"(2, 3)","soup('onion', 3, 20)","(2, 1)",onion,"(4, 1):soup('onion', 2, 0)","(3, 0):empty;(4, 1):soup('onion', 2, 0)"
55,1,"(0, 1)","(2, 3)","(-1, 0)","soup('onion', 3, 20)","(2, 1)","(1, 0)",onion,"(4, 1):soup('onion', 2, 0)","(3, 0):empty;(4, 1):soup('onion', 2, 0)",0.0,23.0,0,"(0, -1)",-0.030600000000000092,0.0,0.0,-0.030600000000000092,0.0,23.0,False,"(2, 3)","soup('onion', 3, 20)","(2, 1)",onion,"(4, 1):soup('onion', 2, 0)","(3, 0):empty;(4, 1):soup('onion', 2, 0)"
56,5,interact,"(2, 3)","(0, 1)","soup('onion', 3, 20)","(2, 1)","(0, -1)",onion,"(4, 1):soup('onion', 2, 0)","(3, 0):empty;(4, 1):soup('onion', 2, 0)",0.0,23.0,2,"(1, 0)",17.6528,20.0,0.0,-2.3472000000000004,20.0,23.0,True,"(2, 3)",,"(3, 1)",onion,"(4, 1):soup('onion', 2, 0)","(3, 0):empty;(4, 1):soup('onion', 2, 0)"
57,3,"(-1, 0)","(2, 3)","(0, 1)",,"(3, 1)","(1, 0)",onion,"(4, 1):soup('onion', 2, 0)","(3, 0):empty;(4, 1):soup('onion', 2, 0)",20.0,23.0,5,interact,3.468,0.0,3.0,0.46799999999999997,20.0,26.0,False,"(1, 3)",,"(3, 1)",,"(4, 1):soup('onion', 3, 1)","(3, 0):empty;(4, 1):soup('onion', 3, 1)"
58,5,interact,"(1, 3)","(-1, 0)",,"(3, 1)","(1, 0)",,"(4, 1):soup('onion', 3, 1)","(3, 0):empty;(4, 1):soup('onion', 3, 1)",20.0,26.0,5,interact,-0.01200000000000001,0.0,0.0,-0.01200000000000001,20.0,26.0,False,"(1, 3)",onion,"(3, 1)",,"(4, 1):soup('onion', 3, 2)","(3, 0):empty;(4, 1):soup('onion', 3, 2)"
59,2,"(1, 0)","(1, 3)","(-1, 0)",onion,"(3, 1)","(1, 0)",,"(4, 1):soup('onion', 3, 2)","(3, 0):empty;(4, 1):soup('onion', 3, 2)",20.0,26.0,5,interact,-0.01200000000000001,0.0,0.0,-0.01200000000000001,20.0,26.0,False,"(2, 3)",onion,"(3, 1)",,"(4, 1):soup('onion', 3, 3)","(3, 0):empty;(4, 1):soup('onion', 3, 3)"
60,2,"(1, 0)","(2, 3)","(1, 0)",onion,"(3, 1)","(1, 0)",,"(4, 1):soup('onion', 3, 3)","(3, 0):empty;(4, 1):soup('onion', 3, 3)",20.0,26.0,5,interact,-0.01200000000000001,0.0,0.0,-0.01200000000000001,20.0,26.0,False,"(3, 3)",onion,"(3, 1)",,"(4, 1):soup('onion', 3, 4)","(3, 0):empty;(4, 1):soup('onion', 3, 4)"
61,0,"(0, -1)","(3, 3)","(1, 0)",onion,"(3, 1)","(1, 0)",,"(4, 1):soup('onion', 3, 4)","(3, 0):empty;(4, 1):soup('onion', 3, 4)",20.0,26.0,3,"(-1, 0)",-0.01200000000000001,0.0,0.0,-0.01200000000000001,20.0,26.0,False,"(3, 2)",onion,"(2, 1)",,"(4, 1):soup('onion', 3, 5)","(3, 0):empty;(4, 1):soup('onion', 3, 5)"
62,0,"(0, -1)","(3, 2)","(0, -1)",onion,"(2, 1)","(-1, 0)",,"(4, 1):soup('onion', 3, 5)","(3, 0):empty;(4, 1):soup('onion', 3, 5)",20.0,26.0,3,"(-1, 0)",-0.01200000000000001,0.0,0.0,-0.01200000000000001,20.0,26.0,False,"(3, 1)",onion,"(1, 1)",,"(4, 1):soup('onion', 3, 6)","(3, 0):empty;(4, 1):soup('onion', 3, 6)"
63,5,interact,"(3, 1)","(0, -1)",onion,"(1, 1)","(-1, 0)",,"(4, 1):soup('onion', 3, 6)","(3, 0):empty;(4, 1):soup('onion', 3, 6)",20.0,26.0,2,"(1, 0)",3.3444,0.0,3.0,0.3443999999999999,20.0,29.0,False,"(3, 1)",,"(2, 1)",,"(3, 0):soup('onion', 1, 0);(4, 1):soup('onion', 3, 7)","(3, 0):soup('onion', 1, 0);(4, 1):soup('onion', 3, 7)"
64,1,"(0, 1)","(3, 1)","(0, -1)",,"(2, 1)","(1, 0)",,"(3, 0):soup('onion', 1, 0);(4, 1):soup('onion', 3, 7)","(3, 0):soup('onion', 1, 0);(4, 1):soup('onion', 3, 7)",20.0,29.0,3,"(-1, 0)",-0.015600000000000147,0.0,0.0,-0.015600000000000147,20.0,29.0,False,"(3, 2)",,"(1, 1)",,"(3, 0):soup('onion', 1, 0);(4, 1):soup('onion', 3, 8)","(3, 0):soup('onion', 1, 0);(4, 1):soup('onion', 3, 8)"
65,1,"(0, 1)","(3, 2)","(0, 1)",,"(1, 1)","(-1, 0)",,"(3, 0):soup('onion', 1, 0);(4, 1):soup('onion', 3, 8)","(3, 0):soup('onion', 1, 0);(4, 1):soup('onion', 3, 8)",20.0,29.0,2,"(1, 0)",-0.015600000000000147,0.0,0.0,-0.015600000000000147,20.0,29.0,False,"(3, 3)",,"(2, 1)",,"(3, 0):soup('onion', 1, 0);(4, 1):soup('onion', 3, 9)","(3, 0):soup('onion', 1, 0);(4, 1):soup('onion', 3, 9)"
66,3,"(-1, 0)","(3, 3)","(0, 1)",,"(2, 1)","(1, 0)",,"(3, 0):soup('onion', 1, 0);(4, 1):soup('onion', 3, 9)","(3, 0):soup('onion', 1, 0);(4, 1):soup('onion', 3, 9)",20.0,29.0,5,interact,-0.015600000000000147,0.0,0.0,-0.015600000000000147,20.0,29.0,False,"(2, 3)",,"(2, 1)",,"(3, 0):soup('onion', 1, 0);(4, 1):soup('onion', 3, 10)","(3, 0):soup('onion', 1, 0);(4, 1):soup('onion', 3, 10)"
67,3,"(-1, 0)","(2, 3)","(-1, 0)",,"(2, 1)","(1, 0)",,"(3, 0):soup('onion', 1, 0);(4, 1):soup('onion', 3, 10)","(3, 0):soup('onion', 1, 0);(4, 1):soup('onion', 3, 10)",20.0,29.0,3,"(-1, 0)",-0.015600000000000147,0.0,0.0,-0.015600000000000147,20.0,29.0,False,"(1, 3)",,"(1, 1)",,"(3, 0):soup('onion', 1, 0);(4, 1):soup('onion', 3, 11)","(3, 0):soup('onion', 1, 0);(4, 1):soup('onion', 3, 11)"
68,0,"(0, -1)","(1, 3)","(-1, 0)",,"(1, 1)","(-1, 0)",,"(3, 0):soup('onion', 1, 0);(4, 1):soup('onion', 3, 11)","(3, 0):soup('onion', 1, 0);(4, 1):soup('onion', 3, 11)",20.0,29.0,2,"(1, 0)",-0.015600000000000147,0.0,0.0,-0.015600000000000147,20.0,29.0,False,"(1, 2)",,"(2, 1)",,"(3, 0):soup('onion', 1, 0);(4, 1):soup('onion', 3, 12)","(3, 0):soup('onion', 1, 0);(4, 1):soup('onion', 3, 12)"
69,3,"(-1, 0)","(1, 2)","(0, -1)",,"(2, 1)","(1, 0)",,"(3, 0):soup('onion', 1, 0);(4, 1):soup('onion', 3, 12)","(3, 0):soup('onion', 1, 0);(4, 1):soup('onion', 3, 12)",20.0,29.0,3,"(-1, 0)",-0.015600000000000147,0.0,0.0,-0.015600000000000147,20.0,29.0,False,"(1, 2)",,"(1, 1)",,"(3, 0):soup('onion', 1, 0);(4, 1):soup('onion', 3, 13)","(3, 0):soup('onion', 1, 0);(4, 1):soup('onion', 3, 13)"
70,5,interact,"(1, 2)","(-1, 0)",,"(1, 1)","(-1, 0)",,"(3, 0):soup('onion', 1, 0);(4, 1):soup('onion', 3, 13)","(3, 0):soup('onion', 1, 0);(4, 1):soup('onion', 3, 13)",20.0,29.0,1,"(0, 1)",2.9844,0.0,3.0,-0.015600000000000147,20.0,32.0,False,"(1, 2)",dish,"(1, 1)",,"(3, 0):soup('onion', 1, 0);(4, 1):soup('onion', 3, 14)","(3, 0):soup('onion', 1, 0);(4, 1):soup('onion', 3, 14)"
71,1,"(0, 1)","(1, 2)","(-1, 0)",dish,"(1, 1)","(0, 1)",,"(3, 0):soup('onion', 1, 0);(4, 1):soup('onion', 3, 14)","(3, 0):soup('onion', 1, 0);(4, 1):soup('onion', 3, 14)",20.0,32.0,1,"(0, 1)",-0.015600000000000147,0.0,0.0,-0.015600000000000147,20.0,32.0,False,"(1, 3)",dish,"(1, 2)",,"(3, 0):soup('onion', 1, 0);(4, 1):soup('onion', 3, 15)","(3, 0):soup('onion', 1, 0);(4, 1):soup('onion', 3, 15)"
72,4,"(0, 0)","(1, 3)","(0, 1)",dish,"(1, 2)","(0, 1)",,"(3, 0):soup('onion', 1, 0);(4, 1):soup('onion', 3, 15)","(3, 0):soup('onion', 1, 0);(4, 1):soup('onion', 3, 15)",20.0,32.0,2,"(1, 0)",-0.015600000000000147,0.0,0.0,-0.015600000000000147,20.0,32.0,False,"(1, 3)",dish,"(1, 2)",,"(3, 0):soup('onion', 1, 0);(4, 1):soup('onion', 3, 16)","(3, 0):soup('onion', 1, 0);(4, 1):soup('onion', 3, 16)"
73,4,"(0, 0)","(1, 3)","(0, 1)",dish,"(1, 2)","(1, 0)",,"(3, 0):soup('onion', 1, 0);(4, 1):soup('onion', 3, 16)","(3, 0):soup('onion', 1, 0);(4, 1):soup('onion', 3, 16)",20.0,32.0,2,"(1, 0)",-0.015600000000000147,0.0,0.0,-0.015600000000000147,20.0,32.0,False,"(1, 3)",dish,"(1, 2)",,"(3, 0):soup('onion', 1, 0);(4, 1):soup('onion', 3, 17)","(3, 0):soup('onion', 1, 0);(4, 1):soup('onion', 3, 17)"
74,4,"(0, 0)","(1, 3)","(0, 1)",dish,"(1, 2)","(1, 0)",,"(3, 0):soup('onion', 1, 0);(4, 1):soup('onion', 3, 17)","(3, 0):soup('onion', 1, 0);(4, 1):soup('onion', 3, 17)",20.0,32.0,2,"(1, 0)",-0.015600000000000147,0.0,0.0,-0.015600000000000147,20.0,32.0,False,"(1, 3)",dish,"(1, 2)",,"(3, 0):soup('onion', 1, 0);(4, 1):soup('onion', 3, 18)","(3, 0):soup('onion', 1, 0);(4, 1):soup('onion', 3, 18)"
75,4,"(0, 0)","(1, 3)","(0, 1)",dish,"(1, 2)","(1, 0)",,"(3, 0):soup('onion', 1, 0);(4, 1):soup('onion', 3, 18)","(3, 0):soup('onion', 1, 0);(4, 1):soup('onion', 3, 18)",20.0,32.0,2,"(1, 0)",-0.015600000000000147,0.0,0.0,-0.015600000000000147,20.0,32.0,False,"(1, 3)",dish,"(1, 2)",,"(3, 0):soup('onion', 1, 0);(4, 1):soup('onion', 3, 19)","(3, 0):soup('onion', 1, 0);(4, 1):soup('onion', 3, 19)"
76,4,"(0, 0)","(1, 3)","(0, 1)",dish,"(1, 2)","(1, 0)",,"(3, 0):soup('onion', 1, 0);(4, 1):soup('onion', 3, 19)","(3, 0):soup('onion', 1, 0);(4, 1):soup('onion', 3, 19)",20.0,32.0,2,"(1, 0)",0.5783999999999999,0.0,0.0,0.5783999999999999,20.0,32.0,False,"(1, 3)",dish,"(1, 2)",,"(3, 0):soup('onion', 1, 0);(4, 1):soup('onion', 3, 20)","(3, 0):soup('onion', 1, 0);(4, 1):soup('onion', 3, 20)"
77,2,"(1, 0)","(1, 3)","(0, 1)",dish,"(1, 2)","(1, 0)",,"(3, 0):soup('onion', 1, 0);(4, 1):soup('onion', 3, 20)","(3, 0):soup('onion', 1, 0);(4, 1):soup('onion', 3, 20)",20.0,32.0,1,"(0, 1)",-0.02160000000000002,0.0,0.0,-0.02160000000000002,20.0,32.0,False,"(2, 3)",dish,"(1, 3)",,"(3, 0):soup('onion', 1, 0);(4, 1):soup('onion', 3, 20)","(3, 0):soup('onion', 1, 0);(4, 1):soup('onion', 3, 20)"
78,2,"(1, 0)","(2, 3)","(1, 0)",dish,"(1, 3)","(0, 1)",,"(3, 0):soup('onion', 1, 0);(4, 1):soup('onion', 3, 20)","(3, 0):soup('onion', 1, 0);(4, 1):soup('onion', 3, 20)",20.0,32.0,5,interact,-0.02160000000000002,0.0,0.0,-0.02160000000000002,20.0,32.0,False,"(3, 3)",dish,"(1, 3)",onion,"(3, 0):soup('onion', 1, 0);(4, 1):soup('onion', 3, 20)","(3, 0):soup('onion', 1, 0);(4, 1):soup('onion', 3, 20)"
79,0,"(0, -1)","(3, 3)","(1, 0)",dish,"(1, 3)","(0, 1)",onion,"(3, 0):soup('onion', 1, 0);(4, 1):soup('onion', 3, 20)","(3, 0):soup('onion', 1, 0);(4, 1):soup('onion', 3, 20)",20.0,32.0,5,interact,-0.02160000000000002,0.0,0.0,-0.02160000000000002,20.0,32.0,False,"(3, 2)",dish,"(1, 3)",onion,"(3, 0):soup('onion', 1, 0);(4, 1):soup('onion', 3, 20)","(3, 0):soup('onion', 1, 0);(4, 1):soup('onion', 3, 20)"
80,0,"(0, -1)","(3, 2)","(0, -1)",dish,"(1, 3)","(0, 1)",onion,"(3, 0):soup('onion', 1, 0);(4, 1):soup('onion', 3, 20)","(3, 0):soup('onion', 1, 0);(4, 1):soup('onion', 3, 20)",20.0,32.0,5,interact,-0.02160000000000002,0.0,0.0,-0.02160000000000002,20.0,32.0,False,"(3, 1)",dish,"(1, 3)",onion,"(3, 0):soup('onion', 1, 0);(4, 1):soup('onion', 3, 20)","(3, 0):soup('onion', 1, 0);(4, 1):soup('onion', 3, 20)"
81,2,"(1, 0)","(3, 1)","(0, -1)",dish,"(1, 3)","(0, 1)",onion,"(3, 0):soup('onion', 1, 0);(4, 1):soup('onion', 3, 20)","(3, 0):soup('onion', 1, 0);(4, 1):soup('onion', 3, 20)",20.0,32.0,5,interact,-0.02160000000000002,0.0,0.0,-0.02160000000000002,20.0,32.0,False,"(3, 1)",dish,"(1, 3)",onion,"(3, 0):soup('onion', 1, 0);(4, 1):soup('onion', 3, 20)","(3, 0):soup('onion', 1, 0);(4, 1):soup('onion', 3, 20)"
82,5,interact,"(3, 1)","(1, 0)",dish,"(1, 3)","(0, 1)",onion,"(3, 0):soup('onion', 1, 0);(4, 1):soup('onion', 3, 20)","(3, 0):soup('onion', 1, 0);(4, 1):soup('onion', 3, 20)",20.0,32.0,3,"(-1, 0)",5.3347999999999995,0.0,5.0,0.3347999999999996,20.0,37.0,False,"(3, 1)","soup('onion', 3, 20)","(1, 3)",onion,"(3, 0):soup('onion', 1, 0)","(3, 0):soup('onion', 1, 0);(4, 1):empty"
83,1,"(0, 1)","(3, 1)","(1, 0)","soup('onion', 3, 20)","(1, 3)","(-1, 0)",onion,"(3, 0):soup('onion', 1, 0)","(3, 0):soup('onion', 1, 0);(4, 1):empty",20.0,37.0,5,interact,0.03420000000000023,0.0,0.0,0.03420000000000023,20.0,37.0,False,"(3, 2)","soup('onion', 3, 20)","(1, 3)",onion,"(3, 0):soup('onion', 1, 0)","(3, 0):soup('onion', 1, 0);(4, 1):empty"
84,1,"(0, 1)","(3, 2)","(0, 1)","soup('onion', 3, 20)","(1, 3)","(-1, 0)",onion,"(3, 0):soup('onion', 1, 0)","(3, 0):soup('onion', 1, 0);(4, 1):empty",20.0,37.0,0,"(0, -1)",0.033600000000000026,0.0,0.0,0.033600000000000026,20.0,37.0,False,"(3, 3)","soup('onion', 3, 20)","(1, 2)",onion,"(3, 0):soup('onion', 1, 0)","(3, 0):soup('onion', 1, 0);(4, 1):empty"
85,3,"(-1, 0)","(3, 3)","(0, 1)","soup('onion', 3, 20)","(1, 2)","(0, -1)",onion,"(3, 0):soup('onion', 1, 0)","(3, 0):soup('onion', 1, 0);(4, 1):empty",20.0,37.0,0,"(0, -1)",0.03300000000000036,0.0,0.0,0.03300000000000036,20.0,37.0,False,"(2, 3)","soup('onion', 3, 20)","(1, 1)",onion,"(3, 0):soup('onion', 1, 0)","(3, 0):soup('onion', 1, 0);(4, 1):empty"
86,1,"(0, 1)","(2, 3)","(-1, 0)","soup('onion', 3, 20)","(1, 1)","(0, -1)",onion,"(3, 0):soup('onion', 1, 0)","(3, 0):soup('onion', 1, 0);(4, 1):empty",20.0,37.0,2,"(1, 0)",-0.026999999999999958,0.0,0.0,-0.026999999999999958,20.0,37.0,False,"(2, 3)","soup('onion', 3, 20)","(2, 1)",onion,"(3, 0):soup('onion', 1, 0)","(3, 0):soup('onion', 1, 0);(4, 1):empty"
87,5,interact,"(2, 3)","(0, 1)","soup('onion', 3, 20)","(2, 1)","(1, 0)",onion,"(3, 0):soup('onion', 1, 0)","(3, 0):soup('onion', 1, 0);(4, 1):empty",20.0,37.0,2,"(1, 0)",17.6564,20.0,0.0,-2.3436,40.0,37.0,True,"(2, 3)",,"(3, 1)",onion,"(3, 0):soup('onion', 1, 0)","(3, 0):soup('onion', 1, 0);(4, 1):empty"
88,3,"(-1, 0)","(2, 3)","(0, 1)",,"(3, 1)","(1, 0)",onion,"(3, 0):soup('onion', 1, 0)","(3, 0):soup('onion', 1, 0);(4, 1):empty",40.0,37.0,5,interact,3.3528,0.0,3.0,0.35279999999999995,40.0,40.0,False,"(1, 3)",,"(3, 1)",,"(3, 0):soup('onion', 1, 0);(4, 1):soup('onion', 1, 0)","(3, 0):soup('onion', 1, 0);(4, 1):soup('onion', 1, 0)"
89,5,interact,"(1, 3)","(-1, 0)",,"(3, 1)","(1, 0)",,"(3, 0):soup('onion', 1, 0);(4, 1):soup('onion', 1, 0)","(3, 0):soup('onion', 1, 0);(4, 1):soup('onion', 1, 0)",40.0,40.0,3,"(-1, 0)",-0.007200000000000006,0.0,0.0,-0.007200000000000006,40.0,40.0,False,"(1, 3)",onion,"(2, 1)",,"(3, 0):soup('onion', 1, 0);(4, 1):soup('onion', 1, 0)","(3, 0):soup('onion', 1, 0);(4, 1):soup('onion', 1, 0)"
90,2,"(1, 0)","(1, 3)","(-1, 0)",onion,"(2, 1)","(-1, 0)",,"(3, 0):soup('onion', 1, 0);(4, 1):soup('onion', 1, 0)","(3, 0):soup('onion', 1, 0);(4, 1):soup('onion', 1, 0)",40.0,40.0,3,"(-1, 0)",-0.007200000000000006,0.0,0.0,-0.007200000000000006,40.0,40.0,False,"(2, 3)",onion,"(1, 1)",,"(3, 0):soup('onion', 1, 0);(4, 1):soup('onion', 1, 0)","(3, 0):soup('onion', 1, 0);(4, 1):soup('onion', 1, 0)"
91,5,interact,"(2, 3)","(1, 0)",onion,"(1, 1)","(-1, 0)",,"(3, 0):soup('onion', 1, 0);(4, 1):soup('onion', 1, 0)","(3, 0):soup('onion', 1, 0);(4, 1):soup('onion', 1, 0)",40.0,40.0,1,"(0, 1)",-0.007200000000000006,0.0,0.0,-0.007200000000000006,40.0,40.0,False,"(2, 3)",onion,"(1, 2)",,"(3, 0):soup('onion', 1, 0);(4, 1):soup('onion', 1, 0)","(3, 0):soup('onion', 1, 0);(4, 1):soup('onion', 1, 0)"
92,5,interact,"(2, 3)","(1, 0)",onion,"(1, 2)","(0, 1)",,"(3, 0):soup('onion', 1, 0);(4, 1):soup('onion', 1, 0)","(3, 0):soup('onion', 1, 0);(4, 1):soup('onion', 1, 0)",40.0,40.0,1,"(0, 1)",-0.007200000000000006,0.0,0.0,-0.007200000000000006,40.0,40.0,False,"(2, 3)",onion,"(1, 3)",,"(3, 0):soup('onion', 1, 0);(4, 1):soup('onion', 1, 0)","(3, 0):soup('onion', 1, 0);(4, 1):soup('onion', 1, 0)"
93,2,"(1, 0)","(2, 3)","(1, 0)",onion,"(1, 3)","(0, 1)",,"(3, 0):soup('onion', 1, 0);(4, 1):soup('onion', 1, 0)","(3, 0):soup('onion', 1, 0);(4, 1):soup('onion', 1, 0)",40.0,40.0,5,interact,-0.007200000000000006,0.0,0.0,-0.007200000000000006,40.0,40.0,False,"(3, 3)",onion,"(1, 3)",onion,"(3, 0):soup('onion', 1, 0);(4, 1):soup('onion', 1, 0)","(3, 0):soup('onion', 1, 0);(4, 1):soup('onion', 1, 0)"
94,0,"(0, -1)","(3, 3)","(1, 0)",onion,"(1, 3)","(0, 1)",onion,"(3, 0):soup('onion', 1, 0);(4, 1):soup('onion', 1, 0)","(3, 0):soup('onion', 1, 0);(4, 1):soup('onion', 1, 0)",40.0,40.0,0,"(0, -1)",-0.007200000000000006,0.0,0.0,-0.007200000000000006,40.0,40.0,False,"(3, 2)",onion,"(1, 2)",onion,"(3, 0):soup('onion', 1, 0);(4, 1):soup('onion', 1, 0)","(3, 0):soup('onion', 1, 0);(4, 1):soup('onion', 1, 0)"
95,0,"(0, -1)","(3, 2)","(0, -1)",onion,"(1, 2)","(0, -1)",onion,"(3, 0):soup('onion', 1, 0);(4, 1):soup('onion', 1, 0)","(3, 0):soup('onion', 1, 0);(4, 1):soup('onion', 1, 0)",40.0,40.0,0,"(0, -1)",-0.007200000000000006,0.0,0.0,-0.007200000000000006,40.0,40.0,False,"(3, 1)",onion,"(1, 1)",onion,"(3, 0):soup('onion', 1, 0);(4, 1):soup('onion', 1, 0)","(3, 0):soup('onion', 1, 0);(4, 1):soup('onion', 1, 0)"
96,5,interact,"(3, 1)","(0, -1)",onion,"(1, 1)","(0, -1)",onion,"(3, 0):soup('onion', 1, 0);(4, 1):soup('onion', 1, 0)","(3, 0):soup('onion', 1, 0);(4, 1):soup('onion', 1, 0)",40.0,40.0,2,"(1, 0)",3.3491999999999997,0.0,3.0,0.3491999999999999,40.0,43.0,False,"(3, 1)",,"(2, 1)",onion,"(3, 0):soup('onion', 2, 0);(4, 1):soup('onion', 1, 0)","(3, 0):soup('onion', 2, 0);(4, 1):soup('onion', 1, 0)"
97,1,"(0, 1)","(3, 1)","(0, -1)",,"(2, 1)","(1, 0)",onion,"(3, 0):soup('onion', 2, 0);(4, 1):soup('onion', 1, 0)","(3, 0):soup('onion', 2, 0);(4, 1):soup('onion', 1, 0)",40.0,43.0,4,"(0, 0)",-0.01080000000000001,0.0,0.0,-0.01080000000000001,40.0,43.0,False,"(3, 2)",,"(2, 1)",onion,"(3, 0):soup('onion', 2, 0);(4, 1):soup('onion', 1, 0)","(3, 0):soup('onion', 2, 0);(4, 1):soup('onion', 1, 0)"
98,1,"(0, 1)","(3, 2)","(0, 1)",,"(2, 1)","(1, 0)",onion,"(3, 0):soup('onion', 2, 0);(4, 1):soup('onion', 1, 0)","(3, 0):soup('onion', 2, 0);(4, 1):soup('onion', 1, 0)",40.0,43.0,2,"(1, 0)",-0.01080000000000001,0.0,0.0,-0.01080000000000001,40.0,43.0,False,"(3, 3)",,"(3, 1)",onion,"(3, 0):soup('onion', 2, 0);(4, 1):soup('onion', 1, 0)","(3, 0):soup('onion', 2, 0);(4, 1):soup('onion', 1, 0)"
99,3,"(-1, 0)","(3, 3)","(0, 1)",,"(3, 1)","(1, 0)",onion,"(3, 0):soup('onion', 2, 0);(4, 1):soup('onion', 1, 0)","(3, 0):soup('onion', 2, 0);(4, 1):soup('onion', 1, 0)",40.0,43.0,0,"(0, -1)",-0.01080000000000001,0.0,0.0,-0.01080000000000001,40.0,43.0,False,"(2, 3)",,"(3, 1)",onion,"(3, 0):soup('onion', 2, 0);(4, 1):soup('onion', 1, 0)","(3, 0):soup('onion', 2, 0);(4, 1):soup('onion', 1, 0)"
100,3,"(-1, 0)","(2, 3)","(-1, 0)",,"(3, 1)","(0, -1)",onion,"(3, 0):soup('onion', 2, 0);(4, 1):soup('onion', 1, 0)","(3, 0):soup('onion', 2, 0);(4, 1):soup('onion', 1, 0)",40.0,43.0,5,interact,3.4644,0.0,3.0,0.4644,40.0,46.0,False,"(1, 3)",,"(3, 1)",,"(3, 0):soup('onion', 3, 1);(4, 1):soup('onion', 1, 0)","(3, 0):soup('onion', 3, 1);(4, 1):soup('onion', 1, 0)"
101,3,"(-1, 0)","(1, 3)","(-1, 0)",,"(3, 1)","(0, -1)",,"(3, 0):soup('onion', 3, 1);(4, 1):soup('onion', 1, 0)","(3, 0):soup('onion', 3, 1);(4, 1):soup('onion', 1, 0)",40.0,46.0,3,"(-1, 0)",-0.015600000000000147,0.0,0.0,-0.015600000000000147,40.0,46.0,False,"(1, 3)",,"(2, 1)",,"(3, 0):soup('onion', 3, 2);(4, 1):soup('onion', 1, 0)","(3, 0):soup('onion', 3, 2);(4, 1):soup('onion', 1, 0)"
102,0,"(0, -1)","(1, 3)","(-1, 0)",,"(2, 1)","(-1, 0)",,"(3, 0):soup('onion', 3, 2);(4, 1):soup('onion', 1, 0)","(3, 0):soup('onion', 3, 2);(4, 1):soup('onion', 1, 0)",40.0,46.0,3,"(-1, 0)",-0.015600000000000147,0.0,0.0,-0.015600000000000147,40.0,46.0,False,"(1, 2)",,"(1, 1)",,"(3, 0):soup('onion', 3, 3);(4, 1):soup('onion', 1, 0)","(3, 0):soup('onion', 3, 3);(4, 1):soup('onion', 1, 0)"
103,3,"(-1, 0)","(1, 2)","(0, -1)",,"(1, 1)","(-1, 0)",,"(3, 0):soup('onion', 3, 3);(4, 1):soup('onion', 1, 0)","(3, 0):soup('onion', 3, 3);(4, 1):soup('onion', 1, 0)",40.0,46.0,1,"(0, 1)",-0.015600000000000147,0.0,0.0,-0.015600000000000147,40.0,46.0,False,"(1, 2)",,"(1, 1)",,"(3, 0):soup('onion', 3, 4);(4, 1):soup('onion', 1, 0)","(3, 0):soup('onion', 3, 4);(4, 1):soup('onion', 1, 0)"
104,5,interact,"(1, 2)","(-1, 0)",,"(1, 1)","(0, 1)",,"(3, 0):soup('onion', 3, 4);(4, 1):soup('onion', 1, 0)","(3, 0):soup('onion', 3, 4);(4, 1):soup('onion', 1, 0)",40.0,46.0,1,"(0, 1)",2.9844,0.0,3.0,-0.015600000000000147,40.0,49.0,False,"(1, 2)",dish,"(1, 1)",,"(3, 0):soup('onion', 3, 5);(4, 1):soup('onion', 1, 0)","(3, 0):soup('onion', 3, 5);(4, 1):soup('onion', 1, 0)"
105,1,"(0, 1)","(1, 2)","(-1, 0)",dish,"(1, 1)","(0, 1)",,"(3, 0):soup('onion', 3, 5);(4, 1):soup('onion', 1, 0)","(3, 0):soup('onion', 3, 5);(4, 1):soup('onion', 1, 0)",40.0,49.0,1,"(0, 1)",-0.015600000000000147,0.0,0.0,-0.015600000000000147,40.0,49.0,False,"(1, 3)",dish,"(1, 2)",,"(3, 0):soup('onion', 3, 6);(4, 1):soup('onion', 1, 0)","(3, 0):soup('onion', 3, 6);(4, 1):soup('onion', 1, 0)"
106,4,"(0, 0)","(1, 3)","(0, 1)",dish,"(1, 2)","(0, 1)",,"(3, 0):soup('onion', 3, 6);(4, 1):soup('onion', 1, 0)","(3, 0):soup('onion', 3, 6);(4, 1):soup('onion', 1, 0)",40.0,49.0,1,"(0, 1)",-0.015600000000000147,0.0,0.0,-0.015600000000000147,40.0,49.0,False,"(1, 3)",dish,"(1, 2)",,"(3, 0):soup('onion', 3, 7);(4, 1):soup('onion', 1, 0)","(3, 0):soup('onion', 3, 7);(4, 1):soup('onion', 1, 0)"
107,4,"(0, 0)","(1, 3)","(0, 1)",dish,"(1, 2)","(0, 1)",,"(3, 0):soup('onion', 3, 7);(4, 1):soup('onion', 1, 0)","(3, 0):soup('onion', 3, 7);(4, 1):soup('onion', 1, 0)",40.0,49.0,1,"(0, 1)",-0.015600000000000147,0.0,0.0,-0.015600000000000147,40.0,49.0,False,"(1, 3)",dish,"(1, 2)",,"(3, 0):soup('onion', 3, 8);(4, 1):soup('onion', 1, 0)","(3, 0):soup('onion', 3, 8);(4, 1):soup('onion', 1, 0)"
108,4,"(0, 0)","(1, 3)","(0, 1)",dish,"(1, 2)","(0, 1)",,"(3, 0):soup('onion', 3, 8);(4, 1):soup('onion', 1, 0)","(3, 0):soup('onion', 3, 8);(4, 1):soup('onion', 1, 0)",40.0,49.0,1,"(0, 1)",-0.015600000000000147,0.0,0.0,-0.015600000000000147,40.0,49.0,False,"(1, 3)",dish,"(1, 2)",,"(3, 0):soup('onion', 3, 9);(4, 1):soup('onion', 1, 0)","(3, 0):soup('onion', 3, 9);(4, 1):soup('onion', 1, 0)"
109,4,"(0, 0)","(1, 3)","(0, 1)",dish,"(1, 2)","(0, 1)",,"(3, 0):soup('onion', 3, 9);(4, 1):soup('onion', 1, 0)","(3, 0):soup('onion', 3, 9);(4, 1):soup('onion', 1, 0)",40.0,49.0,1,"(0, 1)",-0.015600000000000147,0.0,0.0,-0.015600000000000147,40.0,49.0,False,"(1, 3)",dish,"(1, 2)",,"(3, 0):soup('onion', 3, 10);(4, 1):soup('onion', 1, 0)","(3, 0):soup('onion', 3, 10);(4, 1):soup('onion', 1, 0)"
110,4,"(0, 0)","(1, 3)","(0, 1)",dish,"(1, 2)","(0, 1)",,"(3, 0):soup('onion', 3, 10);(4, 1):soup('onion', 1, 0)","(3, 0):soup('onion', 3, 10);(4, 1):soup('onion', 1, 0)",40.0,49.0,1,"(0, 1)",-0.015600000000000147,0.0,0.0,-0.015600000000000147,40.0,49.0,False,"(1, 3)",dish,"(1, 2)",,"(3, 0):soup('onion', 3, 11);(4, 1):soup('onion', 1, 0)","(3, 0):soup('onion', 3, 11);(4, 1):soup('onion', 1, 0)"
111,4,"(0, 0)","(1, 3)","(0, 1)",dish,"(1, 2)","(0, 1)",,"(3, 0):soup('onion', 3, 11);(4, 1):soup('onion', 1, 0)","(3, 0):soup('onion', 3, 11);(4, 1):soup('onion', 1, 0)",40.0,49.0,1,"(0, 1)",-0.015600000000000147,0.0,0.0,-0.015600000000000147,40.0,49.0,False,"(1, 3)",dish,"(1, 2)",,"(3, 0):soup('onion', 3, 12);(4, 1):soup('onion', 1, 0)","(3, 0):soup('onion', 3, 12);(4, 1):soup('onion', 1, 0)"
112,4,"(0, 0)","(1, 3)","(0, 1)",dish,"(1, 2)","(0, 1)",,"(3, 0):soup('onion', 3, 12);(4, 1):soup('onion', 1, 0)","(3, 0):soup('onion', 3, 12);(4, 1):soup('onion', 1, 0)",40.0,49.0,1,"(0, 1)",-0.015600000000000147,0.0,0.0,-0.015600000000000147,40.0,49.0,False,"(1, 3)",dish,"(1, 2)",,"(3, 0):soup('onion', 3, 13);(4, 1):soup('onion', 1, 0)","(3, 0):soup('onion', 3, 13);(4, 1):soup('onion', 1, 0)"
113,4,"(0, 0)","(1, 3)","(0, 1)",dish,"(1, 2)","(0, 1)",,"(3, 0):soup('onion', 3, 13);(4, 1):soup('onion', 1, 0)","(3, 0):soup('onion', 3, 13);(4, 1):soup('onion', 1, 0)",40.0,49.0,1,"(0, 1)",-0.015600000000000147,0.0,0.0,-0.015600000000000147,40.0,49.0,False,"(1, 3)",dish,"(1, 2)",,"(3, 0):soup('onion', 3, 14);(4, 1):soup('onion', 1, 0)","(3, 0):soup('onion', 3, 14);(4, 1):soup('onion', 1, 0)"
114,4,"(0, 0)","(1, 3)","(0, 1)",dish,"(1, 2)","(0, 1)",,"(3, 0):soup('onion', 3, 14);(4, 1):soup('onion', 1, 0)","(3, 0):soup('onion', 3, 14);(4, 1):soup('onion', 1, 0)",40.0,49.0,1,"(0, 1)",-0.015600000000000147,0.0,0.0,-0.015600000000000147,40.0,49.0,False,"(1, 3)",dish,"(1, 2)",,"(3, 0):soup('onion', 3, 15);(4, 1):soup('onion', 1, 0)","(3, 0):soup('onion', 3, 15);(4, 1):soup('onion', 1, 0)"
115,4,"(0, 0)","(1, 3)","(0, 1)",dish,"(1, 2)","(0, 1)",,"(3, 0):soup('onion', 3, 15);(4, 1):soup('onion', 1, 0)","(3, 0):soup('onion', 3, 15);(4, 1):soup('onion', 1, 0)",40.0,49.0,1,"(0, 1)",-0.015600000000000147,0.0,0.0,-0.015600000000000147,40.0,49.0,False,"(1, 3)",dish,"(1, 2)",,"(3, 0):soup('onion', 3, 16);(4, 1):soup('onion', 1, 0)","(3, 0):soup('onion', 3, 16);(4, 1):soup('onion', 1, 0)"
116,4,"(0, 0)","(1, 3)","(0, 1)",dish,"(1, 2)","(0, 1)",,"(3, 0):soup('onion', 3, 16);(4, 1):soup('onion', 1, 0)","(3, 0):soup('onion', 3, 16);(4, 1):soup('onion', 1, 0)",40.0,49.0,1,"(0, 1)",-0.015600000000000147,0.0,0.0,-0.015600000000000147,40.0,49.0,False,"(1, 3)",dish,"(1, 2)",,"(3, 0):soup('onion', 3, 17);(4, 1):soup('onion', 1, 0)","(3, 0):soup('onion', 3, 17);(4, 1):soup('onion', 1, 0)"
117,4,"(0, 0)","(1, 3)","(0, 1)",dish,"(1, 2)","(0, 1)",,"(3, 0):soup('onion', 3, 17);(4, 1):soup('onion', 1, 0)","(3, 0):soup('onion', 3, 17);(4, 1):soup('onion', 1, 0)",40.0,49.0,1,"(0, 1)",-0.015600000000000147,0.0,0.0,-0.015600000000000147,40.0,49.0,False,"(1, 3)",dish,"(1, 2)",,"(3, 0):soup('onion', 3, 18);(4, 1):soup('onion', 1, 0)","(3, 0):soup('onion', 3, 18);(4, 1):soup('onion', 1, 0)"
118,4,"(0, 0)","(1, 3)","(0, 1)",dish,"(1, 2)","(0, 1)",,"(3, 0):soup('onion', 3, 18);(4, 1):soup('onion', 1, 0)","(3, 0):soup('onion', 3, 18);(4, 1):soup('onion', 1, 0)",40.0,49.0,1,"(0, 1)",-0.015600000000000147,0.0,0.0,-0.015600000000000147,40.0,49.0,False,"(1, 3)",dish,"(1, 2)",,"(3, 0):soup('onion', 3, 19);(4, 1):soup('onion', 1, 0)","(3, 0):soup('onion', 3, 19);(4, 1):soup('onion', 1, 0)"
119,4,"(0, 0)","(1, 3)","(0, 1)",dish,"(1, 2)","(0, 1)",,"(3, 0):soup('onion', 3, 19);(4, 1):soup('onion', 1, 0)","(3, 0):soup('onion', 3, 19);(4, 1):soup('onion', 1, 0)",40.0,49.0,1,"(0, 1)",0.5783999999999999,0.0,0.0,0.5783999999999999,40.0,49.0,False,"(1, 3)",dish,"(1, 2)",,"(3, 0):soup('onion', 3, 20);(4, 1):soup('onion', 1, 0)","(3, 0):soup('onion', 3, 20);(4, 1):soup('onion', 1, 0)"
120,2,"(1, 0)","(1, 3)","(0, 1)",dish,"(1, 2)","(0, 1)",,"(3, 0):soup('onion', 3, 20);(4, 1):soup('onion', 1, 0)","(3, 0):soup('onion', 3, 20);(4, 1):soup('onion', 1, 0)",40.0,49.0,1,"(0, 1)",-0.02160000000000002,0.0,0.0,-0.02160000000000002,40.0,49.0,False,"(2, 3)",dish,"(1, 3)",,"(3, 0):soup('onion', 3, 20);(4, 1):soup('onion', 1, 0)","(3, 0):soup('onion', 3, 20);(4, 1):soup('onion', 1, 0)"
121,2,"(1, 0)","(2, 3)","(1, 0)",dish,"(1, 3)","(0, 1)",,"(3, 0):soup('onion', 3, 20);(4, 1):soup('onion', 1, 0)","(3, 0):soup('onion', 3, 20);(4, 1):soup('onion', 1, 0)",40.0,49.0,5,interact,-0.02160000000000002,0.0,0.0,-0.02160000000000002,40.0,49.0,False,"(3, 3)",dish,"(1, 3)",onion,"(3, 0):soup('onion', 3, 20);(4, 1):soup('onion', 1, 0)","(3, 0):soup('onion', 3, 20);(4, 1):soup('onion', 1, 0)"
122,0,"(0, -1)","(3, 3)","(1, 0)",dish,"(1, 3)","(0, 1)",onion,"(3, 0):soup('onion', 3, 20);(4, 1):soup('onion', 1, 0)","(3, 0):soup('onion', 3, 20);(4, 1):soup('onion', 1, 0)",40.0,49.0,3,"(-1, 0)",-0.02160000000000002,0.0,0.0,-0.02160000000000002,40.0,49.0,False,"(3, 2)",dish,"(1, 3)",onion,"(3, 0):soup('onion', 3, 20);(4, 1):soup('onion', 1, 0)","(3, 0):soup('onion', 3, 20);(4, 1):soup('onion', 1, 0)"
123,0,"(0, -1)","(3, 2)","(0, -1)",dish,"(1, 3)","(-1, 0)",onion,"(3, 0):soup('onion', 3, 20);(4, 1):soup('onion', 1, 0)","(3, 0):soup('onion', 3, 20);(4, 1):soup('onion', 1, 0)",40.0,49.0,5,interact,-0.02160000000000002,0.0,0.0,-0.02160000000000002,40.0,49.0,False,"(3, 1)",dish,"(1, 3)",onion,"(3, 0):soup('onion', 3, 20);(4, 1):soup('onion', 1, 0)","(3, 0):soup('onion', 3, 20);(4, 1):soup('onion', 1, 0)"
124,5,interact,"(3, 1)","(0, -1)",dish,"(1, 3)","(-1, 0)",onion,"(3, 0):soup('onion', 3, 20);(4, 1):soup('onion', 1, 0)","(3, 0):soup('onion', 3, 20);(4, 1):soup('onion', 1, 0)",40.0,49.0,1,"(0, 1)",5.3347999999999995,0.0,5.0,0.3347999999999996,40.0,54.0,False,"(3, 1)","soup('onion', 3, 20)","(1, 3)",onion,"(4, 1):soup('onion', 1, 0)","(3, 0):empty;(4, 1):soup('onion', 1, 0)"
125,1,"(0, 1)","(3, 1)","(0, -1)","soup('onion', 3, 20)","(1, 3)","(0, 1)",onion,"(4, 1):soup('onion', 1, 0)","(3, 0):empty;(4, 1):soup('onion', 1, 0)",40.0,54.0,0,"(0, -1)",0.03420000000000023,0.0,0.0,0.03420000000000023,40.0,54.0,False,"(3, 2)","soup('onion', 3, 20)","(1, 2)",onion,"(4, 1):soup('onion', 1, 0)","(3, 0):empty;(4, 1):soup('onion', 1, 0)"
126,1,"(0, 1)","(3, 2)","(0, 1)","soup('onion', 3, 20)","(1, 2)","(0, -1)",onion,"(4, 1):soup('onion', 1, 0)","(3, 0):empty;(4, 1):soup('onion', 1, 0)",40.0,54.0,0,"(0, -1)",0.033600000000000026,0.0,0.0,0.033600000000000026,40.0,54.0,False,"(3, 3)","soup('onion', 3, 20)","(1, 1)",onion,"(4, 1):soup('onion', 1, 0)","(3, 0):empty;(4, 1):soup('onion', 1, 0)"
127,3,"(-1, 0)","(3, 3)","(0, 1)","soup('onion', 3, 20)","(1, 1)","(0, -1)",onion,"(4, 1):soup('onion', 1, 0)","(3, 0):empty;(4, 1):soup('onion', 1, 0)",40.0,54.0,2,"(1, 0)",0.03300000000000036,0.0,0.0,0.03300000000000036,40.0,54.0,False,"(2, 3)","soup('onion', 3, 20)","(2, 1)",onion,"(4, 1):soup('onion', 1, 0)","(3, 0):empty;(4, 1):soup('onion', 1, 0)"
128,1,"(0, 1)","(2, 3)","(-1, 0)","soup('onion', 3, 20)","(2, 1)","(1, 0)",onion,"(4, 1):soup('onion', 1, 0)","(3, 0):empty;(4, 1):soup('onion', 1, 0)",40.0,54.0,0,"(0, -1)",-0.026999999999999958,0.0,0.0,-0.026999999999999958,40.0,54.0,False,"(2, 3)","soup('onion', 3, 20)","(2, 1)",onion,"(4, 1):soup('onion', 1, 0)","(3, 0):empty;(4, 1):soup('onion', 1, 0)"
129,5,interact,"(2, 3)","(0, 1)","soup('onion', 3, 20)","(2, 1)","(0, -1)",onion,"(4, 1):soup('onion', 1, 0)","(3, 0):empty;(4, 1):soup('onion', 1, 0)",40.0,54.0,2,"(1, 0)",17.6564,20.0,0.0,-2.3436,60.0,54.0,True,"(2, 3)",,"(3, 1)",onion,"(4, 1):soup('onion', 1, 0)","(3, 0):empty;(4, 1):soup('onion', 1, 0)"
130,3,"(-1, 0)","(2, 3)","(0, 1)",,"(3, 1)","(1, 0)",onion,"(4, 1):soup('onion', 1, 0)","(3, 0):empty;(4, 1):soup('onion', 1, 0)",60.0,54.0,5,interact,3.3528,0.0,3.0,0.35279999999999995,60.0,57.0,False,"(1, 3)",,"(3, 1)",,"(4, 1):soup('onion', 2, 0)","(3, 0):empty;(4, 1):soup('onion', 2, 0)"
131,5,interact,"(1, 3)","(-1, 0)",,"(3, 1)","(1, 0)",,"(4, 1):soup('onion', 2, 0)","(3, 0):empty;(4, 1):soup('onion', 2, 0)",60.0,57.0,3,"(-1, 0)",-0.007200000000000006,0.0,0.0,-0.007200000000000006,60.0,57.0,False,"(1, 3)",onion,"(2, 1)",,"(4, 1):soup('onion', 2, 0)","(3, 0):empty;(4, 1):soup('onion', 2, 0)"
132,2,"(1, 0)","(1, 3)","(-1, 0)",onion,"(2, 1)","(-1, 0)",,"(4, 1):soup('onion', 2, 0)","(3, 0):empty;(4, 1):soup('onion', 2, 0)",60.0,57.0,3,"(-1, 0)",-0.007200000000000006,0.0,0.0,-0.007200000000000006,60.0,57.0,False,"(2, 3)",onion,"(1, 1)",,"(4, 1):soup('onion', 2, 0)","(3, 0):empty;(4, 1):soup('onion', 2, 0)"
133,5,interact,"(2, 3)","(1, 0)",onion,"(1, 1)","(-1, 0)",,"(4, 1):soup('onion', 2, 0)","(3, 0):empty;(4, 1):soup('onion', 2, 0)",60.0,57.0,1,"(0, 1)",-0.007200000000000006,0.0,0.0,-0.007200000000000006,60.0,57.0,False,"(2, 3)",onion,"(1, 2)",,"(4, 1):soup('onion', 2, 0)","(3, 0):empty;(4, 1):soup('onion', 2, 0)"
134,2,"(1, 0)","(2, 3)","(1, 0)",onion,"(1, 2)","(0, 1)",,"(4, 1):soup('onion', 2, 0)","(3, 0):empty;(4, 1):soup('onion', 2, 0)",60.0,57.0,1,"(0, 1)",-0.007200000000000006,0.0,0.0,-0.007200000000000006,60.0,57.0,False,"(3, 3)",onion,"(1, 3)",,"(4, 1):soup('onion', 2, 0)","(3, 0):empty;(4, 1):soup('onion', 2, 0)"
135,2,"(1, 0)","(3, 3)","(1, 0)",onion,"(1, 3)","(0, 1)",,"(4, 1):soup('onion', 2, 0)","(3, 0):empty;(4, 1):soup('onion', 2, 0)",60.0,57.0,5,interact,-0.007200000000000006,0.0,0.0,-0.007200000000000006,60.0,57.0,False,"(3, 3)",onion,"(1, 3)",onion,"(4, 1):soup('onion', 2, 0)","(3, 0):empty;(4, 1):soup('onion', 2, 0)"
136,2,"(1, 0)","(3, 3)","(1, 0)",onion,"(1, 3)","(0, 1)",onion,"(4, 1):soup('onion', 2, 0)","(3, 0):empty;(4, 1):soup('onion', 2, 0)",60.0,57.0,0,"(0, -1)",-0.007200000000000006,0.0,0.0,-0.007200000000000006,60.0,57.0,False,"(3, 3)",onion,"(1, 2)",onion,"(4, 1):soup('onion', 2, 0)","(3, 0):empty;(4, 1):soup('onion', 2, 0)"
137,0,"(0, -1)","(3, 3)","(1, 0)",onion,"(1, 2)","(0, -1)",onion,"(4, 1):soup('onion', 2, 0)","(3, 0):empty;(4, 1):soup('onion', 2, 0)",60.0,57.0,0,"(0, -1)",-0.007200000000000006,0.0,0.0,-0.007200000000000006,60.0,57.0,False,"(3, 2)",onion,"(1, 1)",onion,"(4, 1):soup('onion', 2, 0)","(3, 0):empty;(4, 1):soup('onion', 2, 0)"
138,0,"(0, -1)","(3, 2)","(0, -1)",onion,"(1, 1)","(0, -1)",onion,"(4, 1):soup('onion', 2, 0)","(3, 0):empty;(4, 1):soup('onion', 2, 0)",60.0,57.0,0,"(0, -1)",-0.007200000000000006,0.0,0.0,-0.007200000000000006,60.0,57.0,False,"(3, 1)",onion,"(1, 1)",onion,"(4, 1):soup('onion', 2, 0)","(3, 0):empty;(4, 1):soup('onion', 2, 0)"
139,5,interact,"(3, 1)","(0, -1)",onion,"(1, 1)","(0, -1)",onion,"(4, 1):soup('onion', 2, 0)","(3, 0):empty;(4, 1):soup('onion', 2, 0)",60.0,57.0,2,"(1, 0)",3.3491999999999997,0.0,3.0,0.3491999999999999,60.0,60.0,False,"(3, 1)",,"(2, 1)",onion,"(3, 0):soup('onion', 1, 0);(4, 1):soup('onion', 2, 0)","(3, 0):soup('onion', 1, 0);(4, 1):soup('onion', 2, 0)"
140,1,"(0, 1)","(3, 1)","(0, -1)",,"(2, 1)","(1, 0)",onion,"(3, 0):soup('onion', 1, 0);(4, 1):soup('onion', 2, 0)","(3, 0):soup('onion', 1, 0);(4, 1):soup('onion', 2, 0)",60.0,60.0,4,"(0, 0)",-0.01080000000000001,0.0,0.0,-0.01080000000000001,60.0,60.0,False,"(3, 2)",,"(2, 1)",onion,"(3, 0):soup('onion', 1, 0);(4, 1):soup('onion', 2, 0)","(3, 0):soup('onion', 1, 0);(4, 1):soup('onion', 2, 0)"
141,1,"(0, 1)","(3, 2)","(0, 1)",,"(2, 1)","(1, 0)",onion,"(3, 0):soup('onion', 1, 0);(4, 1):soup('onion', 2, 0)","(3, 0):soup('onion', 1, 0);(4, 1):soup('onion', 2, 0)",60.0,60.0,2,"(1, 0)",-0.01080000000000001,0.0,0.0,-0.01080000000000001,60.0,60.0,False,"(3, 3)",,"(3, 1)",onion,"(3, 0):soup('onion', 1, 0);(4, 1):soup('onion', 2, 0)","(3, 0):soup('onion', 1, 0);(4, 1):soup('onion', 2, 0)"
142,3,"(-1, 0)","(3, 3)","(0, 1)",,"(3, 1)","(1, 0)",onion,"(3, 0):soup('onion', 1, 0);(4, 1):soup('onion', 2, 0)","(3, 0):soup('onion', 1, 0);(4, 1):soup('onion', 2, 0)",60.0,60.0,0,"(0, -1)",-0.01080000000000001,0.0,0.0,-0.01080000000000001,60.0,60.0,False,"(2, 3)",,"(3, 1)",onion,"(3, 0):soup('onion', 1, 0);(4, 1):soup('onion', 2, 0)","(3, 0):soup('onion', 1, 0);(4, 1):soup('onion', 2, 0)"
143,3,"(-1, 0)","(2, 3)","(-1, 0)",,"(3, 1)","(0, -1)",onion,"(3, 0):soup('onion', 1, 0);(4, 1):soup('onion', 2, 0)","(3, 0):soup('onion', 1, 0);(4, 1):soup('onion', 2, 0)",60.0,60.0,5,interact,3.3456,0.0,3.0,0.3456,60.0,63.0,False,"(1, 3)",,"(3, 1)",,"(3, 0):soup('onion', 2, 0);(4, 1):soup('onion', 2, 0)","(3, 0):soup('onion', 2, 0);(4, 1):soup('onion', 2, 0)"
144,5,interact,"(1, 3)","(-1, 0)",,"(3, 1)","(0, -1)",,"(3, 0):soup('onion', 2, 0);(4, 1):soup('onion', 2, 0)","(3, 0):soup('onion', 2, 0);(4, 1):soup('onion', 2, 0)",60.0,63.0,3,"(-1, 0)",-0.014400000000000012,0.0,0.0,-0.014400000000000012,60.0,63.0,False,"(1, 3)",onion,"(2, 1)",,"(3, 0):soup('onion', 2, 0);(4, 1):soup('onion', 2, 0)","(3, 0):soup('onion', 2, 0);(4, 1):soup('onion', 2, 0)"
145,2,"(1, 0)","(1, 3)","(-1, 0)",onion,"(2, 1)","(-1, 0)",,"(3, 0):soup('onion', 2, 0);(4, 1):soup('onion', 2, 0)","(3, 0):soup('onion', 2, 0);(4, 1):soup('onion', 2, 0)",60.0,63.0,3,"(-1, 0)",-0.014400000000000012,0.0,0.0,-0.014400000000000012,60.0,63.0,False,"(2, 3)",onion,"(1, 1)",,"(3, 0):soup('onion', 2, 0);(4, 1):soup('onion', 2, 0)","(3, 0):soup('onion', 2, 0);(4, 1):soup('onion', 2, 0)"
146,5,interact,"(2, 3)","(1, 0)",onion,"(1, 1)","(-1, 0)",,"(3, 0):soup('onion', 2, 0);(4, 1):soup('onion', 2, 0)","(3, 0):soup('onion', 2, 0);(4, 1):soup('onion', 2, 0)",60.0,63.0,1,"(0, 1)",-0.014400000000000012,0.0,0.0,-0.014400000000000012,60.0,63.0,False,"(2, 3)",onion,"(1, 2)",,"(3, 0):soup('onion', 2, 0);(4, 1):soup('onion', 2, 0)","(3, 0):soup('onion', 2, 0);(4, 1):soup('onion', 2, 0)"
147,5,interact,"(2, 3)","(1, 0)",onion,"(1, 2)","(0, 1)",,"(3, 0):soup('onion', 2, 0);(4, 1):soup('onion', 2, 0)","(3, 0):soup('onion', 2, 0);(4, 1):soup('onion', 2, 0)",60.0,63.0,1,"(0, 1)",-0.014400000000000012,0.0,0.0,-0.014400000000000012,60.0,63.0,False,"(2, 3)",onion,"(1, 3)",,"(3, 0):soup('onion', 2, 0);(4, 1):soup('onion', 2, 0)","(3, 0):soup('onion', 2, 0);(4, 1):soup('onion', 2, 0)"
148,2,"(1, 0)","(2, 3)","(1, 0)",onion,"(1, 3)","(0, 1)",,"(3, 0):soup('onion', 2, 0);(4, 1):soup('onion', 2, 0)","(3, 0):soup('onion', 2, 0);(4, 1):soup('onion', 2, 0)",60.0,63.0,5,interact,-0.014400000000000012,0.0,0.0,-0.014400000000000012,60.0,63.0,False,"(3, 3)",onion,"(1, 3)",onion,"(3, 0):soup('onion', 2, 0);(4, 1):soup('onion', 2, 0)","(3, 0):soup('onion', 2, 0);(4, 1):soup('onion', 2, 0)"
149,0,"(0, -1)","(3, 3)","(1, 0)",onion,"(1, 3)","(0, 1)",onion,"(3, 0):soup('onion', 2, 0);(4, 1):soup('onion', 2, 0)","(3, 0):soup('onion', 2, 0);(4, 1):soup('onion', 2, 0)",60.0,63.0,0,"(0, -1)",-0.014400000000000012,0.0,0.0,-0.014400000000000012,60.0,63.0,False,"(3, 2)",onion,"(1, 2)",onion,"(3, 0):soup('onion', 2, 0);(4, 1):soup('onion', 2, 0)","(3, 0):soup('onion', 2, 0);(4, 1):soup('onion', 2, 0)"
150,0,"(0, -1)","(3, 2)","(0, -1)",onion,"(1, 2)","(0, -1)",onion,"(3, 0):soup('onion', 2, 0);(4, 1):soup('onion', 2, 0)","(3, 0):soup('onion', 2, 0);(4, 1):soup('onion', 2, 0)",60.0,63.0,0,"(0, -1)",-0.014400000000000012,0.0,0.0,-0.014400000000000012,60.0,63.0,False,"(3, 1)",onion,"(1, 1)",onion,"(3, 0):soup('onion', 2, 0);(4, 1):soup('onion', 2, 0)","(3, 0):soup('onion', 2, 0);(4, 1):soup('onion', 2, 0)"
151,5,interact,"(3, 1)","(0, -1)",onion,"(1, 1)","(0, -1)",onion,"(3, 0):soup('onion', 2, 0);(4, 1):soup('onion', 2, 0)","(3, 0):soup('onion', 2, 0);(4, 1):soup('onion', 2, 0)",60.0,63.0,2,"(1, 0)",3.4608,0.0,3.0,0.4608000000000001,60.0,66.0,False,"(3, 1)",,"(2, 1)",onion,"(3, 0):soup('onion', 3, 1);(4, 1):soup('onion', 2, 0)","(3, 0):soup('onion', 3, 1);(4, 1):soup('onion', 2, 0)"
152,1,"(0, 1)","(3, 1)","(0, -1)",,"(2, 1)","(1, 0)",onion,"(3, 0):soup('onion', 3, 1);(4, 1):soup('onion', 2, 0)","(3, 0):soup('onion', 3, 1);(4, 1):soup('onion', 2, 0)",60.0,66.0,4,"(0, 0)",-0.019200000000000016,0.0,0.0,-0.019200000000000016,60.0,66.0,False,"(3, 2)",,"(2, 1)",onion,"(3, 0):soup('onion', 3, 2);(4, 1):soup('onion', 2, 0)","(3, 0):soup('onion', 3, 2);(4, 1):soup('onion', 2, 0)"
153,1,"(0, 1)","(3, 2)","(0, 1)",,"(2, 1)","(1, 0)",onion,"(3, 0):soup('onion', 3, 2);(4, 1):soup('onion', 2, 0)","(3, 0):soup('onion', 3, 2);(4, 1):soup('onion', 2, 0)",60.0,66.0,2,"(1, 0)",-0.019200000000000016,0.0,0.0,-0.019200000000000016,60.0,66.0,False,"(3, 3)",,"(3, 1)",onion,"(3, 0):soup('onion', 3, 3);(4, 1):soup('onion', 2, 0)","(3, 0):soup('onion', 3, 3);(4, 1):soup('onion', 2, 0)"
154,3,"(-1, 0)","(3, 3)","(0, 1)",,"(3, 1)","(1, 0)",onion,"(3, 0):soup('onion', 3, 3);(4, 1):soup('onion', 2, 0)","(3, 0):soup('onion', 3, 3);(4, 1):soup('onion', 2, 0)",60.0,66.0,5,interact,3.456,0.0,3.0,0.45599999999999985,60.0,69.0,False,"(2, 3)",,"(3, 1)",,"(3, 0):soup('onion', 3, 4);(4, 1):soup('onion', 3, 1)","(3, 0):soup('onion', 3, 4);(4, 1):soup('onion', 3, 1)"
155,3,"(-1, 0)","(2, 3)","(-1, 0)",,"(3, 1)","(1, 0)",,"(3, 0):soup('onion', 3, 4);(4, 1):soup('onion', 3, 1)","(3, 0):soup('onion', 3, 4);(4, 1):soup('onion', 3, 1)",60.0,69.0,3,"(-1, 0)",-0.02400000000000002,0.0,0.0,-0.02400000000000002,60.0,69.0,False,"(1, 3)",,"(2, 1)",,"(3, 0):soup('onion', 3, 5);(4, 1):soup('onion', 3, 2)","(3, 0):soup('onion', 3, 5);(4, 1):soup('onion', 3, 2)"
156,0,"(0, -1)","(1, 3)","(-1, 0)",,"(2, 1)","(-1, 0)",,"(3, 0):soup('onion', 3, 5);(4, 1):soup('onion', 3, 2)","(3, 0):soup('onion', 3, 5);(4, 1):soup('onion', 3, 2)",60.0,69.0,3,"(-1, 0)",-0.02400000000000002,0.0,0.0,-0.02400000000000002,60.0,69.0,False,"(1, 2)",,"(1, 1)",,"(3, 0):soup('onion', 3, 6);(4, 1):soup('onion', 3, 3)","(3, 0):soup('onion', 3, 6);(4, 1):soup('onion', 3, 3)"
157,3,"(-1, 0)","(1, 2)","(0, -1)",,"(1, 1)","(-1, 0)",,"(3, 0):soup('onion', 3, 6);(4, 1):soup('onion', 3, 3)","(3, 0):soup('onion', 3, 6);(4, 1):soup('onion', 3, 3)",60.0,69.0,2,"(1, 0)",-0.02400000000000002,0.0,0.0,-0.02400000000000002,60.0,69.0,False,"(1, 2)",,"(2, 1)",,"(3, 0):soup('onion', 3, 7);(4, 1):soup('onion', 3, 4)","(3, 0):soup('onion', 3, 7);(4, 1):soup('onion', 3, 4)"
158,5,interact,"(1, 2)","(-1, 0)",,"(2, 1)","(1, 0)",,"(3, 0):soup('onion', 3, 7);(4, 1):soup('onion', 3, 4)","(3, 0):soup('onion', 3, 7);(4, 1):soup('onion', 3, 4)",60.0,69.0,3,"(-1, 0)",2.976,0.0,3.0,-0.02400000000000002,60.0,72.0,False,"(1, 2)",dish,"(1, 1)",,"(3, 0):soup('onion', 3, 8);(4, 1):soup('onion', 3, 5)","(3, 0):soup('onion', 3, 8);(4, 1):soup('onion', 3, 5)"
159,1,"(0, 1)","(1, 2)","(-1, 0)",dish,"(1, 1)","(-1, 0)",,"(3, 0):soup('onion', 3, 8);(4, 1):soup('onion', 3, 5)","(3, 0):soup('onion', 3, 8);(4, 1):soup('onion', 3, 5)",60.0,72.0,1,"(0, 1)",-0.02400000000000002,0.0,0.0,-0.02400000000000002,60.0,72.0,False,"(1, 3)",dish,"(1, 2)",,"(3, 0):soup('onion', 3, 9);(4, 1):soup('onion', 3, 6)","(3, 0):soup('onion', 3, 9);(4, 1):soup('onion', 3, 6)"
160,4,"(0, 0)","(1, 3)","(0, 1)",dish,"(1, 2)","(0, 1)",,"(3, 0):soup('onion', 3, 9);(4, 1):soup('onion', 3, 6)","(3, 0):soup('onion', 3, 9);(4, 1):soup('onion', 3, 6)",60.0,72.0,2,"(1, 0)",-0.02400000000000002,0.0,0.0,-0.02400000000000002,60.0,72.0,False,"(1, 3)",dish,"(1, 2)",,"(3, 0):soup('onion', 3, 10);(4, 1):soup('onion', 3, 7)","(3, 0):soup('onion', 3, 10);(4, 1):soup('onion', 3, 7)"
161,4,"(0, 0)","(1, 3)","(0, 1)",dish,"(1, 2)","(1, 0)",,"(3, 0):soup('onion', 3, 10);(4, 1):soup('onion', 3, 7)","(3, 0):soup('onion', 3, 10);(4, 1):soup('onion', 3, 7)",60.0,72.0,2,"(1, 0)",-0.02400000000000002,0.0,0.0,-0.02400000000000002,60.0,72.0,False,"(1, 3)",dish,"(1, 2)",,"(3, 0):soup('onion', 3, 11);(4, 1):soup('onion', 3, 8)","(3, 0):soup('onion', 3, 11);(4, 1):soup('onion', 3, 8)"
162,4,"(0, 0)","(1, 3)","(0, 1)",dish,"(1, 2)","(1, 0)",,"(3, 0):soup('onion', 3, 11);(4, 1):soup('onion', 3, 8)","(3, 0):soup('onion', 3, 11);(4, 1):soup('onion', 3, 8)",60.0,72.0,2,"(1, 0)",-0.02400000000000002,0.0,0.0,-0.02400000000000002,60.0,72.0,False,"(1, 3)",dish,"(1, 2)",,"(3, 0):soup('onion', 3, 12);(4, 1):soup('onion', 3, 9)","(3, 0):soup('onion', 3, 12);(4, 1):soup('onion', 3, 9)"
163,4,"(0, 0)","(1, 3)","(0, 1)",dish,"(1, 2)","(1, 0)",,"(3, 0):soup('onion', 3, 12);(4, 1):soup('onion', 3, 9)","(3, 0):soup('onion', 3, 12);(4, 1):soup('onion', 3, 9)",60.0,72.0,2,"(1, 0)",-0.02400000000000002,0.0,0.0,-0.02400000000000002,60.0,72.0,False,"(1, 3)",dish,"(1, 2)",,"(3, 0):soup('onion', 3, 13);(4, 1):soup('onion', 3, 10)","(3, 0):soup('onion', 3, 13);(4, 1):soup('onion', 3, 10)"
164,4,"(0, 0)","(1, 3)","(0, 1)",dish,"(1, 2)","(1, 0)",,"(3, 0):soup('onion', 3, 13);(4, 1):soup('onion', 3, 10)","(3, 0):soup('onion', 3, 13);(4, 1):soup('onion', 3, 10)",60.0,72.0,2,"(1, 0)",-0.02400000000000002,0.0,0.0,-0.02400000000000002,60.0,72.0,False,"(1, 3)",dish,"(1, 2)",,"(3, 0):soup('onion', 3, 14);(4, 1):soup('onion', 3, 11)","(3, 0):soup('onion', 3, 14);(4, 1):soup('onion', 3, 11)"
165,4,"(0, 0)","(1, 3)","(0, 1)",dish,"(1, 2)","(1, 0)",,"(3, 0):soup('onion', 3, 14);(4, 1):soup('onion', 3, 11)","(3, 0):soup('onion', 3, 14);(4, 1):soup('onion', 3, 11)",60.0,72.0,2,"(1, 0)",-0.02400000000000002,0.0,0.0,-0.02400000000000002,60.0,72.0,False,"(1, 3)",dish,"(1, 2)",,"(3, 0):soup('onion', 3, 15);(4, 1):soup('onion', 3, 12)","(3, 0):soup('onion', 3, 15);(4, 1):soup('onion', 3, 12)"
166,4,"(0, 0)","(1, 3)","(0, 1)",dish,"(1, 2)","(1, 0)",,"(3, 0):soup('onion', 3, 15);(4, 1):soup('onion', 3, 12)","(3, 0):soup('onion', 3, 15);(4, 1):soup('onion', 3, 12)",60.0,72.0,2,"(1, 0)",-0.02400000000000002,0.0,0.0,-0.02400000000000002,60.0,72.0,False,"(1, 3)",dish,"(1, 2)",,"(3, 0):soup('onion', 3, 16);(4, 1):soup('onion', 3, 13)","(3, 0):soup('onion', 3, 16);(4, 1):soup('onion', 3, 13)"
167,4,"(0, 0)","(1, 3)","(0, 1)",dish,"(1, 2)","(1, 0)",,"(3, 0):soup('onion', 3, 16);(4, 1):soup('onion', 3, 13)","(3, 0):soup('onion', 3, 16);(4, 1):soup('onion', 3, 13)",60.0,72.0,2,"(1, 0)",-0.02400000000000002,0.0,0.0,-0.02400000000000002,60.0,72.0,False,"(1, 3)",dish,"(1, 2)",,"(3, 0):soup('onion', 3, 17);(4, 1):soup('onion', 3, 14)","(3, 0):soup('onion', 3, 17);(4, 1):soup('onion', 3, 14)"
168,4,"(0, 0)","(1, 3)","(0, 1)",dish,"(1, 2)","(1, 0)",,"(3, 0):soup('onion', 3, 17);(4, 1):soup('onion', 3, 14)","(3, 0):soup('onion', 3, 17);(4, 1):soup('onion', 3, 14)",60.0,72.0,2,"(1, 0)",-0.02400000000000002,0.0,0.0,-0.02400000000000002,60.0,72.0,False,"(1, 3)",dish,"(1, 2)",,"(3, 0):soup('onion', 3, 18);(4, 1):soup('onion', 3, 15)","(3, 0):soup('onion', 3, 18);(4, 1):soup('onion', 3, 15)"
169,4,"(0, 0)","(1, 3)","(0, 1)",dish,"(1, 2)","(1, 0)",,"(3, 0):soup('onion', 3, 18);(4, 1):soup('onion', 3, 15)","(3, 0):soup('onion', 3, 18);(4, 1):soup('onion', 3, 15)",60.0,72.0,2,"(1, 0)",-0.02400000000000002,0.0,0.0,-0.02400000000000002,60.0,72.0,False,"(1, 3)",dish,"(1, 2)",,"(3, 0):soup('onion', 3, 19);(4, 1):soup('onion', 3, 16)","(3, 0):soup('onion', 3, 19);(4, 1):soup('onion', 3, 16)"
170,4,"(0, 0)","(1, 3)","(0, 1)",dish,"(1, 2)","(1, 0)",,"(3, 0):soup('onion', 3, 19);(4, 1):soup('onion', 3, 16)","(3, 0):soup('onion', 3, 19);(4, 1):soup('onion', 3, 16)",60.0,72.0,2,"(1, 0)",0.5700000000000001,0.0,0.0,0.5700000000000001,60.0,72.0,False,"(1, 3)",dish,"(1, 2)",,"(3, 0):soup('onion', 3, 20);(4, 1):soup('onion', 3, 17)","(3, 0):soup('onion', 3, 20);(4, 1):soup('onion', 3, 17)"
171,2,"(1, 0)","(1, 3)","(0, 1)",dish,"(1, 2)","(1, 0)",,"(3, 0):soup('onion', 3, 20);(4, 1):soup('onion', 3, 17)","(3, 0):soup('onion', 3, 20);(4, 1):soup('onion', 3, 17)",60.0,72.0,5,interact,-0.02999999999999989,0.0,0.0,-0.02999999999999989,60.0,72.0,False,"(2, 3)",dish,"(1, 2)",,"(3, 0):soup('onion', 3, 20);(4, 1):soup('onion', 3, 18)","(3, 0):soup('onion', 3, 20);(4, 1):soup('onion', 3, 18)"
172,0,"(0, -1)","(2, 3)","(1, 0)",dish,"(1, 2)","(1, 0)",,"(3, 0):soup('onion', 3, 20);(4, 1):soup('onion', 3, 18)","(3, 0):soup('onion', 3, 20);(4, 1):soup('onion', 3, 18)",60.0,72.0,2,"(1, 0)",-0.02999999999999989,0.0,0.0,-0.02999999999999989,60.0,72.0,False,"(2, 3)",dish,"(1, 2)",,"(3, 0):soup('onion', 3, 20);(4, 1):soup('onion', 3, 19)","(3, 0):soup('onion', 3, 20);(4, 1):soup('onion', 3, 19)"
173,2,"(1, 0)","(2, 3)","(0, -1)",dish,"(1, 2)","(1, 0)",,"(3, 0):soup('onion', 3, 20);(4, 1):soup('onion', 3, 19)","(3, 0):soup('onion', 3, 20);(4, 1):soup('onion', 3, 19)",60.0,72.0,2,"(1, 0)",0.2075999999999995,0.0,0.0,0.2075999999999995,60.0,72.0,False,"(3, 3)",dish,"(1, 2)",,"(3, 0):soup('onion', 3, 20);(4, 1):soup('onion', 3, 20)","(3, 0):soup('onion', 3, 20);(4, 1):soup('onion', 3, 20)"
174,0,"(0, -1)","(3, 3)","(1, 0)",dish,"(1, 2)","(1, 0)",,"(3, 0):soup('onion', 3, 20);(4, 1):soup('onion', 3, 20)","(3, 0):soup('onion', 3, 20);(4, 1):soup('onion', 3, 20)",60.0,72.0,1,"(0, 1)",-0.03240000000000016,0.0,0.0,-0.03240000000000016,60.0,72.0,False,"(3, 2)",dish,"(1, 3)",,"(3, 0):soup('onion', 3, 20);(4, 1):soup('onion', 3, 20)","(3, 0):soup('onion', 3, 20);(4, 1):soup('onion', 3, 20)"
175,0,"(0, -1)","(3, 2)","(0, -1)",dish,"(1, 3)","(0, 1)",,"(3, 0):soup('onion', 3, 20);(4, 1):soup('onion', 3, 20)","(3, 0):soup('onion', 3, 20);(4, 1):soup('onion', 3, 20)",60.0,72.0,5,interact,-0.03240000000000016,0.0,0.0,-0.03240000000000016,60.0,72.0,False,"(3, 1)",dish,"(1, 3)",onion,"(3, 0):soup('onion', 3, 20);(4, 1):soup('onion', 3, 20)","(3, 0):soup('onion', 3, 20);(4, 1):soup('onion', 3, 20)"
176,5,interact,"(3, 1)","(0, -1)",dish,"(1, 3)","(0, 1)",onion,"(3, 0):soup('onion', 3, 20);(4, 1):soup('onion', 3, 20)","(3, 0):soup('onion', 3, 20);(4, 1):soup('onion', 3, 20)",60.0,72.0,3,"(-1, 0)",5.324,0.0,5.0,0.324,60.0,77.0,False,"(3, 1)","soup('onion', 3, 20)","(1, 3)",onion,"(4, 1):soup('onion', 3, 20)","(3, 0):empty;(4, 1):soup('onion', 3, 20)"
177,1,"(0, 1)","(3, 1)","(0, -1)","soup('onion', 3, 20)","(1, 3)","(-1, 0)",onion,"(4, 1):soup('onion', 3, 20)","(3, 0):empty;(4, 1):soup('onion', 3, 20)",60.0,77.0,5,interact,0.023400000000000355,0.0,0.0,0.023400000000000355,60.0,77.0,False,"(3, 2)","soup('onion', 3, 20)","(1, 3)",onion,"(4, 1):soup('onion', 3, 20)","(3, 0):empty;(4, 1):soup('onion', 3, 20)"
178,1,"(0, 1)","(3, 2)","(0, 1)","soup('onion', 3, 20)","(1, 3)","(-1, 0)",onion,"(4, 1):soup('onion', 3, 20)","(3, 0):empty;(4, 1):soup('onion', 3, 20)",60.0,77.0,0,"(0, -1)",0.02279999999999962,0.0,0.0,0.02279999999999962,60.0,77.0,False,"(3, 3)","soup('onion', 3, 20)","(1, 2)",onion,"(4, 1):soup('onion', 3, 20)","(3, 0):empty;(4, 1):soup('onion', 3, 20)"
179,3,"(-1, 0)","(3, 3)","(0, 1)","soup('onion', 3, 20)","(1, 2)","(0, -1)",onion,"(4, 1):soup('onion', 3, 20)","(3, 0):empty;(4, 1):soup('onion', 3, 20)",60.0,77.0,0,"(0, -1)",-0.037200000000000163,0.0,0.0,-0.037200000000000163,60.0,77.0,False,"(2, 3)","soup('onion', 3, 20)","(1, 1)",onion,"(4, 1):soup('onion', 3, 20)","(3, 0):empty;(4, 1):soup('onion', 3, 20)"
180,1,"(0, 1)","(2, 3)","(-1, 0)","soup('onion', 3, 20)","(1, 1)","(0, -1)",onion,"(4, 1):soup('onion', 3, 20)","(3, 0):empty;(4, 1):soup('onion', 3, 20)",60.0,77.0,2,"(1, 0)",-0.09660000000000028,0.0,0.0,-0.09660000000000028,60.0,77.0,False,"(2, 3)","soup('onion', 3, 20)","(2, 1)",onion,"(4, 1):soup('onion', 3, 20)","(3, 0):empty;(4, 1):soup('onion', 3, 20)"
181,5,interact,"(2, 3)","(0, 1)","soup('onion', 3, 20)","(2, 1)","(1, 0)",onion,"(4, 1):soup('onion', 3, 20)","(3, 0):empty;(4, 1):soup('onion', 3, 20)",60.0,77.0,0,"(0, -1)",17.5874,20.0,0.0,-2.4126,80.0,77.0,True,"(2, 3)",,"(2, 1)",onion,"(4, 1):soup('onion', 3, 20)","(3, 0):empty;(4, 1):soup('onion', 3, 20)"
182,3,"(-1, 0)","(2, 3)","(0, 1)",,"(2, 1)","(0, -1)",onion,"(4, 1):soup('onion', 3, 20)","(3, 0):empty;(4, 1):soup('onion', 3, 20)",80.0,77.0,2,"(1, 0)",-0.0719999999999998,0.0,0.0,-0.0719999999999998,80.0,77.0,False,"(1, 3)",,"(3, 1)",onion,"(4, 1):soup('onion', 3, 20)","(3, 0):empty;(4, 1):soup('onion', 3, 20)"
183,0,"(0, -1)","(1, 3)","(-1, 0)",,"(3, 1)","(1, 0)",onion,"(4, 1):soup('onion', 3, 20)","(3, 0):empty;(4, 1):soup('onion', 3, 20)",80.0,77.0,0,"(0, -1)",-0.07139999999999999,0.0,0.0,-0.07139999999999999,80.0,77.0,False,"(1, 2)",,"(3, 1)",onion,"(4, 1):soup('onion', 3, 20)","(3, 0):empty;(4, 1):soup('onion', 3, 20)"
184,5,interact,"(1, 2)","(0, -1)",,"(3, 1)","(0, -1)",onion,"(4, 1):soup('onion', 3, 20)","(3, 0):empty;(4, 1):soup('onion', 3, 20)",80.0,77.0,5,interact,3.2856,0.0,3.0,0.28559999999999997,80.0,80.0,False,"(1, 2)",,"(3, 1)",,"(3, 0):soup('onion', 1, 0);(4, 1):soup('onion', 3, 20)","(3, 0):soup('onion', 1, 0);(4, 1):soup('onion', 3, 20)"
185,3,"(-1, 0)","(1, 2)","(0, -1)",,"(3, 1)","(0, -1)",,"(3, 0):soup('onion', 1, 0);(4, 1):soup('onion', 3, 20)","(3, 0):soup('onion', 1, 0);(4, 1):soup('onion', 3, 20)",80.0,80.0,1,"(0, 1)",-0.07380000000000013,0.0,0.0,-0.07380000000000013,80.0,80.0,False,"(1, 2)",,"(3, 2)",,"(3, 0):soup('onion', 1, 0);(4, 1):soup('onion', 3, 20)","(3, 0):soup('onion', 1, 0);(4, 1):soup('onion', 3, 20)"
186,5,interact,"(1, 2)","(-1, 0)",,"(3, 2)","(0, 1)",,"(3, 0):soup('onion', 1, 0);(4, 1):soup('onion', 3, 20)","(3, 0):soup('onion', 1, 0);(4, 1):soup('onion', 3, 20)",80.0,80.0,1,"(0, 1)",3.2832000000000003,0.0,3.0,0.28320000000000023,80.0,83.0,False,"(1, 2)",dish,"(3, 3)",,"(3, 0):soup('onion', 1, 0);(4, 1):soup('onion', 3, 20)","(3, 0):soup('onion', 1, 0);(4, 1):soup('onion', 3, 20)"
187,0,"(0, -1)","(1, 2)","(-1, 0)",dish,"(3, 3)","(0, 1)",,"(3, 0):soup('onion', 1, 0);(4, 1):soup('onion', 3, 20)","(3, 0):soup('onion', 1, 0);(4, 1):soup('onion', 3, 20)",80.0,83.0,3,"(-1, 0)",-0.07620000000000013,0.0,0.0,-0.07620000000000013,80.0,83.0,False,"(1, 1)",dish,"(2, 3)",,"(3, 0):soup('onion', 1, 0);(4, 1):soup('onion', 3, 20)","(3, 0):soup('onion', 1, 0);(4, 1):soup('onion', 3, 20)"
188,2,"(1, 0)","(1, 1)","(0, -1)",dish,"(2, 3)","(-1, 0)",,"(3, 0):soup('onion', 1, 0);(4, 1):soup('onion', 3, 20)","(3, 0):soup('onion', 1, 0);(4, 1):soup('onion', 3, 20)",80.0,83.0,5,interact,-0.0756000000000002,0.0,0.0,-0.0756000000000002,80.0,83.0,False,"(2, 1)",dish,"(2, 3)",,"(3, 0):soup('onion', 1, 0);(4, 1):soup('onion', 3, 20)","(3, 0):soup('onion', 1, 0);(4, 1):soup('onion', 3, 20)"
189,2,"(1, 0)","(2, 1)","(1, 0)",dish,"(2, 3)","(-1, 0)",,"(3, 0):soup('onion', 1, 0);(4, 1):soup('onion', 3, 20)","(3, 0):soup('onion', 1, 0);(4, 1):soup('onion', 3, 20)",80.0,83.0,1,"(0, 1)",-0.075,0.0,0.0,-0.075,80.0,83.0,False,"(3, 1)",dish,"(2, 3)",,"(3, 0):soup('onion', 1, 0);(4, 1):soup('onion', 3, 20)","(3, 0):soup('onion', 1, 0);(4, 1):soup('onion', 3, 20)"
190,5,interact,"(3, 1)","(1, 0)",dish,"(2, 3)","(0, 1)",,"(3, 0):soup('onion', 1, 0);(4, 1):soup('onion', 3, 20)","(3, 0):soup('onion', 1, 0);(4, 1):soup('onion', 3, 20)",80.0,83.0,3,"(-1, 0)",5.9948,0.0,5.0,0.9947999999999997,80.0,88.0,False,"(3, 1)","soup('onion', 3, 20)","(1, 3)",,"(3, 0):soup('onion', 1, 0)","(3, 0):soup('onion', 1, 0);(4, 1):empty"
191,1,"(0, 1)","(3, 1)","(1, 0)","soup('onion', 3, 20)","(1, 3)","(-1, 0)",,"(3, 0):soup('onion', 1, 0)","(3, 0):soup('onion', 1, 0);(4, 1):empty",80.0,88.0,5,interact,0.03420000000000023,0.0,0.0,0.03420000000000023,80.0,88.0,False,"(3, 2)","soup('onion', 3, 20)","(1, 3)",onion,"(3, 0):soup('onion', 1, 0)","(3, 0):soup('onion', 1, 0);(4, 1):empty"
192,1,"(0, 1)","(3, 2)","(0, 1)","soup('onion', 3, 20)","(1, 3)","(-1, 0)",onion,"(3, 0):soup('onion', 1, 0)","(3, 0):soup('onion', 1, 0);(4, 1):empty",80.0,88.0,0,"(0, -1)",0.033600000000000026,0.0,0.0,0.033600000000000026,80.0,88.0,False,"(3, 3)","soup('onion', 3, 20)","(1, 2)",onion,"(3, 0):soup('onion', 1, 0)","(3, 0):soup('onion', 1, 0);(4, 1):empty"
193,3,"(-1, 0)","(3, 3)","(0, 1)","soup('onion', 3, 20)","(1, 2)","(0, -1)",onion,"(3, 0):soup('onion', 1, 0)","(3, 0):soup('onion', 1, 0);(4, 1):empty",80.0,88.0,0,"(0, -1)",0.03300000000000036,0.0,0.0,0.03300000000000036,80.0,88.0,False,"(2, 3)","soup('onion', 3, 20)","(1, 1)",onion,"(3, 0):soup('onion', 1, 0)","(3, 0):soup('onion', 1, 0);(4, 1):empty"
194,1,"(0, 1)","(2, 3)","(-1, 0)","soup('onion', 3, 20)","(1, 1)","(0, -1)",onion,"(3, 0):soup('onion', 1, 0)","(3, 0):soup('onion', 1, 0);(4, 1):empty",80.0,88.0,2,"(1, 0)",-0.026999999999999958,0.0,0.0,-0.026999999999999958,80.0,88.0,False,"(2, 3)","soup('onion', 3, 20)","(2, 1)",onion,"(3, 0):soup('onion', 1, 0)","(3, 0):soup('onion', 1, 0);(4, 1):empty"
195,5,interact,"(2, 3)","(0, 1)","soup('onion', 3, 20)","(2, 1)","(1, 0)",onion,"(3, 0):soup('onion', 1, 0)","(3, 0):soup('onion', 1, 0);(4, 1):empty",80.0,88.0,2,"(1, 0)",17.6564,20.0,0.0,-2.3436,100.0,88.0,True,"(2, 3)",,"(3, 1)",onion,"(3, 0):soup('onion', 1, 0)","(3, 0):soup('onion', 1, 0);(4, 1):empty"
196,3,"(-1, 0)","(2, 3)","(0, 1)",,"(3, 1)","(1, 0)",onion,"(3, 0):soup('onion', 1, 0)","(3, 0):soup('onion', 1, 0);(4, 1):empty",100.0,88.0,5,interact,3.3528,0.0,3.0,0.35279999999999995,100.0,91.0,False,"(1, 3)",,"(3, 1)",,"(3, 0):soup('onion', 1, 0);(4, 1):soup('onion', 1, 0)","(3, 0):soup('onion', 1, 0);(4, 1):soup('onion', 1, 0)"
197,5,interact,"(1, 3)","(-1, 0)",,"(3, 1)","(1, 0)",,"(3, 0):soup('onion', 1, 0);(4, 1):soup('onion', 1, 0)","(3, 0):soup('onion', 1, 0);(4, 1):soup('onion', 1, 0)",100.0,91.0,3,"(-1, 0)",-0.007200000000000006,0.0,0.0,-0.007200000000000006,100.0,91.0,False,"(1, 3)",onion,"(2, 1)",,"(3, 0):soup('onion', 1, 0);(4, 1):soup('onion', 1, 0)","(3, 0):soup('onion', 1, 0);(4, 1):soup('onion', 1, 0)"
198,2,"(1, 0)","(1, 3)","(-1, 0)",onion,"(2, 1)","(-1, 0)",,"(3, 0):soup('onion', 1, 0);(4, 1):soup('onion', 1, 0)","(3, 0):soup('onion', 1, 0);(4, 1):soup('onion', 1, 0)",100.0,91.0,3,"(-1, 0)",-0.007200000000000006,0.0,0.0,-0.007200000000000006,100.0,91.0,False,"(2, 3)",onion,"(1, 1)",,"(3, 0):soup('onion', 1, 0);(4, 1):soup('onion', 1, 0)","(3, 0):soup('onion', 1, 0);(4, 1):soup('onion', 1, 0)"
199,5,interact,"(2, 3)","(1, 0)",onion,"(1, 1)","(-1, 0)",,"(3, 0):soup('onion', 1, 0);(4, 1):soup('onion', 1, 0)","(3, 0):soup('onion', 1, 0);(4, 1):soup('onion', 1, 0)",100.0,91.0,1,"(0, 1)",-0.007200000000000006,0.0,0.0,-0.007200000000000006,100.0,91.0,False,"(2, 3)",onion,"(1, 2)",,"(3, 0):soup('onion', 1, 0);(4, 1):soup('onion', 1, 0)","(3, 0):soup('onion', 1, 0);(4, 1):soup('onion', 1, 0)"
200,5,interact,"(2, 3)","(1, 0)",onion,"(1, 2)","(0, 1)",,"(3, 0):soup('onion', 1, 0);(4, 1):soup('onion', 1, 0)","(3, 0):soup('onion', 1, 0);(4, 1):soup('onion', 1, 0)",100.0,91.0,1,"(0, 1)",-0.007200000000000006,0.0,0.0,-0.007200000000000006,100.0,91.0,False,"(2, 3)",onion,"(1, 3)",,"(3, 0):soup('onion', 1, 0);(4, 1):soup('onion', 1, 0)","(3, 0):soup('onion', 1, 0);(4, 1):soup('onion', 1, 0)"
201,2,"(1, 0)","(2, 3)","(1, 0)",onion,"(1, 3)","(0, 1)",,"(3, 0):soup('onion', 1, 0);(4, 1):soup('onion', 1, 0)","(3, 0):soup('onion', 1, 0);(4, 1):soup('onion', 1, 0)",100.0,91.0,5,interact,-0.007200000000000006,0.0,0.0,-0.007200000000000006,100.0,91.0,False,"(3, 3)",onion,"(1, 3)",onion,"(3, 0):soup('onion', 1, 0);(4, 1):soup('onion', 1, 0)","(3, 0):soup('onion', 1, 0);(4, 1):soup('onion', 1, 0)"
202,0,"(0, -1)","(3, 3)","(1, 0)",onion,"(1, 3)","(0, 1)",onion,"(3, 0):soup('onion', 1, 0);(4, 1):soup('onion', 1, 0)","(3, 0):soup('onion', 1, 0);(4, 1):soup('onion', 1, 0)",100.0,91.0,0,"(0, -1)",-0.007200000000000006,0.0,0.0,-0.007200000000000006,100.0,91.0,False,"(3, 2)",onion,"(1, 2)",onion,"(3, 0):soup('onion', 1, 0);(4, 1):soup('onion', 1, 0)","(3, 0):soup('onion', 1, 0);(4, 1):soup('onion', 1, 0)"
203,0,"(0, -1)","(3, 2)","(0, -1)",onion,"(1, 2)","(0, -1)",onion,"(3, 0):soup('onion', 1, 0);(4, 1):soup('onion', 1, 0)","(3, 0):soup('onion', 1, 0);(4, 1):soup('onion', 1, 0)",100.0,91.0,0,"(0, -1)",-0.007200000000000006,0.0,0.0,-0.007200000000000006,100.0,91.0,False,"(3, 1)",onion,"(1, 1)",onion,"(3, 0):soup('onion', 1, 0);(4, 1):soup('onion', 1, 0)","(3, 0):soup('onion', 1, 0);(4, 1):soup('onion', 1, 0)"
204,5,interact,"(3, 1)","(0, -1)",onion,"(1, 1)","(0, -1)",onion,"(3, 0):soup('onion', 1, 0);(4, 1):soup('onion', 1, 0)","(3, 0):soup('onion', 1, 0);(4, 1):soup('onion', 1, 0)",100.0,91.0,2,"(1, 0)",3.3491999999999997,0.0,3.0,0.3491999999999999,100.0,94.0,False,"(3, 1)",,"(2, 1)",onion,"(3, 0):soup('onion', 2, 0);(4, 1):soup('onion', 1, 0)","(3, 0):soup('onion', 2, 0);(4, 1):soup('onion', 1, 0)"
205,1,"(0, 1)","(3, 1)","(0, -1)",,"(2, 1)","(1, 0)",onion,"(3, 0):soup('onion', 2, 0);(4, 1):soup('onion', 1, 0)","(3, 0):soup('onion', 2, 0);(4, 1):soup('onion', 1, 0)",100.0,94.0,4,"(0, 0)",-0.01080000000000001,0.0,0.0,-0.01080000000000001,100.0,94.0,False,"(3, 2)",,"(2, 1)",onion,"(3, 0):soup('onion', 2, 0);(4, 1):soup('onion', 1, 0)","(3, 0):soup('onion', 2, 0);(4, 1):soup('onion', 1, 0)"
206,1,"(0, 1)","(3, 2)","(0, 1)",,"(2, 1)","(1, 0)",onion,"(3, 0):soup('onion', 2, 0);(4, 1):soup('onion', 1, 0)","(3, 0):soup('onion', 2, 0);(4, 1):soup('onion', 1, 0)",100.0,94.0,2,"(1, 0)",-0.01080000000000001,0.0,0.0,-0.01080000000000001,100.0,94.0,False,"(3, 3)",,"(3, 1)",onion,"(3, 0):soup('onion', 2, 0);(4, 1):soup('onion', 1, 0)","(3, 0):soup('onion', 2, 0);(4, 1):soup('onion', 1, 0)"
207,3,"(-1, 0)","(3, 3)","(0, 1)",,"(3, 1)","(1, 0)",onion,"(3, 0):soup('onion', 2, 0);(4, 1):soup('onion', 1, 0)","(3, 0):soup('onion', 2, 0);(4, 1):soup('onion', 1, 0)",100.0,94.0,0,"(0, -1)",-0.01080000000000001,0.0,0.0,-0.01080000000000001,100.0,94.0,False,"(2, 3)",,"(3, 1)",onion,"(3, 0):soup('onion', 2, 0);(4, 1):soup('onion', 1, 0)","(3, 0):soup('onion', 2, 0);(4, 1):soup('onion', 1, 0)"
208,3,"(-1, 0)","(2, 3)","(-1, 0)",,"(3, 1)","(0, -1)",onion,"(3, 0):soup('onion', 2, 0);(4, 1):soup('onion', 1, 0)","(3, 0):soup('onion', 2, 0);(4, 1):soup('onion', 1, 0)",100.0,94.0,5,interact,3.4644,0.0,3.0,0.4644,100.0,97.0,False,"(1, 3)",,"(3, 1)",,"(3, 0):soup('onion', 3, 1);(4, 1):soup('onion', 1, 0)","(3, 0):soup('onion', 3, 1);(4, 1):soup('onion', 1, 0)"
209,3,"(-1, 0)","(1, 3)","(-1, 0)",,"(3, 1)","(0, -1)",,"(3, 0):soup('onion', 3, 1);(4, 1):soup('onion', 1, 0)","(3, 0):soup('onion', 3, 1);(4, 1):soup('onion', 1, 0)",100.0,97.0,3,"(-1, 0)",-0.015600000000000147,0.0,0.0,-0.015600000000000147,100.0,97.0,False,"(1, 3)",,"(2, 1)",,"(3, 0):soup('onion', 3, 2);(4, 1):soup('onion', 1, 0)","(3, 0):soup('onion', 3, 2);(4, 1):soup('onion', 1, 0)"
210,0,"(0, -1)","(1, 3)","(-1, 0)",,"(2, 1)","(-1, 0)",,"(3, 0):soup('onion', 3, 2);(4, 1):soup('onion', 1, 0)","(3, 0):soup('onion', 3, 2);(4, 1):soup('onion', 1, 0)",100.0,97.0,3,"(-1, 0)",-0.015600000000000147,0.0,0.0,-0.015600000000000147,100.0,97.0,False,"(1, 2)",,"(1, 1)",,"(3, 0):soup('onion', 3, 3);(4, 1):soup('onion', 1, 0)","(3, 0):soup('onion', 3, 3);(4, 1):soup('onion', 1, 0)"
211,3,"(-1, 0)","(1, 2)","(0, -1)",,"(1, 1)","(-1, 0)",,"(3, 0):soup('onion', 3, 3);(4, 1):soup('onion', 1, 0)","(3, 0):soup('onion', 3, 3);(4, 1):soup('onion', 1, 0)",100.0,97.0,1,"(0, 1)",-0.015600000000000147,0.0,0.0,-0.015600000000000147,100.0,97.0,False,"(1, 2)",,"(1, 1)",,"(3, 0):soup('onion', 3, 4);(4, 1):soup('onion', 1, 0)","(3, 0):soup('onion', 3, 4);(4, 1):soup('onion', 1, 0)"
212,5,interact,"(1, 2)","(-1, 0)",,"(1, 1)","(0, 1)",,"(3, 0):soup('onion', 3, 4);(4, 1):soup('onion', 1, 0)","(3, 0):soup('onion', 3, 4);(4, 1):soup('onion', 1, 0)",100.0,97.0,1,"(0, 1)",2.9844,0.0,3.0,-0.015600000000000147,100.0,100.0,False,"(1, 2)",dish,"(1, 1)",,"(3, 0):soup('onion', 3, 5);(4, 1):soup('onion', 1, 0)","(3, 0):soup('onion', 3, 5);(4, 1):soup('onion', 1, 0)"
213,1,"(0, 1)","(1, 2)","(-1, 0)",dish,"(1, 1)","(0, 1)",,"(3, 0):soup('onion', 3, 5);(4, 1):soup('onion', 1, 0)","(3, 0):soup('onion', 3, 5);(4, 1):soup('onion', 1, 0)",100.0,100.0,1,"(0, 1)",-0.015600000000000147,0.0,0.0,-0.015600000000000147,100.0,100.0,False,"(1, 3)",dish,"(1, 2)",,"(3, 0):soup('onion', 3, 6);(4, 1):soup('onion', 1, 0)","(3, 0):soup('onion', 3, 6);(4, 1):soup('onion', 1, 0)"
214,4,"(0, 0)","(1, 3)","(0, 1)",dish,"(1, 2)","(0, 1)",,"(3, 0):soup('onion', 3, 6);(4, 1):soup('onion', 1, 0)","(3, 0):soup('onion', 3, 6);(4, 1):soup('onion', 1, 0)",100.0,100.0,1,"(0, 1)",-0.015600000000000147,0.0,0.0,-0.015600000000000147,100.0,100.0,False,"(1, 3)",dish,"(1, 2)",,"(3, 0):soup('onion', 3, 7);(4, 1):soup('onion', 1, 0)","(3, 0):soup('onion', 3, 7);(4, 1):soup('onion', 1, 0)"
215,4,"(0, 0)","(1, 3)","(0, 1)",dish,"(1, 2)","(0, 1)",,"(3, 0):soup('onion', 3, 7);(4, 1):soup('onion', 1, 0)","(3, 0):soup('onion', 3, 7);(4, 1):soup('onion', 1, 0)",100.0,100.0,1,"(0, 1)",-0.015600000000000147,0.0,0.0,-0.015600000000000147,100.0,100.0,False,"(1, 3)",dish,"(1, 2)",,"(3, 0):soup('onion', 3, 8);(4, 1):soup('onion', 1, 0)","(3, 0):soup('onion', 3, 8);(4, 1):soup('onion', 1, 0)"
216,4,"(0, 0)","(1, 3)","(0, 1)",dish,"(1, 2)","(0, 1)",,"(3, 0):soup('onion', 3, 8);(4, 1):soup('onion', 1, 0)","(3, 0):soup('onion', 3, 8);(4, 1):soup('onion', 1, 0)",100.0,100.0,1,"(0, 1)",-0.015600000000000147,0.0,0.0,-0.015600000000000147,100.0,100.0,False,"(1, 3)",dish,"(1, 2)",,"(3, 0):soup('onion', 3, 9);(4, 1):soup('onion', 1, 0)","(3, 0):soup('onion', 3, 9);(4, 1):soup('onion', 1, 0)"
217,4,"(0, 0)","(1, 3)","(0, 1)",dish,"(1, 2)","(0, 1)",,"(3, 0):soup('onion', 3, 9);(4, 1):soup('onion', 1, 0)","(3, 0):soup('onion', 3, 9);(4, 1):soup('onion', 1, 0)",100.0,100.0,1,"(0, 1)",-0.015600000000000147,0.0,0.0,-0.015600000000000147,100.0,100.0,False,"(1, 3)",dish,"(1, 2)",,"(3, 0):soup('onion', 3, 10);(4, 1):soup('onion', 1, 0)","(3, 0):soup('onion', 3, 10);(4, 1):soup('onion', 1, 0)"
218,4,"(0, 0)","(1, 3)","(0, 1)",dish,"(1, 2)","(0, 1)",,"(3, 0):soup('onion', 3, 10);(4, 1):soup('onion', 1, 0)","(3, 0):soup('onion', 3, 10);(4, 1):soup('onion', 1, 0)",100.0,100.0,1,"(0, 1)",-0.015600000000000147,0.0,0.0,-0.015600000000000147,100.0,100.0,False,"(1, 3)",dish,"(1, 2)",,"(3, 0):soup('onion', 3, 11);(4, 1):soup('onion', 1, 0)","(3, 0):soup('onion', 3, 11);(4, 1):soup('onion', 1, 0)"
219,4,"(0, 0)","(1, 3)","(0, 1)",dish,"(1, 2)","(0, 1)",,"(3, 0):soup('onion', 3, 11);(4, 1):soup('onion', 1, 0)","(3, 0):soup('onion', 3, 11);(4, 1):soup('onion', 1, 0)",100.0,100.0,1,"(0, 1)",-0.015600000000000147,0.0,0.0,-0.015600000000000147,100.0,100.0,False,"(1, 3)",dish,"(1, 2)",,"(3, 0):soup('onion', 3, 12);(4, 1):soup('onion', 1, 0)","(3, 0):soup('onion', 3, 12);(4, 1):soup('onion', 1, 0)"
220,4,"(0, 0)","(1, 3)","(0, 1)",dish,"(1, 2)","(0, 1)",,"(3, 0):soup('onion', 3, 12);(4, 1):soup('onion', 1, 0)","(3, 0):soup('onion', 3, 12);(4, 1):soup('onion', 1, 0)",100.0,100.0,1,"(0, 1)",-0.015600000000000147,0.0,0.0,-0.015600000000000147,100.0,100.0,False,"(1, 3)",dish,"(1, 2)",,"(3, 0):soup('onion', 3, 13);(4, 1):soup('onion', 1, 0)","(3, 0):soup('onion', 3, 13);(4, 1):soup('onion', 1, 0)"
221,4,"(0, 0)","(1, 3)","(0, 1)",dish,"(1, 2)","(0, 1)",,"(3, 0):soup('onion', 3, 13);(4, 1):soup('onion', 1, 0)","(3, 0):soup('onion', 3, 13);(4, 1):soup('onion', 1, 0)",100.0,100.0,1,"(0, 1)",-0.015600000000000147,0.0,0.0,-0.015600000000000147,100.0,100.0,False,"(1, 3)",dish,"(1, 2)",,"(3, 0):soup('onion', 3, 14);(4, 1):soup('onion', 1, 0)","(3, 0):soup('onion', 3, 14);(4, 1):soup('onion', 1, 0)"
222,4,"(0, 0)","(1, 3)","(0, 1)",dish,"(1, 2)","(0, 1)",,"(3, 0):soup('onion', 3, 14);(4, 1):soup('onion', 1, 0)","(3, 0):soup('onion', 3, 14);(4, 1):soup('onion', 1, 0)",100.0,100.0,1,"(0, 1)",-0.015600000000000147,0.0,0.0,-0.015600000000000147,100.0,100.0,False,"(1, 3)",dish,"(1, 2)",,"(3, 0):soup('onion', 3, 15);(4, 1):soup('onion', 1, 0)","(3, 0):soup('onion', 3, 15);(4, 1):soup('onion', 1, 0)"
223,4,"(0, 0)","(1, 3)","(0, 1)",dish,"(1, 2)","(0, 1)",,"(3, 0):soup('onion', 3, 15);(4, 1):soup('onion', 1, 0)","(3, 0):soup('onion', 3, 15);(4, 1):soup('onion', 1, 0)",100.0,100.0,1,"(0, 1)",-0.015600000000000147,0.0,0.0,-0.015600000000000147,100.0,100.0,False,"(1, 3)",dish,"(1, 2)",,"(3, 0):soup('onion', 3, 16);(4, 1):soup('onion', 1, 0)","(3, 0):soup('onion', 3, 16);(4, 1):soup('onion', 1, 0)"
224,4,"(0, 0)","(1, 3)","(0, 1)",dish,"(1, 2)","(0, 1)",,"(3, 0):soup('onion', 3, 16);(4, 1):soup('onion', 1, 0)","(3, 0):soup('onion', 3, 16);(4, 1):soup('onion', 1, 0)",100.0,100.0,1,"(0, 1)",-0.015600000000000147,0.0,0.0,-0.015600000000000147,100.0,100.0,False,"(1, 3)",dish,"(1, 2)",,"(3, 0):soup('onion', 3, 17);(4, 1):soup('onion', 1, 0)","(3, 0):soup('onion', 3, 17);(4, 1):soup('onion', 1, 0)"
225,4,"(0, 0)","(1, 3)","(0, 1)",dish,"(1, 2)","(0, 1)",,"(3, 0):soup('onion', 3, 17);(4, 1):soup('onion', 1, 0)","(3, 0):soup('onion', 3, 17);(4, 1):soup('onion', 1, 0)",100.0,100.0,1,"(0, 1)",-0.015600000000000147,0.0,0.0,-0.015600000000000147,100.0,100.0,False,"(1, 3)",dish,"(1, 2)",,"(3, 0):soup('onion', 3, 18);(4, 1):soup('onion', 1, 0)","(3, 0):soup('onion', 3, 18);(4, 1):soup('onion', 1, 0)"
226,4,"(0, 0)","(1, 3)","(0, 1)",dish,"(1, 2)","(0, 1)",,"(3, 0):soup('onion', 3, 18);(4, 1):soup('onion', 1, 0)","(3, 0):soup('onion', 3, 18);(4, 1):soup('onion', 1, 0)",100.0,100.0,1,"(0, 1)",-0.015600000000000147,0.0,0.0,-0.015600000000000147,100.0,100.0,False,"(1, 3)",dish,"(1, 2)",,"(3, 0):soup('onion', 3, 19);(4, 1):soup('onion', 1, 0)","(3, 0):soup('onion', 3, 19);(4, 1):soup('onion', 1, 0)"
227,4,"(0, 0)","(1, 3)","(0, 1)",dish,"(1, 2)","(0, 1)",,"(3, 0):soup('onion', 3, 19);(4, 1):soup('onion', 1, 0)","(3, 0):soup('onion', 3, 19);(4, 1):soup('onion', 1, 0)",100.0,100.0,1,"(0, 1)",0.5783999999999999,0.0,0.0,0.5783999999999999,100.0,100.0,False,"(1, 3)",dish,"(1, 2)",,"(3, 0):soup('onion', 3, 20);(4, 1):soup('onion', 1, 0)","(3, 0):soup('onion', 3, 20);(4, 1):soup('onion', 1, 0)"
228,2,"(1, 0)","(1, 3)","(0, 1)",dish,"(1, 2)","(0, 1)",,"(3, 0):soup('onion', 3, 20);(4, 1):soup('onion', 1, 0)","(3, 0):soup('onion', 3, 20);(4, 1):soup('onion', 1, 0)",100.0,100.0,1,"(0, 1)",-0.02160000000000002,0.0,0.0,-0.02160000000000002,100.0,100.0,False,"(2, 3)",dish,"(1, 3)",,"(3, 0):soup('onion', 3, 20);(4, 1):soup('onion', 1, 0)","(3, 0):soup('onion', 3, 20);(4, 1):soup('onion', 1, 0)"
229,2,"(1, 0)","(2, 3)","(1, 0)",dish,"(1, 3)","(0, 1)",,"(3, 0):soup('onion', 3, 20);(4, 1):soup('onion', 1, 0)","(3, 0):soup('onion', 3, 20);(4, 1):soup('onion', 1, 0)",100.0,100.0,5,interact,-0.02160000000000002,0.0,0.0,-0.02160000000000002,100.0,100.0,False,"(3, 3)",dish,"(1, 3)",onion,"(3, 0):soup('onion', 3, 20);(4, 1):soup('onion', 1, 0)","(3, 0):soup('onion', 3, 20);(4, 1):soup('onion', 1, 0)"
230,0,"(0, -1)","(3, 3)","(1, 0)",dish,"(1, 3)","(0, 1)",onion,"(3, 0):soup('onion', 3, 20);(4, 1):soup('onion', 1, 0)","(3, 0):soup('onion', 3, 20);(4, 1):soup('onion', 1, 0)",100.0,100.0,3,"(-1, 0)",-0.02160000000000002,0.0,0.0,-0.02160000000000002,100.0,100.0,False,"(3, 2)",dish,"(1, 3)",onion,"(3, 0):soup('onion', 3, 20);(4, 1):soup('onion', 1, 0)","(3, 0):soup('onion', 3, 20);(4, 1):soup('onion', 1, 0)"
231,0,"(0, -1)","(3, 2)","(0, -1)",dish,"(1, 3)","(-1, 0)",onion,"(3, 0):soup('onion', 3, 20);(4, 1):soup('onion', 1, 0)","(3, 0):soup('onion', 3, 20);(4, 1):soup('onion', 1, 0)",100.0,100.0,5,interact,-0.02160000000000002,0.0,0.0,-0.02160000000000002,100.0,100.0,False,"(3, 1)",dish,"(1, 3)",onion,"(3, 0):soup('onion', 3, 20);(4, 1):soup('onion', 1, 0)","(3, 0):soup('onion', 3, 20);(4, 1):soup('onion', 1, 0)"
232,5,interact,"(3, 1)","(0, -1)",dish,"(1, 3)","(-1, 0)",onion,"(3, 0):soup('onion', 3, 20);(4, 1):soup('onion', 1, 0)","(3, 0):soup('onion', 3, 20);(4, 1):soup('onion', 1, 0)",100.0,100.0,1,"(0, 1)",5.3347999999999995,0.0,5.0,0.3347999999999996,100.0,105.0,False,"(3, 1)","soup('onion', 3, 20)","(1, 3)",onion,"(4, 1):soup('onion', 1, 0)","(3, 0):empty;(4, 1):soup('onion', 1, 0)"
233,1,"(0, 1)","(3, 1)","(0, -1)","soup('onion', 3, 20)","(1, 3)","(0, 1)",onion,"(4, 1):soup('onion', 1, 0)","(3, 0):empty;(4, 1):soup('onion', 1, 0)",100.0,105.0,0,"(0, -1)",0.03420000000000023,0.0,0.0,0.03420000000000023,100.0,105.0,False,"(3, 2)","soup('onion', 3, 20)","(1, 2)",onion,"(4, 1):soup('onion', 1, 0)","(3, 0):empty;(4, 1):soup('onion', 1, 0)"
234,1,"(0, 1)","(3, 2)","(0, 1)","soup('onion', 3, 20)","(1, 2)","(0, -1)",onion,"(4, 1):soup('onion', 1, 0)","(3, 0):empty;(4, 1):soup('onion', 1, 0)",100.0,105.0,0,"(0, -1)",0.033600000000000026,0.0,0.0,0.033600000000000026,100.0,105.0,False,"(3, 3)","soup('onion', 3, 20)","(1, 1)",onion,"(4, 1):soup('onion', 1, 0)","(3, 0):empty;(4, 1):soup('onion', 1, 0)"
235,3,"(-1, 0)","(3, 3)","(0, 1)","soup('onion', 3, 20)","(1, 1)","(0, -1)",onion,"(4, 1):soup('onion', 1, 0)","(3, 0):empty;(4, 1):soup('onion', 1, 0)",100.0,105.0,2,"(1, 0)",0.03300000000000036,0.0,0.0,0.03300000000000036,100.0,105.0,False,"(2, 3)","soup('onion', 3, 20)","(2, 1)",onion,"(4, 1):soup('onion', 1, 0)","(3, 0):empty;(4, 1):soup('onion', 1, 0)"
236,1,"(0, 1)","(2, 3)","(-1, 0)","soup('onion', 3, 20)","(2, 1)","(1, 0)",onion,"(4, 1):soup('onion', 1, 0)","(3, 0):empty;(4, 1):soup('onion', 1, 0)",100.0,105.0,0,"(0, -1)",-0.026999999999999958,0.0,0.0,-0.026999999999999958,100.0,105.0,False,"(2, 3)","soup('onion', 3, 20)","(2, 1)",onion,"(4, 1):soup('onion', 1, 0)","(3, 0):empty;(4, 1):soup('onion', 1, 0)"
237,5,interact,"(2, 3)","(0, 1)","soup('onion', 3, 20)","(2, 1)","(0, -1)",onion,"(4, 1):soup('onion', 1, 0)","(3, 0):empty;(4, 1):soup('onion', 1, 0)",100.0,105.0,2,"(1, 0)",17.6564,20.0,0.0,-2.3436,120.0,105.0,True,"(2, 3)",,"(3, 1)",onion,"(4, 1):soup('onion', 1, 0)","(3, 0):empty;(4, 1):soup('onion', 1, 0)"
238,3,"(-1, 0)","(2, 3)","(0, 1)",,"(3, 1)","(1, 0)",onion,"(4, 1):soup('onion', 1, 0)","(3, 0):empty;(4, 1):soup('onion', 1, 0)",120.0,105.0,5,interact,3.3528,0.0,3.0,0.35279999999999995,120.0,108.0,False,"(1, 3)",,"(3, 1)",,"(4, 1):soup('onion', 2, 0)","(3, 0):empty;(4, 1):soup('onion', 2, 0)"
239,5,interact,"(1, 3)","(-1, 0)",,"(3, 1)","(1, 0)",,"(4, 1):soup('onion', 2, 0)","(3, 0):empty;(4, 1):soup('onion', 2, 0)",120.0,108.0,3,"(-1, 0)",-0.007200000000000006,0.0,0.0,-0.007200000000000006,120.0,108.0,False,"(1, 3)",onion,"(2, 1)",,"(4, 1):soup('onion', 2, 0)","(3, 0):empty;(4, 1):soup('onion', 2, 0)"
240,2,"(1, 0)","(1, 3)","(-1, 0)",onion,"(2, 1)","(-1, 0)",,"(4, 1):soup('onion', 2, 0)","(3, 0):empty;(4, 1):soup('onion', 2, 0)",120.0,108.0,3,"(-1, 0)",-0.007200000000000006,0.0,0.0,-0.007200000000000006,120.0,108.0,False,"(2, 3)",onion,"(1, 1)",,"(4, 1):soup('onion', 2, 0)","(3, 0):empty;(4, 1):soup('onion', 2, 0)"
241,5,interact,"(2, 3)","(1, 0)",onion,"(1, 1)","(-1, 0)",,"(4, 1):soup('onion', 2, 0)","(3, 0):empty;(4, 1):soup('onion', 2, 0)",120.0,108.0,1,"(0, 1)",-0.007200000000000006,0.0,0.0,-0.007200000000000006,120.0,108.0,False,"(2, 3)",onion,"(1, 2)",,"(4, 1):soup('onion', 2, 0)","(3, 0):empty;(4, 1):soup('onion', 2, 0)"
242,2,"(1, 0)","(2, 3)","(1, 0)",onion,"(1, 2)","(0, 1)",,"(4, 1):soup('onion', 2, 0)","(3, 0):empty;(4, 1):soup('onion', 2, 0)",120.0,108.0,1,"(0, 1)",-0.007200000000000006,0.0,0.0,-0.007200000000000006,120.0,108.0,False,"(3, 3)",onion,"(1, 3)",,"(4, 1):soup('onion', 2, 0)","(3, 0):empty;(4, 1):soup('onion', 2, 0)"
243,2,"(1, 0)","(3, 3)","(1, 0)",onion,"(1, 3)","(0, 1)",,"(4, 1):soup('onion', 2, 0)","(3, 0):empty;(4, 1):soup('onion', 2, 0)",120.0,108.0,5,interact,-0.007200000000000006,0.0,0.0,-0.007200000000000006,120.0,108.0,False,"(3, 3)",onion,"(1, 3)",onion,"(4, 1):soup('onion', 2, 0)","(3, 0):empty;(4, 1):soup('onion', 2, 0)"
244,2,"(1, 0)","(3, 3)","(1, 0)",onion,"(1, 3)","(0, 1)",onion,"(4, 1):soup('onion', 2, 0)","(3, 0):empty;(4, 1):soup('onion', 2, 0)",120.0,108.0,0,"(0, -1)",-0.007200000000000006,0.0,0.0,-0.007200000000000006,120.0,108.0,False,"(3, 3)",onion,"(1, 2)",onion,"(4, 1):soup('onion', 2, 0)","(3, 0):empty;(4, 1):soup('onion', 2, 0)"
245,0,"(0, -1)","(3, 3)","(1, 0)",onion,"(1, 2)","(0, -1)",onion,"(4, 1):soup('onion', 2, 0)","(3, 0):empty;(4, 1):soup('onion', 2, 0)",120.0,108.0,0,"(0, -1)",-0.007200000000000006,0.0,0.0,-0.007200000000000006,120.0,108.0,False,"(3, 2)",onion,"(1, 1)",onion,"(4, 1):soup('onion', 2, 0)","(3, 0):empty;(4, 1):soup('onion', 2, 0)"
246,0,"(0, -1)","(3, 2)","(0, -1)",onion,"(1, 1)","(0, -1)",onion,"(4, 1):soup('onion', 2, 0)","(3, 0):empty;(4, 1):soup('onion', 2, 0)",120.0,108.0,0,"(0, -1)",-0.007200000000000006,0.0,0.0,-0.007200000000000006,120.0,108.0,False,"(3, 1)",onion,"(1, 1)",onion,"(4, 1):soup('onion', 2, 0)","(3, 0):empty;(4, 1):soup('onion', 2, 0)"
247,5,interact,"(3, 1)","(0, -1)",onion,"(1, 1)","(0, -1)",onion,"(4, 1):soup('onion', 2, 0)","(3, 0):empty;(4, 1):soup('onion', 2, 0)",120.0,108.0,2,"(1, 0)",3.3491999999999997,0.0,3.0,0.3491999999999999,120.0,111.0,False,"(3, 1)",,"(2, 1)",onion,"(3, 0):soup('onion', 1, 0);(4, 1):soup('onion', 2, 0)","(3, 0):soup('onion', 1, 0);(4, 1):soup('onion', 2, 0)"
248,1,"(0, 1)","(3, 1)","(0, -1)",,"(2, 1)","(1, 0)",onion,"(3, 0):soup('onion', 1, 0);(4, 1):soup('onion', 2, 0)","(3, 0):soup('onion', 1, 0);(4, 1):soup('onion', 2, 0)",120.0,111.0,4,"(0, 0)",-0.01080000000000001,0.0,0.0,-0.01080000000000001,120.0,111.0,False,"(3, 2)",,"(2, 1)",onion,"(3, 0):soup('onion', 1, 0);(4, 1):soup('onion', 2, 0)","(3, 0):soup('onion', 1, 0);(4, 1):soup('onion', 2, 0)"
249,1,"(0, 1)","(3, 2)","(0, 1)",,"(2, 1)","(1, 0)",onion,"(3, 0):soup('onion', 1, 0);(4, 1):soup('onion', 2, 0)","(3, 0):soup('onion', 1, 0);(4, 1):soup('onion', 2, 0)",120.0,111.0,2,"(1, 0)",-0.01080000000000001,0.0,0.0,-0.01080000000000001,120.0,111.0,False,"(3, 3)",,"(3, 1)",onion,"(3, 0):soup('onion', 1, 0);(4, 1):soup('onion', 2, 0)","(3, 0):soup('onion', 1, 0);(4, 1):soup('onion', 2, 0)"
250,3,"(-1, 0)","(3, 3)","(0, 1)",,"(3, 1)","(1, 0)",onion,"(3, 0):soup('onion', 1, 0);(4, 1):soup('onion', 2, 0)","(3, 0):soup('onion', 1, 0);(4, 1):soup('onion', 2, 0)",120.0,111.0,0,"(0, -1)",-0.01080000000000001,0.0,0.0,-0.01080000000000001,120.0,111.0,False,"(2, 3)",,"(3, 1)",onion,"(3, 0):soup('onion', 1, 0);(4, 1):soup('onion', 2, 0)","(3, 0):soup('onion', 1, 0);(4, 1):soup('onion', 2, 0)"
251,3,"(-1, 0)","(2, 3)","(-1, 0)",,"(3, 1)","(0, -1)",onion,"(3, 0):soup('onion', 1, 0);(4, 1):soup('onion', 2, 0)","(3, 0):soup('onion', 1, 0);(4, 1):soup('onion', 2, 0)",120.0,111.0,5,interact,3.3456,0.0,3.0,0.3456,120.0,114.0,False,"(1, 3)",,"(3, 1)",,"(3, 0):soup('onion', 2, 0);(4, 1):soup('onion', 2, 0)","(3, 0):soup('onion', 2, 0);(4, 1):soup('onion', 2, 0)"
252,5,interact,"(1, 3)","(-1, 0)",,"(3, 1)","(0, -1)",,"(3, 0):soup('onion', 2, 0);(4, 1):soup('onion', 2, 0)","(3, 0):soup('onion', 2, 0);(4, 1):soup('onion', 2, 0)",120.0,114.0,3,"(-1, 0)",-0.014400000000000012,0.0,0.0,-0.014400000000000012,120.0,114.0,False,"(1, 3)",onion,"(2, 1)",,"(3, 0):soup('onion', 2, 0);(4, 1):soup('onion', 2, 0)","(3, 0):soup('onion', 2, 0);(4, 1):soup('onion', 2, 0)"
253,2,"(1, 0)","(1, 3)","(-1, 0)",onion,"(2, 1)","(-1, 0)",,"(3, 0):soup('onion', 2, 0);(4, 1):soup('onion', 2, 0)","(3, 0):soup('onion', 2, 0);(4, 1):soup('onion', 2, 0)",120.0,114.0,3,"(-1, 0)",-0.014400000000000012,0.0,0.0,-0.014400000000000012,120.0,114.0,False,"(2, 3)",onion,"(1, 1)",,"(3, 0):soup('onion', 2, 0);(4, 1):soup('onion', 2, 0)","(3, 0):soup('onion', 2, 0);(4, 1):soup('onion', 2, 0)"
254,5,interact,"(2, 3)","(1, 0)",onion,"(1, 1)","(-1, 0)",,"(3, 0):soup('onion', 2, 0);(4, 1):soup('onion', 2, 0)","(3, 0):soup('onion', 2, 0);(4, 1):soup('onion', 2, 0)",120.0,114.0,1,"(0, 1)",-0.014400000000000012,0.0,0.0,-0.014400000000000012,120.0,114.0,False,"(2, 3)",onion,"(1, 2)",,"(3, 0):soup('onion', 2, 0);(4, 1):soup('onion', 2, 0)","(3, 0):soup('onion', 2, 0);(4, 1):soup('onion', 2, 0)"
255,5,interact,"(2, 3)","(1, 0)",onion,"(1, 2)","(0, 1)",,"(3, 0):soup('onion', 2, 0);(4, 1):soup('onion', 2, 0)","(3, 0):soup('onion', 2, 0);(4, 1):soup('onion', 2, 0)",120.0,114.0,1,"(0, 1)",-0.014400000000000012,0.0,0.0,-0.014400000000000012,120.0,114.0,False,"(2, 3)",onion,"(1, 3)",,"(3, 0):soup('onion', 2, 0);(4, 1):soup('onion', 2, 0)","(3, 0):soup('onion', 2, 0);(4, 1):soup('onion', 2, 0)"
256,2,"(1, 0)","(2, 3)","(1, 0)",onion,"(1, 3)","(0, 1)",,"(3, 0):soup('onion', 2, 0);(4, 1):soup('onion', 2, 0)","(3, 0):soup('onion', 2, 0);(4, 1):soup('onion', 2, 0)",120.0,114.0,5,interact,-0.014400000000000012,0.0,0.0,-0.014400000000000012,120.0,114.0,False,"(3, 3)",onion,"(1, 3)",onion,"(3, 0):soup('onion', 2, 0);(4, 1):soup('onion', 2, 0)","(3, 0):soup('onion', 2, 0);(4, 1):soup('onion', 2, 0)"
257,0,"(0, -1)","(3, 3)","(1, 0)",onion,"(1, 3)","(0, 1)",onion,"(3, 0):soup('onion', 2, 0);(4, 1):soup('onion', 2, 0)","(3, 0):soup('onion', 2, 0);(4, 1):soup('onion', 2, 0)",120.0,114.0,0,"(0, -1)",-0.014400000000000012,0.0,0.0,-0.014400000000000012,120.0,114.0,False,"(3, 2)",onion,"(1, 2)",onion,"(3, 0):soup('onion', 2, 0);(4, 1):soup('onion', 2, 0)","(3, 0):soup('onion', 2, 0);(4, 1):soup('onion', 2, 0)"
258,0,"(0, -1)","(3, 2)","(0, -1)",onion,"(1, 2)","(0, -1)",onion,"(3, 0):soup('onion', 2, 0);(4, 1):soup('onion', 2, 0)","(3, 0):soup('onion', 2, 0);(4, 1):soup('onion', 2, 0)",120.0,114.0,0,"(0, -1)",-0.014400000000000012,0.0,0.0,-0.014400000000000012,120.0,114.0,False,"(3, 1)",onion,"(1, 1)",onion,"(3, 0):soup('onion', 2, 0);(4, 1):soup('onion', 2, 0)","(3, 0):soup('onion', 2, 0);(4, 1):soup('onion', 2, 0)"
259,5,interact,"(3, 1)","(0, -1)",onion,"(1, 1)","(0, -1)",onion,"(3, 0):soup('onion', 2, 0);(4, 1):soup('onion', 2, 0)","(3, 0):soup('onion', 2, 0);(4, 1):soup('onion', 2, 0)",120.0,114.0,2,"(1, 0)",3.4608,0.0,3.0,0.4608000000000001,120.0,117.0,False,"(3, 1)",,"(2, 1)",onion,"(3, 0):soup('onion', 3, 1);(4, 1):soup('onion', 2, 0)","(3, 0):soup('onion', 3, 1);(4, 1):soup('onion', 2, 0)"
260,1,"(0, 1)","(3, 1)","(0, -1)",,"(2, 1)","(1, 0)",onion,"(3, 0):soup('onion', 3, 1);(4, 1):soup('onion', 2, 0)","(3, 0):soup('onion', 3, 1);(4, 1):soup('onion', 2, 0)",120.0,117.0,4,"(0, 0)",-0.019200000000000016,0.0,0.0,-0.019200000000000016,120.0,117.0,False,"(3, 2)",,"(2, 1)",onion,"(3, 0):soup('onion', 3, 2);(4, 1):soup('onion', 2, 0)","(3, 0):soup('onion', 3, 2);(4, 1):soup('onion', 2, 0)"
261,1,"(0, 1)","(3, 2)","(0, 1)",,"(2, 1)","(1, 0)",onion,"(3, 0):soup('onion', 3, 2);(4, 1):soup('onion', 2, 0)","(3, 0):soup('onion', 3, 2);(4, 1):soup('onion', 2, 0)",120.0,117.0,2,"(1, 0)",-0.019200000000000016,0.0,0.0,-0.019200000000000016,120.0,117.0,False,"(3, 3)",,"(3, 1)",onion,"(3, 0):soup('onion', 3, 3);(4, 1):soup('onion', 2, 0)","(3, 0):soup('onion', 3, 3);(4, 1):soup('onion', 2, 0)"
262,3,"(-1, 0)","(3, 3)","(0, 1)",,"(3, 1)","(1, 0)",onion,"(3, 0):soup('onion', 3, 3);(4, 1):soup('onion', 2, 0)","(3, 0):soup('onion', 3, 3);(4, 1):soup('onion', 2, 0)",120.0,117.0,5,interact,3.456,0.0,3.0,0.45599999999999985,120.0,120.0,False,"(2, 3)",,"(3, 1)",,"(3, 0):soup('onion', 3, 4);(4, 1):soup('onion', 3, 1)","(3, 0):soup('onion', 3, 4);(4, 1):soup('onion', 3, 1)"
263,3,"(-1, 0)","(2, 3)","(-1, 0)",,"(3, 1)","(1, 0)",,"(3, 0):soup('onion', 3, 4);(4, 1):soup('onion', 3, 1)","(3, 0):soup('onion', 3, 4);(4, 1):soup('onion', 3, 1)",120.0,120.0,3,"(-1, 0)",-0.02400000000000002,0.0,0.0,-0.02400000000000002,120.0,120.0,False,"(1, 3)",,"(2, 1)",,"(3, 0):soup('onion', 3, 5);(4, 1):soup('onion', 3, 2)","(3, 0):soup('onion', 3, 5);(4, 1):soup('onion', 3, 2)"
264,0,"(0, -1)","(1, 3)","(-1, 0)",,"(2, 1)","(-1, 0)",,"(3, 0):soup('onion', 3, 5);(4, 1):soup('onion', 3, 2)","(3, 0):soup('onion', 3, 5);(4, 1):soup('onion', 3, 2)",120.0,120.0,3,"(-1, 0)",-0.02400000000000002,0.0,0.0,-0.02400000000000002,120.0,120.0,False,"(1, 2)",,"(1, 1)",,"(3, 0):soup('onion', 3, 6);(4, 1):soup('onion', 3, 3)","(3, 0):soup('onion', 3, 6);(4, 1):soup('onion', 3, 3)"
265,3,"(-1, 0)","(1, 2)","(0, -1)",,"(1, 1)","(-1, 0)",,"(3, 0):soup('onion', 3, 6);(4, 1):soup('onion', 3, 3)","(3, 0):soup('onion', 3, 6);(4, 1):soup('onion', 3, 3)",120.0,120.0,2,"(1, 0)",-0.02400000000000002,0.0,0.0,-0.02400000000000002,120.0,120.0,False,"(1, 2)",,"(2, 1)",,"(3, 0):soup('onion', 3, 7);(4, 1):soup('onion', 3, 4)","(3, 0):soup('onion', 3, 7);(4, 1):soup('onion', 3, 4)"
266,5,interact,"(1, 2)","(-1, 0)",,"(2, 1)","(1, 0)",,"(3, 0):soup('onion', 3, 7);(4, 1):soup('onion', 3, 4)","(3, 0):soup('onion', 3, 7);(4, 1):soup('onion', 3, 4)",120.0,120.0,3,"(-1, 0)",2.976,0.0,3.0,-0.02400000000000002,120.0,123.0,False,"(1, 2)",dish,"(1, 1)",,"(3, 0):soup('onion', 3, 8);(4, 1):soup('onion', 3, 5)","(3, 0):soup('onion', 3, 8);(4, 1):soup('onion', 3, 5)"
267,1,"(0, 1)","(1, 2)","(-1, 0)",dish,"(1, 1)","(-1, 0)",,"(3, 0):soup('onion', 3, 8);(4, 1):soup('onion', 3, 5)","(3, 0):soup('onion', 3, 8);(4, 1):soup('onion', 3, 5)",120.0,123.0,1,"(0, 1)",-0.02400000000000002,0.0,0.0,-0.02400000000000002,120.0,123.0,False,"(1, 3)",dish,"(1, 2)",,"(3, 0):soup('onion', 3, 9);(4, 1):soup('onion', 3, 6)","(3, 0):soup('onion', 3, 9);(4, 1):soup('onion', 3, 6)"
268,4,"(0, 0)","(1, 3)","(0, 1)",dish,"(1, 2)","(0, 1)",,"(3, 0):soup('onion', 3, 9);(4, 1):soup('onion', 3, 6)","(3, 0):soup('onion', 3, 9);(4, 1):soup('onion', 3, 6)",120.0,123.0,2,"(1, 0)",-0.02400000000000002,0.0,0.0,-0.02400000000000002,120.0,123.0,False,"(1, 3)",dish,"(1, 2)",,"(3, 0):soup('onion', 3, 10);(4, 1):soup('onion', 3, 7)","(3, 0):soup('onion', 3, 10);(4, 1):soup('onion', 3, 7)"
269,4,"(0, 0)","(1, 3)","(0, 1)",dish,"(1, 2)","(1, 0)",,"(3, 0):soup('onion', 3, 10);(4, 1):soup('onion', 3, 7)","(3, 0):soup('onion', 3, 10);(4, 1):soup('onion', 3, 7)",120.0,123.0,2,"(1, 0)",-0.02400000000000002,0.0,0.0,-0.02400000000000002,120.0,123.0,False,"(1, 3)",dish,"(1, 2)",,"(3, 0):soup('onion', 3, 11);(4, 1):soup('onion', 3, 8)","(3, 0):soup('onion', 3, 11);(4, 1):soup('onion', 3, 8)"
270,4,"(0, 0)","(1, 3)","(0, 1)",dish,"(1, 2)","(1, 0)",,"(3, 0):soup('onion', 3, 11);(4, 1):soup('onion', 3, 8)","(3, 0):soup('onion', 3, 11);(4, 1):soup('onion', 3, 8)",120.0,123.0,2,"(1, 0)",-0.02400000000000002,0.0,0.0,-0.02400000000000002,120.0,123.0,False,"(1, 3)",dish,"(1, 2)",,"(3, 0):soup('onion', 3, 12);(4, 1):soup('onion', 3, 9)","(3, 0):soup('onion', 3, 12);(4, 1):soup('onion', 3, 9)"
271,4,"(0, 0)","(1, 3)","(0, 1)",dish,"(1, 2)","(1, 0)",,"(3, 0):soup('onion', 3, 12);(4, 1):soup('onion', 3, 9)","(3, 0):soup('onion', 3, 12);(4, 1):soup('onion', 3, 9)",120.0,123.0,2,"(1, 0)",-0.02400000000000002,0.0,0.0,-0.02400000000000002,120.0,123.0,False,"(1, 3)",dish,"(1, 2)",,"(3, 0):soup('onion', 3, 13);(4, 1):soup('onion', 3, 10)","(3, 0):soup('onion', 3, 13);(4, 1):soup('onion', 3, 10)"
272,4,"(0, 0)","(1, 3)","(0, 1)",dish,"(1, 2)","(1, 0)",,"(3, 0):soup('onion', 3, 13);(4, 1):soup('onion', 3, 10)","(3, 0):soup('onion', 3, 13);(4, 1):soup('onion', 3, 10)",120.0,123.0,2,"(1, 0)",-0.02400000000000002,0.0,0.0,-0.02400000000000002,120.0,123.0,False,"(1, 3)",dish,"(1, 2)",,"(3, 0):soup('onion', 3, 14);(4, 1):soup('onion', 3, 11)","(3, 0):soup('onion', 3, 14);(4, 1):soup('onion', 3, 11)"
273,4,"(0, 0)","(1, 3)","(0, 1)",dish,"(1, 2)","(1, 0)",,"(3, 0):soup('onion', 3, 14);(4, 1):soup('onion', 3, 11)","(3, 0):soup('onion', 3, 14);(4, 1):soup('onion', 3, 11)",120.0,123.0,2,"(1, 0)",-0.02400000000000002,0.0,0.0,-0.02400000000000002,120.0,123.0,False,"(1, 3)",dish,"(1, 2)",,"(3, 0):soup('onion', 3, 15);(4, 1):soup('onion', 3, 12)","(3, 0):soup('onion', 3, 15);(4, 1):soup('onion', 3, 12)"
274,4,"(0, 0)","(1, 3)","(0, 1)",dish,"(1, 2)","(1, 0)",,"(3, 0):soup('onion', 3, 15);(4, 1):soup('onion', 3, 12)","(3, 0):soup('onion', 3, 15);(4, 1):soup('onion', 3, 12)",120.0,123.0,2,"(1, 0)",-0.02400000000000002,0.0,0.0,-0.02400000000000002,120.0,123.0,False,"(1, 3)",dish,"(1, 2)",,"(3, 0):soup('onion', 3, 16);(4, 1):soup('onion', 3, 13)","(3, 0):soup('onion', 3, 16);(4, 1):soup('onion', 3, 13)"
275,4,"(0, 0)","(1, 3)","(0, 1)",dish,"(1, 2)","(1, 0)",,"(3, 0):soup('onion', 3, 16);(4, 1):soup('onion', 3, 13)","(3, 0):soup('onion', 3, 16);(4, 1):soup('onion', 3, 13)",120.0,123.0,2,"(1, 0)",-0.02400000000000002,0.0,0.0,-0.02400000000000002,120.0,123.0,False,"(1, 3)",dish,"(1, 2)",,"(3, 0):soup('onion', 3, 17);(4, 1):soup('onion', 3, 14)","(3, 0):soup('onion', 3, 17);(4, 1):soup('onion', 3, 14)"
276,4,"(0, 0)","(1, 3)","(0, 1)",dish,"(1, 2)","(1, 0)",,"(3, 0):soup('onion', 3, 17);(4, 1):soup('onion', 3, 14)","(3, 0):soup('onion', 3, 17);(4, 1):soup('onion', 3, 14)",120.0,123.0,2,"(1, 0)",-0.02400000000000002,0.0,0.0,-0.02400000000000002,120.0,123.0,False,"(1, 3)",dish,"(1, 2)",,"(3, 0):soup('onion', 3, 18);(4, 1):soup('onion', 3, 15)","(3, 0):soup('onion', 3, 18);(4, 1):soup('onion', 3, 15)"
277,4,"(0, 0)","(1, 3)","(0, 1)",dish,"(1, 2)","(1, 0)",,"(3, 0):soup('onion', 3, 18);(4, 1):soup('onion', 3, 15)","(3, 0):soup('onion', 3, 18);(4, 1):soup('onion', 3, 15)",120.0,123.0,2,"(1, 0)",-0.02400000000000002,0.0,0.0,-0.02400000000000002,120.0,123.0,False,"(1, 3)",dish,"(1, 2)",,"(3, 0):soup('onion', 3, 19);(4, 1):soup('onion', 3, 16)","(3, 0):soup('onion', 3, 19);(4, 1):soup('onion', 3, 16)"
278,4,"(0, 0)","(1, 3)","(0, 1)",dish,"(1, 2)","(1, 0)",,"(3, 0):soup('onion', 3, 19);(4, 1):soup('onion', 3, 16)","(3, 0):soup('onion', 3, 19);(4, 1):soup('onion', 3, 16)",120.0,123.0,2,"(1, 0)",0.5700000000000001,0.0,0.0,0.5700000000000001,120.0,123.0,False,"(1, 3)",dish,"(1, 2)",,"(3, 0):soup('onion', 3, 20);(4, 1):soup('onion', 3, 17)","(3, 0):soup('onion', 3, 20);(4, 1):soup('onion', 3, 17)"
279,2,"(1, 0)","(1, 3)","(0, 1)",dish,"(1, 2)","(1, 0)",,"(3, 0):soup('onion', 3, 20);(4, 1):soup('onion', 3, 17)","(3, 0):soup('onion', 3, 20);(4, 1):soup('onion', 3, 17)",120.0,123.0,5,interact,-0.02999999999999989,0.0,0.0,-0.02999999999999989,120.0,123.0,False,"(2, 3)",dish,"(1, 2)",,"(3, 0):soup('onion', 3, 20);(4, 1):soup('onion', 3, 18)","(3, 0):soup('onion', 3, 20);(4, 1):soup('onion', 3, 18)"
280,0,"(0, -1)","(2, 3)","(1, 0)",dish,"(1, 2)","(1, 0)",,"(3, 0):soup('onion', 3, 20);(4, 1):soup('onion', 3, 18)","(3, 0):soup('onion', 3, 20);(4, 1):soup('onion', 3, 18)",120.0,123.0,2,"(1, 0)",-0.02999999999999989,0.0,0.0,-0.02999999999999989,120.0,123.0,False,"(2, 3)",dish,"(1, 2)",,"(3, 0):soup('onion', 3, 20);(4, 1):soup('onion', 3, 19)","(3, 0):soup('onion', 3, 20);(4, 1):soup('onion', 3, 19)"
281,2,"(1, 0)","(2, 3)","(0, -1)",dish,"(1, 2)","(1, 0)",,"(3, 0):soup('onion', 3, 20);(4, 1):soup('onion', 3, 19)","(3, 0):soup('onion', 3, 20);(4, 1):soup('onion', 3, 19)",120.0,123.0,2,"(1, 0)",0.2075999999999995,0.0,0.0,0.2075999999999995,120.0,123.0,False,"(3, 3)",dish,"(1, 2)",,"(3, 0):soup('onion', 3, 20);(4, 1):soup('onion', 3, 20)","(3, 0):soup('onion', 3, 20);(4, 1):soup('onion', 3, 20)"
282,0,"(0, -1)","(3, 3)","(1, 0)",dish,"(1, 2)","(1, 0)",,"(3, 0):soup('onion', 3, 20);(4, 1):soup('onion', 3, 20)","(3, 0):soup('onion', 3, 20);(4, 1):soup('onion', 3, 20)",120.0,123.0,1,"(0, 1)",-0.03240000000000016,0.0,0.0,-0.03240000000000016,120.0,123.0,False,"(3, 2)",dish,"(1, 3)",,"(3, 0):soup('onion', 3, 20);(4, 1):soup('onion', 3, 20)","(3, 0):soup('onion', 3, 20);(4, 1):soup('onion', 3, 20)"
283,0,"(0, -1)","(3, 2)","(0, -1)",dish,"(1, 3)","(0, 1)",,"(3, 0):soup('onion', 3, 20);(4, 1):soup('onion', 3, 20)","(3, 0):soup('onion', 3, 20);(4, 1):soup('onion', 3, 20)",120.0,123.0,5,interact,-0.03240000000000016,0.0,0.0,-0.03240000000000016,120.0,123.0,False,"(3, 1)",dish,"(1, 3)",onion,"(3, 0):soup('onion', 3, 20);(4, 1):soup('onion', 3, 20)","(3, 0):soup('onion', 3, 20);(4, 1):soup('onion', 3, 20)"
284,5,interact,"(3, 1)","(0, -1)",dish,"(1, 3)","(0, 1)",onion,"(3, 0):soup('onion', 3, 20);(4, 1):soup('onion', 3, 20)","(3, 0):soup('onion', 3, 20);(4, 1):soup('onion', 3, 20)",120.0,123.0,3,"(-1, 0)",5.324,0.0,5.0,0.324,120.0,128.0,False,"(3, 1)","soup('onion', 3, 20)","(1, 3)",onion,"(4, 1):soup('onion', 3, 20)","(3, 0):empty;(4, 1):soup('onion', 3, 20)"
285,1,"(0, 1)","(3, 1)","(0, -1)","soup('onion', 3, 20)","(1, 3)","(-1, 0)",onion,"(4, 1):soup('onion', 3, 20)","(3, 0):empty;(4, 1):soup('onion', 3, 20)",120.0,128.0,5,interact,0.023400000000000355,0.0,0.0,0.023400000000000355,120.0,128.0,False,"(3, 2)","soup('onion', 3, 20)","(1, 3)",onion,"(4, 1):soup('onion', 3, 20)","(3, 0):empty;(4, 1):soup('onion', 3, 20)"
286,1,"(0, 1)","(3, 2)","(0, 1)","soup('onion', 3, 20)","(1, 3)","(-1, 0)",onion,"(4, 1):soup('onion', 3, 20)","(3, 0):empty;(4, 1):soup('onion', 3, 20)",120.0,128.0,0,"(0, -1)",0.02279999999999962,0.0,0.0,0.02279999999999962,120.0,128.0,False,"(3, 3)","soup('onion', 3, 20)","(1, 2)",onion,"(4, 1):soup('onion', 3, 20)","(3, 0):empty;(4, 1):soup('onion', 3, 20)"
287,3,"(-1, 0)","(3, 3)","(0, 1)","soup('onion', 3, 20)","(1, 2)","(0, -1)",onion,"(4, 1):soup('onion', 3, 20)","(3, 0):empty;(4, 1):soup('onion', 3, 20)",120.0,128.0,0,"(0, -1)",-0.037200000000000163,0.0,0.0,-0.037200000000000163,120.0,128.0,False,"(2, 3)","soup('onion', 3, 20)","(1, 1)",onion,"(4, 1):soup('onion', 3, 20)","(3, 0):empty;(4, 1):soup('onion', 3, 20)"
288,1,"(0, 1)","(2, 3)","(-1, 0)","soup('onion', 3, 20)","(1, 1)","(0, -1)",onion,"(4, 1):soup('onion', 3, 20)","(3, 0):empty;(4, 1):soup('onion', 3, 20)",120.0,128.0,2,"(1, 0)",-0.09660000000000028,0.0,0.0,-0.09660000000000028,120.0,128.0,False,"(2, 3)","soup('onion', 3, 20)","(2, 1)",onion,"(4, 1):soup('onion', 3, 20)","(3, 0):empty;(4, 1):soup('onion', 3, 20)"
289,5,interact,"(2, 3)","(0, 1)","soup('onion', 3, 20)","(2, 1)","(1, 0)",onion,"(4, 1):soup('onion', 3, 20)","(3, 0):empty;(4, 1):soup('onion', 3, 20)",120.0,128.0,0,"(0, -1)",17.5874,20.0,0.0,-2.4126,140.0,128.0,True,"(2, 3)",,"(2, 1)",onion,"(4, 1):soup('onion', 3, 20)","(3, 0):empty;(4, 1):soup('onion', 3, 20)"
290,3,"(-1, 0)","(2, 3)","(0, 1)",,"(2, 1)","(0, -1)",onion,"(4, 1):soup('onion', 3, 20)","(3, 0):empty;(4, 1):soup('onion', 3, 20)",140.0,128.0,2,"(1, 0)",-0.0719999999999998,0.0,0.0,-0.0719999999999998,140.0,128.0,False,"(1, 3)",,"(3, 1)",onion,"(4, 1):soup('onion', 3, 20)","(3, 0):empty;(4, 1):soup('onion', 3, 20)"
291,0,"(0, -1)","(1, 3)","(-1, 0)",,"(3, 1)","(1, 0)",onion,"(4, 1):soup('onion', 3, 20)","(3, 0):empty;(4, 1):soup('onion', 3, 20)",140.0,128.0,0,"(0, -1)",-0.07139999999999999,0.0,0.0,-0.07139999999999999,140.0,128.0,False,"(1, 2)",,"(3, 1)",onion,"(4, 1):soup('onion', 3, 20)","(3, 0):empty;(4, 1):soup('onion', 3, 20)"
292,5,interact,"(1, 2)","(0, -1)",,"(3, 1)","(0, -1)",onion,"(4, 1):soup('onion', 3, 20)","(3, 0):empty;(4, 1):soup('onion', 3, 20)",140.0,128.0,5,interact,3.2856,0.0,3.0,0.28559999999999997,140.0,131.0,False,"(1, 2)",,"(3, 1)",,"(3, 0):soup('onion', 1, 0);(4, 1):soup('onion', 3, 20)","(3, 0):soup('onion', 1, 0);(4, 1):soup('onion', 3, 20)"
293,3,"(-1, 0)","(1, 2)","(0, -1)",,"(3, 1)","(0, -1)",,"(3, 0):soup('onion', 1, 0);(4, 1):soup('onion', 3, 20)","(3, 0):soup('onion', 1, 0);(4, 1):soup('onion', 3, 20)",140.0,131.0,1,"(0, 1)",-0.07380000000000013,0.0,0.0,-0.07380000000000013,140.0,131.0,False,"(1, 2)",,"(3, 2)",,"(3, 0):soup('onion', 1, 0);(4, 1):soup('onion', 3, 20)","(3, 0):soup('onion', 1, 0);(4, 1):soup('onion', 3, 20)"
294,5,interact,"(1, 2)","(-1, 0)",,"(3, 2)","(0, 1)",,"(3, 0):soup('onion', 1, 0);(4, 1):soup('onion', 3, 20)","(3, 0):soup('onion', 1, 0);(4, 1):soup('onion', 3, 20)",140.0,131.0,1,"(0, 1)",3.2832000000000003,0.0,3.0,0.28320000000000023,140.0,134.0,False,"(1, 2)",dish,"(3, 3)",,"(3, 0):soup('onion', 1, 0);(4, 1):soup('onion', 3, 20)","(3, 0):soup('onion', 1, 0);(4, 1):soup('onion', 3, 20)"
295,0,"(0, -1)","(1, 2)","(-1, 0)",dish,"(3, 3)","(0, 1)",,"(3, 0):soup('onion', 1, 0);(4, 1):soup('onion', 3, 20)","(3, 0):soup('onion', 1, 0);(4, 1):soup('onion', 3, 20)",140.0,134.0,3,"(-1, 0)",-0.07620000000000013,0.0,0.0,-0.07620000000000013,140.0,134.0,False,"(1, 1)",dish,"(2, 3)",,"(3, 0):soup('onion', 1, 0);(4, 1):soup('onion', 3, 20)","(3, 0):soup('onion', 1, 0);(4, 1):soup('onion', 3, 20)"
296,2,"(1, 0)","(1, 1)","(0, -1)",dish,"(2, 3)","(-1, 0)",,"(3, 0):soup('onion', 1, 0);(4, 1):soup('onion', 3, 20)","(3, 0):soup('onion', 1, 0);(4, 1):soup('onion', 3, 20)",140.0,134.0,5,interact,-0.0756000000000002,0.0,0.0,-0.0756000000000002,140.0,134.0,False,"(2, 1)",dish,"(2, 3)",,"(3, 0):soup('onion', 1, 0);(4, 1):soup('onion', 3, 20)","(3, 0):soup('onion', 1, 0);(4, 1):soup('onion', 3, 20)"
297,2,"(1, 0)","(2, 1)","(1, 0)",dish,"(2, 3)","(-1, 0)",,"(3, 0):soup('onion', 1, 0);(4, 1):soup('onion', 3, 20)","(3, 0):soup('onion', 1, 0);(4, 1):soup('onion', 3, 20)",140.0,134.0,1,"(0, 1)",-0.075,0.0,0.0,-0.075,140.0,134.0,False,"(3, 1)",dish,"(2, 3)",,"(3, 0):soup('onion', 1, 0);(4, 1):soup('onion', 3, 20)","(3, 0):soup('onion', 1, 0);(4, 1):soup('onion', 3, 20)"
298,5,interact,"(3, 1)","(1, 0)",dish,"(2, 3)","(0, 1)",,"(3, 0):soup('onion', 1, 0);(4, 1):soup('onion', 3, 20)","(3, 0):soup('onion', 1, 0);(4, 1):soup('onion', 3, 20)",140.0,134.0,3,"(-1, 0)",5.9948,0.0,5.0,0.9947999999999997,140.0,139.0,False,"(3, 1)","soup('onion', 3, 20)","(1, 3)",,"(3, 0):soup('onion', 1, 0)","(3, 0):soup('onion', 1, 0);(4, 1):empty"
299,1,"(0, 1)","(3, 1)","(1, 0)","soup('onion', 3, 20)","(1, 3)","(-1, 0)",,"(3, 0):soup('onion', 1, 0)","(3, 0):soup('onion', 1, 0);(4, 1):empty",140.0,139.0,5,interact,0.03420000000000023,0.0,0.0,0.03420000000000023,140.0,139.0,False,"(3, 2)","soup('onion', 3, 20)","(1, 3)",onion,"(3, 0):soup('onion', 1, 0)","(3, 0):soup('onion', 1, 0);(4, 1):empty"
300,1,"(0, 1)","(3, 2)","(0, 1)","soup('onion', 3, 20)","(1, 3)","(-1, 0)",onion,"(3, 0):soup('onion', 1, 0)","(3, 0):soup('onion', 1, 0);(4, 1):empty",140.0,139.0,0,"(0, -1)",0.033600000000000026,0.0,0.0,0.033600000000000026,140.0,139.0,False,"(3, 3)","soup('onion', 3, 20)","(1, 2)",onion,"(3, 0):soup('onion', 1, 0)","(3, 0):soup('onion', 1, 0);(4, 1):empty"
301,3,"(-1, 0)","(3, 3)","(0, 1)","soup('onion', 3, 20)","(1, 2)","(0, -1)",onion,"(3, 0):soup('onion', 1, 0)","(3, 0):soup('onion', 1, 0);(4, 1):empty",140.0,139.0,0,"(0, -1)",0.03300000000000036,0.0,0.0,0.03300000000000036,140.0,139.0,False,"(2, 3)","soup('onion', 3, 20)","(1, 1)",onion,"(3, 0):soup('onion', 1, 0)","(3, 0):soup('onion', 1, 0);(4, 1):empty"
302,1,"(0, 1)","(2, 3)","(-1, 0)","soup('onion', 3, 20)","(1, 1)","(0, -1)",onion,"(3, 0):soup('onion', 1, 0)","(3, 0):soup('onion', 1, 0);(4, 1):empty",140.0,139.0,2,"(1, 0)",-0.026999999999999958,0.0,0.0,-0.026999999999999958,140.0,139.0,False,"(2, 3)","soup('onion', 3, 20)","(2, 1)",onion,"(3, 0):soup('onion', 1, 0)","(3, 0):soup('onion', 1, 0);(4, 1):empty"
303,5,interact,"(2, 3)","(0, 1)","soup('onion', 3, 20)","(2, 1)","(1, 0)",onion,"(3, 0):soup('onion', 1, 0)","(3, 0):soup('onion', 1, 0);(4, 1):empty",140.0,139.0,2,"(1, 0)",17.6564,20.0,0.0,-2.3436,160.0,139.0,True,"(2, 3)",,"(3, 1)",onion,"(3, 0):soup('onion', 1, 0)","(3, 0):soup('onion', 1, 0);(4, 1):empty"
304,3,"(-1, 0)","(2, 3)","(0, 1)",,"(3, 1)","(1, 0)",onion,"(3, 0):soup('onion', 1, 0)","(3, 0):soup('onion', 1, 0);(4, 1):empty",160.0,139.0,5,interact,3.3528,0.0,3.0,0.35279999999999995,160.0,142.0,False,"(1, 3)",,"(3, 1)",,"(3, 0):soup('onion', 1, 0);(4, 1):soup('onion', 1, 0)","(3, 0):soup('onion', 1, 0);(4, 1):soup('onion', 1, 0)"
305,5,interact,"(1, 3)","(-1, 0)",,"(3, 1)","(1, 0)",,"(3, 0):soup('onion', 1, 0);(4, 1):soup('onion', 1, 0)","(3, 0):soup('onion', 1, 0);(4, 1):soup('onion', 1, 0)",160.0,142.0,3,"(-1, 0)",-0.007200000000000006,0.0,0.0,-0.007200000000000006,160.0,142.0,False,"(1, 3)",onion,"(2, 1)",,"(3, 0):soup('onion', 1, 0);(4, 1):soup('onion', 1, 0)","(3, 0):soup('onion', 1, 0);(4, 1):soup('onion', 1, 0)"
306,2,"(1, 0)","(1, 3)","(-1, 0)",onion,"(2, 1)","(-1, 0)",,"(3, 0):soup('onion', 1, 0);(4, 1):soup('onion', 1, 0)","(3, 0):soup('onion', 1, 0);(4, 1):soup('onion', 1, 0)",160.0,142.0,3,"(-1, 0)",-0.007200000000000006,0.0,0.0,-0.007200000000000006,160.0,142.0,False,"(2, 3)",onion,"(1, 1)",,"(3, 0):soup('onion', 1, 0);(4, 1):soup('onion', 1, 0)","(3, 0):soup('onion', 1, 0);(4, 1):soup('onion', 1, 0)"
307,5,interact,"(2, 3)","(1, 0)",onion,"(1, 1)","(-1, 0)",,"(3, 0):soup('onion', 1, 0);(4, 1):soup('onion', 1, 0)","(3, 0):soup('onion', 1, 0);(4, 1):soup('onion', 1, 0)",160.0,142.0,1,"(0, 1)",-0.007200000000000006,0.0,0.0,-0.007200000000000006,160.0,142.0,False,"(2, 3)",onion,"(1, 2)",,"(3, 0):soup('onion', 1, 0);(4, 1):soup('onion', 1, 0)","(3, 0):soup('onion', 1, 0);(4, 1):soup('onion', 1, 0)"
308,5,interact,"(2, 3)","(1, 0)",onion,"(1, 2)","(0, 1)",,"(3, 0):soup('onion', 1, 0);(4, 1):soup('onion', 1, 0)","(3, 0):soup('onion', 1, 0);(4, 1):soup('onion', 1, 0)",160.0,142.0,1,"(0, 1)",-0.007200000000000006,0.0,0.0,-0.007200000000000006,160.0,142.0,False,"(2, 3)",onion,"(1, 3)",,"(3, 0):soup('onion', 1, 0);(4, 1):soup('onion', 1, 0)","(3, 0):soup('onion', 1, 0);(4, 1):soup('onion', 1, 0)"
309,2,"(1, 0)","(2, 3)","(1, 0)",onion,"(1, 3)","(0, 1)",,"(3, 0):soup('onion', 1, 0);(4, 1):soup('onion', 1, 0)","(3, 0):soup('onion', 1, 0);(4, 1):soup('onion', 1, 0)",160.0,142.0,5,interact,-0.007200000000000006,0.0,0.0,-0.007200000000000006,160.0,142.0,False,"(3, 3)",onion,"(1, 3)",onion,"(3, 0):soup('onion', 1, 0);(4, 1):soup('onion', 1, 0)","(3, 0):soup('onion', 1, 0);(4, 1):soup('onion', 1, 0)"
310,0,"(0, -1)","(3, 3)","(1, 0)",onion,"(1, 3)","(0, 1)",onion,"(3, 0):soup('onion', 1, 0);(4, 1):soup('onion', 1, 0)","(3, 0):soup('onion', 1, 0);(4, 1):soup('onion', 1, 0)",160.0,142.0,0,"(0, -1)",-0.007200000000000006,0.0,0.0,-0.007200000000000006,160.0,142.0,False,"(3, 2)",onion,"(1, 2)",onion,"(3, 0):soup('onion', 1, 0);(4, 1):soup('onion', 1, 0)","(3, 0):soup('onion', 1, 0);(4, 1):soup('onion', 1, 0)"
311,0,"(0, -1)","(3, 2)","(0, -1)",onion,"(1, 2)","(0, -1)",onion,"(3, 0):soup('onion', 1, 0);(4, 1):soup('onion', 1, 0)","(3, 0):soup('onion', 1, 0);(4, 1):soup('onion', 1, 0)",160.0,142.0,0,"(0, -1)",-0.007200000000000006,0.0,0.0,-0.007200000000000006,160.0,142.0,False,"(3, 1)",onion,"(1, 1)",onion,"(3, 0):soup('onion', 1, 0);(4, 1):soup('onion', 1, 0)","(3, 0):soup('onion', 1, 0);(4, 1):soup('onion', 1, 0)"
312,5,interact,"(3, 1)","(0, -1)",onion,"(1, 1)","(0, -1)",onion,"(3, 0):soup('onion', 1, 0);(4, 1):soup('onion', 1, 0)","(3, 0):soup('onion', 1, 0);(4, 1):soup('onion', 1, 0)",160.0,142.0,2,"(1, 0)",3.3491999999999997,0.0,3.0,0.3491999999999999,160.0,145.0,False,"(3, 1)",,"(2, 1)",onion,"(3, 0):soup('onion', 2, 0);(4, 1):soup('onion', 1, 0)","(3, 0):soup('onion', 2, 0);(4, 1):soup('onion', 1, 0)"
313,1,"(0, 1)","(3, 1)","(0, -1)",,"(2, 1)","(1, 0)",onion,"(3, 0):soup('onion', 2, 0);(4, 1):soup('onion', 1, 0)","(3, 0):soup('onion', 2, 0);(4, 1):soup('onion', 1, 0)",160.0,145.0,4,"(0, 0)",-0.01080000000000001,0.0,0.0,-0.01080000000000001,160.0,145.0,False,"(3, 2)",,"(2, 1)",onion,"(3, 0):soup('onion', 2, 0);(4, 1):soup('onion', 1, 0)","(3, 0):soup('onion', 2, 0);(4, 1):soup('onion', 1, 0)"
314,1,"(0, 1)","(3, 2)","(0, 1)",,"(2, 1)","(1, 0)",onion,"(3, 0):soup('onion', 2, 0);(4, 1):soup('onion', 1, 0)","(3, 0):soup('onion', 2, 0);(4, 1):soup('onion', 1, 0)",160.0,145.0,2,"(1, 0)",-0.01080000000000001,0.0,0.0,-0.01080000000000001,160.0,145.0,False,"(3, 3)",,"(3, 1)",onion,"(3, 0):soup('onion', 2, 0);(4, 1):soup('onion', 1, 0)","(3, 0):soup('onion', 2, 0);(4, 1):soup('onion', 1, 0)"
315,3,"(-1, 0)","(3, 3)","(0, 1)",,"(3, 1)","(1, 0)",onion,"(3, 0):soup('onion', 2, 0);(4, 1):soup('onion', 1, 0)","(3, 0):soup('onion', 2, 0);(4, 1):soup('onion', 1, 0)",160.0,145.0,0,"(0, -1)",-0.01080000000000001,0.0,0.0,-0.01080000000000001,160.0,145.0,False,"(2, 3)",,"(3, 1)",onion,"(3, 0):soup('onion', 2, 0);(4, 1):soup('onion', 1, 0)","(3, 0):soup('onion', 2, 0);(4, 1):soup('onion', 1, 0)"
316,3,"(-1, 0)","(2, 3)","(-1, 0)",,"(3, 1)","(0, -1)",onion,"(3, 0):soup('onion', 2, 0);(4, 1):soup('onion', 1, 0)","(3, 0):soup('onion', 2, 0);(4, 1):soup('onion', 1, 0)",160.0,145.0,5,interact,3.4644,0.0,3.0,0.4644,160.0,148.0,False,"(1, 3)",,"(3, 1)",,"(3, 0):soup('onion', 3, 1);(4, 1):soup('onion', 1, 0)","(3, 0):soup('onion', 3, 1);(4, 1):soup('onion', 1, 0)"
317,3,"(-1, 0)","(1, 3)","(-1, 0)",,"(3, 1)","(0, -1)",,"(3, 0):soup('onion', 3, 1);(4, 1):soup('onion', 1, 0)","(3, 0):soup('onion', 3, 1);(4, 1):soup('onion', 1, 0)",160.0,148.0,3,"(-1, 0)",-0.015600000000000147,0.0,0.0,-0.015600000000000147,160.0,148.0,False,"(1, 3)",,"(2, 1)",,"(3, 0):soup('onion', 3, 2);(4, 1):soup('onion', 1, 0)","(3, 0):soup('onion', 3, 2);(4, 1):soup('onion', 1, 0)"
318,0,"(0, -1)","(1, 3)","(-1, 0)",,"(2, 1)","(-1, 0)",,"(3, 0):soup('onion', 3, 2);(4, 1):soup('onion', 1, 0)","(3, 0):soup('onion', 3, 2);(4, 1):soup('onion', 1, 0)",160.0,148.0,3,"(-1, 0)",-0.015600000000000147,0.0,0.0,-0.015600000000000147,160.0,148.0,False,"(1, 2)",,"(1, 1)",,"(3, 0):soup('onion', 3, 3);(4, 1):soup('onion', 1, 0)","(3, 0):soup('onion', 3, 3);(4, 1):soup('onion', 1, 0)"
319,3,"(-1, 0)","(1, 2)","(0, -1)",,"(1, 1)","(-1, 0)",,"(3, 0):soup('onion', 3, 3);(4, 1):soup('onion', 1, 0)","(3, 0):soup('onion', 3, 3);(4, 1):soup('onion', 1, 0)",160.0,148.0,1,"(0, 1)",-0.015600000000000147,0.0,0.0,-0.015600000000000147,160.0,148.0,False,"(1, 2)",,"(1, 1)",,"(3, 0):soup('onion', 3, 4);(4, 1):soup('onion', 1, 0)","(3, 0):soup('onion', 3, 4);(4, 1):soup('onion', 1, 0)"
320,5,interact,"(1, 2)","(-1, 0)",,"(1, 1)","(0, 1)",,"(3, 0):soup('onion', 3, 4);(4, 1):soup('onion', 1, 0)","(3, 0):soup('onion', 3, 4);(4, 1):soup('onion', 1, 0)",160.0,148.0,1,"(0, 1)",2.9844,0.0,3.0,-0.015600000000000147,160.0,151.0,False,"(1, 2)",dish,"(1, 1)",,"(3, 0):soup('onion', 3, 5);(4, 1):soup('onion', 1, 0)","(3, 0):soup('onion', 3, 5);(4, 1):soup('onion', 1, 0)"
321,1,"(0, 1)","(1, 2)","(-1, 0)",dish,"(1, 1)","(0, 1)",,"(3, 0):soup('onion', 3, 5);(4, 1):soup('onion', 1, 0)","(3, 0):soup('onion', 3, 5);(4, 1):soup('onion', 1, 0)",160.0,151.0,1,"(0, 1)",-0.015600000000000147,0.0,0.0,-0.015600000000000147,160.0,151.0,False,"(1, 3)",dish,"(1, 2)",,"(3, 0):soup('onion', 3, 6);(4, 1):soup('onion', 1, 0)","(3, 0):soup('onion', 3, 6);(4, 1):soup('onion', 1, 0)"
322,4,"(0, 0)","(1, 3)","(0, 1)",dish,"(1, 2)","(0, 1)",,"(3, 0):soup('onion', 3, 6);(4, 1):soup('onion', 1, 0)","(3, 0):soup('onion', 3, 6);(4, 1):soup('onion', 1, 0)",160.0,151.0,1,"(0, 1)",-0.015600000000000147,0.0,0.0,-0.015600000000000147,160.0,151.0,False,"(1, 3)",dish,"(1, 2)",,"(3, 0):soup('onion', 3, 7);(4, 1):soup('onion', 1, 0)","(3, 0):soup('onion', 3, 7);(4, 1):soup('onion', 1, 0)"
323,4,"(0, 0)","(1, 3)","(0, 1)",dish,"(1, 2)","(0, 1)",,"(3, 0):soup('onion', 3, 7);(4, 1):soup('onion', 1, 0)","(3, 0):soup('onion', 3, 7);(4, 1):soup('onion', 1, 0)",160.0,151.0,1,"(0, 1)",-0.015600000000000147,0.0,0.0,-0.015600000000000147,160.0,151.0,False,"(1, 3)",dish,"(1, 2)",,"(3, 0):soup('onion', 3, 8);(4, 1):soup('onion', 1, 0)","(3, 0):soup('onion', 3, 8);(4, 1):soup('onion', 1, 0)"
324,4,"(0, 0)","(1, 3)","(0, 1)",dish,"(1, 2)","(0, 1)",,"(3, 0):soup('onion', 3, 8);(4, 1):soup('onion', 1, 0)","(3, 0):soup('onion', 3, 8);(4, 1):soup('onion', 1, 0)",160.0,151.0,1,"(0, 1)",-0.015600000000000147,0.0,0.0,-0.015600000000000147,160.0,151.0,False,"(1, 3)",dish,"(1, 2)",,"(3, 0):soup('onion', 3, 9);(4, 1):soup('onion', 1, 0)","(3, 0):soup('onion', 3, 9);(4, 1):soup('onion', 1, 0)"
325,4,"(0, 0)","(1, 3)","(0, 1)",dish,"(1, 2)","(0, 1)",,"(3, 0):soup('onion', 3, 9);(4, 1):soup('onion', 1, 0)","(3, 0):soup('onion', 3, 9);(4, 1):soup('onion', 1, 0)",160.0,151.0,1,"(0, 1)",-0.015600000000000147,0.0,0.0,-0.015600000000000147,160.0,151.0,False,"(1, 3)",dish,"(1, 2)",,"(3, 0):soup('onion', 3, 10);(4, 1):soup('onion', 1, 0)","(3, 0):soup('onion', 3, 10);(4, 1):soup('onion', 1, 0)"
326,4,"(0, 0)","(1, 3)","(0, 1)",dish,"(1, 2)","(0, 1)",,"(3, 0):soup('onion', 3, 10);(4, 1):soup('onion', 1, 0)","(3, 0):soup('onion', 3, 10);(4, 1):soup('onion', 1, 0)",160.0,151.0,1,"(0, 1)",-0.015600000000000147,0.0,0.0,-0.015600000000000147,160.0,151.0,False,"(1, 3)",dish,"(1, 2)",,"(3, 0):soup('onion', 3, 11);(4, 1):soup('onion', 1, 0)","(3, 0):soup('onion', 3, 11);(4, 1):soup('onion', 1, 0)"
327,4,"(0, 0)","(1, 3)","(0, 1)",dish,"(1, 2)","(0, 1)",,"(3, 0):soup('onion', 3, 11);(4, 1):soup('onion', 1, 0)","(3, 0):soup('onion', 3, 11);(4, 1):soup('onion', 1, 0)",160.0,151.0,1,"(0, 1)",-0.015600000000000147,0.0,0.0,-0.015600000000000147,160.0,151.0,False,"(1, 3)",dish,"(1, 2)",,"(3, 0):soup('onion', 3, 12);(4, 1):soup('onion', 1, 0)","(3, 0):soup('onion', 3, 12);(4, 1):soup('onion', 1, 0)"
328,4,"(0, 0)","(1, 3)","(0, 1)",dish,"(1, 2)","(0, 1)",,"(3, 0):soup('onion', 3, 12);(4, 1):soup('onion', 1, 0)","(3, 0):soup('onion', 3, 12);(4, 1):soup('onion', 1, 0)",160.0,151.0,1,"(0, 1)",-0.015600000000000147,0.0,0.0,-0.015600000000000147,160.0,151.0,False,"(1, 3)",dish,"(1, 2)",,"(3, 0):soup('onion', 3, 13);(4, 1):soup('onion', 1, 0)","(3, 0):soup('onion', 3, 13);(4, 1):soup('onion', 1, 0)"
329,4,"(0, 0)","(1, 3)","(0, 1)",dish,"(1, 2)","(0, 1)",,"(3, 0):soup('onion', 3, 13);(4, 1):soup('onion', 1, 0)","(3, 0):soup('onion', 3, 13);(4, 1):soup('onion', 1, 0)",160.0,151.0,1,"(0, 1)",-0.015600000000000147,0.0,0.0,-0.015600000000000147,160.0,151.0,False,"(1, 3)",dish,"(1, 2)",,"(3, 0):soup('onion', 3, 14);(4, 1):soup('onion', 1, 0)","(3, 0):soup('onion', 3, 14);(4, 1):soup('onion', 1, 0)"
330,4,"(0, 0)","(1, 3)","(0, 1)",dish,"(1, 2)","(0, 1)",,"(3, 0):soup('onion', 3, 14);(4, 1):soup('onion', 1, 0)","(3, 0):soup('onion', 3, 14);(4, 1):soup('onion', 1, 0)",160.0,151.0,1,"(0, 1)",-0.015600000000000147,0.0,0.0,-0.015600000000000147,160.0,151.0,False,"(1, 3)",dish,"(1, 2)",,"(3, 0):soup('onion', 3, 15);(4, 1):soup('onion', 1, 0)","(3, 0):soup('onion', 3, 15);(4, 1):soup('onion', 1, 0)"
331,4,"(0, 0)","(1, 3)","(0, 1)",dish,"(1, 2)","(0, 1)",,"(3, 0):soup('onion', 3, 15);(4, 1):soup('onion', 1, 0)","(3, 0):soup('onion', 3, 15);(4, 1):soup('onion', 1, 0)",160.0,151.0,1,"(0, 1)",-0.015600000000000147,0.0,0.0,-0.015600000000000147,160.0,151.0,False,"(1, 3)",dish,"(1, 2)",,"(3, 0):soup('onion', 3, 16);(4, 1):soup('onion', 1, 0)","(3, 0):soup('onion', 3, 16);(4, 1):soup('onion', 1, 0)"
332,4,"(0, 0)","(1, 3)","(0, 1)",dish,"(1, 2)","(0, 1)",,"(3, 0):soup('onion', 3, 16);(4, 1):soup('onion', 1, 0)","(3, 0):soup('onion', 3, 16);(4, 1):soup('onion', 1, 0)",160.0,151.0,1,"(0, 1)",-0.015600000000000147,0.0,0.0,-0.015600000000000147,160.0,151.0,False,"(1, 3)",dish,"(1, 2)",,"(3, 0):soup('onion', 3, 17);(4, 1):soup('onion', 1, 0)","(3, 0):soup('onion', 3, 17);(4, 1):soup('onion', 1, 0)"
333,4,"(0, 0)","(1, 3)","(0, 1)",dish,"(1, 2)","(0, 1)",,"(3, 0):soup('onion', 3, 17);(4, 1):soup('onion', 1, 0)","(3, 0):soup('onion', 3, 17);(4, 1):soup('onion', 1, 0)",160.0,151.0,1,"(0, 1)",-0.015600000000000147,0.0,0.0,-0.015600000000000147,160.0,151.0,False,"(1, 3)",dish,"(1, 2)",,"(3, 0):soup('onion', 3, 18);(4, 1):soup('onion', 1, 0)","(3, 0):soup('onion', 3, 18);(4, 1):soup('onion', 1, 0)"
334,4,"(0, 0)","(1, 3)","(0, 1)",dish,"(1, 2)","(0, 1)",,"(3, 0):soup('onion', 3, 18);(4, 1):soup('onion', 1, 0)","(3, 0):soup('onion', 3, 18);(4, 1):soup('onion', 1, 0)",160.0,151.0,1,"(0, 1)",-0.015600000000000147,0.0,0.0,-0.015600000000000147,160.0,151.0,False,"(1, 3)",dish,"(1, 2)",,"(3, 0):soup('onion', 3, 19);(4, 1):soup('onion', 1, 0)","(3, 0):soup('onion', 3, 19);(4, 1):soup('onion', 1, 0)"
335,4,"(0, 0)","(1, 3)","(0, 1)",dish,"(1, 2)","(0, 1)",,"(3, 0):soup('onion', 3, 19);(4, 1):soup('onion', 1, 0)","(3, 0):soup('onion', 3, 19);(4, 1):soup('onion', 1, 0)",160.0,151.0,1,"(0, 1)",0.5783999999999999,0.0,0.0,0.5783999999999999,160.0,151.0,False,"(1, 3)",dish,"(1, 2)",,"(3, 0):soup('onion', 3, 20);(4, 1):soup('onion', 1, 0)","(3, 0):soup('onion', 3, 20);(4, 1):soup('onion', 1, 0)"
336,2,"(1, 0)","(1, 3)","(0, 1)",dish,"(1, 2)","(0, 1)",,"(3, 0):soup('onion', 3, 20);(4, 1):soup('onion', 1, 0)","(3, 0):soup('onion', 3, 20);(4, 1):soup('onion', 1, 0)",160.0,151.0,1,"(0, 1)",-0.02160000000000002,0.0,0.0,-0.02160000000000002,160.0,151.0,False,"(2, 3)",dish,"(1, 3)",,"(3, 0):soup('onion', 3, 20);(4, 1):soup('onion', 1, 0)","(3, 0):soup('onion', 3, 20);(4, 1):soup('onion', 1, 0)"
337,2,"(1, 0)","(2, 3)","(1, 0)",dish,"(1, 3)","(0, 1)",,"(3, 0):soup('onion', 3, 20);(4, 1):soup('onion', 1, 0)","(3, 0):soup('onion', 3, 20);(4, 1):soup('onion', 1, 0)",160.0,151.0,5,interact,-0.02160000000000002,0.0,0.0,-0.02160000000000002,160.0,151.0,False,"(3, 3)",dish,"(1, 3)",onion,"(3, 0):soup('onion', 3, 20);(4, 1):soup('onion', 1, 0)","(3, 0):soup('onion', 3, 20);(4, 1):soup('onion', 1, 0)"
338,0,"(0, -1)","(3, 3)","(1, 0)",dish,"(1, 3)","(0, 1)",onion,"(3, 0):soup('onion', 3, 20);(4, 1):soup('onion', 1, 0)","(3, 0):soup('onion', 3, 20);(4, 1):soup('onion', 1, 0)",160.0,151.0,3,"(-1, 0)",-0.02160000000000002,0.0,0.0,-0.02160000000000002,160.0,151.0,False,"(3, 2)",dish,"(1, 3)",onion,"(3, 0):soup('onion', 3, 20);(4, 1):soup('onion', 1, 0)","(3, 0):soup('onion', 3, 20);(4, 1):soup('onion', 1, 0)"
339,0,"(0, -1)","(3, 2)","(0, -1)",dish,"(1, 3)","(-1, 0)",onion,"(3, 0):soup('onion', 3, 20);(4, 1):soup('onion', 1, 0)","(3, 0):soup('onion', 3, 20);(4, 1):soup('onion', 1, 0)",160.0,151.0,5,interact,-0.02160000000000002,0.0,0.0,-0.02160000000000002,160.0,151.0,False,"(3, 1)",dish,"(1, 3)",onion,"(3, 0):soup('onion', 3, 20);(4, 1):soup('onion', 1, 0)","(3, 0):soup('onion', 3, 20);(4, 1):soup('onion', 1, 0)"
340,5,interact,"(3, 1)","(0, -1)",dish,"(1, 3)","(-1, 0)",onion,"(3, 0):soup('onion', 3, 20);(4, 1):soup('onion', 1, 0)","(3, 0):soup('onion', 3, 20);(4, 1):soup('onion', 1, 0)",160.0,151.0,1,"(0, 1)",5.3347999999999995,0.0,5.0,0.3347999999999996,160.0,156.0,False,"(3, 1)","soup('onion', 3, 20)","(1, 3)",onion,"(4, 1):soup('onion', 1, 0)","(3, 0):empty;(4, 1):soup('onion', 1, 0)"
341,1,"(0, 1)","(3, 1)","(0, -1)","soup('onion', 3, 20)","(1, 3)","(0, 1)",onion,"(4, 1):soup('onion', 1, 0)","(3, 0):empty;(4, 1):soup('onion', 1, 0)",160.0,156.0,0,"(0, -1)",0.03420000000000023,0.0,0.0,0.03420000000000023,160.0,156.0,False,"(3, 2)","soup('onion', 3, 20)","(1, 2)",onion,"(4, 1):soup('onion', 1, 0)","(3, 0):empty;(4, 1):soup('onion', 1, 0)"
342,1,"(0, 1)","(3, 2)","(0, 1)","soup('onion', 3, 20)","(1, 2)","(0, -1)",onion,"(4, 1):soup('onion', 1, 0)","(3, 0):empty;(4, 1):soup('onion', 1, 0)",160.0,156.0,0,"(0, -1)",0.033600000000000026,0.0,0.0,0.033600000000000026,160.0,156.0,False,"(3, 3)","soup('onion', 3, 20)","(1, 1)",onion,"(4, 1):soup('onion', 1, 0)","(3, 0):empty;(4, 1):soup('onion', 1, 0)"
343,3,"(-1, 0)","(3, 3)","(0, 1)","soup('onion', 3, 20)","(1, 1)","(0, -1)",onion,"(4, 1):soup('onion', 1, 0)","(3, 0):empty;(4, 1):soup('onion', 1, 0)",160.0,156.0,2,"(1, 0)",0.03300000000000036,0.0,0.0,0.03300000000000036,160.0,156.0,False,"(2, 3)","soup('onion', 3, 20)","(2, 1)",onion,"(4, 1):soup('onion', 1, 0)","(3, 0):empty;(4, 1):soup('onion', 1, 0)"
344,1,"(0, 1)","(2, 3)","(-1, 0)","soup('onion', 3, 20)","(2, 1)","(1, 0)",onion,"(4, 1):soup('onion', 1, 0)","(3, 0):empty;(4, 1):soup('onion', 1, 0)",160.0,156.0,0,"(0, -1)",-0.026999999999999958,0.0,0.0,-0.026999999999999958,160.0,156.0,False,"(2, 3)","soup('onion', 3, 20)","(2, 1)",onion,"(4, 1):soup('onion', 1, 0)","(3, 0):empty;(4, 1):soup('onion', 1, 0)"
345,5,interact,"(2, 3)","(0, 1)","soup('onion', 3, 20)","(2, 1)","(0, -1)",onion,"(4, 1):soup('onion', 1, 0)","(3, 0):empty;(4, 1):soup('onion', 1, 0)",160.0,156.0,2,"(1, 0)",17.6564,20.0,0.0,-2.3436,180.0,156.0,True,"(2, 3)",,"(3, 1)",onion,"(4, 1):soup('onion', 1, 0)","(3, 0):empty;(4, 1):soup('onion', 1, 0)"
346,3,"(-1, 0)","(2, 3)","(0, 1)",,"(3, 1)","(1, 0)",onion,"(4, 1):soup('onion', 1, 0)","(3, 0):empty;(4, 1):soup('onion', 1, 0)",180.0,156.0,5,interact,3.3528,0.0,3.0,0.35279999999999995,180.0,159.0,False,"(1, 3)",,"(3, 1)",,"(4, 1):soup('onion', 2, 0)","(3, 0):empty;(4, 1):soup('onion', 2, 0)"
347,5,interact,"(1, 3)","(-1, 0)",,"(3, 1)","(1, 0)",,"(4, 1):soup('onion', 2, 0)","(3, 0):empty;(4, 1):soup('onion', 2, 0)",180.0,159.0,3,"(-1, 0)",-0.007200000000000006,0.0,0.0,-0.007200000000000006,180.0,159.0,False,"(1, 3)",onion,"(2, 1)",,"(4, 1):soup('onion', 2, 0)","(3, 0):empty;(4, 1):soup('onion', 2, 0)"
348,2,"(1, 0)","(1, 3)","(-1, 0)",onion,"(2, 1)","(-1, 0)",,"(4, 1):soup('onion', 2, 0)","(3, 0):empty;(4, 1):soup('onion', 2, 0)",180.0,159.0,3,"(-1, 0)",-0.007200000000000006,0.0,0.0,-0.007200000000000006,180.0,159.0,False,"(2, 3)",onion,"(1, 1)",,"(4, 1):soup('onion', 2, 0)","(3, 0):empty;(4, 1):soup('onion', 2, 0)"
349,5,interact,"(2, 3)","(1, 0)",onion,"(1, 1)","(-1, 0)",,"(4, 1):soup('onion', 2, 0)","(3, 0):empty;(4, 1):soup('onion', 2, 0)",180.0,159.0,1,"(0, 1)",-0.007200000000000006,0.0,0.0,-0.007200000000000006,180.0,159.0,False,"(2, 3)",onion,"(1, 2)",,"(4, 1):soup('onion', 2, 0)","(3, 0):empty;(4, 1):soup('onion', 2, 0)"
350,2,"(1, 0)","(2, 3)","(1, 0)",onion,"(1, 2)","(0, 1)",,"(4, 1):soup('onion', 2, 0)","(3, 0):empty;(4, 1):soup('onion', 2, 0)",180.0,159.0,1,"(0, 1)",-0.007200000000000006,0.0,0.0,-0.007200000000000006,180.0,159.0,False,"(3, 3)",onion,"(1, 3)",,"(4, 1):soup('onion', 2, 0)","(3, 0):empty;(4, 1):soup('onion', 2, 0)"
351,2,"(1, 0)","(3, 3)","(1, 0)",onion,"(1, 3)","(0, 1)",,"(4, 1):soup('onion', 2, 0)","(3, 0):empty;(4, 1):soup('onion', 2, 0)",180.0,159.0,5,interact,-0.007200000000000006,0.0,0.0,-0.007200000000000006,180.0,159.0,False,"(3, 3)",onion,"(1, 3)",onion,"(4, 1):soup('onion', 2, 0)","(3, 0):empty;(4, 1):soup('onion', 2, 0)"
352,2,"(1, 0)","(3, 3)","(1, 0)",onion,"(1, 3)","(0, 1)",onion,"(4, 1):soup('onion', 2, 0)","(3, 0):empty;(4, 1):soup('onion', 2, 0)",180.0,159.0,0,"(0, -1)",-0.007200000000000006,0.0,0.0,-0.007200000000000006,180.0,159.0,False,"(3, 3)",onion,"(1, 2)",onion,"(4, 1):soup('onion', 2, 0)","(3, 0):empty;(4, 1):soup('onion', 2, 0)"
353,0,"(0, -1)","(3, 3)","(1, 0)",onion,"(1, 2)","(0, -1)",onion,"(4, 1):soup('onion', 2, 0)","(3, 0):empty;(4, 1):soup('onion', 2, 0)",180.0,159.0,0,"(0, -1)",-0.007200000000000006,0.0,0.0,-0.007200000000000006,180.0,159.0,False,"(3, 2)",onion,"(1, 1)",onion,"(4, 1):soup('onion', 2, 0)","(3, 0):empty;(4, 1):soup('onion', 2, 0)"
354,0,"(0, -1)","(3, 2)","(0, -1)",onion,"(1, 1)","(0, -1)",onion,"(4, 1):soup('onion', 2, 0)","(3, 0):empty;(4, 1):soup('onion', 2, 0)",180.0,159.0,0,"(0, -1)",-0.007200000000000006,0.0,0.0,-0.007200000000000006,180.0,159.0,False,"(3, 1)",onion,"(1, 1)",onion,"(4, 1):soup('onion', 2, 0)","(3, 0):empty;(4, 1):soup('onion', 2, 0)"
355,5,interact,"(3, 1)","(0, -1)",onion,"(1, 1)","(0, -1)",onion,"(4, 1):soup('onion', 2, 0)","(3, 0):empty;(4, 1):soup('onion', 2, 0)",180.0,159.0,2,"(1, 0)",3.3491999999999997,0.0,3.0,0.3491999999999999,180.0,162.0,False,"(3, 1)",,"(2, 1)",onion,"(3, 0):soup('onion', 1, 0);(4, 1):soup('onion', 2, 0)","(3, 0):soup('onion', 1, 0);(4, 1):soup('onion', 2, 0)"
356,1,"(0, 1)","(3, 1)","(0, -1)",,"(2, 1)","(1, 0)",onion,"(3, 0):soup('onion', 1, 0);(4, 1):soup('onion', 2, 0)","(3, 0):soup('onion', 1, 0);(4, 1):soup('onion', 2, 0)",180.0,162.0,4,"(0, 0)",-0.01080000000000001,0.0,0.0,-0.01080000000000001,180.0,162.0,False,"(3, 2)",,"(2, 1)",onion,"(3, 0):soup('onion', 1, 0);(4, 1):soup('onion', 2, 0)","(3, 0):soup('onion', 1, 0);(4, 1):soup('onion', 2, 0)"
357,1,"(0, 1)","(3, 2)","(0, 1)",,"(2, 1)","(1, 0)",onion,"(3, 0):soup('onion', 1, 0);(4, 1):soup('onion', 2, 0)","(3, 0):soup('onion', 1, 0);(4, 1):soup('onion', 2, 0)",180.0,162.0,2,"(1, 0)",-0.01080000000000001,0.0,0.0,-0.01080000000000001,180.0,162.0,False,"(3, 3)",,"(3, 1)",onion,"(3, 0):soup('onion', 1, 0);(4, 1):soup('onion', 2, 0)","(3, 0):soup('onion', 1, 0);(4, 1):soup('onion', 2, 0)"
358,3,"(-1, 0)","(3, 3)","(0, 1)",,"(3, 1)","(1, 0)",onion,"(3, 0):soup('onion', 1, 0);(4, 1):soup('onion', 2, 0)","(3, 0):soup('onion', 1, 0);(4, 1):soup('onion', 2, 0)",180.0,162.0,0,"(0, -1)",-0.01080000000000001,0.0,0.0,-0.01080000000000001,180.0,162.0,False,"(2, 3)",,"(3, 1)",onion,"(3, 0):soup('onion', 1, 0);(4, 1):soup('onion', 2, 0)","(3, 0):soup('onion', 1, 0);(4, 1):soup('onion', 2, 0)"
359,3,"(-1, 0)","(2, 3)","(-1, 0)",,"(3, 1)","(0, -1)",onion,"(3, 0):soup('onion', 1, 0);(4, 1):soup('onion', 2, 0)","(3, 0):soup('onion', 1, 0);(4, 1):soup('onion', 2, 0)",180.0,162.0,5,interact,3.3456,0.0,3.0,0.3456,180.0,165.0,False,"(1, 3)",,"(3, 1)",,"(3, 0):soup('onion', 2, 0);(4, 1):soup('onion', 2, 0)","(3, 0):soup('onion', 2, 0);(4, 1):soup('onion', 2, 0)"
360,5,interact,"(1, 3)","(-1, 0)",,"(3, 1)","(0, -1)",,"(3, 0):soup('onion', 2, 0);(4, 1):soup('onion', 2, 0)","(3, 0):soup('onion', 2, 0);(4, 1):soup('onion', 2, 0)",180.0,165.0,3,"(-1, 0)",-0.014400000000000012,0.0,0.0,-0.014400000000000012,180.0,165.0,False,"(1, 3)",onion,"(2, 1)",,"(3, 0):soup('onion', 2, 0);(4, 1):soup('onion', 2, 0)","(3, 0):soup('onion', 2, 0);(4, 1):soup('onion', 2, 0)"
361,2,"(1, 0)","(1, 3)","(-1, 0)",onion,"(2, 1)","(-1, 0)",,"(3, 0):soup('onion', 2, 0);(4, 1):soup('onion', 2, 0)","(3, 0):soup('onion', 2, 0);(4, 1):soup('onion', 2, 0)",180.0,165.0,3,"(-1, 0)",-0.014400000000000012,0.0,0.0,-0.014400000000000012,180.0,165.0,False,"(2, 3)",onion,"(1, 1)",,"(3, 0):soup('onion', 2, 0);(4, 1):soup('onion', 2, 0)","(3, 0):soup('onion', 2, 0);(4, 1):soup('onion', 2, 0)"
362,5,interact,"(2, 3)","(1, 0)",onion,"(1, 1)","(-1, 0)",,"(3, 0):soup('onion', 2, 0);(4, 1):soup('onion', 2, 0)","(3, 0):soup('onion', 2, 0);(4, 1):soup('onion', 2, 0)",180.0,165.0,1,"(0, 1)",-0.014400000000000012,0.0,0.0,-0.014400000000000012,180.0,165.0,False,"(2, 3)",onion,"(1, 2)",,"(3, 0):soup('onion', 2, 0);(4, 1):soup('onion', 2, 0)","(3, 0):soup('onion', 2, 0);(4, 1):soup('onion', 2, 0)"
363,5,interact,"(2, 3)","(1, 0)",onion,"(1, 2)","(0, 1)",,"(3, 0):soup('onion', 2, 0);(4, 1):soup('onion', 2, 0)","(3, 0):soup('onion', 2, 0);(4, 1):soup('onion', 2, 0)",180.0,165.0,1,"(0, 1)",-0.014400000000000012,0.0,0.0,-0.014400000000000012,180.0,165.0,False,"(2, 3)",onion,"(1, 3)",,"(3, 0):soup('onion', 2, 0);(4, 1):soup('onion', 2, 0)","(3, 0):soup('onion', 2, 0);(4, 1):soup('onion', 2, 0)"
364,2,"(1, 0)","(2, 3)","(1, 0)",onion,"(1, 3)","(0, 1)",,"(3, 0):soup('onion', 2, 0);(4, 1):soup('onion', 2, 0)","(3, 0):soup('onion', 2, 0);(4, 1):soup('onion', 2, 0)",180.0,165.0,5,interact,-0.014400000000000012,0.0,0.0,-0.014400000000000012,180.0,165.0,False,"(3, 3)",onion,"(1, 3)",onion,"(3, 0):soup('onion', 2, 0);(4, 1):soup('onion', 2, 0)","(3, 0):soup('onion', 2, 0);(4, 1):soup('onion', 2, 0)"
365,0,"(0, -1)","(3, 3)","(1, 0)",onion,"(1, 3)","(0, 1)",onion,"(3, 0):soup('onion', 2, 0);(4, 1):soup('onion', 2, 0)","(3, 0):soup('onion', 2, 0);(4, 1):soup('onion', 2, 0)",180.0,165.0,0,"(0, -1)",-0.014400000000000012,0.0,0.0,-0.014400000000000012,180.0,165.0,False,"(3, 2)",onion,"(1, 2)",onion,"(3, 0):soup('onion', 2, 0);(4, 1):soup('onion', 2, 0)","(3, 0):soup('onion', 2, 0);(4, 1):soup('onion', 2, 0)"
366,0,"(0, -1)","(3, 2)","(0, -1)",onion,"(1, 2)","(0, -1)",onion,"(3, 0):soup('onion', 2, 0);(4, 1):soup('onion', 2, 0)","(3, 0):soup('onion', 2, 0);(4, 1):soup('onion', 2, 0)",180.0,165.0,0,"(0, -1)",-0.014400000000000012,0.0,0.0,-0.014400000000000012,180.0,165.0,False,"(3, 1)",onion,"(1, 1)",onion,"(3, 0):soup('onion', 2, 0);(4, 1):soup('onion', 2, 0)","(3, 0):soup('onion', 2, 0);(4, 1):soup('onion', 2, 0)"
367,5,interact,"(3, 1)","(0, -1)",onion,"(1, 1)","(0, -1)",onion,"(3, 0):soup('onion', 2, 0);(4, 1):soup('onion', 2, 0)","(3, 0):soup('onion', 2, 0);(4, 1):soup('onion', 2, 0)",180.0,165.0,2,"(1, 0)",3.4608,0.0,3.0,0.4608000000000001,180.0,168.0,False,"(3, 1)",,"(2, 1)",onion,"(3, 0):soup('onion', 3, 1);(4, 1):soup('onion', 2, 0)","(3, 0):soup('onion', 3, 1);(4, 1):soup('onion', 2, 0)"
368,1,"(0, 1)","(3, 1)","(0, -1)",,"(2, 1)","(1, 0)",onion,"(3, 0):soup('onion', 3, 1);(4, 1):soup('onion', 2, 0)","(3, 0):soup('onion', 3, 1);(4, 1):soup('onion', 2, 0)",180.0,168.0,4,"(0, 0)",-0.019200000000000016,0.0,0.0,-0.019200000000000016,180.0,168.0,False,"(3, 2)",,"(2, 1)",onion,"(3, 0):soup('onion', 3, 2);(4, 1):soup('onion', 2, 0)","(3, 0):soup('onion', 3, 2);(4, 1):soup('onion', 2, 0)"
369,1,"(0, 1)","(3, 2)","(0, 1)",,"(2, 1)","(1, 0)",onion,"(3, 0):soup('onion', 3, 2);(4, 1):soup('onion', 2, 0)","(3, 0):soup('onion', 3, 2);(4, 1):soup('onion', 2, 0)",180.0,168.0,2,"(1, 0)",-0.019200000000000016,0.0,0.0,-0.019200000000000016,180.0,168.0,False,"(3, 3)",,"(3, 1)",onion,"(3, 0):soup('onion', 3, 3);(4, 1):soup('onion', 2, 0)","(3, 0):soup('onion', 3, 3);(4, 1):soup('onion', 2, 0)"
370,3,"(-1, 0)","(3, 3)","(0, 1)",,"(3, 1)","(1, 0)",onion,"(3, 0):soup('onion', 3, 3);(4, 1):soup('onion', 2, 0)","(3, 0):soup('onion', 3, 3);(4, 1):soup('onion', 2, 0)",180.0,168.0,5,interact,3.456,0.0,3.0,0.45599999999999985,180.0,171.0,False,"(2, 3)",,"(3, 1)",,"(3, 0):soup('onion', 3, 4);(4, 1):soup('onion', 3, 1)","(3, 0):soup('onion', 3, 4);(4, 1):soup('onion', 3, 1)"
371,3,"(-1, 0)","(2, 3)","(-1, 0)",,"(3, 1)","(1, 0)",,"(3, 0):soup('onion', 3, 4);(4, 1):soup('onion', 3, 1)","(3, 0):soup('onion', 3, 4);(4, 1):soup('onion', 3, 1)",180.0,171.0,3,"(-1, 0)",-0.02400000000000002,0.0,0.0,-0.02400000000000002,180.0,171.0,False,"(1, 3)",,"(2, 1)",,"(3, 0):soup('onion', 3, 5);(4, 1):soup('onion', 3, 2)","(3, 0):soup('onion', 3, 5);(4, 1):soup('onion', 3, 2)"
372,0,"(0, -1)","(1, 3)","(-1, 0)",,"(2, 1)","(-1, 0)",,"(3, 0):soup('onion', 3, 5);(4, 1):soup('onion', 3, 2)","(3, 0):soup('onion', 3, 5);(4, 1):soup('onion', 3, 2)",180.0,171.0,3,"(-1, 0)",-0.02400000000000002,0.0,0.0,-0.02400000000000002,180.0,171.0,False,"(1, 2)",,"(1, 1)",,"(3, 0):soup('onion', 3, 6);(4, 1):soup('onion', 3, 3)","(3, 0):soup('onion', 3, 6);(4, 1):soup('onion', 3, 3)"
373,3,"(-1, 0)","(1, 2)","(0, -1)",,"(1, 1)","(-1, 0)",,"(3, 0):soup('onion', 3, 6);(4, 1):soup('onion', 3, 3)","(3, 0):soup('onion', 3, 6);(4, 1):soup('onion', 3, 3)",180.0,171.0,2,"(1, 0)",-0.02400000000000002,0.0,0.0,-0.02400000000000002,180.0,171.0,False,"(1, 2)",,"(2, 1)",,"(3, 0):soup('onion', 3, 7);(4, 1):soup('onion', 3, 4)","(3, 0):soup('onion', 3, 7);(4, 1):soup('onion', 3, 4)"
374,5,interact,"(1, 2)","(-1, 0)",,"(2, 1)","(1, 0)",,"(3, 0):soup('onion', 3, 7);(4, 1):soup('onion', 3, 4)","(3, 0):soup('onion', 3, 7);(4, 1):soup('onion', 3, 4)",180.0,171.0,3,"(-1, 0)",2.976,0.0,3.0,-0.02400000000000002,180.0,174.0,False,"(1, 2)",dish,"(1, 1)",,"(3, 0):soup('onion', 3, 8);(4, 1):soup('onion', 3, 5)","(3, 0):soup('onion', 3, 8);(4, 1):soup('onion', 3, 5)"
375,1,"(0, 1)","(1, 2)","(-1, 0)",dish,"(1, 1)","(-1, 0)",,"(3, 0):soup('onion', 3, 8);(4, 1):soup('onion', 3, 5)","(3, 0):soup('onion', 3, 8);(4, 1):soup('onion', 3, 5)",180.0,174.0,1,"(0, 1)",-0.02400000000000002,0.0,0.0,-0.02400000000000002,180.0,174.0,False,"(1, 3)",dish,"(1, 2)",,"(3, 0):soup('onion', 3, 9);(4, 1):soup('onion', 3, 6)","(3, 0):soup('onion', 3, 9);(4, 1):soup('onion', 3, 6)"
376,4,"(0, 0)","(1, 3)","(0, 1)",dish,"(1, 2)","(0, 1)",,"(3, 0):soup('onion', 3, 9);(4, 1):soup('onion', 3, 6)","(3, 0):soup('onion', 3, 9);(4, 1):soup('onion', 3, 6)",180.0,174.0,2,"(1, 0)",-0.02400000000000002,0.0,0.0,-0.02400000000000002,180.0,174.0,False,"(1, 3)",dish,"(1, 2)",,"(3, 0):soup('onion', 3, 10);(4, 1):soup('onion', 3, 7)","(3, 0):soup('onion', 3, 10);(4, 1):soup('onion', 3, 7)"
377,4,"(0, 0)","(1, 3)","(0, 1)",dish,"(1, 2)","(1, 0)",,"(3, 0):soup('onion', 3, 10);(4, 1):soup('onion', 3, 7)","(3, 0):soup('onion', 3, 10);(4, 1):soup('onion', 3, 7)",180.0,174.0,2,"(1, 0)",-0.02400000000000002,0.0,0.0,-0.02400000000000002,180.0,174.0,False,"(1, 3)",dish,"(1, 2)",,"(3, 0):soup('onion', 3, 11);(4, 1):soup('onion', 3, 8)","(3, 0):soup('onion', 3, 11);(4, 1):soup('onion', 3, 8)"
378,4,"(0, 0)","(1, 3)","(0, 1)",dish,"(1, 2)","(1, 0)",,"(3, 0):soup('onion', 3, 11);(4, 1):soup('onion', 3, 8)","(3, 0):soup('onion', 3, 11);(4, 1):soup('onion', 3, 8)",180.0,174.0,2,"(1, 0)",-0.02400000000000002,0.0,0.0,-0.02400000000000002,180.0,174.0,False,"(1, 3)",dish,"(1, 2)",,"(3, 0):soup('onion', 3, 12);(4, 1):soup('onion', 3, 9)","(3, 0):soup('onion', 3, 12);(4, 1):soup('onion', 3, 9)"
379,4,"(0, 0)","(1, 3)","(0, 1)",dish,"(1, 2)","(1, 0)",,"(3, 0):soup('onion', 3, 12);(4, 1):soup('onion', 3, 9)","(3, 0):soup('onion', 3, 12);(4, 1):soup('onion', 3, 9)",180.0,174.0,2,"(1, 0)",-0.02400000000000002,0.0,0.0,-0.02400000000000002,180.0,174.0,False,"(1, 3)",dish,"(1, 2)",,"(3, 0):soup('onion', 3, 13);(4, 1):soup('onion', 3, 10)","(3, 0):soup('onion', 3, 13);(4, 1):soup('onion', 3, 10)"
380,4,"(0, 0)","(1, 3)","(0, 1)",dish,"(1, 2)","(1, 0)",,"(3, 0):soup('onion', 3, 13);(4, 1):soup('onion', 3, 10)","(3, 0):soup('onion', 3, 13);(4, 1):soup('onion', 3, 10)",180.0,174.0,2,"(1, 0)",-0.02400000000000002,0.0,0.0,-0.02400000000000002,180.0,174.0,False,"(1, 3)",dish,"(1, 2)",,"(3, 0):soup('onion', 3, 14);(4, 1):soup('onion', 3, 11)","(3, 0):soup('onion', 3, 14);(4, 1):soup('onion', 3, 11)"
381,4,"(0, 0)","(1, 3)","(0, 1)",dish,"(1, 2)","(1, 0)",,"(3, 0):soup('onion', 3, 14);(4, 1):soup('onion', 3, 11)","(3, 0):soup('onion', 3, 14);(4, 1):soup('onion', 3, 11)",180.0,174.0,2,"(1, 0)",-0.02400000000000002,0.0,0.0,-0.02400000000000002,180.0,174.0,False,"(1, 3)",dish,"(1, 2)",,"(3, 0):soup('onion', 3, 15);(4, 1):soup('onion', 3, 12)","(3, 0):soup('onion', 3, 15);(4, 1):soup('onion', 3, 12)"
382,4,"(0, 0)","(1, 3)","(0, 1)",dish,"(1, 2)","(1, 0)",,"(3, 0):soup('onion', 3, 15);(4, 1):soup('onion', 3, 12)","(3, 0):soup('onion', 3, 15);(4, 1):soup('onion', 3, 12)",180.0,174.0,2,"(1, 0)",-0.02400000000000002,0.0,0.0,-0.02400000000000002,180.0,174.0,False,"(1, 3)",dish,"(1, 2)",,"(3, 0):soup('onion', 3, 16);(4, 1):soup('onion', 3, 13)","(3, 0):soup('onion', 3, 16);(4, 1):soup('onion', 3, 13)"
383,4,"(0, 0)","(1, 3)","(0, 1)",dish,"(1, 2)","(1, 0)",,"(3, 0):soup('onion', 3, 16);(4, 1):soup('onion', 3, 13)","(3, 0):soup('onion', 3, 16);(4, 1):soup('onion', 3, 13)",180.0,174.0,2,"(1, 0)",-0.02400000000000002,0.0,0.0,-0.02400000000000002,180.0,174.0,False,"(1, 3)",dish,"(1, 2)",,"(3, 0):soup('onion', 3, 17);(4, 1):soup('onion', 3, 14)","(3, 0):soup('onion', 3, 17);(4, 1):soup('onion', 3, 14)"
384,4,"(0, 0)","(1, 3)","(0, 1)",dish,"(1, 2)","(1, 0)",,"(3, 0):soup('onion', 3, 17);(4, 1):soup('onion', 3, 14)","(3, 0):soup('onion', 3, 17);(4, 1):soup('onion', 3, 14)",180.0,174.0,2,"(1, 0)",-0.02400000000000002,0.0,0.0,-0.02400000000000002,180.0,174.0,False,"(1, 3)",dish,"(1, 2)",,"(3, 0):soup('onion', 3, 18);(4, 1):soup('onion', 3, 15)","(3, 0):soup('onion', 3, 18);(4, 1):soup('onion', 3, 15)"
385,4,"(0, 0)","(1, 3)","(0, 1)",dish,"(1, 2)","(1, 0)",,"(3, 0):soup('onion', 3, 18);(4, 1):soup('onion', 3, 15)","(3, 0):soup('onion', 3, 18);(4, 1):soup('onion', 3, 15)",180.0,174.0,2,"(1, 0)",-0.02400000000000002,0.0,0.0,-0.02400000000000002,180.0,174.0,False,"(1, 3)",dish,"(1, 2)",,"(3, 0):soup('onion', 3, 19);(4, 1):soup('onion', 3, 16)","(3, 0):soup('onion', 3, 19);(4, 1):soup('onion', 3, 16)"
386,4,"(0, 0)","(1, 3)","(0, 1)",dish,"(1, 2)","(1, 0)",,"(3, 0):soup('onion', 3, 19);(4, 1):soup('onion', 3, 16)","(3, 0):soup('onion', 3, 19);(4, 1):soup('onion', 3, 16)",180.0,174.0,2,"(1, 0)",0.5700000000000001,0.0,0.0,0.5700000000000001,180.0,174.0,False,"(1, 3)",dish,"(1, 2)",,"(3, 0):soup('onion', 3, 20);(4, 1):soup('onion', 3, 17)","(3, 0):soup('onion', 3, 20);(4, 1):soup('onion', 3, 17)"
387,2,"(1, 0)","(1, 3)","(0, 1)",dish,"(1, 2)","(1, 0)",,"(3, 0):soup('onion', 3, 20);(4, 1):soup('onion', 3, 17)","(3, 0):soup('onion', 3, 20);(4, 1):soup('onion', 3, 17)",180.0,174.0,5,interact,-0.02999999999999989,0.0,0.0,-0.02999999999999989,180.0,174.0,False,"(2, 3)",dish,"(1, 2)",,"(3, 0):soup('onion', 3, 20);(4, 1):soup('onion', 3, 18)","(3, 0):soup('onion', 3, 20);(4, 1):soup('onion', 3, 18)"
388,0,"(0, -1)","(2, 3)","(1, 0)",dish,"(1, 2)","(1, 0)",,"(3, 0):soup('onion', 3, 20);(4, 1):soup('onion', 3, 18)","(3, 0):soup('onion', 3, 20);(4, 1):soup('onion', 3, 18)",180.0,174.0,2,"(1, 0)",-0.02999999999999989,0.0,0.0,-0.02999999999999989,180.0,174.0,False,"(2, 3)",dish,"(1, 2)",,"(3, 0):soup('onion', 3, 20);(4, 1):soup('onion', 3, 19)","(3, 0):soup('onion', 3, 20);(4, 1):soup('onion', 3, 19)"
389,2,"(1, 0)","(2, 3)","(0, -1)",dish,"(1, 2)","(1, 0)",,"(3, 0):soup('onion', 3, 20);(4, 1):soup('onion', 3, 19)","(3, 0):soup('onion', 3, 20);(4, 1):soup('onion', 3, 19)",180.0,174.0,2,"(1, 0)",0.2075999999999995,0.0,0.0,0.2075999999999995,180.0,174.0,False,"(3, 3)",dish,"(1, 2)",,"(3, 0):soup('onion', 3, 20);(4, 1):soup('onion', 3, 20)","(3, 0):soup('onion', 3, 20);(4, 1):soup('onion', 3, 20)"
390,0,"(0, -1)","(3, 3)","(1, 0)",dish,"(1, 2)","(1, 0)",,"(3, 0):soup('onion', 3, 20);(4, 1):soup('onion', 3, 20)","(3, 0):soup('onion', 3, 20);(4, 1):soup('onion', 3, 20)",180.0,174.0,1,"(0, 1)",-0.03240000000000016,0.0,0.0,-0.03240000000000016,180.0,174.0,False,"(3, 2)",dish,"(1, 3)",,"(3, 0):soup('onion', 3, 20);(4, 1):soup('onion', 3, 20)","(3, 0):soup('onion', 3, 20);(4, 1):soup('onion', 3, 20)"
391,0,"(0, -1)","(3, 2)","(0, -1)",dish,"(1, 3)","(0, 1)",,"(3, 0):soup('onion', 3, 20);(4, 1):soup('onion', 3, 20)","(3, 0):soup('onion', 3, 20);(4, 1):soup('onion', 3, 20)",180.0,174.0,5,interact,-0.03240000000000016,0.0,0.0,-0.03240000000000016,180.0,174.0,False,"(3, 1)",dish,"(1, 3)",onion,"(3, 0):soup('onion', 3, 20);(4, 1):soup('onion', 3, 20)","(3, 0):soup('onion', 3, 20);(4, 1):soup('onion', 3, 20)"
392,5,interact,"(3, 1)","(0, -1)",dish,"(1, 3)","(0, 1)",onion,"(3, 0):soup('onion', 3, 20);(4, 1):soup('onion', 3, 20)","(3, 0):soup('onion', 3, 20);(4, 1):soup('onion', 3, 20)",180.0,174.0,3,"(-1, 0)",5.324,0.0,5.0,0.324,180.0,179.0,False,"(3, 1)","soup('onion', 3, 20)","(1, 3)",onion,"(4, 1):soup('onion', 3, 20)","(3, 0):empty;(4, 1):soup('onion', 3, 20)"
393,1,"(0, 1)","(3, 1)","(0, -1)","soup('onion', 3, 20)","(1, 3)","(-1, 0)",onion,"(4, 1):soup('onion', 3, 20)","(3, 0):empty;(4, 1):soup('onion', 3, 20)",180.0,179.0,5,interact,0.023400000000000355,0.0,0.0,0.023400000000000355,180.0,179.0,False,"(3, 2)","soup('onion', 3, 20)","(1, 3)",onion,"(4, 1):soup('onion', 3, 20)","(3, 0):empty;(4, 1):soup('onion', 3, 20)"
394,1,"(0, 1)","(3, 2)","(0, 1)","soup('onion', 3, 20)","(1, 3)","(-1, 0)",onion,"(4, 1):soup('onion', 3, 20)","(3, 0):empty;(4, 1):soup('onion', 3, 20)",180.0,179.0,0,"(0, -1)",0.02279999999999962,0.0,0.0,0.02279999999999962,180.0,179.0,False,"(3, 3)","soup('onion', 3, 20)","(1, 2)",onion,"(4, 1):soup('onion', 3, 20)","(3, 0):empty;(4, 1):soup('onion', 3, 20)"
395,3,"(-1, 0)","(3, 3)","(0, 1)","soup('onion', 3, 20)","(1, 2)","(0, -1)",onion,"(4, 1):soup('onion', 3, 20)","(3, 0):empty;(4, 1):soup('onion', 3, 20)",180.0,179.0,0,"(0, -1)",-0.037200000000000163,0.0,0.0,-0.037200000000000163,180.0,179.0,False,"(2, 3)","soup('onion', 3, 20)","(1, 1)",onion,"(4, 1):soup('onion', 3, 20)","(3, 0):empty;(4, 1):soup('onion', 3, 20)"
396,1,"(0, 1)","(2, 3)","(-1, 0)","soup('onion', 3, 20)","(1, 1)","(0, -1)",onion,"(4, 1):soup('onion', 3, 20)","(3, 0):empty;(4, 1):soup('onion', 3, 20)",180.0,179.0,2,"(1, 0)",-0.09660000000000028,0.0,0.0,-0.09660000000000028,180.0,179.0,False,"(2, 3)","soup('onion', 3, 20)","(2, 1)",onion,"(4, 1):soup('onion', 3, 20)","(3, 0):empty;(4, 1):soup('onion', 3, 20)"
397,5,interact,"(2, 3)","(0, 1)","soup('onion', 3, 20)","(2, 1)","(1, 0)",onion,"(4, 1):soup('onion', 3, 20)","(3, 0):empty;(4, 1):soup('onion', 3, 20)",180.0,179.0,0,"(0, -1)",17.5874,20.0,0.0,-2.4126,200.0,179.0,True,"(2, 3)",,"(2, 1)",onion,"(4, 1):soup('onion', 3, 20)","(3, 0):empty;(4, 1):soup('onion', 3, 20)"
398,3,"(-1, 0)","(2, 3)","(0, 1)",,"(2, 1)","(0, -1)",onion,"(4, 1):soup('onion', 3, 20)","(3, 0):empty;(4, 1):soup('onion', 3, 20)",200.0,179.0,2,"(1, 0)",-0.0719999999999998,0.0,0.0,-0.0719999999999998,200.0,179.0,False,"(1, 3)",,"(3, 1)",onion,"(4, 1):soup('onion', 3, 20)","(3, 0):empty;(4, 1):soup('onion', 3, 20)"
399,0,"(0, -1)","(1, 3)","(-1, 0)",,"(3, 1)","(1, 0)",onion,"(4, 1):soup('onion', 3, 20)","(3, 0):empty;(4, 1):soup('onion', 3, 20)",200.0,179.0,0,"(0, -1)",-0.07139999999999999,0.0,0.0,-0.07139999999999999,200.0,179.0,False,"(1, 2)",,"(3, 1)",onion,"(4, 1):soup('onion', 3, 20)","(3, 0):empty;(4, 1):soup('onion', 3, 20)"
