step,ego_action_idx,ego_action,p0_pos,p0_orient,p0_held,p1_pos,p1_orient,p1_held,objects_before,pots_before,cum_sparse_before,cum_shaped_before,partner_action_idx,partner_action,reward,sparse_reward,built_in_shaped_reward,custom_shaped_reward,cum_sparse_after,cum_shaped_after,delivery_event,p0_pos_after,p0_held_after,p1_pos_after,p1_held_after,objects_after,pots_after
0,1,"(0, 1)","(2, 1)","(0, -1)",,"(1, 2)","(0, -1)",,,"(3, 0):empty;(4, 1):empty",0.0,0.0,1,"(0, 1)",0.0,0.0,0.0,0.0,0.0,0.0,False,"(2, 1)",,"(1, 3)",,,"(3, 0):empty;(4, 1):empty"
1,3,"(-1, 0)","(2, 1)","(0, 1)",,"(1, 3)","(0, 1)",,,"(3, 0):empty;(4, 1):empty",0.0,0.0,5,interact,0.0,0.0,0.0,0.0,0.0,0.0,False,"(1, 1)",,"(1, 3)",onion,,"(3, 0):empty;(4, 1):empty"
2,4,"(0, 0)","(1, 1)","(-1, 0)",,"(1, 3)","(0, 1)",onion,,"(3, 0):empty;(4, 1):empty",0.0,0.0,2,"(1, 0)",0.0,0.0,0.0,0.0,0.0,0.0,False,"(1, 1)",,"(2, 3)",onion,,"(3, 0):empty;(4, 1):empty"
3,1,"(0, 1)","(1, 1)","(-1, 0)",,"(2, 3)","(1, 0)",onion,,"(3, 0):empty;(4, 1):empty",0.0,0.0,2,"(1, 0)",0.0,0.0,0.0,0.0,0.0,0.0,False,"(1, 2)",,"(3, 3)",onion,,"(3, 0):empty;(4, 1):empty"
4,3,"(-1, 0)","(1, 2)","(0, 1)",,"(3, 3)","(1, 0)",onion,,"(3, 0):empty;(4, 1):empty",0.0,0.0,0,"(0, -1)",0.0,0.0,0.0,0.0,0.0,0.0,False,"(1, 2)",,"(3, 2)",onion,,"(3, 0):empty;(4, 1):empty"
5,3,"(-1, 0)","(1, 2)","(-1, 0)",,"(3, 2)","(0, -1)",onion,,"(3, 0):empty;(4, 1):empty",0.0,0.0,0,"(0, -1)",0.0,0.0,0.0,0.0,0.0,0.0,False,"(1, 2)",,"(3, 1)",onion,,"(3, 0):empty;(4, 1):empty"
6,3,"(-1, 0)","(1, 2)","(-1, 0)",,"(3, 1)","(0, -1)",onion,,"(3, 0):empty;(4, 1):empty",0.0,0.0,5,interact,3.3564,0.0,3.0,0.3564,0.0,3.0,False,"(1, 2)",,"(3, 1)",,"(3, 0):soup('onion', 1, 0)","(3, 0):soup('onion', 1, 0);(4, 1):empty"
7,5,interact,"(1, 2)","(-1, 0)",,"(3, 1)","(0, -1)",,"(3, 0):soup('onion', 1, 0)","(3, 0):soup('onion', 1, 0);(4, 1):empty",0.0,3.0,1,"(0, 1)",2.9964,0.0,3.0,-0.003600000000000003,0.0,6.0,False,"(1, 2)",dish,"(3, 2)",,"(3, 0):soup('onion', 1, 0)","(3, 0):soup('onion', 1, 0);(4, 1):empty"
8,5,interact,"(1, 2)","(-1, 0)",dish,"(3, 2)","(0, 1)",,"(3, 0):soup('onion', 1, 0)","(3, 0):soup('onion', 1, 0);(4, 1):empty",0.0,6.0,1,"(0, 1)",-0.003600000000000003,0.0,0.0,-0.003600000000000003,0.0,6.0,False,"(1, 2)",dish,"(3, 3)",,"(3, 0):soup('onion', 1, 0)","(3, 0):soup('onion', 1, 0);(4, 1):empty"
9,5,interact,"(1, 2)","(-1, 0)",dish,"(3, 3)","(0, 1)",,"(3, 0):soup('onion', 1, 0)","(3, 0):soup('onion', 1, 0);(4, 1):empty",0.0,6.0,3,"(-1, 0)",-0.003600000000000003,0.0,0.0,-0.003600000000000003,0.0,6.0,False,"(1, 2)",dish,"(2, 3)",,"(3, 0):soup('onion', 1, 0)","(3, 0):soup('onion', 1, 0);(4, 1):empty"
10,5,interact,"(1, 2)","(-1, 0)",dish,"(2, 3)","(-1, 0)",,"(3, 0):soup('onion', 1, 0)","(3, 0):soup('onion', 1, 0);(4, 1):empty",0.0,6.0,3,"(-1, 0)",-0.003600000000000003,0.0,0.0,-0.003600000000000003,0.0,6.0,False,"(1, 2)",dish,"(1, 3)",,"(3, 0):soup('onion', 1, 0)","(3, 0):soup('onion', 1, 0);(4, 1):empty"
11,0,"(0, -1)","(1, 2)","(-1, 0)",dish,"(1, 3)","(-1, 0)",,"(3, 0):soup('onion', 1, 0)","(3, 0):soup('onion', 1, 0);(4, 1):empty",0.0,6.0,5,interact,-0.003600000000000003,0.0,0.0,-0.003600000000000003,0.0,6.0,False,"(1, 1)",dish,"(1, 3)",onion,"(3, 0):soup('onion', 1, 0)","(3, 0):soup('onion', 1, 0);(4, 1):empty"
12,2,"(1, 0)","(1, 1)","(0, -1)",dish,"(1, 3)","(-1, 0)",onion,"(3, 0):soup('onion', 1, 0)","(3, 0):soup('onion', 1, 0);(4, 1):empty",0.0,6.0,2,"(1, 0)",-0.003600000000000003,0.0,0.0,-0.003600000000000003,0.0,6.0,False,"(2, 1)",dish,"(2, 3)",onion,"(3, 0):soup('onion', 1, 0)","(3, 0):soup('onion', 1, 0);(4, 1):empty"
13,4,"(0, 0)","(2, 1)","(1, 0)",dish,"(2, 3)","(1, 0)",onion,"(3, 0):soup('onion', 1, 0)","(3, 0):soup('onion', 1, 0);(4, 1):empty",0.0,6.0,2,"(1, 0)",-0.003600000000000003,0.0,0.0,-0.003600000000000003,0.0,6.0,False,"(2, 1)",dish,"(3, 3)",onion,"(3, 0):soup('onion', 1, 0)","(3, 0):soup('onion', 1, 0);(4, 1):empty"
14,4,"(0, 0)","(2, 1)","(1, 0)",dish,"(3, 3)","(1, 0)",onion,"(3, 0):soup('onion', 1, 0)","(3, 0):soup('onion', 1, 0);(4, 1):empty",0.0,6.0,0,"(0, -1)",-0.003600000000000003,0.0,0.0,-0.003600000000000003,0.0,6.0,False,"(2, 1)",dish,"(3, 2)",onion,"(3, 0):soup('onion', 1, 0)","(3, 0):soup('onion', 1, 0);(4, 1):empty"
15,3,"(-1, 0)","(2, 1)","(1, 0)",dish,"(3, 2)","(0, -1)",onion,"(3, 0):soup('onion', 1, 0)","(3, 0):soup('onion', 1, 0);(4, 1):empty",0.0,6.0,0,"(0, -1)",-0.003600000000000003,0.0,0.0,-0.003600000000000003,0.0,6.0,False,"(1, 1)",dish,"(3, 1)",onion,"(3, 0):soup('onion', 1, 0)","(3, 0):soup('onion', 1, 0);(4, 1):empty"
16,3,"(-1, 0)","(1, 1)","(-1, 0)",dish,"(3, 1)","(0, -1)",onion,"(3, 0):soup('onion', 1, 0)","(3, 0):soup('onion', 1, 0);(4, 1):empty",0.0,6.0,5,interact,3.3528,0.0,3.0,0.35279999999999995,0.0,9.0,False,"(1, 1)",dish,"(3, 1)",,"(3, 0):soup('onion', 2, 0)","(3, 0):soup('onion', 2, 0);(4, 1):empty"
17,5,interact,"(1, 1)","(-1, 0)",dish,"(3, 1)","(0, -1)",,"(3, 0):soup('onion', 2, 0)","(3, 0):soup('onion', 2, 0);(4, 1):empty",0.0,9.0,1,"(0, 1)",-0.007200000000000006,0.0,0.0,-0.007200000000000006,0.0,9.0,False,"(1, 1)",,"(3, 2)",,"(0, 1):dish;(3, 0):soup('onion', 2, 0)","(3, 0):soup('onion', 2, 0);(4, 1):empty"
18,1,"(0, 1)","(1, 1)","(-1, 0)",,"(3, 2)","(0, 1)",,"(0, 1):dish;(3, 0):soup('onion', 2, 0)","(3, 0):soup('onion', 2, 0);(4, 1):empty",0.0,9.0,1,"(0, 1)",-0.007200000000000006,0.0,0.0,-0.007200000000000006,0.0,9.0,False,"(1, 2)",,"(3, 3)",,"(0, 1):dish;(3, 0):soup('onion', 2, 0)","(3, 0):soup('onion', 2, 0);(4, 1):empty"
19,3,"(-1, 0)","(1, 2)","(0, 1)",,"(3, 3)","(0, 1)",,"(0, 1):dish;(3, 0):soup('onion', 2, 0)","(3, 0):soup('onion', 2, 0);(4, 1):empty",0.0,9.0,3,"(-1, 0)",-0.007200000000000006,0.0,0.0,-0.007200000000000006,0.0,9.0,False,"(1, 2)",,"(2, 3)",,"(0, 1):dish;(3, 0):soup('onion', 2, 0)","(3, 0):soup('onion', 2, 0);(4, 1):empty"
20,5,interact,"(1, 2)","(-1, 0)",,"(2, 3)","(-1, 0)",,"(0, 1):dish;(3, 0):soup('onion', 2, 0)","(3, 0):soup('onion', 2, 0);(4, 1):empty",0.0,9.0,3,"(-1, 0)",-0.007200000000000006,0.0,0.0,-0.007200000000000006,0.0,9.0,False,"(1, 2)",dish,"(1, 3)",,"(0, 1):dish;(3, 0):soup('onion', 2, 0)","(3, 0):soup('onion', 2, 0);(4, 1):empty"
21,0,"(0, -1)","(1, 2)","(-1, 0)",dish,"(1, 3)","(-1, 0)",,"(0, 1):dish;(3, 0):soup('onion', 2, 0)","(3, 0):soup('onion', 2, 0);(4, 1):empty",0.0,9.0,5,interact,-0.007200000000000006,0.0,0.0,-0.007200000000000006,0.0,9.0,False,"(1, 1)",dish,"(1, 3)",onion,"(0, 1):dish;(3, 0):soup('onion', 2, 0)","(3, 0):soup('onion', 2, 0);(4, 1):empty"
22,2,"(1, 0)","(1, 1)","(0, -1)",dish,"(1, 3)","(-1, 0)",onion,"(0, 1):dish;(3, 0):soup('onion', 2, 0)","(3, 0):soup('onion', 2, 0);(4, 1):empty",0.0,9.0,2,"(1, 0)",-0.007200000000000006,0.0,0.0,-0.007200000000000006,0.0,9.0,False,"(2, 1)",dish,"(2, 3)",onion,"(0, 1):dish;(3, 0):soup('onion', 2, 0)","(3, 0):soup('onion', 2, 0);(4, 1):empty"
23,4,"(0, 0)","(2, 1)","(1, 0)",dish,"(2, 3)","(1, 0)",onion,"(0, 1):dish;(3, 0):soup('onion', 2, 0)","(3, 0):soup('onion', 2, 0);(4, 1):empty",0.0,9.0,2,"(1, 0)",-0.007200000000000006,0.0,0.0,-0.007200000000000006,0.0,9.0,False,"(2, 1)",dish,"(3, 3)",onion,"(0, 1):dish;(3, 0):soup('onion', 2, 0)","(3, 0):soup('onion', 2, 0);(4, 1):empty"
24,4,"(0, 0)","(2, 1)","(1, 0)",dish,"(3, 3)","(1, 0)",onion,"(0, 1):dish;(3, 0):soup('onion', 2, 0)","(3, 0):soup('onion', 2, 0);(4, 1):empty",0.0,9.0,0,"(0, -1)",-0.007200000000000006,0.0,0.0,-0.007200000000000006,0.0,9.0,False,"(2, 1)",dish,"(3, 2)",onion,"(0, 1):dish;(3, 0):soup('onion', 2, 0)","(3, 0):soup('onion', 2, 0);(4, 1):empty"
25,3,"(-1, 0)","(2, 1)","(1, 0)",dish,"(3, 2)","(0, -1)",onion,"(0, 1):dish;(3, 0):soup('onion', 2, 0)","(3, 0):soup('onion', 2, 0);(4, 1):empty",0.0,9.0,0,"(0, -1)",-0.007200000000000006,0.0,0.0,-0.007200000000000006,0.0,9.0,False,"(1, 1)",dish,"(3, 1)",onion,"(0, 1):dish;(3, 0):soup('onion', 2, 0)","(3, 0):soup('onion', 2, 0);(4, 1):empty"
26,3,"(-1, 0)","(1, 1)","(-1, 0)",dish,"(3, 1)","(0, -1)",onion,"(0, 1):dish;(3, 0):soup('onion', 2, 0)","(3, 0):soup('onion', 2, 0);(4, 1):empty",0.0,9.0,5,interact,3.468,0.0,3.0,0.46799999999999997,0.0,12.0,False,"(1, 1)",dish,"(3, 1)",,"(0, 1):dish;(3, 0):soup('onion', 3, 1)","(3, 0):soup('onion', 3, 1);(4, 1):empty"
27,2,"(1, 0)","(1, 1)","(-1, 0)",dish,"(3, 1)","(0, -1)",,"(0, 1):dish;(3, 0):soup('onion', 3, 1)","(3, 0):soup('onion', 3, 1);(4, 1):empty",0.0,12.0,1,"(0, 1)",-0.01200000000000001,0.0,0.0,-0.01200000000000001,0.0,12.0,False,"(2, 1)",dish,"(3, 2)",,"(0, 1):dish;(3, 0):soup('onion', 3, 2)","(3, 0):soup('onion', 3, 2);(4, 1):empty"
28,2,"(1, 0)","(2, 1)","(1, 0)",dish,"(3, 2)","(0, 1)",,"(0, 1):dish;(3, 0):soup('onion', 3, 2)","(3, 0):soup('onion', 3, 2);(4, 1):empty",0.0,12.0,1,"(0, 1)",-0.01200000000000001,0.0,0.0,-0.01200000000000001,0.0,12.0,False,"(3, 1)",dish,"(3, 3)",,"(0, 1):dish;(3, 0):soup('onion', 3, 3)","(3, 0):soup('onion', 3, 3);(4, 1):empty"
29,4,"(0, 0)","(3, 1)","(1, 0)",dish,"(3, 3)","(0, 1)",,"(0, 1):dish;(3, 0):soup('onion', 3, 3)","(3, 0):soup('onion', 3, 3);(4, 1):empty",0.0,12.0,3,"(-1, 0)",-0.01200000000000001,0.0,0.0,-0.01200000000000001,0.0,12.0,False,"(3, 1)",dish,"(2, 3)",,"(0, 1):dish;(3, 0):soup('onion', 3, 4)","(3, 0):soup('onion', 3, 4);(4, 1):empty"
30,4,"(0, 0)","(3, 1)","(1, 0)",dish,"(2, 3)","(-1, 0)",,"(0, 1):dish;(3, 0):soup('onion', 3, 4)","(3, 0):soup('onion', 3, 4);(4, 1):empty",0.0,12.0,3,"(-1, 0)",-0.01200000000000001,0.0,0.0,-0.01200000000000001,0.0,12.0,False,"(3, 1)",dish,"(1, 3)",,"(0, 1):dish;(3, 0):soup('onion', 3, 5)","(3, 0):soup('onion', 3, 5);(4, 1):empty"
31,4,"(0, 0)","(3, 1)","(1, 0)",dish,"(1, 3)","(-1, 0)",,"(0, 1):dish;(3, 0):soup('onion', 3, 5)","(3, 0):soup('onion', 3, 5);(4, 1):empty",0.0,12.0,5,interact,-0.01200000000000001,0.0,0.0,-0.01200000000000001,0.0,12.0,False,"(3, 1)",dish,"(1, 3)",onion,"(0, 1):dish;(3, 0):soup('onion', 3, 6)","(3, 0):soup('onion', 3, 6);(4, 1):empty"
32,4,"(0, 0)","(3, 1)","(1, 0)",dish,"(1, 3)","(-1, 0)",onion,"(0, 1):dish;(3, 0):soup('onion', 3, 6)","(3, 0):soup('onion', 3, 6);(4, 1):empty",0.0,12.0,5,interact,-0.01200000000000001,0.0,0.0,-0.01200000000000001,0.0,12.0,False,"(3, 1)",dish,"(1, 3)",onion,"(0, 1):dish;(3, 0):soup('onion', 3, 7)","(3, 0):soup('onion', 3, 7);(4, 1):empty"
33,4,"(0, 0)","(3, 1)","(1, 0)",dish,"(1, 3)","(-1, 0)",onion,"(0, 1):dish;(3, 0):soup('onion', 3, 7)","(3, 0):soup('onion', 3, 7);(4, 1):empty",0.0,12.0,5,interact,-0.01200000000000001,0.0,0.0,-0.01200000000000001,0.0,12.0,False,"(3, 1)",dish,"(1, 3)",onion,"(0, 1):dish;(3, 0):soup('onion', 3, 8)","(3, 0):soup('onion', 3, 8);(4, 1):empty"
34,4,"(0, 0)","(3, 1)","(1, 0)",dish,"(1, 3)","(-1, 0)",onion,"(0, 1):dish;(3, 0):soup('onion', 3, 8)","(3, 0):soup('onion', 3, 8);(4, 1):empty",0.0,12.0,5,interact,-0.01200000000000001,0.0,0.0,-0.01200000000000001,0.0,12.0,False,"(3, 1)",dish,"(1, 3)",onion,"(0, 1):dish;(3, 0):soup('onion', 3, 9)","(3, 0):soup('onion', 3, 9);(4, 1):empty"
35,4,"(0, 0)","(3, 1)","(1, 0)",dish,"(1, 3)","(-1, 0)",onion,"(0, 1):dish;(3, 0):soup('onion', 3, 9)","(3, 0):soup('onion', 3, 9);(4, 1):empty",0.0,12.0,5,interact,-0.01200000000000001,0.0,0.0,-0.01200000000000001,0.0,12.0,False,"(3, 1)",dish,"(1, 3)",onion,"(0, 1):dish;(3, 0):soup('onion', 3, 10)","(3, 0):soup('onion', 3, 10);(4, 1):empty"
36,4,"(0, 0)","(3, 1)","(1, 0)",dish,"(1, 3)","(-1, 0)",onion,"(0, 1):dish;(3, 0):soup('onion', 3, 10)","(3, 0):soup('onion', 3, 10);(4, 1):empty",0.0,12.0,5,interact,-0.01200000000000001,0.0,0.0,-0.01200000000000001,0.0,12.0,False,"(3, 1)",dish,"(1, 3)",onion,"(0, 1):dish;(3, 0):soup('onion', 3, 11)","(3, 0):soup('onion', 3, 11);(4, 1):empty"
37,4,"(0, 0)","(3, 1)","(1, 0)",dish,"(1, 3)","(-1, 0)",onion,"(0, 1):dish;(3, 0):soup('onion', 3, 11)","(3, 0):soup('onion', 3, 11);(4, 1):empty",0.0,12.0,5,interact,-0.01200000000000001,0.0,0.0,-0.01200000000000001,0.0,12.0,False,"(3, 1)",dish,"(1, 3)",onion,"(0, 1):dish;(3, 0):soup('onion', 3, 12)","(3, 0):soup('onion', 3, 12);(4, 1):empty"
38,4,"(0, 0)","(3, 1)","(1, 0)",dish,"(1, 3)","(-1, 0)",onion,"(0, 1):dish;(3, 0):soup('onion', 3, 12)","(3, 0):soup('onion', 3, 12);(4, 1):empty",0.0,12.0,5,interact,-0.01200000000000001,0.0,0.0,-0.01200000000000001,0.0,12.0,False,"(3, 1)",dish,"(1, 3)",onion,"(0, 1):dish;(3, 0):soup('onion', 3, 13)","(3, 0):soup('onion', 3, 13);(4, 1):empty"
39,4,"(0, 0)","(3, 1)","(1, 0)",dish,"(1, 3)","(-1, 0)",onion,"(0, 1):dish;(3, 0):soup('onion', 3, 13)","(3, 0):soup('onion', 3, 13);(4, 1):empty",0.0,12.0,5,interact,-0.01200000000000001,0.0,0.0,-0.01200000000000001,0.0,12.0,False,"(3, 1)",dish,"(1, 3)",onion,"(0, 1):dish;(3, 0):soup('onion', 3, 14)","(3, 0):soup('onion', 3, 14);(4, 1):empty"
40,4,"(0, 0)","(3, 1)","(1, 0)",dish,"(1, 3)","(-1, 0)",onion,"(0, 1):dish;(3, 0):soup('onion', 3, 14)","(3, 0):soup('onion', 3, 14);(4, 1):empty",0.0,12.0,5,interact,-0.01200000000000001,0.0,0.0,-0.01200000000000001,0.0,12.0,False,"(3, 1)",dish,"(1, 3)",onion,"(0, 1):dish;(3, 0):soup('onion', 3, 15)","(3, 0):soup('onion', 3, 15);(4, 1):empty"
41,4,"(0, 0)","(3, 1)","(1, 0)",dish,"(1, 3)","(-1, 0)",onion,"(0, 1):dish;(3, 0):soup('onion', 3, 15)","(3, 0):soup('onion', 3, 15);(4, 1):empty",0.0,12.0,5,interact,-0.01200000000000001,0.0,0.0,-0.01200000000000001,0.0,12.0,False,"(3, 1)",dish,"(1, 3)",onion,"(0, 1):dish;(3, 0):soup('onion', 3, 16)","(3, 0):soup('onion', 3, 16);(4, 1):empty"
42,4,"(0, 0)","(3, 1)","(1, 0)",dish,"(1, 3)","(-1, 0)",onion,"(0, 1):dish;(3, 0):soup('onion', 3, 16)","(3, 0):soup('onion', 3, 16);(4, 1):empty",0.0,12.0,5,interact,-0.01200000000000001,0.0,0.0,-0.01200000000000001,0.0,12.0,False,"(3, 1)",dish,"(1, 3)",onion,"(0, 1):dish;(3, 0):soup('onion', 3, 17)","(3, 0):soup('onion', 3, 17);(4, 1):empty"
43,4,"(0, 0)","(3, 1)","(1, 0)",dish,"(1, 3)","(-1, 0)",onion,"(0, 1):dish;(3, 0):soup('onion', 3, 17)","(3, 0):soup('onion', 3, 17);(4, 1):empty",0.0,12.0,5,interact,-0.01200000000000001,0.0,0.0,-0.01200000000000001,0.0,12.0,False,"(3, 1)",dish,"(1, 3)",onion,"(0, 1):dish;(3, 0):soup('onion', 3, 18)","(3, 0):soup('onion', 3, 18);(4, 1):empty"
44,4,"(0, 0)","(3, 1)","(1, 0)",dish,"(1, 3)","(-1, 0)",onion,"(0, 1):dish;(3, 0):soup('onion', 3, 18)","(3, 0):soup('onion', 3, 18);(4, 1):empty",0.0,12.0,5,interact,-0.01200000000000001,0.0,0.0,-0.01200000000000001,0.0,12.0,False,"(3, 1)",dish,"(1, 3)",onion,"(0, 1):dish;(3, 0):soup('onion', 3, 19)","(3, 0):soup('onion', 3, 19);(4, 1):empty"
45,4,"(0, 0)","(3, 1)","(1, 0)",dish,"(1, 3)","(-1, 0)",onion,"(0, 1):dish;(3, 0):soup('onion', 3, 19)","(3, 0):soup('onion', 3, 19);(4, 1):empty",0.0,12.0,5,interact,0.5819999999999999,0.0,0.0,0.5819999999999999,0.0,12.0,False,"(3, 1)",dish,"(1, 3)",onion,"(0, 1):dish;(3, 0):soup('onion', 3, 20)","(3, 0):soup('onion', 3, 20);(4, 1):empty"
46,0,"(0, -1)","(3, 1)","(1, 0)",dish,"(1, 3)","(-1, 0)",onion,"(0, 1):dish;(3, 0):soup('onion', 3, 20)","(3, 0):soup('onion', 3, 20);(4, 1):empty",0.0,12.0,2,"(1, 0)",-0.018000000000000148,0.0,0.0,-0.018000000000000148,0.0,12.0,False,"(3, 1)",dish,"(2, 3)",onion,"(0, 1):dish;(3, 0):soup('onion', 3, 20)","(3, 0):soup('onion', 3, 20);(4, 1):empty"
47,5,interact,"(3, 1)","(0, -1)",dish,"(2, 3)","(1, 0)",onion,"(0, 1):dish;(3, 0):soup('onion', 3, 20)","(3, 0):soup('onion', 3, 20);(4, 1):empty",0.0,12.0,2,"(1, 0)",5.3384,0.0,5.0,0.33840000000000003,0.0,17.0,False,"(3, 1)","soup('onion', 3, 20)","(3, 3)",onion,"(0, 1):dish","(3, 0):empty;(4, 1):empty"
48,3,"(-1, 0)","(3, 1)","(0, -1)","soup('onion', 3, 20)","(3, 3)","(1, 0)",onion,"(0, 1):dish","(3, 0):empty;(4, 1):empty",0.0,17.0,2,"(1, 0)",0.0378000000000001,0.0,0.0,0.0378000000000001,0.0,17.0,False,"(2, 1)","soup('onion', 3, 20)","(3, 3)",onion,"(0, 1):dish","(3, 0):empty;(4, 1):empty"
49,1,"(0, 1)","(2, 1)","(-1, 0)","soup('onion', 3, 20)","(3, 3)","(1, 0)",onion,"(0, 1):dish","(3, 0):empty;(4, 1):empty",0.0,17.0,0,"(0, -1)",-0.022199999999999952,0.0,0.0,-0.022199999999999952,0.0,17.0,False,"(2, 1)","soup('onion', 3, 20)","(3, 2)",onion,"(0, 1):dish","(3, 0):empty;(4, 1):empty"
50,3,"(-1, 0)","(2, 1)","(0, 1)","soup('onion', 3, 20)","(3, 2)","(0, -1)",onion,"(0, 1):dish","(3, 0):empty;(4, 1):empty",0.0,17.0,0,"(0, -1)",-0.08160000000000008,0.0,0.0,-0.08160000000000008,0.0,17.0,False,"(1, 1)","soup('onion', 3, 20)","(3, 1)",onion,"(0, 1):dish","(3, 0):empty;(4, 1):empty"
51,1,"(0, 1)","(1, 1)","(-1, 0)","soup('onion', 3, 20)","(3, 1)","(0, -1)",onion,"(0, 1):dish","(3, 0):empty;(4, 1):empty",0.0,17.0,5,interact,3.3941999999999997,0.0,3.0,0.3941999999999997,0.0,20.0,False,"(1, 2)","soup('onion', 3, 20)","(3, 1)",,"(0, 1):dish;(3, 0):soup('onion', 1, 0)","(3, 0):soup('onion', 1, 0);(4, 1):empty"
52,1,"(0, 1)","(1, 2)","(0, 1)","soup('onion', 3, 20)","(3, 1)","(0, -1)",,"(0, 1):dish;(3, 0):soup('onion', 1, 0)","(3, 0):soup('onion', 1, 0);(4, 1):empty",0.0,20.0,5,interact,0.033600000000000026,0.0,0.0,0.033600000000000026,0.0,20.0,False,"(1, 3)","soup('onion', 3, 20)","(3, 1)",,"(0, 1):dish;(3, 0):soup('onion', 1, 0)","(3, 0):soup('onion', 1, 0);(4, 1):empty"
53,2,"(1, 0)","(1, 3)","(0, 1)","soup('onion', 3, 20)","(3, 1)","(0, -1)",,"(0, 1):dish;(3, 0):soup('onion', 1, 0)","(3, 0):soup('onion', 1, 0);(4, 1):empty",0.0,20.0,3,"(-1, 0)",-0.002639999999999709,0.0,0.0,-0.002639999999999709,0.0,20.0,False,"(2, 3)","soup('onion', 3, 20)","(2, 1)",,"(0, 1):dish;(3, 0):soup('onion', 1, 0)","(3, 0):soup('onion', 1, 0);(4, 1):empty"
54,1,"(0, 1)","(2, 3)","(1, 0)","soup('onion', 3, 20)","(2, 1)","(-1, 0)",,"(0, 1):dish;(3, 0):soup('onion', 1, 0)","(3, 0):soup('onion', 1, 0);(4, 1):empty",0.0,20.0,3,"(-1, 0)",-0.062280000000000335,0.0,0.0,-0.062280000000000335,0.0,20.0,False,"(2, 3)","soup('onion', 3, 20)","(1, 1)",,"(0, 1):dish;(3, 0):soup('onion', 1, 0)","(3, 0):soup('onion', 1, 0);(4, 1):empty"
55,5,interact,"(2, 3)","(0, 1)","soup('onion', 3, 20)","(1, 1)","(-1, 0)",,"(0, 1):dish;(3, 0):soup('onion', 1, 0)","(3, 0):soup('onion', 1, 0);(4, 1):empty",0.0,20.0,0,"(0, -1)",17.7284,20.0,0.0,-2.2716,20.0,20.0,True,"(2, 3)",,"(1, 1)",,"(0, 1):dish;(3, 0):soup('onion', 1, 0)","(3, 0):soup('onion', 1, 0);(4, 1):empty"
56,3,"(-1, 0)","(2, 3)","(0, 1)",,"(1, 1)","(0, -1)",,"(0, 1):dish;(3, 0):soup('onion', 1, 0)","(3, 0):soup('onion', 1, 0);(4, 1):empty",20.0,20.0,0,"(0, -1)",-0.003600000000000003,0.0,0.0,-0.003600000000000003,20.0,20.0,False,"(1, 3)",,"(1, 1)",,"(0, 1):dish;(3, 0):soup('onion', 1, 0)","(3, 0):soup('onion', 1, 0);(4, 1):empty"
57,5,interact,"(1, 3)","(-1, 0)",,"(1, 1)","(0, -1)",,"(0, 1):dish;(3, 0):soup('onion', 1, 0)","(3, 0):soup('onion', 1, 0);(4, 1):empty",20.0,20.0,1,"(0, 1)",-0.003600000000000003,0.0,0.0,-0.003600000000000003,20.0,20.0,False,"(1, 3)",onion,"(1, 2)",,"(0, 1):dish;(3, 0):soup('onion', 1, 0)","(3, 0):soup('onion', 1, 0);(4, 1):empty"
58,2,"(1, 0)","(1, 3)","(-1, 0)",onion,"(1, 2)","(0, 1)",,"(0, 1):dish;(3, 0):soup('onion', 1, 0)","(3, 0):soup('onion', 1, 0);(4, 1):empty",20.0,20.0,1,"(0, 1)",-0.003600000000000003,0.0,0.0,-0.003600000000000003,20.0,20.0,False,"(2, 3)",onion,"(1, 3)",,"(0, 1):dish;(3, 0):soup('onion', 1, 0)","(3, 0):soup('onion', 1, 0);(4, 1):empty"
59,2,"(1, 0)","(2, 3)","(1, 0)",onion,"(1, 3)","(0, 1)",,"(0, 1):dish;(3, 0):soup('onion', 1, 0)","(3, 0):soup('onion', 1, 0);(4, 1):empty",20.0,20.0,5,interact,-0.003600000000000003,0.0,0.0,-0.003600000000000003,20.0,20.0,False,"(3, 3)",onion,"(1, 3)",onion,"(0, 1):dish;(3, 0):soup('onion', 1, 0)","(3, 0):soup('onion', 1, 0);(4, 1):empty"
60,0,"(0, -1)","(3, 3)","(1, 0)",onion,"(1, 3)","(0, 1)",onion,"(0, 1):dish;(3, 0):soup('onion', 1, 0)","(3, 0):soup('onion', 1, 0);(4, 1):empty",20.0,20.0,5,interact,-0.003600000000000003,0.0,0.0,-0.003600000000000003,20.0,20.0,False,"(3, 2)",onion,"(1, 3)",onion,"(0, 1):dish;(3, 0):soup('onion', 1, 0)","(3, 0):soup('onion', 1, 0);(4, 1):empty"
61,0,"(0, -1)","(3, 2)","(0, -1)",onion,"(1, 3)","(0, 1)",onion,"(0, 1):dish;(3, 0):soup('onion', 1, 0)","(3, 0):soup('onion', 1, 0);(4, 1):empty",20.0,20.0,5,interact,-0.003600000000000003,0.0,0.0,-0.003600000000000003,20.0,20.0,False,"(3, 1)",onion,"(1, 3)",onion,"(0, 1):dish;(3, 0):soup('onion', 1, 0)","(3, 0):soup('onion', 1, 0);(4, 1):empty"
62,5,interact,"(3, 1)","(0, -1)",onion,"(1, 3)","(0, 1)",onion,"(0, 1):dish;(3, 0):soup('onion', 1, 0)","(3, 0):soup('onion', 1, 0);(4, 1):empty",20.0,20.0,5,interact,3.3528,0.0,3.0,0.35279999999999995,20.0,23.0,False,"(3, 1)",,"(1, 3)",onion,"(0, 1):dish;(3, 0):soup('onion', 2, 0)","(3, 0):soup('onion', 2, 0);(4, 1):empty"
63,0,"(0, -1)","(3, 1)","(0, -1)",,"(1, 3)","(0, 1)",onion,"(0, 1):dish;(3, 0):soup('onion', 2, 0)","(3, 0):soup('onion', 2, 0);(4, 1):empty",20.0,23.0,2,"(1, 0)",-0.007200000000000006,0.0,0.0,-0.007200000000000006,20.0,23.0,False,"(3, 1)",,"(2, 3)",onion,"(0, 1):dish;(3, 0):soup('onion', 2, 0)","(3, 0):soup('onion', 2, 0);(4, 1):empty"
64,4,"(0, 0)","(3, 1)","(0, -1)",,"(2, 3)","(1, 0)",onion,"(0, 1):dish;(3, 0):soup('onion', 2, 0)","(3, 0):soup('onion', 2, 0);(4, 1):empty",20.0,23.0,2,"(1, 0)",-0.007200000000000006,0.0,0.0,-0.007200000000000006,20.0,23.0,False,"(3, 1)",,"(3, 3)",onion,"(0, 1):dish;(3, 0):soup('onion', 2, 0)","(3, 0):soup('onion', 2, 0);(4, 1):empty"
65,3,"(-1, 0)","(3, 1)","(0, -1)",,"(3, 3)","(1, 0)",onion,"(0, 1):dish;(3, 0):soup('onion', 2, 0)","(3, 0):soup('onion', 2, 0);(4, 1):empty",20.0,23.0,0,"(0, -1)",-0.007200000000000006,0.0,0.0,-0.007200000000000006,20.0,23.0,False,"(2, 1)",,"(3, 2)",onion,"(0, 1):dish;(3, 0):soup('onion', 2, 0)","(3, 0):soup('onion', 2, 0);(4, 1):empty"
66,3,"(-1, 0)","(2, 1)","(-1, 0)",,"(3, 2)","(0, -1)",onion,"(0, 1):dish;(3, 0):soup('onion', 2, 0)","(3, 0):soup('onion', 2, 0);(4, 1):empty",20.0,23.0,0,"(0, -1)",-0.007200000000000006,0.0,0.0,-0.007200000000000006,20.0,23.0,False,"(1, 1)",,"(3, 1)",onion,"(0, 1):dish;(3, 0):soup('onion', 2, 0)","(3, 0):soup('onion', 2, 0);(4, 1):empty"
67,3,"(-1, 0)","(1, 1)","(-1, 0)",,"(3, 1)","(0, -1)",onion,"(0, 1):dish;(3, 0):soup('onion', 2, 0)","(3, 0):soup('onion', 2, 0);(4, 1):empty",20.0,23.0,5,interact,3.468,0.0,3.0,0.46799999999999997,20.0,26.0,False,"(1, 1)",,"(3, 1)",,"(0, 1):dish;(3, 0):soup('onion', 3, 1)","(3, 0):soup('onion', 3, 1);(4, 1):empty"
68,1,"(0, 1)","(1, 1)","(-1, 0)",,"(3, 1)","(0, -1)",,"(0, 1):dish;(3, 0):soup('onion', 3, 1)","(3, 0):soup('onion', 3, 1);(4, 1):empty",20.0,26.0,1,"(0, 1)",-0.01200000000000001,0.0,0.0,-0.01200000000000001,20.0,26.0,False,"(1, 2)",,"(3, 2)",,"(0, 1):dish;(3, 0):soup('onion', 3, 2)","(3, 0):soup('onion', 3, 2);(4, 1):empty"
69,3,"(-1, 0)","(1, 2)","(0, 1)",,"(3, 2)","(0, 1)",,"(0, 1):dish;(3, 0):soup('onion', 3, 2)","(3, 0):soup('onion', 3, 2);(4, 1):empty",20.0,26.0,1,"(0, 1)",-0.01200000000000001,0.0,0.0,-0.01200000000000001,20.0,26.0,False,"(1, 2)",,"(3, 3)",,"(0, 1):dish;(3, 0):soup('onion', 3, 3)","(3, 0):soup('onion', 3, 3);(4, 1):empty"
70,5,interact,"(1, 2)","(-1, 0)",,"(3, 3)","(0, 1)",,"(0, 1):dish;(3, 0):soup('onion', 3, 3)","(3, 0):soup('onion', 3, 3);(4, 1):empty",20.0,26.0,3,"(-1, 0)",-0.01200000000000001,0.0,0.0,-0.01200000000000001,20.0,26.0,False,"(1, 2)",dish,"(2, 3)",,"(0, 1):dish;(3, 0):soup('onion', 3, 4)","(3, 0):soup('onion', 3, 4);(4, 1):empty"
71,2,"(1, 0)","(1, 2)","(-1, 0)",dish,"(2, 3)","(-1, 0)",,"(0, 1):dish;(3, 0):soup('onion', 3, 4)","(3, 0):soup('onion', 3, 4);(4, 1):empty",20.0,26.0,1,"(0, 1)",-0.01200000000000001,0.0,0.0,-0.01200000000000001,20.0,26.0,False,"(1, 2)",dish,"(2, 3)",,"(0, 1):dish;(3, 0):soup('onion', 3, 5)","(3, 0):soup('onion', 3, 5);(4, 1):empty"
72,0,"(0, -1)","(1, 2)","(1, 0)",dish,"(2, 3)","(0, 1)",,"(0, 1):dish;(3, 0):soup('onion', 3, 5)","(3, 0):soup('onion', 3, 5);(4, 1):empty",20.0,26.0,3,"(-1, 0)",-0.01200000000000001,0.0,0.0,-0.01200000000000001,20.0,26.0,False,"(1, 1)",dish,"(1, 3)",,"(0, 1):dish;(3, 0):soup('onion', 3, 6)","(3, 0):soup('onion', 3, 6);(4, 1):empty"
73,2,"(1, 0)","(1, 1)","(0, -1)",dish,"(1, 3)","(-1, 0)",,"(0, 1):dish;(3, 0):soup('onion', 3, 6)","(3, 0):soup('onion', 3, 6);(4, 1):empty",20.0,26.0,5,interact,-0.01200000000000001,0.0,0.0,-0.01200000000000001,20.0,26.0,False,"(2, 1)",dish,"(1, 3)",onion,"(0, 1):dish;(3, 0):soup('onion', 3, 7)","(3, 0):soup('onion', 3, 7);(4, 1):empty"
74,1,"(0, 1)","(2, 1)","(1, 0)",dish,"(1, 3)","(-1, 0)",onion,"(0, 1):dish;(3, 0):soup('onion', 3, 7)","(3, 0):soup('onion', 3, 7);(4, 1):empty",20.0,26.0,5,interact,-0.01200000000000001,0.0,0.0,-0.01200000000000001,20.0,26.0,False,"(2, 1)",dish,"(1, 3)",onion,"(0, 1):dish;(3, 0):soup('onion', 3, 8)","(3, 0):soup('onion', 3, 8);(4, 1):empty"
75,2,"(1, 0)","(2, 1)","(0, 1)",dish,"(1, 3)","(-1, 0)",onion,"(0, 1):dish;(3, 0):soup('onion', 3, 8)","(3, 0):soup('onion', 3, 8);(4, 1):empty",20.0,26.0,1,"(0, 1)",-0.01200000000000001,0.0,0.0,-0.01200000000000001,20.0,26.0,False,"(3, 1)",dish,"(1, 3)",onion,"(0, 1):dish;(3, 0):soup('onion', 3, 9)","(3, 0):soup('onion', 3, 9);(4, 1):empty"
76,4,"(0, 0)","(3, 1)","(1, 0)",dish,"(1, 3)","(0, 1)",onion,"(0, 1):dish;(3, 0):soup('onion', 3, 9)","(3, 0):soup('onion', 3, 9);(4, 1):empty",20.0,26.0,5,interact,-0.01200000000000001,0.0,0.0,-0.01200000000000001,20.0,26.0,False,"(3, 1)",dish,"(1, 3)",onion,"(0, 1):dish;(3, 0):soup('onion', 3, 10)","(3, 0):soup('onion', 3, 10);(4, 1):empty"
77,4,"(0, 0)","(3, 1)","(1, 0)",dish,"(1, 3)","(0, 1)",onion,"(0, 1):dish;(3, 0):soup('onion', 3, 10)","(3, 0):soup('onion', 3, 10);(4, 1):empty",20.0,26.0,5,interact,-0.01200000000000001,0.0,0.0,-0.01200000000000001,20.0,26.0,False,"(3, 1)",dish,"(1, 3)",onion,"(0, 1):dish;(3, 0):soup('onion', 3, 11)","(3, 0):soup('onion', 3, 11);(4, 1):empty"
78,4,"(0, 0)","(3, 1)","(1, 0)",dish,"(1, 3)","(0, 1)",onion,"(0, 1):dish;(3, 0):soup('onion', 3, 11)","(3, 0):soup('onion', 3, 11);(4, 1):empty",20.0,26.0,5,interact,-0.01200000000000001,0.0,0.0,-0.01200000000000001,20.0,26.0,False,"(3, 1)",dish,"(1, 3)",onion,"(0, 1):dish;(3, 0):soup('onion', 3, 12)","(3, 0):soup('onion', 3, 12);(4, 1):empty"
79,4,"(0, 0)","(3, 1)","(1, 0)",dish,"(1, 3)","(0, 1)",onion,"(0, 1):dish;(3, 0):soup('onion', 3, 12)","(3, 0):soup('onion', 3, 12);(4, 1):empty",20.0,26.0,5,interact,-0.01200000000000001,0.0,0.0,-0.01200000000000001,20.0,26.0,False,"(3, 1)",dish,"(1, 3)",onion,"(0, 1):dish;(3, 0):soup('onion', 3, 13)","(3, 0):soup('onion', 3, 13);(4, 1):empty"
80,4,"(0, 0)","(3, 1)","(1, 0)",dish,"(1, 3)","(0, 1)",onion,"(0, 1):dish;(3, 0):soup('onion', 3, 13)","(3, 0):soup('onion', 3, 13);(4, 1):empty",20.0,26.0,5,interact,-0.01200000000000001,0.0,0.0,-0.01200000000000001,20.0,26.0,False,"(3, 1)",dish,"(1, 3)",onion,"(0, 1):dish;(3, 0):soup('onion', 3, 14)","(3, 0):soup('onion', 3, 14);(4, 1):empty"
81,4,"(0, 0)","(3, 1)","(1, 0)",dish,"(1, 3)","(0, 1)",onion,"(0, 1):dish;(3, 0):soup('onion', 3, 14)","(3, 0):soup('onion', 3, 14);(4, 1):empty",20.0,26.0,5,interact,-0.01200000000000001,0.0,0.0,-0.01200000000000001,20.0,26.0,False,"(3, 1)",dish,"(1, 3)",onion,"(0, 1):dish;(3, 0):soup('onion', 3, 15)","(3, 0):soup('onion', 3, 15);(4, 1):empty"
82,4,"(0, 0)","(3, 1)","(1, 0)",dish,"(1, 3)","(0, 1)",onion,"(0, 1):dish;(3, 0):soup('onion', 3, 15)","(3, 0):soup('onion', 3, 15);(4, 1):empty",20.0,26.0,5,interact,-0.01200000000000001,0.0,0.0,-0.01200000000000001,20.0,26.0,False,"(3, 1)",dish,"(1, 3)",onion,"(0, 1):dish;(3, 0):soup('onion', 3, 16)","(3, 0):soup('onion', 3, 16);(4, 1):empty"
83,4,"(0, 0)","(3, 1)","(1, 0)",dish,"(1, 3)","(0, 1)",onion,"(0, 1):dish;(3, 0):soup('onion', 3, 16)","(3, 0):soup('onion', 3, 16);(4, 1):empty",20.0,26.0,5,interact,-0.01200000000000001,0.0,0.0,-0.01200000000000001,20.0,26.0,False,"(3, 1)",dish,"(1, 3)",onion,"(0, 1):dish;(3, 0):soup('onion', 3, 17)","(3, 0):soup('onion', 3, 17);(4, 1):empty"
84,4,"(0, 0)","(3, 1)","(1, 0)",dish,"(1, 3)","(0, 1)",onion,"(0, 1):dish;(3, 0):soup('onion', 3, 17)","(3, 0):soup('onion', 3, 17);(4, 1):empty",20.0,26.0,5,interact,-0.01200000000000001,0.0,0.0,-0.01200000000000001,20.0,26.0,False,"(3, 1)",dish,"(1, 3)",onion,"(0, 1):dish;(3, 0):soup('onion', 3, 18)","(3, 0):soup('onion', 3, 18);(4, 1):empty"
85,4,"(0, 0)","(3, 1)","(1, 0)",dish,"(1, 3)","(0, 1)",onion,"(0, 1):dish;(3, 0):soup('onion', 3, 18)","(3, 0):soup('onion', 3, 18);(4, 1):empty",20.0,26.0,5,interact,-0.01200000000000001,0.0,0.0,-0.01200000000000001,20.0,26.0,False,"(3, 1)",dish,"(1, 3)",onion,"(0, 1):dish;(3, 0):soup('onion', 3, 19)","(3, 0):soup('onion', 3, 19);(4, 1):empty"
86,4,"(0, 0)","(3, 1)","(1, 0)",dish,"(1, 3)","(0, 1)",onion,"(0, 1):dish;(3, 0):soup('onion', 3, 19)","(3, 0):soup('onion', 3, 19);(4, 1):empty",20.0,26.0,5,interact,0.5819999999999999,0.0,0.0,0.5819999999999999,20.0,26.0,False,"(3, 1)",dish,"(1, 3)",onion,"(0, 1):dish;(3, 0):soup('onion', 3, 20)","(3, 0):soup('onion', 3, 20);(4, 1):empty"
87,0,"(0, -1)","(3, 1)","(1, 0)",dish,"(1, 3)","(0, 1)",onion,"(0, 1):dish;(3, 0):soup('onion', 3, 20)","(3, 0):soup('onion', 3, 20);(4, 1):empty",20.0,26.0,4,"(0, 0)",-0.018000000000000148,0.0,0.0,-0.018000000000000148,20.0,26.0,False,"(3, 1)",dish,"(1, 3)",onion,"(0, 1):dish;(3, 0):soup('onion', 3, 20)","(3, 0):soup('onion', 3, 20);(4, 1):empty"
88,5,interact,"(3, 1)","(0, -1)",dish,"(1, 3)","(0, 1)",onion,"(0, 1):dish;(3, 0):soup('onion', 3, 20)","(3, 0):soup('onion', 3, 20);(4, 1):empty",20.0,26.0,2,"(1, 0)",5.3384,0.0,5.0,0.33840000000000003,20.0,31.0,False,"(3, 1)","soup('onion', 3, 20)","(2, 3)",onion,"(0, 1):dish","(3, 0):empty;(4, 1):empty"
89,3,"(-1, 0)","(3, 1)","(0, -1)","soup('onion', 3, 20)","(2, 3)","(1, 0)",onion,"(0, 1):dish","(3, 0):empty;(4, 1):empty",20.0,31.0,2,"(1, 0)",0.0378000000000001,0.0,0.0,0.0378000000000001,20.0,31.0,False,"(2, 1)","soup('onion', 3, 20)","(3, 3)",onion,"(0, 1):dish","(3, 0):empty;(4, 1):empty"
90,1,"(0, 1)","(2, 1)","(-1, 0)","soup('onion', 3, 20)","(3, 3)","(1, 0)",onion,"(0, 1):dish","(3, 0):empty;(4, 1):empty",20.0,31.0,0,"(0, -1)",-0.022199999999999952,0.0,0.0,-0.022199999999999952,20.0,31.0,False,"(2, 1)","soup('onion', 3, 20)","(3, 2)",onion,"(0, 1):dish","(3, 0):empty;(4, 1):empty"
91,3,"(-1, 0)","(2, 1)","(0, 1)","soup('onion', 3, 20)","(3, 2)","(0, -1)",onion,"(0, 1):dish","(3, 0):empty;(4, 1):empty",20.0,31.0,0,"(0, -1)",-0.08160000000000008,0.0,0.0,-0.08160000000000008,20.0,31.0,False,"(1, 1)","soup('onion', 3, 20)","(3, 1)",onion,"(0, 1):dish","(3, 0):empty;(4, 1):empty"
92,1,"(0, 1)","(1, 1)","(-1, 0)","soup('onion', 3, 20)","(3, 1)","(0, -1)",onion,"(0, 1):dish","(3, 0):empty;(4, 1):empty",20.0,31.0,5,interact,3.3941999999999997,0.0,3.0,0.3941999999999997,20.0,34.0,False,"(1, 2)","soup('onion', 3, 20)","(3, 1)",,"(0, 1):dish;(3, 0):soup('onion', 1, 0)","(3, 0):soup('onion', 1, 0);(4, 1):empty"
93,1,"(0, 1)","(1, 2)","(0, 1)","soup('onion', 3, 20)","(3, 1)","(0, -1)",,"(0, 1):dish;(3, 0):soup('onion', 1, 0)","(3, 0):soup('onion', 1, 0);(4, 1):empty",20.0,34.0,5,interact,0.033600000000000026,0.0,0.0,0.033600000000000026,20.0,34.0,False,"(1, 3)","soup('onion', 3, 20)","(3, 1)",,"(0, 1):dish;(3, 0):soup('onion', 1, 0)","(3, 0):soup('onion', 1, 0);(4, 1):empty"
94,2,"(1, 0)","(1, 3)","(0, 1)","soup('onion', 3, 20)","(3, 1)","(0, -1)",,"(0, 1):dish;(3, 0):soup('onion', 1, 0)","(3, 0):soup('onion', 1, 0);(4, 1):empty",20.0,34.0,3,"(-1, 0)",-0.002639999999999709,0.0,0.0,-0.002639999999999709,20.0,34.0,False,"(2, 3)","soup('onion', 3, 20)","(2, 1)",,"(0, 1):dish;(3, 0):soup('onion', 1, 0)","(3, 0):soup('onion', 1, 0);(4, 1):empty"
95,1,"(0, 1)","(2, 3)","(1, 0)","soup('onion', 3, 20)","(2, 1)","(-1, 0)",,"(0, 1):dish;(3, 0):soup('onion', 1, 0)","(3, 0):soup('onion', 1, 0);(4, 1):empty",20.0,34.0,3,"(-1, 0)",-0.062280000000000335,0.0,0.0,-0.062280000000000335,20.0,34.0,False,"(2, 3)","soup('onion', 3, 20)","(1, 1)",,"(0, 1):dish;(3, 0):soup('onion', 1, 0)","(3, 0):soup('onion', 1, 0);(4, 1):empty"
96,5,interact,"(2, 3)","(0, 1)","soup('onion', 3, 20)","(1, 1)","(-1, 0)",,"(0, 1):dish;(3, 0):soup('onion', 1, 0)","(3, 0):soup('onion', 1, 0);(4, 1):empty",20.0,34.0,0,"(0, -1)",17.7284,20.0,0.0,-2.2716,40.0,34.0,True,"(2, 3)",,"(1, 1)",,"(0, 1):dish;(3, 0):soup('onion', 1, 0)","(3, 0):soup('onion', 1, 0);(4, 1):empty"
97,3,"(-1, 0)","(2, 3)","(0, 1)",,"(1, 1)","(0, -1)",,"(0, 1):dish;(3, 0):soup('onion', 1, 0)","(3, 0):soup('onion', 1, 0);(4, 1):empty",40.0,34.0,0,"(0, -1)",-0.003600000000000003,0.0,0.0,-0.003600000000000003,40.0,34.0,False,"(1, 3)",,"(1, 1)",,"(0, 1):dish;(3, 0):soup('onion', 1, 0)","(3, 0):soup('onion', 1, 0);(4, 1):empty"
98,5,interact,"(1, 3)","(-1, 0)",,"(1, 1)","(0, -1)",,"(0, 1):dish;(3, 0):soup('onion', 1, 0)","(3, 0):soup('onion', 1, 0);(4, 1):empty",40.0,34.0,1,"(0, 1)",-0.003600000000000003,0.0,0.0,-0.003600000000000003,40.0,34.0,False,"(1, 3)",onion,"(1, 2)",,"(0, 1):dish;(3, 0):soup('onion', 1, 0)","(3, 0):soup('onion', 1, 0);(4, 1):empty"
99,2,"(1, 0)","(1, 3)","(-1, 0)",onion,"(1, 2)","(0, 1)",,"(0, 1):dish;(3, 0):soup('onion', 1, 0)","(3, 0):soup('onion', 1, 0);(4, 1):empty",40.0,34.0,1,"(0, 1)",-0.003600000000000003,0.0,0.0,-0.003600000000000003,40.0,34.0,False,"(2, 3)",onion,"(1, 3)",,"(0, 1):dish;(3, 0):soup('onion', 1, 0)","(3, 0):soup('onion', 1, 0);(4, 1):empty"
100,2,"(1, 0)","(2, 3)","(1, 0)",onion,"(1, 3)","(0, 1)",,"(0, 1):dish;(3, 0):soup('onion', 1, 0)","(3, 0):soup('onion', 1, 0);(4, 1):empty",40.0,34.0,5,interact,-0.003600000000000003,0.0,0.0,-0.003600000000000003,40.0,34.0,False,"(3, 3)",onion,"(1, 3)",onion,"(0, 1):dish;(3, 0):soup('onion', 1, 0)","(3, 0):soup('onion', 1, 0);(4, 1):empty"
101,0,"(0, -1)","(3, 3)","(1, 0)",onion,"(1, 3)","(0, 1)",onion,"(0, 1):dish;(3, 0):soup('onion', 1, 0)","(3, 0):soup('onion', 1, 0);(4, 1):empty",40.0,34.0,5,interact,-0.003600000000000003,0.0,0.0,-0.003600000000000003,40.0,34.0,False,"(3, 2)",onion,"(1, 3)",onion,"(0, 1):dish;(3, 0):soup('onion', 1, 0)","(3, 0):soup('onion', 1, 0);(4, 1):empty"
102,0,"(0, -1)","(3, 2)","(0, -1)",onion,"(1, 3)","(0, 1)",onion,"(0, 1):dish;(3, 0):soup('onion', 1, 0)","(3, 0):soup('onion', 1, 0);(4, 1):empty",40.0,34.0,5,interact,-0.003600000000000003,0.0,0.0,-0.003600000000000003,40.0,34.0,False,"(3, 1)",onion,"(1, 3)",onion,"(0, 1):dish;(3, 0):soup('onion', 1, 0)","(3, 0):soup('onion', 1, 0);(4, 1):empty"
103,5,interact,"(3, 1)","(0, -1)",onion,"(1, 3)","(0, 1)",onion,"(0, 1):dish;(3, 0):soup('onion', 1, 0)","(3, 0):soup('onion', 1, 0);(4, 1):empty",40.0,34.0,5,interact,3.3528,0.0,3.0,0.35279999999999995,40.0,37.0,False,"(3, 1)",,"(1, 3)",onion,"(0, 1):dish;(3, 0):soup('onion', 2, 0)","(3, 0):soup('onion', 2, 0);(4, 1):empty"
104,0,"(0, -1)","(3, 1)","(0, -1)",,"(1, 3)","(0, 1)",onion,"(0, 1):dish;(3, 0):soup('onion', 2, 0)","(3, 0):soup('onion', 2, 0);(4, 1):empty",40.0,37.0,2,"(1, 0)",-0.007200000000000006,0.0,0.0,-0.007200000000000006,40.0,37.0,False,"(3, 1)",,"(2, 3)",onion,"(0, 1):dish;(3, 0):soup('onion', 2, 0)","(3, 0):soup('onion', 2, 0);(4, 1):empty"
105,4,"(0, 0)","(3, 1)","(0, -1)",,"(2, 3)","(1, 0)",onion,"(0, 1):dish;(3, 0):soup('onion', 2, 0)","(3, 0):soup('onion', 2, 0);(4, 1):empty",40.0,37.0,2,"(1, 0)",-0.007200000000000006,0.0,0.0,-0.007200000000000006,40.0,37.0,False,"(3, 1)",,"(3, 3)",onion,"(0, 1):dish;(3, 0):soup('onion', 2, 0)","(3, 0):soup('onion', 2, 0);(4, 1):empty"
106,3,"(-1, 0)","(3, 1)","(0, -1)",,"(3, 3)","(1, 0)",onion,"(0, 1):dish;(3, 0):soup('onion', 2, 0)","(3, 0):soup('onion', 2, 0);(4, 1):empty",40.0,37.0,0,"(0, -1)",-0.007200000000000006,0.0,0.0,-0.007200000000000006,40.0,37.0,False,"(2, 1)",,"(3, 2)",onion,"(0, 1):dish;(3, 0):soup('onion', 2, 0)","(3, 0):soup('onion', 2, 0);(4, 1):empty"
107,3,"(-1, 0)","(2, 1)","(-1, 0)",,"(3, 2)","(0, -1)",onion,"(0, 1):dish;(3, 0):soup('onion', 2, 0)","(3, 0):soup('onion', 2, 0);(4, 1):empty",40.0,37.0,0,"(0, -1)",-0.007200000000000006,0.0,0.0,-0.007200000000000006,40.0,37.0,False,"(1, 1)",,"(3, 1)",onion,"(0, 1):dish;(3, 0):soup('onion', 2, 0)","(3, 0):soup('onion', 2, 0);(4, 1):empty"
108,3,"(-1, 0)","(1, 1)","(-1, 0)",,"(3, 1)","(0, -1)",onion,"(0, 1):dish;(3, 0):soup('onion', 2, 0)","(3, 0):soup('onion', 2, 0);(4, 1):empty",40.0,37.0,5,interact,3.468,0.0,3.0,0.46799999999999997,40.0,40.0,False,"(1, 1)",,"(3, 1)",,"(0, 1):dish;(3, 0):soup('onion', 3, 1)","(3, 0):soup('onion', 3, 1);(4, 1):empty"
109,1,"(0, 1)","(1, 1)","(-1, 0)",,"(3, 1)","(0, -1)",,"(0, 1):dish;(3, 0):soup('onion', 3, 1)","(3, 0):soup('onion', 3, 1);(4, 1):empty",40.0,40.0,1,"(0, 1)",-0.01200000000000001,0.0,0.0,-0.01200000000000001,40.0,40.0,False,"(1, 2)",,"(3, 2)",,"(0, 1):dish;(3, 0):soup('onion', 3, 2)","(3, 0):soup('onion', 3, 2);(4, 1):empty"
110,3,"(-1, 0)","(1, 2)","(0, 1)",,"(3, 2)","(0, 1)",,"(0, 1):dish;(3, 0):soup('onion', 3, 2)","(3, 0):soup('onion', 3, 2);(4, 1):empty",40.0,40.0,1,"(0, 1)",-0.01200000000000001,0.0,0.0,-0.01200000000000001,40.0,40.0,False,"(1, 2)",,"(3, 3)",,"(0, 1):dish;(3, 0):soup('onion', 3, 3)","(3, 0):soup('onion', 3, 3);(4, 1):empty"
111,5,interact,"(1, 2)","(-1, 0)",,"(3, 3)","(0, 1)",,"(0, 1):dish;(3, 0):soup('onion', 3, 3)","(3, 0):soup('onion', 3, 3);(4, 1):empty",40.0,40.0,3,"(-1, 0)",-0.01200000000000001,0.0,0.0,-0.01200000000000001,40.0,40.0,False,"(1, 2)",dish,"(2, 3)",,"(0, 1):dish;(3, 0):soup('onion', 3, 4)","(3, 0):soup('onion', 3, 4);(4, 1):empty"
112,2,"(1, 0)","(1, 2)","(-1, 0)",dish,"(2, 3)","(-1, 0)",,"(0, 1):dish;(3, 0):soup('onion', 3, 4)","(3, 0):soup('onion', 3, 4);(4, 1):empty",40.0,40.0,1,"(0, 1)",-0.01200000000000001,0.0,0.0,-0.01200000000000001,40.0,40.0,False,"(1, 2)",dish,"(2, 3)",,"(0, 1):dish;(3, 0):soup('onion', 3, 5)","(3, 0):soup('onion', 3, 5);(4, 1):empty"
113,0,"(0, -1)","(1, 2)","(1, 0)",dish,"(2, 3)","(0, 1)",,"(0, 1):dish;(3, 0):soup('onion', 3, 5)","(3, 0):soup('onion', 3, 5);(4, 1):empty",40.0,40.0,3,"(-1, 0)",-0.01200000000000001,0.0,0.0,-0.01200000000000001,40.0,40.0,False,"(1, 1)",dish,"(1, 3)",,"(0, 1):dish;(3, 0):soup('onion', 3, 6)","(3, 0):soup('onion', 3, 6);(4, 1):empty"
114,2,"(1, 0)","(1, 1)","(0, -1)",dish,"(1, 3)","(-1, 0)",,"(0, 1):dish;(3, 0):soup('onion', 3, 6)","(3, 0):soup('onion', 3, 6);(4, 1):empty",40.0,40.0,5,interact,-0.01200000000000001,0.0,0.0,-0.01200000000000001,40.0,40.0,False,"(2, 1)",dish,"(1, 3)",onion,"(0, 1):dish;(3, 0):soup('onion', 3, 7)","(3, 0):soup('onion', 3, 7);(4, 1):empty"
115,1,"(0, 1)","(2, 1)","(1, 0)",dish,"(1, 3)","(-1, 0)",onion,"(0, 1):dish;(3, 0):soup('onion', 3, 7)","(3, 0):soup('onion', 3, 7);(4, 1):empty",40.0,40.0,5,interact,-0.01200000000000001,0.0,0.0,-0.01200000000000001,40.0,40.0,False,"(2, 1)",dish,"(1, 3)",onion,"(0, 1):dish;(3, 0):soup('onion', 3, 8)","(3, 0):soup('onion', 3, 8);(4, 1):empty"
116,2,"(1, 0)","(2, 1)","(0, 1)",dish,"(1, 3)","(-1, 0)",onion,"(0, 1):dish;(3, 0):soup('onion', 3, 8)","(3, 0):soup('onion', 3, 8);(4, 1):empty",40.0,40.0,1,"(0, 1)",-0.01200000000000001,0.0,0.0,-0.01200000000000001,40.0,40.0,False,"(3, 1)",dish,"(1, 3)",onion,"(0, 1):dish;(3, 0):soup('onion', 3, 9)","(3, 0):soup('onion', 3, 9);(4, 1):empty"
117,4,"(0, 0)","(3, 1)","(1, 0)",dish,"(1, 3)","(0, 1)",onion,"(0, 1):dish;(3, 0):soup('onion', 3, 9)","(3, 0):soup('onion', 3, 9);(4, 1):empty",40.0,40.0,5,interact,-0.01200000000000001,0.0,0.0,-0.01200000000000001,40.0,40.0,False,"(3, 1)",dish,"(1, 3)",onion,"(0, 1):dish;(3, 0):soup('onion', 3, 10)","(3, 0):soup('onion', 3, 10);(4, 1):empty"
118,4,"(0, 0)","(3, 1)","(1, 0)",dish,"(1, 3)","(0, 1)",onion,"(0, 1):dish;(3, 0):soup('onion', 3, 10)","(3, 0):soup('onion', 3, 10);(4, 1):empty",40.0,40.0,5,interact,-0.01200000000000001,0.0,0.0,-0.01200000000000001,40.0,40.0,False,"(3, 1)",dish,"(1, 3)",onion,"(0, 1):dish;(3, 0):soup('onion', 3, 11)","(3, 0):soup('onion', 3, 11);(4, 1):empty"
119,4,"(0, 0)","(3, 1)","(1, 0)",dish,"(1, 3)","(0, 1)",onion,"(0, 1):dish;(3, 0):soup('onion', 3, 11)","(3, 0):soup('onion', 3, 11);(4, 1):empty",40.0,40.0,5,interact,-0.01200000000000001,0.0,0.0,-0.01200000000000001,40.0,40.0,False,"(3, 1)",dish,"(1, 3)",onion,"(0, 1):dish;(3, 0):soup('onion', 3, 12)","(3, 0):soup('onion', 3, 12);(4, 1):empty"
120,4,"(0, 0)","(3, 1)","(1, 0)",dish,"(1, 3)","(0, 1)",onion,"(0, 1):dish;(3, 0):soup('onion', 3, 12)","(3, 0):soup('onion', 3, 12);(4, 1):empty",40.0,40.0,5,interact,-0.01200000000000001,0.0,0.0,-0.01200000000000001,40.0,40.0,False,"(3, 1)",dish,"(1, 3)",onion,"(0, 1):dish;(3, 0):soup('onion', 3, 13)","(3, 0):soup('onion', 3, 13);(4, 1):empty"
121,4,"(0, 0)","(3, 1)","(1, 0)",dish,"(1, 3)","(0, 1)",onion,"(0, 1):dish;(3, 0):soup('onion', 3, 13)","(3, 0):soup('onion', 3, 13);(4, 1):empty",40.0,40.0,5,interact,-0.01200000000000001,0.0,0.0,-0.01200000000000001,40.0,40.0,False,"(3, 1)",dish,"(1, 3)",onion,"(0, 1):dish;(3, 0):soup('onion', 3, 14)","(3, 0):soup('onion', 3, 14);(4, 1):empty"
122,4,"(0, 0)","(3, 1)","(1, 0)",dish,"(1, 3)","(0, 1)",onion,"(0, 1):dish;(3, 0):soup('onion', 3, 14)","(3, 0):soup('onion', 3, 14);(4, 1):empty",40.0,40.0,5,interact,-0.01200000000000001,0.0,0.0,-0.01200000000000001,40.0,40.0,False,"(3, 1)",dish,"(1, 3)",onion,"(0, 1):dish;(3, 0):soup('onion', 3, 15)","(3, 0):soup('onion', 3, 15);(4, 1):empty"
123,4,"(0, 0)","(3, 1)","(1, 0)",dish,"(1, 3)","(0, 1)",onion,"(0, 1):dish;(3, 0):soup('onion', 3, 15)","(3, 0):soup('onion', 3, 15);(4, 1):empty",40.0,40.0,5,interact,-0.01200000000000001,0.0,0.0,-0.01200000000000001,40.0,40.0,False,"(3, 1)",dish,"(1, 3)",onion,"(0, 1):dish;(3, 0):soup('onion', 3, 16)","(3, 0):soup('onion', 3, 16);(4, 1):empty"
124,4,"(0, 0)","(3, 1)","(1, 0)",dish,"(1, 3)","(0, 1)",onion,"(0, 1):dish;(3, 0):soup('onion', 3, 16)","(3, 0):soup('onion', 3, 16);(4, 1):empty",40.0,40.0,5,interact,-0.01200000000000001,0.0,0.0,-0.01200000000000001,40.0,40.0,False,"(3, 1)",dish,"(1, 3)",onion,"(0, 1):dish;(3, 0):soup('onion', 3, 17)","(3, 0):soup('onion', 3, 17);(4, 1):empty"
125,4,"(0, 0)","(3, 1)","(1, 0)",dish,"(1, 3)","(0, 1)",onion,"(0, 1):dish;(3, 0):soup('onion', 3, 17)","(3, 0):soup('onion', 3, 17);(4, 1):empty",40.0,40.0,5,interact,-0.01200000000000001,0.0,0.0,-0.01200000000000001,40.0,40.0,False,"(3, 1)",dish,"(1, 3)",onion,"(0, 1):dish;(3, 0):soup('onion', 3, 18)","(3, 0):soup('onion', 3, 18);(4, 1):empty"
126,4,"(0, 0)","(3, 1)","(1, 0)",dish,"(1, 3)","(0, 1)",onion,"(0, 1):dish;(3, 0):soup('onion', 3, 18)","(3, 0):soup('onion', 3, 18);(4, 1):empty",40.0,40.0,5,interact,-0.01200000000000001,0.0,0.0,-0.01200000000000001,40.0,40.0,False,"(3, 1)",dish,"(1, 3)",onion,"(0, 1):dish;(3, 0):soup('onion', 3, 19)","(3, 0):soup('onion', 3, 19);(4, 1):empty"
127,4,"(0, 0)","(3, 1)","(1, 0)",dish,"(1, 3)","(0, 1)",onion,"(0, 1):dish;(3, 0):soup('onion', 3, 19)","(3, 0):soup('onion', 3, 19);(4, 1):empty",40.0,40.0,5,interact,0.5819999999999999,0.0,0.0,0.5819999999999999,40.0,40.0,False,"(3, 1)",dish,"(1, 3)",onion,"(0, 1):dish;(3, 0):soup('onion', 3, 20)","(3, 0):soup('onion', 3, 20);(4, 1):empty"
128,0,"(0, -1)","(3, 1)","(1, 0)",dish,"(1, 3)","(0, 1)",onion,"(0, 1):dish;(3, 0):soup('onion', 3, 20)","(3, 0):soup('onion', 3, 20);(4, 1):empty",40.0,40.0,4,"(0, 0)",-0.018000000000000148,0.0,0.0,-0.018000000000000148,40.0,40.0,False,"(3, 1)",dish,"(1, 3)",onion,"(0, 1):dish;(3, 0):soup('onion', 3, 20)","(3, 0):soup('onion', 3, 20);(4, 1):empty"
129,5,interact,"(3, 1)","(0, -1)",dish,"(1, 3)","(0, 1)",onion,"(0, 1):dish;(3, 0):soup('onion', 3, 20)","(3, 0):soup('onion', 3, 20);(4, 1):empty",40.0,40.0,2,"(1, 0)",5.3384,0.0,5.0,0.33840000000000003,40.0,45.0,False,"(3, 1)","soup('onion', 3, 20)","(2, 3)",onion,"(0, 1):dish","(3, 0):empty;(4, 1):empty"
130,3,"(-1, 0)","(3, 1)","(0, -1)","soup('onion', 3, 20)","(2, 3)","(1, 0)",onion,"(0, 1):dish","(3, 0):empty;(4, 1):empty",40.0,45.0,2,"(1, 0)",0.0378000000000001,0.0,0.0,0.0378000000000001,40.0,45.0,False,"(2, 1)","soup('onion', 3, 20)","(3, 3)",onion,"(0, 1):dish","(3, 0):empty;(4, 1):empty"
131,1,"(0, 1)","(2, 1)","(-1, 0)","soup('onion', 3, 20)","(3, 3)","(1, 0)",onion,"(0, 1):dish","(3, 0):empty;(4, 1):empty",40.0,45.0,0,"(0, -1)",-0.022199999999999952,0.0,0.0,-0.022199999999999952,40.0,45.0,False,"(2, 1)","soup('onion', 3, 20)","(3, 2)",onion,"(0, 1):dish","(3, 0):empty;(4, 1):empty"
132,3,"(-1, 0)","(2, 1)","(0, 1)","soup('onion', 3, 20)","(3, 2)","(0, -1)",onion,"(0, 1):dish","(3, 0):empty;(4, 1):empty",40.0,45.0,0,"(0, -1)",-0.08160000000000008,0.0,0.0,-0.08160000000000008,40.0,45.0,False,"(1, 1)","soup('onion', 3, 20)","(3, 1)",onion,"(0, 1):dish","(3, 0):empty;(4, 1):empty"
133,1,"(0, 1)","(1, 1)","(-1, 0)","soup('onion', 3, 20)","(3, 1)","(0, -1)",onion,"(0, 1):dish","(3, 0):empty;(4, 1):empty",40.0,45.0,5,interact,3.3941999999999997,0.0,3.0,0.3941999999999997,40.0,48.0,False,"(1, 2)","soup('onion', 3, 20)","(3, 1)",,"(0, 1):dish;(3, 0):soup('onion', 1, 0)","(3, 0):soup('onion', 1, 0);(4, 1):empty"
134,1,"(0, 1)","(1, 2)","(0, 1)","soup('onion', 3, 20)","(3, 1)","(0, -1)",,"(0, 1):dish;(3, 0):soup('onion', 1, 0)","(3, 0):soup('onion', 1, 0);(4, 1):empty",40.0,48.0,5,interact,0.033600000000000026,0.0,0.0,0.033600000000000026,40.0,48.0,False,"(1, 3)","soup('onion', 3, 20)","(3, 1)",,"(0, 1):dish;(3, 0):soup('onion', 1, 0)","(3, 0):soup('onion', 1, 0);(4, 1):empty"
135,2,"(1, 0)","(1, 3)","(0, 1)","soup('onion', 3, 20)","(3, 1)","(0, -1)",,"(0, 1):dish;(3, 0):soup('onion', 1, 0)","(3, 0):soup('onion', 1, 0);(4, 1):empty",40.0,48.0,3,"(-1, 0)",-0.002639999999999709,0.0,0.0,-0.002639999999999709,40.0,48.0,False,"(2, 3)","soup('onion', 3, 20)","(2, 1)",,"(0, 1):dish;(3, 0):soup('onion', 1, 0)","(3, 0):soup('onion', 1, 0);(4, 1):empty"
136,1,"(0, 1)","(2, 3)","(1, 0)","soup('onion', 3, 20)","(2, 1)","(-1, 0)",,"(0, 1):dish;(3, 0):soup('onion', 1, 0)","(3, 0):soup('onion', 1, 0);(4, 1):empty",40.0,48.0,3,"(-1, 0)",-0.062280000000000335,0.0,0.0,-0.062280000000000335,40.0,48.0,False,"(2, 3)","soup('onion', 3, 20)","(1, 1)",,"(0, 1):dish;(3, 0):soup('onion', 1, 0)","(3, 0):soup('onion', 1, 0);(4, 1):empty"
137,5,interact,"(2, 3)","(0, 1)","soup('onion', 3, 20)","(1, 1)","(-1, 0)",,"(0, 1):dish;(3, 0):soup('onion', 1, 0)","(3, 0):soup('onion', 1, 0);(4, 1):empty",40.0,48.0,0,"(0, -1)",17.7284,20.0,0.0,-2.2716,60.0,48.0,True,"(2, 3)",,"(1, 1)",,"(0, 1):dish;(3, 0):soup('onion', 1, 0)","(3, 0):soup('onion', 1, 0);(4, 1):empty"
138,3,"(-1, 0)","(2, 3)","(0, 1)",,"(1, 1)","(0, -1)",,"(0, 1):dish;(3, 0):soup('onion', 1, 0)","(3, 0):soup('onion', 1, 0);(4, 1):empty",60.0,48.0,0,"(0, -1)",-0.003600000000000003,0.0,0.0,-0.003600000000000003,60.0,48.0,False,"(1, 3)",,"(1, 1)",,"(0, 1):dish;(3, 0):soup('onion', 1, 0)","(3, 0):soup('onion', 1, 0);(4, 1):empty"
139,5,interact,"(1, 3)","(-1, 0)",,"(1, 1)","(0, -1)",,"(0, 1):dish;(3, 0):soup('onion', 1, 0)","(3, 0):soup('onion', 1, 0);(4, 1):empty",60.0,48.0,1,"(0, 1)",-0.003600000000000003,0.0,0.0,-0.003600000000000003,60.0,48.0,False,"(1, 3)",onion,"(1, 2)",,"(0, 1):dish;(3, 0):soup('onion', 1, 0)","(3, 0):soup('onion', 1, 0);(4, 1):empty"
140,2,"(1, 0)","(1, 3)","(-1, 0)",onion,"(1, 2)","(0, 1)",,"(0, 1):dish;(3, 0):soup('onion', 1, 0)","(3, 0):soup('onion', 1, 0);(4, 1):empty",60.0,48.0,1,"(0, 1)",-0.003600000000000003,0.0,0.0,-0.003600000000000003,60.0,48.0,False,"(2, 3)",onion,"(1, 3)",,"(0, 1):dish;(3, 0):soup('onion', 1, 0)","(3, 0):soup('onion', 1, 0);(4, 1):empty"
141,2,"(1, 0)","(2, 3)","(1, 0)",onion,"(1, 3)","(0, 1)",,"(0, 1):dish;(3, 0):soup('onion', 1, 0)","(3, 0):soup('onion', 1, 0);(4, 1):empty",60.0,48.0,5,interact,-0.003600000000000003,0.0,0.0,-0.003600000000000003,60.0,48.0,False,"(3, 3)",onion,"(1, 3)",onion,"(0, 1):dish;(3, 0):soup('onion', 1, 0)","(3, 0):soup('onion', 1, 0);(4, 1):empty"
142,0,"(0, -1)","(3, 3)","(1, 0)",onion,"(1, 3)","(0, 1)",onion,"(0, 1):dish;(3, 0):soup('onion', 1, 0)","(3, 0):soup('onion', 1, 0);(4, 1):empty",60.0,48.0,5,interact,-0.003600000000000003,0.0,0.0,-0.003600000000000003,60.0,48.0,False,"(3, 2)",onion,"(1, 3)",onion,"(0, 1):dish;(3, 0):soup('onion', 1, 0)","(3, 0):soup('onion', 1, 0);(4, 1):empty"
143,0,"(0, -1)","(3, 2)","(0, -1)",onion,"(1, 3)","(0, 1)",onion,"(0, 1):dish;(3, 0):soup('onion', 1, 0)","(3, 0):soup('onion', 1, 0);(4, 1):empty",60.0,48.0,5,interact,-0.003600000000000003,0.0,0.0,-0.003600000000000003,60.0,48.0,False,"(3, 1)",onion,"(1, 3)",onion,"(0, 1):dish;(3, 0):soup('onion', 1, 0)","(3, 0):soup('onion', 1, 0);(4, 1):empty"
144,5,interact,"(3, 1)","(0, -1)",onion,"(1, 3)","(0, 1)",onion,"(0, 1):dish;(3, 0):soup('onion', 1, 0)","(3, 0):soup('onion', 1, 0);(4, 1):empty",60.0,48.0,5,interact,3.3528,0.0,3.0,0.35279999999999995,60.0,51.0,False,"(3, 1)",,"(1, 3)",onion,"(0, 1):dish;(3, 0):soup('onion', 2, 0)","(3, 0):soup('onion', 2, 0);(4, 1):empty"
145,0,"(0, -1)","(3, 1)","(0, -1)",,"(1, 3)","(0, 1)",onion,"(0, 1):dish;(3, 0):soup('onion', 2, 0)","(3, 0):soup('onion', 2, 0);(4, 1):empty",60.0,51.0,2,"(1, 0)",-0.007200000000000006,0.0,0.0,-0.007200000000000006,60.0,51.0,False,"(3, 1)",,"(2, 3)",onion,"(0, 1):dish;(3, 0):soup('onion', 2, 0)","(3, 0):soup('onion', 2, 0);(4, 1):empty"
146,4,"(0, 0)","(3, 1)","(0, -1)",,"(2, 3)","(1, 0)",onion,"(0, 1):dish;(3, 0):soup('onion', 2, 0)","(3, 0):soup('onion', 2, 0);(4, 1):empty",60.0,51.0,2,"(1, 0)",-0.007200000000000006,0.0,0.0,-0.007200000000000006,60.0,51.0,False,"(3, 1)",,"(3, 3)",onion,"(0, 1):dish;(3, 0):soup('onion', 2, 0)","(3, 0):soup('onion', 2, 0);(4, 1):empty"
147,3,"(-1, 0)","(3, 1)","(0, -1)",,"(3, 3)","(1, 0)",onion,"(0, 1):dish;(3, 0):soup('onion', 2, 0)","(3, 0):soup('onion', 2, 0);(4, 1):empty",60.0,51.0,0,"(0, -1)",-0.007200000000000006,0.0,0.0,-0.007200000000000006,60.0,51.0,False,"(2, 1)",,"(3, 2)",onion,"(0, 1):dish;(3, 0):soup('onion', 2, 0)","(3, 0):soup('onion', 2, 0);(4, 1):empty"
148,3,"(-1, 0)","(2, 1)","(-1, 0)",,"(3, 2)","(0, -1)",onion,"(0, 1):dish;(3, 0):soup('onion', 2, 0)","(3, 0):soup('onion', 2, 0);(4, 1):empty",60.0,51.0,0,"(0, -1)",-0.007200000000000006,0.0,0.0,-0.007200000000000006,60.0,51.0,False,"(1, 1)",,"(3, 1)",onion,"(0, 1):dish;(3, 0):soup('onion', 2, 0)","(3, 0):soup('onion', 2, 0);(4, 1):empty"
149,3,"(-1, 0)","(1, 1)","(-1, 0)",,"(3, 1)","(0, -1)",onion,"(0, 1):dish;(3, 0):soup('onion', 2, 0)","(3, 0):soup('onion', 2, 0);(4, 1):empty",60.0,51.0,5,interact,3.468,0.0,3.0,0.46799999999999997,60.0,54.0,False,"(1, 1)",,"(3, 1)",,"(0, 1):dish;(3, 0):soup('onion', 3, 1)","(3, 0):soup('onion', 3, 1);(4, 1):empty"
150,1,"(0, 1)","(1, 1)","(-1, 0)",,"(3, 1)","(0, -1)",,"(0, 1):dish;(3, 0):soup('onion', 3, 1)","(3, 0):soup('onion', 3, 1);(4, 1):empty",60.0,54.0,1,"(0, 1)",-0.01200000000000001,0.0,0.0,-0.01200000000000001,60.0,54.0,False,"(1, 2)",,"(3, 2)",,"(0, 1):dish;(3, 0):soup('onion', 3, 2)","(3, 0):soup('onion', 3, 2);(4, 1):empty"
151,3,"(-1, 0)","(1, 2)","(0, 1)",,"(3, 2)","(0, 1)",,"(0, 1):dish;(3, 0):soup('onion', 3, 2)","(3, 0):soup('onion', 3, 2);(4, 1):empty",60.0,54.0,1,"(0, 1)",-0.01200000000000001,0.0,0.0,-0.01200000000000001,60.0,54.0,False,"(1, 2)",,"(3, 3)",,"(0, 1):dish;(3, 0):soup('onion', 3, 3)","(3, 0):soup('onion', 3, 3);(4, 1):empty"
152,5,interact,"(1, 2)","(-1, 0)",,"(3, 3)","(0, 1)",,"(0, 1):dish;(3, 0):soup('onion', 3, 3)","(3, 0):soup('onion', 3, 3);(4, 1):empty",60.0,54.0,3,"(-1, 0)",-0.01200000000000001,0.0,0.0,-0.01200000000000001,60.0,54.0,False,"(1, 2)",dish,"(2, 3)",,"(0, 1):dish;(3, 0):soup('onion', 3, 4)","(3, 0):soup('onion', 3, 4);(4, 1):empty"
153,2,"(1, 0)","(1, 2)","(-1, 0)",dish,"(2, 3)","(-1, 0)",,"(0, 1):dish;(3, 0):soup('onion', 3, 4)","(3, 0):soup('onion', 3, 4);(4, 1):empty",60.0,54.0,1,"(0, 1)",-0.01200000000000001,0.0,0.0,-0.01200000000000001,60.0,54.0,False,"(1, 2)",dish,"(2, 3)",,"(0, 1):dish;(3, 0):soup('onion', 3, 5)","(3, 0):soup('onion', 3, 5);(4, 1):empty"
154,0,"(0, -1)","(1, 2)","(1, 0)",dish,"(2, 3)","(0, 1)",,"(0, 1):dish;(3, 0):soup('onion', 3, 5)","(3, 0):soup('onion', 3, 5);(4, 1):empty",60.0,54.0,3,"(-1, 0)",-0.01200000000000001,0.0,0.0,-0.01200000000000001,60.0,54.0,False,"(1, 1)",dish,"(1, 3)",,"(0, 1):dish;(3, 0):soup('onion', 3, 6)","(3, 0):soup('onion', 3, 6);(4, 1):empty"
155,2,"(1, 0)","(1, 1)","(0, -1)",dish,"(1, 3)","(-1, 0)",,"(0, 1):dish;(3, 0):soup('onion', 3, 6)","(3, 0):soup('onion', 3, 6);(4, 1):empty",60.0,54.0,5,interact,-0.01200000000000001,0.0,0.0,-0.01200000000000001,60.0,54.0,False,"(2, 1)",dish,"(1, 3)",onion,"(0, 1):dish;(3, 0):soup('onion', 3, 7)","(3, 0):soup('onion', 3, 7);(4, 1):empty"
156,1,"(0, 1)","(2, 1)","(1, 0)",dish,"(1, 3)","(-1, 0)",onion,"(0, 1):dish;(3, 0):soup('onion', 3, 7)","(3, 0):soup('onion', 3, 7);(4, 1):empty",60.0,54.0,5,interact,-0.01200000000000001,0.0,0.0,-0.01200000000000001,60.0,54.0,False,"(2, 1)",dish,"(1, 3)",onion,"(0, 1):dish;(3, 0):soup('onion', 3, 8)","(3, 0):soup('onion', 3, 8);(4, 1):empty"
157,2,"(1, 0)","(2, 1)","(0, 1)",dish,"(1, 3)","(-1, 0)",onion,"(0, 1):dish;(3, 0):soup('onion', 3, 8)","(3, 0):soup('onion', 3, 8);(4, 1):empty",60.0,54.0,1,"(0, 1)",-0.01200000000000001,0.0,0.0,-0.01200000000000001,60.0,54.0,False,"(3, 1)",dish,"(1, 3)",onion,"(0, 1):dish;(3, 0):soup('onion', 3, 9)","(3, 0):soup('onion', 3, 9);(4, 1):empty"
158,4,"(0, 0)","(3, 1)","(1, 0)",dish,"(1, 3)","(0, 1)",onion,"(0, 1):dish;(3, 0):soup('onion', 3, 9)","(3, 0):soup('onion', 3, 9);(4, 1):empty",60.0,54.0,5,interact,-0.01200000000000001,0.0,0.0,-0.01200000000000001,60.0,54.0,False,"(3, 1)",dish,"(1, 3)",onion,"(0, 1):dish;(3, 0):soup('onion', 3, 10)","(3, 0):soup('onion', 3, 10);(4, 1):empty"
159,4,"(0, 0)","(3, 1)","(1, 0)",dish,"(1, 3)","(0, 1)",onion,"(0, 1):dish;(3, 0):soup('onion', 3, 10)","(3, 0):soup('onion', 3, 10);(4, 1):empty",60.0,54.0,5,interact,-0.01200000000000001,0.0,0.0,-0.01200000000000001,60.0,54.0,False,"(3, 1)",dish,"(1, 3)",onion,"(0, 1):dish;(3, 0):soup('onion', 3, 11)","(3, 0):soup('onion', 3, 11);(4, 1):empty"
160,4,"(0, 0)","(3, 1)","(1, 0)",dish,"(1, 3)","(0, 1)",onion,"(0, 1):dish;(3, 0):soup('onion', 3, 11)","(3, 0):soup('onion', 3, 11);(4, 1):empty",60.0,54.0,5,interact,-0.01200000000000001,0.0,0.0,-0.01200000000000001,60.0,54.0,False,"(3, 1)",dish,"(1, 3)",onion,"(0, 1):dish;(3, 0):soup('onion', 3, 12)","(3, 0):soup('onion', 3, 12);(4, 1):empty"
161,4,"(0, 0)","(3, 1)","(1, 0)",dish,"(1, 3)","(0, 1)",onion,"(0, 1):dish;(3, 0):soup('onion', 3, 12)","(3, 0):soup('onion', 3, 12);(4, 1):empty",60.0,54.0,5,interact,-0.01200000000000001,0.0,0.0,-0.01200000000000001,60.0,54.0,False,"(3, 1)",dish,"(1, 3)",onion,"(0, 1):dish;(3, 0):soup('onion', 3, 13)","(3, 0):soup('onion', 3, 13);(4, 1):empty"
162,4,"(0, 0)","(3, 1)","(1, 0)",dish,"(1, 3)","(0, 1)",onion,"(0, 1):dish;(3, 0):soup('onion', 3, 13)","(3, 0):soup('onion', 3, 13);(4, 1):empty",60.0,54.0,5,interact,-0.01200000000000001,0.0,0.0,-0.01200000000000001,60.0,54.0,False,"(3, 1)",dish,"(1, 3)",onion,"(0, 1):dish;(3, 0):soup('onion', 3, 14)","(3, 0):soup('onion', 3, 14);(4, 1):empty"
163,4,"(0, 0)","(3, 1)","(1, 0)",dish,"(1, 3)","(0, 1)",onion,"(0, 1):dish;(3, 0):soup('onion', 3, 14)","(3, 0):soup('onion', 3, 14);(4, 1):empty",60.0,54.0,5,interact,-0.01200000000000001,0.0,0.0,-0.01200000000000001,60.0,54.0,False,"(3, 1)",dish,"(1, 3)",onion,"(0, 1):dish;(3, 0):soup('onion', 3, 15)","(3, 0):soup('onion', 3, 15);(4, 1):empty"
164,4,"(0, 0)","(3, 1)","(1, 0)",dish,"(1, 3)","(0, 1)",onion,"(0, 1):dish;(3, 0):soup('onion', 3, 15)","(3, 0):soup('onion', 3, 15);(4, 1):empty",60.0,54.0,5,interact,-0.01200000000000001,0.0,0.0,-0.01200000000000001,60.0,54.0,False,"(3, 1)",dish,"(1, 3)",onion,"(0, 1):dish;(3, 0):soup('onion', 3, 16)","(3, 0):soup('onion', 3, 16);(4, 1):empty"
165,4,"(0, 0)","(3, 1)","(1, 0)",dish,"(1, 3)","(0, 1)",onion,"(0, 1):dish;(3, 0):soup('onion', 3, 16)","(3, 0):soup('onion', 3, 16);(4, 1):empty",60.0,54.0,5,interact,-0.01200000000000001,0.0,0.0,-0.01200000000000001,60.0,54.0,False,"(3, 1)",dish,"(1, 3)",onion,"(0, 1):dish;(3, 0):soup('onion', 3, 17)","(3, 0):soup('onion', 3, 17);(4, 1):empty"
166,4,"(0, 0)","(3, 1)","(1, 0)",dish,"(1, 3)","(0, 1)",onion,"(0, 1):dish;(3, 0):soup('onion', 3, 17)","(3, 0):soup('onion', 3, 17);(4, 1):empty",60.0,54.0,5,interact,-0.01200000000000001,0.0,0.0,-0.01200000000000001,60.0,54.0,False,"(3, 1)",dish,"(1, 3)",onion,"(0, 1):dish;(3, 0):soup('onion', 3, 18)","(3, 0):soup('onion', 3, 18);(4, 1):empty"
167,4,"(0, 0)","(3, 1)","(1, 0)",dish,"(1, 3)","(0, 1)",onion,"(0, 1):dish;(3, 0):soup('onion', 3, 18)","(3, 0):soup('onion', 3, 18);(4, 1):empty",60.0,54.0,5,interact,-0.01200000000000001,0.0,0.0,-0.01200000000000001,60.0,54.0,False,"(3, 1)",dish,"(1, 3)",onion,"(0, 1):dish;(3, 0):soup('onion', 3, 19)","(3, 0):soup('onion', 3, 19);(4, 1):empty"
168,4,"(0, 0)","(3, 1)","(1, 0)",dish,"(1, 3)","(0, 1)",onion,"(0, 1):dish;(3, 0):soup('onion', 3, 19)","(3, 0):soup('onion', 3, 19);(4, 1):empty",60.0,54.0,5,interact,0.5819999999999999,0.0,0.0,0.5819999999999999,60.0,54.0,False,"(3, 1)",dish,"(1, 3)",onion,"(0, 1):dish;(3, 0):soup('onion', 3, 20)","(3, 0):soup('onion', 3, 20);(4, 1):empty"
169,0,"(0, -1)","(3, 1)","(1, 0)",dish,"(1, 3)","(0, 1)",onion,"(0, 1):dish;(3, 0):soup('onion', 3, 20)","(3, 0):soup('onion', 3, 20);(4, 1):empty",60.0,54.0,4,"(0, 0)",-0.018000000000000148,0.0,0.0,-0.018000000000000148,60.0,54.0,False,"(3, 1)",dish,"(1, 3)",onion,"(0, 1):dish;(3, 0):soup('onion', 3, 20)","(3, 0):soup('onion', 3, 20);(4, 1):empty"
170,5,interact,"(3, 1)","(0, -1)",dish,"(1, 3)","(0, 1)",onion,"(0, 1):dish;(3, 0):soup('onion', 3, 20)","(3, 0):soup('onion', 3, 20);(4, 1):empty",60.0,54.0,2,"(1, 0)",5.3384,0.0,5.0,0.33840000000000003,60.0,59.0,False,"(3, 1)","soup('onion', 3, 20)","(2, 3)",onion,"(0, 1):dish","(3, 0):empty;(4, 1):empty"
171,3,"(-1, 0)","(3, 1)","(0, -1)","soup('onion', 3, 20)","(2, 3)","(1, 0)",onion,"(0, 1):dish","(3, 0):empty;(4, 1):empty",60.0,59.0,2,"(1, 0)",0.0378000000000001,0.0,0.0,0.0378000000000001,60.0,59.0,False,"(2, 1)","soup('onion', 3, 20)","(3, 3)",onion,"(0, 1):dish","(3, 0):empty;(4, 1):empty"
172,1,"(0, 1)","(2, 1)","(-1, 0)","soup('onion', 3, 20)","(3, 3)","(1, 0)",onion,"(0, 1):dish","(3, 0):empty;(4, 1):empty",60.0,59.0,0,"(0, -1)",-0.022199999999999952,0.0,0.0,-0.022199999999999952,60.0,59.0,False,"(2, 1)","soup('onion', 3, 20)","(3, 2)",onion,"(0, 1):dish","(3, 0):empty;(4, 1):empty"
173,3,"(-1, 0)","(2, 1)","(0, 1)","soup('onion', 3, 20)","(3, 2)","(0, -1)",onion,"(0, 1):dish","(3, 0):empty;(4, 1):empty",60.0,59.0,0,"(0, -1)",-0.08160000000000008,0.0,0.0,-0.08160000000000008,60.0,59.0,False,"(1, 1)","soup('onion', 3, 20)","(3, 1)",onion,"(0, 1):dish","(3, 0):empty;(4, 1):empty"
174,1,"(0, 1)","(1, 1)","(-1, 0)","soup('onion', 3, 20)","(3, 1)","(0, -1)",onion,"(0, 1):dish","(3, 0):empty;(4, 1):empty",60.0,59.0,5,interact,3.3941999999999997,0.0,3.0,0.3941999999999997,60.0,62.0,False,"(1, 2)","soup('onion', 3, 20)","(3, 1)",,"(0, 1):dish;(3, 0):soup('onion', 1, 0)","(3, 0):soup('onion', 1, 0);(4, 1):empty"
175,1,"(0, 1)","(1, 2)","(0, 1)","soup('onion', 3, 20)","(3, 1)","(0, -1)",,"(0, 1):dish;(3, 0):soup('onion', 1, 0)","(3, 0):soup('onion', 1, 0);(4, 1):empty",60.0,62.0,5,interact,0.033600000000000026,0.0,0.0,0.033600000000000026,60.0,62.0,False,"(1, 3)","soup('onion', 3, 20)","(3, 1)",,"(0, 1):dish;(3, 0):soup('onion', 1, 0)","(3, 0):soup('onion', 1, 0);(4, 1):empty"
176,2,"(1, 0)","(1, 3)","(0, 1)","soup('onion', 3, 20)","(3, 1)","(0, -1)",,"(0, 1):dish;(3, 0):soup('onion', 1, 0)","(3, 0):soup('onion', 1, 0);(4, 1):empty",60.0,62.0,3,"(-1, 0)",-0.002639999999999709,0.0,0.0,-0.002639999999999709,60.0,62.0,False,"(2, 3)","soup('onion', 3, 20)","(2, 1)",,"(0, 1):dish;(3, 0):soup('onion', 1, 0)","(3, 0):soup('onion', 1, 0);(4, 1):empty"
177,1,"(0, 1)","(2, 3)","(1, 0)","soup('onion', 3, 20)","(2, 1)","(-1, 0)",,"(0, 1):dish;(3, 0):soup('onion', 1, 0)","(3, 0):soup('onion', 1, 0);(4, 1):empty",60.0,62.0,3,"(-1, 0)",-0.062280000000000335,0.0,0.0,-0.062280000000000335,60.0,62.0,False,"(2, 3)","soup('onion', 3, 20)","(1, 1)",,"(0, 1):dish;(3, 0):soup('onion', 1, 0)","(3, 0):soup('onion', 1, 0);(4, 1):empty"
178,5,interact,"(2, 3)","(0, 1)","soup('onion', 3, 20)","(1, 1)","(-1, 0)",,"(0, 1):dish;(3, 0):soup('onion', 1, 0)","(3, 0):soup('onion', 1, 0);(4, 1):empty",60.0,62.0,0,"(0, -1)",17.7284,20.0,0.0,-2.2716,80.0,62.0,True,"(2, 3)",,"(1, 1)",,"(0, 1):dish;(3, 0):soup('onion', 1, 0)","(3, 0):soup('onion', 1, 0);(4, 1):empty"
179,3,"(-1, 0)","(2, 3)","(0, 1)",,"(1, 1)","(0, -1)",,"(0, 1):dish;(3, 0):soup('onion', 1, 0)","(3, 0):soup('onion', 1, 0);(4, 1):empty",80.0,62.0,0,"(0, -1)",-0.003600000000000003,0.0,0.0,-0.003600000000000003,80.0,62.0,False,"(1, 3)",,"(1, 1)",,"(0, 1):dish;(3, 0):soup('onion', 1, 0)","(3, 0):soup('onion', 1, 0);(4, 1):empty"
180,5,interact,"(1, 3)","(-1, 0)",,"(1, 1)","(0, -1)",,"(0, 1):dish;(3, 0):soup('onion', 1, 0)","(3, 0):soup('onion', 1, 0);(4, 1):empty",80.0,62.0,1,"(0, 1)",-0.003600000000000003,0.0,0.0,-0.003600000000000003,80.0,62.0,False,"(1, 3)",onion,"(1, 2)",,"(0, 1):dish;(3, 0):soup('onion', 1, 0)","(3, 0):soup('onion', 1, 0);(4, 1):empty"
181,2,"(1, 0)","(1, 3)","(-1, 0)",onion,"(1, 2)","(0, 1)",,"(0, 1):dish;(3, 0):soup('onion', 1, 0)","(3, 0):soup('onion', 1, 0);(4, 1):empty",80.0,62.0,1,"(0, 1)",-0.003600000000000003,0.0,0.0,-0.003600000000000003,80.0,62.0,False,"(2, 3)",onion,"(1, 3)",,"(0, 1):dish;(3, 0):soup('onion', 1, 0)","(3, 0):soup('onion', 1, 0);(4, 1):empty"
182,2,"(1, 0)","(2, 3)","(1, 0)",onion,"(1, 3)","(0, 1)",,"(0, 1):dish;(3, 0):soup('onion', 1, 0)","(3, 0):soup('onion', 1, 0);(4, 1):empty",80.0,62.0,5,interact,-0.003600000000000003,0.0,0.0,-0.003600000000000003,80.0,62.0,False,"(3, 3)",onion,"(1, 3)",onion,"(0, 1):dish;(3, 0):soup('onion', 1, 0)","(3, 0):soup('onion', 1, 0);(4, 1):empty"
183,0,"(0, -1)","(3, 3)","(1, 0)",onion,"(1, 3)","(0, 1)",onion,"(0, 1):dish;(3, 0):soup('onion', 1, 0)","(3, 0):soup('onion', 1, 0);(4, 1):empty",80.0,62.0,5,interact,-0.003600000000000003,0.0,0.0,-0.003600000000000003,80.0,62.0,False,"(3, 2)",onion,"(1, 3)",onion,"(0, 1):dish;(3, 0):soup('onion', 1, 0)","(3, 0):soup('onion', 1, 0);(4, 1):empty"
184,0,"(0, -1)","(3, 2)","(0, -1)",onion,"(1, 3)","(0, 1)",onion,"(0, 1):dish;(3, 0):soup('onion', 1, 0)","(3, 0):soup('onion', 1, 0);(4, 1):empty",80.0,62.0,5,interact,-0.003600000000000003,0.0,0.0,-0.003600000000000003,80.0,62.0,False,"(3, 1)",onion,"(1, 3)",onion,"(0, 1):dish;(3, 0):soup('onion', 1, 0)","(3, 0):soup('onion', 1, 0);(4, 1):empty"
185,5,interact,"(3, 1)","(0, -1)",onion,"(1, 3)","(0, 1)",onion,"(0, 1):dish;(3, 0):soup('onion', 1, 0)","(3, 0):soup('onion', 1, 0);(4, 1):empty",80.0,62.0,5,interact,3.3528,0.0,3.0,0.35279999999999995,80.0,65.0,False,"(3, 1)",,"(1, 3)",onion,"(0, 1):dish;(3, 0):soup('onion', 2, 0)","(3, 0):soup('onion', 2, 0);(4, 1):empty"
186,0,"(0, -1)","(3, 1)","(0, -1)",,"(1, 3)","(0, 1)",onion,"(0, 1):dish;(3, 0):soup('onion', 2, 0)","(3, 0):soup('onion', 2, 0);(4, 1):empty",80.0,65.0,2,"(1, 0)",-0.007200000000000006,0.0,0.0,-0.007200000000000006,80.0,65.0,False,"(3, 1)",,"(2, 3)",onion,"(0, 1):dish;(3, 0):soup('onion', 2, 0)","(3, 0):soup('onion', 2, 0);(4, 1):empty"
187,4,"(0, 0)","(3, 1)","(0, -1)",,"(2, 3)","(1, 0)",onion,"(0, 1):dish;(3, 0):soup('onion', 2, 0)","(3, 0):soup('onion', 2, 0);(4, 1):empty",80.0,65.0,2,"(1, 0)",-0.007200000000000006,0.0,0.0,-0.007200000000000006,80.0,65.0,False,"(3, 1)",,"(3, 3)",onion,"(0, 1):dish;(3, 0):soup('onion', 2, 0)","(3, 0):soup('onion', 2, 0);(4, 1):empty"
188,3,"(-1, 0)","(3, 1)","(0, -1)",,"(3, 3)","(1, 0)",onion,"(0, 1):dish;(3, 0):soup('onion', 2, 0)","(3, 0):soup('onion', 2, 0);(4, 1):empty",80.0,65.0,0,"(0, -1)",-0.007200000000000006,0.0,0.0,-0.007200000000000006,80.0,65.0,False,"(2, 1)",,"(3, 2)",onion,"(0, 1):dish;(3, 0):soup('onion', 2, 0)","(3, 0):soup('onion', 2, 0);(4, 1):empty"
189,3,"(-1, 0)","(2, 1)","(-1, 0)",,"(3, 2)","(0, -1)",onion,"(0, 1):dish;(3, 0):soup('onion', 2, 0)","(3, 0):soup('onion', 2, 0);(4, 1):empty",80.0,65.0,0,"(0, -1)",-0.007200000000000006,0.0,0.0,-0.007200000000000006,80.0,65.0,False,"(1, 1)",,"(3, 1)",onion,"(0, 1):dish;(3, 0):soup('onion', 2, 0)","(3, 0):soup('onion', 2, 0);(4, 1):empty"
190,3,"(-1, 0)","(1, 1)","(-1, 0)",,"(3, 1)","(0, -1)",onion,"(0, 1):dish;(3, 0):soup('onion', 2, 0)","(3, 0):soup('onion', 2, 0);(4, 1):empty",80.0,65.0,5,interact,3.468,0.0,3.0,0.46799999999999997,80.0,68.0,False,"(1, 1)",,"(3, 1)",,"(0, 1):dish;(3, 0):soup('onion', 3, 1)","(3, 0):soup('onion', 3, 1);(4, 1):empty"
191,1,"(0, 1)","(1, 1)","(-1, 0)",,"(3, 1)","(0, -1)",,"(0, 1):dish;(3, 0):soup('onion', 3, 1)","(3, 0):soup('onion', 3, 1);(4, 1):empty",80.0,68.0,1,"(0, 1)",-0.01200000000000001,0.0,0.0,-0.01200000000000001,80.0,68.0,False,"(1, 2)",,"(3, 2)",,"(0, 1):dish;(3, 0):soup('onion', 3, 2)","(3, 0):soup('onion', 3, 2);(4, 1):empty"
192,3,"(-1, 0)","(1, 2)","(0, 1)",,"(3, 2)","(0, 1)",,"(0, 1):dish;(3, 0):soup('onion', 3, 2)","(3, 0):soup('onion', 3, 2);(4, 1):empty",80.0,68.0,1,"(0, 1)",-0.01200000000000001,0.0,0.0,-0.01200000000000001,80.0,68.0,False,"(1, 2)",,"(3, 3)",,"(0, 1):dish;(3, 0):soup('onion', 3, 3)","(3, 0):soup('onion', 3, 3);(4, 1):empty"
193,5,interact,"(1, 2)","(-1, 0)",,"(3, 3)","(0, 1)",,"(0, 1):dish;(3, 0):soup('onion', 3, 3)","(3, 0):soup('onion', 3, 3);(4, 1):empty",80.0,68.0,3,"(-1, 0)",-0.01200000000000001,0.0,0.0,-0.01200000000000001,80.0,68.0,False,"(1, 2)",dish,"(2, 3)",,"(0, 1):dish;(3, 0):soup('onion', 3, 4)","(3, 0):soup('onion', 3, 4);(4, 1):empty"
194,2,"(1, 0)","(1, 2)","(-1, 0)",dish,"(2, 3)","(-1, 0)",,"(0, 1):dish;(3, 0):soup('onion', 3, 4)","(3, 0):soup('onion', 3, 4);(4, 1):empty",80.0,68.0,1,"(0, 1)",-0.01200000000000001,0.0,0.0,-0.01200000000000001,80.0,68.0,False,"(1, 2)",dish,"(2, 3)",,"(0, 1):dish;(3, 0):soup('onion', 3, 5)","(3, 0):soup('onion', 3, 5);(4, 1):empty"
195,0,"(0, -1)","(1, 2)","(1, 0)",dish,"(2, 3)","(0, 1)",,"(0, 1):dish;(3, 0):soup('onion', 3, 5)","(3, 0):soup('onion', 3, 5);(4, 1):empty",80.0,68.0,3,"(-1, 0)",-0.01200000000000001,0.0,0.0,-0.01200000000000001,80.0,68.0,False,"(1, 1)",dish,"(1, 3)",,"(0, 1):dish;(3, 0):soup('onion', 3, 6)","(3, 0):soup('onion', 3, 6);(4, 1):empty"
196,2,"(1, 0)","(1, 1)","(0, -1)",dish,"(1, 3)","(-1, 0)",,"(0, 1):dish;(3, 0):soup('onion', 3, 6)","(3, 0):soup('onion', 3, 6);(4, 1):empty",80.0,68.0,5,interact,-0.01200000000000001,0.0,0.0,-0.01200000000000001,80.0,68.0,False,"(2, 1)",dish,"(1, 3)",onion,"(0, 1):dish;(3, 0):soup('onion', 3, 7)","(3, 0):soup('onion', 3, 7);(4, 1):empty"
197,1,"(0, 1)","(2, 1)","(1, 0)",dish,"(1, 3)","(-1, 0)",onion,"(0, 1):dish;(3, 0):soup('onion', 3, 7)","(3, 0):soup('onion', 3, 7);(4, 1):empty",80.0,68.0,5,interact,-0.01200000000000001,0.0,0.0,-0.01200000000000001,80.0,68.0,False,"(2, 1)",dish,"(1, 3)",onion,"(0, 1):dish;(3, 0):soup('onion', 3, 8)","(3, 0):soup('onion', 3, 8);(4, 1):empty"
198,2,"(1, 0)","(2, 1)","(0, 1)",dish,"(1, 3)","(-1, 0)",onion,"(0, 1):dish;(3, 0):soup('onion', 3, 8)","(3, 0):soup('onion', 3, 8);(4, 1):empty",80.0,68.0,1,"(0, 1)",-0.01200000000000001,0.0,0.0,-0.01200000000000001,80.0,68.0,False,"(3, 1)",dish,"(1, 3)",onion,"(0, 1):dish;(3, 0):soup('onion', 3, 9)","(3, 0):soup('onion', 3, 9);(4, 1):empty"
199,4,"(0, 0)","(3, 1)","(1, 0)",dish,"(1, 3)","(0, 1)",onion,"(0, 1):dish;(3, 0):soup('onion', 3, 9)","(3, 0):soup('onion', 3, 9);(4, 1):empty",80.0,68.0,5,interact,-0.01200000000000001,0.0,0.0,-0.01200000000000001,80.0,68.0,False,"(3, 1)",dish,"(1, 3)",onion,"(0, 1):dish;(3, 0):soup('onion', 3, 10)","(3, 0):soup('onion', 3, 10);(4, 1):empty"
200,4,"(0, 0)","(3, 1)","(1, 0)",dish,"(1, 3)","(0, 1)",onion,"(0, 1):dish;(3, 0):soup('onion', 3, 10)","(3, 0):soup('onion', 3, 10);(4, 1):empty",80.0,68.0,5,interact,-0.01200000000000001,0.0,0.0,-0.01200000000000001,80.0,68.0,False,"(3, 1)",dish,"(1, 3)",onion,"(0, 1):dish;(3, 0):soup('onion', 3, 11)","(3, 0):soup('onion', 3, 11);(4, 1):empty"
201,4,"(0, 0)","(3, 1)","(1, 0)",dish,"(1, 3)","(0, 1)",onion,"(0, 1):dish;(3, 0):soup('onion', 3, 11)","(3, 0):soup('onion', 3, 11);(4, 1):empty",80.0,68.0,5,interact,-0.01200000000000001,0.0,0.0,-0.01200000000000001,80.0,68.0,False,"(3, 1)",dish,"(1, 3)",onion,"(0, 1):dish;(3, 0):soup('onion', 3, 12)","(3, 0):soup('onion', 3, 12);(4, 1):empty"
202,4,"(0, 0)","(3, 1)","(1, 0)",dish,"(1, 3)","(0, 1)",onion,"(0, 1):dish;(3, 0):soup('onion', 3, 12)","(3, 0):soup('onion', 3, 12);(4, 1):empty",80.0,68.0,5,interact,-0.01200000000000001,0.0,0.0,-0.01200000000000001,80.0,68.0,False,"(3, 1)",dish,"(1, 3)",onion,"(0, 1):dish;(3, 0):soup('onion', 3, 13)","(3, 0):soup('onion', 3, 13);(4, 1):empty"
203,4,"(0, 0)","(3, 1)","(1, 0)",dish,"(1, 3)","(0, 1)",onion,"(0, 1):dish;(3, 0):soup('onion', 3, 13)","(3, 0):soup('onion', 3, 13);(4, 1):empty",80.0,68.0,5,interact,-0.01200000000000001,0.0,0.0,-0.01200000000000001,80.0,68.0,False,"(3, 1)",dish,"(1, 3)",onion,"(0, 1):dish;(3, 0):soup('onion', 3, 14)","(3, 0):soup('onion', 3, 14);(4, 1):empty"
204,4,"(0, 0)","(3, 1)","(1, 0)",dish,"(1, 3)","(0, 1)",onion,"(0, 1):dish;(3, 0):soup('onion', 3, 14)","(3, 0):soup('onion', 3, 14);(4, 1):empty",80.0,68.0,5,interact,-0.01200000000000001,0.0,0.0,-0.01200000000000001,80.0,68.0,False,"(3, 1)",dish,"(1, 3)",onion,"(0, 1):dish;(3, 0):soup('onion', 3, 15)","(3, 0):soup('onion', 3, 15);(4, 1):empty"
205,4,"(0, 0)","(3, 1)","(1, 0)",dish,"(1, 3)","(0, 1)",onion,"(0, 1):dish;(3, 0):soup('onion', 3, 15)","(3, 0):soup('onion', 3, 15);(4, 1):empty",80.0,68.0,5,interact,-0.01200000000000001,0.0,0.0,-0.01200000000000001,80.0,68.0,False,"(3, 1)",dish,"(1, 3)",onion,"(0, 1):dish;(3, 0):soup('onion', 3, 16)","(3, 0):soup('onion', 3, 16);(4, 1):empty"
206,4,"(0, 0)","(3, 1)","(1, 0)",dish,"(1, 3)","(0, 1)",onion,"(0, 1):dish;(3, 0):soup('onion', 3, 16)","(3, 0):soup('onion', 3, 16);(4, 1):empty",80.0,68.0,5,interact,-0.01200000000000001,0.0,0.0,-0.01200000000000001,80.0,68.0,False,"(3, 1)",dish,"(1, 3)",onion,"(0, 1):dish;(3, 0):soup('onion', 3, 17)","(3, 0):soup('onion', 3, 17);(4, 1):empty"
207,4,"(0, 0)","(3, 1)","(1, 0)",dish,"(1, 3)","(0, 1)",onion,"(0, 1):dish;(3, 0):soup('onion', 3, 17)","(3, 0):soup('onion', 3, 17);(4, 1):empty",80.0,68.0,5,interact,-0.01200000000000001,0.0,0.0,-0.01200000000000001,80.0,68.0,False,"(3, 1)",dish,"(1, 3)",onion,"(0, 1):dish;(3, 0):soup('onion', 3, 18)","(3, 0):soup('onion', 3, 18);(4, 1):empty"
208,4,"(0, 0)","(3, 1)","(1, 0)",dish,"(1, 3)","(0, 1)",onion,"(0, 1):dish;(3, 0):soup('onion', 3, 18)","(3, 0):soup('onion', 3, 18);(4, 1):empty",80.0,68.0,5,interact,-0.01200000000000001,0.0,0.0,-0.01200000000000001,80.0,68.0,False,"(3, 1)",dish,"(1, 3)",onion,"(0, 1):dish;(3, 0):soup('onion', 3, 19)","(3, 0):soup('onion', 3, 19);(4, 1):empty"
209,4,"(0, 0)","(3, 1)","(1, 0)",dish,"(1, 3)","(0, 1)",onion,"(0, 1):dish;(3, 0):soup('onion', 3, 19)","(3, 0):soup('onion', 3, 19);(4, 1):empty",80.0,68.0,5,interact,0.5819999999999999,0.0,0.0,0.5819999999999999,80.0,68.0,False,"(3, 1)",dish,"(1, 3)",onion,"(0, 1):dish;(3, 0):soup('onion', 3, 20)","(3, 0):soup('onion', 3, 20);(4, 1):empty"
210,0,"(0, -1)","(3, 1)","(1, 0)",dish,"(1, 3)","(0, 1)",onion,"(0, 1):dish;(3, 0):soup('onion', 3, 20)","(3, 0):soup('onion', 3, 20);(4, 1):empty",80.0,68.0,4,"(0, 0)",-0.018000000000000148,0.0,0.0,-0.018000000000000148,80.0,68.0,False,"(3, 1)",dish,"(1, 3)",onion,"(0, 1):dish;(3, 0):soup('onion', 3, 20)","(3, 0):soup('onion', 3, 20);(4, 1):empty"
211,5,interact,"(3, 1)","(0, -1)",dish,"(1, 3)","(0, 1)",onion,"(0, 1):dish;(3, 0):soup('onion', 3, 20)","(3, 0):soup('onion', 3, 20);(4, 1):empty",80.0,68.0,2,"(1, 0)",5.3384,0.0,5.0,0.33840000000000003,80.0,73.0,False,"(3, 1)","soup('onion', 3, 20)","(2, 3)",onion,"(0, 1):dish","(3, 0):empty;(4, 1):empty"
212,3,"(-1, 0)","(3, 1)","(0, -1)","soup('onion', 3, 20)","(2, 3)","(1, 0)",onion,"(0, 1):dish","(3, 0):empty;(4, 1):empty",80.0,73.0,2,"(1, 0)",0.0378000000000001,0.0,0.0,0.0378000000000001,80.0,73.0,False,"(2, 1)","soup('onion', 3, 20)","(3, 3)",onion,"(0, 1):dish","(3, 0):empty;(4, 1):empty"
213,1,"(0, 1)","(2, 1)","(-1, 0)","soup('onion', 3, 20)","(3, 3)","(1, 0)",onion,"(0, 1):dish","(3, 0):empty;(4, 1):empty",80.0,73.0,0,"(0, -1)",-0.022199999999999952,0.0,0.0,-0.022199999999999952,80.0,73.0,False,"(2, 1)","soup('onion', 3, 20)","(3, 2)",onion,"(0, 1):dish","(3, 0):empty;(4, 1):empty"
214,3,"(-1, 0)","(2, 1)","(0, 1)","soup('onion', 3, 20)","(3, 2)","(0, -1)",onion,"(0, 1):dish","(3, 0):empty;(4, 1):empty",80.0,73.0,0,"(0, -1)",-0.08160000000000008,0.0,0.0,-0.08160000000000008,80.0,73.0,False,"(1, 1)","soup('onion', 3, 20)","(3, 1)",onion,"(0, 1):dish","(3, 0):empty;(4, 1):empty"
215,1,"(0, 1)","(1, 1)","(-1, 0)","soup('onion', 3, 20)","(3, 1)","(0, -1)",onion,"(0, 1):dish","(3, 0):empty;(4, 1):empty",80.0,73.0,5,interact,3.3941999999999997,0.0,3.0,0.3941999999999997,80.0,76.0,False,"(1, 2)","soup('onion', 3, 20)","(3, 1)",,"(0, 1):dish;(3, 0):soup('onion', 1, 0)","(3, 0):soup('onion', 1, 0);(4, 1):empty"
216,1,"(0, 1)","(1, 2)","(0, 1)","soup('onion', 3, 20)","(3, 1)","(0, -1)",,"(0, 1):dish;(3, 0):soup('onion', 1, 0)","(3, 0):soup('onion', 1, 0);(4, 1):empty",80.0,76.0,5,interact,0.033600000000000026,0.0,0.0,0.033600000000000026,80.0,76.0,False,"(1, 3)","soup('onion', 3, 20)","(3, 1)",,"(0, 1):dish;(3, 0):soup('onion', 1, 0)","(3, 0):soup('onion', 1, 0);(4, 1):empty"
217,2,"(1, 0)","(1, 3)","(0, 1)","soup('onion', 3, 20)","(3, 1)","(0, -1)",,"(0, 1):dish;(3, 0):soup('onion', 1, 0)","(3, 0):soup('onion', 1, 0);(4, 1):empty",80.0,76.0,3,"(-1, 0)",-0.002639999999999709,0.0,0.0,-0.002639999999999709,80.0,76.0,False,"(2, 3)","soup('onion', 3, 20)","(2, 1)",,"(0, 1):dish;(3, 0):soup('onion', 1, 0)","(3, 0):soup('onion', 1, 0);(4, 1):empty"
218,1,"(0, 1)","(2, 3)","(1, 0)","soup('onion', 3, 20)","(2, 1)","(-1, 0)",,"(0, 1):dish;(3, 0):soup('onion', 1, 0)","(3, 0):soup('onion', 1, 0);(4, 1):empty",80.0,76.0,3,"(-1, 0)",-0.062280000000000335,0.0,0.0,-0.062280000000000335,80.0,76.0,False,"(2, 3)","soup('onion', 3, 20)","(1, 1)",,"(0, 1):dish;(3, 0):soup('onion', 1, 0)","(3, 0):soup('onion', 1, 0);(4, 1):empty"
219,5,interact,"(2, 3)","(0, 1)","soup('onion', 3, 20)","(1, 1)","(-1, 0)",,"(0, 1):dish;(3, 0):soup('onion', 1, 0)","(3, 0):soup('onion', 1, 0);(4, 1):empty",80.0,76.0,0,"(0, -1)",17.7284,20.0,0.0,-2.2716,100.0,76.0,True,"(2, 3)",,"(1, 1)",,"(0, 1):dish;(3, 0):soup('onion', 1, 0)","(3, 0):soup('onion', 1, 0);(4, 1):empty"
220,3,"(-1, 0)","(2, 3)","(0, 1)",,"(1, 1)","(0, -1)",,"(0, 1):dish;(3, 0):soup('onion', 1, 0)","(3, 0):soup('onion', 1, 0);(4, 1):empty",100.0,76.0,0,"(0, -1)",-0.003600000000000003,0.0,0.0,-0.003600000000000003,100.0,76.0,False,"(1, 3)",,"(1, 1)",,"(0, 1):dish;(3, 0):soup('onion', 1, 0)","(3, 0):soup('onion', 1, 0);(4, 1):empty"
221,5,interact,"(1, 3)","(-1, 0)",,"(1, 1)","(0, -1)",,"(0, 1):dish;(3, 0):soup('onion', 1, 0)","(3, 0):soup('onion', 1, 0);(4, 1):empty",100.0,76.0,1,"(0, 1)",-0.003600000000000003,0.0,0.0,-0.003600000000000003,100.0,76.0,False,"(1, 3)",onion,"(1, 2)",,"(0, 1):dish;(3, 0):soup('onion', 1, 0)","(3, 0):soup('onion', 1, 0);(4, 1):empty"
222,2,"(1, 0)","(1, 3)","(-1, 0)",onion,"(1, 2)","(0, 1)",,"(0, 1):dish;(3, 0):soup('onion', 1, 0)","(3, 0):soup('onion', 1, 0);(4, 1):empty",100.0,76.0,1,"(0, 1)",-0.003600000000000003,0.0,0.0,-0.003600000000000003,100.0,76.0,False,"(2, 3)",onion,"(1, 3)",,"(0, 1):dish;(3, 0):soup('onion', 1, 0)","(3, 0):soup('onion', 1, 0);(4, 1):empty"
223,2,"(1, 0)","(2, 3)","(1, 0)",onion,"(1, 3)","(0, 1)",,"(0, 1):dish;(3, 0):soup('onion', 1, 0)","(3, 0):soup('onion', 1, 0);(4, 1):empty",100.0,76.0,5,interact,-0.003600000000000003,0.0,0.0,-0.003600000000000003,100.0,76.0,False,"(3, 3)",onion,"(1, 3)",onion,"(0, 1):dish;(3, 0):soup('onion', 1, 0)","(3, 0):soup('onion', 1, 0);(4, 1):empty"
224,0,"(0, -1)","(3, 3)","(1, 0)",onion,"(1, 3)","(0, 1)",onion,"(0, 1):dish;(3, 0):soup('onion', 1, 0)","(3, 0):soup('onion', 1, 0);(4, 1):empty",100.0,76.0,5,interact,-0.003600000000000003,0.0,0.0,-0.003600000000000003,100.0,76.0,False,"(3, 2)",onion,"(1, 3)",onion,"(0, 1):dish;(3, 0):soup('onion', 1, 0)","(3, 0):soup('onion', 1, 0);(4, 1):empty"
225,0,"(0, -1)","(3, 2)","(0, -1)",onion,"(1, 3)","(0, 1)",onion,"(0, 1):dish;(3, 0):soup('onion', 1, 0)","(3, 0):soup('onion', 1, 0);(4, 1):empty",100.0,76.0,5,interact,-0.003600000000000003,0.0,0.0,-0.003600000000000003,100.0,76.0,False,"(3, 1)",onion,"(1, 3)",onion,"(0, 1):dish;(3, 0):soup('onion', 1, 0)","(3, 0):soup('onion', 1, 0);(4, 1):empty"
226,5,interact,"(3, 1)","(0, -1)",onion,"(1, 3)","(0, 1)",onion,"(0, 1):dish;(3, 0):soup('onion', 1, 0)","(3, 0):soup('onion', 1, 0);(4, 1):empty",100.0,76.0,5,interact,3.3528,0.0,3.0,0.35279999999999995,100.0,79.0,False,"(3, 1)",,"(1, 3)",onion,"(0, 1):dish;(3, 0):soup('onion', 2, 0)","(3, 0):soup('onion', 2, 0);(4, 1):empty"
227,0,"(0, -1)","(3, 1)","(0, -1)",,"(1, 3)","(0, 1)",onion,"(0, 1):dish;(3, 0):soup('onion', 2, 0)","(3, 0):soup('onion', 2, 0);(4, 1):empty",100.0,79.0,2,"(1, 0)",-0.007200000000000006,0.0,0.0,-0.007200000000000006,100.0,79.0,False,"(3, 1)",,"(2, 3)",onion,"(0, 1):dish;(3, 0):soup('onion', 2, 0)","(3, 0):soup('onion', 2, 0);(4, 1):empty"
228,4,"(0, 0)","(3, 1)","(0, -1)",,"(2, 3)","(1, 0)",onion,"(0, 1):dish;(3, 0):soup('onion', 2, 0)","(3, 0):soup('onion', 2, 0);(4, 1):empty",100.0,79.0,2,"(1, 0)",-0.007200000000000006,0.0,0.0,-0.007200000000000006,100.0,79.0,False,"(3, 1)",,"(3, 3)",onion,"(0, 1):dish;(3, 0):soup('onion', 2, 0)","(3, 0):soup('onion', 2, 0);(4, 1):empty"
229,3,"(-1, 0)","(3, 1)","(0, -1)",,"(3, 3)","(1, 0)",onion,"(0, 1):dish;(3, 0):soup('onion', 2, 0)","(3, 0):soup('onion', 2, 0);(4, 1):empty",100.0,79.0,0,"(0, -1)",-0.007200000000000006,0.0,0.0,-0.007200000000000006,100.0,79.0,False,"(2, 1)",,"(3, 2)",onion,"(0, 1):dish;(3, 0):soup('onion', 2, 0)","(3, 0):soup('onion', 2, 0);(4, 1):empty"
230,3,"(-1, 0)","(2, 1)","(-1, 0)",,"(3, 2)","(0, -1)",onion,"(0, 1):dish;(3, 0):soup('onion', 2, 0)","(3, 0):soup('onion', 2, 0);(4, 1):empty",100.0,79.0,0,"(0, -1)",-0.007200000000000006,0.0,0.0,-0.007200000000000006,100.0,79.0,False,"(1, 1)",,"(3, 1)",onion,"(0, 1):dish;(3, 0):soup('onion', 2, 0)","(3, 0):soup('onion', 2, 0);(4, 1):empty"
231,3,"(-1, 0)","(1, 1)","(-1, 0)",,"(3, 1)","(0, -1)",onion,"(0, 1):dish;(3, 0):soup('onion', 2, 0)","(3, 0):soup('onion', 2, 0);(4, 1):empty",100.0,79.0,5,interact,3.468,0.0,3.0,0.46799999999999997,100.0,82.0,False,"(1, 1)",,"(3, 1)",,"(0, 1):dish;(3, 0):soup('onion', 3, 1)","(3, 0):soup('onion', 3, 1);(4, 1):empty"
232,1,"(0, 1)","(1, 1)","(-1, 0)",,"(3, 1)","(0, -1)",,"(0, 1):dish;(3, 0):soup('onion', 3, 1)","(3, 0):soup('onion', 3, 1);(4, 1):empty",100.0,82.0,1,"(0, 1)",-0.01200000000000001,0.0,0.0,-0.01200000000000001,100.0,82.0,False,"(1, 2)",,"(3, 2)",,"(0, 1):dish;(3, 0):soup('onion', 3, 2)","(3, 0):soup('onion', 3, 2);(4, 1):empty"
233,3,"(-1, 0)","(1, 2)","(0, 1)",,"(3, 2)","(0, 1)",,"(0, 1):dish;(3, 0):soup('onion', 3, 2)","(3, 0):soup('onion', 3, 2);(4, 1):empty",100.0,82.0,1,"(0, 1)",-0.01200000000000001,0.0,0.0,-0.01200000000000001,100.0,82.0,False,"(1, 2)",,"(3, 3)",,"(0, 1):dish;(3, 0):soup('onion', 3, 3)","(3, 0):soup('onion', 3, 3);(4, 1):empty"
234,5,interact,"(1, 2)","(-1, 0)",,"(3, 3)","(0, 1)",,"(0, 1):dish;(3, 0):soup('onion', 3, 3)","(3, 0):soup('onion', 3, 3);(4, 1):empty",100.0,82.0,3,"(-1, 0)",-0.01200000000000001,0.0,0.0,-0.01200000000000001,100.0,82.0,False,"(1, 2)",dish,"(2, 3)",,"(0, 1):dish;(3, 0):soup('onion', 3, 4)","(3, 0):soup('onion', 3, 4);(4, 1):empty"
235,2,"(1, 0)","(1, 2)","(-1, 0)",dish,"(2, 3)","(-1, 0)",,"(0, 1):dish;(3, 0):soup('onion', 3, 4)","(3, 0):soup('onion', 3, 4);(4, 1):empty",100.0,82.0,1,"(0, 1)",-0.01200000000000001,0.0,0.0,-0.01200000000000001,100.0,82.0,False,"(1, 2)",dish,"(2, 3)",,"(0, 1):dish;(3, 0):soup('onion', 3, 5)","(3, 0):soup('onion', 3, 5);(4, 1):empty"
236,0,"(0, -1)","(1, 2)","(1, 0)",dish,"(2, 3)","(0, 1)",,"(0, 1):dish;(3, 0):soup('onion', 3, 5)","(3, 0):soup('onion', 3, 5);(4, 1):empty",100.0,82.0,3,"(-1, 0)",-0.01200000000000001,0.0,0.0,-0.01200000000000001,100.0,82.0,False,"(1, 1)",dish,"(1, 3)",,"(0, 1):dish;(3, 0):soup('onion', 3, 6)","(3, 0):soup('onion', 3, 6);(4, 1):empty"
237,2,"(1, 0)","(1, 1)","(0, -1)",dish,"(1, 3)","(-1, 0)",,"(0, 1):dish;(3, 0):soup('onion', 3, 6)","(3, 0):soup('onion', 3, 6);(4, 1):empty",100.0,82.0,5,interact,-0.01200000000000001,0.0,0.0,-0.01200000000000001,100.0,82.0,False,"(2, 1)",dish,"(1, 3)",onion,"(0, 1):dish;(3, 0):soup('onion', 3, 7)","(3, 0):soup('onion', 3, 7);(4, 1):empty"
238,1,"(0, 1)","(2, 1)","(1, 0)",dish,"(1, 3)","(-1, 0)",onion,"(0, 1):dish;(3, 0):soup('onion', 3, 7)","(3, 0):soup('onion', 3, 7);(4, 1):empty",100.0,82.0,5,interact,-0.01200000000000001,0.0,0.0,-0.01200000000000001,100.0,82.0,False,"(2, 1)",dish,"(1, 3)",onion,"(0, 1):dish;(3, 0):soup('onion', 3, 8)","(3, 0):soup('onion', 3, 8);(4, 1):empty"
239,2,"(1, 0)","(2, 1)","(0, 1)",dish,"(1, 3)","(-1, 0)",onion,"(0, 1):dish;(3, 0):soup('onion', 3, 8)","(3, 0):soup('onion', 3, 8);(4, 1):empty",100.0,82.0,1,"(0, 1)",-0.01200000000000001,0.0,0.0,-0.01200000000000001,100.0,82.0,False,"(3, 1)",dish,"(1, 3)",onion,"(0, 1):dish;(3, 0):soup('onion', 3, 9)","(3, 0):soup('onion', 3, 9);(4, 1):empty"
240,4,"(0, 0)","(3, 1)","(1, 0)",dish,"(1, 3)","(0, 1)",onion,"(0, 1):dish;(3, 0):soup('onion', 3, 9)","(3, 0):soup('onion', 3, 9);(4, 1):empty",100.0,82.0,5,interact,-0.01200000000000001,0.0,0.0,-0.01200000000000001,100.0,82.0,False,"(3, 1)",dish,"(1, 3)",onion,"(0, 1):dish;(3, 0):soup('onion', 3, 10)","(3, 0):soup('onion', 3, 10);(4, 1):empty"
241,4,"(0, 0)","(3, 1)","(1, 0)",dish,"(1, 3)","(0, 1)",onion,"(0, 1):dish;(3, 0):soup('onion', 3, 10)","(3, 0):soup('onion', 3, 10);(4, 1):empty",100.0,82.0,5,interact,-0.01200000000000001,0.0,0.0,-0.01200000000000001,100.0,82.0,False,"(3, 1)",dish,"(1, 3)",onion,"(0, 1):dish;(3, 0):soup('onion', 3, 11)","(3, 0):soup('onion', 3, 11);(4, 1):empty"
242,4,"(0, 0)","(3, 1)","(1, 0)",dish,"(1, 3)","(0, 1)",onion,"(0, 1):dish;(3, 0):soup('onion', 3, 11)","(3, 0):soup('onion', 3, 11);(4, 1):empty",100.0,82.0,5,interact,-0.01200000000000001,0.0,0.0,-0.01200000000000001,100.0,82.0,False,"(3, 1)",dish,"(1, 3)",onion,"(0, 1):dish;(3, 0):soup('onion', 3, 12)","(3, 0):soup('onion', 3, 12);(4, 1):empty"
243,4,"(0, 0)","(3, 1)","(1, 0)",dish,"(1, 3)","(0, 1)",onion,"(0, 1):dish;(3, 0):soup('onion', 3, 12)","(3, 0):soup('onion', 3, 12);(4, 1):empty",100.0,82.0,5,interact,-0.01200000000000001,0.0,0.0,-0.01200000000000001,100.0,82.0,False,"(3, 1)",dish,"(1, 3)",onion,"(0, 1):dish;(3, 0):soup('onion', 3, 13)","(3, 0):soup('onion', 3, 13);(4, 1):empty"
244,4,"(0, 0)","(3, 1)","(1, 0)",dish,"(1, 3)","(0, 1)",onion,"(0, 1):dish;(3, 0):soup('onion', 3, 13)","(3, 0):soup('onion', 3, 13);(4, 1):empty",100.0,82.0,5,interact,-0.01200000000000001,0.0,0.0,-0.01200000000000001,100.0,82.0,False,"(3, 1)",dish,"(1, 3)",onion,"(0, 1):dish;(3, 0):soup('onion', 3, 14)","(3, 0):soup('onion', 3, 14);(4, 1):empty"
245,4,"(0, 0)","(3, 1)","(1, 0)",dish,"(1, 3)","(0, 1)",onion,"(0, 1):dish;(3, 0):soup('onion', 3, 14)","(3, 0):soup('onion', 3, 14);(4, 1):empty",100.0,82.0,5,interact,-0.01200000000000001,0.0,0.0,-0.01200000000000001,100.0,82.0,False,"(3, 1)",dish,"(1, 3)",onion,"(0, 1):dish;(3, 0):soup('onion', 3, 15)","(3, 0):soup('onion', 3, 15);(4, 1):empty"
246,4,"(0, 0)","(3, 1)","(1, 0)",dish,"(1, 3)","(0, 1)",onion,"(0, 1):dish;(3, 0):soup('onion', 3, 15)","(3, 0):soup('onion', 3, 15);(4, 1):empty",100.0,82.0,5,interact,-0.01200000000000001,0.0,0.0,-0.01200000000000001,100.0,82.0,False,"(3, 1)",dish,"(1, 3)",onion,"(0, 1):dish;(3, 0):soup('onion', 3, 16)","(3, 0):soup('onion', 3, 16);(4, 1):empty"
247,4,"(0, 0)","(3, 1)","(1, 0)",dish,"(1, 3)","(0, 1)",onion,"(0, 1):dish;(3, 0):soup('onion', 3, 16)","(3, 0):soup('onion', 3, 16);(4, 1):empty",100.0,82.0,5,interact,-0.01200000000000001,0.0,0.0,-0.01200000000000001,100.0,82.0,False,"(3, 1)",dish,"(1, 3)",onion,"(0, 1):dish;(3, 0):soup('onion', 3, 17)","(3, 0):soup('onion', 3, 17);(4, 1):empty"
248,4,"(0, 0)","(3, 1)","(1, 0)",dish,"(1, 3)","(0, 1)",onion,"(0, 1):dish;(3, 0):soup('onion', 3, 17)","(3, 0):soup('onion', 3, 17);(4, 1):empty",100.0,82.0,5,interact,-0.01200000000000001,0.0,0.0,-0.01200000000000001,100.0,82.0,False,"(3, 1)",dish,"(1, 3)",onion,"(0, 1):dish;(3, 0):soup('onion', 3, 18)","(3, 0):soup('onion', 3, 18);(4, 1):empty"
249,4,"(0, 0)","(3, 1)","(1, 0)",dish,"(1, 3)","(0, 1)",onion,"(0, 1):dish;(3, 0):soup('onion', 3, 18)","(3, 0):soup('onion', 3, 18);(4, 1):empty",100.0,82.0,5,interact,-0.01200000000000001,0.0,0.0,-0.01200000000000001,100.0,82.0,False,"(3, 1)",dish,"(1, 3)",onion,"(0, 1):dish;(3, 0):soup('onion', 3, 19)","(3, 0):soup('onion', 3, 19);(4, 1):empty"
250,4,"(0, 0)","(3, 1)","(1, 0)",dish,"(1, 3)","(0, 1)",onion,"(0, 1):dish;(3, 0):soup('onion', 3, 19)","(3, 0):soup('onion', 3, 19);(4, 1):empty",100.0,82.0,5,interact,0.5819999999999999,0.0,0.0,0.5819999999999999,100.0,82.0,False,"(3, 1)",dish,"(1, 3)",onion,"(0, 1):dish;(3, 0):soup('onion', 3, 20)","(3, 0):soup('onion', 3, 20);(4, 1):empty"
251,0,"(0, -1)","(3, 1)","(1, 0)",dish,"(1, 3)","(0, 1)",onion,"(0, 1):dish;(3, 0):soup('onion', 3, 20)","(3, 0):soup('onion', 3, 20);(4, 1):empty",100.0,82.0,4,"(0, 0)",-0.018000000000000148,0.0,0.0,-0.018000000000000148,100.0,82.0,False,"(3, 1)",dish,"(1, 3)",onion,"(0, 1):dish;(3, 0):soup('onion', 3, 20)","(3, 0):soup('onion', 3, 20);(4, 1):empty"
252,5,interact,"(3, 1)","(0, -1)",dish,"(1, 3)","(0, 1)",onion,"(0, 1):dish;(3, 0):soup('onion', 3, 20)","(3, 0):soup('onion', 3, 20);(4, 1):empty",100.0,82.0,2,"(1, 0)",5.3384,0.0,5.0,0.33840000000000003,100.0,87.0,False,"(3, 1)","soup('onion', 3, 20)","(2, 3)",onion,"(0, 1):dish","(3, 0):empty;(4, 1):empty"
253,3,"(-1, 0)","(3, 1)","(0, -1)","soup('onion', 3, 20)","(2, 3)","(1, 0)",onion,"(0, 1):dish","(3, 0):empty;(4, 1):empty",100.0,87.0,2,"(1, 0)",0.0378000000000001,0.0,0.0,0.0378000000000001,100.0,87.0,False,"(2, 1)","soup('onion', 3, 20)","(3, 3)",onion,"(0, 1):dish","(3, 0):empty;(4, 1):empty"
254,1,"(0, 1)","(2, 1)","(-1, 0)","soup('onion', 3, 20)","(3, 3)","(1, 0)",onion,"(0, 1):dish","(3, 0):empty;(4, 1):empty",100.0,87.0,0,"(0, -1)",-0.022199999999999952,0.0,0.0,-0.022199999999999952,100.0,87.0,False,"(2, 1)","soup('onion', 3, 20)","(3, 2)",onion,"(0, 1):dish","(3, 0):empty;(4, 1):empty"
255,3,"(-1, 0)","(2, 1)","(0, 1)","soup('onion', 3, 20)","(3, 2)","(0, -1)",onion,"(0, 1):dish","(3, 0):empty;(4, 1):empty",100.0,87.0,0,"(0, -1)",-0.08160000000000008,0.0,0.0,-0.08160000000000008,100.0,87.0,False,"(1, 1)","soup('onion', 3, 20)","(3, 1)",onion,"(0, 1):dish","(3, 0):empty;(4, 1):empty"
256,1,"(0, 1)","(1, 1)","(-1, 0)","soup('onion', 3, 20)","(3, 1)","(0, -1)",onion,"(0, 1):dish","(3, 0):empty;(4, 1):empty",100.0,87.0,5,interact,3.3941999999999997,0.0,3.0,0.3941999999999997,100.0,90.0,False,"(1, 2)","soup('onion', 3, 20)","(3, 1)",,"(0, 1):dish;(3, 0):soup('onion', 1, 0)","(3, 0):soup('onion', 1, 0);(4, 1):empty"
257,1,"(0, 1)","(1, 2)","(0, 1)","soup('onion', 3, 20)","(3, 1)","(0, -1)",,"(0, 1):dish;(3, 0):soup('onion', 1, 0)","(3, 0):soup('onion', 1, 0);(4, 1):empty",100.0,90.0,5,interact,0.033600000000000026,0.0,0.0,0.033600000000000026,100.0,90.0,False,"(1, 3)","soup('onion', 3, 20)","(3, 1)",,"(0, 1):dish;(3, 0):soup('onion', 1, 0)","(3, 0):soup('onion', 1, 0);(4, 1):empty"
258,2,"(1, 0)","(1, 3)","(0, 1)","soup('onion', 3, 20)","(3, 1)","(0, -1)",,"(0, 1):dish;(3, 0):soup('onion', 1, 0)","(3, 0):soup('onion', 1, 0);(4, 1):empty",100.0,90.0,3,"(-1, 0)",-0.002639999999999709,0.0,0.0,-0.002639999999999709,100.0,90.0,False,"(2, 3)","soup('onion', 3, 20)","(2, 1)",,"(0, 1):dish;(3, 0):soup('onion', 1, 0)","(3, 0):soup('onion', 1, 0);(4, 1):empty"
259,1,"(0, 1)","(2, 3)","(1, 0)","soup('onion', 3, 20)","(2, 1)","(-1, 0)",,"(0, 1):dish;(3, 0):soup('onion', 1, 0)","(3, 0):soup('onion', 1, 0);(4, 1):empty",100.0,90.0,3,"(-1, 0)",-0.062280000000000335,0.0,0.0,-0.062280000000000335,100.0,90.0,False,"(2, 3)","soup('onion', 3, 20)","(1, 1)",,"(0, 1):dish;(3, 0):soup('onion', 1, 0)","(3, 0):soup('onion', 1, 0);(4, 1):empty"
260,5,interact,"(2, 3)","(0, 1)","soup('onion', 3, 20)","(1, 1)","(-1, 0)",,"(0, 1):dish;(3, 0):soup('onion', 1, 0)","(3, 0):soup('onion', 1, 0);(4, 1):empty",100.0,90.0,0,"(0, -1)",17.7284,20.0,0.0,-2.2716,120.0,90.0,True,"(2, 3)",,"(1, 1)",,"(0, 1):dish;(3, 0):soup('onion', 1, 0)","(3, 0):soup('onion', 1, 0);(4, 1):empty"
261,3,"(-1, 0)","(2, 3)","(0, 1)",,"(1, 1)","(0, -1)",,"(0, 1):dish;(3, 0):soup('onion', 1, 0)","(3, 0):soup('onion', 1, 0);(4, 1):empty",120.0,90.0,0,"(0, -1)",-0.003600000000000003,0.0,0.0,-0.003600000000000003,120.0,90.0,False,"(1, 3)",,"(1, 1)",,"(0, 1):dish;(3, 0):soup('onion', 1, 0)","(3, 0):soup('onion', 1, 0);(4, 1):empty"
262,5,interact,"(1, 3)","(-1, 0)",,"(1, 1)","(0, -1)",,"(0, 1):dish;(3, 0):soup('onion', 1, 0)","(3, 0):soup('onion', 1, 0);(4, 1):empty",120.0,90.0,1,"(0, 1)",-0.003600000000000003,0.0,0.0,-0.003600000000000003,120.0,90.0,False,"(1, 3)",onion,"(1, 2)",,"(0, 1):dish;(3, 0):soup('onion', 1, 0)","(3, 0):soup('onion', 1, 0);(4, 1):empty"
263,2,"(1, 0)","(1, 3)","(-1, 0)",onion,"(1, 2)","(0, 1)",,"(0, 1):dish;(3, 0):soup('onion', 1, 0)","(3, 0):soup('onion', 1, 0);(4, 1):empty",120.0,90.0,1,"(0, 1)",-0.003600000000000003,0.0,0.0,-0.003600000000000003,120.0,90.0,False,"(2, 3)",onion,"(1, 3)",,"(0, 1):dish;(3, 0):soup('onion', 1, 0)","(3, 0):soup('onion', 1, 0);(4, 1):empty"
264,2,"(1, 0)","(2, 3)","(1, 0)",onion,"(1, 3)","(0, 1)",,"(0, 1):dish;(3, 0):soup('onion', 1, 0)","(3, 0):soup('onion', 1, 0);(4, 1):empty",120.0,90.0,5,interact,-0.003600000000000003,0.0,0.0,-0.003600000000000003,120.0,90.0,False,"(3, 3)",onion,"(1, 3)",onion,"(0, 1):dish;(3, 0):soup('onion', 1, 0)","(3, 0):soup('onion', 1, 0);(4, 1):empty"
265,0,"(0, -1)","(3, 3)","(1, 0)",onion,"(1, 3)","(0, 1)",onion,"(0, 1):dish;(3, 0):soup('onion', 1, 0)","(3, 0):soup('onion', 1, 0);(4, 1):empty",120.0,90.0,5,interact,-0.003600000000000003,0.0,0.0,-0.003600000000000003,120.0,90.0,False,"(3, 2)",onion,"(1, 3)",onion,"(0, 1):dish;(3, 0):soup('onion', 1, 0)","(3, 0):soup('onion', 1, 0);(4, 1):empty"
266,0,"(0, -1)","(3, 2)","(0, -1)",onion,"(1, 3)","(0, 1)",onion,"(0, 1):dish;(3, 0):soup('onion', 1, 0)","(3, 0):soup('onion', 1, 0);(4, 1):empty",120.0,90.0,5,interact,-0.003600000000000003,0.0,0.0,-0.003600000000000003,120.0,90.0,False,"(3, 1)",onion,"(1, 3)",onion,"(0, 1):dish;(3, 0):soup('onion', 1, 0)","(3, 0):soup('onion', 1, 0);(4, 1):empty"
267,5,interact,"(3, 1)","(0, -1)",onion,"(1, 3)","(0, 1)",onion,"(0, 1):dish;(3, 0):soup('onion', 1, 0)","(3, 0):soup('onion', 1, 0);(4, 1):empty",120.0,90.0,5,interact,3.3528,0.0,3.0,0.35279999999999995,120.0,93.0,False,"(3, 1)",,"(1, 3)",onion,"(0, 1):dish;(3, 0):soup('onion', 2, 0)","(3, 0):soup('onion', 2, 0);(4, 1):empty"
268,0,"(0, -1)","(3, 1)","(0, -1)",,"(1, 3)","(0, 1)",onion,"(0, 1):dish;(3, 0):soup('onion', 2, 0)","(3, 0):soup('onion', 2, 0);(4, 1):empty",120.0,93.0,2,"(1, 0)",-0.007200000000000006,0.0,0.0,-0.007200000000000006,120.0,93.0,False,"(3, 1)",,"(2, 3)",onion,"(0, 1):dish;(3, 0):soup('onion', 2, 0)","(3, 0):soup('onion', 2, 0);(4, 1):empty"
269,4,"(0, 0)","(3, 1)","(0, -1)",,"(2, 3)","(1, 0)",onion,"(0, 1):dish;(3, 0):soup('onion', 2, 0)","(3, 0):soup('onion', 2, 0);(4, 1):empty",120.0,93.0,2,"(1, 0)",-0.007200000000000006,0.0,0.0,-0.007200000000000006,120.0,93.0,False,"(3, 1)",,"(3, 3)",onion,"(0, 1):dish;(3, 0):soup('onion', 2, 0)","(3, 0):soup('onion', 2, 0);(4, 1):empty"
270,3,"(-1, 0)","(3, 1)","(0, -1)",,"(3, 3)","(1, 0)",onion,"(0, 1):dish;(3, 0):soup('onion', 2, 0)","(3, 0):soup('onion', 2, 0);(4, 1):empty",120.0,93.0,0,"(0, -1)",-0.007200000000000006,0.0,0.0,-0.007200000000000006,120.0,93.0,False,"(2, 1)",,"(3, 2)",onion,"(0, 1):dish;(3, 0):soup('onion', 2, 0)","(3, 0):soup('onion', 2, 0);(4, 1):empty"
271,3,"(-1, 0)","(2, 1)","(-1, 0)",,"(3, 2)","(0, -1)",onion,"(0, 1):dish;(3, 0):soup('onion', 2, 0)","(3, 0):soup('onion', 2, 0);(4, 1):empty",120.0,93.0,0,"(0, -1)",-0.007200000000000006,0.0,0.0,-0.007200000000000006,120.0,93.0,False,"(1, 1)",,"(3, 1)",onion,"(0, 1):dish;(3, 0):soup('onion', 2, 0)","(3, 0):soup('onion', 2, 0);(4, 1):empty"
272,3,"(-1, 0)","(1, 1)","(-1, 0)",,"(3, 1)","(0, -1)",onion,"(0, 1):dish;(3, 0):soup('onion', 2, 0)","(3, 0):soup('onion', 2, 0);(4, 1):empty",120.0,93.0,5,interact,3.468,0.0,3.0,0.46799999999999997,120.0,96.0,False,"(1, 1)",,"(3, 1)",,"(0, 1):dish;(3, 0):soup('onion', 3, 1)","(3, 0):soup('onion', 3, 1);(4, 1):empty"
273,1,"(0, 1)","(1, 1)","(-1, 0)",,"(3, 1)","(0, -1)",,"(0, 1):dish;(3, 0):soup('onion', 3, 1)","(3, 0):soup('onion', 3, 1);(4, 1):empty",120.0,96.0,1,"(0, 1)",-0.01200000000000001,0.0,0.0,-0.01200000000000001,120.0,96.0,False,"(1, 2)",,"(3, 2)",,"(0, 1):dish;(3, 0):soup('onion', 3, 2)","(3, 0):soup('onion', 3, 2);(4, 1):empty"
274,3,"(-1, 0)","(1, 2)","(0, 1)",,"(3, 2)","(0, 1)",,"(0, 1):dish;(3, 0):soup('onion', 3, 2)","(3, 0):soup('onion', 3, 2);(4, 1):empty",120.0,96.0,1,"(0, 1)",-0.01200000000000001,0.0,0.0,-0.01200000000000001,120.0,96.0,False,"(1, 2)",,"(3, 3)",,"(0, 1):dish;(3, 0):soup('onion', 3, 3)","(3, 0):soup('onion', 3, 3);(4, 1):empty"
275,5,interact,"(1, 2)","(-1, 0)",,"(3, 3)","(0, 1)",,"(0, 1):dish;(3, 0):soup('onion', 3, 3)","(3, 0):soup('onion', 3, 3);(4, 1):empty",120.0,96.0,3,"(-1, 0)",-0.01200000000000001,0.0,0.0,-0.01200000000000001,120.0,96.0,False,"(1, 2)",dish,"(2, 3)",,"(0, 1):dish;(3, 0):soup('onion', 3, 4)","(3, 0):soup('onion', 3, 4);(4, 1):empty"
276,2,"(1, 0)","(1, 2)","(-1, 0)",dish,"(2, 3)","(-1, 0)",,"(0, 1):dish;(3, 0):soup('onion', 3, 4)","(3, 0):soup('onion', 3, 4);(4, 1):empty",120.0,96.0,1,"(0, 1)",-0.01200000000000001,0.0,0.0,-0.01200000000000001,120.0,96.0,False,"(1, 2)",dish,"(2, 3)",,"(0, 1):dish;(3, 0):soup('onion', 3, 5)","(3, 0):soup('onion', 3, 5);(4, 1):empty"
277,0,"(0, -1)","(1, 2)","(1, 0)",dish,"(2, 3)","(0, 1)",,"(0, 1):dish;(3, 0):soup('onion', 3, 5)","(3, 0):soup('onion', 3, 5);(4, 1):empty",120.0,96.0,3,"(-1, 0)",-0.01200000000000001,0.0,0.0,-0.01200000000000001,120.0,96.0,False,"(1, 1)",dish,"(1, 3)",,"(0, 1):dish;(3, 0):soup('onion', 3, 6)","(3, 0):soup('onion', 3, 6);(4, 1):empty"
278,2,"(1, 0)","(1, 1)","(0, -1)",dish,"(1, 3)","(-1, 0)",,"(0, 1):dish;(3, 0):soup('onion', 3, 6)","(3, 0):soup('onion', 3, 6);(4, 1):empty",120.0,96.0,5,interact,-0.01200000000000001,0.0,0.0,-0.01200000000000001,120.0,96.0,False,"(2, 1)",dish,"(1, 3)",onion,"(0, 1):dish;(3, 0):soup('onion', 3, 7)","(3, 0):soup('onion', 3, 7);(4, 1):empty"
279,1,"(0, 1)","(2, 1)","(1, 0)",dish,"(1, 3)","(-1, 0)",onion,"(0, 1):dish;(3, 0):soup('onion', 3, 7)","(3, 0):soup('onion', 3, 7);(4, 1):empty",120.0,96.0,5,interact,-0.01200000000000001,0.0,0.0,-0.01200000000000001,120.0,96.0,False,"(2, 1)",dish,"(1, 3)",onion,"(0, 1):dish;(3, 0):soup('onion', 3, 8)","(3, 0):soup('onion', 3, 8);(4, 1):empty"
280,2,"(1, 0)","(2, 1)","(0, 1)",dish,"(1, 3)","(-1, 0)",onion,"(0, 1):dish;(3, 0):soup('onion', 3, 8)","(3, 0):soup('onion', 3, 8);(4, 1):empty",120.0,96.0,1,"(0, 1)",-0.01200000000000001,0.0,0.0,-0.01200000000000001,120.0,96.0,False,"(3, 1)",dish,"(1, 3)",onion,"(0, 1):dish;(3, 0):soup('onion', 3, 9)","(3, 0):soup('onion', 3, 9);(4, 1):empty"
281,4,"(0, 0)","(3, 1)","(1, 0)",dish,"(1, 3)","(0, 1)",onion,"(0, 1):dish;(3, 0):soup('onion', 3, 9)","(3, 0):soup('onion', 3, 9);(4, 1):empty",120.0,96.0,5,interact,-0.01200000000000001,0.0,0.0,-0.01200000000000001,120.0,96.0,False,"(3, 1)",dish,"(1, 3)",onion,"(0, 1):dish;(3, 0):soup('onion', 3, 10)","(3, 0):soup('onion', 3, 10);(4, 1):empty"
282,4,"(0, 0)","(3, 1)","(1, 0)",dish,"(1, 3)","(0, 1)",onion,"(0, 1):dish;(3, 0):soup('onion', 3, 10)","(3, 0):soup('onion', 3, 10);(4, 1):empty",120.0,96.0,5,interact,-0.01200000000000001,0.0,0.0,-0.01200000000000001,120.0,96.0,False,"(3, 1)",dish,"(1, 3)",onion,"(0, 1):dish;(3, 0):soup('onion', 3, 11)","(3, 0):soup('onion', 3, 11);(4, 1):empty"
283,4,"(0, 0)","(3, 1)","(1, 0)",dish,"(1, 3)","(0, 1)",onion,"(0, 1):dish;(3, 0):soup('onion', 3, 11)","(3, 0):soup('onion', 3, 11);(4, 1):empty",120.0,96.0,5,interact,-0.01200000000000001,0.0,0.0,-0.01200000000000001,120.0,96.0,False,"(3, 1)",dish,"(1, 3)",onion,"(0, 1):dish;(3, 0):soup('onion', 3, 12)","(3, 0):soup('onion', 3, 12);(4, 1):empty"
284,4,"(0, 0)","(3, 1)","(1, 0)",dish,"(1, 3)","(0, 1)",onion,"(0, 1):dish;(3, 0):soup('onion', 3, 12)","(3, 0):soup('onion', 3, 12);(4, 1):empty",120.0,96.0,5,interact,-0.01200000000000001,0.0,0.0,-0.01200000000000001,120.0,96.0,False,"(3, 1)",dish,"(1, 3)",onion,"(0, 1):dish;(3, 0):soup('onion', 3, 13)","(3, 0):soup('onion', 3, 13);(4, 1):empty"
285,4,"(0, 0)","(3, 1)","(1, 0)",dish,"(1, 3)","(0, 1)",onion,"(0, 1):dish;(3, 0):soup('onion', 3, 13)","(3, 0):soup('onion', 3, 13);(4, 1):empty",120.0,96.0,5,interact,-0.01200000000000001,0.0,0.0,-0.01200000000000001,120.0,96.0,False,"(3, 1)",dish,"(1, 3)",onion,"(0, 1):dish;(3, 0):soup('onion', 3, 14)","(3, 0):soup('onion', 3, 14);(4, 1):empty"
286,4,"(0, 0)","(3, 1)","(1, 0)",dish,"(1, 3)","(0, 1)",onion,"(0, 1):dish;(3, 0):soup('onion', 3, 14)","(3, 0):soup('onion', 3, 14);(4, 1):empty",120.0,96.0,5,interact,-0.01200000000000001,0.0,0.0,-0.01200000000000001,120.0,96.0,False,"(3, 1)",dish,"(1, 3)",onion,"(0, 1):dish;(3, 0):soup('onion', 3, 15)","(3, 0):soup('onion', 3, 15);(4, 1):empty"
287,4,"(0, 0)","(3, 1)","(1, 0)",dish,"(1, 3)","(0, 1)",onion,"(0, 1):dish;(3, 0):soup('onion', 3, 15)","(3, 0):soup('onion', 3, 15);(4, 1):empty",120.0,96.0,5,interact,-0.01200000000000001,0.0,0.0,-0.01200000000000001,120.0,96.0,False,"(3, 1)",dish,"(1, 3)",onion,"(0, 1):dish;(3, 0):soup('onion', 3, 16)","(3, 0):soup('onion', 3, 16);(4, 1):empty"
288,4,"(0, 0)","(3, 1)","(1, 0)",dish,"(1, 3)","(0, 1)",onion,"(0, 1):dish;(3, 0):soup('onion', 3, 16)","(3, 0):soup('onion', 3, 16);(4, 1):empty",120.0,96.0,5,interact,-0.01200000000000001,0.0,0.0,-0.01200000000000001,120.0,96.0,False,"(3, 1)",dish,"(1, 3)",onion,"(0, 1):dish;(3, 0):soup('onion', 3, 17)","(3, 0):soup('onion', 3, 17);(4, 1):empty"
289,4,"(0, 0)","(3, 1)","(1, 0)",dish,"(1, 3)","(0, 1)",onion,"(0, 1):dish;(3, 0):soup('onion', 3, 17)","(3, 0):soup('onion', 3, 17);(4, 1):empty",120.0,96.0,5,interact,-0.01200000000000001,0.0,0.0,-0.01200000000000001,120.0,96.0,False,"(3, 1)",dish,"(1, 3)",onion,"(0, 1):dish;(3, 0):soup('onion', 3, 18)","(3, 0):soup('onion', 3, 18);(4, 1):empty"
290,4,"(0, 0)","(3, 1)","(1, 0)",dish,"(1, 3)","(0, 1)",onion,"(0, 1):dish;(3, 0):soup('onion', 3, 18)","(3, 0):soup('onion', 3, 18);(4, 1):empty",120.0,96.0,5,interact,-0.01200000000000001,0.0,0.0,-0.01200000000000001,120.0,96.0,False,"(3, 1)",dish,"(1, 3)",onion,"(0, 1):dish;(3, 0):soup('onion', 3, 19)","(3, 0):soup('onion', 3, 19);(4, 1):empty"
291,4,"(0, 0)","(3, 1)","(1, 0)",dish,"(1, 3)","(0, 1)",onion,"(0, 1):dish;(3, 0):soup('onion', 3, 19)","(3, 0):soup('onion', 3, 19);(4, 1):empty",120.0,96.0,5,interact,0.5819999999999999,0.0,0.0,0.5819999999999999,120.0,96.0,False,"(3, 1)",dish,"(1, 3)",onion,"(0, 1):dish;(3, 0):soup('onion', 3, 20)","(3, 0):soup('onion', 3, 20);(4, 1):empty"
292,0,"(0, -1)","(3, 1)","(1, 0)",dish,"(1, 3)","(0, 1)",onion,"(0, 1):dish;(3, 0):soup('onion', 3, 20)","(3, 0):soup('onion', 3, 20);(4, 1):empty",120.0,96.0,4,"(0, 0)",-0.018000000000000148,0.0,0.0,-0.018000000000000148,120.0,96.0,False,"(3, 1)",dish,"(1, 3)",onion,"(0, 1):dish;(3, 0):soup('onion', 3, 20)","(3, 0):soup('onion', 3, 20);(4, 1):empty"
293,5,interact,"(3, 1)","(0, -1)",dish,"(1, 3)","(0, 1)",onion,"(0, 1):dish;(3, 0):soup('onion', 3, 20)","(3, 0):soup('onion', 3, 20);(4, 1):empty",120.0,96.0,2,"(1, 0)",5.3384,0.0,5.0,0.33840000000000003,120.0,101.0,False,"(3, 1)","soup('onion', 3, 20)","(2, 3)",onion,"(0, 1):dish","(3, 0):empty;(4, 1):empty"
294,3,"(-1, 0)","(3, 1)","(0, -1)","soup('onion', 3, 20)","(2, 3)","(1, 0)",onion,"(0, 1):dish","(3, 0):empty;(4, 1):empty",120.0,101.0,2,"(1, 0)",0.0378000000000001,0.0,0.0,0.0378000000000001,120.0,101.0,False,"(2, 1)","soup('onion', 3, 20)","(3, 3)",onion,"(0, 1):dish","(3, 0):empty;(4, 1):empty"
295,1,"(0, 1)","(2, 1)","(-1, 0)","soup('onion', 3, 20)","(3, 3)","(1, 0)",onion,"(0, 1):dish","(3, 0):empty;(4, 1):empty",120.0,101.0,0,"(0, -1)",-0.022199999999999952,0.0,0.0,-0.022199999999999952,120.0,101.0,False,"(2, 1)","soup('onion', 3, 20)","(3, 2)",onion,"(0, 1):dish","(3, 0):empty;(4, 1):empty"
296,3,"(-1, 0)","(2, 1)","(0, 1)","soup('onion', 3, 20)","(3, 2)","(0, -1)",onion,"(0, 1):dish","(3, 0):empty;(4, 1):empty",120.0,101.0,0,"(0, -1)",-0.08160000000000008,0.0,0.0,-0.08160000000000008,120.0,101.0,False,"(1, 1)","soup('onion', 3, 20)","(3, 1)",onion,"(0, 1):dish","(3, 0):empty;(4, 1):empty"
297,1,"(0, 1)","(1, 1)","(-1, 0)","soup('onion', 3, 20)","(3, 1)","(0, -1)",onion,"(0, 1):dish","(3, 0):empty;(4, 1):empty",120.0,101.0,5,interact,3.3941999999999997,0.0,3.0,0.3941999999999997,120.0,104.0,False,"(1, 2)","soup('onion', 3, 20)","(3, 1)",,"(0, 1):dish;(3, 0):soup('onion', 1, 0)","(3, 0):soup('onion', 1, 0);(4, 1):empty"
298,1,"(0, 1)","(1, 2)","(0, 1)","soup('onion', 3, 20)","(3, 1)","(0, -1)",,"(0, 1):dish;(3, 0):soup('onion', 1, 0)","(3, 0):soup('onion', 1, 0);(4, 1):empty",120.0,104.0,5,interact,0.033600000000000026,0.0,0.0,0.033600000000000026,120.0,104.0,False,"(1, 3)","soup('onion', 3, 20)","(3, 1)",,"(0, 1):dish;(3, 0):soup('onion', 1, 0)","(3, 0):soup('onion', 1, 0);(4, 1):empty"
299,2,"(1, 0)","(1, 3)","(0, 1)","soup('onion', 3, 20)","(3, 1)","(0, -1)",,"(0, 1):dish;(3, 0):soup('onion', 1, 0)","(3, 0):soup('onion', 1, 0);(4, 1):empty",120.0,104.0,3,"(-1, 0)",-0.002639999999999709,0.0,0.0,-0.002639999999999709,120.0,104.0,False,"(2, 3)","soup('onion', 3, 20)","(2, 1)",,"(0, 1):dish;(3, 0):soup('onion', 1, 0)","(3, 0):soup('onion', 1, 0);(4, 1):empty"
300,1,"(0, 1)","(2, 3)","(1, 0)","soup('onion', 3, 20)","(2, 1)","(-1, 0)",,"(0, 1):dish;(3, 0):soup('onion', 1, 0)","(3, 0):soup('onion', 1, 0);(4, 1):empty",120.0,104.0,3,"(-1, 0)",-0.062280000000000335,0.0,0.0,-0.062280000000000335,120.0,104.0,False,"(2, 3)","soup('onion', 3, 20)","(1, 1)",,"(0, 1):dish;(3, 0):soup('onion', 1, 0)","(3, 0):soup('onion', 1, 0);(4, 1):empty"
301,5,interact,"(2, 3)","(0, 1)","soup('onion', 3, 20)","(1, 1)","(-1, 0)",,"(0, 1):dish;(3, 0):soup('onion', 1, 0)","(3, 0):soup('onion', 1, 0);(4, 1):empty",120.0,104.0,0,"(0, -1)",17.7284,20.0,0.0,-2.2716,140.0,104.0,True,"(2, 3)",,"(1, 1)",,"(0, 1):dish;(3, 0):soup('onion', 1, 0)","(3, 0):soup('onion', 1, 0);(4, 1):empty"
302,3,"(-1, 0)","(2, 3)","(0, 1)",,"(1, 1)","(0, -1)",,"(0, 1):dish;(3, 0):soup('onion', 1, 0)","(3, 0):soup('onion', 1, 0);(4, 1):empty",140.0,104.0,0,"(0, -1)",-0.003600000000000003,0.0,0.0,-0.003600000000000003,140.0,104.0,False,"(1, 3)",,"(1, 1)",,"(0, 1):dish;(3, 0):soup('onion', 1, 0)","(3, 0):soup('onion', 1, 0);(4, 1):empty"
303,5,interact,"(1, 3)","(-1, 0)",,"(1, 1)","(0, -1)",,"(0, 1):dish;(3, 0):soup('onion', 1, 0)","(3, 0):soup('onion', 1, 0);(4, 1):empty",140.0,104.0,1,"(0, 1)",-0.003600000000000003,0.0,0.0,-0.003600000000000003,140.0,104.0,False,"(1, 3)",onion,"(1, 2)",,"(0, 1):dish;(3, 0):soup('onion', 1, 0)","(3, 0):soup('onion', 1, 0);(4, 1):empty"
304,2,"(1, 0)","(1, 3)","(-1, 0)",onion,"(1, 2)","(0, 1)",,"(0, 1):dish;(3, 0):soup('onion', 1, 0)","(3, 0):soup('onion', 1, 0);(4, 1):empty",140.0,104.0,1,"(0, 1)",-0.003600000000000003,0.0,0.0,-0.003600000000000003,140.0,104.0,False,"(2, 3)",onion,"(1, 3)",,"(0, 1):dish;(3, 0):soup('onion', 1, 0)","(3, 0):soup('onion', 1, 0);(4, 1):empty"
305,2,"(1, 0)","(2, 3)","(1, 0)",onion,"(1, 3)","(0, 1)",,"(0, 1):dish;(3, 0):soup('onion', 1, 0)","(3, 0):soup('onion', 1, 0);(4, 1):empty",140.0,104.0,5,interact,-0.003600000000000003,0.0,0.0,-0.003600000000000003,140.0,104.0,False,"(3, 3)",onion,"(1, 3)",onion,"(0, 1):dish;(3, 0):soup('onion', 1, 0)","(3, 0):soup('onion', 1, 0);(4, 1):empty"
306,0,"(0, -1)","(3, 3)","(1, 0)",onion,"(1, 3)","(0, 1)",onion,"(0, 1):dish;(3, 0):soup('onion', 1, 0)","(3, 0):soup('onion', 1, 0);(4, 1):empty",140.0,104.0,5,interact,-0.003600000000000003,0.0,0.0,-0.003600000000000003,140.0,104.0,False,"(3, 2)",onion,"(1, 3)",onion,"(0, 1):dish;(3, 0):soup('onion', 1, 0)","(3, 0):soup('onion', 1, 0);(4, 1):empty"
307,0,"(0, -1)","(3, 2)","(0, -1)",onion,"(1, 3)","(0, 1)",onion,"(0, 1):dish;(3, 0):soup('onion', 1, 0)","(3, 0):soup('onion', 1, 0);(4, 1):empty",140.0,104.0,5,interact,-0.003600000000000003,0.0,0.0,-0.003600000000000003,140.0,104.0,False,"(3, 1)",onion,"(1, 3)",onion,"(0, 1):dish;(3, 0):soup('onion', 1, 0)","(3, 0):soup('onion', 1, 0);(4, 1):empty"
308,5,interact,"(3, 1)","(0, -1)",onion,"(1, 3)","(0, 1)",onion,"(0, 1):dish;(3, 0):soup('onion', 1, 0)","(3, 0):soup('onion', 1, 0);(4, 1):empty",140.0,104.0,5,interact,3.3528,0.0,3.0,0.35279999999999995,140.0,107.0,False,"(3, 1)",,"(1, 3)",onion,"(0, 1):dish;(3, 0):soup('onion', 2, 0)","(3, 0):soup('onion', 2, 0);(4, 1):empty"
309,0,"(0, -1)","(3, 1)","(0, -1)",,"(1, 3)","(0, 1)",onion,"(0, 1):dish;(3, 0):soup('onion', 2, 0)","(3, 0):soup('onion', 2, 0);(4, 1):empty",140.0,107.0,2,"(1, 0)",-0.007200000000000006,0.0,0.0,-0.007200000000000006,140.0,107.0,False,"(3, 1)",,"(2, 3)",onion,"(0, 1):dish;(3, 0):soup('onion', 2, 0)","(3, 0):soup('onion', 2, 0);(4, 1):empty"
310,4,"(0, 0)","(3, 1)","(0, -1)",,"(2, 3)","(1, 0)",onion,"(0, 1):dish;(3, 0):soup('onion', 2, 0)","(3, 0):soup('onion', 2, 0);(4, 1):empty",140.0,107.0,2,"(1, 0)",-0.007200000000000006,0.0,0.0,-0.007200000000000006,140.0,107.0,False,"(3, 1)",,"(3, 3)",onion,"(0, 1):dish;(3, 0):soup('onion', 2, 0)","(3, 0):soup('onion', 2, 0);(4, 1):empty"
311,3,"(-1, 0)","(3, 1)","(0, -1)",,"(3, 3)","(1, 0)",onion,"(0, 1):dish;(3, 0):soup('onion', 2, 0)","(3, 0):soup('onion', 2, 0);(4, 1):empty",140.0,107.0,0,"(0, -1)",-0.007200000000000006,0.0,0.0,-0.007200000000000006,140.0,107.0,False,"(2, 1)",,"(3, 2)",onion,"(0, 1):dish;(3, 0):soup('onion', 2, 0)","(3, 0):soup('onion', 2, 0);(4, 1):empty"
312,3,"(-1, 0)","(2, 1)","(-1, 0)",,"(3, 2)","(0, -1)",onion,"(0, 1):dish;(3, 0):soup('onion', 2, 0)","(3, 0):soup('onion', 2, 0);(4, 1):empty",140.0,107.0,0,"(0, -1)",-0.007200000000000006,0.0,0.0,-0.007200000000000006,140.0,107.0,False,"(1, 1)",,"(3, 1)",onion,"(0, 1):dish;(3, 0):soup('onion', 2, 0)","(3, 0):soup('onion', 2, 0);(4, 1):empty"
313,3,"(-1, 0)","(1, 1)","(-1, 0)",,"(3, 1)","(0, -1)",onion,"(0, 1):dish;(3, 0):soup('onion', 2, 0)","(3, 0):soup('onion', 2, 0);(4, 1):empty",140.0,107.0,5,interact,3.468,0.0,3.0,0.46799999999999997,140.0,110.0,False,"(1, 1)",,"(3, 1)",,"(0, 1):dish;(3, 0):soup('onion', 3, 1)","(3, 0):soup('onion', 3, 1);(4, 1):empty"
314,1,"(0, 1)","(1, 1)","(-1, 0)",,"(3, 1)","(0, -1)",,"(0, 1):dish;(3, 0):soup('onion', 3, 1)","(3, 0):soup('onion', 3, 1);(4, 1):empty",140.0,110.0,1,"(0, 1)",-0.01200000000000001,0.0,0.0,-0.01200000000000001,140.0,110.0,False,"(1, 2)",,"(3, 2)",,"(0, 1):dish;(3, 0):soup('onion', 3, 2)","(3, 0):soup('onion', 3, 2);(4, 1):empty"
315,3,"(-1, 0)","(1, 2)","(0, 1)",,"(3, 2)","(0, 1)",,"(0, 1):dish;(3, 0):soup('onion', 3, 2)","(3, 0):soup('onion', 3, 2);(4, 1):empty",140.0,110.0,1,"(0, 1)",-0.01200000000000001,0.0,0.0,-0.01200000000000001,140.0,110.0,False,"(1, 2)",,"(3, 3)",,"(0, 1):dish;(3, 0):soup('onion', 3, 3)","(3, 0):soup('onion', 3, 3);(4, 1):empty"
316,5,interact,"(1, 2)","(-1, 0)",,"(3, 3)","(0, 1)",,"(0, 1):dish;(3, 0):soup('onion', 3, 3)","(3, 0):soup('onion', 3, 3);(4, 1):empty",140.0,110.0,3,"(-1, 0)",-0.01200000000000001,0.0,0.0,-0.01200000000000001,140.0,110.0,False,"(1, 2)",dish,"(2, 3)",,"(0, 1):dish;(3, 0):soup('onion', 3, 4)","(3, 0):soup('onion', 3, 4);(4, 1):empty"
317,2,"(1, 0)","(1, 2)","(-1, 0)",dish,"(2, 3)","(-1, 0)",,"(0, 1):dish;(3, 0):soup('onion', 3, 4)","(3, 0):soup('onion', 3, 4);(4, 1):empty",140.0,110.0,1,"(0, 1)",-0.01200000000000001,0.0,0.0,-0.01200000000000001,140.0,110.0,False,"(1, 2)",dish,"(2, 3)",,"(0, 1):dish;(3, 0):soup('onion', 3, 5)","(3, 0):soup('onion', 3, 5);(4, 1):empty"
318,0,"(0, -1)","(1, 2)","(1, 0)",dish,"(2, 3)","(0, 1)",,"(0, 1):dish;(3, 0):soup('onion', 3, 5)","(3, 0):soup('onion', 3, 5);(4, 1):empty",140.0,110.0,3,"(-1, 0)",-0.01200000000000001,0.0,0.0,-0.01200000000000001,140.0,110.0,False,"(1, 1)",dish,"(1, 3)",,"(0, 1):dish;(3, 0):soup('onion', 3, 6)","(3, 0):soup('onion', 3, 6);(4, 1):empty"
319,2,"(1, 0)","(1, 1)","(0, -1)",dish,"(1, 3)","(-1, 0)",,"(0, 1):dish;(3, 0):soup('onion', 3, 6)","(3, 0):soup('onion', 3, 6);(4, 1):empty",140.0,110.0,5,interact,-0.01200000000000001,0.0,0.0,-0.01200000000000001,140.0,110.0,False,"(2, 1)",dish,"(1, 3)",onion,"(0, 1):dish;(3, 0):soup('onion', 3, 7)","(3, 0):soup('onion', 3, 7);(4, 1):empty"
320,1,"(0, 1)","(2, 1)","(1, 0)",dish,"(1, 3)","(-1, 0)",onion,"(0, 1):dish;(3, 0):soup('onion', 3, 7)","(3, 0):soup('onion', 3, 7);(4, 1):empty",140.0,110.0,5,interact,-0.01200000000000001,0.0,0.0,-0.01200000000000001,140.0,110.0,False,"(2, 1)",dish,"(1, 3)",onion,"(0, 1):dish;(3, 0):soup('onion', 3, 8)","(3, 0):soup('onion', 3, 8);(4, 1):empty"
321,2,"(1, 0)","(2, 1)","(0, 1)",dish,"(1, 3)","(-1, 0)",onion,"(0, 1):dish;(3, 0):soup('onion', 3, 8)","(3, 0):soup('onion', 3, 8);(4, 1):empty",140.0,110.0,1,"(0, 1)",-0.01200000000000001,0.0,0.0,-0.01200000000000001,140.0,110.0,False,"(3, 1)",dish,"(1, 3)",onion,"(0, 1):dish;(3, 0):soup('onion', 3, 9)","(3, 0):soup('onion', 3, 9);(4, 1):empty"
322,4,"(0, 0)","(3, 1)","(1, 0)",dish,"(1, 3)","(0, 1)",onion,"(0, 1):dish;(3, 0):soup('onion', 3, 9)","(3, 0):soup('onion', 3, 9);(4, 1):empty",140.0,110.0,5,interact,-0.01200000000000001,0.0,0.0,-0.01200000000000001,140.0,110.0,False,"(3, 1)",dish,"(1, 3)",onion,"(0, 1):dish;(3, 0):soup('onion', 3, 10)","(3, 0):soup('onion', 3, 10);(4, 1):empty"
323,4,"(0, 0)","(3, 1)","(1, 0)",dish,"(1, 3)","(0, 1)",onion,"(0, 1):dish;(3, 0):soup('onion', 3, 10)","(3, 0):soup('onion', 3, 10);(4, 1):empty",140.0,110.0,5,interact,-0.01200000000000001,0.0,0.0,-0.01200000000000001,140.0,110.0,False,"(3, 1)",dish,"(1, 3)",onion,"(0, 1):dish;(3, 0):soup('onion', 3, 11)","(3, 0):soup('onion', 3, 11);(4, 1):empty"
324,4,"(0, 0)","(3, 1)","(1, 0)",dish,"(1, 3)","(0, 1)",onion,"(0, 1):dish;(3, 0):soup('onion', 3, 11)","(3, 0):soup('onion', 3, 11);(4, 1):empty",140.0,110.0,5,interact,-0.01200000000000001,0.0,0.0,-0.01200000000000001,140.0,110.0,False,"(3, 1)",dish,"(1, 3)",onion,"(0, 1):dish;(3, 0):soup('onion', 3, 12)","(3, 0):soup('onion', 3, 12);(4, 1):empty"
325,4,"(0, 0)","(3, 1)","(1, 0)",dish,"(1, 3)","(0, 1)",onion,"(0, 1):dish;(3, 0):soup('onion', 3, 12)","(3, 0):soup('onion', 3, 12);(4, 1):empty",140.0,110.0,5,interact,-0.01200000000000001,0.0,0.0,-0.01200000000000001,140.0,110.0,False,"(3, 1)",dish,"(1, 3)",onion,"(0, 1):dish;(3, 0):soup('onion', 3, 13)","(3, 0):soup('onion', 3, 13);(4, 1):empty"
326,4,"(0, 0)","(3, 1)","(1, 0)",dish,"(1, 3)","(0, 1)",onion,"(0, 1):dish;(3, 0):soup('onion', 3, 13)","(3, 0):soup('onion', 3, 13);(4, 1):empty",140.0,110.0,5,interact,-0.01200000000000001,0.0,0.0,-0.01200000000000001,140.0,110.0,False,"(3, 1)",dish,"(1, 3)",onion,"(0, 1):dish;(3, 0):soup('onion', 3, 14)","(3, 0):soup('onion', 3, 14);(4, 1):empty"
327,4,"(0, 0)","(3, 1)","(1, 0)",dish,"(1, 3)","(0, 1)",onion,"(0, 1):dish;(3, 0):soup('onion', 3, 14)","(3, 0):soup('onion', 3, 14);(4, 1):empty",140.0,110.0,5,interact,-0.01200000000000001,0.0,0.0,-0.01200000000000001,140.0,110.0,False,"(3, 1)",dish,"(1, 3)",onion,"(0, 1):dish;(3, 0):soup('onion', 3, 15)","(3, 0):soup('onion', 3, 15);(4, 1):empty"
328,4,"(0, 0)","(3, 1)","(1, 0)",dish,"(1, 3)","(0, 1)",onion,"(0, 1):dish;(3, 0):soup('onion', 3, 15)","(3, 0):soup('onion', 3, 15);(4, 1):empty",140.0,110.0,5,interact,-0.01200000000000001,0.0,0.0,-0.01200000000000001,140.0,110.0,False,"(3, 1)",dish,"(1, 3)",onion,"(0, 1):dish;(3, 0):soup('onion', 3, 16)","(3, 0):soup('onion', 3, 16);(4, 1):empty"
329,4,"(0, 0)","(3, 1)","(1, 0)",dish,"(1, 3)","(0, 1)",onion,"(0, 1):dish;(3, 0):soup('onion', 3, 16)","(3, 0):soup('onion', 3, 16);(4, 1):empty",140.0,110.0,5,interact,-0.01200000000000001,0.0,0.0,-0.01200000000000001,140.0,110.0,False,"(3, 1)",dish,"(1, 3)",onion,"(0, 1):dish;(3, 0):soup('onion', 3, 17)","(3, 0):soup('onion', 3, 17);(4, 1):empty"
330,4,"(0, 0)","(3, 1)","(1, 0)",dish,"(1, 3)","(0, 1)",onion,"(0, 1):dish;(3, 0):soup('onion', 3, 17)","(3, 0):soup('onion', 3, 17);(4, 1):empty",140.0,110.0,5,interact,-0.01200000000000001,0.0,0.0,-0.01200000000000001,140.0,110.0,False,"(3, 1)",dish,"(1, 3)",onion,"(0, 1):dish;(3, 0):soup('onion', 3, 18)","(3, 0):soup('onion', 3, 18);(4, 1):empty"
331,4,"(0, 0)","(3, 1)","(1, 0)",dish,"(1, 3)","(0, 1)",onion,"(0, 1):dish;(3, 0):soup('onion', 3, 18)","(3, 0):soup('onion', 3, 18);(4, 1):empty",140.0,110.0,5,interact,-0.01200000000000001,0.0,0.0,-0.01200000000000001,140.0,110.0,False,"(3, 1)",dish,"(1, 3)",onion,"(0, 1):dish;(3, 0):soup('onion', 3, 19)","(3, 0):soup('onion', 3, 19);(4, 1):empty"
332,4,"(0, 0)","(3, 1)","(1, 0)",dish,"(1, 3)","(0, 1)",onion,"(0, 1):dish;(3, 0):soup('onion', 3, 19)","(3, 0):soup('onion', 3, 19);(4, 1):empty",140.0,110.0,5,interact,0.5819999999999999,0.0,0.0,0.5819999999999999,140.0,110.0,False,"(3, 1)",dish,"(1, 3)",onion,"(0, 1):dish;(3, 0):soup('onion', 3, 20)","(3, 0):soup('onion', 3, 20);(4, 1):empty"
333,0,"(0, -1)","(3, 1)","(1, 0)",dish,"(1, 3)","(0, 1)",onion,"(0, 1):dish;(3, 0):soup('onion', 3, 20)","(3, 0):soup('onion', 3, 20);(4, 1):empty",140.0,110.0,4,"(0, 0)",-0.018000000000000148,0.0,0.0,-0.018000000000000148,140.0,110.0,False,"(3, 1)",dish,"(1, 3)",onion,"(0, 1):dish;(3, 0):soup('onion', 3, 20)","(3, 0):soup('onion', 3, 20);(4, 1):empty"
334,5,interact,"(3, 1)","(0, -1)",dish,"(1, 3)","(0, 1)",onion,"(0, 1):dish;(3, 0):soup('onion', 3, 20)","(3, 0):soup('onion', 3, 20);(4, 1):empty",140.0,110.0,2,"(1, 0)",5.3384,0.0,5.0,0.33840000000000003,140.0,115.0,False,"(3, 1)","soup('onion', 3, 20)","(2, 3)",onion,"(0, 1):dish","(3, 0):empty;(4, 1):empty"
335,3,"(-1, 0)","(3, 1)","(0, -1)","soup('onion', 3, 20)","(2, 3)","(1, 0)",onion,"(0, 1):dish","(3, 0):empty;(4, 1):empty",140.0,115.0,2,"(1, 0)",0.0378000000000001,0.0,0.0,0.0378000000000001,140.0,115.0,False,"(2, 1)","soup('onion', 3, 20)","(3, 3)",onion,"(0, 1):dish","(3, 0):empty;(4, 1):empty"
336,1,"(0, 1)","(2, 1)","(-1, 0)","soup('onion', 3, 20)","(3, 3)","(1, 0)",onion,"(0, 1):dish","(3, 0):empty;(4, 1):empty",140.0,115.0,0,"(0, -1)",-0.022199999999999952,0.0,0.0,-0.022199999999999952,140.0,115.0,False,"(2, 1)","soup('onion', 3, 20)","(3, 2)",onion,"(0, 1):dish","(3, 0):empty;(4, 1):empty"
337,3,"(-1, 0)","(2, 1)","(0, 1)","soup('onion', 3, 20)","(3, 2)","(0, -1)",onion,"(0, 1):dish","(3, 0):empty;(4, 1):empty",140.0,115.0,0,"(0, -1)",-0.08160000000000008,0.0,0.0,-0.08160000000000008,140.0,115.0,False,"(1, 1)","soup('onion', 3, 20)","(3, 1)",onion,"(0, 1):dish","(3, 0):empty;(4, 1):empty"
338,1,"(0, 1)","(1, 1)","(-1, 0)","soup('onion', 3, 20)","(3, 1)","(0, -1)",onion,"(0, 1):dish","(3, 0):empty;(4, 1):empty",140.0,115.0,5,interact,3.3941999999999997,0.0,3.0,0.3941999999999997,140.0,118.0,False,"(1, 2)","soup('onion', 3, 20)","(3, 1)",,"(0, 1):dish;(3, 0):soup('onion', 1, 0)","(3, 0):soup('onion', 1, 0);(4, 1):empty"
339,1,"(0, 1)","(1, 2)","(0, 1)","soup('onion', 3, 20)","(3, 1)","(0, -1)",,"(0, 1):dish;(3, 0):soup('onion', 1, 0)","(3, 0):soup('onion', 1, 0);(4, 1):empty",140.0,118.0,5,interact,0.033600000000000026,0.0,0.0,0.033600000000000026,140.0,118.0,False,"(1, 3)","soup('onion', 3, 20)","(3, 1)",,"(0, 1):dish;(3, 0):soup('onion', 1, 0)","(3, 0):soup('onion', 1, 0);(4, 1):empty"
340,2,"(1, 0)","(1, 3)","(0, 1)","soup('onion', 3, 20)","(3, 1)","(0, -1)",,"(0, 1):dish;(3, 0):soup('onion', 1, 0)","(3, 0):soup('onion', 1, 0);(4, 1):empty",140.0,118.0,3,"(-1, 0)",-0.002639999999999709,0.0,0.0,-0.002639999999999709,140.0,118.0,False,"(2, 3)","soup('onion', 3, 20)","(2, 1)",,"(0, 1):dish;(3, 0):soup('onion', 1, 0)","(3, 0):soup('onion', 1, 0);(4, 1):empty"
341,1,"(0, 1)","(2, 3)","(1, 0)","soup('onion', 3, 20)","(2, 1)","(-1, 0)",,"(0, 1):dish;(3, 0):soup('onion', 1, 0)","(3, 0):soup('onion', 1, 0);(4, 1):empty",140.0,118.0,3,"(-1, 0)",-0.062280000000000335,0.0,0.0,-0.062280000000000335,140.0,118.0,False,"(2, 3)","soup('onion', 3, 20)","(1, 1)",,"(0, 1):dish;(3, 0):soup('onion', 1, 0)","(3, 0):soup('onion', 1, 0);(4, 1):empty"
342,5,interact,"(2, 3)","(0, 1)","soup('onion', 3, 20)","(1, 1)","(-1, 0)",,"(0, 1):dish;(3, 0):soup('onion', 1, 0)","(3, 0):soup('onion', 1, 0);(4, 1):empty",140.0,118.0,0,"(0, -1)",17.7284,20.0,0.0,-2.2716,160.0,118.0,True,"(2, 3)",,"(1, 1)",,"(0, 1):dish;(3, 0):soup('onion', 1, 0)","(3, 0):soup('onion', 1, 0);(4, 1):empty"
343,3,"(-1, 0)","(2, 3)","(0, 1)",,"(1, 1)","(0, -1)",,"(0, 1):dish;(3, 0):soup('onion', 1, 0)","(3, 0):soup('onion', 1, 0);(4, 1):empty",160.0,118.0,0,"(0, -1)",-0.003600000000000003,0.0,0.0,-0.003600000000000003,160.0,118.0,False,"(1, 3)",,"(1, 1)",,"(0, 1):dish;(3, 0):soup('onion', 1, 0)","(3, 0):soup('onion', 1, 0);(4, 1):empty"
344,5,interact,"(1, 3)","(-1, 0)",,"(1, 1)","(0, -1)",,"(0, 1):dish;(3, 0):soup('onion', 1, 0)","(3, 0):soup('onion', 1, 0);(4, 1):empty",160.0,118.0,1,"(0, 1)",-0.003600000000000003,0.0,0.0,-0.003600000000000003,160.0,118.0,False,"(1, 3)",onion,"(1, 2)",,"(0, 1):dish;(3, 0):soup('onion', 1, 0)","(3, 0):soup('onion', 1, 0);(4, 1):empty"
345,2,"(1, 0)","(1, 3)","(-1, 0)",onion,"(1, 2)","(0, 1)",,"(0, 1):dish;(3, 0):soup('onion', 1, 0)","(3, 0):soup('onion', 1, 0);(4, 1):empty",160.0,118.0,1,"(0, 1)",-0.003600000000000003,0.0,0.0,-0.003600000000000003,160.0,118.0,False,"(2, 3)",onion,"(1, 3)",,"(0, 1):dish;(3, 0):soup('onion', 1, 0)","(3, 0):soup('onion', 1, 0);(4, 1):empty"
346,2,"(1, 0)","(2, 3)","(1, 0)",onion,"(1, 3)","(0, 1)",,"(0, 1):dish;(3, 0):soup('onion', 1, 0)","(3, 0):soup('onion', 1, 0);(4, 1):empty",160.0,118.0,5,interact,-0.003600000000000003,0.0,0.0,-0.003600000000000003,160.0,118.0,False,"(3, 3)",onion,"(1, 3)",onion,"(0, 1):dish;(3, 0):soup('onion', 1, 0)","(3, 0):soup('onion', 1, 0);(4, 1):empty"
347,0,"(0, -1)","(3, 3)","(1, 0)",onion,"(1, 3)","(0, 1)",onion,"(0, 1):dish;(3, 0):soup('onion', 1, 0)","(3, 0):soup('onion', 1, 0);(4, 1):empty",160.0,118.0,5,interact,-0.003600000000000003,0.0,0.0,-0.003600000000000003,160.0,118.0,False,"(3, 2)",onion,"(1, 3)",onion,"(0, 1):dish;(3, 0):soup('onion', 1, 0)","(3, 0):soup('onion', 1, 0);(4, 1):empty"
348,0,"(0, -1)","(3, 2)","(0, -1)",onion,"(1, 3)","(0, 1)",onion,"(0, 1):dish;(3, 0):soup('onion', 1, 0)","(3, 0):soup('onion', 1, 0);(4, 1):empty",160.0,118.0,5,interact,-0.003600000000000003,0.0,0.0,-0.003600000000000003,160.0,118.0,False,"(3, 1)",onion,"(1, 3)",onion,"(0, 1):dish;(3, 0):soup('onion', 1, 0)","(3, 0):soup('onion', 1, 0);(4, 1):empty"
349,5,interact,"(3, 1)","(0, -1)",onion,"(1, 3)","(0, 1)",onion,"(0, 1):dish;(3, 0):soup('onion', 1, 0)","(3, 0):soup('onion', 1, 0);(4, 1):empty",160.0,118.0,5,interact,3.3528,0.0,3.0,0.35279999999999995,160.0,121.0,False,"(3, 1)",,"(1, 3)",onion,"(0, 1):dish;(3, 0):soup('onion', 2, 0)","(3, 0):soup('onion', 2, 0);(4, 1):empty"
350,0,"(0, -1)","(3, 1)","(0, -1)",,"(1, 3)","(0, 1)",onion,"(0, 1):dish;(3, 0):soup('onion', 2, 0)","(3, 0):soup('onion', 2, 0);(4, 1):empty",160.0,121.0,2,"(1, 0)",-0.007200000000000006,0.0,0.0,-0.007200000000000006,160.0,121.0,False,"(3, 1)",,"(2, 3)",onion,"(0, 1):dish;(3, 0):soup('onion', 2, 0)","(3, 0):soup('onion', 2, 0);(4, 1):empty"
351,4,"(0, 0)","(3, 1)","(0, -1)",,"(2, 3)","(1, 0)",onion,"(0, 1):dish;(3, 0):soup('onion', 2, 0)","(3, 0):soup('onion', 2, 0);(4, 1):empty",160.0,121.0,2,"(1, 0)",-0.007200000000000006,0.0,0.0,-0.007200000000000006,160.0,121.0,False,"(3, 1)",,"(3, 3)",onion,"(0, 1):dish;(3, 0):soup('onion', 2, 0)","(3, 0):soup('onion', 2, 0);(4, 1):empty"
352,3,"(-1, 0)","(3, 1)","(0, -1)",,"(3, 3)","(1, 0)",onion,"(0, 1):dish;(3, 0):soup('onion', 2, 0)","(3, 0):soup('onion', 2, 0);(4, 1):empty",160.0,121.0,0,"(0, -1)",-0.007200000000000006,0.0,0.0,-0.007200000000000006,160.0,121.0,False,"(2, 1)",,"(3, 2)",onion,"(0, 1):dish;(3, 0):soup('onion', 2, 0)","(3, 0):soup('onion', 2, 0);(4, 1):empty"
353,3,"(-1, 0)","(2, 1)","(-1, 0)",,"(3, 2)","(0, -1)",onion,"(0, 1):dish;(3, 0):soup('onion', 2, 0)","(3, 0):soup('onion', 2, 0);(4, 1):empty",160.0,121.0,0,"(0, -1)",-0.007200000000000006,0.0,0.0,-0.007200000000000006,160.0,121.0,False,"(1, 1)",,"(3, 1)",onion,"(0, 1):dish;(3, 0):soup('onion', 2, 0)","(3, 0):soup('onion', 2, 0);(4, 1):empty"
354,3,"(-1, 0)","(1, 1)","(-1, 0)",,"(3, 1)","(0, -1)",onion,"(0, 1):dish;(3, 0):soup('onion', 2, 0)","(3, 0):soup('onion', 2, 0);(4, 1):empty",160.0,121.0,5,interact,3.468,0.0,3.0,0.46799999999999997,160.0,124.0,False,"(1, 1)",,"(3, 1)",,"(0, 1):dish;(3, 0):soup('onion', 3, 1)","(3, 0):soup('onion', 3, 1);(4, 1):empty"
355,1,"(0, 1)","(1, 1)","(-1, 0)",,"(3, 1)","(0, -1)",,"(0, 1):dish;(3, 0):soup('onion', 3, 1)","(3, 0):soup('onion', 3, 1);(4, 1):empty",160.0,124.0,1,"(0, 1)",-0.01200000000000001,0.0,0.0,-0.01200000000000001,160.0,124.0,False,"(1, 2)",,"(3, 2)",,"(0, 1):dish;(3, 0):soup('onion', 3, 2)","(3, 0):soup('onion', 3, 2);(4, 1):empty"
356,3,"(-1, 0)","(1, 2)","(0, 1)",,"(3, 2)","(0, 1)",,"(0, 1):dish;(3, 0):soup('onion', 3, 2)","(3, 0):soup('onion', 3, 2);(4, 1):empty",160.0,124.0,1,"(0, 1)",-0.01200000000000001,0.0,0.0,-0.01200000000000001,160.0,124.0,False,"(1, 2)",,"(3, 3)",,"(0, 1):dish;(3, 0):soup('onion', 3, 3)","(3, 0):soup('onion', 3, 3);(4, 1):empty"
357,5,interact,"(1, 2)","(-1, 0)",,"(3, 3)","(0, 1)",,"(0, 1):dish;(3, 0):soup('onion', 3, 3)","(3, 0):soup('onion', 3, 3);(4, 1):empty",160.0,124.0,3,"(-1, 0)",-0.01200000000000001,0.0,0.0,-0.01200000000000001,160.0,124.0,False,"(1, 2)",dish,"(2, 3)",,"(0, 1):dish;(3, 0):soup('onion', 3, 4)","(3, 0):soup('onion', 3, 4);(4, 1):empty"
358,2,"(1, 0)","(1, 2)","(-1, 0)",dish,"(2, 3)","(-1, 0)",,"(0, 1):dish;(3, 0):soup('onion', 3, 4)","(3, 0):soup('onion', 3, 4);(4, 1):empty",160.0,124.0,1,"(0, 1)",-0.01200000000000001,0.0,0.0,-0.01200000000000001,160.0,124.0,False,"(1, 2)",dish,"(2, 3)",,"(0, 1):dish;(3, 0):soup('onion', 3, 5)","(3, 0):soup('onion', 3, 5);(4, 1):empty"
359,0,"(0, -1)","(1, 2)","(1, 0)",dish,"(2, 3)","(0, 1)",,"(0, 1):dish;(3, 0):soup('onion', 3, 5)","(3, 0):soup('onion', 3, 5);(4, 1):empty",160.0,124.0,3,"(-1, 0)",-0.01200000000000001,0.0,0.0,-0.01200000000000001,160.0,124.0,False,"(1, 1)",dish,"(1, 3)",,"(0, 1):dish;(3, 0):soup('onion', 3, 6)","(3, 0):soup('onion', 3, 6);(4, 1):empty"
360,2,"(1, 0)","(1, 1)","(0, -1)",dish,"(1, 3)","(-1, 0)",,"(0, 1):dish;(3, 0):soup('onion', 3, 6)","(3, 0):soup('onion', 3, 6);(4, 1):empty",160.0,124.0,5,interact,-0.01200000000000001,0.0,0.0,-0.01200000000000001,160.0,124.0,False,"(2, 1)",dish,"(1, 3)",onion,"(0, 1):dish;(3, 0):soup('onion', 3, 7)","(3, 0):soup('onion', 3, 7);(4, 1):empty"
361,1,"(0, 1)","(2, 1)","(1, 0)",dish,"(1, 3)","(-1, 0)",onion,"(0, 1):dish;(3, 0):soup('onion', 3, 7)","(3, 0):soup('onion', 3, 7);(4, 1):empty",160.0,124.0,5,interact,-0.01200000000000001,0.0,0.0,-0.01200000000000001,160.0,124.0,False,"(2, 1)",dish,"(1, 3)",onion,"(0, 1):dish;(3, 0):soup('onion', 3, 8)","(3, 0):soup('onion', 3, 8);(4, 1):empty"
362,2,"(1, 0)","(2, 1)","(0, 1)",dish,"(1, 3)","(-1, 0)",onion,"(0, 1):dish;(3, 0):soup('onion', 3, 8)","(3, 0):soup('onion', 3, 8);(4, 1):empty",160.0,124.0,1,"(0, 1)",-0.01200000000000001,0.0,0.0,-0.01200000000000001,160.0,124.0,False,"(3, 1)",dish,"(1, 3)",onion,"(0, 1):dish;(3, 0):soup('onion', 3, 9)","(3, 0):soup('onion', 3, 9);(4, 1):empty"
363,4,"(0, 0)","(3, 1)","(1, 0)",dish,"(1, 3)","(0, 1)",onion,"(0, 1):dish;(3, 0):soup('onion', 3, 9)","(3, 0):soup('onion', 3, 9);(4, 1):empty",160.0,124.0,5,interact,-0.01200000000000001,0.0,0.0,-0.01200000000000001,160.0,124.0,False,"(3, 1)",dish,"(1, 3)",onion,"(0, 1):dish;(3, 0):soup('onion', 3, 10)","(3, 0):soup('onion', 3, 10);(4, 1):empty"
364,4,"(0, 0)","(3, 1)","(1, 0)",dish,"(1, 3)","(0, 1)",onion,"(0, 1):dish;(3, 0):soup('onion', 3, 10)","(3, 0):soup('onion', 3, 10);(4, 1):empty",160.0,124.0,5,interact,-0.01200000000000001,0.0,0.0,-0.01200000000000001,160.0,124.0,False,"(3, 1)",dish,"(1, 3)",onion,"(0, 1):dish;(3, 0):soup('onion', 3, 11)","(3, 0):soup('onion', 3, 11);(4, 1):empty"
365,4,"(0, 0)","(3, 1)","(1, 0)",dish,"(1, 3)","(0, 1)",onion,"(0, 1):dish;(3, 0):soup('onion', 3, 11)","(3, 0):soup('onion', 3, 11);(4, 1):empty",160.0,124.0,5,interact,-0.01200000000000001,0.0,0.0,-0.01200000000000001,160.0,124.0,False,"(3, 1)",dish,"(1, 3)",onion,"(0, 1):dish;(3, 0):soup('onion', 3, 12)","(3, 0):soup('onion', 3, 12);(4, 1):empty"
366,4,"(0, 0)","(3, 1)","(1, 0)",dish,"(1, 3)","(0, 1)",onion,"(0, 1):dish;(3, 0):soup('onion', 3, 12)","(3, 0):soup('onion', 3, 12);(4, 1):empty",160.0,124.0,5,interact,-0.01200000000000001,0.0,0.0,-0.01200000000000001,160.0,124.0,False,"(3, 1)",dish,"(1, 3)",onion,"(0, 1):dish;(3, 0):soup('onion', 3, 13)","(3, 0):soup('onion', 3, 13);(4, 1):empty"
367,4,"(0, 0)","(3, 1)","(1, 0)",dish,"(1, 3)","(0, 1)",onion,"(0, 1):dish;(3, 0):soup('onion', 3, 13)","(3, 0):soup('onion', 3, 13);(4, 1):empty",160.0,124.0,5,interact,-0.01200000000000001,0.0,0.0,-0.01200000000000001,160.0,124.0,False,"(3, 1)",dish,"(1, 3)",onion,"(0, 1):dish;(3, 0):soup('onion', 3, 14)","(3, 0):soup('onion', 3, 14);(4, 1):empty"
368,4,"(0, 0)","(3, 1)","(1, 0)",dish,"(1, 3)","(0, 1)",onion,"(0, 1):dish;(3, 0):soup('onion', 3, 14)","(3, 0):soup('onion', 3, 14);(4, 1):empty",160.0,124.0,5,interact,-0.01200000000000001,0.0,0.0,-0.01200000000000001,160.0,124.0,False,"(3, 1)",dish,"(1, 3)",onion,"(0, 1):dish;(3, 0):soup('onion', 3, 15)","(3, 0):soup('onion', 3, 15);(4, 1):empty"
369,4,"(0, 0)","(3, 1)","(1, 0)",dish,"(1, 3)","(0, 1)",onion,"(0, 1):dish;(3, 0):soup('onion', 3, 15)","(3, 0):soup('onion', 3, 15);(4, 1):empty",160.0,124.0,5,interact,-0.01200000000000001,0.0,0.0,-0.01200000000000001,160.0,124.0,False,"(3, 1)",dish,"(1, 3)",onion,"(0, 1):dish;(3, 0):soup('onion', 3, 16)","(3, 0):soup('onion', 3, 16);(4, 1):empty"
370,4,"(0, 0)","(3, 1)","(1, 0)",dish,"(1, 3)","(0, 1)",onion,"(0, 1):dish;(3, 0):soup('onion', 3, 16)","(3, 0):soup('onion', 3, 16);(4, 1):empty",160.0,124.0,5,interact,-0.01200000000000001,0.0,0.0,-0.01200000000000001,160.0,124.0,False,"(3, 1)",dish,"(1, 3)",onion,"(0, 1):dish;(3, 0):soup('onion', 3, 17)","(3, 0):soup('onion', 3, 17);(4, 1):empty"
371,4,"(0, 0)","(3, 1)","(1, 0)",dish,"(1, 3)","(0, 1)",onion,"(0, 1):dish;(3, 0):soup('onion', 3, 17)","(3, 0):soup('onion', 3, 17);(4, 1):empty",160.0,124.0,5,interact,-0.01200000000000001,0.0,0.0,-0.01200000000000001,160.0,124.0,False,"(3, 1)",dish,"(1, 3)",onion,"(0, 1):dish;(3, 0):soup('onion', 3, 18)","(3, 0):soup('onion', 3, 18);(4, 1):empty"
372,4,"(0, 0)","(3, 1)","(1, 0)",dish,"(1, 3)","(0, 1)",onion,"(0, 1):dish;(3, 0):soup('onion', 3, 18)","(3, 0):soup('onion', 3, 18);(4, 1):empty",160.0,124.0,5,interact,-0.01200000000000001,0.0,0.0,-0.01200000000000001,160.0,124.0,False,"(3, 1)",dish,"(1, 3)",onion,"(0, 1):dish;(3, 0):soup('onion', 3, 19)","(3, 0):soup('onion', 3, 19);(4, 1):empty"
373,4,"(0, 0)","(3, 1)","(1, 0)",dish,"(1, 3)","(0, 1)",onion,"(0, 1):dish;(3, 0):soup('onion', 3, 19)","(3, 0):soup('onion', 3, 19);(4, 1):empty",160.0,124.0,5,interact,0.5819999999999999,0.0,0.0,0.5819999999999999,160.0,124.0,False,"(3, 1)",dish,"(1, 3)",onion,"(0, 1):dish;(3, 0):soup('onion', 3, 20)","(3, 0):soup('onion', 3, 20);(4, 1):empty"
374,0,"(0, -1)","(3, 1)","(1, 0)",dish,"(1, 3)","(0, 1)",onion,"(0, 1):dish;(3, 0):soup('onion', 3, 20)","(3, 0):soup('onion', 3, 20);(4, 1):empty",160.0,124.0,4,"(0, 0)",-0.018000000000000148,0.0,0.0,-0.018000000000000148,160.0,124.0,False,"(3, 1)",dish,"(1, 3)",onion,"(0, 1):dish;(3, 0):soup('onion', 3, 20)","(3, 0):soup('onion', 3, 20);(4, 1):empty"
375,5,interact,"(3, 1)","(0, -1)",dish,"(1, 3)","(0, 1)",onion,"(0, 1):dish;(3, 0):soup('onion', 3, 20)","(3, 0):soup('onion', 3, 20);(4, 1):empty",160.0,124.0,2,"(1, 0)",5.3384,0.0,5.0,0.33840000000000003,160.0,129.0,False,"(3, 1)","soup('onion', 3, 20)","(2, 3)",onion,"(0, 1):dish","(3, 0):empty;(4, 1):empty"
376,3,"(-1, 0)","(3, 1)","(0, -1)","soup('onion', 3, 20)","(2, 3)","(1, 0)",onion,"(0, 1):dish","(3, 0):empty;(4, 1):empty",160.0,129.0,2,"(1, 0)",0.0378000000000001,0.0,0.0,0.0378000000000001,160.0,129.0,False,"(2, 1)","soup('onion', 3, 20)","(3, 3)",onion,"(0, 1):dish","(3, 0):empty;(4, 1):empty"
377,1,"(0, 1)","(2, 1)","(-1, 0)","soup('onion', 3, 20)","(3, 3)","(1, 0)",onion,"(0, 1):dish","(3, 0):empty;(4, 1):empty",160.0,129.0,0,"(0, -1)",-0.022199999999999952,0.0,0.0,-0.022199999999999952,160.0,129.0,False,"(2, 1)","soup('onion', 3, 20)","(3, 2)",onion,"(0, 1):dish","(3, 0):empty;(4, 1):empty"
378,3,"(-1, 0)","(2, 1)","(0, 1)","soup('onion', 3, 20)","(3, 2)","(0, -1)",onion,"(0, 1):dish","(3, 0):empty;(4, 1):empty",160.0,129.0,0,"(0, -1)",-0.08160000000000008,0.0,0.0,-0.08160000000000008,160.0,129.0,False,"(1, 1)","soup('onion', 3, 20)","(3, 1)",onion,"(0, 1):dish","(3, 0):empty;(4, 1):empty"
379,1,"(0, 1)","(1, 1)","(-1, 0)","soup('onion', 3, 20)","(3, 1)","(0, -1)",onion,"(0, 1):dish","(3, 0):empty;(4, 1):empty",160.0,129.0,5,interact,3.3941999999999997,0.0,3.0,0.3941999999999997,160.0,132.0,False,"(1, 2)","soup('onion', 3, 20)","(3, 1)",,"(0, 1):dish;(3, 0):soup('onion', 1, 0)","(3, 0):soup('onion', 1, 0);(4, 1):empty"
380,1,"(0, 1)","(1, 2)","(0, 1)","soup('onion', 3, 20)","(3, 1)","(0, -1)",,"(0, 1):dish;(3, 0):soup('onion', 1, 0)","(3, 0):soup('onion', 1, 0);(4, 1):empty",160.0,132.0,5,interact,0.033600000000000026,0.0,0.0,0.033600000000000026,160.0,132.0,False,"(1, 3)","soup('onion', 3, 20)","(3, 1)",,"(0, 1):dish;(3, 0):soup('onion', 1, 0)","(3, 0):soup('onion', 1, 0);(4, 1):empty"
381,2,"(1, 0)","(1, 3)","(0, 1)","soup('onion', 3, 20)","(3, 1)","(0, -1)",,"(0, 1):dish;(3, 0):soup('onion', 1, 0)","(3, 0):soup('onion', 1, 0);(4, 1):empty",160.0,132.0,3,"(-1, 0)",-0.002639999999999709,0.0,0.0,-0.002639999999999709,160.0,132.0,False,"(2, 3)","soup('onion', 3, 20)","(2, 1)",,"(0, 1):dish;(3, 0):soup('onion', 1, 0)","(3, 0):soup('onion', 1, 0);(4, 1):empty"
382,1,"(0, 1)","(2, 3)","(1, 0)","soup('onion', 3, 20)","(2, 1)","(-1, 0)",,"(0, 1):dish;(3, 0):soup('onion', 1, 0)","(3, 0):soup('onion', 1, 0);(4, 1):empty",160.0,132.0,3,"(-1, 0)",-0.062280000000000335,0.0,0.0,-0.062280000000000335,160.0,132.0,False,"(2, 3)","soup('onion', 3, 20)","(1, 1)",,"(0, 1):dish;(3, 0):soup('onion', 1, 0)","(3, 0):soup('onion', 1, 0);(4, 1):empty"
383,5,interact,"(2, 3)","(0, 1)","soup('onion', 3, 20)","(1, 1)","(-1, 0)",,"(0, 1):dish;(3, 0):soup('onion', 1, 0)","(3, 0):soup('onion', 1, 0);(4, 1):empty",160.0,132.0,0,"(0, -1)",17.7284,20.0,0.0,-2.2716,180.0,132.0,True,"(2, 3)",,"(1, 1)",,"(0, 1):dish;(3, 0):soup('onion', 1, 0)","(3, 0):soup('onion', 1, 0);(4, 1):empty"
384,3,"(-1, 0)","(2, 3)","(0, 1)",,"(1, 1)","(0, -1)",,"(0, 1):dish;(3, 0):soup('onion', 1, 0)","(3, 0):soup('onion', 1, 0);(4, 1):empty",180.0,132.0,0,"(0, -1)",-0.003600000000000003,0.0,0.0,-0.003600000000000003,180.0,132.0,False,"(1, 3)",,"(1, 1)",,"(0, 1):dish;(3, 0):soup('onion', 1, 0)","(3, 0):soup('onion', 1, 0);(4, 1):empty"
385,5,interact,"(1, 3)","(-1, 0)",,"(1, 1)","(0, -1)",,"(0, 1):dish;(3, 0):soup('onion', 1, 0)","(3, 0):soup('onion', 1, 0);(4, 1):empty",180.0,132.0,1,"(0, 1)",-0.003600000000000003,0.0,0.0,-0.003600000000000003,180.0,132.0,False,"(1, 3)",onion,"(1, 2)",,"(0, 1):dish;(3, 0):soup('onion', 1, 0)","(3, 0):soup('onion', 1, 0);(4, 1):empty"
386,2,"(1, 0)","(1, 3)","(-1, 0)",onion,"(1, 2)","(0, 1)",,"(0, 1):dish;(3, 0):soup('onion', 1, 0)","(3, 0):soup('onion', 1, 0);(4, 1):empty",180.0,132.0,1,"(0, 1)",-0.003600000000000003,0.0,0.0,-0.003600000000000003,180.0,132.0,False,"(2, 3)",onion,"(1, 3)",,"(0, 1):dish;(3, 0):soup('onion', 1, 0)","(3, 0):soup('onion', 1, 0);(4, 1):empty"
387,2,"(1, 0)","(2, 3)","(1, 0)",onion,"(1, 3)","(0, 1)",,"(0, 1):dish;(3, 0):soup('onion', 1, 0)","(3, 0):soup('onion', 1, 0);(4, 1):empty",180.0,132.0,5,interact,-0.003600000000000003,0.0,0.0,-0.003600000000000003,180.0,132.0,False,"(3, 3)",onion,"(1, 3)",onion,"(0, 1):dish;(3, 0):soup('onion', 1, 0)","(3, 0):soup('onion', 1, 0);(4, 1):empty"
388,0,"(0, -1)","(3, 3)","(1, 0)",onion,"(1, 3)","(0, 1)",onion,"(0, 1):dish;(3, 0):soup('onion', 1, 0)","(3, 0):soup('onion', 1, 0);(4, 1):empty",180.0,132.0,5,interact,-0.003600000000000003,0.0,0.0,-0.003600000000000003,180.0,132.0,False,"(3, 2)",onion,"(1, 3)",onion,"(0, 1):dish;(3, 0):soup('onion', 1, 0)","(3, 0):soup('onion', 1, 0);(4, 1):empty"
389,0,"(0, -1)","(3, 2)","(0, -1)",onion,"(1, 3)","(0, 1)",onion,"(0, 1):dish;(3, 0):soup('onion', 1, 0)","(3, 0):soup('onion', 1, 0);(4, 1):empty",180.0,132.0,5,interact,-0.003600000000000003,0.0,0.0,-0.003600000000000003,180.0,132.0,False,"(3, 1)",onion,"(1, 3)",onion,"(0, 1):dish;(3, 0):soup('onion', 1, 0)","(3, 0):soup('onion', 1, 0);(4, 1):empty"
390,5,interact,"(3, 1)","(0, -1)",onion,"(1, 3)","(0, 1)",onion,"(0, 1):dish;(3, 0):soup('onion', 1, 0)","(3, 0):soup('onion', 1, 0);(4, 1):empty",180.0,132.0,5,interact,3.3528,0.0,3.0,0.35279999999999995,180.0,135.0,False,"(3, 1)",,"(1, 3)",onion,"(0, 1):dish;(3, 0):soup('onion', 2, 0)","(3, 0):soup('onion', 2, 0);(4, 1):empty"
391,0,"(0, -1)","(3, 1)","(0, -1)",,"(1, 3)","(0, 1)",onion,"(0, 1):dish;(3, 0):soup('onion', 2, 0)","(3, 0):soup('onion', 2, 0);(4, 1):empty",180.0,135.0,2,"(1, 0)",-0.007200000000000006,0.0,0.0,-0.007200000000000006,180.0,135.0,False,"(3, 1)",,"(2, 3)",onion,"(0, 1):dish;(3, 0):soup('onion', 2, 0)","(3, 0):soup('onion', 2, 0);(4, 1):empty"
392,4,"(0, 0)","(3, 1)","(0, -1)",,"(2, 3)","(1, 0)",onion,"(0, 1):dish;(3, 0):soup('onion', 2, 0)","(3, 0):soup('onion', 2, 0);(4, 1):empty",180.0,135.0,2,"(1, 0)",-0.007200000000000006,0.0,0.0,-0.007200000000000006,180.0,135.0,False,"(3, 1)",,"(3, 3)",onion,"(0, 1):dish;(3, 0):soup('onion', 2, 0)","(3, 0):soup('onion', 2, 0);(4, 1):empty"
393,3,"(-1, 0)","(3, 1)","(0, -1)",,"(3, 3)","(1, 0)",onion,"(0, 1):dish;(3, 0):soup('onion', 2, 0)","(3, 0):soup('onion', 2, 0);(4, 1):empty",180.0,135.0,0,"(0, -1)",-0.007200000000000006,0.0,0.0,-0.007200000000000006,180.0,135.0,False,"(2, 1)",,"(3, 2)",onion,"(0, 1):dish;(3, 0):soup('onion', 2, 0)","(3, 0):soup('onion', 2, 0);(4, 1):empty"
394,3,"(-1, 0)","(2, 1)","(-1, 0)",,"(3, 2)","(0, -1)",onion,"(0, 1):dish;(3, 0):soup('onion', 2, 0)","(3, 0):soup('onion', 2, 0);(4, 1):empty",180.0,135.0,0,"(0, -1)",-0.007200000000000006,0.0,0.0,-0.007200000000000006,180.0,135.0,False,"(1, 1)",,"(3, 1)",onion,"(0, 1):dish;(3, 0):soup('onion', 2, 0)","(3, 0):soup('onion', 2, 0);(4, 1):empty"
395,3,"(-1, 0)","(1, 1)","(-1, 0)",,"(3, 1)","(0, -1)",onion,"(0, 1):dish;(3, 0):soup('onion', 2, 0)","(3, 0):soup('onion', 2, 0);(4, 1):empty",180.0,135.0,5,interact,3.468,0.0,3.0,0.46799999999999997,180.0,138.0,False,"(1, 1)",,"(3, 1)",,"(0, 1):dish;(3, 0):soup('onion', 3, 1)","(3, 0):soup('onion', 3, 1);(4, 1):empty"
396,1,"(0, 1)","(1, 1)","(-1, 0)",,"(3, 1)","(0, -1)",,"(0, 1):dish;(3, 0):soup('onion', 3, 1)","(3, 0):soup('onion', 3, 1);(4, 1):empty",180.0,138.0,1,"(0, 1)",-0.01200000000000001,0.0,0.0,-0.01200000000000001,180.0,138.0,False,"(1, 2)",,"(3, 2)",,"(0, 1):dish;(3, 0):soup('onion', 3, 2)","(3, 0):soup('onion', 3, 2);(4, 1):empty"
397,3,"(-1, 0)","(1, 2)","(0, 1)",,"(3, 2)","(0, 1)",,"(0, 1):dish;(3, 0):soup('onion', 3, 2)","(3, 0):soup('onion', 3, 2);(4, 1):empty",180.0,138.0,1,"(0, 1)",-0.01200000000000001,0.0,0.0,-0.01200000000000001,180.0,138.0,False,"(1, 2)",,"(3, 3)",,"(0, 1):dish;(3, 0):soup('onion', 3, 3)","(3, 0):soup('onion', 3, 3);(4, 1):empty"
398,5,interact,"(1, 2)","(-1, 0)",,"(3, 3)","(0, 1)",,"(0, 1):dish;(3, 0):soup('onion', 3, 3)","(3, 0):soup('onion', 3, 3);(4, 1):empty",180.0,138.0,3,"(-1, 0)",-0.01200000000000001,0.0,0.0,-0.01200000000000001,180.0,138.0,False,"(1, 2)",dish,"(2, 3)",,"(0, 1):dish;(3, 0):soup('onion', 3, 4)","(3, 0):soup('onion', 3, 4);(4, 1):empty"
399,2,"(1, 0)","(1, 2)","(-1, 0)",dish,"(2, 3)","(-1, 0)",,"(0, 1):dish;(3, 0):soup('onion', 3, 4)","(3, 0):soup('onion', 3, 4);(4, 1):empty",180.0,138.0,1,"(0, 1)",-0.01200000000000001,0.0,0.0,-0.01200000000000001,180.0,138.0,False,"(1, 2)",dish,"(2, 3)",,"(0, 1):dish;(3, 0):soup('onion', 3, 5)","(3, 0):soup('onion', 3, 5);(4, 1):empty"
