step,ego_action_idx,ego_action,p0_pos,p0_orient,p0_held,p1_pos,p1_orient,p1_held,objects_before,pots_before,cum_sparse_before,cum_shaped_before,partner_action_idx,partner_action,reward,sparse_reward,built_in_shaped_reward,custom_shaped_reward,cum_sparse_after,cum_shaped_after,delivery_event,p0_pos_after,p0_held_after,p1_pos_after,p1_held_after,objects_after,pots_after
0,4,"(0, 0)","(1, 2)","(0, -1)",,"(3, 1)","(0, -1)",,,"(2, 0):empty",0.0,0.0,3,"(-1, 0)",0.0,0.0,0.0,0.0,0.0,0.0,False,"(1, 2)",,"(2, 1)",,,"(2, 0):empty"
1,0,"(0, -1)","(1, 2)","(0, -1)",,"(2, 1)","(-1, 0)",,,"(2, 0):empty",0.0,0.0,2,"(1, 0)",0.0,0.0,0.0,0.0,0.0,0.0,False,"(1, 1)",,"(3, 1)",,,"(2, 0):empty"
2,1,"(0, 1)","(1, 1)","(0, -1)",,"(3, 1)","(1, 0)",,,"(2, 0):empty",0.0,0.0,5,interact,0.0,0.0,0.0,0.0,0.0,0.0,False,"(1, 2)",,"(3, 1)",onion,,"(2, 0):empty"
3,4,"(0, 0)","(1, 2)","(0, 1)",,"(3, 1)","(1, 0)",onion,,"(2, 0):empty",0.0,0.0,3,"(-1, 0)",0.0,0.0,0.0,0.0,0.0,0.0,False,"(1, 2)",,"(2, 1)",onion,,"(2, 0):empty"
4,0,"(0, -1)","(1, 2)","(0, 1)",,"(2, 1)","(-1, 0)",onion,,"(2, 0):empty",0.0,0.0,0,"(0, -1)",0.0,0.0,0.0,0.0,0.0,0.0,False,"(1, 1)",,"(2, 1)",onion,,"(2, 0):empty"
5,2,"(1, 0)","(1, 1)","(0, -1)",,"(2, 1)","(0, -1)",onion,,"(2, 0):empty",0.0,0.0,5,interact,3.0,0.0,3.0,0.0,0.0,3.0,False,"(1, 1)",,"(2, 1)",,"(2, 0):soup('onion', 1, 0)","(2, 0):soup('onion', 1, 0)"
6,3,"(-1, 0)","(1, 1)","(1, 0)",,"(2, 1)","(0, -1)",,"(2, 0):soup('onion', 1, 0)","(2, 0):soup('onion', 1, 0)",0.0,3.0,2,"(1, 0)",0.0,0.0,0.0,0.0,0.0,3.0,False,"(1, 1)",,"(3, 1)",,"(2, 0):soup('onion', 1, 0)","(2, 0):soup('onion', 1, 0)"
7,1,"(0, 1)","(1, 1)","(-1, 0)",,"(3, 1)","(1, 0)",,"(2, 0):soup('onion', 1, 0)","(2, 0):soup('onion', 1, 0)",0.0,3.0,5,interact,0.0,0.0,0.0,0.0,0.0,3.0,False,"(1, 2)",,"(3, 1)",onion,"(2, 0):soup('onion', 1, 0)","(2, 0):soup('onion', 1, 0)"
8,5,interact,"(1, 2)","(0, 1)",,"(3, 1)","(1, 0)",onion,"(2, 0):soup('onion', 1, 0)","(2, 0):soup('onion', 1, 0)",0.0,3.0,3,"(-1, 0)",3.0,0.0,3.0,0.0,0.0,6.0,False,"(1, 2)",dish,"(2, 1)",onion,"(2, 0):soup('onion', 1, 0)","(2, 0):soup('onion', 1, 0)"
9,0,"(0, -1)","(1, 2)","(0, 1)",dish,"(2, 1)","(-1, 0)",onion,"(2, 0):soup('onion', 1, 0)","(2, 0):soup('onion', 1, 0)",0.0,6.0,0,"(0, -1)",0.0,0.0,0.0,0.0,0.0,6.0,False,"(1, 1)",dish,"(2, 1)",onion,"(2, 0):soup('onion', 1, 0)","(2, 0):soup('onion', 1, 0)"
10,2,"(1, 0)","(1, 1)","(0, -1)",dish,"(2, 1)","(0, -1)",onion,"(2, 0):soup('onion', 1, 0)","(2, 0):soup('onion', 1, 0)",0.0,6.0,5,interact,3.0,0.0,3.0,0.0,0.0,9.0,False,"(1, 1)",dish,"(2, 1)",,"(2, 0):soup('onion', 2, 0)","(2, 0):soup('onion', 2, 0)"
11,0,"(0, -1)","(1, 1)","(1, 0)",dish,"(2, 1)","(0, -1)",,"(2, 0):soup('onion', 2, 0)","(2, 0):soup('onion', 2, 0)",0.0,9.0,2,"(1, 0)",0.0,0.0,0.0,0.0,0.0,9.0,False,"(1, 1)",dish,"(3, 1)",,"(2, 0):soup('onion', 2, 0)","(2, 0):soup('onion', 2, 0)"
12,5,interact,"(1, 1)","(0, -1)",dish,"(3, 1)","(1, 0)",,"(2, 0):soup('onion', 2, 0)","(2, 0):soup('onion', 2, 0)",0.0,9.0,5,interact,0.0,0.0,0.0,0.0,0.0,9.0,False,"(1, 1)",,"(3, 1)",onion,"(1, 0):dish;(2, 0):soup('onion', 2, 0)","(2, 0):soup('onion', 2, 0)"
13,1,"(0, 1)","(1, 1)","(0, -1)",,"(3, 1)","(1, 0)",onion,"(1, 0):dish;(2, 0):soup('onion', 2, 0)","(2, 0):soup('onion', 2, 0)",0.0,9.0,3,"(-1, 0)",0.0,0.0,0.0,0.0,0.0,9.0,False,"(1, 2)",,"(2, 1)",onion,"(1, 0):dish;(2, 0):soup('onion', 2, 0)","(2, 0):soup('onion', 2, 0)"
14,0,"(0, -1)","(1, 2)","(0, 1)",,"(2, 1)","(-1, 0)",onion,"(1, 0):dish;(2, 0):soup('onion', 2, 0)","(2, 0):soup('onion', 2, 0)",0.0,9.0,0,"(0, -1)",0.0,0.0,0.0,0.0,0.0,9.0,False,"(1, 1)",,"(2, 1)",onion,"(1, 0):dish;(2, 0):soup('onion', 2, 0)","(2, 0):soup('onion', 2, 0)"
15,2,"(1, 0)","(1, 1)","(0, -1)",,"(2, 1)","(0, -1)",onion,"(1, 0):dish;(2, 0):soup('onion', 2, 0)","(2, 0):soup('onion', 2, 0)",0.0,9.0,5,interact,3.0,0.0,3.0,0.0,0.0,12.0,False,"(1, 1)",,"(2, 1)",,"(1, 0):dish;(2, 0):soup('onion', 3, 1)","(2, 0):soup('onion', 3, 1)"
16,1,"(0, 1)","(1, 1)","(1, 0)",,"(2, 1)","(0, -1)",,"(1, 0):dish;(2, 0):soup('onion', 3, 1)","(2, 0):soup('onion', 3, 1)",0.0,12.0,2,"(1, 0)",0.0,0.0,0.0,0.0,0.0,12.0,False,"(1, 2)",,"(3, 1)",,"(1, 0):dish;(2, 0):soup('onion', 3, 2)","(2, 0):soup('onion', 3, 2)"
17,5,interact,"(1, 2)","(0, 1)",,"(3, 1)","(1, 0)",,"(1, 0):dish;(2, 0):soup('onion', 3, 2)","(2, 0):soup('onion', 3, 2)",0.0,12.0,5,interact,0.0,0.0,0.0,0.0,0.0,12.0,False,"(1, 2)",dish,"(3, 1)",onion,"(1, 0):dish;(2, 0):soup('onion', 3, 3)","(2, 0):soup('onion', 3, 3)"
18,1,"(0, 1)","(1, 2)","(0, 1)",dish,"(3, 1)","(1, 0)",onion,"(1, 0):dish;(2, 0):soup('onion', 3, 3)","(2, 0):soup('onion', 3, 3)",0.0,12.0,3,"(-1, 0)",0.0,0.0,0.0,0.0,0.0,12.0,False,"(1, 2)",dish,"(2, 1)",onion,"(1, 0):dish;(2, 0):soup('onion', 3, 4)","(2, 0):soup('onion', 3, 4)"
19,1,"(0, 1)","(1, 2)","(0, 1)",dish,"(2, 1)","(-1, 0)",onion,"(1, 0):dish;(2, 0):soup('onion', 3, 4)","(2, 0):soup('onion', 3, 4)",0.0,12.0,3,"(-1, 0)",0.0,0.0,0.0,0.0,0.0,12.0,False,"(1, 2)",dish,"(1, 1)",onion,"(1, 0):dish;(2, 0):soup('onion', 3, 5)","(2, 0):soup('onion', 3, 5)"
20,2,"(1, 0)","(1, 2)","(0, 1)",dish,"(1, 1)","(-1, 0)",onion,"(1, 0):dish;(2, 0):soup('onion', 3, 5)","(2, 0):soup('onion', 3, 5)",0.0,12.0,0,"(0, -1)",0.0,0.0,0.0,0.0,0.0,12.0,False,"(2, 2)",dish,"(1, 1)",onion,"(1, 0):dish;(2, 0):soup('onion', 3, 6)","(2, 0):soup('onion', 3, 6)"
21,4,"(0, 0)","(2, 2)","(1, 0)",dish,"(1, 1)","(0, -1)",onion,"(1, 0):dish;(2, 0):soup('onion', 3, 6)","(2, 0):soup('onion', 3, 6)",0.0,12.0,3,"(-1, 0)",0.0,0.0,0.0,0.0,0.0,12.0,False,"(2, 2)",dish,"(1, 1)",onion,"(1, 0):dish;(2, 0):soup('onion', 3, 7)","(2, 0):soup('onion', 3, 7)"
22,5,interact,"(2, 2)","(1, 0)",dish,"(1, 1)","(-1, 0)",onion,"(1, 0):dish;(2, 0):soup('onion', 3, 7)","(2, 0):soup('onion', 3, 7)",0.0,12.0,3,"(-1, 0)",0.0,0.0,0.0,0.0,0.0,12.0,False,"(2, 2)",dish,"(1, 1)",onion,"(1, 0):dish;(2, 0):soup('onion', 3, 8)","(2, 0):soup('onion', 3, 8)"
23,5,interact,"(2, 2)","(1, 0)",dish,"(1, 1)","(-1, 0)",onion,"(1, 0):dish;(2, 0):soup('onion', 3, 8)","(2, 0):soup('onion', 3, 8)",0.0,12.0,3,"(-1, 0)",0.0,0.0,0.0,0.0,0.0,12.0,False,"(2, 2)",dish,"(1, 1)",onion,"(1, 0):dish;(2, 0):soup('onion', 3, 9)","(2, 0):soup('onion', 3, 9)"
24,5,interact,"(2, 2)","(1, 0)",dish,"(1, 1)","(-1, 0)",onion,"(1, 0):dish;(2, 0):soup('onion', 3, 9)","(2, 0):soup('onion', 3, 9)",0.0,12.0,3,"(-1, 0)",0.0,0.0,0.0,0.0,0.0,12.0,False,"(2, 2)",dish,"(1, 1)",onion,"(1, 0):dish;(2, 0):soup('onion', 3, 10)","(2, 0):soup('onion', 3, 10)"
25,5,interact,"(2, 2)","(1, 0)",dish,"(1, 1)","(-1, 0)",onion,"(1, 0):dish;(2, 0):soup('onion', 3, 10)","(2, 0):soup('onion', 3, 10)",0.0,12.0,3,"(-1, 0)",0.0,0.0,0.0,0.0,0.0,12.0,False,"(2, 2)",dish,"(1, 1)",onion,"(1, 0):dish;(2, 0):soup('onion', 3, 11)","(2, 0):soup('onion', 3, 11)"
26,5,interact,"(2, 2)","(1, 0)",dish,"(1, 1)","(-1, 0)",onion,"(1, 0):dish;(2, 0):soup('onion', 3, 11)","(2, 0):soup('onion', 3, 11)",0.0,12.0,3,"(-1, 0)",0.0,0.0,0.0,0.0,0.0,12.0,False,"(2, 2)",dish,"(1, 1)",onion,"(1, 0):dish;(2, 0):soup('onion', 3, 12)","(2, 0):soup('onion', 3, 12)"
27,5,interact,"(2, 2)","(1, 0)",dish,"(1, 1)","(-1, 0)",onion,"(1, 0):dish;(2, 0):soup('onion', 3, 12)","(2, 0):soup('onion', 3, 12)",0.0,12.0,3,"(-1, 0)",0.0,0.0,0.0,0.0,0.0,12.0,False,"(2, 2)",dish,"(1, 1)",onion,"(1, 0):dish;(2, 0):soup('onion', 3, 13)","(2, 0):soup('onion', 3, 13)"
28,5,interact,"(2, 2)","(1, 0)",dish,"(1, 1)","(-1, 0)",onion,"(1, 0):dish;(2, 0):soup('onion', 3, 13)","(2, 0):soup('onion', 3, 13)",0.0,12.0,3,"(-1, 0)",0.0,0.0,0.0,0.0,0.0,12.0,False,"(2, 2)",dish,"(1, 1)",onion,"(1, 0):dish;(2, 0):soup('onion', 3, 14)","(2, 0):soup('onion', 3, 14)"
29,5,interact,"(2, 2)","(1, 0)",dish,"(1, 1)","(-1, 0)",onion,"(1, 0):dish;(2, 0):soup('onion', 3, 14)","(2, 0):soup('onion', 3, 14)",0.0,12.0,3,"(-1, 0)",0.0,0.0,0.0,0.0,0.0,12.0,False,"(2, 2)",dish,"(1, 1)",onion,"(1, 0):dish;(2, 0):soup('onion', 3, 15)","(2, 0):soup('onion', 3, 15)"
30,5,interact,"(2, 2)","(1, 0)",dish,"(1, 1)","(-1, 0)",onion,"(1, 0):dish;(2, 0):soup('onion', 3, 15)","(2, 0):soup('onion', 3, 15)",0.0,12.0,3,"(-1, 0)",0.0,0.0,0.0,0.0,0.0,12.0,False,"(2, 2)",dish,"(1, 1)",onion,"(1, 0):dish;(2, 0):soup('onion', 3, 16)","(2, 0):soup('onion', 3, 16)"
31,5,interact,"(2, 2)","(1, 0)",dish,"(1, 1)","(-1, 0)",onion,"(1, 0):dish;(2, 0):soup('onion', 3, 16)","(2, 0):soup('onion', 3, 16)",0.0,12.0,3,"(-1, 0)",0.0,0.0,0.0,0.0,0.0,12.0,False,"(2, 2)",dish,"(1, 1)",onion,"(1, 0):dish;(2, 0):soup('onion', 3, 17)","(2, 0):soup('onion', 3, 17)"
32,5,interact,"(2, 2)","(1, 0)",dish,"(1, 1)","(-1, 0)",onion,"(1, 0):dish;(2, 0):soup('onion', 3, 17)","(2, 0):soup('onion', 3, 17)",0.0,12.0,3,"(-1, 0)",0.0,0.0,0.0,0.0,0.0,12.0,False,"(2, 2)",dish,"(1, 1)",onion,"(1, 0):dish;(2, 0):soup('onion', 3, 18)","(2, 0):soup('onion', 3, 18)"
33,5,interact,"(2, 2)","(1, 0)",dish,"(1, 1)","(-1, 0)",onion,"(1, 0):dish;(2, 0):soup('onion', 3, 18)","(2, 0):soup('onion', 3, 18)",0.0,12.0,3,"(-1, 0)",0.0,0.0,0.0,0.0,0.0,12.0,False,"(2, 2)",dish,"(1, 1)",onion,"(1, 0):dish;(2, 0):soup('onion', 3, 19)","(2, 0):soup('onion', 3, 19)"
34,5,interact,"(2, 2)","(1, 0)",dish,"(1, 1)","(-1, 0)",onion,"(1, 0):dish;(2, 0):soup('onion', 3, 19)","(2, 0):soup('onion', 3, 19)",0.0,12.0,3,"(-1, 0)",0.0,0.0,0.0,0.0,0.0,12.0,False,"(2, 2)",dish,"(1, 1)",onion,"(1, 0):dish;(2, 0):soup('onion', 3, 20)","(2, 0):soup('onion', 3, 20)"
35,0,"(0, -1)","(2, 2)","(1, 0)",dish,"(1, 1)","(-1, 0)",onion,"(1, 0):dish;(2, 0):soup('onion', 3, 20)","(2, 0):soup('onion', 3, 20)",0.0,12.0,3,"(-1, 0)",0.0,0.0,0.0,0.0,0.0,12.0,False,"(2, 1)",dish,"(1, 1)",onion,"(1, 0):dish;(2, 0):soup('onion', 3, 20)","(2, 0):soup('onion', 3, 20)"
36,5,interact,"(2, 1)","(0, -1)",dish,"(1, 1)","(-1, 0)",onion,"(1, 0):dish;(2, 0):soup('onion', 3, 20)","(2, 0):soup('onion', 3, 20)",0.0,12.0,2,"(1, 0)",5.0,0.0,5.0,0.0,0.0,17.0,False,"(2, 1)","soup('onion', 3, 20)","(1, 1)",onion,"(1, 0):dish","(2, 0):empty"
37,2,"(1, 0)","(2, 1)","(0, -1)","soup('onion', 3, 20)","(1, 1)","(1, 0)",onion,"(1, 0):dish","(2, 0):empty",0.0,17.0,2,"(1, 0)",0.0,0.0,0.0,0.0,0.0,17.0,False,"(3, 1)","soup('onion', 3, 20)","(2, 1)",onion,"(1, 0):dish","(2, 0):empty"
38,1,"(0, 1)","(3, 1)","(1, 0)","soup('onion', 3, 20)","(2, 1)","(1, 0)",onion,"(1, 0):dish","(2, 0):empty",0.0,17.0,0,"(0, -1)",0.0,0.0,0.0,0.0,0.0,17.0,False,"(3, 2)","soup('onion', 3, 20)","(2, 1)",onion,"(1, 0):dish","(2, 0):empty"
39,5,interact,"(3, 2)","(0, 1)","soup('onion', 3, 20)","(2, 1)","(0, -1)",onion,"(1, 0):dish","(2, 0):empty",0.0,17.0,5,interact,23.0,20.0,3.0,0.0,20.0,20.0,True,"(3, 2)",,"(2, 1)",,"(1, 0):dish;(2, 0):soup('onion', 1, 0)","(2, 0):soup('onion', 1, 0)"
40,3,"(-1, 0)","(3, 2)","(0, 1)",,"(2, 1)","(0, -1)",,"(1, 0):dish;(2, 0):soup('onion', 1, 0)","(2, 0):soup('onion', 1, 0)",20.0,20.0,2,"(1, 0)",0.0,0.0,0.0,0.0,20.0,20.0,False,"(2, 2)",,"(3, 1)",,"(1, 0):dish;(2, 0):soup('onion', 1, 0)","(2, 0):soup('onion', 1, 0)"
41,1,"(0, 1)","(2, 2)","(-1, 0)",,"(3, 1)","(1, 0)",,"(1, 0):dish;(2, 0):soup('onion', 1, 0)","(2, 0):soup('onion', 1, 0)",20.0,20.0,5,interact,0.0,0.0,0.0,0.0,20.0,20.0,False,"(2, 2)",,"(3, 1)",onion,"(1, 0):dish;(2, 0):soup('onion', 1, 0)","(2, 0):soup('onion', 1, 0)"
42,5,interact,"(2, 2)","(0, 1)",,"(3, 1)","(1, 0)",onion,"(1, 0):dish;(2, 0):soup('onion', 1, 0)","(2, 0):soup('onion', 1, 0)",20.0,20.0,3,"(-1, 0)",0.0,0.0,0.0,0.0,20.0,20.0,False,"(2, 2)",,"(2, 1)",onion,"(1, 0):dish;(2, 0):soup('onion', 1, 0)","(2, 0):soup('onion', 1, 0)"
43,0,"(0, -1)","(2, 2)","(0, 1)",,"(2, 1)","(-1, 0)",onion,"(1, 0):dish;(2, 0):soup('onion', 1, 0)","(2, 0):soup('onion', 1, 0)",20.0,20.0,0,"(0, -1)",0.0,0.0,0.0,0.0,20.0,20.0,False,"(2, 2)",,"(2, 1)",onion,"(1, 0):dish;(2, 0):soup('onion', 1, 0)","(2, 0):soup('onion', 1, 0)"
44,0,"(0, -1)","(2, 2)","(0, -1)",,"(2, 1)","(0, -1)",onion,"(1, 0):dish;(2, 0):soup('onion', 1, 0)","(2, 0):soup('onion', 1, 0)",20.0,20.0,5,interact,3.0,0.0,3.0,0.0,20.0,23.0,False,"(2, 2)",,"(2, 1)",,"(1, 0):dish;(2, 0):soup('onion', 2, 0)","(2, 0):soup('onion', 2, 0)"
45,0,"(0, -1)","(2, 2)","(0, -1)",,"(2, 1)","(0, -1)",,"(1, 0):dish;(2, 0):soup('onion', 2, 0)","(2, 0):soup('onion', 2, 0)",20.0,23.0,2,"(1, 0)",0.0,0.0,0.0,0.0,20.0,23.0,False,"(2, 1)",,"(3, 1)",,"(1, 0):dish;(2, 0):soup('onion', 2, 0)","(2, 0):soup('onion', 2, 0)"
46,1,"(0, 1)","(2, 1)","(0, -1)",,"(3, 1)","(1, 0)",,"(1, 0):dish;(2, 0):soup('onion', 2, 0)","(2, 0):soup('onion', 2, 0)",20.0,23.0,5,interact,0.0,0.0,0.0,0.0,20.0,23.0,False,"(2, 2)",,"(3, 1)",onion,"(1, 0):dish;(2, 0):soup('onion', 2, 0)","(2, 0):soup('onion', 2, 0)"
47,5,interact,"(2, 2)","(0, 1)",,"(3, 1)","(1, 0)",onion,"(1, 0):dish;(2, 0):soup('onion', 2, 0)","(2, 0):soup('onion', 2, 0)",20.0,23.0,3,"(-1, 0)",0.0,0.0,0.0,0.0,20.0,23.0,False,"(2, 2)",,"(2, 1)",onion,"(1, 0):dish;(2, 0):soup('onion', 2, 0)","(2, 0):soup('onion', 2, 0)"
48,0,"(0, -1)","(2, 2)","(0, 1)",,"(2, 1)","(-1, 0)",onion,"(1, 0):dish;(2, 0):soup('onion', 2, 0)","(2, 0):soup('onion', 2, 0)",20.0,23.0,0,"(0, -1)",0.0,0.0,0.0,0.0,20.0,23.0,False,"(2, 2)",,"(2, 1)",onion,"(1, 0):dish;(2, 0):soup('onion', 2, 0)","(2, 0):soup('onion', 2, 0)"
49,0,"(0, -1)","(2, 2)","(0, -1)",,"(2, 1)","(0, -1)",onion,"(1, 0):dish;(2, 0):soup('onion', 2, 0)","(2, 0):soup('onion', 2, 0)",20.0,23.0,5,interact,3.0,0.0,3.0,0.0,20.0,26.0,False,"(2, 2)",,"(2, 1)",,"(1, 0):dish;(2, 0):soup('onion', 3, 1)","(2, 0):soup('onion', 3, 1)"
50,5,interact,"(2, 2)","(0, -1)",,"(2, 1)","(0, -1)",,"(1, 0):dish;(2, 0):soup('onion', 3, 1)","(2, 0):soup('onion', 3, 1)",20.0,26.0,0,"(0, -1)",0.0,0.0,0.0,0.0,20.0,26.0,False,"(2, 2)",,"(2, 1)",,"(1, 0):dish;(2, 0):soup('onion', 3, 2)","(2, 0):soup('onion', 3, 2)"
51,5,interact,"(2, 2)","(0, -1)",,"(2, 1)","(0, -1)",,"(1, 0):dish;(2, 0):soup('onion', 3, 2)","(2, 0):soup('onion', 3, 2)",20.0,26.0,0,"(0, -1)",0.0,0.0,0.0,0.0,20.0,26.0,False,"(2, 2)",,"(2, 1)",,"(1, 0):dish;(2, 0):soup('onion', 3, 3)","(2, 0):soup('onion', 3, 3)"
52,5,interact,"(2, 2)","(0, -1)",,"(2, 1)","(0, -1)",,"(1, 0):dish;(2, 0):soup('onion', 3, 3)","(2, 0):soup('onion', 3, 3)",20.0,26.0,0,"(0, -1)",0.0,0.0,0.0,0.0,20.0,26.0,False,"(2, 2)",,"(2, 1)",,"(1, 0):dish;(2, 0):soup('onion', 3, 4)","(2, 0):soup('onion', 3, 4)"
53,5,interact,"(2, 2)","(0, -1)",,"(2, 1)","(0, -1)",,"(1, 0):dish;(2, 0):soup('onion', 3, 4)","(2, 0):soup('onion', 3, 4)",20.0,26.0,0,"(0, -1)",0.0,0.0,0.0,0.0,20.0,26.0,False,"(2, 2)",,"(2, 1)",,"(1, 0):dish;(2, 0):soup('onion', 3, 5)","(2, 0):soup('onion', 3, 5)"
54,5,interact,"(2, 2)","(0, -1)",,"(2, 1)","(0, -1)",,"(1, 0):dish;(2, 0):soup('onion', 3, 5)","(2, 0):soup('onion', 3, 5)",20.0,26.0,0,"(0, -1)",0.0,0.0,0.0,0.0,20.0,26.0,False,"(2, 2)",,"(2, 1)",,"(1, 0):dish;(2, 0):soup('onion', 3, 6)","(2, 0):soup('onion', 3, 6)"
55,5,interact,"(2, 2)","(0, -1)",,"(2, 1)","(0, -1)",,"(1, 0):dish;(2, 0):soup('onion', 3, 6)","(2, 0):soup('onion', 3, 6)",20.0,26.0,0,"(0, -1)",0.0,0.0,0.0,0.0,20.0,26.0,False,"(2, 2)",,"(2, 1)",,"(1, 0):dish;(2, 0):soup('onion', 3, 7)","(2, 0):soup('onion', 3, 7)"
56,5,interact,"(2, 2)","(0, -1)",,"(2, 1)","(0, -1)",,"(1, 0):dish;(2, 0):soup('onion', 3, 7)","(2, 0):soup('onion', 3, 7)",20.0,26.0,0,"(0, -1)",0.0,0.0,0.0,0.0,20.0,26.0,False,"(2, 2)",,"(2, 1)",,"(1, 0):dish;(2, 0):soup('onion', 3, 8)","(2, 0):soup('onion', 3, 8)"
57,5,interact,"(2, 2)","(0, -1)",,"(2, 1)","(0, -1)",,"(1, 0):dish;(2, 0):soup('onion', 3, 8)","(2, 0):soup('onion', 3, 8)",20.0,26.0,0,"(0, -1)",0.0,0.0,0.0,0.0,20.0,26.0,False,"(2, 2)",,"(2, 1)",,"(1, 0):dish;(2, 0):soup('onion', 3, 9)","(2, 0):soup('onion', 3, 9)"
58,5,interact,"(2, 2)","(0, -1)",,"(2, 1)","(0, -1)",,"(1, 0):dish;(2, 0):soup('onion', 3, 9)","(2, 0):soup('onion', 3, 9)",20.0,26.0,0,"(0, -1)",0.0,0.0,0.0,0.0,20.0,26.0,False,"(2, 2)",,"(2, 1)",,"(1, 0):dish;(2, 0):soup('onion', 3, 10)","(2, 0):soup('onion', 3, 10)"
59,5,interact,"(2, 2)","(0, -1)",,"(2, 1)","(0, -1)",,"(1, 0):dish;(2, 0):soup('onion', 3, 10)","(2, 0):soup('onion', 3, 10)",20.0,26.0,0,"(0, -1)",0.0,0.0,0.0,0.0,20.0,26.0,False,"(2, 2)",,"(2, 1)",,"(1, 0):dish;(2, 0):soup('onion', 3, 11)","(2, 0):soup('onion', 3, 11)"
60,5,interact,"(2, 2)","(0, -1)",,"(2, 1)","(0, -1)",,"(1, 0):dish;(2, 0):soup('onion', 3, 11)","(2, 0):soup('onion', 3, 11)",20.0,26.0,0,"(0, -1)",0.0,0.0,0.0,0.0,20.0,26.0,False,"(2, 2)",,"(2, 1)",,"(1, 0):dish;(2, 0):soup('onion', 3, 12)","(2, 0):soup('onion', 3, 12)"
61,5,interact,"(2, 2)","(0, -1)",,"(2, 1)","(0, -1)",,"(1, 0):dish;(2, 0):soup('onion', 3, 12)","(2, 0):soup('onion', 3, 12)",20.0,26.0,0,"(0, -1)",0.0,0.0,0.0,0.0,20.0,26.0,False,"(2, 2)",,"(2, 1)",,"(1, 0):dish;(2, 0):soup('onion', 3, 13)","(2, 0):soup('onion', 3, 13)"
62,5,interact,"(2, 2)","(0, -1)",,"(2, 1)","(0, -1)",,"(1, 0):dish;(2, 0):soup('onion', 3, 13)","(2, 0):soup('onion', 3, 13)",20.0,26.0,0,"(0, -1)",0.0,0.0,0.0,0.0,20.0,26.0,False,"(2, 2)",,"(2, 1)",,"(1, 0):dish;(2, 0):soup('onion', 3, 14)","(2, 0):soup('onion', 3, 14)"
63,5,interact,"(2, 2)","(0, -1)",,"(2, 1)","(0, -1)",,"(1, 0):dish;(2, 0):soup('onion', 3, 14)","(2, 0):soup('onion', 3, 14)",20.0,26.0,0,"(0, -1)",0.0,0.0,0.0,0.0,20.0,26.0,False,"(2, 2)",,"(2, 1)",,"(1, 0):dish;(2, 0):soup('onion', 3, 15)","(2, 0):soup('onion', 3, 15)"
64,5,interact,"(2, 2)","(0, -1)",,"(2, 1)","(0, -1)",,"(1, 0):dish;(2, 0):soup('onion', 3, 15)","(2, 0):soup('onion', 3, 15)",20.0,26.0,0,"(0, -1)",0.0,0.0,0.0,0.0,20.0,26.0,False,"(2, 2)",,"(2, 1)",,"(1, 0):dish;(2, 0):soup('onion', 3, 16)","(2, 0):soup('onion', 3, 16)"
65,5,interact,"(2, 2)","(0, -1)",,"(2, 1)","(0, -1)",,"(1, 0):dish;(2, 0):soup('onion', 3, 16)","(2, 0):soup('onion', 3, 16)",20.0,26.0,0,"(0, -1)",0.0,0.0,0.0,0.0,20.0,26.0,False,"(2, 2)",,"(2, 1)",,"(1, 0):dish;(2, 0):soup('onion', 3, 17)","(2, 0):soup('onion', 3, 17)"
66,5,interact,"(2, 2)","(0, -1)",,"(2, 1)","(0, -1)",,"(1, 0):dish;(2, 0):soup('onion', 3, 17)","(2, 0):soup('onion', 3, 17)",20.0,26.0,0,"(0, -1)",0.0,0.0,0.0,0.0,20.0,26.0,False,"(2, 2)",,"(2, 1)",,"(1, 0):dish;(2, 0):soup('onion', 3, 18)","(2, 0):soup('onion', 3, 18)"
67,5,interact,"(2, 2)","(0, -1)",,"(2, 1)","(0, -1)",,"(1, 0):dish;(2, 0):soup('onion', 3, 18)","(2, 0):soup('onion', 3, 18)",20.0,26.0,0,"(0, -1)",0.0,0.0,0.0,0.0,20.0,26.0,False,"(2, 2)",,"(2, 1)",,"(1, 0):dish;(2, 0):soup('onion', 3, 19)","(2, 0):soup('onion', 3, 19)"
68,5,interact,"(2, 2)","(0, -1)",,"(2, 1)","(0, -1)",,"(1, 0):dish;(2, 0):soup('onion', 3, 19)","(2, 0):soup('onion', 3, 19)",20.0,26.0,0,"(0, -1)",0.0,0.0,0.0,0.0,20.0,26.0,False,"(2, 2)",,"(2, 1)",,"(1, 0):dish;(2, 0):soup('onion', 3, 20)","(2, 0):soup('onion', 3, 20)"
69,0,"(0, -1)","(2, 2)","(0, -1)",,"(2, 1)","(0, -1)",,"(1, 0):dish;(2, 0):soup('onion', 3, 20)","(2, 0):soup('onion', 3, 20)",20.0,26.0,3,"(-1, 0)",0.0,0.0,0.0,0.0,20.0,26.0,False,"(2, 1)",,"(1, 1)",,"(1, 0):dish;(2, 0):soup('onion', 3, 20)","(2, 0):soup('onion', 3, 20)"
70,1,"(0, 1)","(2, 1)","(0, -1)",,"(1, 1)","(-1, 0)",,"(1, 0):dish;(2, 0):soup('onion', 3, 20)","(2, 0):soup('onion', 3, 20)",20.0,26.0,2,"(1, 0)",0.0,0.0,0.0,0.0,20.0,26.0,False,"(2, 2)",,"(2, 1)",,"(1, 0):dish;(2, 0):soup('onion', 3, 20)","(2, 0):soup('onion', 3, 20)"
71,5,interact,"(2, 2)","(0, 1)",,"(2, 1)","(1, 0)",,"(1, 0):dish;(2, 0):soup('onion', 3, 20)","(2, 0):soup('onion', 3, 20)",20.0,26.0,3,"(-1, 0)",0.0,0.0,0.0,0.0,20.0,26.0,False,"(2, 2)",,"(1, 1)",,"(1, 0):dish;(2, 0):soup('onion', 3, 20)","(2, 0):soup('onion', 3, 20)"
72,5,interact,"(2, 2)","(0, 1)",,"(1, 1)","(-1, 0)",,"(1, 0):dish;(2, 0):soup('onion', 3, 20)","(2, 0):soup('onion', 3, 20)",20.0,26.0,2,"(1, 0)",0.0,0.0,0.0,0.0,20.0,26.0,False,"(2, 2)",,"(2, 1)",,"(1, 0):dish;(2, 0):soup('onion', 3, 20)","(2, 0):soup('onion', 3, 20)"
73,5,interact,"(2, 2)","(0, 1)",,"(2, 1)","(1, 0)",,"(1, 0):dish;(2, 0):soup('onion', 3, 20)","(2, 0):soup('onion', 3, 20)",20.0,26.0,3,"(-1, 0)",0.0,0.0,0.0,0.0,20.0,26.0,False,"(2, 2)",,"(1, 1)",,"(1, 0):dish;(2, 0):soup('onion', 3, 20)","(2, 0):soup('onion', 3, 20)"
74,5,interact,"(2, 2)","(0, 1)",,"(1, 1)","(-1, 0)",,"(1, 0):dish;(2, 0):soup('onion', 3, 20)","(2, 0):soup('onion', 3, 20)",20.0,26.0,2,"(1, 0)",0.0,0.0,0.0,0.0,20.0,26.0,False,"(2, 2)",,"(2, 1)",,"(1, 0):dish;(2, 0):soup('onion', 3, 20)","(2, 0):soup('onion', 3, 20)"
75,5,interact,"(2, 2)","(0, 1)",,"(2, 1)","(1, 0)",,"(1, 0):dish;(2, 0):soup('onion', 3, 20)","(2, 0):soup('onion', 3, 20)",20.0,26.0,3,"(-1, 0)",0.0,0.0,0.0,0.0,20.0,26.0,False,"(2, 2)",,"(1, 1)",,"(1, 0):dish;(2, 0):soup('onion', 3, 20)","(2, 0):soup('onion', 3, 20)"
76,5,interact,"(2, 2)","(0, 1)",,"(1, 1)","(-1, 0)",,"(1, 0):dish;(2, 0):soup('onion', 3, 20)","(2, 0):soup('onion', 3, 20)",20.0,26.0,2,"(1, 0)",0.0,0.0,0.0,0.0,20.0,26.0,False,"(2, 2)",,"(2, 1)",,"(1, 0):dish;(2, 0):soup('onion', 3, 20)","(2, 0):soup('onion', 3, 20)"
77,5,interact,"(2, 2)","(0, 1)",,"(2, 1)","(1, 0)",,"(1, 0):dish;(2, 0):soup('onion', 3, 20)","(2, 0):soup('onion', 3, 20)",20.0,26.0,3,"(-1, 0)",0.0,0.0,0.0,0.0,20.0,26.0,False,"(2, 2)",,"(1, 1)",,"(1, 0):dish;(2, 0):soup('onion', 3, 20)","(2, 0):soup('onion', 3, 20)"
78,5,interact,"(2, 2)","(0, 1)",,"(1, 1)","(-1, 0)",,"(1, 0):dish;(2, 0):soup('onion', 3, 20)","(2, 0):soup('onion', 3, 20)",20.0,26.0,2,"(1, 0)",0.0,0.0,0.0,0.0,20.0,26.0,False,"(2, 2)",,"(2, 1)",,"(1, 0):dish;(2, 0):soup('onion', 3, 20)","(2, 0):soup('onion', 3, 20)"
79,5,interact,"(2, 2)","(0, 1)",,"(2, 1)","(1, 0)",,"(1, 0):dish;(2, 0):soup('onion', 3, 20)","(2, 0):soup('onion', 3, 20)",20.0,26.0,3,"(-1, 0)",0.0,0.0,0.0,0.0,20.0,26.0,False,"(2, 2)",,"(1, 1)",,"(1, 0):dish;(2, 0):soup('onion', 3, 20)","(2, 0):soup('onion', 3, 20)"
80,5,interact,"(2, 2)","(0, 1)",,"(1, 1)","(-1, 0)",,"(1, 0):dish;(2, 0):soup('onion', 3, 20)","(2, 0):soup('onion', 3, 20)",20.0,26.0,2,"(1, 0)",0.0,0.0,0.0,0.0,20.0,26.0,False,"(2, 2)",,"(2, 1)",,"(1, 0):dish;(2, 0):soup('onion', 3, 20)","(2, 0):soup('onion', 3, 20)"
81,5,interact,"(2, 2)","(0, 1)",,"(2, 1)","(1, 0)",,"(1, 0):dish;(2, 0):soup('onion', 3, 20)","(2, 0):soup('onion', 3, 20)",20.0,26.0,3,"(-1, 0)",0.0,0.0,0.0,0.0,20.0,26.0,False,"(2, 2)",,"(1, 1)",,"(1, 0):dish;(2, 0):soup('onion', 3, 20)","(2, 0):soup('onion', 3, 20)"
82,5,interact,"(2, 2)","(0, 1)",,"(1, 1)","(-1, 0)",,"(1, 0):dish;(2, 0):soup('onion', 3, 20)","(2, 0):soup('onion', 3, 20)",20.0,26.0,2,"(1, 0)",0.0,0.0,0.0,0.0,20.0,26.0,False,"(2, 2)",,"(2, 1)",,"(1, 0):dish;(2, 0):soup('onion', 3, 20)","(2, 0):soup('onion', 3, 20)"
83,5,interact,"(2, 2)","(0, 1)",,"(2, 1)","(1, 0)",,"(1, 0):dish;(2, 0):soup('onion', 3, 20)","(2, 0):soup('onion', 3, 20)",20.0,26.0,3,"(-1, 0)",0.0,0.0,0.0,0.0,20.0,26.0,False,"(2, 2)",,"(1, 1)",,"(1, 0):dish;(2, 0):soup('onion', 3, 20)","(2, 0):soup('onion', 3, 20)"
84,5,interact,"(2, 2)","(0, 1)",,"(1, 1)","(-1, 0)",,"(1, 0):dish;(2, 0):soup('onion', 3, 20)","(2, 0):soup('onion', 3, 20)",20.0,26.0,2,"(1, 0)",0.0,0.0,0.0,0.0,20.0,26.0,False,"(2, 2)",,"(2, 1)",,"(1, 0):dish;(2, 0):soup('onion', 3, 20)","(2, 0):soup('onion', 3, 20)"
85,5,interact,"(2, 2)","(0, 1)",,"(2, 1)","(1, 0)",,"(1, 0):dish;(2, 0):soup('onion', 3, 20)","(2, 0):soup('onion', 3, 20)",20.0,26.0,3,"(-1, 0)",0.0,0.0,0.0,0.0,20.0,26.0,False,"(2, 2)",,"(1, 1)",,"(1, 0):dish;(2, 0):soup('onion', 3, 20)","(2, 0):soup('onion', 3, 20)"
86,5,interact,"(2, 2)","(0, 1)",,"(1, 1)","(-1, 0)",,"(1, 0):dish;(2, 0):soup('onion', 3, 20)","(2, 0):soup('onion', 3, 20)",20.0,26.0,2,"(1, 0)",0.0,0.0,0.0,0.0,20.0,26.0,False,"(2, 2)",,"(2, 1)",,"(1, 0):dish;(2, 0):soup('onion', 3, 20)","(2, 0):soup('onion', 3, 20)"
87,5,interact,"(2, 2)","(0, 1)",,"(2, 1)","(1, 0)",,"(1, 0):dish;(2, 0):soup('onion', 3, 20)","(2, 0):soup('onion', 3, 20)",20.0,26.0,3,"(-1, 0)",0.0,0.0,0.0,0.0,20.0,26.0,False,"(2, 2)",,"(1, 1)",,"(1, 0):dish;(2, 0):soup('onion', 3, 20)","(2, 0):soup('onion', 3, 20)"
88,5,interact,"(2, 2)","(0, 1)",,"(1, 1)","(-1, 0)",,"(1, 0):dish;(2, 0):soup('onion', 3, 20)","(2, 0):soup('onion', 3, 20)",20.0,26.0,2,"(1, 0)",0.0,0.0,0.0,0.0,20.0,26.0,False,"(2, 2)",,"(2, 1)",,"(1, 0):dish;(2, 0):soup('onion', 3, 20)","(2, 0):soup('onion', 3, 20)"
89,5,interact,"(2, 2)","(0, 1)",,"(2, 1)","(1, 0)",,"(1, 0):dish;(2, 0):soup('onion', 3, 20)","(2, 0):soup('onion', 3, 20)",20.0,26.0,3,"(-1, 0)",0.0,0.0,0.0,0.0,20.0,26.0,False,"(2, 2)",,"(1, 1)",,"(1, 0):dish;(2, 0):soup('onion', 3, 20)","(2, 0):soup('onion', 3, 20)"
90,5,interact,"(2, 2)","(0, 1)",,"(1, 1)","(-1, 0)",,"(1, 0):dish;(2, 0):soup('onion', 3, 20)","(2, 0):soup('onion', 3, 20)",20.0,26.0,2,"(1, 0)",0.0,0.0,0.0,0.0,20.0,26.0,False,"(2, 2)",,"(2, 1)",,"(1, 0):dish;(2, 0):soup('onion', 3, 20)","(2, 0):soup('onion', 3, 20)"
91,5,interact,"(2, 2)","(0, 1)",,"(2, 1)","(1, 0)",,"(1, 0):dish;(2, 0):soup('onion', 3, 20)","(2, 0):soup('onion', 3, 20)",20.0,26.0,3,"(-1, 0)",0.0,0.0,0.0,0.0,20.0,26.0,False,"(2, 2)",,"(1, 1)",,"(1, 0):dish;(2, 0):soup('onion', 3, 20)","(2, 0):soup('onion', 3, 20)"
92,5,interact,"(2, 2)","(0, 1)",,"(1, 1)","(-1, 0)",,"(1, 0):dish;(2, 0):soup('onion', 3, 20)","(2, 0):soup('onion', 3, 20)",20.0,26.0,2,"(1, 0)",0.0,0.0,0.0,0.0,20.0,26.0,False,"(2, 2)",,"(2, 1)",,"(1, 0):dish;(2, 0):soup('onion', 3, 20)","(2, 0):soup('onion', 3, 20)"
93,5,interact,"(2, 2)","(0, 1)",,"(2, 1)","(1, 0)",,"(1, 0):dish;(2, 0):soup('onion', 3, 20)","(2, 0):soup('onion', 3, 20)",20.0,26.0,3,"(-1, 0)",0.0,0.0,0.0,0.0,20.0,26.0,False,"(2, 2)",,"(1, 1)",,"(1, 0):dish;(2, 0):soup('onion', 3, 20)","(2, 0):soup('onion', 3, 20)"
94,5,interact,"(2, 2)","(0, 1)",,"(1, 1)","(-1, 0)",,"(1, 0):dish;(2, 0):soup('onion', 3, 20)","(2, 0):soup('onion', 3, 20)",20.0,26.0,2,"(1, 0)",0.0,0.0,0.0,0.0,20.0,26.0,False,"(2, 2)",,"(2, 1)",,"(1, 0):dish;(2, 0):soup('onion', 3, 20)","(2, 0):soup('onion', 3, 20)"
95,5,interact,"(2, 2)","(0, 1)",,"(2, 1)","(1, 0)",,"(1, 0):dish;(2, 0):soup('onion', 3, 20)","(2, 0):soup('onion', 3, 20)",20.0,26.0,3,"(-1, 0)",0.0,0.0,0.0,0.0,20.0,26.0,False,"(2, 2)",,"(1, 1)",,"(1, 0):dish;(2, 0):soup('onion', 3, 20)","(2, 0):soup('onion', 3, 20)"
96,5,interact,"(2, 2)","(0, 1)",,"(1, 1)","(-1, 0)",,"(1, 0):dish;(2, 0):soup('onion', 3, 20)","(2, 0):soup('onion', 3, 20)",20.0,26.0,2,"(1, 0)",0.0,0.0,0.0,0.0,20.0,26.0,False,"(2, 2)",,"(2, 1)",,"(1, 0):dish;(2, 0):soup('onion', 3, 20)","(2, 0):soup('onion', 3, 20)"
97,5,interact,"(2, 2)","(0, 1)",,"(2, 1)","(1, 0)",,"(1, 0):dish;(2, 0):soup('onion', 3, 20)","(2, 0):soup('onion', 3, 20)",20.0,26.0,3,"(-1, 0)",0.0,0.0,0.0,0.0,20.0,26.0,False,"(2, 2)",,"(1, 1)",,"(1, 0):dish;(2, 0):soup('onion', 3, 20)","(2, 0):soup('onion', 3, 20)"
98,5,interact,"(2, 2)","(0, 1)",,"(1, 1)","(-1, 0)",,"(1, 0):dish;(2, 0):soup('onion', 3, 20)","(2, 0):soup('onion', 3, 20)",20.0,26.0,2,"(1, 0)",0.0,0.0,0.0,0.0,20.0,26.0,False,"(2, 2)",,"(2, 1)",,"(1, 0):dish;(2, 0):soup('onion', 3, 20)","(2, 0):soup('onion', 3, 20)"
99,5,interact,"(2, 2)","(0, 1)",,"(2, 1)","(1, 0)",,"(1, 0):dish;(2, 0):soup('onion', 3, 20)","(2, 0):soup('onion', 3, 20)",20.0,26.0,3,"(-1, 0)",0.0,0.0,0.0,0.0,20.0,26.0,False,"(2, 2)",,"(1, 1)",,"(1, 0):dish;(2, 0):soup('onion', 3, 20)","(2, 0):soup('onion', 3, 20)"
100,5,interact,"(2, 2)","(0, 1)",,"(1, 1)","(-1, 0)",,"(1, 0):dish;(2, 0):soup('onion', 3, 20)","(2, 0):soup('onion', 3, 20)",20.0,26.0,2,"(1, 0)",0.0,0.0,0.0,0.0,20.0,26.0,False,"(2, 2)",,"(2, 1)",,"(1, 0):dish;(2, 0):soup('onion', 3, 20)","(2, 0):soup('onion', 3, 20)"
101,5,interact,"(2, 2)","(0, 1)",,"(2, 1)","(1, 0)",,"(1, 0):dish;(2, 0):soup('onion', 3, 20)","(2, 0):soup('onion', 3, 20)",20.0,26.0,3,"(-1, 0)",0.0,0.0,0.0,0.0,20.0,26.0,False,"(2, 2)",,"(1, 1)",,"(1, 0):dish;(2, 0):soup('onion', 3, 20)","(2, 0):soup('onion', 3, 20)"
102,5,interact,"(2, 2)","(0, 1)",,"(1, 1)","(-1, 0)",,"(1, 0):dish;(2, 0):soup('onion', 3, 20)","(2, 0):soup('onion', 3, 20)",20.0,26.0,2,"(1, 0)",0.0,0.0,0.0,0.0,20.0,26.0,False,"(2, 2)",,"(2, 1)",,"(1, 0):dish;(2, 0):soup('onion', 3, 20)","(2, 0):soup('onion', 3, 20)"
103,5,interact,"(2, 2)","(0, 1)",,"(2, 1)","(1, 0)",,"(1, 0):dish;(2, 0):soup('onion', 3, 20)","(2, 0):soup('onion', 3, 20)",20.0,26.0,3,"(-1, 0)",0.0,0.0,0.0,0.0,20.0,26.0,False,"(2, 2)",,"(1, 1)",,"(1, 0):dish;(2, 0):soup('onion', 3, 20)","(2, 0):soup('onion', 3, 20)"
104,5,interact,"(2, 2)","(0, 1)",,"(1, 1)","(-1, 0)",,"(1, 0):dish;(2, 0):soup('onion', 3, 20)","(2, 0):soup('onion', 3, 20)",20.0,26.0,2,"(1, 0)",0.0,0.0,0.0,0.0,20.0,26.0,False,"(2, 2)",,"(2, 1)",,"(1, 0):dish;(2, 0):soup('onion', 3, 20)","(2, 0):soup('onion', 3, 20)"
105,5,interact,"(2, 2)","(0, 1)",,"(2, 1)","(1, 0)",,"(1, 0):dish;(2, 0):soup('onion', 3, 20)","(2, 0):soup('onion', 3, 20)",20.0,26.0,3,"(-1, 0)",0.0,0.0,0.0,0.0,20.0,26.0,False,"(2, 2)",,"(1, 1)",,"(1, 0):dish;(2, 0):soup('onion', 3, 20)","(2, 0):soup('onion', 3, 20)"
106,5,interact,"(2, 2)","(0, 1)",,"(1, 1)","(-1, 0)",,"(1, 0):dish;(2, 0):soup('onion', 3, 20)","(2, 0):soup('onion', 3, 20)",20.0,26.0,2,"(1, 0)",0.0,0.0,0.0,0.0,20.0,26.0,False,"(2, 2)",,"(2, 1)",,"(1, 0):dish;(2, 0):soup('onion', 3, 20)","(2, 0):soup('onion', 3, 20)"
107,5,interact,"(2, 2)","(0, 1)",,"(2, 1)","(1, 0)",,"(1, 0):dish;(2, 0):soup('onion', 3, 20)","(2, 0):soup('onion', 3, 20)",20.0,26.0,3,"(-1, 0)",0.0,0.0,0.0,0.0,20.0,26.0,False,"(2, 2)",,"(1, 1)",,"(1, 0):dish;(2, 0):soup('onion', 3, 20)","(2, 0):soup('onion', 3, 20)"
108,5,interact,"(2, 2)","(0, 1)",,"(1, 1)","(-1, 0)",,"(1, 0):dish;(2, 0):soup('onion', 3, 20)","(2, 0):soup('onion', 3, 20)",20.0,26.0,2,"(1, 0)",0.0,0.0,0.0,0.0,20.0,26.0,False,"(2, 2)",,"(2, 1)",,"(1, 0):dish;(2, 0):soup('onion', 3, 20)","(2, 0):soup('onion', 3, 20)"
109,5,interact,"(2, 2)","(0, 1)",,"(2, 1)","(1, 0)",,"(1, 0):dish;(2, 0):soup('onion', 3, 20)","(2, 0):soup('onion', 3, 20)",20.0,26.0,3,"(-1, 0)",0.0,0.0,0.0,0.0,20.0,26.0,False,"(2, 2)",,"(1, 1)",,"(1, 0):dish;(2, 0):soup('onion', 3, 20)","(2, 0):soup('onion', 3, 20)"
110,5,interact,"(2, 2)","(0, 1)",,"(1, 1)","(-1, 0)",,"(1, 0):dish;(2, 0):soup('onion', 3, 20)","(2, 0):soup('onion', 3, 20)",20.0,26.0,2,"(1, 0)",0.0,0.0,0.0,0.0,20.0,26.0,False,"(2, 2)",,"(2, 1)",,"(1, 0):dish;(2, 0):soup('onion', 3, 20)","(2, 0):soup('onion', 3, 20)"
111,5,interact,"(2, 2)","(0, 1)",,"(2, 1)","(1, 0)",,"(1, 0):dish;(2, 0):soup('onion', 3, 20)","(2, 0):soup('onion', 3, 20)",20.0,26.0,3,"(-1, 0)",0.0,0.0,0.0,0.0,20.0,26.0,False,"(2, 2)",,"(1, 1)",,"(1, 0):dish;(2, 0):soup('onion', 3, 20)","(2, 0):soup('onion', 3, 20)"
112,5,interact,"(2, 2)","(0, 1)",,"(1, 1)","(-1, 0)",,"(1, 0):dish;(2, 0):soup('onion', 3, 20)","(2, 0):soup('onion', 3, 20)",20.0,26.0,2,"(1, 0)",0.0,0.0,0.0,0.0,20.0,26.0,False,"(2, 2)",,"(2, 1)",,"(1, 0):dish;(2, 0):soup('onion', 3, 20)","(2, 0):soup('onion', 3, 20)"
113,5,interact,"(2, 2)","(0, 1)",,"(2, 1)","(1, 0)",,"(1, 0):dish;(2, 0):soup('onion', 3, 20)","(2, 0):soup('onion', 3, 20)",20.0,26.0,3,"(-1, 0)",0.0,0.0,0.0,0.0,20.0,26.0,False,"(2, 2)",,"(1, 1)",,"(1, 0):dish;(2, 0):soup('onion', 3, 20)","(2, 0):soup('onion', 3, 20)"
114,5,interact,"(2, 2)","(0, 1)",,"(1, 1)","(-1, 0)",,"(1, 0):dish;(2, 0):soup('onion', 3, 20)","(2, 0):soup('onion', 3, 20)",20.0,26.0,2,"(1, 0)",0.0,0.0,0.0,0.0,20.0,26.0,False,"(2, 2)",,"(2, 1)",,"(1, 0):dish;(2, 0):soup('onion', 3, 20)","(2, 0):soup('onion', 3, 20)"
115,5,interact,"(2, 2)","(0, 1)",,"(2, 1)","(1, 0)",,"(1, 0):dish;(2, 0):soup('onion', 3, 20)","(2, 0):soup('onion', 3, 20)",20.0,26.0,3,"(-1, 0)",0.0,0.0,0.0,0.0,20.0,26.0,False,"(2, 2)",,"(1, 1)",,"(1, 0):dish;(2, 0):soup('onion', 3, 20)","(2, 0):soup('onion', 3, 20)"
116,5,interact,"(2, 2)","(0, 1)",,"(1, 1)","(-1, 0)",,"(1, 0):dish;(2, 0):soup('onion', 3, 20)","(2, 0):soup('onion', 3, 20)",20.0,26.0,2,"(1, 0)",0.0,0.0,0.0,0.0,20.0,26.0,False,"(2, 2)",,"(2, 1)",,"(1, 0):dish;(2, 0):soup('onion', 3, 20)","(2, 0):soup('onion', 3, 20)"
117,5,interact,"(2, 2)","(0, 1)",,"(2, 1)","(1, 0)",,"(1, 0):dish;(2, 0):soup('onion', 3, 20)","(2, 0):soup('onion', 3, 20)",20.0,26.0,3,"(-1, 0)",0.0,0.0,0.0,0.0,20.0,26.0,False,"(2, 2)",,"(1, 1)",,"(1, 0):dish;(2, 0):soup('onion', 3, 20)","(2, 0):soup('onion', 3, 20)"
118,5,interact,"(2, 2)","(0, 1)",,"(1, 1)","(-1, 0)",,"(1, 0):dish;(2, 0):soup('onion', 3, 20)","(2, 0):soup('onion', 3, 20)",20.0,26.0,2,"(1, 0)",0.0,0.0,0.0,0.0,20.0,26.0,False,"(2, 2)",,"(2, 1)",,"(1, 0):dish;(2, 0):soup('onion', 3, 20)","(2, 0):soup('onion', 3, 20)"
119,5,interact,"(2, 2)","(0, 1)",,"(2, 1)","(1, 0)",,"(1, 0):dish;(2, 0):soup('onion', 3, 20)","(2, 0):soup('onion', 3, 20)",20.0,26.0,3,"(-1, 0)",0.0,0.0,0.0,0.0,20.0,26.0,False,"(2, 2)",,"(1, 1)",,"(1, 0):dish;(2, 0):soup('onion', 3, 20)","(2, 0):soup('onion', 3, 20)"
120,5,interact,"(2, 2)","(0, 1)",,"(1, 1)","(-1, 0)",,"(1, 0):dish;(2, 0):soup('onion', 3, 20)","(2, 0):soup('onion', 3, 20)",20.0,26.0,2,"(1, 0)",0.0,0.0,0.0,0.0,20.0,26.0,False,"(2, 2)",,"(2, 1)",,"(1, 0):dish;(2, 0):soup('onion', 3, 20)","(2, 0):soup('onion', 3, 20)"
121,5,interact,"(2, 2)","(0, 1)",,"(2, 1)","(1, 0)",,"(1, 0):dish;(2, 0):soup('onion', 3, 20)","(2, 0):soup('onion', 3, 20)",20.0,26.0,3,"(-1, 0)",0.0,0.0,0.0,0.0,20.0,26.0,False,"(2, 2)",,"(1, 1)",,"(1, 0):dish;(2, 0):soup('onion', 3, 20)","(2, 0):soup('onion', 3, 20)"
122,5,interact,"(2, 2)","(0, 1)",,"(1, 1)","(-1, 0)",,"(1, 0):dish;(2, 0):soup('onion', 3, 20)","(2, 0):soup('onion', 3, 20)",20.0,26.0,2,"(1, 0)",0.0,0.0,0.0,0.0,20.0,26.0,False,"(2, 2)",,"(2, 1)",,"(1, 0):dish;(2, 0):soup('onion', 3, 20)","(2, 0):soup('onion', 3, 20)"
123,5,interact,"(2, 2)","(0, 1)",,"(2, 1)","(1, 0)",,"(1, 0):dish;(2, 0):soup('onion', 3, 20)","(2, 0):soup('onion', 3, 20)",20.0,26.0,3,"(-1, 0)",0.0,0.0,0.0,0.0,20.0,26.0,False,"(2, 2)",,"(1, 1)",,"(1, 0):dish;(2, 0):soup('onion', 3, 20)","(2, 0):soup('onion', 3, 20)"
124,5,interact,"(2, 2)","(0, 1)",,"(1, 1)","(-1, 0)",,"(1, 0):dish;(2, 0):soup('onion', 3, 20)","(2, 0):soup('onion', 3, 20)",20.0,26.0,2,"(1, 0)",0.0,0.0,0.0,0.0,20.0,26.0,False,"(2, 2)",,"(2, 1)",,"(1, 0):dish;(2, 0):soup('onion', 3, 20)","(2, 0):soup('onion', 3, 20)"
125,5,interact,"(2, 2)","(0, 1)",,"(2, 1)","(1, 0)",,"(1, 0):dish;(2, 0):soup('onion', 3, 20)","(2, 0):soup('onion', 3, 20)",20.0,26.0,3,"(-1, 0)",0.0,0.0,0.0,0.0,20.0,26.0,False,"(2, 2)",,"(1, 1)",,"(1, 0):dish;(2, 0):soup('onion', 3, 20)","(2, 0):soup('onion', 3, 20)"
126,5,interact,"(2, 2)","(0, 1)",,"(1, 1)","(-1, 0)",,"(1, 0):dish;(2, 0):soup('onion', 3, 20)","(2, 0):soup('onion', 3, 20)",20.0,26.0,2,"(1, 0)",0.0,0.0,0.0,0.0,20.0,26.0,False,"(2, 2)",,"(2, 1)",,"(1, 0):dish;(2, 0):soup('onion', 3, 20)","(2, 0):soup('onion', 3, 20)"
127,5,interact,"(2, 2)","(0, 1)",,"(2, 1)","(1, 0)",,"(1, 0):dish;(2, 0):soup('onion', 3, 20)","(2, 0):soup('onion', 3, 20)",20.0,26.0,3,"(-1, 0)",0.0,0.0,0.0,0.0,20.0,26.0,False,"(2, 2)",,"(1, 1)",,"(1, 0):dish;(2, 0):soup('onion', 3, 20)","(2, 0):soup('onion', 3, 20)"
128,5,interact,"(2, 2)","(0, 1)",,"(1, 1)","(-1, 0)",,"(1, 0):dish;(2, 0):soup('onion', 3, 20)","(2, 0):soup('onion', 3, 20)",20.0,26.0,2,"(1, 0)",0.0,0.0,0.0,0.0,20.0,26.0,False,"(2, 2)",,"(2, 1)",,"(1, 0):dish;(2, 0):soup('onion', 3, 20)","(2, 0):soup('onion', 3, 20)"
129,5,interact,"(2, 2)","(0, 1)",,"(2, 1)","(1, 0)",,"(1, 0):dish;(2, 0):soup('onion', 3, 20)","(2, 0):soup('onion', 3, 20)",20.0,26.0,3,"(-1, 0)",0.0,0.0,0.0,0.0,20.0,26.0,False,"(2, 2)",,"(1, 1)",,"(1, 0):dish;(2, 0):soup('onion', 3, 20)","(2, 0):soup('onion', 3, 20)"
130,5,interact,"(2, 2)","(0, 1)",,"(1, 1)","(-1, 0)",,"(1, 0):dish;(2, 0):soup('onion', 3, 20)","(2, 0):soup('onion', 3, 20)",20.0,26.0,2,"(1, 0)",0.0,0.0,0.0,0.0,20.0,26.0,False,"(2, 2)",,"(2, 1)",,"(1, 0):dish;(2, 0):soup('onion', 3, 20)","(2, 0):soup('onion', 3, 20)"
131,5,interact,"(2, 2)","(0, 1)",,"(2, 1)","(1, 0)",,"(1, 0):dish;(2, 0):soup('onion', 3, 20)","(2, 0):soup('onion', 3, 20)",20.0,26.0,3,"(-1, 0)",0.0,0.0,0.0,0.0,20.0,26.0,False,"(2, 2)",,"(1, 1)",,"(1, 0):dish;(2, 0):soup('onion', 3, 20)","(2, 0):soup('onion', 3, 20)"
132,5,interact,"(2, 2)","(0, 1)",,"(1, 1)","(-1, 0)",,"(1, 0):dish;(2, 0):soup('onion', 3, 20)","(2, 0):soup('onion', 3, 20)",20.0,26.0,2,"(1, 0)",0.0,0.0,0.0,0.0,20.0,26.0,False,"(2, 2)",,"(2, 1)",,"(1, 0):dish;(2, 0):soup('onion', 3, 20)","(2, 0):soup('onion', 3, 20)"
133,5,interact,"(2, 2)","(0, 1)",,"(2, 1)","(1, 0)",,"(1, 0):dish;(2, 0):soup('onion', 3, 20)","(2, 0):soup('onion', 3, 20)",20.0,26.0,3,"(-1, 0)",0.0,0.0,0.0,0.0,20.0,26.0,False,"(2, 2)",,"(1, 1)",,"(1, 0):dish;(2, 0):soup('onion', 3, 20)","(2, 0):soup('onion', 3, 20)"
134,5,interact,"(2, 2)","(0, 1)",,"(1, 1)","(-1, 0)",,"(1, 0):dish;(2, 0):soup('onion', 3, 20)","(2, 0):soup('onion', 3, 20)",20.0,26.0,2,"(1, 0)",0.0,0.0,0.0,0.0,20.0,26.0,False,"(2, 2)",,"(2, 1)",,"(1, 0):dish;(2, 0):soup('onion', 3, 20)","(2, 0):soup('onion', 3, 20)"
135,5,interact,"(2, 2)","(0, 1)",,"(2, 1)","(1, 0)",,"(1, 0):dish;(2, 0):soup('onion', 3, 20)","(2, 0):soup('onion', 3, 20)",20.0,26.0,3,"(-1, 0)",0.0,0.0,0.0,0.0,20.0,26.0,False,"(2, 2)",,"(1, 1)",,"(1, 0):dish;(2, 0):soup('onion', 3, 20)","(2, 0):soup('onion', 3, 20)"
136,5,interact,"(2, 2)","(0, 1)",,"(1, 1)","(-1, 0)",,"(1, 0):dish;(2, 0):soup('onion', 3, 20)","(2, 0):soup('onion', 3, 20)",20.0,26.0,2,"(1, 0)",0.0,0.0,0.0,0.0,20.0,26.0,False,"(2, 2)",,"(2, 1)",,"(1, 0):dish;(2, 0):soup('onion', 3, 20)","(2, 0):soup('onion', 3, 20)"
137,5,interact,"(2, 2)","(0, 1)",,"(2, 1)","(1, 0)",,"(1, 0):dish;(2, 0):soup('onion', 3, 20)","(2, 0):soup('onion', 3, 20)",20.0,26.0,3,"(-1, 0)",0.0,0.0,0.0,0.0,20.0,26.0,False,"(2, 2)",,"(1, 1)",,"(1, 0):dish;(2, 0):soup('onion', 3, 20)","(2, 0):soup('onion', 3, 20)"
138,5,interact,"(2, 2)","(0, 1)",,"(1, 1)","(-1, 0)",,"(1, 0):dish;(2, 0):soup('onion', 3, 20)","(2, 0):soup('onion', 3, 20)",20.0,26.0,2,"(1, 0)",0.0,0.0,0.0,0.0,20.0,26.0,False,"(2, 2)",,"(2, 1)",,"(1, 0):dish;(2, 0):soup('onion', 3, 20)","(2, 0):soup('onion', 3, 20)"
139,5,interact,"(2, 2)","(0, 1)",,"(2, 1)","(1, 0)",,"(1, 0):dish;(2, 0):soup('onion', 3, 20)","(2, 0):soup('onion', 3, 20)",20.0,26.0,3,"(-1, 0)",0.0,0.0,0.0,0.0,20.0,26.0,False,"(2, 2)",,"(1, 1)",,"(1, 0):dish;(2, 0):soup('onion', 3, 20)","(2, 0):soup('onion', 3, 20)"
140,5,interact,"(2, 2)","(0, 1)",,"(1, 1)","(-1, 0)",,"(1, 0):dish;(2, 0):soup('onion', 3, 20)","(2, 0):soup('onion', 3, 20)",20.0,26.0,2,"(1, 0)",0.0,0.0,0.0,0.0,20.0,26.0,False,"(2, 2)",,"(2, 1)",,"(1, 0):dish;(2, 0):soup('onion', 3, 20)","(2, 0):soup('onion', 3, 20)"
141,5,interact,"(2, 2)","(0, 1)",,"(2, 1)","(1, 0)",,"(1, 0):dish;(2, 0):soup('onion', 3, 20)","(2, 0):soup('onion', 3, 20)",20.0,26.0,3,"(-1, 0)",0.0,0.0,0.0,0.0,20.0,26.0,False,"(2, 2)",,"(1, 1)",,"(1, 0):dish;(2, 0):soup('onion', 3, 20)","(2, 0):soup('onion', 3, 20)"
142,5,interact,"(2, 2)","(0, 1)",,"(1, 1)","(-1, 0)",,"(1, 0):dish;(2, 0):soup('onion', 3, 20)","(2, 0):soup('onion', 3, 20)",20.0,26.0,2,"(1, 0)",0.0,0.0,0.0,0.0,20.0,26.0,False,"(2, 2)",,"(2, 1)",,"(1, 0):dish;(2, 0):soup('onion', 3, 20)","(2, 0):soup('onion', 3, 20)"
143,5,interact,"(2, 2)","(0, 1)",,"(2, 1)","(1, 0)",,"(1, 0):dish;(2, 0):soup('onion', 3, 20)","(2, 0):soup('onion', 3, 20)",20.0,26.0,3,"(-1, 0)",0.0,0.0,0.0,0.0,20.0,26.0,False,"(2, 2)",,"(1, 1)",,"(1, 0):dish;(2, 0):soup('onion', 3, 20)","(2, 0):soup('onion', 3, 20)"
144,5,interact,"(2, 2)","(0, 1)",,"(1, 1)","(-1, 0)",,"(1, 0):dish;(2, 0):soup('onion', 3, 20)","(2, 0):soup('onion', 3, 20)",20.0,26.0,2,"(1, 0)",0.0,0.0,0.0,0.0,20.0,26.0,False,"(2, 2)",,"(2, 1)",,"(1, 0):dish;(2, 0):soup('onion', 3, 20)","(2, 0):soup('onion', 3, 20)"
145,5,interact,"(2, 2)","(0, 1)",,"(2, 1)","(1, 0)",,"(1, 0):dish;(2, 0):soup('onion', 3, 20)","(2, 0):soup('onion', 3, 20)",20.0,26.0,3,"(-1, 0)",0.0,0.0,0.0,0.0,20.0,26.0,False,"(2, 2)",,"(1, 1)",,"(1, 0):dish;(2, 0):soup('onion', 3, 20)","(2, 0):soup('onion', 3, 20)"
146,5,interact,"(2, 2)","(0, 1)",,"(1, 1)","(-1, 0)",,"(1, 0):dish;(2, 0):soup('onion', 3, 20)","(2, 0):soup('onion', 3, 20)",20.0,26.0,2,"(1, 0)",0.0,0.0,0.0,0.0,20.0,26.0,False,"(2, 2)",,"(2, 1)",,"(1, 0):dish;(2, 0):soup('onion', 3, 20)","(2, 0):soup('onion', 3, 20)"
147,5,interact,"(2, 2)","(0, 1)",,"(2, 1)","(1, 0)",,"(1, 0):dish;(2, 0):soup('onion', 3, 20)","(2, 0):soup('onion', 3, 20)",20.0,26.0,3,"(-1, 0)",0.0,0.0,0.0,0.0,20.0,26.0,False,"(2, 2)",,"(1, 1)",,"(1, 0):dish;(2, 0):soup('onion', 3, 20)","(2, 0):soup('onion', 3, 20)"
148,5,interact,"(2, 2)","(0, 1)",,"(1, 1)","(-1, 0)",,"(1, 0):dish;(2, 0):soup('onion', 3, 20)","(2, 0):soup('onion', 3, 20)",20.0,26.0,2,"(1, 0)",0.0,0.0,0.0,0.0,20.0,26.0,False,"(2, 2)",,"(2, 1)",,"(1, 0):dish;(2, 0):soup('onion', 3, 20)","(2, 0):soup('onion', 3, 20)"
149,5,interact,"(2, 2)","(0, 1)",,"(2, 1)","(1, 0)",,"(1, 0):dish;(2, 0):soup('onion', 3, 20)","(2, 0):soup('onion', 3, 20)",20.0,26.0,3,"(-1, 0)",0.0,0.0,0.0,0.0,20.0,26.0,False,"(2, 2)",,"(1, 1)",,"(1, 0):dish;(2, 0):soup('onion', 3, 20)","(2, 0):soup('onion', 3, 20)"
150,5,interact,"(2, 2)","(0, 1)",,"(1, 1)","(-1, 0)",,"(1, 0):dish;(2, 0):soup('onion', 3, 20)","(2, 0):soup('onion', 3, 20)",20.0,26.0,2,"(1, 0)",0.0,0.0,0.0,0.0,20.0,26.0,False,"(2, 2)",,"(2, 1)",,"(1, 0):dish;(2, 0):soup('onion', 3, 20)","(2, 0):soup('onion', 3, 20)"
151,5,interact,"(2, 2)","(0, 1)",,"(2, 1)","(1, 0)",,"(1, 0):dish;(2, 0):soup('onion', 3, 20)","(2, 0):soup('onion', 3, 20)",20.0,26.0,3,"(-1, 0)",0.0,0.0,0.0,0.0,20.0,26.0,False,"(2, 2)",,"(1, 1)",,"(1, 0):dish;(2, 0):soup('onion', 3, 20)","(2, 0):soup('onion', 3, 20)"
152,5,interact,"(2, 2)","(0, 1)",,"(1, 1)","(-1, 0)",,"(1, 0):dish;(2, 0):soup('onion', 3, 20)","(2, 0):soup('onion', 3, 20)",20.0,26.0,2,"(1, 0)",0.0,0.0,0.0,0.0,20.0,26.0,False,"(2, 2)",,"(2, 1)",,"(1, 0):dish;(2, 0):soup('onion', 3, 20)","(2, 0):soup('onion', 3, 20)"
153,5,interact,"(2, 2)","(0, 1)",,"(2, 1)","(1, 0)",,"(1, 0):dish;(2, 0):soup('onion', 3, 20)","(2, 0):soup('onion', 3, 20)",20.0,26.0,3,"(-1, 0)",0.0,0.0,0.0,0.0,20.0,26.0,False,"(2, 2)",,"(1, 1)",,"(1, 0):dish;(2, 0):soup('onion', 3, 20)","(2, 0):soup('onion', 3, 20)"
154,5,interact,"(2, 2)","(0, 1)",,"(1, 1)","(-1, 0)",,"(1, 0):dish;(2, 0):soup('onion', 3, 20)","(2, 0):soup('onion', 3, 20)",20.0,26.0,2,"(1, 0)",0.0,0.0,0.0,0.0,20.0,26.0,False,"(2, 2)",,"(2, 1)",,"(1, 0):dish;(2, 0):soup('onion', 3, 20)","(2, 0):soup('onion', 3, 20)"
155,5,interact,"(2, 2)","(0, 1)",,"(2, 1)","(1, 0)",,"(1, 0):dish;(2, 0):soup('onion', 3, 20)","(2, 0):soup('onion', 3, 20)",20.0,26.0,3,"(-1, 0)",0.0,0.0,0.0,0.0,20.0,26.0,False,"(2, 2)",,"(1, 1)",,"(1, 0):dish;(2, 0):soup('onion', 3, 20)","(2, 0):soup('onion', 3, 20)"
156,5,interact,"(2, 2)","(0, 1)",,"(1, 1)","(-1, 0)",,"(1, 0):dish;(2, 0):soup('onion', 3, 20)","(2, 0):soup('onion', 3, 20)",20.0,26.0,2,"(1, 0)",0.0,0.0,0.0,0.0,20.0,26.0,False,"(2, 2)",,"(2, 1)",,"(1, 0):dish;(2, 0):soup('onion', 3, 20)","(2, 0):soup('onion', 3, 20)"
157,5,interact,"(2, 2)","(0, 1)",,"(2, 1)","(1, 0)",,"(1, 0):dish;(2, 0):soup('onion', 3, 20)","(2, 0):soup('onion', 3, 20)",20.0,26.0,3,"(-1, 0)",0.0,0.0,0.0,0.0,20.0,26.0,False,"(2, 2)",,"(1, 1)",,"(1, 0):dish;(2, 0):soup('onion', 3, 20)","(2, 0):soup('onion', 3, 20)"
158,5,interact,"(2, 2)","(0, 1)",,"(1, 1)","(-1, 0)",,"(1, 0):dish;(2, 0):soup('onion', 3, 20)","(2, 0):soup('onion', 3, 20)",20.0,26.0,2,"(1, 0)",0.0,0.0,0.0,0.0,20.0,26.0,False,"(2, 2)",,"(2, 1)",,"(1, 0):dish;(2, 0):soup('onion', 3, 20)","(2, 0):soup('onion', 3, 20)"
159,5,interact,"(2, 2)","(0, 1)",,"(2, 1)","(1, 0)",,"(1, 0):dish;(2, 0):soup('onion', 3, 20)","(2, 0):soup('onion', 3, 20)",20.0,26.0,3,"(-1, 0)",0.0,0.0,0.0,0.0,20.0,26.0,False,"(2, 2)",,"(1, 1)",,"(1, 0):dish;(2, 0):soup('onion', 3, 20)","(2, 0):soup('onion', 3, 20)"
160,5,interact,"(2, 2)","(0, 1)",,"(1, 1)","(-1, 0)",,"(1, 0):dish;(2, 0):soup('onion', 3, 20)","(2, 0):soup('onion', 3, 20)",20.0,26.0,2,"(1, 0)",0.0,0.0,0.0,0.0,20.0,26.0,False,"(2, 2)",,"(2, 1)",,"(1, 0):dish;(2, 0):soup('onion', 3, 20)","(2, 0):soup('onion', 3, 20)"
161,5,interact,"(2, 2)","(0, 1)",,"(2, 1)","(1, 0)",,"(1, 0):dish;(2, 0):soup('onion', 3, 20)","(2, 0):soup('onion', 3, 20)",20.0,26.0,3,"(-1, 0)",0.0,0.0,0.0,0.0,20.0,26.0,False,"(2, 2)",,"(1, 1)",,"(1, 0):dish;(2, 0):soup('onion', 3, 20)","(2, 0):soup('onion', 3, 20)"
162,5,interact,"(2, 2)","(0, 1)",,"(1, 1)","(-1, 0)",,"(1, 0):dish;(2, 0):soup('onion', 3, 20)","(2, 0):soup('onion', 3, 20)",20.0,26.0,2,"(1, 0)",0.0,0.0,0.0,0.0,20.0,26.0,False,"(2, 2)",,"(2, 1)",,"(1, 0):dish;(2, 0):soup('onion', 3, 20)","(2, 0):soup('onion', 3, 20)"
163,5,interact,"(2, 2)","(0, 1)",,"(2, 1)","(1, 0)",,"(1, 0):dish;(2, 0):soup('onion', 3, 20)","(2, 0):soup('onion', 3, 20)",20.0,26.0,3,"(-1, 0)",0.0,0.0,0.0,0.0,20.0,26.0,False,"(2, 2)",,"(1, 1)",,"(1, 0):dish;(2, 0):soup('onion', 3, 20)","(2, 0):soup('onion', 3, 20)"
164,5,interact,"(2, 2)","(0, 1)",,"(1, 1)","(-1, 0)",,"(1, 0):dish;(2, 0):soup('onion', 3, 20)","(2, 0):soup('onion', 3, 20)",20.0,26.0,2,"(1, 0)",0.0,0.0,0.0,0.0,20.0,26.0,False,"(2, 2)",,"(2, 1)",,"(1, 0):dish;(2, 0):soup('onion', 3, 20)","(2, 0):soup('onion', 3, 20)"
165,5,interact,"(2, 2)","(0, 1)",,"(2, 1)","(1, 0)",,"(1, 0):dish;(2, 0):soup('onion', 3, 20)","(2, 0):soup('onion', 3, 20)",20.0,26.0,3,"(-1, 0)",0.0,0.0,0.0,0.0,20.0,26.0,False,"(2, 2)",,"(1, 1)",,"(1, 0):dish;(2, 0):soup('onion', 3, 20)","(2, 0):soup('onion', 3, 20)"
166,5,interact,"(2, 2)","(0, 1)",,"(1, 1)","(-1, 0)",,"(1, 0):dish;(2, 0):soup('onion', 3, 20)","(2, 0):soup('onion', 3, 20)",20.0,26.0,2,"(1, 0)",0.0,0.0,0.0,0.0,20.0,26.0,False,"(2, 2)",,"(2, 1)",,"(1, 0):dish;(2, 0):soup('onion', 3, 20)","(2, 0):soup('onion', 3, 20)"
167,5,interact,"(2, 2)","(0, 1)",,"(2, 1)","(1, 0)",,"(1, 0):dish;(2, 0):soup('onion', 3, 20)","(2, 0):soup('onion', 3, 20)",20.0,26.0,3,"(-1, 0)",0.0,0.0,0.0,0.0,20.0,26.0,False,"(2, 2)",,"(1, 1)",,"(1, 0):dish;(2, 0):soup('onion', 3, 20)","(2, 0):soup('onion', 3, 20)"
168,5,interact,"(2, 2)","(0, 1)",,"(1, 1)","(-1, 0)",,"(1, 0):dish;(2, 0):soup('onion', 3, 20)","(2, 0):soup('onion', 3, 20)",20.0,26.0,2,"(1, 0)",0.0,0.0,0.0,0.0,20.0,26.0,False,"(2, 2)",,"(2, 1)",,"(1, 0):dish;(2, 0):soup('onion', 3, 20)","(2, 0):soup('onion', 3, 20)"
169,5,interact,"(2, 2)","(0, 1)",,"(2, 1)","(1, 0)",,"(1, 0):dish;(2, 0):soup('onion', 3, 20)","(2, 0):soup('onion', 3, 20)",20.0,26.0,3,"(-1, 0)",0.0,0.0,0.0,0.0,20.0,26.0,False,"(2, 2)",,"(1, 1)",,"(1, 0):dish;(2, 0):soup('onion', 3, 20)","(2, 0):soup('onion', 3, 20)"
170,5,interact,"(2, 2)","(0, 1)",,"(1, 1)","(-1, 0)",,"(1, 0):dish;(2, 0):soup('onion', 3, 20)","(2, 0):soup('onion', 3, 20)",20.0,26.0,2,"(1, 0)",0.0,0.0,0.0,0.0,20.0,26.0,False,"(2, 2)",,"(2, 1)",,"(1, 0):dish;(2, 0):soup('onion', 3, 20)","(2, 0):soup('onion', 3, 20)"
171,5,interact,"(2, 2)","(0, 1)",,"(2, 1)","(1, 0)",,"(1, 0):dish;(2, 0):soup('onion', 3, 20)","(2, 0):soup('onion', 3, 20)",20.0,26.0,3,"(-1, 0)",0.0,0.0,0.0,0.0,20.0,26.0,False,"(2, 2)",,"(1, 1)",,"(1, 0):dish;(2, 0):soup('onion', 3, 20)","(2, 0):soup('onion', 3, 20)"
172,5,interact,"(2, 2)","(0, 1)",,"(1, 1)","(-1, 0)",,"(1, 0):dish;(2, 0):soup('onion', 3, 20)","(2, 0):soup('onion', 3, 20)",20.0,26.0,2,"(1, 0)",0.0,0.0,0.0,0.0,20.0,26.0,False,"(2, 2)",,"(2, 1)",,"(1, 0):dish;(2, 0):soup('onion', 3, 20)","(2, 0):soup('onion', 3, 20)"
173,5,interact,"(2, 2)","(0, 1)",,"(2, 1)","(1, 0)",,"(1, 0):dish;(2, 0):soup('onion', 3, 20)","(2, 0):soup('onion', 3, 20)",20.0,26.0,3,"(-1, 0)",0.0,0.0,0.0,0.0,20.0,26.0,False,"(2, 2)",,"(1, 1)",,"(1, 0):dish;(2, 0):soup('onion', 3, 20)","(2, 0):soup('onion', 3, 20)"
174,5,interact,"(2, 2)","(0, 1)",,"(1, 1)","(-1, 0)",,"(1, 0):dish;(2, 0):soup('onion', 3, 20)","(2, 0):soup('onion', 3, 20)",20.0,26.0,2,"(1, 0)",0.0,0.0,0.0,0.0,20.0,26.0,False,"(2, 2)",,"(2, 1)",,"(1, 0):dish;(2, 0):soup('onion', 3, 20)","(2, 0):soup('onion', 3, 20)"
175,5,interact,"(2, 2)","(0, 1)",,"(2, 1)","(1, 0)",,"(1, 0):dish;(2, 0):soup('onion', 3, 20)","(2, 0):soup('onion', 3, 20)",20.0,26.0,3,"(-1, 0)",0.0,0.0,0.0,0.0,20.0,26.0,False,"(2, 2)",,"(1, 1)",,"(1, 0):dish;(2, 0):soup('onion', 3, 20)","(2, 0):soup('onion', 3, 20)"
176,5,interact,"(2, 2)","(0, 1)",,"(1, 1)","(-1, 0)",,"(1, 0):dish;(2, 0):soup('onion', 3, 20)","(2, 0):soup('onion', 3, 20)",20.0,26.0,2,"(1, 0)",0.0,0.0,0.0,0.0,20.0,26.0,False,"(2, 2)",,"(2, 1)",,"(1, 0):dish;(2, 0):soup('onion', 3, 20)","(2, 0):soup('onion', 3, 20)"
177,5,interact,"(2, 2)","(0, 1)",,"(2, 1)","(1, 0)",,"(1, 0):dish;(2, 0):soup('onion', 3, 20)","(2, 0):soup('onion', 3, 20)",20.0,26.0,3,"(-1, 0)",0.0,0.0,0.0,0.0,20.0,26.0,False,"(2, 2)",,"(1, 1)",,"(1, 0):dish;(2, 0):soup('onion', 3, 20)","(2, 0):soup('onion', 3, 20)"
178,5,interact,"(2, 2)","(0, 1)",,"(1, 1)","(-1, 0)",,"(1, 0):dish;(2, 0):soup('onion', 3, 20)","(2, 0):soup('onion', 3, 20)",20.0,26.0,2,"(1, 0)",0.0,0.0,0.0,0.0,20.0,26.0,False,"(2, 2)",,"(2, 1)",,"(1, 0):dish;(2, 0):soup('onion', 3, 20)","(2, 0):soup('onion', 3, 20)"
179,5,interact,"(2, 2)","(0, 1)",,"(2, 1)","(1, 0)",,"(1, 0):dish;(2, 0):soup('onion', 3, 20)","(2, 0):soup('onion', 3, 20)",20.0,26.0,3,"(-1, 0)",0.0,0.0,0.0,0.0,20.0,26.0,False,"(2, 2)",,"(1, 1)",,"(1, 0):dish;(2, 0):soup('onion', 3, 20)","(2, 0):soup('onion', 3, 20)"
180,5,interact,"(2, 2)","(0, 1)",,"(1, 1)","(-1, 0)",,"(1, 0):dish;(2, 0):soup('onion', 3, 20)","(2, 0):soup('onion', 3, 20)",20.0,26.0,2,"(1, 0)",0.0,0.0,0.0,0.0,20.0,26.0,False,"(2, 2)",,"(2, 1)",,"(1, 0):dish;(2, 0):soup('onion', 3, 20)","(2, 0):soup('onion', 3, 20)"
181,5,interact,"(2, 2)","(0, 1)",,"(2, 1)","(1, 0)",,"(1, 0):dish;(2, 0):soup('onion', 3, 20)","(2, 0):soup('onion', 3, 20)",20.0,26.0,3,"(-1, 0)",0.0,0.0,0.0,0.0,20.0,26.0,False,"(2, 2)",,"(1, 1)",,"(1, 0):dish;(2, 0):soup('onion', 3, 20)","(2, 0):soup('onion', 3, 20)"
182,5,interact,"(2, 2)","(0, 1)",,"(1, 1)","(-1, 0)",,"(1, 0):dish;(2, 0):soup('onion', 3, 20)","(2, 0):soup('onion', 3, 20)",20.0,26.0,2,"(1, 0)",0.0,0.0,0.0,0.0,20.0,26.0,False,"(2, 2)",,"(2, 1)",,"(1, 0):dish;(2, 0):soup('onion', 3, 20)","(2, 0):soup('onion', 3, 20)"
183,5,interact,"(2, 2)","(0, 1)",,"(2, 1)","(1, 0)",,"(1, 0):dish;(2, 0):soup('onion', 3, 20)","(2, 0):soup('onion', 3, 20)",20.0,26.0,3,"(-1, 0)",0.0,0.0,0.0,0.0,20.0,26.0,False,"(2, 2)",,"(1, 1)",,"(1, 0):dish;(2, 0):soup('onion', 3, 20)","(2, 0):soup('onion', 3, 20)"
184,5,interact,"(2, 2)","(0, 1)",,"(1, 1)","(-1, 0)",,"(1, 0):dish;(2, 0):soup('onion', 3, 20)","(2, 0):soup('onion', 3, 20)",20.0,26.0,2,"(1, 0)",0.0,0.0,0.0,0.0,20.0,26.0,False,"(2, 2)",,"(2, 1)",,"(1, 0):dish;(2, 0):soup('onion', 3, 20)","(2, 0):soup('onion', 3, 20)"
185,5,interact,"(2, 2)","(0, 1)",,"(2, 1)","(1, 0)",,"(1, 0):dish;(2, 0):soup('onion', 3, 20)","(2, 0):soup('onion', 3, 20)",20.0,26.0,3,"(-1, 0)",0.0,0.0,0.0,0.0,20.0,26.0,False,"(2, 2)",,"(1, 1)",,"(1, 0):dish;(2, 0):soup('onion', 3, 20)","(2, 0):soup('onion', 3, 20)"
186,5,interact,"(2, 2)","(0, 1)",,"(1, 1)","(-1, 0)",,"(1, 0):dish;(2, 0):soup('onion', 3, 20)","(2, 0):soup('onion', 3, 20)",20.0,26.0,2,"(1, 0)",0.0,0.0,0.0,0.0,20.0,26.0,False,"(2, 2)",,"(2, 1)",,"(1, 0):dish;(2, 0):soup('onion', 3, 20)","(2, 0):soup('onion', 3, 20)"
187,5,interact,"(2, 2)","(0, 1)",,"(2, 1)","(1, 0)",,"(1, 0):dish;(2, 0):soup('onion', 3, 20)","(2, 0):soup('onion', 3, 20)",20.0,26.0,3,"(-1, 0)",0.0,0.0,0.0,0.0,20.0,26.0,False,"(2, 2)",,"(1, 1)",,"(1, 0):dish;(2, 0):soup('onion', 3, 20)","(2, 0):soup('onion', 3, 20)"
188,5,interact,"(2, 2)","(0, 1)",,"(1, 1)","(-1, 0)",,"(1, 0):dish;(2, 0):soup('onion', 3, 20)","(2, 0):soup('onion', 3, 20)",20.0,26.0,2,"(1, 0)",0.0,0.0,0.0,0.0,20.0,26.0,False,"(2, 2)",,"(2, 1)",,"(1, 0):dish;(2, 0):soup('onion', 3, 20)","(2, 0):soup('onion', 3, 20)"
189,5,interact,"(2, 2)","(0, 1)",,"(2, 1)","(1, 0)",,"(1, 0):dish;(2, 0):soup('onion', 3, 20)","(2, 0):soup('onion', 3, 20)",20.0,26.0,3,"(-1, 0)",0.0,0.0,0.0,0.0,20.0,26.0,False,"(2, 2)",,"(1, 1)",,"(1, 0):dish;(2, 0):soup('onion', 3, 20)","(2, 0):soup('onion', 3, 20)"
190,5,interact,"(2, 2)","(0, 1)",,"(1, 1)","(-1, 0)",,"(1, 0):dish;(2, 0):soup('onion', 3, 20)","(2, 0):soup('onion', 3, 20)",20.0,26.0,2,"(1, 0)",0.0,0.0,0.0,0.0,20.0,26.0,False,"(2, 2)",,"(2, 1)",,"(1, 0):dish;(2, 0):soup('onion', 3, 20)","(2, 0):soup('onion', 3, 20)"
191,5,interact,"(2, 2)","(0, 1)",,"(2, 1)","(1, 0)",,"(1, 0):dish;(2, 0):soup('onion', 3, 20)","(2, 0):soup('onion', 3, 20)",20.0,26.0,3,"(-1, 0)",0.0,0.0,0.0,0.0,20.0,26.0,False,"(2, 2)",,"(1, 1)",,"(1, 0):dish;(2, 0):soup('onion', 3, 20)","(2, 0):soup('onion', 3, 20)"
192,5,interact,"(2, 2)","(0, 1)",,"(1, 1)","(-1, 0)",,"(1, 0):dish;(2, 0):soup('onion', 3, 20)","(2, 0):soup('onion', 3, 20)",20.0,26.0,2,"(1, 0)",0.0,0.0,0.0,0.0,20.0,26.0,False,"(2, 2)",,"(2, 1)",,"(1, 0):dish;(2, 0):soup('onion', 3, 20)","(2, 0):soup('onion', 3, 20)"
193,5,interact,"(2, 2)","(0, 1)",,"(2, 1)","(1, 0)",,"(1, 0):dish;(2, 0):soup('onion', 3, 20)","(2, 0):soup('onion', 3, 20)",20.0,26.0,3,"(-1, 0)",0.0,0.0,0.0,0.0,20.0,26.0,False,"(2, 2)",,"(1, 1)",,"(1, 0):dish;(2, 0):soup('onion', 3, 20)","(2, 0):soup('onion', 3, 20)"
194,5,interact,"(2, 2)","(0, 1)",,"(1, 1)","(-1, 0)",,"(1, 0):dish;(2, 0):soup('onion', 3, 20)","(2, 0):soup('onion', 3, 20)",20.0,26.0,2,"(1, 0)",0.0,0.0,0.0,0.0,20.0,26.0,False,"(2, 2)",,"(2, 1)",,"(1, 0):dish;(2, 0):soup('onion', 3, 20)","(2, 0):soup('onion', 3, 20)"
195,5,interact,"(2, 2)","(0, 1)",,"(2, 1)","(1, 0)",,"(1, 0):dish;(2, 0):soup('onion', 3, 20)","(2, 0):soup('onion', 3, 20)",20.0,26.0,3,"(-1, 0)",0.0,0.0,0.0,0.0,20.0,26.0,False,"(2, 2)",,"(1, 1)",,"(1, 0):dish;(2, 0):soup('onion', 3, 20)","(2, 0):soup('onion', 3, 20)"
196,5,interact,"(2, 2)","(0, 1)",,"(1, 1)","(-1, 0)",,"(1, 0):dish;(2, 0):soup('onion', 3, 20)","(2, 0):soup('onion', 3, 20)",20.0,26.0,2,"(1, 0)",0.0,0.0,0.0,0.0,20.0,26.0,False,"(2, 2)",,"(2, 1)",,"(1, 0):dish;(2, 0):soup('onion', 3, 20)","(2, 0):soup('onion', 3, 20)"
197,5,interact,"(2, 2)","(0, 1)",,"(2, 1)","(1, 0)",,"(1, 0):dish;(2, 0):soup('onion', 3, 20)","(2, 0):soup('onion', 3, 20)",20.0,26.0,3,"(-1, 0)",0.0,0.0,0.0,0.0,20.0,26.0,False,"(2, 2)",,"(1, 1)",,"(1, 0):dish;(2, 0):soup('onion', 3, 20)","(2, 0):soup('onion', 3, 20)"
198,5,interact,"(2, 2)","(0, 1)",,"(1, 1)","(-1, 0)",,"(1, 0):dish;(2, 0):soup('onion', 3, 20)","(2, 0):soup('onion', 3, 20)",20.0,26.0,2,"(1, 0)",0.0,0.0,0.0,0.0,20.0,26.0,False,"(2, 2)",,"(2, 1)",,"(1, 0):dish;(2, 0):soup('onion', 3, 20)","(2, 0):soup('onion', 3, 20)"
199,5,interact,"(2, 2)","(0, 1)",,"(2, 1)","(1, 0)",,"(1, 0):dish;(2, 0):soup('onion', 3, 20)","(2, 0):soup('onion', 3, 20)",20.0,26.0,3,"(-1, 0)",0.0,0.0,0.0,0.0,20.0,26.0,False,"(2, 2)",,"(1, 1)",,"(1, 0):dish;(2, 0):soup('onion', 3, 20)","(2, 0):soup('onion', 3, 20)"
200,5,interact,"(2, 2)","(0, 1)",,"(1, 1)","(-1, 0)",,"(1, 0):dish;(2, 0):soup('onion', 3, 20)","(2, 0):soup('onion', 3, 20)",20.0,26.0,2,"(1, 0)",0.0,0.0,0.0,0.0,20.0,26.0,False,"(2, 2)",,"(2, 1)",,"(1, 0):dish;(2, 0):soup('onion', 3, 20)","(2, 0):soup('onion', 3, 20)"
201,5,interact,"(2, 2)","(0, 1)",,"(2, 1)","(1, 0)",,"(1, 0):dish;(2, 0):soup('onion', 3, 20)","(2, 0):soup('onion', 3, 20)",20.0,26.0,3,"(-1, 0)",0.0,0.0,0.0,0.0,20.0,26.0,False,"(2, 2)",,"(1, 1)",,"(1, 0):dish;(2, 0):soup('onion', 3, 20)","(2, 0):soup('onion', 3, 20)"
202,5,interact,"(2, 2)","(0, 1)",,"(1, 1)","(-1, 0)",,"(1, 0):dish;(2, 0):soup('onion', 3, 20)","(2, 0):soup('onion', 3, 20)",20.0,26.0,2,"(1, 0)",0.0,0.0,0.0,0.0,20.0,26.0,False,"(2, 2)",,"(2, 1)",,"(1, 0):dish;(2, 0):soup('onion', 3, 20)","(2, 0):soup('onion', 3, 20)"
203,5,interact,"(2, 2)","(0, 1)",,"(2, 1)","(1, 0)",,"(1, 0):dish;(2, 0):soup('onion', 3, 20)","(2, 0):soup('onion', 3, 20)",20.0,26.0,3,"(-1, 0)",0.0,0.0,0.0,0.0,20.0,26.0,False,"(2, 2)",,"(1, 1)",,"(1, 0):dish;(2, 0):soup('onion', 3, 20)","(2, 0):soup('onion', 3, 20)"
204,5,interact,"(2, 2)","(0, 1)",,"(1, 1)","(-1, 0)",,"(1, 0):dish;(2, 0):soup('onion', 3, 20)","(2, 0):soup('onion', 3, 20)",20.0,26.0,2,"(1, 0)",0.0,0.0,0.0,0.0,20.0,26.0,False,"(2, 2)",,"(2, 1)",,"(1, 0):dish;(2, 0):soup('onion', 3, 20)","(2, 0):soup('onion', 3, 20)"
205,5,interact,"(2, 2)","(0, 1)",,"(2, 1)","(1, 0)",,"(1, 0):dish;(2, 0):soup('onion', 3, 20)","(2, 0):soup('onion', 3, 20)",20.0,26.0,3,"(-1, 0)",0.0,0.0,0.0,0.0,20.0,26.0,False,"(2, 2)",,"(1, 1)",,"(1, 0):dish;(2, 0):soup('onion', 3, 20)","(2, 0):soup('onion', 3, 20)"
206,5,interact,"(2, 2)","(0, 1)",,"(1, 1)","(-1, 0)",,"(1, 0):dish;(2, 0):soup('onion', 3, 20)","(2, 0):soup('onion', 3, 20)",20.0,26.0,2,"(1, 0)",0.0,0.0,0.0,0.0,20.0,26.0,False,"(2, 2)",,"(2, 1)",,"(1, 0):dish;(2, 0):soup('onion', 3, 20)","(2, 0):soup('onion', 3, 20)"
207,5,interact,"(2, 2)","(0, 1)",,"(2, 1)","(1, 0)",,"(1, 0):dish;(2, 0):soup('onion', 3, 20)","(2, 0):soup('onion', 3, 20)",20.0,26.0,3,"(-1, 0)",0.0,0.0,0.0,0.0,20.0,26.0,False,"(2, 2)",,"(1, 1)",,"(1, 0):dish;(2, 0):soup('onion', 3, 20)","(2, 0):soup('onion', 3, 20)"
208,5,interact,"(2, 2)","(0, 1)",,"(1, 1)","(-1, 0)",,"(1, 0):dish;(2, 0):soup('onion', 3, 20)","(2, 0):soup('onion', 3, 20)",20.0,26.0,2,"(1, 0)",0.0,0.0,0.0,0.0,20.0,26.0,False,"(2, 2)",,"(2, 1)",,"(1, 0):dish;(2, 0):soup('onion', 3, 20)","(2, 0):soup('onion', 3, 20)"
209,5,interact,"(2, 2)","(0, 1)",,"(2, 1)","(1, 0)",,"(1, 0):dish;(2, 0):soup('onion', 3, 20)","(2, 0):soup('onion', 3, 20)",20.0,26.0,3,"(-1, 0)",0.0,0.0,0.0,0.0,20.0,26.0,False,"(2, 2)",,"(1, 1)",,"(1, 0):dish;(2, 0):soup('onion', 3, 20)","(2, 0):soup('onion', 3, 20)"
210,5,interact,"(2, 2)","(0, 1)",,"(1, 1)","(-1, 0)",,"(1, 0):dish;(2, 0):soup('onion', 3, 20)","(2, 0):soup('onion', 3, 20)",20.0,26.0,2,"(1, 0)",0.0,0.0,0.0,0.0,20.0,26.0,False,"(2, 2)",,"(2, 1)",,"(1, 0):dish;(2, 0):soup('onion', 3, 20)","(2, 0):soup('onion', 3, 20)"
211,5,interact,"(2, 2)","(0, 1)",,"(2, 1)","(1, 0)",,"(1, 0):dish;(2, 0):soup('onion', 3, 20)","(2, 0):soup('onion', 3, 20)",20.0,26.0,3,"(-1, 0)",0.0,0.0,0.0,0.0,20.0,26.0,False,"(2, 2)",,"(1, 1)",,"(1, 0):dish;(2, 0):soup('onion', 3, 20)","(2, 0):soup('onion', 3, 20)"
212,5,interact,"(2, 2)","(0, 1)",,"(1, 1)","(-1, 0)",,"(1, 0):dish;(2, 0):soup('onion', 3, 20)","(2, 0):soup('onion', 3, 20)",20.0,26.0,2,"(1, 0)",0.0,0.0,0.0,0.0,20.0,26.0,False,"(2, 2)",,"(2, 1)",,"(1, 0):dish;(2, 0):soup('onion', 3, 20)","(2, 0):soup('onion', 3, 20)"
213,5,interact,"(2, 2)","(0, 1)",,"(2, 1)","(1, 0)",,"(1, 0):dish;(2, 0):soup('onion', 3, 20)","(2, 0):soup('onion', 3, 20)",20.0,26.0,3,"(-1, 0)",0.0,0.0,0.0,0.0,20.0,26.0,False,"(2, 2)",,"(1, 1)",,"(1, 0):dish;(2, 0):soup('onion', 3, 20)","(2, 0):soup('onion', 3, 20)"
214,5,interact,"(2, 2)","(0, 1)",,"(1, 1)","(-1, 0)",,"(1, 0):dish;(2, 0):soup('onion', 3, 20)","(2, 0):soup('onion', 3, 20)",20.0,26.0,2,"(1, 0)",0.0,0.0,0.0,0.0,20.0,26.0,False,"(2, 2)",,"(2, 1)",,"(1, 0):dish;(2, 0):soup('onion', 3, 20)","(2, 0):soup('onion', 3, 20)"
215,5,interact,"(2, 2)","(0, 1)",,"(2, 1)","(1, 0)",,"(1, 0):dish;(2, 0):soup('onion', 3, 20)","(2, 0):soup('onion', 3, 20)",20.0,26.0,3,"(-1, 0)",0.0,0.0,0.0,0.0,20.0,26.0,False,"(2, 2)",,"(1, 1)",,"(1, 0):dish;(2, 0):soup('onion', 3, 20)","(2, 0):soup('onion', 3, 20)"
216,5,interact,"(2, 2)","(0, 1)",,"(1, 1)","(-1, 0)",,"(1, 0):dish;(2, 0):soup('onion', 3, 20)","(2, 0):soup('onion', 3, 20)",20.0,26.0,2,"(1, 0)",0.0,0.0,0.0,0.0,20.0,26.0,False,"(2, 2)",,"(2, 1)",,"(1, 0):dish;(2, 0):soup('onion', 3, 20)","(2, 0):soup('onion', 3, 20)"
217,5,interact,"(2, 2)","(0, 1)",,"(2, 1)","(1, 0)",,"(1, 0):dish;(2, 0):soup('onion', 3, 20)","(2, 0):soup('onion', 3, 20)",20.0,26.0,3,"(-1, 0)",0.0,0.0,0.0,0.0,20.0,26.0,False,"(2, 2)",,"(1, 1)",,"(1, 0):dish;(2, 0):soup('onion', 3, 20)","(2, 0):soup('onion', 3, 20)"
218,5,interact,"(2, 2)","(0, 1)",,"(1, 1)","(-1, 0)",,"(1, 0):dish;(2, 0):soup('onion', 3, 20)","(2, 0):soup('onion', 3, 20)",20.0,26.0,2,"(1, 0)",0.0,0.0,0.0,0.0,20.0,26.0,False,"(2, 2)",,"(2, 1)",,"(1, 0):dish;(2, 0):soup('onion', 3, 20)","(2, 0):soup('onion', 3, 20)"
219,5,interact,"(2, 2)","(0, 1)",,"(2, 1)","(1, 0)",,"(1, 0):dish;(2, 0):soup('onion', 3, 20)","(2, 0):soup('onion', 3, 20)",20.0,26.0,3,"(-1, 0)",0.0,0.0,0.0,0.0,20.0,26.0,False,"(2, 2)",,"(1, 1)",,"(1, 0):dish;(2, 0):soup('onion', 3, 20)","(2, 0):soup('onion', 3, 20)"
220,5,interact,"(2, 2)","(0, 1)",,"(1, 1)","(-1, 0)",,"(1, 0):dish;(2, 0):soup('onion', 3, 20)","(2, 0):soup('onion', 3, 20)",20.0,26.0,2,"(1, 0)",0.0,0.0,0.0,0.0,20.0,26.0,False,"(2, 2)",,"(2, 1)",,"(1, 0):dish;(2, 0):soup('onion', 3, 20)","(2, 0):soup('onion', 3, 20)"
221,5,interact,"(2, 2)","(0, 1)",,"(2, 1)","(1, 0)",,"(1, 0):dish;(2, 0):soup('onion', 3, 20)","(2, 0):soup('onion', 3, 20)",20.0,26.0,3,"(-1, 0)",0.0,0.0,0.0,0.0,20.0,26.0,False,"(2, 2)",,"(1, 1)",,"(1, 0):dish;(2, 0):soup('onion', 3, 20)","(2, 0):soup('onion', 3, 20)"
222,5,interact,"(2, 2)","(0, 1)",,"(1, 1)","(-1, 0)",,"(1, 0):dish;(2, 0):soup('onion', 3, 20)","(2, 0):soup('onion', 3, 20)",20.0,26.0,2,"(1, 0)",0.0,0.0,0.0,0.0,20.0,26.0,False,"(2, 2)",,"(2, 1)",,"(1, 0):dish;(2, 0):soup('onion', 3, 20)","(2, 0):soup('onion', 3, 20)"
223,5,interact,"(2, 2)","(0, 1)",,"(2, 1)","(1, 0)",,"(1, 0):dish;(2, 0):soup('onion', 3, 20)","(2, 0):soup('onion', 3, 20)",20.0,26.0,3,"(-1, 0)",0.0,0.0,0.0,0.0,20.0,26.0,False,"(2, 2)",,"(1, 1)",,"(1, 0):dish;(2, 0):soup('onion', 3, 20)","(2, 0):soup('onion', 3, 20)"
224,5,interact,"(2, 2)","(0, 1)",,"(1, 1)","(-1, 0)",,"(1, 0):dish;(2, 0):soup('onion', 3, 20)","(2, 0):soup('onion', 3, 20)",20.0,26.0,2,"(1, 0)",0.0,0.0,0.0,0.0,20.0,26.0,False,"(2, 2)",,"(2, 1)",,"(1, 0):dish;(2, 0):soup('onion', 3, 20)","(2, 0):soup('onion', 3, 20)"
225,5,interact,"(2, 2)","(0, 1)",,"(2, 1)","(1, 0)",,"(1, 0):dish;(2, 0):soup('onion', 3, 20)","(2, 0):soup('onion', 3, 20)",20.0,26.0,3,"(-1, 0)",0.0,0.0,0.0,0.0,20.0,26.0,False,"(2, 2)",,"(1, 1)",,"(1, 0):dish;(2, 0):soup('onion', 3, 20)","(2, 0):soup('onion', 3, 20)"
226,5,interact,"(2, 2)","(0, 1)",,"(1, 1)","(-1, 0)",,"(1, 0):dish;(2, 0):soup('onion', 3, 20)","(2, 0):soup('onion', 3, 20)",20.0,26.0,2,"(1, 0)",0.0,0.0,0.0,0.0,20.0,26.0,False,"(2, 2)",,"(2, 1)",,"(1, 0):dish;(2, 0):soup('onion', 3, 20)","(2, 0):soup('onion', 3, 20)"
227,5,interact,"(2, 2)","(0, 1)",,"(2, 1)","(1, 0)",,"(1, 0):dish;(2, 0):soup('onion', 3, 20)","(2, 0):soup('onion', 3, 20)",20.0,26.0,3,"(-1, 0)",0.0,0.0,0.0,0.0,20.0,26.0,False,"(2, 2)",,"(1, 1)",,"(1, 0):dish;(2, 0):soup('onion', 3, 20)","(2, 0):soup('onion', 3, 20)"
228,5,interact,"(2, 2)","(0, 1)",,"(1, 1)","(-1, 0)",,"(1, 0):dish;(2, 0):soup('onion', 3, 20)","(2, 0):soup('onion', 3, 20)",20.0,26.0,2,"(1, 0)",0.0,0.0,0.0,0.0,20.0,26.0,False,"(2, 2)",,"(2, 1)",,"(1, 0):dish;(2, 0):soup('onion', 3, 20)","(2, 0):soup('onion', 3, 20)"
229,5,interact,"(2, 2)","(0, 1)",,"(2, 1)","(1, 0)",,"(1, 0):dish;(2, 0):soup('onion', 3, 20)","(2, 0):soup('onion', 3, 20)",20.0,26.0,3,"(-1, 0)",0.0,0.0,0.0,0.0,20.0,26.0,False,"(2, 2)",,"(1, 1)",,"(1, 0):dish;(2, 0):soup('onion', 3, 20)","(2, 0):soup('onion', 3, 20)"
230,5,interact,"(2, 2)","(0, 1)",,"(1, 1)","(-1, 0)",,"(1, 0):dish;(2, 0):soup('onion', 3, 20)","(2, 0):soup('onion', 3, 20)",20.0,26.0,2,"(1, 0)",0.0,0.0,0.0,0.0,20.0,26.0,False,"(2, 2)",,"(2, 1)",,"(1, 0):dish;(2, 0):soup('onion', 3, 20)","(2, 0):soup('onion', 3, 20)"
231,5,interact,"(2, 2)","(0, 1)",,"(2, 1)","(1, 0)",,"(1, 0):dish;(2, 0):soup('onion', 3, 20)","(2, 0):soup('onion', 3, 20)",20.0,26.0,3,"(-1, 0)",0.0,0.0,0.0,0.0,20.0,26.0,False,"(2, 2)",,"(1, 1)",,"(1, 0):dish;(2, 0):soup('onion', 3, 20)","(2, 0):soup('onion', 3, 20)"
232,5,interact,"(2, 2)","(0, 1)",,"(1, 1)","(-1, 0)",,"(1, 0):dish;(2, 0):soup('onion', 3, 20)","(2, 0):soup('onion', 3, 20)",20.0,26.0,2,"(1, 0)",0.0,0.0,0.0,0.0,20.0,26.0,False,"(2, 2)",,"(2, 1)",,"(1, 0):dish;(2, 0):soup('onion', 3, 20)","(2, 0):soup('onion', 3, 20)"
233,5,interact,"(2, 2)","(0, 1)",,"(2, 1)","(1, 0)",,"(1, 0):dish;(2, 0):soup('onion', 3, 20)","(2, 0):soup('onion', 3, 20)",20.0,26.0,3,"(-1, 0)",0.0,0.0,0.0,0.0,20.0,26.0,False,"(2, 2)",,"(1, 1)",,"(1, 0):dish;(2, 0):soup('onion', 3, 20)","(2, 0):soup('onion', 3, 20)"
234,5,interact,"(2, 2)","(0, 1)",,"(1, 1)","(-1, 0)",,"(1, 0):dish;(2, 0):soup('onion', 3, 20)","(2, 0):soup('onion', 3, 20)",20.0,26.0,2,"(1, 0)",0.0,0.0,0.0,0.0,20.0,26.0,False,"(2, 2)",,"(2, 1)",,"(1, 0):dish;(2, 0):soup('onion', 3, 20)","(2, 0):soup('onion', 3, 20)"
235,5,interact,"(2, 2)","(0, 1)",,"(2, 1)","(1, 0)",,"(1, 0):dish;(2, 0):soup('onion', 3, 20)","(2, 0):soup('onion', 3, 20)",20.0,26.0,3,"(-1, 0)",0.0,0.0,0.0,0.0,20.0,26.0,False,"(2, 2)",,"(1, 1)",,"(1, 0):dish;(2, 0):soup('onion', 3, 20)","(2, 0):soup('onion', 3, 20)"
236,5,interact,"(2, 2)","(0, 1)",,"(1, 1)","(-1, 0)",,"(1, 0):dish;(2, 0):soup('onion', 3, 20)","(2, 0):soup('onion', 3, 20)",20.0,26.0,2,"(1, 0)",0.0,0.0,0.0,0.0,20.0,26.0,False,"(2, 2)",,"(2, 1)",,"(1, 0):dish;(2, 0):soup('onion', 3, 20)","(2, 0):soup('onion', 3, 20)"
237,5,interact,"(2, 2)","(0, 1)",,"(2, 1)","(1, 0)",,"(1, 0):dish;(2, 0):soup('onion', 3, 20)","(2, 0):soup('onion', 3, 20)",20.0,26.0,3,"(-1, 0)",0.0,0.0,0.0,0.0,20.0,26.0,False,"(2, 2)",,"(1, 1)",,"(1, 0):dish;(2, 0):soup('onion', 3, 20)","(2, 0):soup('onion', 3, 20)"
238,5,interact,"(2, 2)","(0, 1)",,"(1, 1)","(-1, 0)",,"(1, 0):dish;(2, 0):soup('onion', 3, 20)","(2, 0):soup('onion', 3, 20)",20.0,26.0,2,"(1, 0)",0.0,0.0,0.0,0.0,20.0,26.0,False,"(2, 2)",,"(2, 1)",,"(1, 0):dish;(2, 0):soup('onion', 3, 20)","(2, 0):soup('onion', 3, 20)"
239,5,interact,"(2, 2)","(0, 1)",,"(2, 1)","(1, 0)",,"(1, 0):dish;(2, 0):soup('onion', 3, 20)","(2, 0):soup('onion', 3, 20)",20.0,26.0,3,"(-1, 0)",0.0,0.0,0.0,0.0,20.0,26.0,False,"(2, 2)",,"(1, 1)",,"(1, 0):dish;(2, 0):soup('onion', 3, 20)","(2, 0):soup('onion', 3, 20)"
240,5,interact,"(2, 2)","(0, 1)",,"(1, 1)","(-1, 0)",,"(1, 0):dish;(2, 0):soup('onion', 3, 20)","(2, 0):soup('onion', 3, 20)",20.0,26.0,2,"(1, 0)",0.0,0.0,0.0,0.0,20.0,26.0,False,"(2, 2)",,"(2, 1)",,"(1, 0):dish;(2, 0):soup('onion', 3, 20)","(2, 0):soup('onion', 3, 20)"
241,5,interact,"(2, 2)","(0, 1)",,"(2, 1)","(1, 0)",,"(1, 0):dish;(2, 0):soup('onion', 3, 20)","(2, 0):soup('onion', 3, 20)",20.0,26.0,3,"(-1, 0)",0.0,0.0,0.0,0.0,20.0,26.0,False,"(2, 2)",,"(1, 1)",,"(1, 0):dish;(2, 0):soup('onion', 3, 20)","(2, 0):soup('onion', 3, 20)"
242,5,interact,"(2, 2)","(0, 1)",,"(1, 1)","(-1, 0)",,"(1, 0):dish;(2, 0):soup('onion', 3, 20)","(2, 0):soup('onion', 3, 20)",20.0,26.0,2,"(1, 0)",0.0,0.0,0.0,0.0,20.0,26.0,False,"(2, 2)",,"(2, 1)",,"(1, 0):dish;(2, 0):soup('onion', 3, 20)","(2, 0):soup('onion', 3, 20)"
243,5,interact,"(2, 2)","(0, 1)",,"(2, 1)","(1, 0)",,"(1, 0):dish;(2, 0):soup('onion', 3, 20)","(2, 0):soup('onion', 3, 20)",20.0,26.0,3,"(-1, 0)",0.0,0.0,0.0,0.0,20.0,26.0,False,"(2, 2)",,"(1, 1)",,"(1, 0):dish;(2, 0):soup('onion', 3, 20)","(2, 0):soup('onion', 3, 20)"
244,5,interact,"(2, 2)","(0, 1)",,"(1, 1)","(-1, 0)",,"(1, 0):dish;(2, 0):soup('onion', 3, 20)","(2, 0):soup('onion', 3, 20)",20.0,26.0,2,"(1, 0)",0.0,0.0,0.0,0.0,20.0,26.0,False,"(2, 2)",,"(2, 1)",,"(1, 0):dish;(2, 0):soup('onion', 3, 20)","(2, 0):soup('onion', 3, 20)"
245,5,interact,"(2, 2)","(0, 1)",,"(2, 1)","(1, 0)",,"(1, 0):dish;(2, 0):soup('onion', 3, 20)","(2, 0):soup('onion', 3, 20)",20.0,26.0,3,"(-1, 0)",0.0,0.0,0.0,0.0,20.0,26.0,False,"(2, 2)",,"(1, 1)",,"(1, 0):dish;(2, 0):soup('onion', 3, 20)","(2, 0):soup('onion', 3, 20)"
246,5,interact,"(2, 2)","(0, 1)",,"(1, 1)","(-1, 0)",,"(1, 0):dish;(2, 0):soup('onion', 3, 20)","(2, 0):soup('onion', 3, 20)",20.0,26.0,2,"(1, 0)",0.0,0.0,0.0,0.0,20.0,26.0,False,"(2, 2)",,"(2, 1)",,"(1, 0):dish;(2, 0):soup('onion', 3, 20)","(2, 0):soup('onion', 3, 20)"
247,5,interact,"(2, 2)","(0, 1)",,"(2, 1)","(1, 0)",,"(1, 0):dish;(2, 0):soup('onion', 3, 20)","(2, 0):soup('onion', 3, 20)",20.0,26.0,3,"(-1, 0)",0.0,0.0,0.0,0.0,20.0,26.0,False,"(2, 2)",,"(1, 1)",,"(1, 0):dish;(2, 0):soup('onion', 3, 20)","(2, 0):soup('onion', 3, 20)"
248,5,interact,"(2, 2)","(0, 1)",,"(1, 1)","(-1, 0)",,"(1, 0):dish;(2, 0):soup('onion', 3, 20)","(2, 0):soup('onion', 3, 20)",20.0,26.0,2,"(1, 0)",0.0,0.0,0.0,0.0,20.0,26.0,False,"(2, 2)",,"(2, 1)",,"(1, 0):dish;(2, 0):soup('onion', 3, 20)","(2, 0):soup('onion', 3, 20)"
249,5,interact,"(2, 2)","(0, 1)",,"(2, 1)","(1, 0)",,"(1, 0):dish;(2, 0):soup('onion', 3, 20)","(2, 0):soup('onion', 3, 20)",20.0,26.0,3,"(-1, 0)",0.0,0.0,0.0,0.0,20.0,26.0,False,"(2, 2)",,"(1, 1)",,"(1, 0):dish;(2, 0):soup('onion', 3, 20)","(2, 0):soup('onion', 3, 20)"
250,5,interact,"(2, 2)","(0, 1)",,"(1, 1)","(-1, 0)",,"(1, 0):dish;(2, 0):soup('onion', 3, 20)","(2, 0):soup('onion', 3, 20)",20.0,26.0,2,"(1, 0)",0.0,0.0,0.0,0.0,20.0,26.0,False,"(2, 2)",,"(2, 1)",,"(1, 0):dish;(2, 0):soup('onion', 3, 20)","(2, 0):soup('onion', 3, 20)"
251,5,interact,"(2, 2)","(0, 1)",,"(2, 1)","(1, 0)",,"(1, 0):dish;(2, 0):soup('onion', 3, 20)","(2, 0):soup('onion', 3, 20)",20.0,26.0,3,"(-1, 0)",0.0,0.0,0.0,0.0,20.0,26.0,False,"(2, 2)",,"(1, 1)",,"(1, 0):dish;(2, 0):soup('onion', 3, 20)","(2, 0):soup('onion', 3, 20)"
252,5,interact,"(2, 2)","(0, 1)",,"(1, 1)","(-1, 0)",,"(1, 0):dish;(2, 0):soup('onion', 3, 20)","(2, 0):soup('onion', 3, 20)",20.0,26.0,2,"(1, 0)",0.0,0.0,0.0,0.0,20.0,26.0,False,"(2, 2)",,"(2, 1)",,"(1, 0):dish;(2, 0):soup('onion', 3, 20)","(2, 0):soup('onion', 3, 20)"
253,5,interact,"(2, 2)","(0, 1)",,"(2, 1)","(1, 0)",,"(1, 0):dish;(2, 0):soup('onion', 3, 20)","(2, 0):soup('onion', 3, 20)",20.0,26.0,3,"(-1, 0)",0.0,0.0,0.0,0.0,20.0,26.0,False,"(2, 2)",,"(1, 1)",,"(1, 0):dish;(2, 0):soup('onion', 3, 20)","(2, 0):soup('onion', 3, 20)"
254,5,interact,"(2, 2)","(0, 1)",,"(1, 1)","(-1, 0)",,"(1, 0):dish;(2, 0):soup('onion', 3, 20)","(2, 0):soup('onion', 3, 20)",20.0,26.0,2,"(1, 0)",0.0,0.0,0.0,0.0,20.0,26.0,False,"(2, 2)",,"(2, 1)",,"(1, 0):dish;(2, 0):soup('onion', 3, 20)","(2, 0):soup('onion', 3, 20)"
255,5,interact,"(2, 2)","(0, 1)",,"(2, 1)","(1, 0)",,"(1, 0):dish;(2, 0):soup('onion', 3, 20)","(2, 0):soup('onion', 3, 20)",20.0,26.0,3,"(-1, 0)",0.0,0.0,0.0,0.0,20.0,26.0,False,"(2, 2)",,"(1, 1)",,"(1, 0):dish;(2, 0):soup('onion', 3, 20)","(2, 0):soup('onion', 3, 20)"
256,5,interact,"(2, 2)","(0, 1)",,"(1, 1)","(-1, 0)",,"(1, 0):dish;(2, 0):soup('onion', 3, 20)","(2, 0):soup('onion', 3, 20)",20.0,26.0,2,"(1, 0)",0.0,0.0,0.0,0.0,20.0,26.0,False,"(2, 2)",,"(2, 1)",,"(1, 0):dish;(2, 0):soup('onion', 3, 20)","(2, 0):soup('onion', 3, 20)"
257,5,interact,"(2, 2)","(0, 1)",,"(2, 1)","(1, 0)",,"(1, 0):dish;(2, 0):soup('onion', 3, 20)","(2, 0):soup('onion', 3, 20)",20.0,26.0,3,"(-1, 0)",0.0,0.0,0.0,0.0,20.0,26.0,False,"(2, 2)",,"(1, 1)",,"(1, 0):dish;(2, 0):soup('onion', 3, 20)","(2, 0):soup('onion', 3, 20)"
258,5,interact,"(2, 2)","(0, 1)",,"(1, 1)","(-1, 0)",,"(1, 0):dish;(2, 0):soup('onion', 3, 20)","(2, 0):soup('onion', 3, 20)",20.0,26.0,2,"(1, 0)",0.0,0.0,0.0,0.0,20.0,26.0,False,"(2, 2)",,"(2, 1)",,"(1, 0):dish;(2, 0):soup('onion', 3, 20)","(2, 0):soup('onion', 3, 20)"
259,5,interact,"(2, 2)","(0, 1)",,"(2, 1)","(1, 0)",,"(1, 0):dish;(2, 0):soup('onion', 3, 20)","(2, 0):soup('onion', 3, 20)",20.0,26.0,3,"(-1, 0)",0.0,0.0,0.0,0.0,20.0,26.0,False,"(2, 2)",,"(1, 1)",,"(1, 0):dish;(2, 0):soup('onion', 3, 20)","(2, 0):soup('onion', 3, 20)"
260,5,interact,"(2, 2)","(0, 1)",,"(1, 1)","(-1, 0)",,"(1, 0):dish;(2, 0):soup('onion', 3, 20)","(2, 0):soup('onion', 3, 20)",20.0,26.0,2,"(1, 0)",0.0,0.0,0.0,0.0,20.0,26.0,False,"(2, 2)",,"(2, 1)",,"(1, 0):dish;(2, 0):soup('onion', 3, 20)","(2, 0):soup('onion', 3, 20)"
261,5,interact,"(2, 2)","(0, 1)",,"(2, 1)","(1, 0)",,"(1, 0):dish;(2, 0):soup('onion', 3, 20)","(2, 0):soup('onion', 3, 20)",20.0,26.0,3,"(-1, 0)",0.0,0.0,0.0,0.0,20.0,26.0,False,"(2, 2)",,"(1, 1)",,"(1, 0):dish;(2, 0):soup('onion', 3, 20)","(2, 0):soup('onion', 3, 20)"
262,5,interact,"(2, 2)","(0, 1)",,"(1, 1)","(-1, 0)",,"(1, 0):dish;(2, 0):soup('onion', 3, 20)","(2, 0):soup('onion', 3, 20)",20.0,26.0,2,"(1, 0)",0.0,0.0,0.0,0.0,20.0,26.0,False,"(2, 2)",,"(2, 1)",,"(1, 0):dish;(2, 0):soup('onion', 3, 20)","(2, 0):soup('onion', 3, 20)"
263,5,interact,"(2, 2)","(0, 1)",,"(2, 1)","(1, 0)",,"(1, 0):dish;(2, 0):soup('onion', 3, 20)","(2, 0):soup('onion', 3, 20)",20.0,26.0,3,"(-1, 0)",0.0,0.0,0.0,0.0,20.0,26.0,False,"(2, 2)",,"(1, 1)",,"(1, 0):dish;(2, 0):soup('onion', 3, 20)","(2, 0):soup('onion', 3, 20)"
264,5,interact,"(2, 2)","(0, 1)",,"(1, 1)","(-1, 0)",,"(1, 0):dish;(2, 0):soup('onion', 3, 20)","(2, 0):soup('onion', 3, 20)",20.0,26.0,2,"(1, 0)",0.0,0.0,0.0,0.0,20.0,26.0,False,"(2, 2)",,"(2, 1)",,"(1, 0):dish;(2, 0):soup('onion', 3, 20)","(2, 0):soup('onion', 3, 20)"
265,5,interact,"(2, 2)","(0, 1)",,"(2, 1)","(1, 0)",,"(1, 0):dish;(2, 0):soup('onion', 3, 20)","(2, 0):soup('onion', 3, 20)",20.0,26.0,3,"(-1, 0)",0.0,0.0,0.0,0.0,20.0,26.0,False,"(2, 2)",,"(1, 1)",,"(1, 0):dish;(2, 0):soup('onion', 3, 20)","(2, 0):soup('onion', 3, 20)"
266,5,interact,"(2, 2)","(0, 1)",,"(1, 1)","(-1, 0)",,"(1, 0):dish;(2, 0):soup('onion', 3, 20)","(2, 0):soup('onion', 3, 20)",20.0,26.0,2,"(1, 0)",0.0,0.0,0.0,0.0,20.0,26.0,False,"(2, 2)",,"(2, 1)",,"(1, 0):dish;(2, 0):soup('onion', 3, 20)","(2, 0):soup('onion', 3, 20)"
267,5,interact,"(2, 2)","(0, 1)",,"(2, 1)","(1, 0)",,"(1, 0):dish;(2, 0):soup('onion', 3, 20)","(2, 0):soup('onion', 3, 20)",20.0,26.0,3,"(-1, 0)",0.0,0.0,0.0,0.0,20.0,26.0,False,"(2, 2)",,"(1, 1)",,"(1, 0):dish;(2, 0):soup('onion', 3, 20)","(2, 0):soup('onion', 3, 20)"
268,5,interact,"(2, 2)","(0, 1)",,"(1, 1)","(-1, 0)",,"(1, 0):dish;(2, 0):soup('onion', 3, 20)","(2, 0):soup('onion', 3, 20)",20.0,26.0,2,"(1, 0)",0.0,0.0,0.0,0.0,20.0,26.0,False,"(2, 2)",,"(2, 1)",,"(1, 0):dish;(2, 0):soup('onion', 3, 20)","(2, 0):soup('onion', 3, 20)"
269,5,interact,"(2, 2)","(0, 1)",,"(2, 1)","(1, 0)",,"(1, 0):dish;(2, 0):soup('onion', 3, 20)","(2, 0):soup('onion', 3, 20)",20.0,26.0,3,"(-1, 0)",0.0,0.0,0.0,0.0,20.0,26.0,False,"(2, 2)",,"(1, 1)",,"(1, 0):dish;(2, 0):soup('onion', 3, 20)","(2, 0):soup('onion', 3, 20)"
270,5,interact,"(2, 2)","(0, 1)",,"(1, 1)","(-1, 0)",,"(1, 0):dish;(2, 0):soup('onion', 3, 20)","(2, 0):soup('onion', 3, 20)",20.0,26.0,2,"(1, 0)",0.0,0.0,0.0,0.0,20.0,26.0,False,"(2, 2)",,"(2, 1)",,"(1, 0):dish;(2, 0):soup('onion', 3, 20)","(2, 0):soup('onion', 3, 20)"
271,5,interact,"(2, 2)","(0, 1)",,"(2, 1)","(1, 0)",,"(1, 0):dish;(2, 0):soup('onion', 3, 20)","(2, 0):soup('onion', 3, 20)",20.0,26.0,3,"(-1, 0)",0.0,0.0,0.0,0.0,20.0,26.0,False,"(2, 2)",,"(1, 1)",,"(1, 0):dish;(2, 0):soup('onion', 3, 20)","(2, 0):soup('onion', 3, 20)"
272,5,interact,"(2, 2)","(0, 1)",,"(1, 1)","(-1, 0)",,"(1, 0):dish;(2, 0):soup('onion', 3, 20)","(2, 0):soup('onion', 3, 20)",20.0,26.0,2,"(1, 0)",0.0,0.0,0.0,0.0,20.0,26.0,False,"(2, 2)",,"(2, 1)",,"(1, 0):dish;(2, 0):soup('onion', 3, 20)","(2, 0):soup('onion', 3, 20)"
273,5,interact,"(2, 2)","(0, 1)",,"(2, 1)","(1, 0)",,"(1, 0):dish;(2, 0):soup('onion', 3, 20)","(2, 0):soup('onion', 3, 20)",20.0,26.0,3,"(-1, 0)",0.0,0.0,0.0,0.0,20.0,26.0,False,"(2, 2)",,"(1, 1)",,"(1, 0):dish;(2, 0):soup('onion', 3, 20)","(2, 0):soup('onion', 3, 20)"
274,5,interact,"(2, 2)","(0, 1)",,"(1, 1)","(-1, 0)",,"(1, 0):dish;(2, 0):soup('onion', 3, 20)","(2, 0):soup('onion', 3, 20)",20.0,26.0,2,"(1, 0)",0.0,0.0,0.0,0.0,20.0,26.0,False,"(2, 2)",,"(2, 1)",,"(1, 0):dish;(2, 0):soup('onion', 3, 20)","(2, 0):soup('onion', 3, 20)"
275,5,interact,"(2, 2)","(0, 1)",,"(2, 1)","(1, 0)",,"(1, 0):dish;(2, 0):soup('onion', 3, 20)","(2, 0):soup('onion', 3, 20)",20.0,26.0,3,"(-1, 0)",0.0,0.0,0.0,0.0,20.0,26.0,False,"(2, 2)",,"(1, 1)",,"(1, 0):dish;(2, 0):soup('onion', 3, 20)","(2, 0):soup('onion', 3, 20)"
276,5,interact,"(2, 2)","(0, 1)",,"(1, 1)","(-1, 0)",,"(1, 0):dish;(2, 0):soup('onion', 3, 20)","(2, 0):soup('onion', 3, 20)",20.0,26.0,2,"(1, 0)",0.0,0.0,0.0,0.0,20.0,26.0,False,"(2, 2)",,"(2, 1)",,"(1, 0):dish;(2, 0):soup('onion', 3, 20)","(2, 0):soup('onion', 3, 20)"
277,5,interact,"(2, 2)","(0, 1)",,"(2, 1)","(1, 0)",,"(1, 0):dish;(2, 0):soup('onion', 3, 20)","(2, 0):soup('onion', 3, 20)",20.0,26.0,3,"(-1, 0)",0.0,0.0,0.0,0.0,20.0,26.0,False,"(2, 2)",,"(1, 1)",,"(1, 0):dish;(2, 0):soup('onion', 3, 20)","(2, 0):soup('onion', 3, 20)"
278,5,interact,"(2, 2)","(0, 1)",,"(1, 1)","(-1, 0)",,"(1, 0):dish;(2, 0):soup('onion', 3, 20)","(2, 0):soup('onion', 3, 20)",20.0,26.0,2,"(1, 0)",0.0,0.0,0.0,0.0,20.0,26.0,False,"(2, 2)",,"(2, 1)",,"(1, 0):dish;(2, 0):soup('onion', 3, 20)","(2, 0):soup('onion', 3, 20)"
279,5,interact,"(2, 2)","(0, 1)",,"(2, 1)","(1, 0)",,"(1, 0):dish;(2, 0):soup('onion', 3, 20)","(2, 0):soup('onion', 3, 20)",20.0,26.0,3,"(-1, 0)",0.0,0.0,0.0,0.0,20.0,26.0,False,"(2, 2)",,"(1, 1)",,"(1, 0):dish;(2, 0):soup('onion', 3, 20)","(2, 0):soup('onion', 3, 20)"
280,5,interact,"(2, 2)","(0, 1)",,"(1, 1)","(-1, 0)",,"(1, 0):dish;(2, 0):soup('onion', 3, 20)","(2, 0):soup('onion', 3, 20)",20.0,26.0,2,"(1, 0)",0.0,0.0,0.0,0.0,20.0,26.0,False,"(2, 2)",,"(2, 1)",,"(1, 0):dish;(2, 0):soup('onion', 3, 20)","(2, 0):soup('onion', 3, 20)"
281,5,interact,"(2, 2)","(0, 1)",,"(2, 1)","(1, 0)",,"(1, 0):dish;(2, 0):soup('onion', 3, 20)","(2, 0):soup('onion', 3, 20)",20.0,26.0,3,"(-1, 0)",0.0,0.0,0.0,0.0,20.0,26.0,False,"(2, 2)",,"(1, 1)",,"(1, 0):dish;(2, 0):soup('onion', 3, 20)","(2, 0):soup('onion', 3, 20)"
282,5,interact,"(2, 2)","(0, 1)",,"(1, 1)","(-1, 0)",,"(1, 0):dish;(2, 0):soup('onion', 3, 20)","(2, 0):soup('onion', 3, 20)",20.0,26.0,2,"(1, 0)",0.0,0.0,0.0,0.0,20.0,26.0,False,"(2, 2)",,"(2, 1)",,"(1, 0):dish;(2, 0):soup('onion', 3, 20)","(2, 0):soup('onion', 3, 20)"
283,5,interact,"(2, 2)","(0, 1)",,"(2, 1)","(1, 0)",,"(1, 0):dish;(2, 0):soup('onion', 3, 20)","(2, 0):soup('onion', 3, 20)",20.0,26.0,3,"(-1, 0)",0.0,0.0,0.0,0.0,20.0,26.0,False,"(2, 2)",,"(1, 1)",,"(1, 0):dish;(2, 0):soup('onion', 3, 20)","(2, 0):soup('onion', 3, 20)"
284,5,interact,"(2, 2)","(0, 1)",,"(1, 1)","(-1, 0)",,"(1, 0):dish;(2, 0):soup('onion', 3, 20)","(2, 0):soup('onion', 3, 20)",20.0,26.0,2,"(1, 0)",0.0,0.0,0.0,0.0,20.0,26.0,False,"(2, 2)",,"(2, 1)",,"(1, 0):dish;(2, 0):soup('onion', 3, 20)","(2, 0):soup('onion', 3, 20)"
285,5,interact,"(2, 2)","(0, 1)",,"(2, 1)","(1, 0)",,"(1, 0):dish;(2, 0):soup('onion', 3, 20)","(2, 0):soup('onion', 3, 20)",20.0,26.0,3,"(-1, 0)",0.0,0.0,0.0,0.0,20.0,26.0,False,"(2, 2)",,"(1, 1)",,"(1, 0):dish;(2, 0):soup('onion', 3, 20)","(2, 0):soup('onion', 3, 20)"
286,5,interact,"(2, 2)","(0, 1)",,"(1, 1)","(-1, 0)",,"(1, 0):dish;(2, 0):soup('onion', 3, 20)","(2, 0):soup('onion', 3, 20)",20.0,26.0,2,"(1, 0)",0.0,0.0,0.0,0.0,20.0,26.0,False,"(2, 2)",,"(2, 1)",,"(1, 0):dish;(2, 0):soup('onion', 3, 20)","(2, 0):soup('onion', 3, 20)"
287,5,interact,"(2, 2)","(0, 1)",,"(2, 1)","(1, 0)",,"(1, 0):dish;(2, 0):soup('onion', 3, 20)","(2, 0):soup('onion', 3, 20)",20.0,26.0,3,"(-1, 0)",0.0,0.0,0.0,0.0,20.0,26.0,False,"(2, 2)",,"(1, 1)",,"(1, 0):dish;(2, 0):soup('onion', 3, 20)","(2, 0):soup('onion', 3, 20)"
288,5,interact,"(2, 2)","(0, 1)",,"(1, 1)","(-1, 0)",,"(1, 0):dish;(2, 0):soup('onion', 3, 20)","(2, 0):soup('onion', 3, 20)",20.0,26.0,2,"(1, 0)",0.0,0.0,0.0,0.0,20.0,26.0,False,"(2, 2)",,"(2, 1)",,"(1, 0):dish;(2, 0):soup('onion', 3, 20)","(2, 0):soup('onion', 3, 20)"
289,5,interact,"(2, 2)","(0, 1)",,"(2, 1)","(1, 0)",,"(1, 0):dish;(2, 0):soup('onion', 3, 20)","(2, 0):soup('onion', 3, 20)",20.0,26.0,3,"(-1, 0)",0.0,0.0,0.0,0.0,20.0,26.0,False,"(2, 2)",,"(1, 1)",,"(1, 0):dish;(2, 0):soup('onion', 3, 20)","(2, 0):soup('onion', 3, 20)"
290,5,interact,"(2, 2)","(0, 1)",,"(1, 1)","(-1, 0)",,"(1, 0):dish;(2, 0):soup('onion', 3, 20)","(2, 0):soup('onion', 3, 20)",20.0,26.0,2,"(1, 0)",0.0,0.0,0.0,0.0,20.0,26.0,False,"(2, 2)",,"(2, 1)",,"(1, 0):dish;(2, 0):soup('onion', 3, 20)","(2, 0):soup('onion', 3, 20)"
291,5,interact,"(2, 2)","(0, 1)",,"(2, 1)","(1, 0)",,"(1, 0):dish;(2, 0):soup('onion', 3, 20)","(2, 0):soup('onion', 3, 20)",20.0,26.0,3,"(-1, 0)",0.0,0.0,0.0,0.0,20.0,26.0,False,"(2, 2)",,"(1, 1)",,"(1, 0):dish;(2, 0):soup('onion', 3, 20)","(2, 0):soup('onion', 3, 20)"
292,5,interact,"(2, 2)","(0, 1)",,"(1, 1)","(-1, 0)",,"(1, 0):dish;(2, 0):soup('onion', 3, 20)","(2, 0):soup('onion', 3, 20)",20.0,26.0,2,"(1, 0)",0.0,0.0,0.0,0.0,20.0,26.0,False,"(2, 2)",,"(2, 1)",,"(1, 0):dish;(2, 0):soup('onion', 3, 20)","(2, 0):soup('onion', 3, 20)"
293,5,interact,"(2, 2)","(0, 1)",,"(2, 1)","(1, 0)",,"(1, 0):dish;(2, 0):soup('onion', 3, 20)","(2, 0):soup('onion', 3, 20)",20.0,26.0,3,"(-1, 0)",0.0,0.0,0.0,0.0,20.0,26.0,False,"(2, 2)",,"(1, 1)",,"(1, 0):dish;(2, 0):soup('onion', 3, 20)","(2, 0):soup('onion', 3, 20)"
294,5,interact,"(2, 2)","(0, 1)",,"(1, 1)","(-1, 0)",,"(1, 0):dish;(2, 0):soup('onion', 3, 20)","(2, 0):soup('onion', 3, 20)",20.0,26.0,2,"(1, 0)",0.0,0.0,0.0,0.0,20.0,26.0,False,"(2, 2)",,"(2, 1)",,"(1, 0):dish;(2, 0):soup('onion', 3, 20)","(2, 0):soup('onion', 3, 20)"
295,5,interact,"(2, 2)","(0, 1)",,"(2, 1)","(1, 0)",,"(1, 0):dish;(2, 0):soup('onion', 3, 20)","(2, 0):soup('onion', 3, 20)",20.0,26.0,3,"(-1, 0)",0.0,0.0,0.0,0.0,20.0,26.0,False,"(2, 2)",,"(1, 1)",,"(1, 0):dish;(2, 0):soup('onion', 3, 20)","(2, 0):soup('onion', 3, 20)"
296,5,interact,"(2, 2)","(0, 1)",,"(1, 1)","(-1, 0)",,"(1, 0):dish;(2, 0):soup('onion', 3, 20)","(2, 0):soup('onion', 3, 20)",20.0,26.0,2,"(1, 0)",0.0,0.0,0.0,0.0,20.0,26.0,False,"(2, 2)",,"(2, 1)",,"(1, 0):dish;(2, 0):soup('onion', 3, 20)","(2, 0):soup('onion', 3, 20)"
297,5,interact,"(2, 2)","(0, 1)",,"(2, 1)","(1, 0)",,"(1, 0):dish;(2, 0):soup('onion', 3, 20)","(2, 0):soup('onion', 3, 20)",20.0,26.0,3,"(-1, 0)",0.0,0.0,0.0,0.0,20.0,26.0,False,"(2, 2)",,"(1, 1)",,"(1, 0):dish;(2, 0):soup('onion', 3, 20)","(2, 0):soup('onion', 3, 20)"
298,5,interact,"(2, 2)","(0, 1)",,"(1, 1)","(-1, 0)",,"(1, 0):dish;(2, 0):soup('onion', 3, 20)","(2, 0):soup('onion', 3, 20)",20.0,26.0,2,"(1, 0)",0.0,0.0,0.0,0.0,20.0,26.0,False,"(2, 2)",,"(2, 1)",,"(1, 0):dish;(2, 0):soup('onion', 3, 20)","(2, 0):soup('onion', 3, 20)"
299,5,interact,"(2, 2)","(0, 1)",,"(2, 1)","(1, 0)",,"(1, 0):dish;(2, 0):soup('onion', 3, 20)","(2, 0):soup('onion', 3, 20)",20.0,26.0,3,"(-1, 0)",0.0,0.0,0.0,0.0,20.0,26.0,False,"(2, 2)",,"(1, 1)",,"(1, 0):dish;(2, 0):soup('onion', 3, 20)","(2, 0):soup('onion', 3, 20)"
300,5,interact,"(2, 2)","(0, 1)",,"(1, 1)","(-1, 0)",,"(1, 0):dish;(2, 0):soup('onion', 3, 20)","(2, 0):soup('onion', 3, 20)",20.0,26.0,2,"(1, 0)",0.0,0.0,0.0,0.0,20.0,26.0,False,"(2, 2)",,"(2, 1)",,"(1, 0):dish;(2, 0):soup('onion', 3, 20)","(2, 0):soup('onion', 3, 20)"
301,5,interact,"(2, 2)","(0, 1)",,"(2, 1)","(1, 0)",,"(1, 0):dish;(2, 0):soup('onion', 3, 20)","(2, 0):soup('onion', 3, 20)",20.0,26.0,3,"(-1, 0)",0.0,0.0,0.0,0.0,20.0,26.0,False,"(2, 2)",,"(1, 1)",,"(1, 0):dish;(2, 0):soup('onion', 3, 20)","(2, 0):soup('onion', 3, 20)"
302,5,interact,"(2, 2)","(0, 1)",,"(1, 1)","(-1, 0)",,"(1, 0):dish;(2, 0):soup('onion', 3, 20)","(2, 0):soup('onion', 3, 20)",20.0,26.0,2,"(1, 0)",0.0,0.0,0.0,0.0,20.0,26.0,False,"(2, 2)",,"(2, 1)",,"(1, 0):dish;(2, 0):soup('onion', 3, 20)","(2, 0):soup('onion', 3, 20)"
303,5,interact,"(2, 2)","(0, 1)",,"(2, 1)","(1, 0)",,"(1, 0):dish;(2, 0):soup('onion', 3, 20)","(2, 0):soup('onion', 3, 20)",20.0,26.0,3,"(-1, 0)",0.0,0.0,0.0,0.0,20.0,26.0,False,"(2, 2)",,"(1, 1)",,"(1, 0):dish;(2, 0):soup('onion', 3, 20)","(2, 0):soup('onion', 3, 20)"
304,5,interact,"(2, 2)","(0, 1)",,"(1, 1)","(-1, 0)",,"(1, 0):dish;(2, 0):soup('onion', 3, 20)","(2, 0):soup('onion', 3, 20)",20.0,26.0,2,"(1, 0)",0.0,0.0,0.0,0.0,20.0,26.0,False,"(2, 2)",,"(2, 1)",,"(1, 0):dish;(2, 0):soup('onion', 3, 20)","(2, 0):soup('onion', 3, 20)"
305,5,interact,"(2, 2)","(0, 1)",,"(2, 1)","(1, 0)",,"(1, 0):dish;(2, 0):soup('onion', 3, 20)","(2, 0):soup('onion', 3, 20)",20.0,26.0,3,"(-1, 0)",0.0,0.0,0.0,0.0,20.0,26.0,False,"(2, 2)",,"(1, 1)",,"(1, 0):dish;(2, 0):soup('onion', 3, 20)","(2, 0):soup('onion', 3, 20)"
306,5,interact,"(2, 2)","(0, 1)",,"(1, 1)","(-1, 0)",,"(1, 0):dish;(2, 0):soup('onion', 3, 20)","(2, 0):soup('onion', 3, 20)",20.0,26.0,2,"(1, 0)",0.0,0.0,0.0,0.0,20.0,26.0,False,"(2, 2)",,"(2, 1)",,"(1, 0):dish;(2, 0):soup('onion', 3, 20)","(2, 0):soup('onion', 3, 20)"
307,5,interact,"(2, 2)","(0, 1)",,"(2, 1)","(1, 0)",,"(1, 0):dish;(2, 0):soup('onion', 3, 20)","(2, 0):soup('onion', 3, 20)",20.0,26.0,3,"(-1, 0)",0.0,0.0,0.0,0.0,20.0,26.0,False,"(2, 2)",,"(1, 1)",,"(1, 0):dish;(2, 0):soup('onion', 3, 20)","(2, 0):soup('onion', 3, 20)"
308,5,interact,"(2, 2)","(0, 1)",,"(1, 1)","(-1, 0)",,"(1, 0):dish;(2, 0):soup('onion', 3, 20)","(2, 0):soup('onion', 3, 20)",20.0,26.0,2,"(1, 0)",0.0,0.0,0.0,0.0,20.0,26.0,False,"(2, 2)",,"(2, 1)",,"(1, 0):dish;(2, 0):soup('onion', 3, 20)","(2, 0):soup('onion', 3, 20)"
309,5,interact,"(2, 2)","(0, 1)",,"(2, 1)","(1, 0)",,"(1, 0):dish;(2, 0):soup('onion', 3, 20)","(2, 0):soup('onion', 3, 20)",20.0,26.0,3,"(-1, 0)",0.0,0.0,0.0,0.0,20.0,26.0,False,"(2, 2)",,"(1, 1)",,"(1, 0):dish;(2, 0):soup('onion', 3, 20)","(2, 0):soup('onion', 3, 20)"
310,5,interact,"(2, 2)","(0, 1)",,"(1, 1)","(-1, 0)",,"(1, 0):dish;(2, 0):soup('onion', 3, 20)","(2, 0):soup('onion', 3, 20)",20.0,26.0,2,"(1, 0)",0.0,0.0,0.0,0.0,20.0,26.0,False,"(2, 2)",,"(2, 1)",,"(1, 0):dish;(2, 0):soup('onion', 3, 20)","(2, 0):soup('onion', 3, 20)"
311,5,interact,"(2, 2)","(0, 1)",,"(2, 1)","(1, 0)",,"(1, 0):dish;(2, 0):soup('onion', 3, 20)","(2, 0):soup('onion', 3, 20)",20.0,26.0,3,"(-1, 0)",0.0,0.0,0.0,0.0,20.0,26.0,False,"(2, 2)",,"(1, 1)",,"(1, 0):dish;(2, 0):soup('onion', 3, 20)","(2, 0):soup('onion', 3, 20)"
312,5,interact,"(2, 2)","(0, 1)",,"(1, 1)","(-1, 0)",,"(1, 0):dish;(2, 0):soup('onion', 3, 20)","(2, 0):soup('onion', 3, 20)",20.0,26.0,2,"(1, 0)",0.0,0.0,0.0,0.0,20.0,26.0,False,"(2, 2)",,"(2, 1)",,"(1, 0):dish;(2, 0):soup('onion', 3, 20)","(2, 0):soup('onion', 3, 20)"
313,5,interact,"(2, 2)","(0, 1)",,"(2, 1)","(1, 0)",,"(1, 0):dish;(2, 0):soup('onion', 3, 20)","(2, 0):soup('onion', 3, 20)",20.0,26.0,3,"(-1, 0)",0.0,0.0,0.0,0.0,20.0,26.0,False,"(2, 2)",,"(1, 1)",,"(1, 0):dish;(2, 0):soup('onion', 3, 20)","(2, 0):soup('onion', 3, 20)"
314,5,interact,"(2, 2)","(0, 1)",,"(1, 1)","(-1, 0)",,"(1, 0):dish;(2, 0):soup('onion', 3, 20)","(2, 0):soup('onion', 3, 20)",20.0,26.0,2,"(1, 0)",0.0,0.0,0.0,0.0,20.0,26.0,False,"(2, 2)",,"(2, 1)",,"(1, 0):dish;(2, 0):soup('onion', 3, 20)","(2, 0):soup('onion', 3, 20)"
315,5,interact,"(2, 2)","(0, 1)",,"(2, 1)","(1, 0)",,"(1, 0):dish;(2, 0):soup('onion', 3, 20)","(2, 0):soup('onion', 3, 20)",20.0,26.0,3,"(-1, 0)",0.0,0.0,0.0,0.0,20.0,26.0,False,"(2, 2)",,"(1, 1)",,"(1, 0):dish;(2, 0):soup('onion', 3, 20)","(2, 0):soup('onion', 3, 20)"
316,5,interact,"(2, 2)","(0, 1)",,"(1, 1)","(-1, 0)",,"(1, 0):dish;(2, 0):soup('onion', 3, 20)","(2, 0):soup('onion', 3, 20)",20.0,26.0,2,"(1, 0)",0.0,0.0,0.0,0.0,20.0,26.0,False,"(2, 2)",,"(2, 1)",,"(1, 0):dish;(2, 0):soup('onion', 3, 20)","(2, 0):soup('onion', 3, 20)"
317,5,interact,"(2, 2)","(0, 1)",,"(2, 1)","(1, 0)",,"(1, 0):dish;(2, 0):soup('onion', 3, 20)","(2, 0):soup('onion', 3, 20)",20.0,26.0,3,"(-1, 0)",0.0,0.0,0.0,0.0,20.0,26.0,False,"(2, 2)",,"(1, 1)",,"(1, 0):dish;(2, 0):soup('onion', 3, 20)","(2, 0):soup('onion', 3, 20)"
318,5,interact,"(2, 2)","(0, 1)",,"(1, 1)","(-1, 0)",,"(1, 0):dish;(2, 0):soup('onion', 3, 20)","(2, 0):soup('onion', 3, 20)",20.0,26.0,2,"(1, 0)",0.0,0.0,0.0,0.0,20.0,26.0,False,"(2, 2)",,"(2, 1)",,"(1, 0):dish;(2, 0):soup('onion', 3, 20)","(2, 0):soup('onion', 3, 20)"
319,5,interact,"(2, 2)","(0, 1)",,"(2, 1)","(1, 0)",,"(1, 0):dish;(2, 0):soup('onion', 3, 20)","(2, 0):soup('onion', 3, 20)",20.0,26.0,3,"(-1, 0)",0.0,0.0,0.0,0.0,20.0,26.0,False,"(2, 2)",,"(1, 1)",,"(1, 0):dish;(2, 0):soup('onion', 3, 20)","(2, 0):soup('onion', 3, 20)"
320,5,interact,"(2, 2)","(0, 1)",,"(1, 1)","(-1, 0)",,"(1, 0):dish;(2, 0):soup('onion', 3, 20)","(2, 0):soup('onion', 3, 20)",20.0,26.0,2,"(1, 0)",0.0,0.0,0.0,0.0,20.0,26.0,False,"(2, 2)",,"(2, 1)",,"(1, 0):dish;(2, 0):soup('onion', 3, 20)","(2, 0):soup('onion', 3, 20)"
321,5,interact,"(2, 2)","(0, 1)",,"(2, 1)","(1, 0)",,"(1, 0):dish;(2, 0):soup('onion', 3, 20)","(2, 0):soup('onion', 3, 20)",20.0,26.0,3,"(-1, 0)",0.0,0.0,0.0,0.0,20.0,26.0,False,"(2, 2)",,"(1, 1)",,"(1, 0):dish;(2, 0):soup('onion', 3, 20)","(2, 0):soup('onion', 3, 20)"
322,5,interact,"(2, 2)","(0, 1)",,"(1, 1)","(-1, 0)",,"(1, 0):dish;(2, 0):soup('onion', 3, 20)","(2, 0):soup('onion', 3, 20)",20.0,26.0,2,"(1, 0)",0.0,0.0,0.0,0.0,20.0,26.0,False,"(2, 2)",,"(2, 1)",,"(1, 0):dish;(2, 0):soup('onion', 3, 20)","(2, 0):soup('onion', 3, 20)"
323,5,interact,"(2, 2)","(0, 1)",,"(2, 1)","(1, 0)",,"(1, 0):dish;(2, 0):soup('onion', 3, 20)","(2, 0):soup('onion', 3, 20)",20.0,26.0,3,"(-1, 0)",0.0,0.0,0.0,0.0,20.0,26.0,False,"(2, 2)",,"(1, 1)",,"(1, 0):dish;(2, 0):soup('onion', 3, 20)","(2, 0):soup('onion', 3, 20)"
324,5,interact,"(2, 2)","(0, 1)",,"(1, 1)","(-1, 0)",,"(1, 0):dish;(2, 0):soup('onion', 3, 20)","(2, 0):soup('onion', 3, 20)",20.0,26.0,2,"(1, 0)",0.0,0.0,0.0,0.0,20.0,26.0,False,"(2, 2)",,"(2, 1)",,"(1, 0):dish;(2, 0):soup('onion', 3, 20)","(2, 0):soup('onion', 3, 20)"
325,5,interact,"(2, 2)","(0, 1)",,"(2, 1)","(1, 0)",,"(1, 0):dish;(2, 0):soup('onion', 3, 20)","(2, 0):soup('onion', 3, 20)",20.0,26.0,3,"(-1, 0)",0.0,0.0,0.0,0.0,20.0,26.0,False,"(2, 2)",,"(1, 1)",,"(1, 0):dish;(2, 0):soup('onion', 3, 20)","(2, 0):soup('onion', 3, 20)"
326,5,interact,"(2, 2)","(0, 1)",,"(1, 1)","(-1, 0)",,"(1, 0):dish;(2, 0):soup('onion', 3, 20)","(2, 0):soup('onion', 3, 20)",20.0,26.0,2,"(1, 0)",0.0,0.0,0.0,0.0,20.0,26.0,False,"(2, 2)",,"(2, 1)",,"(1, 0):dish;(2, 0):soup('onion', 3, 20)","(2, 0):soup('onion', 3, 20)"
327,5,interact,"(2, 2)","(0, 1)",,"(2, 1)","(1, 0)",,"(1, 0):dish;(2, 0):soup('onion', 3, 20)","(2, 0):soup('onion', 3, 20)",20.0,26.0,3,"(-1, 0)",0.0,0.0,0.0,0.0,20.0,26.0,False,"(2, 2)",,"(1, 1)",,"(1, 0):dish;(2, 0):soup('onion', 3, 20)","(2, 0):soup('onion', 3, 20)"
328,5,interact,"(2, 2)","(0, 1)",,"(1, 1)","(-1, 0)",,"(1, 0):dish;(2, 0):soup('onion', 3, 20)","(2, 0):soup('onion', 3, 20)",20.0,26.0,2,"(1, 0)",0.0,0.0,0.0,0.0,20.0,26.0,False,"(2, 2)",,"(2, 1)",,"(1, 0):dish;(2, 0):soup('onion', 3, 20)","(2, 0):soup('onion', 3, 20)"
329,5,interact,"(2, 2)","(0, 1)",,"(2, 1)","(1, 0)",,"(1, 0):dish;(2, 0):soup('onion', 3, 20)","(2, 0):soup('onion', 3, 20)",20.0,26.0,3,"(-1, 0)",0.0,0.0,0.0,0.0,20.0,26.0,False,"(2, 2)",,"(1, 1)",,"(1, 0):dish;(2, 0):soup('onion', 3, 20)","(2, 0):soup('onion', 3, 20)"
330,5,interact,"(2, 2)","(0, 1)",,"(1, 1)","(-1, 0)",,"(1, 0):dish;(2, 0):soup('onion', 3, 20)","(2, 0):soup('onion', 3, 20)",20.0,26.0,2,"(1, 0)",0.0,0.0,0.0,0.0,20.0,26.0,False,"(2, 2)",,"(2, 1)",,"(1, 0):dish;(2, 0):soup('onion', 3, 20)","(2, 0):soup('onion', 3, 20)"
331,5,interact,"(2, 2)","(0, 1)",,"(2, 1)","(1, 0)",,"(1, 0):dish;(2, 0):soup('onion', 3, 20)","(2, 0):soup('onion', 3, 20)",20.0,26.0,3,"(-1, 0)",0.0,0.0,0.0,0.0,20.0,26.0,False,"(2, 2)",,"(1, 1)",,"(1, 0):dish;(2, 0):soup('onion', 3, 20)","(2, 0):soup('onion', 3, 20)"
332,5,interact,"(2, 2)","(0, 1)",,"(1, 1)","(-1, 0)",,"(1, 0):dish;(2, 0):soup('onion', 3, 20)","(2, 0):soup('onion', 3, 20)",20.0,26.0,2,"(1, 0)",0.0,0.0,0.0,0.0,20.0,26.0,False,"(2, 2)",,"(2, 1)",,"(1, 0):dish;(2, 0):soup('onion', 3, 20)","(2, 0):soup('onion', 3, 20)"
333,5,interact,"(2, 2)","(0, 1)",,"(2, 1)","(1, 0)",,"(1, 0):dish;(2, 0):soup('onion', 3, 20)","(2, 0):soup('onion', 3, 20)",20.0,26.0,3,"(-1, 0)",0.0,0.0,0.0,0.0,20.0,26.0,False,"(2, 2)",,"(1, 1)",,"(1, 0):dish;(2, 0):soup('onion', 3, 20)","(2, 0):soup('onion', 3, 20)"
334,5,interact,"(2, 2)","(0, 1)",,"(1, 1)","(-1, 0)",,"(1, 0):dish;(2, 0):soup('onion', 3, 20)","(2, 0):soup('onion', 3, 20)",20.0,26.0,2,"(1, 0)",0.0,0.0,0.0,0.0,20.0,26.0,False,"(2, 2)",,"(2, 1)",,"(1, 0):dish;(2, 0):soup('onion', 3, 20)","(2, 0):soup('onion', 3, 20)"
335,5,interact,"(2, 2)","(0, 1)",,"(2, 1)","(1, 0)",,"(1, 0):dish;(2, 0):soup('onion', 3, 20)","(2, 0):soup('onion', 3, 20)",20.0,26.0,3,"(-1, 0)",0.0,0.0,0.0,0.0,20.0,26.0,False,"(2, 2)",,"(1, 1)",,"(1, 0):dish;(2, 0):soup('onion', 3, 20)","(2, 0):soup('onion', 3, 20)"
336,5,interact,"(2, 2)","(0, 1)",,"(1, 1)","(-1, 0)",,"(1, 0):dish;(2, 0):soup('onion', 3, 20)","(2, 0):soup('onion', 3, 20)",20.0,26.0,2,"(1, 0)",0.0,0.0,0.0,0.0,20.0,26.0,False,"(2, 2)",,"(2, 1)",,"(1, 0):dish;(2, 0):soup('onion', 3, 20)","(2, 0):soup('onion', 3, 20)"
337,5,interact,"(2, 2)","(0, 1)",,"(2, 1)","(1, 0)",,"(1, 0):dish;(2, 0):soup('onion', 3, 20)","(2, 0):soup('onion', 3, 20)",20.0,26.0,3,"(-1, 0)",0.0,0.0,0.0,0.0,20.0,26.0,False,"(2, 2)",,"(1, 1)",,"(1, 0):dish;(2, 0):soup('onion', 3, 20)","(2, 0):soup('onion', 3, 20)"
338,5,interact,"(2, 2)","(0, 1)",,"(1, 1)","(-1, 0)",,"(1, 0):dish;(2, 0):soup('onion', 3, 20)","(2, 0):soup('onion', 3, 20)",20.0,26.0,2,"(1, 0)",0.0,0.0,0.0,0.0,20.0,26.0,False,"(2, 2)",,"(2, 1)",,"(1, 0):dish;(2, 0):soup('onion', 3, 20)","(2, 0):soup('onion', 3, 20)"
339,5,interact,"(2, 2)","(0, 1)",,"(2, 1)","(1, 0)",,"(1, 0):dish;(2, 0):soup('onion', 3, 20)","(2, 0):soup('onion', 3, 20)",20.0,26.0,3,"(-1, 0)",0.0,0.0,0.0,0.0,20.0,26.0,False,"(2, 2)",,"(1, 1)",,"(1, 0):dish;(2, 0):soup('onion', 3, 20)","(2, 0):soup('onion', 3, 20)"
340,5,interact,"(2, 2)","(0, 1)",,"(1, 1)","(-1, 0)",,"(1, 0):dish;(2, 0):soup('onion', 3, 20)","(2, 0):soup('onion', 3, 20)",20.0,26.0,2,"(1, 0)",0.0,0.0,0.0,0.0,20.0,26.0,False,"(2, 2)",,"(2, 1)",,"(1, 0):dish;(2, 0):soup('onion', 3, 20)","(2, 0):soup('onion', 3, 20)"
341,5,interact,"(2, 2)","(0, 1)",,"(2, 1)","(1, 0)",,"(1, 0):dish;(2, 0):soup('onion', 3, 20)","(2, 0):soup('onion', 3, 20)",20.0,26.0,3,"(-1, 0)",0.0,0.0,0.0,0.0,20.0,26.0,False,"(2, 2)",,"(1, 1)",,"(1, 0):dish;(2, 0):soup('onion', 3, 20)","(2, 0):soup('onion', 3, 20)"
342,5,interact,"(2, 2)","(0, 1)",,"(1, 1)","(-1, 0)",,"(1, 0):dish;(2, 0):soup('onion', 3, 20)","(2, 0):soup('onion', 3, 20)",20.0,26.0,2,"(1, 0)",0.0,0.0,0.0,0.0,20.0,26.0,False,"(2, 2)",,"(2, 1)",,"(1, 0):dish;(2, 0):soup('onion', 3, 20)","(2, 0):soup('onion', 3, 20)"
343,5,interact,"(2, 2)","(0, 1)",,"(2, 1)","(1, 0)",,"(1, 0):dish;(2, 0):soup('onion', 3, 20)","(2, 0):soup('onion', 3, 20)",20.0,26.0,3,"(-1, 0)",0.0,0.0,0.0,0.0,20.0,26.0,False,"(2, 2)",,"(1, 1)",,"(1, 0):dish;(2, 0):soup('onion', 3, 20)","(2, 0):soup('onion', 3, 20)"
344,5,interact,"(2, 2)","(0, 1)",,"(1, 1)","(-1, 0)",,"(1, 0):dish;(2, 0):soup('onion', 3, 20)","(2, 0):soup('onion', 3, 20)",20.0,26.0,2,"(1, 0)",0.0,0.0,0.0,0.0,20.0,26.0,False,"(2, 2)",,"(2, 1)",,"(1, 0):dish;(2, 0):soup('onion', 3, 20)","(2, 0):soup('onion', 3, 20)"
345,5,interact,"(2, 2)","(0, 1)",,"(2, 1)","(1, 0)",,"(1, 0):dish;(2, 0):soup('onion', 3, 20)","(2, 0):soup('onion', 3, 20)",20.0,26.0,3,"(-1, 0)",0.0,0.0,0.0,0.0,20.0,26.0,False,"(2, 2)",,"(1, 1)",,"(1, 0):dish;(2, 0):soup('onion', 3, 20)","(2, 0):soup('onion', 3, 20)"
346,5,interact,"(2, 2)","(0, 1)",,"(1, 1)","(-1, 0)",,"(1, 0):dish;(2, 0):soup('onion', 3, 20)","(2, 0):soup('onion', 3, 20)",20.0,26.0,2,"(1, 0)",0.0,0.0,0.0,0.0,20.0,26.0,False,"(2, 2)",,"(2, 1)",,"(1, 0):dish;(2, 0):soup('onion', 3, 20)","(2, 0):soup('onion', 3, 20)"
347,5,interact,"(2, 2)","(0, 1)",,"(2, 1)","(1, 0)",,"(1, 0):dish;(2, 0):soup('onion', 3, 20)","(2, 0):soup('onion', 3, 20)",20.0,26.0,3,"(-1, 0)",0.0,0.0,0.0,0.0,20.0,26.0,False,"(2, 2)",,"(1, 1)",,"(1, 0):dish;(2, 0):soup('onion', 3, 20)","(2, 0):soup('onion', 3, 20)"
348,5,interact,"(2, 2)","(0, 1)",,"(1, 1)","(-1, 0)",,"(1, 0):dish;(2, 0):soup('onion', 3, 20)","(2, 0):soup('onion', 3, 20)",20.0,26.0,2,"(1, 0)",0.0,0.0,0.0,0.0,20.0,26.0,False,"(2, 2)",,"(2, 1)",,"(1, 0):dish;(2, 0):soup('onion', 3, 20)","(2, 0):soup('onion', 3, 20)"
349,5,interact,"(2, 2)","(0, 1)",,"(2, 1)","(1, 0)",,"(1, 0):dish;(2, 0):soup('onion', 3, 20)","(2, 0):soup('onion', 3, 20)",20.0,26.0,3,"(-1, 0)",0.0,0.0,0.0,0.0,20.0,26.0,False,"(2, 2)",,"(1, 1)",,"(1, 0):dish;(2, 0):soup('onion', 3, 20)","(2, 0):soup('onion', 3, 20)"
350,5,interact,"(2, 2)","(0, 1)",,"(1, 1)","(-1, 0)",,"(1, 0):dish;(2, 0):soup('onion', 3, 20)","(2, 0):soup('onion', 3, 20)",20.0,26.0,2,"(1, 0)",0.0,0.0,0.0,0.0,20.0,26.0,False,"(2, 2)",,"(2, 1)",,"(1, 0):dish;(2, 0):soup('onion', 3, 20)","(2, 0):soup('onion', 3, 20)"
351,5,interact,"(2, 2)","(0, 1)",,"(2, 1)","(1, 0)",,"(1, 0):dish;(2, 0):soup('onion', 3, 20)","(2, 0):soup('onion', 3, 20)",20.0,26.0,3,"(-1, 0)",0.0,0.0,0.0,0.0,20.0,26.0,False,"(2, 2)",,"(1, 1)",,"(1, 0):dish;(2, 0):soup('onion', 3, 20)","(2, 0):soup('onion', 3, 20)"
352,5,interact,"(2, 2)","(0, 1)",,"(1, 1)","(-1, 0)",,"(1, 0):dish;(2, 0):soup('onion', 3, 20)","(2, 0):soup('onion', 3, 20)",20.0,26.0,2,"(1, 0)",0.0,0.0,0.0,0.0,20.0,26.0,False,"(2, 2)",,"(2, 1)",,"(1, 0):dish;(2, 0):soup('onion', 3, 20)","(2, 0):soup('onion', 3, 20)"
353,5,interact,"(2, 2)","(0, 1)",,"(2, 1)","(1, 0)",,"(1, 0):dish;(2, 0):soup('onion', 3, 20)","(2, 0):soup('onion', 3, 20)",20.0,26.0,3,"(-1, 0)",0.0,0.0,0.0,0.0,20.0,26.0,False,"(2, 2)",,"(1, 1)",,"(1, 0):dish;(2, 0):soup('onion', 3, 20)","(2, 0):soup('onion', 3, 20)"
354,5,interact,"(2, 2)","(0, 1)",,"(1, 1)","(-1, 0)",,"(1, 0):dish;(2, 0):soup('onion', 3, 20)","(2, 0):soup('onion', 3, 20)",20.0,26.0,2,"(1, 0)",0.0,0.0,0.0,0.0,20.0,26.0,False,"(2, 2)",,"(2, 1)",,"(1, 0):dish;(2, 0):soup('onion', 3, 20)","(2, 0):soup('onion', 3, 20)"
355,5,interact,"(2, 2)","(0, 1)",,"(2, 1)","(1, 0)",,"(1, 0):dish;(2, 0):soup('onion', 3, 20)","(2, 0):soup('onion', 3, 20)",20.0,26.0,3,"(-1, 0)",0.0,0.0,0.0,0.0,20.0,26.0,False,"(2, 2)",,"(1, 1)",,"(1, 0):dish;(2, 0):soup('onion', 3, 20)","(2, 0):soup('onion', 3, 20)"
356,5,interact,"(2, 2)","(0, 1)",,"(1, 1)","(-1, 0)",,"(1, 0):dish;(2, 0):soup('onion', 3, 20)","(2, 0):soup('onion', 3, 20)",20.0,26.0,2,"(1, 0)",0.0,0.0,0.0,0.0,20.0,26.0,False,"(2, 2)",,"(2, 1)",,"(1, 0):dish;(2, 0):soup('onion', 3, 20)","(2, 0):soup('onion', 3, 20)"
357,5,interact,"(2, 2)","(0, 1)",,"(2, 1)","(1, 0)",,"(1, 0):dish;(2, 0):soup('onion', 3, 20)","(2, 0):soup('onion', 3, 20)",20.0,26.0,3,"(-1, 0)",0.0,0.0,0.0,0.0,20.0,26.0,False,"(2, 2)",,"(1, 1)",,"(1, 0):dish;(2, 0):soup('onion', 3, 20)","(2, 0):soup('onion', 3, 20)"
358,5,interact,"(2, 2)","(0, 1)",,"(1, 1)","(-1, 0)",,"(1, 0):dish;(2, 0):soup('onion', 3, 20)","(2, 0):soup('onion', 3, 20)",20.0,26.0,2,"(1, 0)",0.0,0.0,0.0,0.0,20.0,26.0,False,"(2, 2)",,"(2, 1)",,"(1, 0):dish;(2, 0):soup('onion', 3, 20)","(2, 0):soup('onion', 3, 20)"
359,5,interact,"(2, 2)","(0, 1)",,"(2, 1)","(1, 0)",,"(1, 0):dish;(2, 0):soup('onion', 3, 20)","(2, 0):soup('onion', 3, 20)",20.0,26.0,3,"(-1, 0)",0.0,0.0,0.0,0.0,20.0,26.0,False,"(2, 2)",,"(1, 1)",,"(1, 0):dish;(2, 0):soup('onion', 3, 20)","(2, 0):soup('onion', 3, 20)"
360,5,interact,"(2, 2)","(0, 1)",,"(1, 1)","(-1, 0)",,"(1, 0):dish;(2, 0):soup('onion', 3, 20)","(2, 0):soup('onion', 3, 20)",20.0,26.0,2,"(1, 0)",0.0,0.0,0.0,0.0,20.0,26.0,False,"(2, 2)",,"(2, 1)",,"(1, 0):dish;(2, 0):soup('onion', 3, 20)","(2, 0):soup('onion', 3, 20)"
361,5,interact,"(2, 2)","(0, 1)",,"(2, 1)","(1, 0)",,"(1, 0):dish;(2, 0):soup('onion', 3, 20)","(2, 0):soup('onion', 3, 20)",20.0,26.0,3,"(-1, 0)",0.0,0.0,0.0,0.0,20.0,26.0,False,"(2, 2)",,"(1, 1)",,"(1, 0):dish;(2, 0):soup('onion', 3, 20)","(2, 0):soup('onion', 3, 20)"
362,5,interact,"(2, 2)","(0, 1)",,"(1, 1)","(-1, 0)",,"(1, 0):dish;(2, 0):soup('onion', 3, 20)","(2, 0):soup('onion', 3, 20)",20.0,26.0,2,"(1, 0)",0.0,0.0,0.0,0.0,20.0,26.0,False,"(2, 2)",,"(2, 1)",,"(1, 0):dish;(2, 0):soup('onion', 3, 20)","(2, 0):soup('onion', 3, 20)"
363,5,interact,"(2, 2)","(0, 1)",,"(2, 1)","(1, 0)",,"(1, 0):dish;(2, 0):soup('onion', 3, 20)","(2, 0):soup('onion', 3, 20)",20.0,26.0,3,"(-1, 0)",0.0,0.0,0.0,0.0,20.0,26.0,False,"(2, 2)",,"(1, 1)",,"(1, 0):dish;(2, 0):soup('onion', 3, 20)","(2, 0):soup('onion', 3, 20)"
364,5,interact,"(2, 2)","(0, 1)",,"(1, 1)","(-1, 0)",,"(1, 0):dish;(2, 0):soup('onion', 3, 20)","(2, 0):soup('onion', 3, 20)",20.0,26.0,2,"(1, 0)",0.0,0.0,0.0,0.0,20.0,26.0,False,"(2, 2)",,"(2, 1)",,"(1, 0):dish;(2, 0):soup('onion', 3, 20)","(2, 0):soup('onion', 3, 20)"
365,5,interact,"(2, 2)","(0, 1)",,"(2, 1)","(1, 0)",,"(1, 0):dish;(2, 0):soup('onion', 3, 20)","(2, 0):soup('onion', 3, 20)",20.0,26.0,3,"(-1, 0)",0.0,0.0,0.0,0.0,20.0,26.0,False,"(2, 2)",,"(1, 1)",,"(1, 0):dish;(2, 0):soup('onion', 3, 20)","(2, 0):soup('onion', 3, 20)"
366,5,interact,"(2, 2)","(0, 1)",,"(1, 1)","(-1, 0)",,"(1, 0):dish;(2, 0):soup('onion', 3, 20)","(2, 0):soup('onion', 3, 20)",20.0,26.0,2,"(1, 0)",0.0,0.0,0.0,0.0,20.0,26.0,False,"(2, 2)",,"(2, 1)",,"(1, 0):dish;(2, 0):soup('onion', 3, 20)","(2, 0):soup('onion', 3, 20)"
367,5,interact,"(2, 2)","(0, 1)",,"(2, 1)","(1, 0)",,"(1, 0):dish;(2, 0):soup('onion', 3, 20)","(2, 0):soup('onion', 3, 20)",20.0,26.0,3,"(-1, 0)",0.0,0.0,0.0,0.0,20.0,26.0,False,"(2, 2)",,"(1, 1)",,"(1, 0):dish;(2, 0):soup('onion', 3, 20)","(2, 0):soup('onion', 3, 20)"
368,5,interact,"(2, 2)","(0, 1)",,"(1, 1)","(-1, 0)",,"(1, 0):dish;(2, 0):soup('onion', 3, 20)","(2, 0):soup('onion', 3, 20)",20.0,26.0,2,"(1, 0)",0.0,0.0,0.0,0.0,20.0,26.0,False,"(2, 2)",,"(2, 1)",,"(1, 0):dish;(2, 0):soup('onion', 3, 20)","(2, 0):soup('onion', 3, 20)"
369,5,interact,"(2, 2)","(0, 1)",,"(2, 1)","(1, 0)",,"(1, 0):dish;(2, 0):soup('onion', 3, 20)","(2, 0):soup('onion', 3, 20)",20.0,26.0,3,"(-1, 0)",0.0,0.0,0.0,0.0,20.0,26.0,False,"(2, 2)",,"(1, 1)",,"(1, 0):dish;(2, 0):soup('onion', 3, 20)","(2, 0):soup('onion', 3, 20)"
370,5,interact,"(2, 2)","(0, 1)",,"(1, 1)","(-1, 0)",,"(1, 0):dish;(2, 0):soup('onion', 3, 20)","(2, 0):soup('onion', 3, 20)",20.0,26.0,2,"(1, 0)",0.0,0.0,0.0,0.0,20.0,26.0,False,"(2, 2)",,"(2, 1)",,"(1, 0):dish;(2, 0):soup('onion', 3, 20)","(2, 0):soup('onion', 3, 20)"
371,5,interact,"(2, 2)","(0, 1)",,"(2, 1)","(1, 0)",,"(1, 0):dish;(2, 0):soup('onion', 3, 20)","(2, 0):soup('onion', 3, 20)",20.0,26.0,3,"(-1, 0)",0.0,0.0,0.0,0.0,20.0,26.0,False,"(2, 2)",,"(1, 1)",,"(1, 0):dish;(2, 0):soup('onion', 3, 20)","(2, 0):soup('onion', 3, 20)"
372,5,interact,"(2, 2)","(0, 1)",,"(1, 1)","(-1, 0)",,"(1, 0):dish;(2, 0):soup('onion', 3, 20)","(2, 0):soup('onion', 3, 20)",20.0,26.0,2,"(1, 0)",0.0,0.0,0.0,0.0,20.0,26.0,False,"(2, 2)",,"(2, 1)",,"(1, 0):dish;(2, 0):soup('onion', 3, 20)","(2, 0):soup('onion', 3, 20)"
373,5,interact,"(2, 2)","(0, 1)",,"(2, 1)","(1, 0)",,"(1, 0):dish;(2, 0):soup('onion', 3, 20)","(2, 0):soup('onion', 3, 20)",20.0,26.0,3,"(-1, 0)",0.0,0.0,0.0,0.0,20.0,26.0,False,"(2, 2)",,"(1, 1)",,"(1, 0):dish;(2, 0):soup('onion', 3, 20)","(2, 0):soup('onion', 3, 20)"
374,5,interact,"(2, 2)","(0, 1)",,"(1, 1)","(-1, 0)",,"(1, 0):dish;(2, 0):soup('onion', 3, 20)","(2, 0):soup('onion', 3, 20)",20.0,26.0,2,"(1, 0)",0.0,0.0,0.0,0.0,20.0,26.0,False,"(2, 2)",,"(2, 1)",,"(1, 0):dish;(2, 0):soup('onion', 3, 20)","(2, 0):soup('onion', 3, 20)"
375,5,interact,"(2, 2)","(0, 1)",,"(2, 1)","(1, 0)",,"(1, 0):dish;(2, 0):soup('onion', 3, 20)","(2, 0):soup('onion', 3, 20)",20.0,26.0,3,"(-1, 0)",0.0,0.0,0.0,0.0,20.0,26.0,False,"(2, 2)",,"(1, 1)",,"(1, 0):dish;(2, 0):soup('onion', 3, 20)","(2, 0):soup('onion', 3, 20)"
376,5,interact,"(2, 2)","(0, 1)",,"(1, 1)","(-1, 0)",,"(1, 0):dish;(2, 0):soup('onion', 3, 20)","(2, 0):soup('onion', 3, 20)",20.0,26.0,2,"(1, 0)",0.0,0.0,0.0,0.0,20.0,26.0,False,"(2, 2)",,"(2, 1)",,"(1, 0):dish;(2, 0):soup('onion', 3, 20)","(2, 0):soup('onion', 3, 20)"
377,5,interact,"(2, 2)","(0, 1)",,"(2, 1)","(1, 0)",,"(1, 0):dish;(2, 0):soup('onion', 3, 20)","(2, 0):soup('onion', 3, 20)",20.0,26.0,3,"(-1, 0)",0.0,0.0,0.0,0.0,20.0,26.0,False,"(2, 2)",,"(1, 1)",,"(1, 0):dish;(2, 0):soup('onion', 3, 20)","(2, 0):soup('onion', 3, 20)"
378,5,interact,"(2, 2)","(0, 1)",,"(1, 1)","(-1, 0)",,"(1, 0):dish;(2, 0):soup('onion', 3, 20)","(2, 0):soup('onion', 3, 20)",20.0,26.0,2,"(1, 0)",0.0,0.0,0.0,0.0,20.0,26.0,False,"(2, 2)",,"(2, 1)",,"(1, 0):dish;(2, 0):soup('onion', 3, 20)","(2, 0):soup('onion', 3, 20)"
379,5,interact,"(2, 2)","(0, 1)",,"(2, 1)","(1, 0)",,"(1, 0):dish;(2, 0):soup('onion', 3, 20)","(2, 0):soup('onion', 3, 20)",20.0,26.0,3,"(-1, 0)",0.0,0.0,0.0,0.0,20.0,26.0,False,"(2, 2)",,"(1, 1)",,"(1, 0):dish;(2, 0):soup('onion', 3, 20)","(2, 0):soup('onion', 3, 20)"
380,5,interact,"(2, 2)","(0, 1)",,"(1, 1)","(-1, 0)",,"(1, 0):dish;(2, 0):soup('onion', 3, 20)","(2, 0):soup('onion', 3, 20)",20.0,26.0,2,"(1, 0)",0.0,0.0,0.0,0.0,20.0,26.0,False,"(2, 2)",,"(2, 1)",,"(1, 0):dish;(2, 0):soup('onion', 3, 20)","(2, 0):soup('onion', 3, 20)"
381,5,interact,"(2, 2)","(0, 1)",,"(2, 1)","(1, 0)",,"(1, 0):dish;(2, 0):soup('onion', 3, 20)","(2, 0):soup('onion', 3, 20)",20.0,26.0,3,"(-1, 0)",0.0,0.0,0.0,0.0,20.0,26.0,False,"(2, 2)",,"(1, 1)",,"(1, 0):dish;(2, 0):soup('onion', 3, 20)","(2, 0):soup('onion', 3, 20)"
382,5,interact,"(2, 2)","(0, 1)",,"(1, 1)","(-1, 0)",,"(1, 0):dish;(2, 0):soup('onion', 3, 20)","(2, 0):soup('onion', 3, 20)",20.0,26.0,2,"(1, 0)",0.0,0.0,0.0,0.0,20.0,26.0,False,"(2, 2)",,"(2, 1)",,"(1, 0):dish;(2, 0):soup('onion', 3, 20)","(2, 0):soup('onion', 3, 20)"
383,5,interact,"(2, 2)","(0, 1)",,"(2, 1)","(1, 0)",,"(1, 0):dish;(2, 0):soup('onion', 3, 20)","(2, 0):soup('onion', 3, 20)",20.0,26.0,3,"(-1, 0)",0.0,0.0,0.0,0.0,20.0,26.0,False,"(2, 2)",,"(1, 1)",,"(1, 0):dish;(2, 0):soup('onion', 3, 20)","(2, 0):soup('onion', 3, 20)"
384,5,interact,"(2, 2)","(0, 1)",,"(1, 1)","(-1, 0)",,"(1, 0):dish;(2, 0):soup('onion', 3, 20)","(2, 0):soup('onion', 3, 20)",20.0,26.0,2,"(1, 0)",0.0,0.0,0.0,0.0,20.0,26.0,False,"(2, 2)",,"(2, 1)",,"(1, 0):dish;(2, 0):soup('onion', 3, 20)","(2, 0):soup('onion', 3, 20)"
385,5,interact,"(2, 2)","(0, 1)",,"(2, 1)","(1, 0)",,"(1, 0):dish;(2, 0):soup('onion', 3, 20)","(2, 0):soup('onion', 3, 20)",20.0,26.0,3,"(-1, 0)",0.0,0.0,0.0,0.0,20.0,26.0,False,"(2, 2)",,"(1, 1)",,"(1, 0):dish;(2, 0):soup('onion', 3, 20)","(2, 0):soup('onion', 3, 20)"
386,5,interact,"(2, 2)","(0, 1)",,"(1, 1)","(-1, 0)",,"(1, 0):dish;(2, 0):soup('onion', 3, 20)","(2, 0):soup('onion', 3, 20)",20.0,26.0,2,"(1, 0)",0.0,0.0,0.0,0.0,20.0,26.0,False,"(2, 2)",,"(2, 1)",,"(1, 0):dish;(2, 0):soup('onion', 3, 20)","(2, 0):soup('onion', 3, 20)"
387,5,interact,"(2, 2)","(0, 1)",,"(2, 1)","(1, 0)",,"(1, 0):dish;(2, 0):soup('onion', 3, 20)","(2, 0):soup('onion', 3, 20)",20.0,26.0,3,"(-1, 0)",0.0,0.0,0.0,0.0,20.0,26.0,False,"(2, 2)",,"(1, 1)",,"(1, 0):dish;(2, 0):soup('onion', 3, 20)","(2, 0):soup('onion', 3, 20)"
388,5,interact,"(2, 2)","(0, 1)",,"(1, 1)","(-1, 0)",,"(1, 0):dish;(2, 0):soup('onion', 3, 20)","(2, 0):soup('onion', 3, 20)",20.0,26.0,2,"(1, 0)",0.0,0.0,0.0,0.0,20.0,26.0,False,"(2, 2)",,"(2, 1)",,"(1, 0):dish;(2, 0):soup('onion', 3, 20)","(2, 0):soup('onion', 3, 20)"
389,5,interact,"(2, 2)","(0, 1)",,"(2, 1)","(1, 0)",,"(1, 0):dish;(2, 0):soup('onion', 3, 20)","(2, 0):soup('onion', 3, 20)",20.0,26.0,3,"(-1, 0)",0.0,0.0,0.0,0.0,20.0,26.0,False,"(2, 2)",,"(1, 1)",,"(1, 0):dish;(2, 0):soup('onion', 3, 20)","(2, 0):soup('onion', 3, 20)"
390,5,interact,"(2, 2)","(0, 1)",,"(1, 1)","(-1, 0)",,"(1, 0):dish;(2, 0):soup('onion', 3, 20)","(2, 0):soup('onion', 3, 20)",20.0,26.0,2,"(1, 0)",0.0,0.0,0.0,0.0,20.0,26.0,False,"(2, 2)",,"(2, 1)",,"(1, 0):dish;(2, 0):soup('onion', 3, 20)","(2, 0):soup('onion', 3, 20)"
391,5,interact,"(2, 2)","(0, 1)",,"(2, 1)","(1, 0)",,"(1, 0):dish;(2, 0):soup('onion', 3, 20)","(2, 0):soup('onion', 3, 20)",20.0,26.0,3,"(-1, 0)",0.0,0.0,0.0,0.0,20.0,26.0,False,"(2, 2)",,"(1, 1)",,"(1, 0):dish;(2, 0):soup('onion', 3, 20)","(2, 0):soup('onion', 3, 20)"
392,5,interact,"(2, 2)","(0, 1)",,"(1, 1)","(-1, 0)",,"(1, 0):dish;(2, 0):soup('onion', 3, 20)","(2, 0):soup('onion', 3, 20)",20.0,26.0,2,"(1, 0)",0.0,0.0,0.0,0.0,20.0,26.0,False,"(2, 2)",,"(2, 1)",,"(1, 0):dish;(2, 0):soup('onion', 3, 20)","(2, 0):soup('onion', 3, 20)"
393,5,interact,"(2, 2)","(0, 1)",,"(2, 1)","(1, 0)",,"(1, 0):dish;(2, 0):soup('onion', 3, 20)","(2, 0):soup('onion', 3, 20)",20.0,26.0,3,"(-1, 0)",0.0,0.0,0.0,0.0,20.0,26.0,False,"(2, 2)",,"(1, 1)",,"(1, 0):dish;(2, 0):soup('onion', 3, 20)","(2, 0):soup('onion', 3, 20)"
394,5,interact,"(2, 2)","(0, 1)",,"(1, 1)","(-1, 0)",,"(1, 0):dish;(2, 0):soup('onion', 3, 20)","(2, 0):soup('onion', 3, 20)",20.0,26.0,2,"(1, 0)",0.0,0.0,0.0,0.0,20.0,26.0,False,"(2, 2)",,"(2, 1)",,"(1, 0):dish;(2, 0):soup('onion', 3, 20)","(2, 0):soup('onion', 3, 20)"
395,5,interact,"(2, 2)","(0, 1)",,"(2, 1)","(1, 0)",,"(1, 0):dish;(2, 0):soup('onion', 3, 20)","(2, 0):soup('onion', 3, 20)",20.0,26.0,3,"(-1, 0)",0.0,0.0,0.0,0.0,20.0,26.0,False,"(2, 2)",,"(1, 1)",,"(1, 0):dish;(2, 0):soup('onion', 3, 20)","(2, 0):soup('onion', 3, 20)"
396,5,interact,"(2, 2)","(0, 1)",,"(1, 1)","(-1, 0)",,"(1, 0):dish;(2, 0):soup('onion', 3, 20)","(2, 0):soup('onion', 3, 20)",20.0,26.0,2,"(1, 0)",0.0,0.0,0.0,0.0,20.0,26.0,False,"(2, 2)",,"(2, 1)",,"(1, 0):dish;(2, 0):soup('onion', 3, 20)","(2, 0):soup('onion', 3, 20)"
397,5,interact,"(2, 2)","(0, 1)",,"(2, 1)","(1, 0)",,"(1, 0):dish;(2, 0):soup('onion', 3, 20)","(2, 0):soup('onion', 3, 20)",20.0,26.0,3,"(-1, 0)",0.0,0.0,0.0,0.0,20.0,26.0,False,"(2, 2)",,"(1, 1)",,"(1, 0):dish;(2, 0):soup('onion', 3, 20)","(2, 0):soup('onion', 3, 20)"
398,5,interact,"(2, 2)","(0, 1)",,"(1, 1)","(-1, 0)",,"(1, 0):dish;(2, 0):soup('onion', 3, 20)","(2, 0):soup('onion', 3, 20)",20.0,26.0,2,"(1, 0)",0.0,0.0,0.0,0.0,20.0,26.0,False,"(2, 2)",,"(2, 1)",,"(1, 0):dish;(2, 0):soup('onion', 3, 20)","(2, 0):soup('onion', 3, 20)"
399,5,interact,"(2, 2)","(0, 1)",,"(2, 1)","(1, 0)",,"(1, 0):dish;(2, 0):soup('onion', 3, 20)","(2, 0):soup('onion', 3, 20)",20.0,26.0,3,"(-1, 0)",0.0,0.0,0.0,0.0,20.0,26.0,False,"(2, 2)",,"(1, 1)",,"(1, 0):dish;(2, 0):soup('onion', 3, 20)","(2, 0):soup('onion', 3, 20)"
