step,ego_action_idx,ego_action,p0_pos,p0_orient,p0_held,p1_pos,p1_orient,p1_held,objects_before,pots_before,cum_sparse_before,cum_shaped_before,partner_action_idx,partner_action,reward,sparse_reward,built_in_shaped_reward,custom_shaped_reward,cum_sparse_after,cum_shaped_after,delivery_event,p0_pos_after,p0_held_after,p1_pos_after,p1_held_after,objects_after,pots_after
0,2,"(1, 0)","(1, 2)","(0, -1)",,"(3, 1)","(0, -1)",,,"(2, 0):empty",0.0,0.0,1,"(0, 1)",0.0,0.0,0.0,0.0,0.0,0.0,False,"(2, 2)",,"(3, 2)",,,"(2, 0):empty"
1,0,"(0, -1)","(2, 2)","(1, 0)",,"(3, 2)","(0, 1)",,,"(2, 0):empty",0.0,0.0,5,interact,0.0,0.0,0.0,0.0,0.0,0.0,False,"(2, 1)",,"(3, 2)",,,"(2, 0):empty"
2,2,"(1, 0)","(2, 1)","(0, -1)",,"(3, 2)","(0, 1)",,,"(2, 0):empty",0.0,0.0,1,"(0, 1)",0.0,0.0,0.0,0.0,0.0,0.0,False,"(3, 1)",,"(3, 2)",,,"(2, 0):empty"
3,5,interact,"(3, 1)","(1, 0)",,"(3, 2)","(0, 1)",,,"(2, 0):empty",0.0,0.0,5,interact,0.0,0.0,0.0,0.0,0.0,0.0,False,"(3, 1)",onion,"(3, 2)",,,"(2, 0):empty"
4,3,"(-1, 0)","(3, 1)","(1, 0)",onion,"(3, 2)","(0, 1)",,,"(2, 0):empty",0.0,0.0,5,interact,0.0,0.0,0.0,0.0,0.0,0.0,False,"(2, 1)",onion,"(3, 2)",,,"(2, 0):empty"
5,0,"(0, -1)","(2, 1)","(-1, 0)",onion,"(3, 2)","(0, 1)",,,"(2, 0):empty",0.0,0.0,5,interact,0.0,0.0,0.0,0.0,0.0,0.0,False,"(2, 1)",onion,"(3, 2)",,,"(2, 0):empty"
6,5,interact,"(2, 1)","(0, -1)",onion,"(3, 2)","(0, 1)",,,"(2, 0):empty",0.0,0.0,1,"(0, 1)",3.3564,0.0,3.0,0.3564,0.0,3.0,False,"(2, 1)",,"(3, 2)",,"(2, 0):soup('onion', 1, 0)","(2, 0):soup('onion', 1, 0)"
7,2,"(1, 0)","(2, 1)","(0, -1)",,"(3, 2)","(0, 1)",,"(2, 0):soup('onion', 1, 0)","(2, 0):soup('onion', 1, 0)",0.0,3.0,1,"(0, 1)",-0.003600000000000003,0.0,0.0,-0.003600000000000003,0.0,3.0,False,"(3, 1)",,"(3, 2)",,"(2, 0):soup('onion', 1, 0)","(2, 0):soup('onion', 1, 0)"
8,5,interact,"(3, 1)","(1, 0)",,"(3, 2)","(0, 1)",,"(2, 0):soup('onion', 1, 0)","(2, 0):soup('onion', 1, 0)",0.0,3.0,1,"(0, 1)",-0.003600000000000003,0.0,0.0,-0.003600000000000003,0.0,3.0,False,"(3, 1)",onion,"(3, 2)",,"(2, 0):soup('onion', 1, 0)","(2, 0):soup('onion', 1, 0)"
9,3,"(-1, 0)","(3, 1)","(1, 0)",onion,"(3, 2)","(0, 1)",,"(2, 0):soup('onion', 1, 0)","(2, 0):soup('onion', 1, 0)",0.0,3.0,1,"(0, 1)",-0.003600000000000003,0.0,0.0,-0.003600000000000003,0.0,3.0,False,"(2, 1)",onion,"(3, 2)",,"(2, 0):soup('onion', 1, 0)","(2, 0):soup('onion', 1, 0)"
10,0,"(0, -1)","(2, 1)","(-1, 0)",onion,"(3, 2)","(0, 1)",,"(2, 0):soup('onion', 1, 0)","(2, 0):soup('onion', 1, 0)",0.0,3.0,3,"(-1, 0)",-0.003600000000000003,0.0,0.0,-0.003600000000000003,0.0,3.0,False,"(2, 1)",onion,"(2, 2)",,"(2, 0):soup('onion', 1, 0)","(2, 0):soup('onion', 1, 0)"
11,5,interact,"(2, 1)","(0, -1)",onion,"(2, 2)","(-1, 0)",,"(2, 0):soup('onion', 1, 0)","(2, 0):soup('onion', 1, 0)",0.0,3.0,3,"(-1, 0)",3.3528,0.0,3.0,0.35279999999999995,0.0,6.0,False,"(2, 1)",,"(1, 2)",,"(2, 0):soup('onion', 2, 0)","(2, 0):soup('onion', 2, 0)"
12,2,"(1, 0)","(2, 1)","(0, -1)",,"(1, 2)","(-1, 0)",,"(2, 0):soup('onion', 2, 0)","(2, 0):soup('onion', 2, 0)",0.0,6.0,3,"(-1, 0)",-0.007200000000000006,0.0,0.0,-0.007200000000000006,0.0,6.0,False,"(3, 1)",,"(1, 2)",,"(2, 0):soup('onion', 2, 0)","(2, 0):soup('onion', 2, 0)"
13,5,interact,"(3, 1)","(1, 0)",,"(1, 2)","(-1, 0)",,"(2, 0):soup('onion', 2, 0)","(2, 0):soup('onion', 2, 0)",0.0,6.0,5,interact,-0.007200000000000006,0.0,0.0,-0.007200000000000006,0.0,6.0,False,"(3, 1)",onion,"(1, 2)",,"(2, 0):soup('onion', 2, 0)","(2, 0):soup('onion', 2, 0)"
14,3,"(-1, 0)","(3, 1)","(1, 0)",onion,"(1, 2)","(-1, 0)",,"(2, 0):soup('onion', 2, 0)","(2, 0):soup('onion', 2, 0)",0.0,6.0,5,interact,-0.007200000000000006,0.0,0.0,-0.007200000000000006,0.0,6.0,False,"(2, 1)",onion,"(1, 2)",,"(2, 0):soup('onion', 2, 0)","(2, 0):soup('onion', 2, 0)"
15,0,"(0, -1)","(2, 1)","(-1, 0)",onion,"(1, 2)","(-1, 0)",,"(2, 0):soup('onion', 2, 0)","(2, 0):soup('onion', 2, 0)",0.0,6.0,1,"(0, 1)",-0.007200000000000006,0.0,0.0,-0.007200000000000006,0.0,6.0,False,"(2, 1)",onion,"(1, 2)",,"(2, 0):soup('onion', 2, 0)","(2, 0):soup('onion', 2, 0)"
16,5,interact,"(2, 1)","(0, -1)",onion,"(1, 2)","(0, 1)",,"(2, 0):soup('onion', 2, 0)","(2, 0):soup('onion', 2, 0)",0.0,6.0,4,"(0, 0)",3.468,0.0,3.0,0.46799999999999997,0.0,9.0,False,"(2, 1)",,"(1, 2)",,"(2, 0):soup('onion', 3, 1)","(2, 0):soup('onion', 3, 1)"
17,3,"(-1, 0)","(2, 1)","(0, -1)",,"(1, 2)","(0, 1)",,"(2, 0):soup('onion', 3, 1)","(2, 0):soup('onion', 3, 1)",0.0,9.0,5,interact,2.988,0.0,3.0,-0.01200000000000001,0.0,12.0,False,"(1, 1)",,"(1, 2)",dish,"(2, 0):soup('onion', 3, 2)","(2, 0):soup('onion', 3, 2)"
18,2,"(1, 0)","(1, 1)","(-1, 0)",,"(1, 2)","(0, 1)",dish,"(2, 0):soup('onion', 3, 2)","(2, 0):soup('onion', 3, 2)",0.0,12.0,4,"(0, 0)",-0.01200000000000001,0.0,0.0,-0.01200000000000001,0.0,12.0,False,"(2, 1)",,"(1, 2)",dish,"(2, 0):soup('onion', 3, 3)","(2, 0):soup('onion', 3, 3)"
19,2,"(1, 0)","(2, 1)","(1, 0)",,"(1, 2)","(0, 1)",dish,"(2, 0):soup('onion', 3, 3)","(2, 0):soup('onion', 3, 3)",0.0,12.0,4,"(0, 0)",-0.01200000000000001,0.0,0.0,-0.01200000000000001,0.0,12.0,False,"(3, 1)",,"(1, 2)",dish,"(2, 0):soup('onion', 3, 4)","(2, 0):soup('onion', 3, 4)"
20,5,interact,"(3, 1)","(1, 0)",,"(1, 2)","(0, 1)",dish,"(2, 0):soup('onion', 3, 4)","(2, 0):soup('onion', 3, 4)",0.0,12.0,0,"(0, -1)",-0.01200000000000001,0.0,0.0,-0.01200000000000001,0.0,12.0,False,"(3, 1)",onion,"(1, 1)",dish,"(2, 0):soup('onion', 3, 5)","(2, 0):soup('onion', 3, 5)"
21,3,"(-1, 0)","(3, 1)","(1, 0)",onion,"(1, 1)","(0, -1)",dish,"(2, 0):soup('onion', 3, 5)","(2, 0):soup('onion', 3, 5)",0.0,12.0,5,interact,-0.01200000000000001,0.0,0.0,-0.01200000000000001,0.0,12.0,False,"(2, 1)",onion,"(1, 1)",,"(1, 0):dish;(2, 0):soup('onion', 3, 6)","(2, 0):soup('onion', 3, 6)"
22,0,"(0, -1)","(2, 1)","(-1, 0)",onion,"(1, 1)","(0, -1)",,"(1, 0):dish;(2, 0):soup('onion', 3, 6)","(2, 0):soup('onion', 3, 6)",0.0,12.0,1,"(0, 1)",-0.01200000000000001,0.0,0.0,-0.01200000000000001,0.0,12.0,False,"(2, 1)",onion,"(1, 2)",,"(1, 0):dish;(2, 0):soup('onion', 3, 7)","(2, 0):soup('onion', 3, 7)"
23,4,"(0, 0)","(2, 1)","(0, -1)",onion,"(1, 2)","(0, 1)",,"(1, 0):dish;(2, 0):soup('onion', 3, 7)","(2, 0):soup('onion', 3, 7)",0.0,12.0,5,interact,-0.01200000000000001,0.0,0.0,-0.01200000000000001,0.0,12.0,False,"(2, 1)",onion,"(1, 2)",dish,"(1, 0):dish;(2, 0):soup('onion', 3, 8)","(2, 0):soup('onion', 3, 8)"
24,0,"(0, -1)","(2, 1)","(0, -1)",onion,"(1, 2)","(0, 1)",dish,"(1, 0):dish;(2, 0):soup('onion', 3, 8)","(2, 0):soup('onion', 3, 8)",0.0,12.0,4,"(0, 0)",-0.01200000000000001,0.0,0.0,-0.01200000000000001,0.0,12.0,False,"(2, 1)",onion,"(1, 2)",dish,"(1, 0):dish;(2, 0):soup('onion', 3, 9)","(2, 0):soup('onion', 3, 9)"
25,0,"(0, -1)","(2, 1)","(0, -1)",onion,"(1, 2)","(0, 1)",dish,"(1, 0):dish;(2, 0):soup('onion', 3, 9)","(2, 0):soup('onion', 3, 9)",0.0,12.0,4,"(0, 0)",-0.01200000000000001,0.0,0.0,-0.01200000000000001,0.0,12.0,False,"(2, 1)",onion,"(1, 2)",dish,"(1, 0):dish;(2, 0):soup('onion', 3, 10)","(2, 0):soup('onion', 3, 10)"
26,0,"(0, -1)","(2, 1)","(0, -1)",onion,"(1, 2)","(0, 1)",dish,"(1, 0):dish;(2, 0):soup('onion', 3, 10)","(2, 0):soup('onion', 3, 10)",0.0,12.0,4,"(0, 0)",-0.01200000000000001,0.0,0.0,-0.01200000000000001,0.0,12.0,False,"(2, 1)",onion,"(1, 2)",dish,"(1, 0):dish;(2, 0):soup('onion', 3, 11)","(2, 0):soup('onion', 3, 11)"
27,0,"(0, -1)","(2, 1)","(0, -1)",onion,"(1, 2)","(0, 1)",dish,"(1, 0):dish;(2, 0):soup('onion', 3, 11)","(2, 0):soup('onion', 3, 11)",0.0,12.0,4,"(0, 0)",-0.01200000000000001,0.0,0.0,-0.01200000000000001,0.0,12.0,False,"(2, 1)",onion,"(1, 2)",dish,"(1, 0):dish;(2, 0):soup('onion', 3, 12)","(2, 0):soup('onion', 3, 12)"
28,0,"(0, -1)","(2, 1)","(0, -1)",onion,"(1, 2)","(0, 1)",dish,"(1, 0):dish;(2, 0):soup('onion', 3, 12)","(2, 0):soup('onion', 3, 12)",0.0,12.0,4,"(0, 0)",-0.01200000000000001,0.0,0.0,-0.01200000000000001,0.0,12.0,False,"(2, 1)",onion,"(1, 2)",dish,"(1, 0):dish;(2, 0):soup('onion', 3, 13)","(2, 0):soup('onion', 3, 13)"
29,0,"(0, -1)","(2, 1)","(0, -1)",onion,"(1, 2)","(0, 1)",dish,"(1, 0):dish;(2, 0):soup('onion', 3, 13)","(2, 0):soup('onion', 3, 13)",0.0,12.0,4,"(0, 0)",-0.01200000000000001,0.0,0.0,-0.01200000000000001,0.0,12.0,False,"(2, 1)",onion,"(1, 2)",dish,"(1, 0):dish;(2, 0):soup('onion', 3, 14)","(2, 0):soup('onion', 3, 14)"
30,0,"(0, -1)","(2, 1)","(0, -1)",onion,"(1, 2)","(0, 1)",dish,"(1, 0):dish;(2, 0):soup('onion', 3, 14)","(2, 0):soup('onion', 3, 14)",0.0,12.0,4,"(0, 0)",-0.01200000000000001,0.0,0.0,-0.01200000000000001,0.0,12.0,False,"(2, 1)",onion,"(1, 2)",dish,"(1, 0):dish;(2, 0):soup('onion', 3, 15)","(2, 0):soup('onion', 3, 15)"
31,0,"(0, -1)","(2, 1)","(0, -1)",onion,"(1, 2)","(0, 1)",dish,"(1, 0):dish;(2, 0):soup('onion', 3, 15)","(2, 0):soup('onion', 3, 15)",0.0,12.0,4,"(0, 0)",-0.01200000000000001,0.0,0.0,-0.01200000000000001,0.0,12.0,False,"(2, 1)",onion,"(1, 2)",dish,"(1, 0):dish;(2, 0):soup('onion', 3, 16)","(2, 0):soup('onion', 3, 16)"
32,0,"(0, -1)","(2, 1)","(0, -1)",onion,"(1, 2)","(0, 1)",dish,"(1, 0):dish;(2, 0):soup('onion', 3, 16)","(2, 0):soup('onion', 3, 16)",0.0,12.0,4,"(0, 0)",-0.01200000000000001,0.0,0.0,-0.01200000000000001,0.0,12.0,False,"(2, 1)",onion,"(1, 2)",dish,"(1, 0):dish;(2, 0):soup('onion', 3, 17)","(2, 0):soup('onion', 3, 17)"
33,0,"(0, -1)","(2, 1)","(0, -1)",onion,"(1, 2)","(0, 1)",dish,"(1, 0):dish;(2, 0):soup('onion', 3, 17)","(2, 0):soup('onion', 3, 17)",0.0,12.0,4,"(0, 0)",-0.01200000000000001,0.0,0.0,-0.01200000000000001,0.0,12.0,False,"(2, 1)",onion,"(1, 2)",dish,"(1, 0):dish;(2, 0):soup('onion', 3, 18)","(2, 0):soup('onion', 3, 18)"
34,0,"(0, -1)","(2, 1)","(0, -1)",onion,"(1, 2)","(0, 1)",dish,"(1, 0):dish;(2, 0):soup('onion', 3, 18)","(2, 0):soup('onion', 3, 18)",0.0,12.0,4,"(0, 0)",-0.01200000000000001,0.0,0.0,-0.01200000000000001,0.0,12.0,False,"(2, 1)",onion,"(1, 2)",dish,"(1, 0):dish;(2, 0):soup('onion', 3, 19)","(2, 0):soup('onion', 3, 19)"
35,0,"(0, -1)","(2, 1)","(0, -1)",onion,"(1, 2)","(0, 1)",dish,"(1, 0):dish;(2, 0):soup('onion', 3, 19)","(2, 0):soup('onion', 3, 19)",0.0,12.0,4,"(0, 0)",0.5819999999999999,0.0,0.0,0.5819999999999999,0.0,12.0,False,"(2, 1)",onion,"(1, 2)",dish,"(1, 0):dish;(2, 0):soup('onion', 3, 20)","(2, 0):soup('onion', 3, 20)"
36,2,"(1, 0)","(2, 1)","(0, -1)",onion,"(1, 2)","(0, 1)",dish,"(1, 0):dish;(2, 0):soup('onion', 3, 20)","(2, 0):soup('onion', 3, 20)",0.0,12.0,2,"(1, 0)",-0.018000000000000148,0.0,0.0,-0.018000000000000148,0.0,12.0,False,"(3, 1)",onion,"(2, 2)",dish,"(1, 0):dish;(2, 0):soup('onion', 3, 20)","(2, 0):soup('onion', 3, 20)"
37,2,"(1, 0)","(3, 1)","(1, 0)",onion,"(2, 2)","(1, 0)",dish,"(1, 0):dish;(2, 0):soup('onion', 3, 20)","(2, 0):soup('onion', 3, 20)",0.0,12.0,0,"(0, -1)",-0.018000000000000148,0.0,0.0,-0.018000000000000148,0.0,12.0,False,"(3, 1)",onion,"(2, 1)",dish,"(1, 0):dish;(2, 0):soup('onion', 3, 20)","(2, 0):soup('onion', 3, 20)"
38,5,interact,"(3, 1)","(1, 0)",onion,"(2, 1)","(0, -1)",dish,"(1, 0):dish;(2, 0):soup('onion', 3, 20)","(2, 0):soup('onion', 3, 20)",0.0,12.0,5,interact,5.3978,0.0,5.0,0.39780000000000015,0.0,17.0,False,"(3, 1)",onion,"(2, 1)","soup('onion', 3, 20)","(1, 0):dish","(2, 0):empty"
39,1,"(0, 1)","(3, 1)","(1, 0)",onion,"(2, 1)","(0, -1)","soup('onion', 3, 20)","(1, 0):dish","(2, 0):empty",0.0,17.0,2,"(1, 0)",0.0371999999999999,0.0,0.0,0.0371999999999999,0.0,17.0,False,"(3, 2)",onion,"(3, 1)","soup('onion', 3, 20)","(1, 0):dish","(2, 0):empty"
40,3,"(-1, 0)","(3, 2)","(0, 1)",onion,"(3, 1)","(1, 0)","soup('onion', 3, 20)","(1, 0):dish","(2, 0):empty",0.0,17.0,1,"(0, 1)",0.036599999999999966,0.0,0.0,0.036599999999999966,0.0,17.0,False,"(2, 2)",onion,"(3, 2)","soup('onion', 3, 20)","(1, 0):dish","(2, 0):empty"
41,0,"(0, -1)","(2, 2)","(-1, 0)",onion,"(3, 2)","(0, 1)","soup('onion', 3, 20)","(1, 0):dish","(2, 0):empty",0.0,17.0,5,interact,17.66,20.0,0.0,-2.34,20.0,17.0,True,"(2, 1)",onion,"(3, 2)",,"(1, 0):dish","(2, 0):empty"
42,5,interact,"(2, 1)","(0, -1)",onion,"(3, 2)","(0, 1)",,"(1, 0):dish","(2, 0):empty",20.0,17.0,1,"(0, 1)",3.3564,0.0,3.0,0.3564,20.0,20.0,False,"(2, 1)",,"(3, 2)",,"(1, 0):dish;(2, 0):soup('onion', 1, 0)","(2, 0):soup('onion', 1, 0)"
43,2,"(1, 0)","(2, 1)","(0, -1)",,"(3, 2)","(0, 1)",,"(1, 0):dish;(2, 0):soup('onion', 1, 0)","(2, 0):soup('onion', 1, 0)",20.0,20.0,1,"(0, 1)",-0.003600000000000003,0.0,0.0,-0.003600000000000003,20.0,20.0,False,"(3, 1)",,"(3, 2)",,"(1, 0):dish;(2, 0):soup('onion', 1, 0)","(2, 0):soup('onion', 1, 0)"
44,5,interact,"(3, 1)","(1, 0)",,"(3, 2)","(0, 1)",,"(1, 0):dish;(2, 0):soup('onion', 1, 0)","(2, 0):soup('onion', 1, 0)",20.0,20.0,1,"(0, 1)",-0.003600000000000003,0.0,0.0,-0.003600000000000003,20.0,20.0,False,"(3, 1)",onion,"(3, 2)",,"(1, 0):dish;(2, 0):soup('onion', 1, 0)","(2, 0):soup('onion', 1, 0)"
45,3,"(-1, 0)","(3, 1)","(1, 0)",onion,"(3, 2)","(0, 1)",,"(1, 0):dish;(2, 0):soup('onion', 1, 0)","(2, 0):soup('onion', 1, 0)",20.0,20.0,1,"(0, 1)",-0.003600000000000003,0.0,0.0,-0.003600000000000003,20.0,20.0,False,"(2, 1)",onion,"(3, 2)",,"(1, 0):dish;(2, 0):soup('onion', 1, 0)","(2, 0):soup('onion', 1, 0)"
46,0,"(0, -1)","(2, 1)","(-1, 0)",onion,"(3, 2)","(0, 1)",,"(1, 0):dish;(2, 0):soup('onion', 1, 0)","(2, 0):soup('onion', 1, 0)",20.0,20.0,3,"(-1, 0)",-0.003600000000000003,0.0,0.0,-0.003600000000000003,20.0,20.0,False,"(2, 1)",onion,"(2, 2)",,"(1, 0):dish;(2, 0):soup('onion', 1, 0)","(2, 0):soup('onion', 1, 0)"
47,5,interact,"(2, 1)","(0, -1)",onion,"(2, 2)","(-1, 0)",,"(1, 0):dish;(2, 0):soup('onion', 1, 0)","(2, 0):soup('onion', 1, 0)",20.0,20.0,3,"(-1, 0)",3.3528,0.0,3.0,0.35279999999999995,20.0,23.0,False,"(2, 1)",,"(1, 2)",,"(1, 0):dish;(2, 0):soup('onion', 2, 0)","(2, 0):soup('onion', 2, 0)"
48,2,"(1, 0)","(2, 1)","(0, -1)",,"(1, 2)","(-1, 0)",,"(1, 0):dish;(2, 0):soup('onion', 2, 0)","(2, 0):soup('onion', 2, 0)",20.0,23.0,3,"(-1, 0)",-0.007200000000000006,0.0,0.0,-0.007200000000000006,20.0,23.0,False,"(3, 1)",,"(1, 2)",,"(1, 0):dish;(2, 0):soup('onion', 2, 0)","(2, 0):soup('onion', 2, 0)"
49,5,interact,"(3, 1)","(1, 0)",,"(1, 2)","(-1, 0)",,"(1, 0):dish;(2, 0):soup('onion', 2, 0)","(2, 0):soup('onion', 2, 0)",20.0,23.0,5,interact,-0.007200000000000006,0.0,0.0,-0.007200000000000006,20.0,23.0,False,"(3, 1)",onion,"(1, 2)",,"(1, 0):dish;(2, 0):soup('onion', 2, 0)","(2, 0):soup('onion', 2, 0)"
50,3,"(-1, 0)","(3, 1)","(1, 0)",onion,"(1, 2)","(-1, 0)",,"(1, 0):dish;(2, 0):soup('onion', 2, 0)","(2, 0):soup('onion', 2, 0)",20.0,23.0,5,interact,-0.007200000000000006,0.0,0.0,-0.007200000000000006,20.0,23.0,False,"(2, 1)",onion,"(1, 2)",,"(1, 0):dish;(2, 0):soup('onion', 2, 0)","(2, 0):soup('onion', 2, 0)"
51,0,"(0, -1)","(2, 1)","(-1, 0)",onion,"(1, 2)","(-1, 0)",,"(1, 0):dish;(2, 0):soup('onion', 2, 0)","(2, 0):soup('onion', 2, 0)",20.0,23.0,1,"(0, 1)",-0.007200000000000006,0.0,0.0,-0.007200000000000006,20.0,23.0,False,"(2, 1)",onion,"(1, 2)",,"(1, 0):dish;(2, 0):soup('onion', 2, 0)","(2, 0):soup('onion', 2, 0)"
52,5,interact,"(2, 1)","(0, -1)",onion,"(1, 2)","(0, 1)",,"(1, 0):dish;(2, 0):soup('onion', 2, 0)","(2, 0):soup('onion', 2, 0)",20.0,23.0,4,"(0, 0)",3.468,0.0,3.0,0.46799999999999997,20.0,26.0,False,"(2, 1)",,"(1, 2)",,"(1, 0):dish;(2, 0):soup('onion', 3, 1)","(2, 0):soup('onion', 3, 1)"
53,3,"(-1, 0)","(2, 1)","(0, -1)",,"(1, 2)","(0, 1)",,"(1, 0):dish;(2, 0):soup('onion', 3, 1)","(2, 0):soup('onion', 3, 1)",20.0,26.0,5,interact,-0.01200000000000001,0.0,0.0,-0.01200000000000001,20.0,26.0,False,"(1, 1)",,"(1, 2)",dish,"(1, 0):dish;(2, 0):soup('onion', 3, 2)","(2, 0):soup('onion', 3, 2)"
54,2,"(1, 0)","(1, 1)","(-1, 0)",,"(1, 2)","(0, 1)",dish,"(1, 0):dish;(2, 0):soup('onion', 3, 2)","(2, 0):soup('onion', 3, 2)",20.0,26.0,4,"(0, 0)",-0.01200000000000001,0.0,0.0,-0.01200000000000001,20.0,26.0,False,"(2, 1)",,"(1, 2)",dish,"(1, 0):dish;(2, 0):soup('onion', 3, 3)","(2, 0):soup('onion', 3, 3)"
55,2,"(1, 0)","(2, 1)","(1, 0)",,"(1, 2)","(0, 1)",dish,"(1, 0):dish;(2, 0):soup('onion', 3, 3)","(2, 0):soup('onion', 3, 3)",20.0,26.0,4,"(0, 0)",-0.01200000000000001,0.0,0.0,-0.01200000000000001,20.0,26.0,False,"(3, 1)",,"(1, 2)",dish,"(1, 0):dish;(2, 0):soup('onion', 3, 4)","(2, 0):soup('onion', 3, 4)"
56,5,interact,"(3, 1)","(1, 0)",,"(1, 2)","(0, 1)",dish,"(1, 0):dish;(2, 0):soup('onion', 3, 4)","(2, 0):soup('onion', 3, 4)",20.0,26.0,0,"(0, -1)",-0.01200000000000001,0.0,0.0,-0.01200000000000001,20.0,26.0,False,"(3, 1)",onion,"(1, 1)",dish,"(1, 0):dish;(2, 0):soup('onion', 3, 5)","(2, 0):soup('onion', 3, 5)"
57,3,"(-1, 0)","(3, 1)","(1, 0)",onion,"(1, 1)","(0, -1)",dish,"(1, 0):dish;(2, 0):soup('onion', 3, 5)","(2, 0):soup('onion', 3, 5)",20.0,26.0,5,interact,-0.01200000000000001,0.0,0.0,-0.01200000000000001,20.0,26.0,False,"(2, 1)",onion,"(1, 1)",dish,"(1, 0):dish;(2, 0):soup('onion', 3, 6)","(2, 0):soup('onion', 3, 6)"
58,0,"(0, -1)","(2, 1)","(-1, 0)",onion,"(1, 1)","(0, -1)",dish,"(1, 0):dish;(2, 0):soup('onion', 3, 6)","(2, 0):soup('onion', 3, 6)",20.0,26.0,0,"(0, -1)",-0.01200000000000001,0.0,0.0,-0.01200000000000001,20.0,26.0,False,"(2, 1)",onion,"(1, 1)",dish,"(1, 0):dish;(2, 0):soup('onion', 3, 7)","(2, 0):soup('onion', 3, 7)"
59,0,"(0, -1)","(2, 1)","(0, -1)",onion,"(1, 1)","(0, -1)",dish,"(1, 0):dish;(2, 0):soup('onion', 3, 7)","(2, 0):soup('onion', 3, 7)",20.0,26.0,0,"(0, -1)",-0.01200000000000001,0.0,0.0,-0.01200000000000001,20.0,26.0,False,"(2, 1)",onion,"(1, 1)",dish,"(1, 0):dish;(2, 0):soup('onion', 3, 8)","(2, 0):soup('onion', 3, 8)"
60,0,"(0, -1)","(2, 1)","(0, -1)",onion,"(1, 1)","(0, -1)",dish,"(1, 0):dish;(2, 0):soup('onion', 3, 8)","(2, 0):soup('onion', 3, 8)",20.0,26.0,0,"(0, -1)",-0.01200000000000001,0.0,0.0,-0.01200000000000001,20.0,26.0,False,"(2, 1)",onion,"(1, 1)",dish,"(1, 0):dish;(2, 0):soup('onion', 3, 9)","(2, 0):soup('onion', 3, 9)"
61,0,"(0, -1)","(2, 1)","(0, -1)",onion,"(1, 1)","(0, -1)",dish,"(1, 0):dish;(2, 0):soup('onion', 3, 9)","(2, 0):soup('onion', 3, 9)",20.0,26.0,0,"(0, -1)",-0.01200000000000001,0.0,0.0,-0.01200000000000001,20.0,26.0,False,"(2, 1)",onion,"(1, 1)",dish,"(1, 0):dish;(2, 0):soup('onion', 3, 10)","(2, 0):soup('onion', 3, 10)"
62,0,"(0, -1)","(2, 1)","(0, -1)",onion,"(1, 1)","(0, -1)",dish,"(1, 0):dish;(2, 0):soup('onion', 3, 10)","(2, 0):soup('onion', 3, 10)",20.0,26.0,0,"(0, -1)",-0.01200000000000001,0.0,0.0,-0.01200000000000001,20.0,26.0,False,"(2, 1)",onion,"(1, 1)",dish,"(1, 0):dish;(2, 0):soup('onion', 3, 11)","(2, 0):soup('onion', 3, 11)"
63,0,"(0, -1)","(2, 1)","(0, -1)",onion,"(1, 1)","(0, -1)",dish,"(1, 0):dish;(2, 0):soup('onion', 3, 11)","(2, 0):soup('onion', 3, 11)",20.0,26.0,0,"(0, -1)",-0.01200000000000001,0.0,0.0,-0.01200000000000001,20.0,26.0,False,"(2, 1)",onion,"(1, 1)",dish,"(1, 0):dish;(2, 0):soup('onion', 3, 12)","(2, 0):soup('onion', 3, 12)"
64,0,"(0, -1)","(2, 1)","(0, -1)",onion,"(1, 1)","(0, -1)",dish,"(1, 0):dish;(2, 0):soup('onion', 3, 12)","(2, 0):soup('onion', 3, 12)",20.0,26.0,0,"(0, -1)",-0.01200000000000001,0.0,0.0,-0.01200000000000001,20.0,26.0,False,"(2, 1)",onion,"(1, 1)",dish,"(1, 0):dish;(2, 0):soup('onion', 3, 13)","(2, 0):soup('onion', 3, 13)"
65,0,"(0, -1)","(2, 1)","(0, -1)",onion,"(1, 1)","(0, -1)",dish,"(1, 0):dish;(2, 0):soup('onion', 3, 13)","(2, 0):soup('onion', 3, 13)",20.0,26.0,0,"(0, -1)",-0.01200000000000001,0.0,0.0,-0.01200000000000001,20.0,26.0,False,"(2, 1)",onion,"(1, 1)",dish,"(1, 0):dish;(2, 0):soup('onion', 3, 14)","(2, 0):soup('onion', 3, 14)"
66,0,"(0, -1)","(2, 1)","(0, -1)",onion,"(1, 1)","(0, -1)",dish,"(1, 0):dish;(2, 0):soup('onion', 3, 14)","(2, 0):soup('onion', 3, 14)",20.0,26.0,0,"(0, -1)",-0.01200000000000001,0.0,0.0,-0.01200000000000001,20.0,26.0,False,"(2, 1)",onion,"(1, 1)",dish,"(1, 0):dish;(2, 0):soup('onion', 3, 15)","(2, 0):soup('onion', 3, 15)"
67,0,"(0, -1)","(2, 1)","(0, -1)",onion,"(1, 1)","(0, -1)",dish,"(1, 0):dish;(2, 0):soup('onion', 3, 15)","(2, 0):soup('onion', 3, 15)",20.0,26.0,0,"(0, -1)",-0.01200000000000001,0.0,0.0,-0.01200000000000001,20.0,26.0,False,"(2, 1)",onion,"(1, 1)",dish,"(1, 0):dish;(2, 0):soup('onion', 3, 16)","(2, 0):soup('onion', 3, 16)"
68,0,"(0, -1)","(2, 1)","(0, -1)",onion,"(1, 1)","(0, -1)",dish,"(1, 0):dish;(2, 0):soup('onion', 3, 16)","(2, 0):soup('onion', 3, 16)",20.0,26.0,0,"(0, -1)",-0.01200000000000001,0.0,0.0,-0.01200000000000001,20.0,26.0,False,"(2, 1)",onion,"(1, 1)",dish,"(1, 0):dish;(2, 0):soup('onion', 3, 17)","(2, 0):soup('onion', 3, 17)"
69,0,"(0, -1)","(2, 1)","(0, -1)",onion,"(1, 1)","(0, -1)",dish,"(1, 0):dish;(2, 0):soup('onion', 3, 17)","(2, 0):soup('onion', 3, 17)",20.0,26.0,0,"(0, -1)",-0.01200000000000001,0.0,0.0,-0.01200000000000001,20.0,26.0,False,"(2, 1)",onion,"(1, 1)",dish,"(1, 0):dish;(2, 0):soup('onion', 3, 18)","(2, 0):soup('onion', 3, 18)"
70,0,"(0, -1)","(2, 1)","(0, -1)",onion,"(1, 1)","(0, -1)",dish,"(1, 0):dish;(2, 0):soup('onion', 3, 18)","(2, 0):soup('onion', 3, 18)",20.0,26.0,0,"(0, -1)",-0.01200000000000001,0.0,0.0,-0.01200000000000001,20.0,26.0,False,"(2, 1)",onion,"(1, 1)",dish,"(1, 0):dish;(2, 0):soup('onion', 3, 19)","(2, 0):soup('onion', 3, 19)"
71,0,"(0, -1)","(2, 1)","(0, -1)",onion,"(1, 1)","(0, -1)",dish,"(1, 0):dish;(2, 0):soup('onion', 3, 19)","(2, 0):soup('onion', 3, 19)",20.0,26.0,0,"(0, -1)",0.5819999999999999,0.0,0.0,0.5819999999999999,20.0,26.0,False,"(2, 1)",onion,"(1, 1)",dish,"(1, 0):dish;(2, 0):soup('onion', 3, 20)","(2, 0):soup('onion', 3, 20)"
72,0,"(0, -1)","(2, 1)","(0, -1)",onion,"(1, 1)","(0, -1)",dish,"(1, 0):dish;(2, 0):soup('onion', 3, 20)","(2, 0):soup('onion', 3, 20)",20.0,26.0,2,"(1, 0)",-0.018000000000000148,0.0,0.0,-0.018000000000000148,20.0,26.0,False,"(2, 1)",onion,"(1, 1)",dish,"(1, 0):dish;(2, 0):soup('onion', 3, 20)","(2, 0):soup('onion', 3, 20)"
73,2,"(1, 0)","(2, 1)","(0, -1)",onion,"(1, 1)","(1, 0)",dish,"(1, 0):dish;(2, 0):soup('onion', 3, 20)","(2, 0):soup('onion', 3, 20)",20.0,26.0,2,"(1, 0)",-0.018000000000000148,0.0,0.0,-0.018000000000000148,20.0,26.0,False,"(3, 1)",onion,"(2, 1)",dish,"(1, 0):dish;(2, 0):soup('onion', 3, 20)","(2, 0):soup('onion', 3, 20)"
74,2,"(1, 0)","(3, 1)","(1, 0)",onion,"(2, 1)","(1, 0)",dish,"(1, 0):dish;(2, 0):soup('onion', 3, 20)","(2, 0):soup('onion', 3, 20)",20.0,26.0,0,"(0, -1)",-0.018000000000000148,0.0,0.0,-0.018000000000000148,20.0,26.0,False,"(3, 1)",onion,"(2, 1)",dish,"(1, 0):dish;(2, 0):soup('onion', 3, 20)","(2, 0):soup('onion', 3, 20)"
75,5,interact,"(3, 1)","(1, 0)",onion,"(2, 1)","(0, -1)",dish,"(1, 0):dish;(2, 0):soup('onion', 3, 20)","(2, 0):soup('onion', 3, 20)",20.0,26.0,5,interact,5.3978,0.0,5.0,0.39780000000000015,20.0,31.0,False,"(3, 1)",onion,"(2, 1)","soup('onion', 3, 20)","(1, 0):dish","(2, 0):empty"
76,1,"(0, 1)","(3, 1)","(1, 0)",onion,"(2, 1)","(0, -1)","soup('onion', 3, 20)","(1, 0):dish","(2, 0):empty",20.0,31.0,2,"(1, 0)",0.0371999999999999,0.0,0.0,0.0371999999999999,20.0,31.0,False,"(3, 2)",onion,"(3, 1)","soup('onion', 3, 20)","(1, 0):dish","(2, 0):empty"
77,3,"(-1, 0)","(3, 2)","(0, 1)",onion,"(3, 1)","(1, 0)","soup('onion', 3, 20)","(1, 0):dish","(2, 0):empty",20.0,31.0,1,"(0, 1)",0.036599999999999966,0.0,0.0,0.036599999999999966,20.0,31.0,False,"(2, 2)",onion,"(3, 2)","soup('onion', 3, 20)","(1, 0):dish","(2, 0):empty"
78,0,"(0, -1)","(2, 2)","(-1, 0)",onion,"(3, 2)","(0, 1)","soup('onion', 3, 20)","(1, 0):dish","(2, 0):empty",20.0,31.0,5,interact,17.66,20.0,0.0,-2.34,40.0,31.0,True,"(2, 1)",onion,"(3, 2)",,"(1, 0):dish","(2, 0):empty"
79,5,interact,"(2, 1)","(0, -1)",onion,"(3, 2)","(0, 1)",,"(1, 0):dish","(2, 0):empty",40.0,31.0,1,"(0, 1)",3.3564,0.0,3.0,0.3564,40.0,34.0,False,"(2, 1)",,"(3, 2)",,"(1, 0):dish;(2, 0):soup('onion', 1, 0)","(2, 0):soup('onion', 1, 0)"
80,2,"(1, 0)","(2, 1)","(0, -1)",,"(3, 2)","(0, 1)",,"(1, 0):dish;(2, 0):soup('onion', 1, 0)","(2, 0):soup('onion', 1, 0)",40.0,34.0,1,"(0, 1)",-0.003600000000000003,0.0,0.0,-0.003600000000000003,40.0,34.0,False,"(3, 1)",,"(3, 2)",,"(1, 0):dish;(2, 0):soup('onion', 1, 0)","(2, 0):soup('onion', 1, 0)"
81,5,interact,"(3, 1)","(1, 0)",,"(3, 2)","(0, 1)",,"(1, 0):dish;(2, 0):soup('onion', 1, 0)","(2, 0):soup('onion', 1, 0)",40.0,34.0,1,"(0, 1)",-0.003600000000000003,0.0,0.0,-0.003600000000000003,40.0,34.0,False,"(3, 1)",onion,"(3, 2)",,"(1, 0):dish;(2, 0):soup('onion', 1, 0)","(2, 0):soup('onion', 1, 0)"
82,3,"(-1, 0)","(3, 1)","(1, 0)",onion,"(3, 2)","(0, 1)",,"(1, 0):dish;(2, 0):soup('onion', 1, 0)","(2, 0):soup('onion', 1, 0)",40.0,34.0,1,"(0, 1)",-0.003600000000000003,0.0,0.0,-0.003600000000000003,40.0,34.0,False,"(2, 1)",onion,"(3, 2)",,"(1, 0):dish;(2, 0):soup('onion', 1, 0)","(2, 0):soup('onion', 1, 0)"
83,0,"(0, -1)","(2, 1)","(-1, 0)",onion,"(3, 2)","(0, 1)",,"(1, 0):dish;(2, 0):soup('onion', 1, 0)","(2, 0):soup('onion', 1, 0)",40.0,34.0,3,"(-1, 0)",-0.003600000000000003,0.0,0.0,-0.003600000000000003,40.0,34.0,False,"(2, 1)",onion,"(2, 2)",,"(1, 0):dish;(2, 0):soup('onion', 1, 0)","(2, 0):soup('onion', 1, 0)"
84,5,interact,"(2, 1)","(0, -1)",onion,"(2, 2)","(-1, 0)",,"(1, 0):dish;(2, 0):soup('onion', 1, 0)","(2, 0):soup('onion', 1, 0)",40.0,34.0,3,"(-1, 0)",3.3528,0.0,3.0,0.35279999999999995,40.0,37.0,False,"(2, 1)",,"(1, 2)",,"(1, 0):dish;(2, 0):soup('onion', 2, 0)","(2, 0):soup('onion', 2, 0)"
85,2,"(1, 0)","(2, 1)","(0, -1)",,"(1, 2)","(-1, 0)",,"(1, 0):dish;(2, 0):soup('onion', 2, 0)","(2, 0):soup('onion', 2, 0)",40.0,37.0,3,"(-1, 0)",-0.007200000000000006,0.0,0.0,-0.007200000000000006,40.0,37.0,False,"(3, 1)",,"(1, 2)",,"(1, 0):dish;(2, 0):soup('onion', 2, 0)","(2, 0):soup('onion', 2, 0)"
86,5,interact,"(3, 1)","(1, 0)",,"(1, 2)","(-1, 0)",,"(1, 0):dish;(2, 0):soup('onion', 2, 0)","(2, 0):soup('onion', 2, 0)",40.0,37.0,5,interact,-0.007200000000000006,0.0,0.0,-0.007200000000000006,40.0,37.0,False,"(3, 1)",onion,"(1, 2)",,"(1, 0):dish;(2, 0):soup('onion', 2, 0)","(2, 0):soup('onion', 2, 0)"
87,3,"(-1, 0)","(3, 1)","(1, 0)",onion,"(1, 2)","(-1, 0)",,"(1, 0):dish;(2, 0):soup('onion', 2, 0)","(2, 0):soup('onion', 2, 0)",40.0,37.0,5,interact,-0.007200000000000006,0.0,0.0,-0.007200000000000006,40.0,37.0,False,"(2, 1)",onion,"(1, 2)",,"(1, 0):dish;(2, 0):soup('onion', 2, 0)","(2, 0):soup('onion', 2, 0)"
88,0,"(0, -1)","(2, 1)","(-1, 0)",onion,"(1, 2)","(-1, 0)",,"(1, 0):dish;(2, 0):soup('onion', 2, 0)","(2, 0):soup('onion', 2, 0)",40.0,37.0,1,"(0, 1)",-0.007200000000000006,0.0,0.0,-0.007200000000000006,40.0,37.0,False,"(2, 1)",onion,"(1, 2)",,"(1, 0):dish;(2, 0):soup('onion', 2, 0)","(2, 0):soup('onion', 2, 0)"
89,5,interact,"(2, 1)","(0, -1)",onion,"(1, 2)","(0, 1)",,"(1, 0):dish;(2, 0):soup('onion', 2, 0)","(2, 0):soup('onion', 2, 0)",40.0,37.0,4,"(0, 0)",3.468,0.0,3.0,0.46799999999999997,40.0,40.0,False,"(2, 1)",,"(1, 2)",,"(1, 0):dish;(2, 0):soup('onion', 3, 1)","(2, 0):soup('onion', 3, 1)"
90,3,"(-1, 0)","(2, 1)","(0, -1)",,"(1, 2)","(0, 1)",,"(1, 0):dish;(2, 0):soup('onion', 3, 1)","(2, 0):soup('onion', 3, 1)",40.0,40.0,5,interact,-0.01200000000000001,0.0,0.0,-0.01200000000000001,40.0,40.0,False,"(1, 1)",,"(1, 2)",dish,"(1, 0):dish;(2, 0):soup('onion', 3, 2)","(2, 0):soup('onion', 3, 2)"
91,2,"(1, 0)","(1, 1)","(-1, 0)",,"(1, 2)","(0, 1)",dish,"(1, 0):dish;(2, 0):soup('onion', 3, 2)","(2, 0):soup('onion', 3, 2)",40.0,40.0,4,"(0, 0)",-0.01200000000000001,0.0,0.0,-0.01200000000000001,40.0,40.0,False,"(2, 1)",,"(1, 2)",dish,"(1, 0):dish;(2, 0):soup('onion', 3, 3)","(2, 0):soup('onion', 3, 3)"
92,2,"(1, 0)","(2, 1)","(1, 0)",,"(1, 2)","(0, 1)",dish,"(1, 0):dish;(2, 0):soup('onion', 3, 3)","(2, 0):soup('onion', 3, 3)",40.0,40.0,4,"(0, 0)",-0.01200000000000001,0.0,0.0,-0.01200000000000001,40.0,40.0,False,"(3, 1)",,"(1, 2)",dish,"(1, 0):dish;(2, 0):soup('onion', 3, 4)","(2, 0):soup('onion', 3, 4)"
93,5,interact,"(3, 1)","(1, 0)",,"(1, 2)","(0, 1)",dish,"(1, 0):dish;(2, 0):soup('onion', 3, 4)","(2, 0):soup('onion', 3, 4)",40.0,40.0,0,"(0, -1)",-0.01200000000000001,0.0,0.0,-0.01200000000000001,40.0,40.0,False,"(3, 1)",onion,"(1, 1)",dish,"(1, 0):dish;(2, 0):soup('onion', 3, 5)","(2, 0):soup('onion', 3, 5)"
94,3,"(-1, 0)","(3, 1)","(1, 0)",onion,"(1, 1)","(0, -1)",dish,"(1, 0):dish;(2, 0):soup('onion', 3, 5)","(2, 0):soup('onion', 3, 5)",40.0,40.0,5,interact,-0.01200000000000001,0.0,0.0,-0.01200000000000001,40.0,40.0,False,"(2, 1)",onion,"(1, 1)",dish,"(1, 0):dish;(2, 0):soup('onion', 3, 6)","(2, 0):soup('onion', 3, 6)"
95,0,"(0, -1)","(2, 1)","(-1, 0)",onion,"(1, 1)","(0, -1)",dish,"(1, 0):dish;(2, 0):soup('onion', 3, 6)","(2, 0):soup('onion', 3, 6)",40.0,40.0,0,"(0, -1)",-0.01200000000000001,0.0,0.0,-0.01200000000000001,40.0,40.0,False,"(2, 1)",onion,"(1, 1)",dish,"(1, 0):dish;(2, 0):soup('onion', 3, 7)","(2, 0):soup('onion', 3, 7)"
96,0,"(0, -1)","(2, 1)","(0, -1)",onion,"(1, 1)","(0, -1)",dish,"(1, 0):dish;(2, 0):soup('onion', 3, 7)","(2, 0):soup('onion', 3, 7)",40.0,40.0,0,"(0, -1)",-0.01200000000000001,0.0,0.0,-0.01200000000000001,40.0,40.0,False,"(2, 1)",onion,"(1, 1)",dish,"(1, 0):dish;(2, 0):soup('onion', 3, 8)","(2, 0):soup('onion', 3, 8)"
97,0,"(0, -1)","(2, 1)","(0, -1)",onion,"(1, 1)","(0, -1)",dish,"(1, 0):dish;(2, 0):soup('onion', 3, 8)","(2, 0):soup('onion', 3, 8)",40.0,40.0,0,"(0, -1)",-0.01200000000000001,0.0,0.0,-0.01200000000000001,40.0,40.0,False,"(2, 1)",onion,"(1, 1)",dish,"(1, 0):dish;(2, 0):soup('onion', 3, 9)","(2, 0):soup('onion', 3, 9)"
98,0,"(0, -1)","(2, 1)","(0, -1)",onion,"(1, 1)","(0, -1)",dish,"(1, 0):dish;(2, 0):soup('onion', 3, 9)","(2, 0):soup('onion', 3, 9)",40.0,40.0,0,"(0, -1)",-0.01200000000000001,0.0,0.0,-0.01200000000000001,40.0,40.0,False,"(2, 1)",onion,"(1, 1)",dish,"(1, 0):dish;(2, 0):soup('onion', 3, 10)","(2, 0):soup('onion', 3, 10)"
99,0,"(0, -1)","(2, 1)","(0, -1)",onion,"(1, 1)","(0, -1)",dish,"(1, 0):dish;(2, 0):soup('onion', 3, 10)","(2, 0):soup('onion', 3, 10)",40.0,40.0,0,"(0, -1)",-0.01200000000000001,0.0,0.0,-0.01200000000000001,40.0,40.0,False,"(2, 1)",onion,"(1, 1)",dish,"(1, 0):dish;(2, 0):soup('onion', 3, 11)","(2, 0):soup('onion', 3, 11)"
100,0,"(0, -1)","(2, 1)","(0, -1)",onion,"(1, 1)","(0, -1)",dish,"(1, 0):dish;(2, 0):soup('onion', 3, 11)","(2, 0):soup('onion', 3, 11)",40.0,40.0,0,"(0, -1)",-0.01200000000000001,0.0,0.0,-0.01200000000000001,40.0,40.0,False,"(2, 1)",onion,"(1, 1)",dish,"(1, 0):dish;(2, 0):soup('onion', 3, 12)","(2, 0):soup('onion', 3, 12)"
101,0,"(0, -1)","(2, 1)","(0, -1)",onion,"(1, 1)","(0, -1)",dish,"(1, 0):dish;(2, 0):soup('onion', 3, 12)","(2, 0):soup('onion', 3, 12)",40.0,40.0,0,"(0, -1)",-0.01200000000000001,0.0,0.0,-0.01200000000000001,40.0,40.0,False,"(2, 1)",onion,"(1, 1)",dish,"(1, 0):dish;(2, 0):soup('onion', 3, 13)","(2, 0):soup('onion', 3, 13)"
102,0,"(0, -1)","(2, 1)","(0, -1)",onion,"(1, 1)","(0, -1)",dish,"(1, 0):dish;(2, 0):soup('onion', 3, 13)","(2, 0):soup('onion', 3, 13)",40.0,40.0,0,"(0, -1)",-0.01200000000000001,0.0,0.0,-0.01200000000000001,40.0,40.0,False,"(2, 1)",onion,"(1, 1)",dish,"(1, 0):dish;(2, 0):soup('onion', 3, 14)","(2, 0):soup('onion', 3, 14)"
103,0,"(0, -1)","(2, 1)","(0, -1)",onion,"(1, 1)","(0, -1)",dish,"(1, 0):dish;(2, 0):soup('onion', 3, 14)","(2, 0):soup('onion', 3, 14)",40.0,40.0,0,"(0, -1)",-0.01200000000000001,0.0,0.0,-0.01200000000000001,40.0,40.0,False,"(2, 1)",onion,"(1, 1)",dish,"(1, 0):dish;(2, 0):soup('onion', 3, 15)","(2, 0):soup('onion', 3, 15)"
104,0,"(0, -1)","(2, 1)","(0, -1)",onion,"(1, 1)","(0, -1)",dish,"(1, 0):dish;(2, 0):soup('onion', 3, 15)","(2, 0):soup('onion', 3, 15)",40.0,40.0,0,"(0, -1)",-0.01200000000000001,0.0,0.0,-0.01200000000000001,40.0,40.0,False,"(2, 1)",onion,"(1, 1)",dish,"(1, 0):dish;(2, 0):soup('onion', 3, 16)","(2, 0):soup('onion', 3, 16)"
105,0,"(0, -1)","(2, 1)","(0, -1)",onion,"(1, 1)","(0, -1)",dish,"(1, 0):dish;(2, 0):soup('onion', 3, 16)","(2, 0):soup('onion', 3, 16)",40.0,40.0,0,"(0, -1)",-0.01200000000000001,0.0,0.0,-0.01200000000000001,40.0,40.0,False,"(2, 1)",onion,"(1, 1)",dish,"(1, 0):dish;(2, 0):soup('onion', 3, 17)","(2, 0):soup('onion', 3, 17)"
106,0,"(0, -1)","(2, 1)","(0, -1)",onion,"(1, 1)","(0, -1)",dish,"(1, 0):dish;(2, 0):soup('onion', 3, 17)","(2, 0):soup('onion', 3, 17)",40.0,40.0,0,"(0, -1)",-0.01200000000000001,0.0,0.0,-0.01200000000000001,40.0,40.0,False,"(2, 1)",onion,"(1, 1)",dish,"(1, 0):dish;(2, 0):soup('onion', 3, 18)","(2, 0):soup('onion', 3, 18)"
107,0,"(0, -1)","(2, 1)","(0, -1)",onion,"(1, 1)","(0, -1)",dish,"(1, 0):dish;(2, 0):soup('onion', 3, 18)","(2, 0):soup('onion', 3, 18)",40.0,40.0,0,"(0, -1)",-0.01200000000000001,0.0,0.0,-0.01200000000000001,40.0,40.0,False,"(2, 1)",onion,"(1, 1)",dish,"(1, 0):dish;(2, 0):soup('onion', 3, 19)","(2, 0):soup('onion', 3, 19)"
108,0,"(0, -1)","(2, 1)","(0, -1)",onion,"(1, 1)","(0, -1)",dish,"(1, 0):dish;(2, 0):soup('onion', 3, 19)","(2, 0):soup('onion', 3, 19)",40.0,40.0,0,"(0, -1)",0.5819999999999999,0.0,0.0,0.5819999999999999,40.0,40.0,False,"(2, 1)",onion,"(1, 1)",dish,"(1, 0):dish;(2, 0):soup('onion', 3, 20)","(2, 0):soup('onion', 3, 20)"
109,0,"(0, -1)","(2, 1)","(0, -1)",onion,"(1, 1)","(0, -1)",dish,"(1, 0):dish;(2, 0):soup('onion', 3, 20)","(2, 0):soup('onion', 3, 20)",40.0,40.0,2,"(1, 0)",-0.018000000000000148,0.0,0.0,-0.018000000000000148,40.0,40.0,False,"(2, 1)",onion,"(1, 1)",dish,"(1, 0):dish;(2, 0):soup('onion', 3, 20)","(2, 0):soup('onion', 3, 20)"
110,2,"(1, 0)","(2, 1)","(0, -1)",onion,"(1, 1)","(1, 0)",dish,"(1, 0):dish;(2, 0):soup('onion', 3, 20)","(2, 0):soup('onion', 3, 20)",40.0,40.0,2,"(1, 0)",-0.018000000000000148,0.0,0.0,-0.018000000000000148,40.0,40.0,False,"(3, 1)",onion,"(2, 1)",dish,"(1, 0):dish;(2, 0):soup('onion', 3, 20)","(2, 0):soup('onion', 3, 20)"
111,2,"(1, 0)","(3, 1)","(1, 0)",onion,"(2, 1)","(1, 0)",dish,"(1, 0):dish;(2, 0):soup('onion', 3, 20)","(2, 0):soup('onion', 3, 20)",40.0,40.0,0,"(0, -1)",-0.018000000000000148,0.0,0.0,-0.018000000000000148,40.0,40.0,False,"(3, 1)",onion,"(2, 1)",dish,"(1, 0):dish;(2, 0):soup('onion', 3, 20)","(2, 0):soup('onion', 3, 20)"
112,5,interact,"(3, 1)","(1, 0)",onion,"(2, 1)","(0, -1)",dish,"(1, 0):dish;(2, 0):soup('onion', 3, 20)","(2, 0):soup('onion', 3, 20)",40.0,40.0,5,interact,5.3978,0.0,5.0,0.39780000000000015,40.0,45.0,False,"(3, 1)",onion,"(2, 1)","soup('onion', 3, 20)","(1, 0):dish","(2, 0):empty"
113,1,"(0, 1)","(3, 1)","(1, 0)",onion,"(2, 1)","(0, -1)","soup('onion', 3, 20)","(1, 0):dish","(2, 0):empty",40.0,45.0,2,"(1, 0)",0.0371999999999999,0.0,0.0,0.0371999999999999,40.0,45.0,False,"(3, 2)",onion,"(3, 1)","soup('onion', 3, 20)","(1, 0):dish","(2, 0):empty"
114,3,"(-1, 0)","(3, 2)","(0, 1)",onion,"(3, 1)","(1, 0)","soup('onion', 3, 20)","(1, 0):dish","(2, 0):empty",40.0,45.0,1,"(0, 1)",0.036599999999999966,0.0,0.0,0.036599999999999966,40.0,45.0,False,"(2, 2)",onion,"(3, 2)","soup('onion', 3, 20)","(1, 0):dish","(2, 0):empty"
115,0,"(0, -1)","(2, 2)","(-1, 0)",onion,"(3, 2)","(0, 1)","soup('onion', 3, 20)","(1, 0):dish","(2, 0):empty",40.0,45.0,5,interact,17.66,20.0,0.0,-2.34,60.0,45.0,True,"(2, 1)",onion,"(3, 2)",,"(1, 0):dish","(2, 0):empty"
116,5,interact,"(2, 1)","(0, -1)",onion,"(3, 2)","(0, 1)",,"(1, 0):dish","(2, 0):empty",60.0,45.0,1,"(0, 1)",3.3564,0.0,3.0,0.3564,60.0,48.0,False,"(2, 1)",,"(3, 2)",,"(1, 0):dish;(2, 0):soup('onion', 1, 0)","(2, 0):soup('onion', 1, 0)"
117,2,"(1, 0)","(2, 1)","(0, -1)",,"(3, 2)","(0, 1)",,"(1, 0):dish;(2, 0):soup('onion', 1, 0)","(2, 0):soup('onion', 1, 0)",60.0,48.0,1,"(0, 1)",-0.003600000000000003,0.0,0.0,-0.003600000000000003,60.0,48.0,False,"(3, 1)",,"(3, 2)",,"(1, 0):dish;(2, 0):soup('onion', 1, 0)","(2, 0):soup('onion', 1, 0)"
118,5,interact,"(3, 1)","(1, 0)",,"(3, 2)","(0, 1)",,"(1, 0):dish;(2, 0):soup('onion', 1, 0)","(2, 0):soup('onion', 1, 0)",60.0,48.0,1,"(0, 1)",-0.003600000000000003,0.0,0.0,-0.003600000000000003,60.0,48.0,False,"(3, 1)",onion,"(3, 2)",,"(1, 0):dish;(2, 0):soup('onion', 1, 0)","(2, 0):soup('onion', 1, 0)"
119,3,"(-1, 0)","(3, 1)","(1, 0)",onion,"(3, 2)","(0, 1)",,"(1, 0):dish;(2, 0):soup('onion', 1, 0)","(2, 0):soup('onion', 1, 0)",60.0,48.0,1,"(0, 1)",-0.003600000000000003,0.0,0.0,-0.003600000000000003,60.0,48.0,False,"(2, 1)",onion,"(3, 2)",,"(1, 0):dish;(2, 0):soup('onion', 1, 0)","(2, 0):soup('onion', 1, 0)"
120,0,"(0, -1)","(2, 1)","(-1, 0)",onion,"(3, 2)","(0, 1)",,"(1, 0):dish;(2, 0):soup('onion', 1, 0)","(2, 0):soup('onion', 1, 0)",60.0,48.0,3,"(-1, 0)",-0.003600000000000003,0.0,0.0,-0.003600000000000003,60.0,48.0,False,"(2, 1)",onion,"(2, 2)",,"(1, 0):dish;(2, 0):soup('onion', 1, 0)","(2, 0):soup('onion', 1, 0)"
121,5,interact,"(2, 1)","(0, -1)",onion,"(2, 2)","(-1, 0)",,"(1, 0):dish;(2, 0):soup('onion', 1, 0)","(2, 0):soup('onion', 1, 0)",60.0,48.0,3,"(-1, 0)",3.3528,0.0,3.0,0.35279999999999995,60.0,51.0,False,"(2, 1)",,"(1, 2)",,"(1, 0):dish;(2, 0):soup('onion', 2, 0)","(2, 0):soup('onion', 2, 0)"
122,2,"(1, 0)","(2, 1)","(0, -1)",,"(1, 2)","(-1, 0)",,"(1, 0):dish;(2, 0):soup('onion', 2, 0)","(2, 0):soup('onion', 2, 0)",60.0,51.0,3,"(-1, 0)",-0.007200000000000006,0.0,0.0,-0.007200000000000006,60.0,51.0,False,"(3, 1)",,"(1, 2)",,"(1, 0):dish;(2, 0):soup('onion', 2, 0)","(2, 0):soup('onion', 2, 0)"
123,5,interact,"(3, 1)","(1, 0)",,"(1, 2)","(-1, 0)",,"(1, 0):dish;(2, 0):soup('onion', 2, 0)","(2, 0):soup('onion', 2, 0)",60.0,51.0,5,interact,-0.007200000000000006,0.0,0.0,-0.007200000000000006,60.0,51.0,False,"(3, 1)",onion,"(1, 2)",,"(1, 0):dish;(2, 0):soup('onion', 2, 0)","(2, 0):soup('onion', 2, 0)"
124,3,"(-1, 0)","(3, 1)","(1, 0)",onion,"(1, 2)","(-1, 0)",,"(1, 0):dish;(2, 0):soup('onion', 2, 0)","(2, 0):soup('onion', 2, 0)",60.0,51.0,5,interact,-0.007200000000000006,0.0,0.0,-0.007200000000000006,60.0,51.0,False,"(2, 1)",onion,"(1, 2)",,"(1, 0):dish;(2, 0):soup('onion', 2, 0)","(2, 0):soup('onion', 2, 0)"
125,0,"(0, -1)","(2, 1)","(-1, 0)",onion,"(1, 2)","(-1, 0)",,"(1, 0):dish;(2, 0):soup('onion', 2, 0)","(2, 0):soup('onion', 2, 0)",60.0,51.0,1,"(0, 1)",-0.007200000000000006,0.0,0.0,-0.007200000000000006,60.0,51.0,False,"(2, 1)",onion,"(1, 2)",,"(1, 0):dish;(2, 0):soup('onion', 2, 0)","(2, 0):soup('onion', 2, 0)"
126,5,interact,"(2, 1)","(0, -1)",onion,"(1, 2)","(0, 1)",,"(1, 0):dish;(2, 0):soup('onion', 2, 0)","(2, 0):soup('onion', 2, 0)",60.0,51.0,4,"(0, 0)",3.468,0.0,3.0,0.46799999999999997,60.0,54.0,False,"(2, 1)",,"(1, 2)",,"(1, 0):dish;(2, 0):soup('onion', 3, 1)","(2, 0):soup('onion', 3, 1)"
127,3,"(-1, 0)","(2, 1)","(0, -1)",,"(1, 2)","(0, 1)",,"(1, 0):dish;(2, 0):soup('onion', 3, 1)","(2, 0):soup('onion', 3, 1)",60.0,54.0,5,interact,-0.01200000000000001,0.0,0.0,-0.01200000000000001,60.0,54.0,False,"(1, 1)",,"(1, 2)",dish,"(1, 0):dish;(2, 0):soup('onion', 3, 2)","(2, 0):soup('onion', 3, 2)"
128,2,"(1, 0)","(1, 1)","(-1, 0)",,"(1, 2)","(0, 1)",dish,"(1, 0):dish;(2, 0):soup('onion', 3, 2)","(2, 0):soup('onion', 3, 2)",60.0,54.0,4,"(0, 0)",-0.01200000000000001,0.0,0.0,-0.01200000000000001,60.0,54.0,False,"(2, 1)",,"(1, 2)",dish,"(1, 0):dish;(2, 0):soup('onion', 3, 3)","(2, 0):soup('onion', 3, 3)"
129,2,"(1, 0)","(2, 1)","(1, 0)",,"(1, 2)","(0, 1)",dish,"(1, 0):dish;(2, 0):soup('onion', 3, 3)","(2, 0):soup('onion', 3, 3)",60.0,54.0,4,"(0, 0)",-0.01200000000000001,0.0,0.0,-0.01200000000000001,60.0,54.0,False,"(3, 1)",,"(1, 2)",dish,"(1, 0):dish;(2, 0):soup('onion', 3, 4)","(2, 0):soup('onion', 3, 4)"
130,5,interact,"(3, 1)","(1, 0)",,"(1, 2)","(0, 1)",dish,"(1, 0):dish;(2, 0):soup('onion', 3, 4)","(2, 0):soup('onion', 3, 4)",60.0,54.0,0,"(0, -1)",-0.01200000000000001,0.0,0.0,-0.01200000000000001,60.0,54.0,False,"(3, 1)",onion,"(1, 1)",dish,"(1, 0):dish;(2, 0):soup('onion', 3, 5)","(2, 0):soup('onion', 3, 5)"
131,3,"(-1, 0)","(3, 1)","(1, 0)",onion,"(1, 1)","(0, -1)",dish,"(1, 0):dish;(2, 0):soup('onion', 3, 5)","(2, 0):soup('onion', 3, 5)",60.0,54.0,5,interact,-0.01200000000000001,0.0,0.0,-0.01200000000000001,60.0,54.0,False,"(2, 1)",onion,"(1, 1)",dish,"(1, 0):dish;(2, 0):soup('onion', 3, 6)","(2, 0):soup('onion', 3, 6)"
132,0,"(0, -1)","(2, 1)","(-1, 0)",onion,"(1, 1)","(0, -1)",dish,"(1, 0):dish;(2, 0):soup('onion', 3, 6)","(2, 0):soup('onion', 3, 6)",60.0,54.0,0,"(0, -1)",-0.01200000000000001,0.0,0.0,-0.01200000000000001,60.0,54.0,False,"(2, 1)",onion,"(1, 1)",dish,"(1, 0):dish;(2, 0):soup('onion', 3, 7)","(2, 0):soup('onion', 3, 7)"
133,0,"(0, -1)","(2, 1)","(0, -1)",onion,"(1, 1)","(0, -1)",dish,"(1, 0):dish;(2, 0):soup('onion', 3, 7)","(2, 0):soup('onion', 3, 7)",60.0,54.0,0,"(0, -1)",-0.01200000000000001,0.0,0.0,-0.01200000000000001,60.0,54.0,False,"(2, 1)",onion,"(1, 1)",dish,"(1, 0):dish;(2, 0):soup('onion', 3, 8)","(2, 0):soup('onion', 3, 8)"
134,0,"(0, -1)","(2, 1)","(0, -1)",onion,"(1, 1)","(0, -1)",dish,"(1, 0):dish;(2, 0):soup('onion', 3, 8)","(2, 0):soup('onion', 3, 8)",60.0,54.0,0,"(0, -1)",-0.01200000000000001,0.0,0.0,-0.01200000000000001,60.0,54.0,False,"(2, 1)",onion,"(1, 1)",dish,"(1, 0):dish;(2, 0):soup('onion', 3, 9)","(2, 0):soup('onion', 3, 9)"
135,0,"(0, -1)","(2, 1)","(0, -1)",onion,"(1, 1)","(0, -1)",dish,"(1, 0):dish;(2, 0):soup('onion', 3, 9)","(2, 0):soup('onion', 3, 9)",60.0,54.0,0,"(0, -1)",-0.01200000000000001,0.0,0.0,-0.01200000000000001,60.0,54.0,False,"(2, 1)",onion,"(1, 1)",dish,"(1, 0):dish;(2, 0):soup('onion', 3, 10)","(2, 0):soup('onion', 3, 10)"
136,0,"(0, -1)","(2, 1)","(0, -1)",onion,"(1, 1)","(0, -1)",dish,"(1, 0):dish;(2, 0):soup('onion', 3, 10)","(2, 0):soup('onion', 3, 10)",60.0,54.0,0,"(0, -1)",-0.01200000000000001,0.0,0.0,-0.01200000000000001,60.0,54.0,False,"(2, 1)",onion,"(1, 1)",dish,"(1, 0):dish;(2, 0):soup('onion', 3, 11)","(2, 0):soup('onion', 3, 11)"
137,0,"(0, -1)","(2, 1)","(0, -1)",onion,"(1, 1)","(0, -1)",dish,"(1, 0):dish;(2, 0):soup('onion', 3, 11)","(2, 0):soup('onion', 3, 11)",60.0,54.0,0,"(0, -1)",-0.01200000000000001,0.0,0.0,-0.01200000000000001,60.0,54.0,False,"(2, 1)",onion,"(1, 1)",dish,"(1, 0):dish;(2, 0):soup('onion', 3, 12)","(2, 0):soup('onion', 3, 12)"
138,0,"(0, -1)","(2, 1)","(0, -1)",onion,"(1, 1)","(0, -1)",dish,"(1, 0):dish;(2, 0):soup('onion', 3, 12)","(2, 0):soup('onion', 3, 12)",60.0,54.0,0,"(0, -1)",-0.01200000000000001,0.0,0.0,-0.01200000000000001,60.0,54.0,False,"(2, 1)",onion,"(1, 1)",dish,"(1, 0):dish;(2, 0):soup('onion', 3, 13)","(2, 0):soup('onion', 3, 13)"
139,0,"(0, -1)","(2, 1)","(0, -1)",onion,"(1, 1)","(0, -1)",dish,"(1, 0):dish;(2, 0):soup('onion', 3, 13)","(2, 0):soup('onion', 3, 13)",60.0,54.0,0,"(0, -1)",-0.01200000000000001,0.0,0.0,-0.01200000000000001,60.0,54.0,False,"(2, 1)",onion,"(1, 1)",dish,"(1, 0):dish;(2, 0):soup('onion', 3, 14)","(2, 0):soup('onion', 3, 14)"
140,0,"(0, -1)","(2, 1)","(0, -1)",onion,"(1, 1)","(0, -1)",dish,"(1, 0):dish;(2, 0):soup('onion', 3, 14)","(2, 0):soup('onion', 3, 14)",60.0,54.0,0,"(0, -1)",-0.01200000000000001,0.0,0.0,-0.01200000000000001,60.0,54.0,False,"(2, 1)",onion,"(1, 1)",dish,"(1, 0):dish;(2, 0):soup('onion', 3, 15)","(2, 0):soup('onion', 3, 15)"
141,0,"(0, -1)","(2, 1)","(0, -1)",onion,"(1, 1)","(0, -1)",dish,"(1, 0):dish;(2, 0):soup('onion', 3, 15)","(2, 0):soup('onion', 3, 15)",60.0,54.0,0,"(0, -1)",-0.01200000000000001,0.0,0.0,-0.01200000000000001,60.0,54.0,False,"(2, 1)",onion,"(1, 1)",dish,"(1, 0):dish;(2, 0):soup('onion', 3, 16)","(2, 0):soup('onion', 3, 16)"
142,0,"(0, -1)","(2, 1)","(0, -1)",onion,"(1, 1)","(0, -1)",dish,"(1, 0):dish;(2, 0):soup('onion', 3, 16)","(2, 0):soup('onion', 3, 16)",60.0,54.0,0,"(0, -1)",-0.01200000000000001,0.0,0.0,-0.01200000000000001,60.0,54.0,False,"(2, 1)",onion,"(1, 1)",dish,"(1, 0):dish;(2, 0):soup('onion', 3, 17)","(2, 0):soup('onion', 3, 17)"
143,0,"(0, -1)","(2, 1)","(0, -1)",onion,"(1, 1)","(0, -1)",dish,"(1, 0):dish;(2, 0):soup('onion', 3, 17)","(2, 0):soup('onion', 3, 17)",60.0,54.0,0,"(0, -1)",-0.01200000000000001,0.0,0.0,-0.01200000000000001,60.0,54.0,False,"(2, 1)",onion,"(1, 1)",dish,"(1, 0):dish;(2, 0):soup('onion', 3, 18)","(2, 0):soup('onion', 3, 18)"
144,0,"(0, -1)","(2, 1)","(0, -1)",onion,"(1, 1)","(0, -1)",dish,"(1, 0):dish;(2, 0):soup('onion', 3, 18)","(2, 0):soup('onion', 3, 18)",60.0,54.0,0,"(0, -1)",-0.01200000000000001,0.0,0.0,-0.01200000000000001,60.0,54.0,False,"(2, 1)",onion,"(1, 1)",dish,"(1, 0):dish;(2, 0):soup('onion', 3, 19)","(2, 0):soup('onion', 3, 19)"
145,0,"(0, -1)","(2, 1)","(0, -1)",onion,"(1, 1)","(0, -1)",dish,"(1, 0):dish;(2, 0):soup('onion', 3, 19)","(2, 0):soup('onion', 3, 19)",60.0,54.0,0,"(0, -1)",0.5819999999999999,0.0,0.0,0.5819999999999999,60.0,54.0,False,"(2, 1)",onion,"(1, 1)",dish,"(1, 0):dish;(2, 0):soup('onion', 3, 20)","(2, 0):soup('onion', 3, 20)"
146,0,"(0, -1)","(2, 1)","(0, -1)",onion,"(1, 1)","(0, -1)",dish,"(1, 0):dish;(2, 0):soup('onion', 3, 20)","(2, 0):soup('onion', 3, 20)",60.0,54.0,2,"(1, 0)",-0.018000000000000148,0.0,0.0,-0.018000000000000148,60.0,54.0,False,"(2, 1)",onion,"(1, 1)",dish,"(1, 0):dish;(2, 0):soup('onion', 3, 20)","(2, 0):soup('onion', 3, 20)"
147,2,"(1, 0)","(2, 1)","(0, -1)",onion,"(1, 1)","(1, 0)",dish,"(1, 0):dish;(2, 0):soup('onion', 3, 20)","(2, 0):soup('onion', 3, 20)",60.0,54.0,2,"(1, 0)",-0.018000000000000148,0.0,0.0,-0.018000000000000148,60.0,54.0,False,"(3, 1)",onion,"(2, 1)",dish,"(1, 0):dish;(2, 0):soup('onion', 3, 20)","(2, 0):soup('onion', 3, 20)"
148,2,"(1, 0)","(3, 1)","(1, 0)",onion,"(2, 1)","(1, 0)",dish,"(1, 0):dish;(2, 0):soup('onion', 3, 20)","(2, 0):soup('onion', 3, 20)",60.0,54.0,0,"(0, -1)",-0.018000000000000148,0.0,0.0,-0.018000000000000148,60.0,54.0,False,"(3, 1)",onion,"(2, 1)",dish,"(1, 0):dish;(2, 0):soup('onion', 3, 20)","(2, 0):soup('onion', 3, 20)"
149,5,interact,"(3, 1)","(1, 0)",onion,"(2, 1)","(0, -1)",dish,"(1, 0):dish;(2, 0):soup('onion', 3, 20)","(2, 0):soup('onion', 3, 20)",60.0,54.0,5,interact,5.3978,0.0,5.0,0.39780000000000015,60.0,59.0,False,"(3, 1)",onion,"(2, 1)","soup('onion', 3, 20)","(1, 0):dish","(2, 0):empty"
150,1,"(0, 1)","(3, 1)","(1, 0)",onion,"(2, 1)","(0, -1)","soup('onion', 3, 20)","(1, 0):dish","(2, 0):empty",60.0,59.0,2,"(1, 0)",0.0371999999999999,0.0,0.0,0.0371999999999999,60.0,59.0,False,"(3, 2)",onion,"(3, 1)","soup('onion', 3, 20)","(1, 0):dish","(2, 0):empty"
151,3,"(-1, 0)","(3, 2)","(0, 1)",onion,"(3, 1)","(1, 0)","soup('onion', 3, 20)","(1, 0):dish","(2, 0):empty",60.0,59.0,1,"(0, 1)",0.036599999999999966,0.0,0.0,0.036599999999999966,60.0,59.0,False,"(2, 2)",onion,"(3, 2)","soup('onion', 3, 20)","(1, 0):dish","(2, 0):empty"
152,0,"(0, -1)","(2, 2)","(-1, 0)",onion,"(3, 2)","(0, 1)","soup('onion', 3, 20)","(1, 0):dish","(2, 0):empty",60.0,59.0,5,interact,17.66,20.0,0.0,-2.34,80.0,59.0,True,"(2, 1)",onion,"(3, 2)",,"(1, 0):dish","(2, 0):empty"
153,5,interact,"(2, 1)","(0, -1)",onion,"(3, 2)","(0, 1)",,"(1, 0):dish","(2, 0):empty",80.0,59.0,1,"(0, 1)",3.3564,0.0,3.0,0.3564,80.0,62.0,False,"(2, 1)",,"(3, 2)",,"(1, 0):dish;(2, 0):soup('onion', 1, 0)","(2, 0):soup('onion', 1, 0)"
154,2,"(1, 0)","(2, 1)","(0, -1)",,"(3, 2)","(0, 1)",,"(1, 0):dish;(2, 0):soup('onion', 1, 0)","(2, 0):soup('onion', 1, 0)",80.0,62.0,1,"(0, 1)",-0.003600000000000003,0.0,0.0,-0.003600000000000003,80.0,62.0,False,"(3, 1)",,"(3, 2)",,"(1, 0):dish;(2, 0):soup('onion', 1, 0)","(2, 0):soup('onion', 1, 0)"
155,5,interact,"(3, 1)","(1, 0)",,"(3, 2)","(0, 1)",,"(1, 0):dish;(2, 0):soup('onion', 1, 0)","(2, 0):soup('onion', 1, 0)",80.0,62.0,1,"(0, 1)",-0.003600000000000003,0.0,0.0,-0.003600000000000003,80.0,62.0,False,"(3, 1)",onion,"(3, 2)",,"(1, 0):dish;(2, 0):soup('onion', 1, 0)","(2, 0):soup('onion', 1, 0)"
156,3,"(-1, 0)","(3, 1)","(1, 0)",onion,"(3, 2)","(0, 1)",,"(1, 0):dish;(2, 0):soup('onion', 1, 0)","(2, 0):soup('onion', 1, 0)",80.0,62.0,1,"(0, 1)",-0.003600000000000003,0.0,0.0,-0.003600000000000003,80.0,62.0,False,"(2, 1)",onion,"(3, 2)",,"(1, 0):dish;(2, 0):soup('onion', 1, 0)","(2, 0):soup('onion', 1, 0)"
157,0,"(0, -1)","(2, 1)","(-1, 0)",onion,"(3, 2)","(0, 1)",,"(1, 0):dish;(2, 0):soup('onion', 1, 0)","(2, 0):soup('onion', 1, 0)",80.0,62.0,3,"(-1, 0)",-0.003600000000000003,0.0,0.0,-0.003600000000000003,80.0,62.0,False,"(2, 1)",onion,"(2, 2)",,"(1, 0):dish;(2, 0):soup('onion', 1, 0)","(2, 0):soup('onion', 1, 0)"
158,5,interact,"(2, 1)","(0, -1)",onion,"(2, 2)","(-1, 0)",,"(1, 0):dish;(2, 0):soup('onion', 1, 0)","(2, 0):soup('onion', 1, 0)",80.0,62.0,3,"(-1, 0)",3.3528,0.0,3.0,0.35279999999999995,80.0,65.0,False,"(2, 1)",,"(1, 2)",,"(1, 0):dish;(2, 0):soup('onion', 2, 0)","(2, 0):soup('onion', 2, 0)"
159,2,"(1, 0)","(2, 1)","(0, -1)",,"(1, 2)","(-1, 0)",,"(1, 0):dish;(2, 0):soup('onion', 2, 0)","(2, 0):soup('onion', 2, 0)",80.0,65.0,3,"(-1, 0)",-0.007200000000000006,0.0,0.0,-0.007200000000000006,80.0,65.0,False,"(3, 1)",,"(1, 2)",,"(1, 0):dish;(2, 0):soup('onion', 2, 0)","(2, 0):soup('onion', 2, 0)"
160,5,interact,"(3, 1)","(1, 0)",,"(1, 2)","(-1, 0)",,"(1, 0):dish;(2, 0):soup('onion', 2, 0)","(2, 0):soup('onion', 2, 0)",80.0,65.0,5,interact,-0.007200000000000006,0.0,0.0,-0.007200000000000006,80.0,65.0,False,"(3, 1)",onion,"(1, 2)",,"(1, 0):dish;(2, 0):soup('onion', 2, 0)","(2, 0):soup('onion', 2, 0)"
161,3,"(-1, 0)","(3, 1)","(1, 0)",onion,"(1, 2)","(-1, 0)",,"(1, 0):dish;(2, 0):soup('onion', 2, 0)","(2, 0):soup('onion', 2, 0)",80.0,65.0,5,interact,-0.007200000000000006,0.0,0.0,-0.007200000000000006,80.0,65.0,False,"(2, 1)",onion,"(1, 2)",,"(1, 0):dish;(2, 0):soup('onion', 2, 0)","(2, 0):soup('onion', 2, 0)"
162,0,"(0, -1)","(2, 1)","(-1, 0)",onion,"(1, 2)","(-1, 0)",,"(1, 0):dish;(2, 0):soup('onion', 2, 0)","(2, 0):soup('onion', 2, 0)",80.0,65.0,1,"(0, 1)",-0.007200000000000006,0.0,0.0,-0.007200000000000006,80.0,65.0,False,"(2, 1)",onion,"(1, 2)",,"(1, 0):dish;(2, 0):soup('onion', 2, 0)","(2, 0):soup('onion', 2, 0)"
163,5,interact,"(2, 1)","(0, -1)",onion,"(1, 2)","(0, 1)",,"(1, 0):dish;(2, 0):soup('onion', 2, 0)","(2, 0):soup('onion', 2, 0)",80.0,65.0,4,"(0, 0)",3.468,0.0,3.0,0.46799999999999997,80.0,68.0,False,"(2, 1)",,"(1, 2)",,"(1, 0):dish;(2, 0):soup('onion', 3, 1)","(2, 0):soup('onion', 3, 1)"
164,3,"(-1, 0)","(2, 1)","(0, -1)",,"(1, 2)","(0, 1)",,"(1, 0):dish;(2, 0):soup('onion', 3, 1)","(2, 0):soup('onion', 3, 1)",80.0,68.0,5,interact,-0.01200000000000001,0.0,0.0,-0.01200000000000001,80.0,68.0,False,"(1, 1)",,"(1, 2)",dish,"(1, 0):dish;(2, 0):soup('onion', 3, 2)","(2, 0):soup('onion', 3, 2)"
165,2,"(1, 0)","(1, 1)","(-1, 0)",,"(1, 2)","(0, 1)",dish,"(1, 0):dish;(2, 0):soup('onion', 3, 2)","(2, 0):soup('onion', 3, 2)",80.0,68.0,4,"(0, 0)",-0.01200000000000001,0.0,0.0,-0.01200000000000001,80.0,68.0,False,"(2, 1)",,"(1, 2)",dish,"(1, 0):dish;(2, 0):soup('onion', 3, 3)","(2, 0):soup('onion', 3, 3)"
166,2,"(1, 0)","(2, 1)","(1, 0)",,"(1, 2)","(0, 1)",dish,"(1, 0):dish;(2, 0):soup('onion', 3, 3)","(2, 0):soup('onion', 3, 3)",80.0,68.0,4,"(0, 0)",-0.01200000000000001,0.0,0.0,-0.01200000000000001,80.0,68.0,False,"(3, 1)",,"(1, 2)",dish,"(1, 0):dish;(2, 0):soup('onion', 3, 4)","(2, 0):soup('onion', 3, 4)"
167,5,interact,"(3, 1)","(1, 0)",,"(1, 2)","(0, 1)",dish,"(1, 0):dish;(2, 0):soup('onion', 3, 4)","(2, 0):soup('onion', 3, 4)",80.0,68.0,0,"(0, -1)",-0.01200000000000001,0.0,0.0,-0.01200000000000001,80.0,68.0,False,"(3, 1)",onion,"(1, 1)",dish,"(1, 0):dish;(2, 0):soup('onion', 3, 5)","(2, 0):soup('onion', 3, 5)"
168,3,"(-1, 0)","(3, 1)","(1, 0)",onion,"(1, 1)","(0, -1)",dish,"(1, 0):dish;(2, 0):soup('onion', 3, 5)","(2, 0):soup('onion', 3, 5)",80.0,68.0,5,interact,-0.01200000000000001,0.0,0.0,-0.01200000000000001,80.0,68.0,False,"(2, 1)",onion,"(1, 1)",dish,"(1, 0):dish;(2, 0):soup('onion', 3, 6)","(2, 0):soup('onion', 3, 6)"
169,0,"(0, -1)","(2, 1)","(-1, 0)",onion,"(1, 1)","(0, -1)",dish,"(1, 0):dish;(2, 0):soup('onion', 3, 6)","(2, 0):soup('onion', 3, 6)",80.0,68.0,0,"(0, -1)",-0.01200000000000001,0.0,0.0,-0.01200000000000001,80.0,68.0,False,"(2, 1)",onion,"(1, 1)",dish,"(1, 0):dish;(2, 0):soup('onion', 3, 7)","(2, 0):soup('onion', 3, 7)"
170,0,"(0, -1)","(2, 1)","(0, -1)",onion,"(1, 1)","(0, -1)",dish,"(1, 0):dish;(2, 0):soup('onion', 3, 7)","(2, 0):soup('onion', 3, 7)",80.0,68.0,0,"(0, -1)",-0.01200000000000001,0.0,0.0,-0.01200000000000001,80.0,68.0,False,"(2, 1)",onion,"(1, 1)",dish,"(1, 0):dish;(2, 0):soup('onion', 3, 8)","(2, 0):soup('onion', 3, 8)"
171,0,"(0, -1)","(2, 1)","(0, -1)",onion,"(1, 1)","(0, -1)",dish,"(1, 0):dish;(2, 0):soup('onion', 3, 8)","(2, 0):soup('onion', 3, 8)",80.0,68.0,0,"(0, -1)",-0.01200000000000001,0.0,0.0,-0.01200000000000001,80.0,68.0,False,"(2, 1)",onion,"(1, 1)",dish,"(1, 0):dish;(2, 0):soup('onion', 3, 9)","(2, 0):soup('onion', 3, 9)"
172,0,"(0, -1)","(2, 1)","(0, -1)",onion,"(1, 1)","(0, -1)",dish,"(1, 0):dish;(2, 0):soup('onion', 3, 9)","(2, 0):soup('onion', 3, 9)",80.0,68.0,0,"(0, -1)",-0.01200000000000001,0.0,0.0,-0.01200000000000001,80.0,68.0,False,"(2, 1)",onion,"(1, 1)",dish,"(1, 0):dish;(2, 0):soup('onion', 3, 10)","(2, 0):soup('onion', 3, 10)"
173,0,"(0, -1)","(2, 1)","(0, -1)",onion,"(1, 1)","(0, -1)",dish,"(1, 0):dish;(2, 0):soup('onion', 3, 10)","(2, 0):soup('onion', 3, 10)",80.0,68.0,0,"(0, -1)",-0.01200000000000001,0.0,0.0,-0.01200000000000001,80.0,68.0,False,"(2, 1)",onion,"(1, 1)",dish,"(1, 0):dish;(2, 0):soup('onion', 3, 11)","(2, 0):soup('onion', 3, 11)"
174,0,"(0, -1)","(2, 1)","(0, -1)",onion,"(1, 1)","(0, -1)",dish,"(1, 0):dish;(2, 0):soup('onion', 3, 11)","(2, 0):soup('onion', 3, 11)",80.0,68.0,0,"(0, -1)",-0.01200000000000001,0.0,0.0,-0.01200000000000001,80.0,68.0,False,"(2, 1)",onion,"(1, 1)",dish,"(1, 0):dish;(2, 0):soup('onion', 3, 12)","(2, 0):soup('onion', 3, 12)"
175,0,"(0, -1)","(2, 1)","(0, -1)",onion,"(1, 1)","(0, -1)",dish,"(1, 0):dish;(2, 0):soup('onion', 3, 12)","(2, 0):soup('onion', 3, 12)",80.0,68.0,0,"(0, -1)",-0.01200000000000001,0.0,0.0,-0.01200000000000001,80.0,68.0,False,"(2, 1)",onion,"(1, 1)",dish,"(1, 0):dish;(2, 0):soup('onion', 3, 13)","(2, 0):soup('onion', 3, 13)"
176,0,"(0, -1)","(2, 1)","(0, -1)",onion,"(1, 1)","(0, -1)",dish,"(1, 0):dish;(2, 0):soup('onion', 3, 13)","(2, 0):soup('onion', 3, 13)",80.0,68.0,0,"(0, -1)",-0.01200000000000001,0.0,0.0,-0.01200000000000001,80.0,68.0,False,"(2, 1)",onion,"(1, 1)",dish,"(1, 0):dish;(2, 0):soup('onion', 3, 14)","(2, 0):soup('onion', 3, 14)"
177,0,"(0, -1)","(2, 1)","(0, -1)",onion,"(1, 1)","(0, -1)",dish,"(1, 0):dish;(2, 0):soup('onion', 3, 14)","(2, 0):soup('onion', 3, 14)",80.0,68.0,0,"(0, -1)",-0.01200000000000001,0.0,0.0,-0.01200000000000001,80.0,68.0,False,"(2, 1)",onion,"(1, 1)",dish,"(1, 0):dish;(2, 0):soup('onion', 3, 15)","(2, 0):soup('onion', 3, 15)"
178,0,"(0, -1)","(2, 1)","(0, -1)",onion,"(1, 1)","(0, -1)",dish,"(1, 0):dish;(2, 0):soup('onion', 3, 15)","(2, 0):soup('onion', 3, 15)",80.0,68.0,0,"(0, -1)",-0.01200000000000001,0.0,0.0,-0.01200000000000001,80.0,68.0,False,"(2, 1)",onion,"(1, 1)",dish,"(1, 0):dish;(2, 0):soup('onion', 3, 16)","(2, 0):soup('onion', 3, 16)"
179,0,"(0, -1)","(2, 1)","(0, -1)",onion,"(1, 1)","(0, -1)",dish,"(1, 0):dish;(2, 0):soup('onion', 3, 16)","(2, 0):soup('onion', 3, 16)",80.0,68.0,0,"(0, -1)",-0.01200000000000001,0.0,0.0,-0.01200000000000001,80.0,68.0,False,"(2, 1)",onion,"(1, 1)",dish,"(1, 0):dish;(2, 0):soup('onion', 3, 17)","(2, 0):soup('onion', 3, 17)"
180,0,"(0, -1)","(2, 1)","(0, -1)",onion,"(1, 1)","(0, -1)",dish,"(1, 0):dish;(2, 0):soup('onion', 3, 17)","(2, 0):soup('onion', 3, 17)",80.0,68.0,0,"(0, -1)",-0.01200000000000001,0.0,0.0,-0.01200000000000001,80.0,68.0,False,"(2, 1)",onion,"(1, 1)",dish,"(1, 0):dish;(2, 0):soup('onion', 3, 18)","(2, 0):soup('onion', 3, 18)"
181,0,"(0, -1)","(2, 1)","(0, -1)",onion,"(1, 1)","(0, -1)",dish,"(1, 0):dish;(2, 0):soup('onion', 3, 18)","(2, 0):soup('onion', 3, 18)",80.0,68.0,0,"(0, -1)",-0.01200000000000001,0.0,0.0,-0.01200000000000001,80.0,68.0,False,"(2, 1)",onion,"(1, 1)",dish,"(1, 0):dish;(2, 0):soup('onion', 3, 19)","(2, 0):soup('onion', 3, 19)"
182,0,"(0, -1)","(2, 1)","(0, -1)",onion,"(1, 1)","(0, -1)",dish,"(1, 0):dish;(2, 0):soup('onion', 3, 19)","(2, 0):soup('onion', 3, 19)",80.0,68.0,0,"(0, -1)",0.5819999999999999,0.0,0.0,0.5819999999999999,80.0,68.0,False,"(2, 1)",onion,"(1, 1)",dish,"(1, 0):dish;(2, 0):soup('onion', 3, 20)","(2, 0):soup('onion', 3, 20)"
183,0,"(0, -1)","(2, 1)","(0, -1)",onion,"(1, 1)","(0, -1)",dish,"(1, 0):dish;(2, 0):soup('onion', 3, 20)","(2, 0):soup('onion', 3, 20)",80.0,68.0,2,"(1, 0)",-0.018000000000000148,0.0,0.0,-0.018000000000000148,80.0,68.0,False,"(2, 1)",onion,"(1, 1)",dish,"(1, 0):dish;(2, 0):soup('onion', 3, 20)","(2, 0):soup('onion', 3, 20)"
184,2,"(1, 0)","(2, 1)","(0, -1)",onion,"(1, 1)","(1, 0)",dish,"(1, 0):dish;(2, 0):soup('onion', 3, 20)","(2, 0):soup('onion', 3, 20)",80.0,68.0,2,"(1, 0)",-0.018000000000000148,0.0,0.0,-0.018000000000000148,80.0,68.0,False,"(3, 1)",onion,"(2, 1)",dish,"(1, 0):dish;(2, 0):soup('onion', 3, 20)","(2, 0):soup('onion', 3, 20)"
185,2,"(1, 0)","(3, 1)","(1, 0)",onion,"(2, 1)","(1, 0)",dish,"(1, 0):dish;(2, 0):soup('onion', 3, 20)","(2, 0):soup('onion', 3, 20)",80.0,68.0,0,"(0, -1)",-0.018000000000000148,0.0,0.0,-0.018000000000000148,80.0,68.0,False,"(3, 1)",onion,"(2, 1)",dish,"(1, 0):dish;(2, 0):soup('onion', 3, 20)","(2, 0):soup('onion', 3, 20)"
186,5,interact,"(3, 1)","(1, 0)",onion,"(2, 1)","(0, -1)",dish,"(1, 0):dish;(2, 0):soup('onion', 3, 20)","(2, 0):soup('onion', 3, 20)",80.0,68.0,5,interact,5.3978,0.0,5.0,0.39780000000000015,80.0,73.0,False,"(3, 1)",onion,"(2, 1)","soup('onion', 3, 20)","(1, 0):dish","(2, 0):empty"
187,1,"(0, 1)","(3, 1)","(1, 0)",onion,"(2, 1)","(0, -1)","soup('onion', 3, 20)","(1, 0):dish","(2, 0):empty",80.0,73.0,2,"(1, 0)",0.0371999999999999,0.0,0.0,0.0371999999999999,80.0,73.0,False,"(3, 2)",onion,"(3, 1)","soup('onion', 3, 20)","(1, 0):dish","(2, 0):empty"
188,3,"(-1, 0)","(3, 2)","(0, 1)",onion,"(3, 1)","(1, 0)","soup('onion', 3, 20)","(1, 0):dish","(2, 0):empty",80.0,73.0,1,"(0, 1)",0.036599999999999966,0.0,0.0,0.036599999999999966,80.0,73.0,False,"(2, 2)",onion,"(3, 2)","soup('onion', 3, 20)","(1, 0):dish","(2, 0):empty"
189,0,"(0, -1)","(2, 2)","(-1, 0)",onion,"(3, 2)","(0, 1)","soup('onion', 3, 20)","(1, 0):dish","(2, 0):empty",80.0,73.0,5,interact,17.66,20.0,0.0,-2.34,100.0,73.0,True,"(2, 1)",onion,"(3, 2)",,"(1, 0):dish","(2, 0):empty"
190,5,interact,"(2, 1)","(0, -1)",onion,"(3, 2)","(0, 1)",,"(1, 0):dish","(2, 0):empty",100.0,73.0,1,"(0, 1)",3.3564,0.0,3.0,0.3564,100.0,76.0,False,"(2, 1)",,"(3, 2)",,"(1, 0):dish;(2, 0):soup('onion', 1, 0)","(2, 0):soup('onion', 1, 0)"
191,2,"(1, 0)","(2, 1)","(0, -1)",,"(3, 2)","(0, 1)",,"(1, 0):dish;(2, 0):soup('onion', 1, 0)","(2, 0):soup('onion', 1, 0)",100.0,76.0,1,"(0, 1)",-0.003600000000000003,0.0,0.0,-0.003600000000000003,100.0,76.0,False,"(3, 1)",,"(3, 2)",,"(1, 0):dish;(2, 0):soup('onion', 1, 0)","(2, 0):soup('onion', 1, 0)"
192,5,interact,"(3, 1)","(1, 0)",,"(3, 2)","(0, 1)",,"(1, 0):dish;(2, 0):soup('onion', 1, 0)","(2, 0):soup('onion', 1, 0)",100.0,76.0,1,"(0, 1)",-0.003600000000000003,0.0,0.0,-0.003600000000000003,100.0,76.0,False,"(3, 1)",onion,"(3, 2)",,"(1, 0):dish;(2, 0):soup('onion', 1, 0)","(2, 0):soup('onion', 1, 0)"
193,3,"(-1, 0)","(3, 1)","(1, 0)",onion,"(3, 2)","(0, 1)",,"(1, 0):dish;(2, 0):soup('onion', 1, 0)","(2, 0):soup('onion', 1, 0)",100.0,76.0,1,"(0, 1)",-0.003600000000000003,0.0,0.0,-0.003600000000000003,100.0,76.0,False,"(2, 1)",onion,"(3, 2)",,"(1, 0):dish;(2, 0):soup('onion', 1, 0)","(2, 0):soup('onion', 1, 0)"
194,0,"(0, -1)","(2, 1)","(-1, 0)",onion,"(3, 2)","(0, 1)",,"(1, 0):dish;(2, 0):soup('onion', 1, 0)","(2, 0):soup('onion', 1, 0)",100.0,76.0,3,"(-1, 0)",-0.003600000000000003,0.0,0.0,-0.003600000000000003,100.0,76.0,False,"(2, 1)",onion,"(2, 2)",,"(1, 0):dish;(2, 0):soup('onion', 1, 0)","(2, 0):soup('onion', 1, 0)"
195,5,interact,"(2, 1)","(0, -1)",onion,"(2, 2)","(-1, 0)",,"(1, 0):dish;(2, 0):soup('onion', 1, 0)","(2, 0):soup('onion', 1, 0)",100.0,76.0,3,"(-1, 0)",3.3528,0.0,3.0,0.35279999999999995,100.0,79.0,False,"(2, 1)",,"(1, 2)",,"(1, 0):dish;(2, 0):soup('onion', 2, 0)","(2, 0):soup('onion', 2, 0)"
196,2,"(1, 0)","(2, 1)","(0, -1)",,"(1, 2)","(-1, 0)",,"(1, 0):dish;(2, 0):soup('onion', 2, 0)","(2, 0):soup('onion', 2, 0)",100.0,79.0,3,"(-1, 0)",-0.007200000000000006,0.0,0.0,-0.007200000000000006,100.0,79.0,False,"(3, 1)",,"(1, 2)",,"(1, 0):dish;(2, 0):soup('onion', 2, 0)","(2, 0):soup('onion', 2, 0)"
197,5,interact,"(3, 1)","(1, 0)",,"(1, 2)","(-1, 0)",,"(1, 0):dish;(2, 0):soup('onion', 2, 0)","(2, 0):soup('onion', 2, 0)",100.0,79.0,5,interact,-0.007200000000000006,0.0,0.0,-0.007200000000000006,100.0,79.0,False,"(3, 1)",onion,"(1, 2)",,"(1, 0):dish;(2, 0):soup('onion', 2, 0)","(2, 0):soup('onion', 2, 0)"
198,3,"(-1, 0)","(3, 1)","(1, 0)",onion,"(1, 2)","(-1, 0)",,"(1, 0):dish;(2, 0):soup('onion', 2, 0)","(2, 0):soup('onion', 2, 0)",100.0,79.0,5,interact,-0.007200000000000006,0.0,0.0,-0.007200000000000006,100.0,79.0,False,"(2, 1)",onion,"(1, 2)",,"(1, 0):dish;(2, 0):soup('onion', 2, 0)","(2, 0):soup('onion', 2, 0)"
199,0,"(0, -1)","(2, 1)","(-1, 0)",onion,"(1, 2)","(-1, 0)",,"(1, 0):dish;(2, 0):soup('onion', 2, 0)","(2, 0):soup('onion', 2, 0)",100.0,79.0,1,"(0, 1)",-0.007200000000000006,0.0,0.0,-0.007200000000000006,100.0,79.0,False,"(2, 1)",onion,"(1, 2)",,"(1, 0):dish;(2, 0):soup('onion', 2, 0)","(2, 0):soup('onion', 2, 0)"
200,5,interact,"(2, 1)","(0, -1)",onion,"(1, 2)","(0, 1)",,"(1, 0):dish;(2, 0):soup('onion', 2, 0)","(2, 0):soup('onion', 2, 0)",100.0,79.0,4,"(0, 0)",3.468,0.0,3.0,0.46799999999999997,100.0,82.0,False,"(2, 1)",,"(1, 2)",,"(1, 0):dish;(2, 0):soup('onion', 3, 1)","(2, 0):soup('onion', 3, 1)"
201,3,"(-1, 0)","(2, 1)","(0, -1)",,"(1, 2)","(0, 1)",,"(1, 0):dish;(2, 0):soup('onion', 3, 1)","(2, 0):soup('onion', 3, 1)",100.0,82.0,5,interact,-0.01200000000000001,0.0,0.0,-0.01200000000000001,100.0,82.0,False,"(1, 1)",,"(1, 2)",dish,"(1, 0):dish;(2, 0):soup('onion', 3, 2)","(2, 0):soup('onion', 3, 2)"
202,2,"(1, 0)","(1, 1)","(-1, 0)",,"(1, 2)","(0, 1)",dish,"(1, 0):dish;(2, 0):soup('onion', 3, 2)","(2, 0):soup('onion', 3, 2)",100.0,82.0,4,"(0, 0)",-0.01200000000000001,0.0,0.0,-0.01200000000000001,100.0,82.0,False,"(2, 1)",,"(1, 2)",dish,"(1, 0):dish;(2, 0):soup('onion', 3, 3)","(2, 0):soup('onion', 3, 3)"
203,2,"(1, 0)","(2, 1)","(1, 0)",,"(1, 2)","(0, 1)",dish,"(1, 0):dish;(2, 0):soup('onion', 3, 3)","(2, 0):soup('onion', 3, 3)",100.0,82.0,4,"(0, 0)",-0.01200000000000001,0.0,0.0,-0.01200000000000001,100.0,82.0,False,"(3, 1)",,"(1, 2)",dish,"(1, 0):dish;(2, 0):soup('onion', 3, 4)","(2, 0):soup('onion', 3, 4)"
204,5,interact,"(3, 1)","(1, 0)",,"(1, 2)","(0, 1)",dish,"(1, 0):dish;(2, 0):soup('onion', 3, 4)","(2, 0):soup('onion', 3, 4)",100.0,82.0,0,"(0, -1)",-0.01200000000000001,0.0,0.0,-0.01200000000000001,100.0,82.0,False,"(3, 1)",onion,"(1, 1)",dish,"(1, 0):dish;(2, 0):soup('onion', 3, 5)","(2, 0):soup('onion', 3, 5)"
205,3,"(-1, 0)","(3, 1)","(1, 0)",onion,"(1, 1)","(0, -1)",dish,"(1, 0):dish;(2, 0):soup('onion', 3, 5)","(2, 0):soup('onion', 3, 5)",100.0,82.0,5,interact,-0.01200000000000001,0.0,0.0,-0.01200000000000001,100.0,82.0,False,"(2, 1)",onion,"(1, 1)",dish,"(1, 0):dish;(2, 0):soup('onion', 3, 6)","(2, 0):soup('onion', 3, 6)"
206,0,"(0, -1)","(2, 1)","(-1, 0)",onion,"(1, 1)","(0, -1)",dish,"(1, 0):dish;(2, 0):soup('onion', 3, 6)","(2, 0):soup('onion', 3, 6)",100.0,82.0,0,"(0, -1)",-0.01200000000000001,0.0,0.0,-0.01200000000000001,100.0,82.0,False,"(2, 1)",onion,"(1, 1)",dish,"(1, 0):dish;(2, 0):soup('onion', 3, 7)","(2, 0):soup('onion', 3, 7)"
207,0,"(0, -1)","(2, 1)","(0, -1)",onion,"(1, 1)","(0, -1)",dish,"(1, 0):dish;(2, 0):soup('onion', 3, 7)","(2, 0):soup('onion', 3, 7)",100.0,82.0,0,"(0, -1)",-0.01200000000000001,0.0,0.0,-0.01200000000000001,100.0,82.0,False,"(2, 1)",onion,"(1, 1)",dish,"(1, 0):dish;(2, 0):soup('onion', 3, 8)","(2, 0):soup('onion', 3, 8)"
208,0,"(0, -1)","(2, 1)","(0, -1)",onion,"(1, 1)","(0, -1)",dish,"(1, 0):dish;(2, 0):soup('onion', 3, 8)","(2, 0):soup('onion', 3, 8)",100.0,82.0,0,"(0, -1)",-0.01200000000000001,0.0,0.0,-0.01200000000000001,100.0,82.0,False,"(2, 1)",onion,"(1, 1)",dish,"(1, 0):dish;(2, 0):soup('onion', 3, 9)","(2, 0):soup('onion', 3, 9)"
209,0,"(0, -1)","(2, 1)","(0, -1)",onion,"(1, 1)","(0, -1)",dish,"(1, 0):dish;(2, 0):soup('onion', 3, 9)","(2, 0):soup('onion', 3, 9)",100.0,82.0,0,"(0, -1)",-0.01200000000000001,0.0,0.0,-0.01200000000000001,100.0,82.0,False,"(2, 1)",onion,"(1, 1)",dish,"(1, 0):dish;(2, 0):soup('onion', 3, 10)","(2, 0):soup('onion', 3, 10)"
210,0,"(0, -1)","(2, 1)","(0, -1)",onion,"(1, 1)","(0, -1)",dish,"(1, 0):dish;(2, 0):soup('onion', 3, 10)","(2, 0):soup('onion', 3, 10)",100.0,82.0,0,"(0, -1)",-0.01200000000000001,0.0,0.0,-0.01200000000000001,100.0,82.0,False,"(2, 1)",onion,"(1, 1)",dish,"(1, 0):dish;(2, 0):soup('onion', 3, 11)","(2, 0):soup('onion', 3, 11)"
211,0,"(0, -1)","(2, 1)","(0, -1)",onion,"(1, 1)","(0, -1)",dish,"(1, 0):dish;(2, 0):soup('onion', 3, 11)","(2, 0):soup('onion', 3, 11)",100.0,82.0,0,"(0, -1)",-0.01200000000000001,0.0,0.0,-0.01200000000000001,100.0,82.0,False,"(2, 1)",onion,"(1, 1)",dish,"(1, 0):dish;(2, 0):soup('onion', 3, 12)","(2, 0):soup('onion', 3, 12)"
212,0,"(0, -1)","(2, 1)","(0, -1)",onion,"(1, 1)","(0, -1)",dish,"(1, 0):dish;(2, 0):soup('onion', 3, 12)","(2, 0):soup('onion', 3, 12)",100.0,82.0,0,"(0, -1)",-0.01200000000000001,0.0,0.0,-0.01200000000000001,100.0,82.0,False,"(2, 1)",onion,"(1, 1)",dish,"(1, 0):dish;(2, 0):soup('onion', 3, 13)","(2, 0):soup('onion', 3, 13)"
213,0,"(0, -1)","(2, 1)","(0, -1)",onion,"(1, 1)","(0, -1)",dish,"(1, 0):dish;(2, 0):soup('onion', 3, 13)","(2, 0):soup('onion', 3, 13)",100.0,82.0,0,"(0, -1)",-0.01200000000000001,0.0,0.0,-0.01200000000000001,100.0,82.0,False,"(2, 1)",onion,"(1, 1)",dish,"(1, 0):dish;(2, 0):soup('onion', 3, 14)","(2, 0):soup('onion', 3, 14)"
214,0,"(0, -1)","(2, 1)","(0, -1)",onion,"(1, 1)","(0, -1)",dish,"(1, 0):dish;(2, 0):soup('onion', 3, 14)","(2, 0):soup('onion', 3, 14)",100.0,82.0,0,"(0, -1)",-0.01200000000000001,0.0,0.0,-0.01200000000000001,100.0,82.0,False,"(2, 1)",onion,"(1, 1)",dish,"(1, 0):dish;(2, 0):soup('onion', 3, 15)","(2, 0):soup('onion', 3, 15)"
215,0,"(0, -1)","(2, 1)","(0, -1)",onion,"(1, 1)","(0, -1)",dish,"(1, 0):dish;(2, 0):soup('onion', 3, 15)","(2, 0):soup('onion', 3, 15)",100.0,82.0,0,"(0, -1)",-0.01200000000000001,0.0,0.0,-0.01200000000000001,100.0,82.0,False,"(2, 1)",onion,"(1, 1)",dish,"(1, 0):dish;(2, 0):soup('onion', 3, 16)","(2, 0):soup('onion', 3, 16)"
216,0,"(0, -1)","(2, 1)","(0, -1)",onion,"(1, 1)","(0, -1)",dish,"(1, 0):dish;(2, 0):soup('onion', 3, 16)","(2, 0):soup('onion', 3, 16)",100.0,82.0,0,"(0, -1)",-0.01200000000000001,0.0,0.0,-0.01200000000000001,100.0,82.0,False,"(2, 1)",onion,"(1, 1)",dish,"(1, 0):dish;(2, 0):soup('onion', 3, 17)","(2, 0):soup('onion', 3, 17)"
217,0,"(0, -1)","(2, 1)","(0, -1)",onion,"(1, 1)","(0, -1)",dish,"(1, 0):dish;(2, 0):soup('onion', 3, 17)","(2, 0):soup('onion', 3, 17)",100.0,82.0,0,"(0, -1)",-0.01200000000000001,0.0,0.0,-0.01200000000000001,100.0,82.0,False,"(2, 1)",onion,"(1, 1)",dish,"(1, 0):dish;(2, 0):soup('onion', 3, 18)","(2, 0):soup('onion', 3, 18)"
218,0,"(0, -1)","(2, 1)","(0, -1)",onion,"(1, 1)","(0, -1)",dish,"(1, 0):dish;(2, 0):soup('onion', 3, 18)","(2, 0):soup('onion', 3, 18)",100.0,82.0,0,"(0, -1)",-0.01200000000000001,0.0,0.0,-0.01200000000000001,100.0,82.0,False,"(2, 1)",onion,"(1, 1)",dish,"(1, 0):dish;(2, 0):soup('onion', 3, 19)","(2, 0):soup('onion', 3, 19)"
219,0,"(0, -1)","(2, 1)","(0, -1)",onion,"(1, 1)","(0, -1)",dish,"(1, 0):dish;(2, 0):soup('onion', 3, 19)","(2, 0):soup('onion', 3, 19)",100.0,82.0,0,"(0, -1)",0.5819999999999999,0.0,0.0,0.5819999999999999,100.0,82.0,False,"(2, 1)",onion,"(1, 1)",dish,"(1, 0):dish;(2, 0):soup('onion', 3, 20)","(2, 0):soup('onion', 3, 20)"
220,0,"(0, -1)","(2, 1)","(0, -1)",onion,"(1, 1)","(0, -1)",dish,"(1, 0):dish;(2, 0):soup('onion', 3, 20)","(2, 0):soup('onion', 3, 20)",100.0,82.0,2,"(1, 0)",-0.018000000000000148,0.0,0.0,-0.018000000000000148,100.0,82.0,False,"(2, 1)",onion,"(1, 1)",dish,"(1, 0):dish;(2, 0):soup('onion', 3, 20)","(2, 0):soup('onion', 3, 20)"
221,2,"(1, 0)","(2, 1)","(0, -1)",onion,"(1, 1)","(1, 0)",dish,"(1, 0):dish;(2, 0):soup('onion', 3, 20)","(2, 0):soup('onion', 3, 20)",100.0,82.0,2,"(1, 0)",-0.018000000000000148,0.0,0.0,-0.018000000000000148,100.0,82.0,False,"(3, 1)",onion,"(2, 1)",dish,"(1, 0):dish;(2, 0):soup('onion', 3, 20)","(2, 0):soup('onion', 3, 20)"
222,2,"(1, 0)","(3, 1)","(1, 0)",onion,"(2, 1)","(1, 0)",dish,"(1, 0):dish;(2, 0):soup('onion', 3, 20)","(2, 0):soup('onion', 3, 20)",100.0,82.0,0,"(0, -1)",-0.018000000000000148,0.0,0.0,-0.018000000000000148,100.0,82.0,False,"(3, 1)",onion,"(2, 1)",dish,"(1, 0):dish;(2, 0):soup('onion', 3, 20)","(2, 0):soup('onion', 3, 20)"
223,5,interact,"(3, 1)","(1, 0)",onion,"(2, 1)","(0, -1)",dish,"(1, 0):dish;(2, 0):soup('onion', 3, 20)","(2, 0):soup('onion', 3, 20)",100.0,82.0,5,interact,5.3978,0.0,5.0,0.39780000000000015,100.0,87.0,False,"(3, 1)",onion,"(2, 1)","soup('onion', 3, 20)","(1, 0):dish","(2, 0):empty"
224,1,"(0, 1)","(3, 1)","(1, 0)",onion,"(2, 1)","(0, -1)","soup('onion', 3, 20)","(1, 0):dish","(2, 0):empty",100.0,87.0,2,"(1, 0)",0.0371999999999999,0.0,0.0,0.0371999999999999,100.0,87.0,False,"(3, 2)",onion,"(3, 1)","soup('onion', 3, 20)","(1, 0):dish","(2, 0):empty"
225,3,"(-1, 0)","(3, 2)","(0, 1)",onion,"(3, 1)","(1, 0)","soup('onion', 3, 20)","(1, 0):dish","(2, 0):empty",100.0,87.0,1,"(0, 1)",0.036599999999999966,0.0,0.0,0.036599999999999966,100.0,87.0,False,"(2, 2)",onion,"(3, 2)","soup('onion', 3, 20)","(1, 0):dish","(2, 0):empty"
226,0,"(0, -1)","(2, 2)","(-1, 0)",onion,"(3, 2)","(0, 1)","soup('onion', 3, 20)","(1, 0):dish","(2, 0):empty",100.0,87.0,5,interact,17.66,20.0,0.0,-2.34,120.0,87.0,True,"(2, 1)",onion,"(3, 2)",,"(1, 0):dish","(2, 0):empty"
227,5,interact,"(2, 1)","(0, -1)",onion,"(3, 2)","(0, 1)",,"(1, 0):dish","(2, 0):empty",120.0,87.0,1,"(0, 1)",3.3564,0.0,3.0,0.3564,120.0,90.0,False,"(2, 1)",,"(3, 2)",,"(1, 0):dish;(2, 0):soup('onion', 1, 0)","(2, 0):soup('onion', 1, 0)"
228,2,"(1, 0)","(2, 1)","(0, -1)",,"(3, 2)","(0, 1)",,"(1, 0):dish;(2, 0):soup('onion', 1, 0)","(2, 0):soup('onion', 1, 0)",120.0,90.0,1,"(0, 1)",-0.003600000000000003,0.0,0.0,-0.003600000000000003,120.0,90.0,False,"(3, 1)",,"(3, 2)",,"(1, 0):dish;(2, 0):soup('onion', 1, 0)","(2, 0):soup('onion', 1, 0)"
229,5,interact,"(3, 1)","(1, 0)",,"(3, 2)","(0, 1)",,"(1, 0):dish;(2, 0):soup('onion', 1, 0)","(2, 0):soup('onion', 1, 0)",120.0,90.0,1,"(0, 1)",-0.003600000000000003,0.0,0.0,-0.003600000000000003,120.0,90.0,False,"(3, 1)",onion,"(3, 2)",,"(1, 0):dish;(2, 0):soup('onion', 1, 0)","(2, 0):soup('onion', 1, 0)"
230,3,"(-1, 0)","(3, 1)","(1, 0)",onion,"(3, 2)","(0, 1)",,"(1, 0):dish;(2, 0):soup('onion', 1, 0)","(2, 0):soup('onion', 1, 0)",120.0,90.0,1,"(0, 1)",-0.003600000000000003,0.0,0.0,-0.003600000000000003,120.0,90.0,False,"(2, 1)",onion,"(3, 2)",,"(1, 0):dish;(2, 0):soup('onion', 1, 0)","(2, 0):soup('onion', 1, 0)"
231,0,"(0, -1)","(2, 1)","(-1, 0)",onion,"(3, 2)","(0, 1)",,"(1, 0):dish;(2, 0):soup('onion', 1, 0)","(2, 0):soup('onion', 1, 0)",120.0,90.0,3,"(-1, 0)",-0.003600000000000003,0.0,0.0,-0.003600000000000003,120.0,90.0,False,"(2, 1)",onion,"(2, 2)",,"(1, 0):dish;(2, 0):soup('onion', 1, 0)","(2, 0):soup('onion', 1, 0)"
232,5,interact,"(2, 1)","(0, -1)",onion,"(2, 2)","(-1, 0)",,"(1, 0):dish;(2, 0):soup('onion', 1, 0)","(2, 0):soup('onion', 1, 0)",120.0,90.0,3,"(-1, 0)",3.3528,0.0,3.0,0.35279999999999995,120.0,93.0,False,"(2, 1)",,"(1, 2)",,"(1, 0):dish;(2, 0):soup('onion', 2, 0)","(2, 0):soup('onion', 2, 0)"
233,2,"(1, 0)","(2, 1)","(0, -1)",,"(1, 2)","(-1, 0)",,"(1, 0):dish;(2, 0):soup('onion', 2, 0)","(2, 0):soup('onion', 2, 0)",120.0,93.0,3,"(-1, 0)",-0.007200000000000006,0.0,0.0,-0.007200000000000006,120.0,93.0,False,"(3, 1)",,"(1, 2)",,"(1, 0):dish;(2, 0):soup('onion', 2, 0)","(2, 0):soup('onion', 2, 0)"
234,5,interact,"(3, 1)","(1, 0)",,"(1, 2)","(-1, 0)",,"(1, 0):dish;(2, 0):soup('onion', 2, 0)","(2, 0):soup('onion', 2, 0)",120.0,93.0,5,interact,-0.007200000000000006,0.0,0.0,-0.007200000000000006,120.0,93.0,False,"(3, 1)",onion,"(1, 2)",,"(1, 0):dish;(2, 0):soup('onion', 2, 0)","(2, 0):soup('onion', 2, 0)"
235,3,"(-1, 0)","(3, 1)","(1, 0)",onion,"(1, 2)","(-1, 0)",,"(1, 0):dish;(2, 0):soup('onion', 2, 0)","(2, 0):soup('onion', 2, 0)",120.0,93.0,5,interact,-0.007200000000000006,0.0,0.0,-0.007200000000000006,120.0,93.0,False,"(2, 1)",onion,"(1, 2)",,"(1, 0):dish;(2, 0):soup('onion', 2, 0)","(2, 0):soup('onion', 2, 0)"
236,0,"(0, -1)","(2, 1)","(-1, 0)",onion,"(1, 2)","(-1, 0)",,"(1, 0):dish;(2, 0):soup('onion', 2, 0)","(2, 0):soup('onion', 2, 0)",120.0,93.0,1,"(0, 1)",-0.007200000000000006,0.0,0.0,-0.007200000000000006,120.0,93.0,False,"(2, 1)",onion,"(1, 2)",,"(1, 0):dish;(2, 0):soup('onion', 2, 0)","(2, 0):soup('onion', 2, 0)"
237,5,interact,"(2, 1)","(0, -1)",onion,"(1, 2)","(0, 1)",,"(1, 0):dish;(2, 0):soup('onion', 2, 0)","(2, 0):soup('onion', 2, 0)",120.0,93.0,4,"(0, 0)",3.468,0.0,3.0,0.46799999999999997,120.0,96.0,False,"(2, 1)",,"(1, 2)",,"(1, 0):dish;(2, 0):soup('onion', 3, 1)","(2, 0):soup('onion', 3, 1)"
238,3,"(-1, 0)","(2, 1)","(0, -1)",,"(1, 2)","(0, 1)",,"(1, 0):dish;(2, 0):soup('onion', 3, 1)","(2, 0):soup('onion', 3, 1)",120.0,96.0,5,interact,-0.01200000000000001,0.0,0.0,-0.01200000000000001,120.0,96.0,False,"(1, 1)",,"(1, 2)",dish,"(1, 0):dish;(2, 0):soup('onion', 3, 2)","(2, 0):soup('onion', 3, 2)"
239,2,"(1, 0)","(1, 1)","(-1, 0)",,"(1, 2)","(0, 1)",dish,"(1, 0):dish;(2, 0):soup('onion', 3, 2)","(2, 0):soup('onion', 3, 2)",120.0,96.0,4,"(0, 0)",-0.01200000000000001,0.0,0.0,-0.01200000000000001,120.0,96.0,False,"(2, 1)",,"(1, 2)",dish,"(1, 0):dish;(2, 0):soup('onion', 3, 3)","(2, 0):soup('onion', 3, 3)"
240,2,"(1, 0)","(2, 1)","(1, 0)",,"(1, 2)","(0, 1)",dish,"(1, 0):dish;(2, 0):soup('onion', 3, 3)","(2, 0):soup('onion', 3, 3)",120.0,96.0,4,"(0, 0)",-0.01200000000000001,0.0,0.0,-0.01200000000000001,120.0,96.0,False,"(3, 1)",,"(1, 2)",dish,"(1, 0):dish;(2, 0):soup('onion', 3, 4)","(2, 0):soup('onion', 3, 4)"
241,5,interact,"(3, 1)","(1, 0)",,"(1, 2)","(0, 1)",dish,"(1, 0):dish;(2, 0):soup('onion', 3, 4)","(2, 0):soup('onion', 3, 4)",120.0,96.0,0,"(0, -1)",-0.01200000000000001,0.0,0.0,-0.01200000000000001,120.0,96.0,False,"(3, 1)",onion,"(1, 1)",dish,"(1, 0):dish;(2, 0):soup('onion', 3, 5)","(2, 0):soup('onion', 3, 5)"
242,3,"(-1, 0)","(3, 1)","(1, 0)",onion,"(1, 1)","(0, -1)",dish,"(1, 0):dish;(2, 0):soup('onion', 3, 5)","(2, 0):soup('onion', 3, 5)",120.0,96.0,5,interact,-0.01200000000000001,0.0,0.0,-0.01200000000000001,120.0,96.0,False,"(2, 1)",onion,"(1, 1)",dish,"(1, 0):dish;(2, 0):soup('onion', 3, 6)","(2, 0):soup('onion', 3, 6)"
243,0,"(0, -1)","(2, 1)","(-1, 0)",onion,"(1, 1)","(0, -1)",dish,"(1, 0):dish;(2, 0):soup('onion', 3, 6)","(2, 0):soup('onion', 3, 6)",120.0,96.0,0,"(0, -1)",-0.01200000000000001,0.0,0.0,-0.01200000000000001,120.0,96.0,False,"(2, 1)",onion,"(1, 1)",dish,"(1, 0):dish;(2, 0):soup('onion', 3, 7)","(2, 0):soup('onion', 3, 7)"
244,0,"(0, -1)","(2, 1)","(0, -1)",onion,"(1, 1)","(0, -1)",dish,"(1, 0):dish;(2, 0):soup('onion', 3, 7)","(2, 0):soup('onion', 3, 7)",120.0,96.0,0,"(0, -1)",-0.01200000000000001,0.0,0.0,-0.01200000000000001,120.0,96.0,False,"(2, 1)",onion,"(1, 1)",dish,"(1, 0):dish;(2, 0):soup('onion', 3, 8)","(2, 0):soup('onion', 3, 8)"
245,0,"(0, -1)","(2, 1)","(0, -1)",onion,"(1, 1)","(0, -1)",dish,"(1, 0):dish;(2, 0):soup('onion', 3, 8)","(2, 0):soup('onion', 3, 8)",120.0,96.0,0,"(0, -1)",-0.01200000000000001,0.0,0.0,-0.01200000000000001,120.0,96.0,False,"(2, 1)",onion,"(1, 1)",dish,"(1, 0):dish;(2, 0):soup('onion', 3, 9)","(2, 0):soup('onion', 3, 9)"
246,0,"(0, -1)","(2, 1)","(0, -1)",onion,"(1, 1)","(0, -1)",dish,"(1, 0):dish;(2, 0):soup('onion', 3, 9)","(2, 0):soup('onion', 3, 9)",120.0,96.0,0,"(0, -1)",-0.01200000000000001,0.0,0.0,-0.01200000000000001,120.0,96.0,False,"(2, 1)",onion,"(1, 1)",dish,"(1, 0):dish;(2, 0):soup('onion', 3, 10)","(2, 0):soup('onion', 3, 10)"
247,0,"(0, -1)","(2, 1)","(0, -1)",onion,"(1, 1)","(0, -1)",dish,"(1, 0):dish;(2, 0):soup('onion', 3, 10)","(2, 0):soup('onion', 3, 10)",120.0,96.0,0,"(0, -1)",-0.01200000000000001,0.0,0.0,-0.01200000000000001,120.0,96.0,False,"(2, 1)",onion,"(1, 1)",dish,"(1, 0):dish;(2, 0):soup('onion', 3, 11)","(2, 0):soup('onion', 3, 11)"
248,0,"(0, -1)","(2, 1)","(0, -1)",onion,"(1, 1)","(0, -1)",dish,"(1, 0):dish;(2, 0):soup('onion', 3, 11)","(2, 0):soup('onion', 3, 11)",120.0,96.0,0,"(0, -1)",-0.01200000000000001,0.0,0.0,-0.01200000000000001,120.0,96.0,False,"(2, 1)",onion,"(1, 1)",dish,"(1, 0):dish;(2, 0):soup('onion', 3, 12)","(2, 0):soup('onion', 3, 12)"
249,0,"(0, -1)","(2, 1)","(0, -1)",onion,"(1, 1)","(0, -1)",dish,"(1, 0):dish;(2, 0):soup('onion', 3, 12)","(2, 0):soup('onion', 3, 12)",120.0,96.0,0,"(0, -1)",-0.01200000000000001,0.0,0.0,-0.01200000000000001,120.0,96.0,False,"(2, 1)",onion,"(1, 1)",dish,"(1, 0):dish;(2, 0):soup('onion', 3, 13)","(2, 0):soup('onion', 3, 13)"
250,0,"(0, -1)","(2, 1)","(0, -1)",onion,"(1, 1)","(0, -1)",dish,"(1, 0):dish;(2, 0):soup('onion', 3, 13)","(2, 0):soup('onion', 3, 13)",120.0,96.0,0,"(0, -1)",-0.01200000000000001,0.0,0.0,-0.01200000000000001,120.0,96.0,False,"(2, 1)",onion,"(1, 1)",dish,"(1, 0):dish;(2, 0):soup('onion', 3, 14)","(2, 0):soup('onion', 3, 14)"
251,0,"(0, -1)","(2, 1)","(0, -1)",onion,"(1, 1)","(0, -1)",dish,"(1, 0):dish;(2, 0):soup('onion', 3, 14)","(2, 0):soup('onion', 3, 14)",120.0,96.0,0,"(0, -1)",-0.01200000000000001,0.0,0.0,-0.01200000000000001,120.0,96.0,False,"(2, 1)",onion,"(1, 1)",dish,"(1, 0):dish;(2, 0):soup('onion', 3, 15)","(2, 0):soup('onion', 3, 15)"
252,0,"(0, -1)","(2, 1)","(0, -1)",onion,"(1, 1)","(0, -1)",dish,"(1, 0):dish;(2, 0):soup('onion', 3, 15)","(2, 0):soup('onion', 3, 15)",120.0,96.0,0,"(0, -1)",-0.01200000000000001,0.0,0.0,-0.01200000000000001,120.0,96.0,False,"(2, 1)",onion,"(1, 1)",dish,"(1, 0):dish;(2, 0):soup('onion', 3, 16)","(2, 0):soup('onion', 3, 16)"
253,0,"(0, -1)","(2, 1)","(0, -1)",onion,"(1, 1)","(0, -1)",dish,"(1, 0):dish;(2, 0):soup('onion', 3, 16)","(2, 0):soup('onion', 3, 16)",120.0,96.0,0,"(0, -1)",-0.01200000000000001,0.0,0.0,-0.01200000000000001,120.0,96.0,False,"(2, 1)",onion,"(1, 1)",dish,"(1, 0):dish;(2, 0):soup('onion', 3, 17)","(2, 0):soup('onion', 3, 17)"
254,0,"(0, -1)","(2, 1)","(0, -1)",onion,"(1, 1)","(0, -1)",dish,"(1, 0):dish;(2, 0):soup('onion', 3, 17)","(2, 0):soup('onion', 3, 17)",120.0,96.0,0,"(0, -1)",-0.01200000000000001,0.0,0.0,-0.01200000000000001,120.0,96.0,False,"(2, 1)",onion,"(1, 1)",dish,"(1, 0):dish;(2, 0):soup('onion', 3, 18)","(2, 0):soup('onion', 3, 18)"
255,0,"(0, -1)","(2, 1)","(0, -1)",onion,"(1, 1)","(0, -1)",dish,"(1, 0):dish;(2, 0):soup('onion', 3, 18)","(2, 0):soup('onion', 3, 18)",120.0,96.0,0,"(0, -1)",-0.01200000000000001,0.0,0.0,-0.01200000000000001,120.0,96.0,False,"(2, 1)",onion,"(1, 1)",dish,"(1, 0):dish;(2, 0):soup('onion', 3, 19)","(2, 0):soup('onion', 3, 19)"
256,0,"(0, -1)","(2, 1)","(0, -1)",onion,"(1, 1)","(0, -1)",dish,"(1, 0):dish;(2, 0):soup('onion', 3, 19)","(2, 0):soup('onion', 3, 19)",120.0,96.0,0,"(0, -1)",0.5819999999999999,0.0,0.0,0.5819999999999999,120.0,96.0,False,"(2, 1)",onion,"(1, 1)",dish,"(1, 0):dish;(2, 0):soup('onion', 3, 20)","(2, 0):soup('onion', 3, 20)"
257,0,"(0, -1)","(2, 1)","(0, -1)",onion,"(1, 1)","(0, -1)",dish,"(1, 0):dish;(2, 0):soup('onion', 3, 20)","(2, 0):soup('onion', 3, 20)",120.0,96.0,2,"(1, 0)",-0.018000000000000148,0.0,0.0,-0.018000000000000148,120.0,96.0,False,"(2, 1)",onion,"(1, 1)",dish,"(1, 0):dish;(2, 0):soup('onion', 3, 20)","(2, 0):soup('onion', 3, 20)"
258,2,"(1, 0)","(2, 1)","(0, -1)",onion,"(1, 1)","(1, 0)",dish,"(1, 0):dish;(2, 0):soup('onion', 3, 20)","(2, 0):soup('onion', 3, 20)",120.0,96.0,2,"(1, 0)",-0.018000000000000148,0.0,0.0,-0.018000000000000148,120.0,96.0,False,"(3, 1)",onion,"(2, 1)",dish,"(1, 0):dish;(2, 0):soup('onion', 3, 20)","(2, 0):soup('onion', 3, 20)"
259,2,"(1, 0)","(3, 1)","(1, 0)",onion,"(2, 1)","(1, 0)",dish,"(1, 0):dish;(2, 0):soup('onion', 3, 20)","(2, 0):soup('onion', 3, 20)",120.0,96.0,0,"(0, -1)",-0.018000000000000148,0.0,0.0,-0.018000000000000148,120.0,96.0,False,"(3, 1)",onion,"(2, 1)",dish,"(1, 0):dish;(2, 0):soup('onion', 3, 20)","(2, 0):soup('onion', 3, 20)"
260,5,interact,"(3, 1)","(1, 0)",onion,"(2, 1)","(0, -1)",dish,"(1, 0):dish;(2, 0):soup('onion', 3, 20)","(2, 0):soup('onion', 3, 20)",120.0,96.0,5,interact,5.3978,0.0,5.0,0.39780000000000015,120.0,101.0,False,"(3, 1)",onion,"(2, 1)","soup('onion', 3, 20)","(1, 0):dish","(2, 0):empty"
261,1,"(0, 1)","(3, 1)","(1, 0)",onion,"(2, 1)","(0, -1)","soup('onion', 3, 20)","(1, 0):dish","(2, 0):empty",120.0,101.0,2,"(1, 0)",0.0371999999999999,0.0,0.0,0.0371999999999999,120.0,101.0,False,"(3, 2)",onion,"(3, 1)","soup('onion', 3, 20)","(1, 0):dish","(2, 0):empty"
262,3,"(-1, 0)","(3, 2)","(0, 1)",onion,"(3, 1)","(1, 0)","soup('onion', 3, 20)","(1, 0):dish","(2, 0):empty",120.0,101.0,1,"(0, 1)",0.036599999999999966,0.0,0.0,0.036599999999999966,120.0,101.0,False,"(2, 2)",onion,"(3, 2)","soup('onion', 3, 20)","(1, 0):dish","(2, 0):empty"
263,0,"(0, -1)","(2, 2)","(-1, 0)",onion,"(3, 2)","(0, 1)","soup('onion', 3, 20)","(1, 0):dish","(2, 0):empty",120.0,101.0,5,interact,17.66,20.0,0.0,-2.34,140.0,101.0,True,"(2, 1)",onion,"(3, 2)",,"(1, 0):dish","(2, 0):empty"
264,5,interact,"(2, 1)","(0, -1)",onion,"(3, 2)","(0, 1)",,"(1, 0):dish","(2, 0):empty",140.0,101.0,1,"(0, 1)",3.3564,0.0,3.0,0.3564,140.0,104.0,False,"(2, 1)",,"(3, 2)",,"(1, 0):dish;(2, 0):soup('onion', 1, 0)","(2, 0):soup('onion', 1, 0)"
265,2,"(1, 0)","(2, 1)","(0, -1)",,"(3, 2)","(0, 1)",,"(1, 0):dish;(2, 0):soup('onion', 1, 0)","(2, 0):soup('onion', 1, 0)",140.0,104.0,1,"(0, 1)",-0.003600000000000003,0.0,0.0,-0.003600000000000003,140.0,104.0,False,"(3, 1)",,"(3, 2)",,"(1, 0):dish;(2, 0):soup('onion', 1, 0)","(2, 0):soup('onion', 1, 0)"
266,5,interact,"(3, 1)","(1, 0)",,"(3, 2)","(0, 1)",,"(1, 0):dish;(2, 0):soup('onion', 1, 0)","(2, 0):soup('onion', 1, 0)",140.0,104.0,1,"(0, 1)",-0.003600000000000003,0.0,0.0,-0.003600000000000003,140.0,104.0,False,"(3, 1)",onion,"(3, 2)",,"(1, 0):dish;(2, 0):soup('onion', 1, 0)","(2, 0):soup('onion', 1, 0)"
267,3,"(-1, 0)","(3, 1)","(1, 0)",onion,"(3, 2)","(0, 1)",,"(1, 0):dish;(2, 0):soup('onion', 1, 0)","(2, 0):soup('onion', 1, 0)",140.0,104.0,1,"(0, 1)",-0.003600000000000003,0.0,0.0,-0.003600000000000003,140.0,104.0,False,"(2, 1)",onion,"(3, 2)",,"(1, 0):dish;(2, 0):soup('onion', 1, 0)","(2, 0):soup('onion', 1, 0)"
268,0,"(0, -1)","(2, 1)","(-1, 0)",onion,"(3, 2)","(0, 1)",,"(1, 0):dish;(2, 0):soup('onion', 1, 0)","(2, 0):soup('onion', 1, 0)",140.0,104.0,3,"(-1, 0)",-0.003600000000000003,0.0,0.0,-0.003600000000000003,140.0,104.0,False,"(2, 1)",onion,"(2, 2)",,"(1, 0):dish;(2, 0):soup('onion', 1, 0)","(2, 0):soup('onion', 1, 0)"
269,5,interact,"(2, 1)","(0, -1)",onion,"(2, 2)","(-1, 0)",,"(1, 0):dish;(2, 0):soup('onion', 1, 0)","(2, 0):soup('onion', 1, 0)",140.0,104.0,3,"(-1, 0)",3.3528,0.0,3.0,0.35279999999999995,140.0,107.0,False,"(2, 1)",,"(1, 2)",,"(1, 0):dish;(2, 0):soup('onion', 2, 0)","(2, 0):soup('onion', 2, 0)"
270,2,"(1, 0)","(2, 1)","(0, -1)",,"(1, 2)","(-1, 0)",,"(1, 0):dish;(2, 0):soup('onion', 2, 0)","(2, 0):soup('onion', 2, 0)",140.0,107.0,3,"(-1, 0)",-0.007200000000000006,0.0,0.0,-0.007200000000000006,140.0,107.0,False,"(3, 1)",,"(1, 2)",,"(1, 0):dish;(2, 0):soup('onion', 2, 0)","(2, 0):soup('onion', 2, 0)"
271,5,interact,"(3, 1)","(1, 0)",,"(1, 2)","(-1, 0)",,"(1, 0):dish;(2, 0):soup('onion', 2, 0)","(2, 0):soup('onion', 2, 0)",140.0,107.0,5,interact,-0.007200000000000006,0.0,0.0,-0.007200000000000006,140.0,107.0,False,"(3, 1)",onion,"(1, 2)",,"(1, 0):dish;(2, 0):soup('onion', 2, 0)","(2, 0):soup('onion', 2, 0)"
272,3,"(-1, 0)","(3, 1)","(1, 0)",onion,"(1, 2)","(-1, 0)",,"(1, 0):dish;(2, 0):soup('onion', 2, 0)","(2, 0):soup('onion', 2, 0)",140.0,107.0,5,interact,-0.007200000000000006,0.0,0.0,-0.007200000000000006,140.0,107.0,False,"(2, 1)",onion,"(1, 2)",,"(1, 0):dish;(2, 0):soup('onion', 2, 0)","(2, 0):soup('onion', 2, 0)"
273,0,"(0, -1)","(2, 1)","(-1, 0)",onion,"(1, 2)","(-1, 0)",,"(1, 0):dish;(2, 0):soup('onion', 2, 0)","(2, 0):soup('onion', 2, 0)",140.0,107.0,1,"(0, 1)",-0.007200000000000006,0.0,0.0,-0.007200000000000006,140.0,107.0,False,"(2, 1)",onion,"(1, 2)",,"(1, 0):dish;(2, 0):soup('onion', 2, 0)","(2, 0):soup('onion', 2, 0)"
274,5,interact,"(2, 1)","(0, -1)",onion,"(1, 2)","(0, 1)",,"(1, 0):dish;(2, 0):soup('onion', 2, 0)","(2, 0):soup('onion', 2, 0)",140.0,107.0,4,"(0, 0)",3.468,0.0,3.0,0.46799999999999997,140.0,110.0,False,"(2, 1)",,"(1, 2)",,"(1, 0):dish;(2, 0):soup('onion', 3, 1)","(2, 0):soup('onion', 3, 1)"
275,3,"(-1, 0)","(2, 1)","(0, -1)",,"(1, 2)","(0, 1)",,"(1, 0):dish;(2, 0):soup('onion', 3, 1)","(2, 0):soup('onion', 3, 1)",140.0,110.0,5,interact,-0.01200000000000001,0.0,0.0,-0.01200000000000001,140.0,110.0,False,"(1, 1)",,"(1, 2)",dish,"(1, 0):dish;(2, 0):soup('onion', 3, 2)","(2, 0):soup('onion', 3, 2)"
276,2,"(1, 0)","(1, 1)","(-1, 0)",,"(1, 2)","(0, 1)",dish,"(1, 0):dish;(2, 0):soup('onion', 3, 2)","(2, 0):soup('onion', 3, 2)",140.0,110.0,4,"(0, 0)",-0.01200000000000001,0.0,0.0,-0.01200000000000001,140.0,110.0,False,"(2, 1)",,"(1, 2)",dish,"(1, 0):dish;(2, 0):soup('onion', 3, 3)","(2, 0):soup('onion', 3, 3)"
277,2,"(1, 0)","(2, 1)","(1, 0)",,"(1, 2)","(0, 1)",dish,"(1, 0):dish;(2, 0):soup('onion', 3, 3)","(2, 0):soup('onion', 3, 3)",140.0,110.0,4,"(0, 0)",-0.01200000000000001,0.0,0.0,-0.01200000000000001,140.0,110.0,False,"(3, 1)",,"(1, 2)",dish,"(1, 0):dish;(2, 0):soup('onion', 3, 4)","(2, 0):soup('onion', 3, 4)"
278,5,interact,"(3, 1)","(1, 0)",,"(1, 2)","(0, 1)",dish,"(1, 0):dish;(2, 0):soup('onion', 3, 4)","(2, 0):soup('onion', 3, 4)",140.0,110.0,0,"(0, -1)",-0.01200000000000001,0.0,0.0,-0.01200000000000001,140.0,110.0,False,"(3, 1)",onion,"(1, 1)",dish,"(1, 0):dish;(2, 0):soup('onion', 3, 5)","(2, 0):soup('onion', 3, 5)"
279,3,"(-1, 0)","(3, 1)","(1, 0)",onion,"(1, 1)","(0, -1)",dish,"(1, 0):dish;(2, 0):soup('onion', 3, 5)","(2, 0):soup('onion', 3, 5)",140.0,110.0,5,interact,-0.01200000000000001,0.0,0.0,-0.01200000000000001,140.0,110.0,False,"(2, 1)",onion,"(1, 1)",dish,"(1, 0):dish;(2, 0):soup('onion', 3, 6)","(2, 0):soup('onion', 3, 6)"
280,0,"(0, -1)","(2, 1)","(-1, 0)",onion,"(1, 1)","(0, -1)",dish,"(1, 0):dish;(2, 0):soup('onion', 3, 6)","(2, 0):soup('onion', 3, 6)",140.0,110.0,0,"(0, -1)",-0.01200000000000001,0.0,0.0,-0.01200000000000001,140.0,110.0,False,"(2, 1)",onion,"(1, 1)",dish,"(1, 0):dish;(2, 0):soup('onion', 3, 7)","(2, 0):soup('onion', 3, 7)"
281,0,"(0, -1)","(2, 1)","(0, -1)",onion,"(1, 1)","(0, -1)",dish,"(1, 0):dish;(2, 0):soup('onion', 3, 7)","(2, 0):soup('onion', 3, 7)",140.0,110.0,0,"(0, -1)",-0.01200000000000001,0.0,0.0,-0.01200000000000001,140.0,110.0,False,"(2, 1)",onion,"(1, 1)",dish,"(1, 0):dish;(2, 0):soup('onion', 3, 8)","(2, 0):soup('onion', 3, 8)"
282,0,"(0, -1)","(2, 1)","(0, -1)",onion,"(1, 1)","(0, -1)",dish,"(1, 0):dish;(2, 0):soup('onion', 3, 8)","(2, 0):soup('onion', 3, 8)",140.0,110.0,0,"(0, -1)",-0.01200000000000001,0.0,0.0,-0.01200000000000001,140.0,110.0,False,"(2, 1)",onion,"(1, 1)",dish,"(1, 0):dish;(2, 0):soup('onion', 3, 9)","(2, 0):soup('onion', 3, 9)"
283,0,"(0, -1)","(2, 1)","(0, -1)",onion,"(1, 1)","(0, -1)",dish,"(1, 0):dish;(2, 0):soup('onion', 3, 9)","(2, 0):soup('onion', 3, 9)",140.0,110.0,0,"(0, -1)",-0.01200000000000001,0.0,0.0,-0.01200000000000001,140.0,110.0,False,"(2, 1)",onion,"(1, 1)",dish,"(1, 0):dish;(2, 0):soup('onion', 3, 10)","(2, 0):soup('onion', 3, 10)"
284,0,"(0, -1)","(2, 1)","(0, -1)",onion,"(1, 1)","(0, -1)",dish,"(1, 0):dish;(2, 0):soup('onion', 3, 10)","(2, 0):soup('onion', 3, 10)",140.0,110.0,0,"(0, -1)",-0.01200000000000001,0.0,0.0,-0.01200000000000001,140.0,110.0,False,"(2, 1)",onion,"(1, 1)",dish,"(1, 0):dish;(2, 0):soup('onion', 3, 11)","(2, 0):soup('onion', 3, 11)"
285,0,"(0, -1)","(2, 1)","(0, -1)",onion,"(1, 1)","(0, -1)",dish,"(1, 0):dish;(2, 0):soup('onion', 3, 11)","(2, 0):soup('onion', 3, 11)",140.0,110.0,0,"(0, -1)",-0.01200000000000001,0.0,0.0,-0.01200000000000001,140.0,110.0,False,"(2, 1)",onion,"(1, 1)",dish,"(1, 0):dish;(2, 0):soup('onion', 3, 12)","(2, 0):soup('onion', 3, 12)"
286,0,"(0, -1)","(2, 1)","(0, -1)",onion,"(1, 1)","(0, -1)",dish,"(1, 0):dish;(2, 0):soup('onion', 3, 12)","(2, 0):soup('onion', 3, 12)",140.0,110.0,0,"(0, -1)",-0.01200000000000001,0.0,0.0,-0.01200000000000001,140.0,110.0,False,"(2, 1)",onion,"(1, 1)",dish,"(1, 0):dish;(2, 0):soup('onion', 3, 13)","(2, 0):soup('onion', 3, 13)"
287,0,"(0, -1)","(2, 1)","(0, -1)",onion,"(1, 1)","(0, -1)",dish,"(1, 0):dish;(2, 0):soup('onion', 3, 13)","(2, 0):soup('onion', 3, 13)",140.0,110.0,0,"(0, -1)",-0.01200000000000001,0.0,0.0,-0.01200000000000001,140.0,110.0,False,"(2, 1)",onion,"(1, 1)",dish,"(1, 0):dish;(2, 0):soup('onion', 3, 14)","(2, 0):soup('onion', 3, 14)"
288,0,"(0, -1)","(2, 1)","(0, -1)",onion,"(1, 1)","(0, -1)",dish,"(1, 0):dish;(2, 0):soup('onion', 3, 14)","(2, 0):soup('onion', 3, 14)",140.0,110.0,0,"(0, -1)",-0.01200000000000001,0.0,0.0,-0.01200000000000001,140.0,110.0,False,"(2, 1)",onion,"(1, 1)",dish,"(1, 0):dish;(2, 0):soup('onion', 3, 15)","(2, 0):soup('onion', 3, 15)"
289,0,"(0, -1)","(2, 1)","(0, -1)",onion,"(1, 1)","(0, -1)",dish,"(1, 0):dish;(2, 0):soup('onion', 3, 15)","(2, 0):soup('onion', 3, 15)",140.0,110.0,0,"(0, -1)",-0.01200000000000001,0.0,0.0,-0.01200000000000001,140.0,110.0,False,"(2, 1)",onion,"(1, 1)",dish,"(1, 0):dish;(2, 0):soup('onion', 3, 16)","(2, 0):soup('onion', 3, 16)"
290,0,"(0, -1)","(2, 1)","(0, -1)",onion,"(1, 1)","(0, -1)",dish,"(1, 0):dish;(2, 0):soup('onion', 3, 16)","(2, 0):soup('onion', 3, 16)",140.0,110.0,0,"(0, -1)",-0.01200000000000001,0.0,0.0,-0.01200000000000001,140.0,110.0,False,"(2, 1)",onion,"(1, 1)",dish,"(1, 0):dish;(2, 0):soup('onion', 3, 17)","(2, 0):soup('onion', 3, 17)"
291,0,"(0, -1)","(2, 1)","(0, -1)",onion,"(1, 1)","(0, -1)",dish,"(1, 0):dish;(2, 0):soup('onion', 3, 17)","(2, 0):soup('onion', 3, 17)",140.0,110.0,0,"(0, -1)",-0.01200000000000001,0.0,0.0,-0.01200000000000001,140.0,110.0,False,"(2, 1)",onion,"(1, 1)",dish,"(1, 0):dish;(2, 0):soup('onion', 3, 18)","(2, 0):soup('onion', 3, 18)"
292,0,"(0, -1)","(2, 1)","(0, -1)",onion,"(1, 1)","(0, -1)",dish,"(1, 0):dish;(2, 0):soup('onion', 3, 18)","(2, 0):soup('onion', 3, 18)",140.0,110.0,0,"(0, -1)",-0.01200000000000001,0.0,0.0,-0.01200000000000001,140.0,110.0,False,"(2, 1)",onion,"(1, 1)",dish,"(1, 0):dish;(2, 0):soup('onion', 3, 19)","(2, 0):soup('onion', 3, 19)"
293,0,"(0, -1)","(2, 1)","(0, -1)",onion,"(1, 1)","(0, -1)",dish,"(1, 0):dish;(2, 0):soup('onion', 3, 19)","(2, 0):soup('onion', 3, 19)",140.0,110.0,0,"(0, -1)",0.5819999999999999,0.0,0.0,0.5819999999999999,140.0,110.0,False,"(2, 1)",onion,"(1, 1)",dish,"(1, 0):dish;(2, 0):soup('onion', 3, 20)","(2, 0):soup('onion', 3, 20)"
294,0,"(0, -1)","(2, 1)","(0, -1)",onion,"(1, 1)","(0, -1)",dish,"(1, 0):dish;(2, 0):soup('onion', 3, 20)","(2, 0):soup('onion', 3, 20)",140.0,110.0,2,"(1, 0)",-0.018000000000000148,0.0,0.0,-0.018000000000000148,140.0,110.0,False,"(2, 1)",onion,"(1, 1)",dish,"(1, 0):dish;(2, 0):soup('onion', 3, 20)","(2, 0):soup('onion', 3, 20)"
295,2,"(1, 0)","(2, 1)","(0, -1)",onion,"(1, 1)","(1, 0)",dish,"(1, 0):dish;(2, 0):soup('onion', 3, 20)","(2, 0):soup('onion', 3, 20)",140.0,110.0,2,"(1, 0)",-0.018000000000000148,0.0,0.0,-0.018000000000000148,140.0,110.0,False,"(3, 1)",onion,"(2, 1)",dish,"(1, 0):dish;(2, 0):soup('onion', 3, 20)","(2, 0):soup('onion', 3, 20)"
296,2,"(1, 0)","(3, 1)","(1, 0)",onion,"(2, 1)","(1, 0)",dish,"(1, 0):dish;(2, 0):soup('onion', 3, 20)","(2, 0):soup('onion', 3, 20)",140.0,110.0,0,"(0, -1)",-0.018000000000000148,0.0,0.0,-0.018000000000000148,140.0,110.0,False,"(3, 1)",onion,"(2, 1)",dish,"(1, 0):dish;(2, 0):soup('onion', 3, 20)","(2, 0):soup('onion', 3, 20)"
297,5,interact,"(3, 1)","(1, 0)",onion,"(2, 1)","(0, -1)",dish,"(1, 0):dish;(2, 0):soup('onion', 3, 20)","(2, 0):soup('onion', 3, 20)",140.0,110.0,5,interact,5.3978,0.0,5.0,0.39780000000000015,140.0,115.0,False,"(3, 1)",onion,"(2, 1)","soup('onion', 3, 20)","(1, 0):dish","(2, 0):empty"
298,1,"(0, 1)","(3, 1)","(1, 0)",onion,"(2, 1)","(0, -1)","soup('onion', 3, 20)","(1, 0):dish","(2, 0):empty",140.0,115.0,2,"(1, 0)",0.0371999999999999,0.0,0.0,0.0371999999999999,140.0,115.0,False,"(3, 2)",onion,"(3, 1)","soup('onion', 3, 20)","(1, 0):dish","(2, 0):empty"
299,3,"(-1, 0)","(3, 2)","(0, 1)",onion,"(3, 1)","(1, 0)","soup('onion', 3, 20)","(1, 0):dish","(2, 0):empty",140.0,115.0,1,"(0, 1)",0.036599999999999966,0.0,0.0,0.036599999999999966,140.0,115.0,False,"(2, 2)",onion,"(3, 2)","soup('onion', 3, 20)","(1, 0):dish","(2, 0):empty"
300,0,"(0, -1)","(2, 2)","(-1, 0)",onion,"(3, 2)","(0, 1)","soup('onion', 3, 20)","(1, 0):dish","(2, 0):empty",140.0,115.0,5,interact,17.66,20.0,0.0,-2.34,160.0,115.0,True,"(2, 1)",onion,"(3, 2)",,"(1, 0):dish","(2, 0):empty"
301,5,interact,"(2, 1)","(0, -1)",onion,"(3, 2)","(0, 1)",,"(1, 0):dish","(2, 0):empty",160.0,115.0,1,"(0, 1)",3.3564,0.0,3.0,0.3564,160.0,118.0,False,"(2, 1)",,"(3, 2)",,"(1, 0):dish;(2, 0):soup('onion', 1, 0)","(2, 0):soup('onion', 1, 0)"
302,2,"(1, 0)","(2, 1)","(0, -1)",,"(3, 2)","(0, 1)",,"(1, 0):dish;(2, 0):soup('onion', 1, 0)","(2, 0):soup('onion', 1, 0)",160.0,118.0,1,"(0, 1)",-0.003600000000000003,0.0,0.0,-0.003600000000000003,160.0,118.0,False,"(3, 1)",,"(3, 2)",,"(1, 0):dish;(2, 0):soup('onion', 1, 0)","(2, 0):soup('onion', 1, 0)"
303,5,interact,"(3, 1)","(1, 0)",,"(3, 2)","(0, 1)",,"(1, 0):dish;(2, 0):soup('onion', 1, 0)","(2, 0):soup('onion', 1, 0)",160.0,118.0,1,"(0, 1)",-0.003600000000000003,0.0,0.0,-0.003600000000000003,160.0,118.0,False,"(3, 1)",onion,"(3, 2)",,"(1, 0):dish;(2, 0):soup('onion', 1, 0)","(2, 0):soup('onion', 1, 0)"
304,3,"(-1, 0)","(3, 1)","(1, 0)",onion,"(3, 2)","(0, 1)",,"(1, 0):dish;(2, 0):soup('onion', 1, 0)","(2, 0):soup('onion', 1, 0)",160.0,118.0,1,"(0, 1)",-0.003600000000000003,0.0,0.0,-0.003600000000000003,160.0,118.0,False,"(2, 1)",onion,"(3, 2)",,"(1, 0):dish;(2, 0):soup('onion', 1, 0)","(2, 0):soup('onion', 1, 0)"
305,0,"(0, -1)","(2, 1)","(-1, 0)",onion,"(3, 2)","(0, 1)",,"(1, 0):dish;(2, 0):soup('onion', 1, 0)","(2, 0):soup('onion', 1, 0)",160.0,118.0,3,"(-1, 0)",-0.003600000000000003,0.0,0.0,-0.003600000000000003,160.0,118.0,False,"(2, 1)",onion,"(2, 2)",,"(1, 0):dish;(2, 0):soup('onion', 1, 0)","(2, 0):soup('onion', 1, 0)"
306,5,interact,"(2, 1)","(0, -1)",onion,"(2, 2)","(-1, 0)",,"(1, 0):dish;(2, 0):soup('onion', 1, 0)","(2, 0):soup('onion', 1, 0)",160.0,118.0,3,"(-1, 0)",3.3528,0.0,3.0,0.35279999999999995,160.0,121.0,False,"(2, 1)",,"(1, 2)",,"(1, 0):dish;(2, 0):soup('onion', 2, 0)","(2, 0):soup('onion', 2, 0)"
307,2,"(1, 0)","(2, 1)","(0, -1)",,"(1, 2)","(-1, 0)",,"(1, 0):dish;(2, 0):soup('onion', 2, 0)","(2, 0):soup('onion', 2, 0)",160.0,121.0,3,"(-1, 0)",-0.007200000000000006,0.0,0.0,-0.007200000000000006,160.0,121.0,False,"(3, 1)",,"(1, 2)",,"(1, 0):dish;(2, 0):soup('onion', 2, 0)","(2, 0):soup('onion', 2, 0)"
308,5,interact,"(3, 1)","(1, 0)",,"(1, 2)","(-1, 0)",,"(1, 0):dish;(2, 0):soup('onion', 2, 0)","(2, 0):soup('onion', 2, 0)",160.0,121.0,5,interact,-0.007200000000000006,0.0,0.0,-0.007200000000000006,160.0,121.0,False,"(3, 1)",onion,"(1, 2)",,"(1, 0):dish;(2, 0):soup('onion', 2, 0)","(2, 0):soup('onion', 2, 0)"
309,3,"(-1, 0)","(3, 1)","(1, 0)",onion,"(1, 2)","(-1, 0)",,"(1, 0):dish;(2, 0):soup('onion', 2, 0)","(2, 0):soup('onion', 2, 0)",160.0,121.0,5,interact,-0.007200000000000006,0.0,0.0,-0.007200000000000006,160.0,121.0,False,"(2, 1)",onion,"(1, 2)",,"(1, 0):dish;(2, 0):soup('onion', 2, 0)","(2, 0):soup('onion', 2, 0)"
310,0,"(0, -1)","(2, 1)","(-1, 0)",onion,"(1, 2)","(-1, 0)",,"(1, 0):dish;(2, 0):soup('onion', 2, 0)","(2, 0):soup('onion', 2, 0)",160.0,121.0,1,"(0, 1)",-0.007200000000000006,0.0,0.0,-0.007200000000000006,160.0,121.0,False,"(2, 1)",onion,"(1, 2)",,"(1, 0):dish;(2, 0):soup('onion', 2, 0)","(2, 0):soup('onion', 2, 0)"
311,5,interact,"(2, 1)","(0, -1)",onion,"(1, 2)","(0, 1)",,"(1, 0):dish;(2, 0):soup('onion', 2, 0)","(2, 0):soup('onion', 2, 0)",160.0,121.0,4,"(0, 0)",3.468,0.0,3.0,0.46799999999999997,160.0,124.0,False,"(2, 1)",,"(1, 2)",,"(1, 0):dish;(2, 0):soup('onion', 3, 1)","(2, 0):soup('onion', 3, 1)"
312,3,"(-1, 0)","(2, 1)","(0, -1)",,"(1, 2)","(0, 1)",,"(1, 0):dish;(2, 0):soup('onion', 3, 1)","(2, 0):soup('onion', 3, 1)",160.0,124.0,5,interact,-0.01200000000000001,0.0,0.0,-0.01200000000000001,160.0,124.0,False,"(1, 1)",,"(1, 2)",dish,"(1, 0):dish;(2, 0):soup('onion', 3, 2)","(2, 0):soup('onion', 3, 2)"
313,2,"(1, 0)","(1, 1)","(-1, 0)",,"(1, 2)","(0, 1)",dish,"(1, 0):dish;(2, 0):soup('onion', 3, 2)","(2, 0):soup('onion', 3, 2)",160.0,124.0,4,"(0, 0)",-0.01200000000000001,0.0,0.0,-0.01200000000000001,160.0,124.0,False,"(2, 1)",,"(1, 2)",dish,"(1, 0):dish;(2, 0):soup('onion', 3, 3)","(2, 0):soup('onion', 3, 3)"
314,2,"(1, 0)","(2, 1)","(1, 0)",,"(1, 2)","(0, 1)",dish,"(1, 0):dish;(2, 0):soup('onion', 3, 3)","(2, 0):soup('onion', 3, 3)",160.0,124.0,4,"(0, 0)",-0.01200000000000001,0.0,0.0,-0.01200000000000001,160.0,124.0,False,"(3, 1)",,"(1, 2)",dish,"(1, 0):dish;(2, 0):soup('onion', 3, 4)","(2, 0):soup('onion', 3, 4)"
315,5,interact,"(3, 1)","(1, 0)",,"(1, 2)","(0, 1)",dish,"(1, 0):dish;(2, 0):soup('onion', 3, 4)","(2, 0):soup('onion', 3, 4)",160.0,124.0,0,"(0, -1)",-0.01200000000000001,0.0,0.0,-0.01200000000000001,160.0,124.0,False,"(3, 1)",onion,"(1, 1)",dish,"(1, 0):dish;(2, 0):soup('onion', 3, 5)","(2, 0):soup('onion', 3, 5)"
316,3,"(-1, 0)","(3, 1)","(1, 0)",onion,"(1, 1)","(0, -1)",dish,"(1, 0):dish;(2, 0):soup('onion', 3, 5)","(2, 0):soup('onion', 3, 5)",160.0,124.0,5,interact,-0.01200000000000001,0.0,0.0,-0.01200000000000001,160.0,124.0,False,"(2, 1)",onion,"(1, 1)",dish,"(1, 0):dish;(2, 0):soup('onion', 3, 6)","(2, 0):soup('onion', 3, 6)"
317,0,"(0, -1)","(2, 1)","(-1, 0)",onion,"(1, 1)","(0, -1)",dish,"(1, 0):dish;(2, 0):soup('onion', 3, 6)","(2, 0):soup('onion', 3, 6)",160.0,124.0,0,"(0, -1)",-0.01200000000000001,0.0,0.0,-0.01200000000000001,160.0,124.0,False,"(2, 1)",onion,"(1, 1)",dish,"(1, 0):dish;(2, 0):soup('onion', 3, 7)","(2, 0):soup('onion', 3, 7)"
318,0,"(0, -1)","(2, 1)","(0, -1)",onion,"(1, 1)","(0, -1)",dish,"(1, 0):dish;(2, 0):soup('onion', 3, 7)","(2, 0):soup('onion', 3, 7)",160.0,124.0,0,"(0, -1)",-0.01200000000000001,0.0,0.0,-0.01200000000000001,160.0,124.0,False,"(2, 1)",onion,"(1, 1)",dish,"(1, 0):dish;(2, 0):soup('onion', 3, 8)","(2, 0):soup('onion', 3, 8)"
319,0,"(0, -1)","(2, 1)","(0, -1)",onion,"(1, 1)","(0, -1)",dish,"(1, 0):dish;(2, 0):soup('onion', 3, 8)","(2, 0):soup('onion', 3, 8)",160.0,124.0,0,"(0, -1)",-0.01200000000000001,0.0,0.0,-0.01200000000000001,160.0,124.0,False,"(2, 1)",onion,"(1, 1)",dish,"(1, 0):dish;(2, 0):soup('onion', 3, 9)","(2, 0):soup('onion', 3, 9)"
320,0,"(0, -1)","(2, 1)","(0, -1)",onion,"(1, 1)","(0, -1)",dish,"(1, 0):dish;(2, 0):soup('onion', 3, 9)","(2, 0):soup('onion', 3, 9)",160.0,124.0,0,"(0, -1)",-0.01200000000000001,0.0,0.0,-0.01200000000000001,160.0,124.0,False,"(2, 1)",onion,"(1, 1)",dish,"(1, 0):dish;(2, 0):soup('onion', 3, 10)","(2, 0):soup('onion', 3, 10)"
321,0,"(0, -1)","(2, 1)","(0, -1)",onion,"(1, 1)","(0, -1)",dish,"(1, 0):dish;(2, 0):soup('onion', 3, 10)","(2, 0):soup('onion', 3, 10)",160.0,124.0,0,"(0, -1)",-0.01200000000000001,0.0,0.0,-0.01200000000000001,160.0,124.0,False,"(2, 1)",onion,"(1, 1)",dish,"(1, 0):dish;(2, 0):soup('onion', 3, 11)","(2, 0):soup('onion', 3, 11)"
322,0,"(0, -1)","(2, 1)","(0, -1)",onion,"(1, 1)","(0, -1)",dish,"(1, 0):dish;(2, 0):soup('onion', 3, 11)","(2, 0):soup('onion', 3, 11)",160.0,124.0,0,"(0, -1)",-0.01200000000000001,0.0,0.0,-0.01200000000000001,160.0,124.0,False,"(2, 1)",onion,"(1, 1)",dish,"(1, 0):dish;(2, 0):soup('onion', 3, 12)","(2, 0):soup('onion', 3, 12)"
323,0,"(0, -1)","(2, 1)","(0, -1)",onion,"(1, 1)","(0, -1)",dish,"(1, 0):dish;(2, 0):soup('onion', 3, 12)","(2, 0):soup('onion', 3, 12)",160.0,124.0,0,"(0, -1)",-0.01200000000000001,0.0,0.0,-0.01200000000000001,160.0,124.0,False,"(2, 1)",onion,"(1, 1)",dish,"(1, 0):dish;(2, 0):soup('onion', 3, 13)","(2, 0):soup('onion', 3, 13)"
324,0,"(0, -1)","(2, 1)","(0, -1)",onion,"(1, 1)","(0, -1)",dish,"(1, 0):dish;(2, 0):soup('onion', 3, 13)","(2, 0):soup('onion', 3, 13)",160.0,124.0,0,"(0, -1)",-0.01200000000000001,0.0,0.0,-0.01200000000000001,160.0,124.0,False,"(2, 1)",onion,"(1, 1)",dish,"(1, 0):dish;(2, 0):soup('onion', 3, 14)","(2, 0):soup('onion', 3, 14)"
325,0,"(0, -1)","(2, 1)","(0, -1)",onion,"(1, 1)","(0, -1)",dish,"(1, 0):dish;(2, 0):soup('onion', 3, 14)","(2, 0):soup('onion', 3, 14)",160.0,124.0,0,"(0, -1)",-0.01200000000000001,0.0,0.0,-0.01200000000000001,160.0,124.0,False,"(2, 1)",onion,"(1, 1)",dish,"(1, 0):dish;(2, 0):soup('onion', 3, 15)","(2, 0):soup('onion', 3, 15)"
326,0,"(0, -1)","(2, 1)","(0, -1)",onion,"(1, 1)","(0, -1)",dish,"(1, 0):dish;(2, 0):soup('onion', 3, 15)","(2, 0):soup('onion', 3, 15)",160.0,124.0,0,"(0, -1)",-0.01200000000000001,0.0,0.0,-0.01200000000000001,160.0,124.0,False,"(2, 1)",onion,"(1, 1)",dish,"(1, 0):dish;(2, 0):soup('onion', 3, 16)","(2, 0):soup('onion', 3, 16)"
327,0,"(0, -1)","(2, 1)","(0, -1)",onion,"(1, 1)","(0, -1)",dish,"(1, 0):dish;(2, 0):soup('onion', 3, 16)","(2, 0):soup('onion', 3, 16)",160.0,124.0,0,"(0, -1)",-0.01200000000000001,0.0,0.0,-0.01200000000000001,160.0,124.0,False,"(2, 1)",onion,"(1, 1)",dish,"(1, 0):dish;(2, 0):soup('onion', 3, 17)","(2, 0):soup('onion', 3, 17)"
328,0,"(0, -1)","(2, 1)","(0, -1)",onion,"(1, 1)","(0, -1)",dish,"(1, 0):dish;(2, 0):soup('onion', 3, 17)","(2, 0):soup('onion', 3, 17)",160.0,124.0,0,"(0, -1)",-0.01200000000000001,0.0,0.0,-0.01200000000000001,160.0,124.0,False,"(2, 1)",onion,"(1, 1)",dish,"(1, 0):dish;(2, 0):soup('onion', 3, 18)","(2, 0):soup('onion', 3, 18)"
329,0,"(0, -1)","(2, 1)","(0, -1)",onion,"(1, 1)","(0, -1)",dish,"(1, 0):dish;(2, 0):soup('onion', 3, 18)","(2, 0):soup('onion', 3, 18)",160.0,124.0,0,"(0, -1)",-0.01200000000000001,0.0,0.0,-0.01200000000000001,160.0,124.0,False,"(2, 1)",onion,"(1, 1)",dish,"(1, 0):dish;(2, 0):soup('onion', 3, 19)","(2, 0):soup('onion', 3, 19)"
330,0,"(0, -1)","(2, 1)","(0, -1)",onion,"(1, 1)","(0, -1)",dish,"(1, 0):dish;(2, 0):soup('onion', 3, 19)","(2, 0):soup('onion', 3, 19)",160.0,124.0,0,"(0, -1)",0.5819999999999999,0.0,0.0,0.5819999999999999,160.0,124.0,False,"(2, 1)",onion,"(1, 1)",dish,"(1, 0):dish;(2, 0):soup('onion', 3, 20)","(2, 0):soup('onion', 3, 20)"
331,0,"(0, -1)","(2, 1)","(0, -1)",onion,"(1, 1)","(0, -1)",dish,"(1, 0):dish;(2, 0):soup('onion', 3, 20)","(2, 0):soup('onion', 3, 20)",160.0,124.0,2,"(1, 0)",-0.018000000000000148,0.0,0.0,-0.018000000000000148,160.0,124.0,False,"(2, 1)",onion,"(1, 1)",dish,"(1, 0):dish;(2, 0):soup('onion', 3, 20)","(2, 0):soup('onion', 3, 20)"
332,2,"(1, 0)","(2, 1)","(0, -1)",onion,"(1, 1)","(1, 0)",dish,"(1, 0):dish;(2, 0):soup('onion', 3, 20)","(2, 0):soup('onion', 3, 20)",160.0,124.0,2,"(1, 0)",-0.018000000000000148,0.0,0.0,-0.018000000000000148,160.0,124.0,False,"(3, 1)",onion,"(2, 1)",dish,"(1, 0):dish;(2, 0):soup('onion', 3, 20)","(2, 0):soup('onion', 3, 20)"
333,2,"(1, 0)","(3, 1)","(1, 0)",onion,"(2, 1)","(1, 0)",dish,"(1, 0):dish;(2, 0):soup('onion', 3, 20)","(2, 0):soup('onion', 3, 20)",160.0,124.0,0,"(0, -1)",-0.018000000000000148,0.0,0.0,-0.018000000000000148,160.0,124.0,False,"(3, 1)",onion,"(2, 1)",dish,"(1, 0):dish;(2, 0):soup('onion', 3, 20)","(2, 0):soup('onion', 3, 20)"
334,5,interact,"(3, 1)","(1, 0)",onion,"(2, 1)","(0, -1)",dish,"(1, 0):dish;(2, 0):soup('onion', 3, 20)","(2, 0):soup('onion', 3, 20)",160.0,124.0,5,interact,5.3978,0.0,5.0,0.39780000000000015,160.0,129.0,False,"(3, 1)",onion,"(2, 1)","soup('onion', 3, 20)","(1, 0):dish","(2, 0):empty"
335,1,"(0, 1)","(3, 1)","(1, 0)",onion,"(2, 1)","(0, -1)","soup('onion', 3, 20)","(1, 0):dish","(2, 0):empty",160.0,129.0,2,"(1, 0)",0.0371999999999999,0.0,0.0,0.0371999999999999,160.0,129.0,False,"(3, 2)",onion,"(3, 1)","soup('onion', 3, 20)","(1, 0):dish","(2, 0):empty"
336,3,"(-1, 0)","(3, 2)","(0, 1)",onion,"(3, 1)","(1, 0)","soup('onion', 3, 20)","(1, 0):dish","(2, 0):empty",160.0,129.0,1,"(0, 1)",0.036599999999999966,0.0,0.0,0.036599999999999966,160.0,129.0,False,"(2, 2)",onion,"(3, 2)","soup('onion', 3, 20)","(1, 0):dish","(2, 0):empty"
337,0,"(0, -1)","(2, 2)","(-1, 0)",onion,"(3, 2)","(0, 1)","soup('onion', 3, 20)","(1, 0):dish","(2, 0):empty",160.0,129.0,5,interact,17.66,20.0,0.0,-2.34,180.0,129.0,True,"(2, 1)",onion,"(3, 2)",,"(1, 0):dish","(2, 0):empty"
338,5,interact,"(2, 1)","(0, -1)",onion,"(3, 2)","(0, 1)",,"(1, 0):dish","(2, 0):empty",180.0,129.0,1,"(0, 1)",3.3564,0.0,3.0,0.3564,180.0,132.0,False,"(2, 1)",,"(3, 2)",,"(1, 0):dish;(2, 0):soup('onion', 1, 0)","(2, 0):soup('onion', 1, 0)"
339,2,"(1, 0)","(2, 1)","(0, -1)",,"(3, 2)","(0, 1)",,"(1, 0):dish;(2, 0):soup('onion', 1, 0)","(2, 0):soup('onion', 1, 0)",180.0,132.0,1,"(0, 1)",-0.003600000000000003,0.0,0.0,-0.003600000000000003,180.0,132.0,False,"(3, 1)",,"(3, 2)",,"(1, 0):dish;(2, 0):soup('onion', 1, 0)","(2, 0):soup('onion', 1, 0)"
340,5,interact,"(3, 1)","(1, 0)",,"(3, 2)","(0, 1)",,"(1, 0):dish;(2, 0):soup('onion', 1, 0)","(2, 0):soup('onion', 1, 0)",180.0,132.0,1,"(0, 1)",-0.003600000000000003,0.0,0.0,-0.003600000000000003,180.0,132.0,False,"(3, 1)",onion,"(3, 2)",,"(1, 0):dish;(2, 0):soup('onion', 1, 0)","(2, 0):soup('onion', 1, 0)"
341,3,"(-1, 0)","(3, 1)","(1, 0)",onion,"(3, 2)","(0, 1)",,"(1, 0):dish;(2, 0):soup('onion', 1, 0)","(2, 0):soup('onion', 1, 0)",180.0,132.0,1,"(0, 1)",-0.003600000000000003,0.0,0.0,-0.003600000000000003,180.0,132.0,False,"(2, 1)",onion,"(3, 2)",,"(1, 0):dish;(2, 0):soup('onion', 1, 0)","(2, 0):soup('onion', 1, 0)"
342,0,"(0, -1)","(2, 1)","(-1, 0)",onion,"(3, 2)","(0, 1)",,"(1, 0):dish;(2, 0):soup('onion', 1, 0)","(2, 0):soup('onion', 1, 0)",180.0,132.0,3,"(-1, 0)",-0.003600000000000003,0.0,0.0,-0.003600000000000003,180.0,132.0,False,"(2, 1)",onion,"(2, 2)",,"(1, 0):dish;(2, 0):soup('onion', 1, 0)","(2, 0):soup('onion', 1, 0)"
343,5,interact,"(2, 1)","(0, -1)",onion,"(2, 2)","(-1, 0)",,"(1, 0):dish;(2, 0):soup('onion', 1, 0)","(2, 0):soup('onion', 1, 0)",180.0,132.0,3,"(-1, 0)",3.3528,0.0,3.0,0.35279999999999995,180.0,135.0,False,"(2, 1)",,"(1, 2)",,"(1, 0):dish;(2, 0):soup('onion', 2, 0)","(2, 0):soup('onion', 2, 0)"
344,2,"(1, 0)","(2, 1)","(0, -1)",,"(1, 2)","(-1, 0)",,"(1, 0):dish;(2, 0):soup('onion', 2, 0)","(2, 0):soup('onion', 2, 0)",180.0,135.0,3,"(-1, 0)",-0.007200000000000006,0.0,0.0,-0.007200000000000006,180.0,135.0,False,"(3, 1)",,"(1, 2)",,"(1, 0):dish;(2, 0):soup('onion', 2, 0)","(2, 0):soup('onion', 2, 0)"
345,5,interact,"(3, 1)","(1, 0)",,"(1, 2)","(-1, 0)",,"(1, 0):dish;(2, 0):soup('onion', 2, 0)","(2, 0):soup('onion', 2, 0)",180.0,135.0,5,interact,-0.007200000000000006,0.0,0.0,-0.007200000000000006,180.0,135.0,False,"(3, 1)",onion,"(1, 2)",,"(1, 0):dish;(2, 0):soup('onion', 2, 0)","(2, 0):soup('onion', 2, 0)"
346,3,"(-1, 0)","(3, 1)","(1, 0)",onion,"(1, 2)","(-1, 0)",,"(1, 0):dish;(2, 0):soup('onion', 2, 0)","(2, 0):soup('onion', 2, 0)",180.0,135.0,5,interact,-0.007200000000000006,0.0,0.0,-0.007200000000000006,180.0,135.0,False,"(2, 1)",onion,"(1, 2)",,"(1, 0):dish;(2, 0):soup('onion', 2, 0)","(2, 0):soup('onion', 2, 0)"
347,0,"(0, -1)","(2, 1)","(-1, 0)",onion,"(1, 2)","(-1, 0)",,"(1, 0):dish;(2, 0):soup('onion', 2, 0)","(2, 0):soup('onion', 2, 0)",180.0,135.0,1,"(0, 1)",-0.007200000000000006,0.0,0.0,-0.007200000000000006,180.0,135.0,False,"(2, 1)",onion,"(1, 2)",,"(1, 0):dish;(2, 0):soup('onion', 2, 0)","(2, 0):soup('onion', 2, 0)"
348,5,interact,"(2, 1)","(0, -1)",onion,"(1, 2)","(0, 1)",,"(1, 0):dish;(2, 0):soup('onion', 2, 0)","(2, 0):soup('onion', 2, 0)",180.0,135.0,4,"(0, 0)",3.468,0.0,3.0,0.46799999999999997,180.0,138.0,False,"(2, 1)",,"(1, 2)",,"(1, 0):dish;(2, 0):soup('onion', 3, 1)","(2, 0):soup('onion', 3, 1)"
349,3,"(-1, 0)","(2, 1)","(0, -1)",,"(1, 2)","(0, 1)",,"(1, 0):dish;(2, 0):soup('onion', 3, 1)","(2, 0):soup('onion', 3, 1)",180.0,138.0,5,interact,-0.01200000000000001,0.0,0.0,-0.01200000000000001,180.0,138.0,False,"(1, 1)",,"(1, 2)",dish,"(1, 0):dish;(2, 0):soup('onion', 3, 2)","(2, 0):soup('onion', 3, 2)"
350,2,"(1, 0)","(1, 1)","(-1, 0)",,"(1, 2)","(0, 1)",dish,"(1, 0):dish;(2, 0):soup('onion', 3, 2)","(2, 0):soup('onion', 3, 2)",180.0,138.0,4,"(0, 0)",-0.01200000000000001,0.0,0.0,-0.01200000000000001,180.0,138.0,False,"(2, 1)",,"(1, 2)",dish,"(1, 0):dish;(2, 0):soup('onion', 3, 3)","(2, 0):soup('onion', 3, 3)"
351,2,"(1, 0)","(2, 1)","(1, 0)",,"(1, 2)","(0, 1)",dish,"(1, 0):dish;(2, 0):soup('onion', 3, 3)","(2, 0):soup('onion', 3, 3)",180.0,138.0,4,"(0, 0)",-0.01200000000000001,0.0,0.0,-0.01200000000000001,180.0,138.0,False,"(3, 1)",,"(1, 2)",dish,"(1, 0):dish;(2, 0):soup('onion', 3, 4)","(2, 0):soup('onion', 3, 4)"
352,5,interact,"(3, 1)","(1, 0)",,"(1, 2)","(0, 1)",dish,"(1, 0):dish;(2, 0):soup('onion', 3, 4)","(2, 0):soup('onion', 3, 4)",180.0,138.0,0,"(0, -1)",-0.01200000000000001,0.0,0.0,-0.01200000000000001,180.0,138.0,False,"(3, 1)",onion,"(1, 1)",dish,"(1, 0):dish;(2, 0):soup('onion', 3, 5)","(2, 0):soup('onion', 3, 5)"
353,3,"(-1, 0)","(3, 1)","(1, 0)",onion,"(1, 1)","(0, -1)",dish,"(1, 0):dish;(2, 0):soup('onion', 3, 5)","(2, 0):soup('onion', 3, 5)",180.0,138.0,5,interact,-0.01200000000000001,0.0,0.0,-0.01200000000000001,180.0,138.0,False,"(2, 1)",onion,"(1, 1)",dish,"(1, 0):dish;(2, 0):soup('onion', 3, 6)","(2, 0):soup('onion', 3, 6)"
354,0,"(0, -1)","(2, 1)","(-1, 0)",onion,"(1, 1)","(0, -1)",dish,"(1, 0):dish;(2, 0):soup('onion', 3, 6)","(2, 0):soup('onion', 3, 6)",180.0,138.0,0,"(0, -1)",-0.01200000000000001,0.0,0.0,-0.01200000000000001,180.0,138.0,False,"(2, 1)",onion,"(1, 1)",dish,"(1, 0):dish;(2, 0):soup('onion', 3, 7)","(2, 0):soup('onion', 3, 7)"
355,0,"(0, -1)","(2, 1)","(0, -1)",onion,"(1, 1)","(0, -1)",dish,"(1, 0):dish;(2, 0):soup('onion', 3, 7)","(2, 0):soup('onion', 3, 7)",180.0,138.0,0,"(0, -1)",-0.01200000000000001,0.0,0.0,-0.01200000000000001,180.0,138.0,False,"(2, 1)",onion,"(1, 1)",dish,"(1, 0):dish;(2, 0):soup('onion', 3, 8)","(2, 0):soup('onion', 3, 8)"
356,0,"(0, -1)","(2, 1)","(0, -1)",onion,"(1, 1)","(0, -1)",dish,"(1, 0):dish;(2, 0):soup('onion', 3, 8)","(2, 0):soup('onion', 3, 8)",180.0,138.0,0,"(0, -1)",-0.01200000000000001,0.0,0.0,-0.01200000000000001,180.0,138.0,False,"(2, 1)",onion,"(1, 1)",dish,"(1, 0):dish;(2, 0):soup('onion', 3, 9)","(2, 0):soup('onion', 3, 9)"
357,0,"(0, -1)","(2, 1)","(0, -1)",onion,"(1, 1)","(0, -1)",dish,"(1, 0):dish;(2, 0):soup('onion', 3, 9)","(2, 0):soup('onion', 3, 9)",180.0,138.0,0,"(0, -1)",-0.01200000000000001,0.0,0.0,-0.01200000000000001,180.0,138.0,False,"(2, 1)",onion,"(1, 1)",dish,"(1, 0):dish;(2, 0):soup('onion', 3, 10)","(2, 0):soup('onion', 3, 10)"
358,0,"(0, -1)","(2, 1)","(0, -1)",onion,"(1, 1)","(0, -1)",dish,"(1, 0):dish;(2, 0):soup('onion', 3, 10)","(2, 0):soup('onion', 3, 10)",180.0,138.0,0,"(0, -1)",-0.01200000000000001,0.0,0.0,-0.01200000000000001,180.0,138.0,False,"(2, 1)",onion,"(1, 1)",dish,"(1, 0):dish;(2, 0):soup('onion', 3, 11)","(2, 0):soup('onion', 3, 11)"
359,0,"(0, -1)","(2, 1)","(0, -1)",onion,"(1, 1)","(0, -1)",dish,"(1, 0):dish;(2, 0):soup('onion', 3, 11)","(2, 0):soup('onion', 3, 11)",180.0,138.0,0,"(0, -1)",-0.01200000000000001,0.0,0.0,-0.01200000000000001,180.0,138.0,False,"(2, 1)",onion,"(1, 1)",dish,"(1, 0):dish;(2, 0):soup('onion', 3, 12)","(2, 0):soup('onion', 3, 12)"
360,0,"(0, -1)","(2, 1)","(0, -1)",onion,"(1, 1)","(0, -1)",dish,"(1, 0):dish;(2, 0):soup('onion', 3, 12)","(2, 0):soup('onion', 3, 12)",180.0,138.0,0,"(0, -1)",-0.01200000000000001,0.0,0.0,-0.01200000000000001,180.0,138.0,False,"(2, 1)",onion,"(1, 1)",dish,"(1, 0):dish;(2, 0):soup('onion', 3, 13)","(2, 0):soup('onion', 3, 13)"
361,0,"(0, -1)","(2, 1)","(0, -1)",onion,"(1, 1)","(0, -1)",dish,"(1, 0):dish;(2, 0):soup('onion', 3, 13)","(2, 0):soup('onion', 3, 13)",180.0,138.0,0,"(0, -1)",-0.01200000000000001,0.0,0.0,-0.01200000000000001,180.0,138.0,False,"(2, 1)",onion,"(1, 1)",dish,"(1, 0):dish;(2, 0):soup('onion', 3, 14)","(2, 0):soup('onion', 3, 14)"
362,0,"(0, -1)","(2, 1)","(0, -1)",onion,"(1, 1)","(0, -1)",dish,"(1, 0):dish;(2, 0):soup('onion', 3, 14)","(2, 0):soup('onion', 3, 14)",180.0,138.0,0,"(0, -1)",-0.01200000000000001,0.0,0.0,-0.01200000000000001,180.0,138.0,False,"(2, 1)",onion,"(1, 1)",dish,"(1, 0):dish;(2, 0):soup('onion', 3, 15)","(2, 0):soup('onion', 3, 15)"
363,0,"(0, -1)","(2, 1)","(0, -1)",onion,"(1, 1)","(0, -1)",dish,"(1, 0):dish;(2, 0):soup('onion', 3, 15)","(2, 0):soup('onion', 3, 15)",180.0,138.0,0,"(0, -1)",-0.01200000000000001,0.0,0.0,-0.01200000000000001,180.0,138.0,False,"(2, 1)",onion,"(1, 1)",dish,"(1, 0):dish;(2, 0):soup('onion', 3, 16)","(2, 0):soup('onion', 3, 16)"
364,0,"(0, -1)","(2, 1)","(0, -1)",onion,"(1, 1)","(0, -1)",dish,"(1, 0):dish;(2, 0):soup('onion', 3, 16)","(2, 0):soup('onion', 3, 16)",180.0,138.0,0,"(0, -1)",-0.01200000000000001,0.0,0.0,-0.01200000000000001,180.0,138.0,False,"(2, 1)",onion,"(1, 1)",dish,"(1, 0):dish;(2, 0):soup('onion', 3, 17)","(2, 0):soup('onion', 3, 17)"
365,0,"(0, -1)","(2, 1)","(0, -1)",onion,"(1, 1)","(0, -1)",dish,"(1, 0):dish;(2, 0):soup('onion', 3, 17)","(2, 0):soup('onion', 3, 17)",180.0,138.0,0,"(0, -1)",-0.01200000000000001,0.0,0.0,-0.01200000000000001,180.0,138.0,False,"(2, 1)",onion,"(1, 1)",dish,"(1, 0):dish;(2, 0):soup('onion', 3, 18)","(2, 0):soup('onion', 3, 18)"
366,0,"(0, -1)","(2, 1)","(0, -1)",onion,"(1, 1)","(0, -1)",dish,"(1, 0):dish;(2, 0):soup('onion', 3, 18)","(2, 0):soup('onion', 3, 18)",180.0,138.0,0,"(0, -1)",-0.01200000000000001,0.0,0.0,-0.01200000000000001,180.0,138.0,False,"(2, 1)",onion,"(1, 1)",dish,"(1, 0):dish;(2, 0):soup('onion', 3, 19)","(2, 0):soup('onion', 3, 19)"
367,0,"(0, -1)","(2, 1)","(0, -1)",onion,"(1, 1)","(0, -1)",dish,"(1, 0):dish;(2, 0):soup('onion', 3, 19)","(2, 0):soup('onion', 3, 19)",180.0,138.0,0,"(0, -1)",0.5819999999999999,0.0,0.0,0.5819999999999999,180.0,138.0,False,"(2, 1)",onion,"(1, 1)",dish,"(1, 0):dish;(2, 0):soup('onion', 3, 20)","(2, 0):soup('onion', 3, 20)"
368,0,"(0, -1)","(2, 1)","(0, -1)",onion,"(1, 1)","(0, -1)",dish,"(1, 0):dish;(2, 0):soup('onion', 3, 20)","(2, 0):soup('onion', 3, 20)",180.0,138.0,2,"(1, 0)",-0.018000000000000148,0.0,0.0,-0.018000000000000148,180.0,138.0,False,"(2, 1)",onion,"(1, 1)",dish,"(1, 0):dish;(2, 0):soup('onion', 3, 20)","(2, 0):soup('onion', 3, 20)"
369,2,"(1, 0)","(2, 1)","(0, -1)",onion,"(1, 1)","(1, 0)",dish,"(1, 0):dish;(2, 0):soup('onion', 3, 20)","(2, 0):soup('onion', 3, 20)",180.0,138.0,2,"(1, 0)",-0.018000000000000148,0.0,0.0,-0.018000000000000148,180.0,138.0,False,"(3, 1)",onion,"(2, 1)",dish,"(1, 0):dish;(2, 0):soup('onion', 3, 20)","(2, 0):soup('onion', 3, 20)"
370,2,"(1, 0)","(3, 1)","(1, 0)",onion,"(2, 1)","(1, 0)",dish,"(1, 0):dish;(2, 0):soup('onion', 3, 20)","(2, 0):soup('onion', 3, 20)",180.0,138.0,0,"(0, -1)",-0.018000000000000148,0.0,0.0,-0.018000000000000148,180.0,138.0,False,"(3, 1)",onion,"(2, 1)",dish,"(1, 0):dish;(2, 0):soup('onion', 3, 20)","(2, 0):soup('onion', 3, 20)"
371,5,interact,"(3, 1)","(1, 0)",onion,"(2, 1)","(0, -1)",dish,"(1, 0):dish;(2, 0):soup('onion', 3, 20)","(2, 0):soup('onion', 3, 20)",180.0,138.0,5,interact,5.3978,0.0,5.0,0.39780000000000015,180.0,143.0,False,"(3, 1)",onion,"(2, 1)","soup('onion', 3, 20)","(1, 0):dish","(2, 0):empty"
372,1,"(0, 1)","(3, 1)","(1, 0)",onion,"(2, 1)","(0, -1)","soup('onion', 3, 20)","(1, 0):dish","(2, 0):empty",180.0,143.0,2,"(1, 0)",0.0371999999999999,0.0,0.0,0.0371999999999999,180.0,143.0,False,"(3, 2)",onion,"(3, 1)","soup('onion', 3, 20)","(1, 0):dish","(2, 0):empty"
373,3,"(-1, 0)","(3, 2)","(0, 1)",onion,"(3, 1)","(1, 0)","soup('onion', 3, 20)","(1, 0):dish","(2, 0):empty",180.0,143.0,1,"(0, 1)",0.036599999999999966,0.0,0.0,0.036599999999999966,180.0,143.0,False,"(2, 2)",onion,"(3, 2)","soup('onion', 3, 20)","(1, 0):dish","(2, 0):empty"
374,0,"(0, -1)","(2, 2)","(-1, 0)",onion,"(3, 2)","(0, 1)","soup('onion', 3, 20)","(1, 0):dish","(2, 0):empty",180.0,143.0,5,interact,17.66,20.0,0.0,-2.34,200.0,143.0,True,"(2, 1)",onion,"(3, 2)",,"(1, 0):dish","(2, 0):empty"
375,5,interact,"(2, 1)","(0, -1)",onion,"(3, 2)","(0, 1)",,"(1, 0):dish","(2, 0):empty",200.0,143.0,1,"(0, 1)",3.3564,0.0,3.0,0.3564,200.0,146.0,False,"(2, 1)",,"(3, 2)",,"(1, 0):dish;(2, 0):soup('onion', 1, 0)","(2, 0):soup('onion', 1, 0)"
376,2,"(1, 0)","(2, 1)","(0, -1)",,"(3, 2)","(0, 1)",,"(1, 0):dish;(2, 0):soup('onion', 1, 0)","(2, 0):soup('onion', 1, 0)",200.0,146.0,1,"(0, 1)",-0.003600000000000003,0.0,0.0,-0.003600000000000003,200.0,146.0,False,"(3, 1)",,"(3, 2)",,"(1, 0):dish;(2, 0):soup('onion', 1, 0)","(2, 0):soup('onion', 1, 0)"
377,5,interact,"(3, 1)","(1, 0)",,"(3, 2)","(0, 1)",,"(1, 0):dish;(2, 0):soup('onion', 1, 0)","(2, 0):soup('onion', 1, 0)",200.0,146.0,1,"(0, 1)",-0.003600000000000003,0.0,0.0,-0.003600000000000003,200.0,146.0,False,"(3, 1)",onion,"(3, 2)",,"(1, 0):dish;(2, 0):soup('onion', 1, 0)","(2, 0):soup('onion', 1, 0)"
378,3,"(-1, 0)","(3, 1)","(1, 0)",onion,"(3, 2)","(0, 1)",,"(1, 0):dish;(2, 0):soup('onion', 1, 0)","(2, 0):soup('onion', 1, 0)",200.0,146.0,1,"(0, 1)",-0.003600000000000003,0.0,0.0,-0.003600000000000003,200.0,146.0,False,"(2, 1)",onion,"(3, 2)",,"(1, 0):dish;(2, 0):soup('onion', 1, 0)","(2, 0):soup('onion', 1, 0)"
379,0,"(0, -1)","(2, 1)","(-1, 0)",onion,"(3, 2)","(0, 1)",,"(1, 0):dish;(2, 0):soup('onion', 1, 0)","(2, 0):soup('onion', 1, 0)",200.0,146.0,3,"(-1, 0)",-0.003600000000000003,0.0,0.0,-0.003600000000000003,200.0,146.0,False,"(2, 1)",onion,"(2, 2)",,"(1, 0):dish;(2, 0):soup('onion', 1, 0)","(2, 0):soup('onion', 1, 0)"
380,5,interact,"(2, 1)","(0, -1)",onion,"(2, 2)","(-1, 0)",,"(1, 0):dish;(2, 0):soup('onion', 1, 0)","(2, 0):soup('onion', 1, 0)",200.0,146.0,3,"(-1, 0)",3.3528,0.0,3.0,0.35279999999999995,200.0,149.0,False,"(2, 1)",,"(1, 2)",,"(1, 0):dish;(2, 0):soup('onion', 2, 0)","(2, 0):soup('onion', 2, 0)"
381,2,"(1, 0)","(2, 1)","(0, -1)",,"(1, 2)","(-1, 0)",,"(1, 0):dish;(2, 0):soup('onion', 2, 0)","(2, 0):soup('onion', 2, 0)",200.0,149.0,3,"(-1, 0)",-0.007200000000000006,0.0,0.0,-0.007200000000000006,200.0,149.0,False,"(3, 1)",,"(1, 2)",,"(1, 0):dish;(2, 0):soup('onion', 2, 0)","(2, 0):soup('onion', 2, 0)"
382,5,interact,"(3, 1)","(1, 0)",,"(1, 2)","(-1, 0)",,"(1, 0):dish;(2, 0):soup('onion', 2, 0)","(2, 0):soup('onion', 2, 0)",200.0,149.0,5,interact,-0.007200000000000006,0.0,0.0,-0.007200000000000006,200.0,149.0,False,"(3, 1)",onion,"(1, 2)",,"(1, 0):dish;(2, 0):soup('onion', 2, 0)","(2, 0):soup('onion', 2, 0)"
383,3,"(-1, 0)","(3, 1)","(1, 0)",onion,"(1, 2)","(-1, 0)",,"(1, 0):dish;(2, 0):soup('onion', 2, 0)","(2, 0):soup('onion', 2, 0)",200.0,149.0,5,interact,-0.007200000000000006,0.0,0.0,-0.007200000000000006,200.0,149.0,False,"(2, 1)",onion,"(1, 2)",,"(1, 0):dish;(2, 0):soup('onion', 2, 0)","(2, 0):soup('onion', 2, 0)"
384,0,"(0, -1)","(2, 1)","(-1, 0)",onion,"(1, 2)","(-1, 0)",,"(1, 0):dish;(2, 0):soup('onion', 2, 0)","(2, 0):soup('onion', 2, 0)",200.0,149.0,1,"(0, 1)",-0.007200000000000006,0.0,0.0,-0.007200000000000006,200.0,149.0,False,"(2, 1)",onion,"(1, 2)",,"(1, 0):dish;(2, 0):soup('onion', 2, 0)","(2, 0):soup('onion', 2, 0)"
385,5,interact,"(2, 1)","(0, -1)",onion,"(1, 2)","(0, 1)",,"(1, 0):dish;(2, 0):soup('onion', 2, 0)","(2, 0):soup('onion', 2, 0)",200.0,149.0,4,"(0, 0)",3.468,0.0,3.0,0.46799999999999997,200.0,152.0,False,"(2, 1)",,"(1, 2)",,"(1, 0):dish;(2, 0):soup('onion', 3, 1)","(2, 0):soup('onion', 3, 1)"
386,3,"(-1, 0)","(2, 1)","(0, -1)",,"(1, 2)","(0, 1)",,"(1, 0):dish;(2, 0):soup('onion', 3, 1)","(2, 0):soup('onion', 3, 1)",200.0,152.0,5,interact,-0.01200000000000001,0.0,0.0,-0.01200000000000001,200.0,152.0,False,"(1, 1)",,"(1, 2)",dish,"(1, 0):dish;(2, 0):soup('onion', 3, 2)","(2, 0):soup('onion', 3, 2)"
387,2,"(1, 0)","(1, 1)","(-1, 0)",,"(1, 2)","(0, 1)",dish,"(1, 0):dish;(2, 0):soup('onion', 3, 2)","(2, 0):soup('onion', 3, 2)",200.0,152.0,4,"(0, 0)",-0.01200000000000001,0.0,0.0,-0.01200000000000001,200.0,152.0,False,"(2, 1)",,"(1, 2)",dish,"(1, 0):dish;(2, 0):soup('onion', 3, 3)","(2, 0):soup('onion', 3, 3)"
388,2,"(1, 0)","(2, 1)","(1, 0)",,"(1, 2)","(0, 1)",dish,"(1, 0):dish;(2, 0):soup('onion', 3, 3)","(2, 0):soup('onion', 3, 3)",200.0,152.0,4,"(0, 0)",-0.01200000000000001,0.0,0.0,-0.01200000000000001,200.0,152.0,False,"(3, 1)",,"(1, 2)",dish,"(1, 0):dish;(2, 0):soup('onion', 3, 4)","(2, 0):soup('onion', 3, 4)"
389,5,interact,"(3, 1)","(1, 0)",,"(1, 2)","(0, 1)",dish,"(1, 0):dish;(2, 0):soup('onion', 3, 4)","(2, 0):soup('onion', 3, 4)",200.0,152.0,0,"(0, -1)",-0.01200000000000001,0.0,0.0,-0.01200000000000001,200.0,152.0,False,"(3, 1)",onion,"(1, 1)",dish,"(1, 0):dish;(2, 0):soup('onion', 3, 5)","(2, 0):soup('onion', 3, 5)"
390,3,"(-1, 0)","(3, 1)","(1, 0)",onion,"(1, 1)","(0, -1)",dish,"(1, 0):dish;(2, 0):soup('onion', 3, 5)","(2, 0):soup('onion', 3, 5)",200.0,152.0,5,interact,-0.01200000000000001,0.0,0.0,-0.01200000000000001,200.0,152.0,False,"(2, 1)",onion,"(1, 1)",dish,"(1, 0):dish;(2, 0):soup('onion', 3, 6)","(2, 0):soup('onion', 3, 6)"
391,0,"(0, -1)","(2, 1)","(-1, 0)",onion,"(1, 1)","(0, -1)",dish,"(1, 0):dish;(2, 0):soup('onion', 3, 6)","(2, 0):soup('onion', 3, 6)",200.0,152.0,0,"(0, -1)",-0.01200000000000001,0.0,0.0,-0.01200000000000001,200.0,152.0,False,"(2, 1)",onion,"(1, 1)",dish,"(1, 0):dish;(2, 0):soup('onion', 3, 7)","(2, 0):soup('onion', 3, 7)"
392,0,"(0, -1)","(2, 1)","(0, -1)",onion,"(1, 1)","(0, -1)",dish,"(1, 0):dish;(2, 0):soup('onion', 3, 7)","(2, 0):soup('onion', 3, 7)",200.0,152.0,0,"(0, -1)",-0.01200000000000001,0.0,0.0,-0.01200000000000001,200.0,152.0,False,"(2, 1)",onion,"(1, 1)",dish,"(1, 0):dish;(2, 0):soup('onion', 3, 8)","(2, 0):soup('onion', 3, 8)"
393,0,"(0, -1)","(2, 1)","(0, -1)",onion,"(1, 1)","(0, -1)",dish,"(1, 0):dish;(2, 0):soup('onion', 3, 8)","(2, 0):soup('onion', 3, 8)",200.0,152.0,0,"(0, -1)",-0.01200000000000001,0.0,0.0,-0.01200000000000001,200.0,152.0,False,"(2, 1)",onion,"(1, 1)",dish,"(1, 0):dish;(2, 0):soup('onion', 3, 9)","(2, 0):soup('onion', 3, 9)"
394,0,"(0, -1)","(2, 1)","(0, -1)",onion,"(1, 1)","(0, -1)",dish,"(1, 0):dish;(2, 0):soup('onion', 3, 9)","(2, 0):soup('onion', 3, 9)",200.0,152.0,0,"(0, -1)",-0.01200000000000001,0.0,0.0,-0.01200000000000001,200.0,152.0,False,"(2, 1)",onion,"(1, 1)",dish,"(1, 0):dish;(2, 0):soup('onion', 3, 10)","(2, 0):soup('onion', 3, 10)"
395,0,"(0, -1)","(2, 1)","(0, -1)",onion,"(1, 1)","(0, -1)",dish,"(1, 0):dish;(2, 0):soup('onion', 3, 10)","(2, 0):soup('onion', 3, 10)",200.0,152.0,0,"(0, -1)",-0.01200000000000001,0.0,0.0,-0.01200000000000001,200.0,152.0,False,"(2, 1)",onion,"(1, 1)",dish,"(1, 0):dish;(2, 0):soup('onion', 3, 11)","(2, 0):soup('onion', 3, 11)"
396,0,"(0, -1)","(2, 1)","(0, -1)",onion,"(1, 1)","(0, -1)",dish,"(1, 0):dish;(2, 0):soup('onion', 3, 11)","(2, 0):soup('onion', 3, 11)",200.0,152.0,0,"(0, -1)",-0.01200000000000001,0.0,0.0,-0.01200000000000001,200.0,152.0,False,"(2, 1)",onion,"(1, 1)",dish,"(1, 0):dish;(2, 0):soup('onion', 3, 12)","(2, 0):soup('onion', 3, 12)"
397,0,"(0, -1)","(2, 1)","(0, -1)",onion,"(1, 1)","(0, -1)",dish,"(1, 0):dish;(2, 0):soup('onion', 3, 12)","(2, 0):soup('onion', 3, 12)",200.0,152.0,0,"(0, -1)",-0.01200000000000001,0.0,0.0,-0.01200000000000001,200.0,152.0,False,"(2, 1)",onion,"(1, 1)",dish,"(1, 0):dish;(2, 0):soup('onion', 3, 13)","(2, 0):soup('onion', 3, 13)"
398,0,"(0, -1)","(2, 1)","(0, -1)",onion,"(1, 1)","(0, -1)",dish,"(1, 0):dish;(2, 0):soup('onion', 3, 13)","(2, 0):soup('onion', 3, 13)",200.0,152.0,0,"(0, -1)",-0.01200000000000001,0.0,0.0,-0.01200000000000001,200.0,152.0,False,"(2, 1)",onion,"(1, 1)",dish,"(1, 0):dish;(2, 0):soup('onion', 3, 14)","(2, 0):soup('onion', 3, 14)"
399,0,"(0, -1)","(2, 1)","(0, -1)",onion,"(1, 1)","(0, -1)",dish,"(1, 0):dish;(2, 0):soup('onion', 3, 14)","(2, 0):soup('onion', 3, 14)",200.0,152.0,0,"(0, -1)",-0.01200000000000001,0.0,0.0,-0.01200000000000001,200.0,152.0,False,"(2, 1)",onion,"(1, 1)",dish,"(1, 0):dish;(2, 0):soup('onion', 3, 15)","(2, 0):soup('onion', 3, 15)"
