step,ego_action_idx,ego_action,p0_pos,p0_orient,p0_held,p1_pos,p1_orient,p1_held,objects_before,pots_before,cum_sparse_before,cum_shaped_before,partner_action_idx,partner_action,reward,sparse_reward,built_in_shaped_reward,custom_shaped_reward,cum_sparse_after,cum_shaped_after,delivery_event,p0_pos_after,p0_held_after,p1_pos_after,p1_held_after,objects_after,pots_after
0,2,"(1, 0)","(1, 2)","(0, -1)",,"(3, 1)","(0, -1)",,,"(2, 0):empty",0.0,0.0,1,"(0, 1)",0.0,0.0,0.0,0.0,0.0,0.0,False,"(2, 2)",,"(3, 2)",,,"(2, 0):empty"
1,0,"(0, -1)","(2, 2)","(1, 0)",,"(3, 2)","(0, 1)",,,"(2, 0):empty",0.0,0.0,1,"(0, 1)",0.0,0.0,0.0,0.0,0.0,0.0,False,"(2, 1)",,"(3, 2)",,,"(2, 0):empty"
2,2,"(1, 0)","(2, 1)","(0, -1)",,"(3, 2)","(0, 1)",,,"(2, 0):empty",0.0,0.0,5,interact,0.0,0.0,0.0,0.0,0.0,0.0,False,"(3, 1)",,"(3, 2)",,,"(2, 0):empty"
3,5,interact,"(3, 1)","(1, 0)",,"(3, 2)","(0, 1)",,,"(2, 0):empty",0.0,0.0,1,"(0, 1)",0.0,0.0,0.0,0.0,0.0,0.0,False,"(3, 1)",onion,"(3, 2)",,,"(2, 0):empty"
4,3,"(-1, 0)","(3, 1)","(1, 0)",onion,"(3, 2)","(0, 1)",,,"(2, 0):empty",0.0,0.0,1,"(0, 1)",0.0,0.0,0.0,0.0,0.0,0.0,False,"(2, 1)",onion,"(3, 2)",,,"(2, 0):empty"
5,0,"(0, -1)","(2, 1)","(-1, 0)",onion,"(3, 2)","(0, 1)",,,"(2, 0):empty",0.0,0.0,1,"(0, 1)",0.0,0.0,0.0,0.0,0.0,0.0,False,"(2, 1)",onion,"(3, 2)",,,"(2, 0):empty"
6,5,interact,"(2, 1)","(0, -1)",onion,"(3, 2)","(0, 1)",,,"(2, 0):empty",0.0,0.0,5,interact,3.0594,0.0,3.0,0.0594,0.0,3.0,False,"(2, 1)",,"(3, 2)",,"(2, 0):soup('onion', 1, 0)","(2, 0):soup('onion', 1, 0)"
7,2,"(1, 0)","(2, 1)","(0, -1)",,"(3, 2)","(0, 1)",,"(2, 0):soup('onion', 1, 0)","(2, 0):soup('onion', 1, 0)",0.0,3.0,3,"(-1, 0)",-0.0006000000000000006,0.0,0.0,-0.0006000000000000006,0.0,3.0,False,"(3, 1)",,"(2, 2)",,"(2, 0):soup('onion', 1, 0)","(2, 0):soup('onion', 1, 0)"
8,5,interact,"(3, 1)","(1, 0)",,"(2, 2)","(-1, 0)",,"(2, 0):soup('onion', 1, 0)","(2, 0):soup('onion', 1, 0)",0.0,3.0,1,"(0, 1)",-0.0006000000000000006,0.0,0.0,-0.0006000000000000006,0.0,3.0,False,"(3, 1)",onion,"(2, 2)",,"(2, 0):soup('onion', 1, 0)","(2, 0):soup('onion', 1, 0)"
9,3,"(-1, 0)","(3, 1)","(1, 0)",onion,"(2, 2)","(0, 1)",,"(2, 0):soup('onion', 1, 0)","(2, 0):soup('onion', 1, 0)",0.0,3.0,1,"(0, 1)",-0.0006000000000000006,0.0,0.0,-0.0006000000000000006,0.0,3.0,False,"(2, 1)",onion,"(2, 2)",,"(2, 0):soup('onion', 1, 0)","(2, 0):soup('onion', 1, 0)"
10,0,"(0, -1)","(2, 1)","(-1, 0)",onion,"(2, 2)","(0, 1)",,"(2, 0):soup('onion', 1, 0)","(2, 0):soup('onion', 1, 0)",0.0,3.0,0,"(0, -1)",-0.0006000000000000006,0.0,0.0,-0.0006000000000000006,0.0,3.0,False,"(2, 1)",onion,"(2, 2)",,"(2, 0):soup('onion', 1, 0)","(2, 0):soup('onion', 1, 0)"
11,5,interact,"(2, 1)","(0, -1)",onion,"(2, 2)","(0, -1)",,"(2, 0):soup('onion', 1, 0)","(2, 0):soup('onion', 1, 0)",0.0,3.0,5,interact,3.0588,0.0,3.0,0.0588,0.0,6.0,False,"(2, 1)",,"(2, 2)",,"(2, 0):soup('onion', 2, 0)","(2, 0):soup('onion', 2, 0)"
12,2,"(1, 0)","(2, 1)","(0, -1)",,"(2, 2)","(0, -1)",,"(2, 0):soup('onion', 2, 0)","(2, 0):soup('onion', 2, 0)",0.0,6.0,3,"(-1, 0)",-0.0012000000000000012,0.0,0.0,-0.0012000000000000012,0.0,6.0,False,"(3, 1)",,"(1, 2)",,"(2, 0):soup('onion', 2, 0)","(2, 0):soup('onion', 2, 0)"
13,5,interact,"(3, 1)","(1, 0)",,"(1, 2)","(-1, 0)",,"(2, 0):soup('onion', 2, 0)","(2, 0):soup('onion', 2, 0)",0.0,6.0,1,"(0, 1)",-0.0012000000000000012,0.0,0.0,-0.0012000000000000012,0.0,6.0,False,"(3, 1)",onion,"(1, 2)",,"(2, 0):soup('onion', 2, 0)","(2, 0):soup('onion', 2, 0)"
14,3,"(-1, 0)","(3, 1)","(1, 0)",onion,"(1, 2)","(0, 1)",,"(2, 0):soup('onion', 2, 0)","(2, 0):soup('onion', 2, 0)",0.0,6.0,1,"(0, 1)",-0.0012000000000000012,0.0,0.0,-0.0012000000000000012,0.0,6.0,False,"(2, 1)",onion,"(1, 2)",,"(2, 0):soup('onion', 2, 0)","(2, 0):soup('onion', 2, 0)"
15,0,"(0, -1)","(2, 1)","(-1, 0)",onion,"(1, 2)","(0, 1)",,"(2, 0):soup('onion', 2, 0)","(2, 0):soup('onion', 2, 0)",0.0,6.0,5,interact,2.9988,0.0,3.0,-0.0012000000000000012,0.0,9.0,False,"(2, 1)",onion,"(1, 2)",dish,"(2, 0):soup('onion', 2, 0)","(2, 0):soup('onion', 2, 0)"
16,5,interact,"(2, 1)","(0, -1)",onion,"(1, 2)","(0, 1)",dish,"(2, 0):soup('onion', 2, 0)","(2, 0):soup('onion', 2, 0)",0.0,9.0,5,interact,3.078,0.0,3.0,0.07800000000000001,0.0,12.0,False,"(2, 1)",,"(1, 2)",dish,"(2, 0):soup('onion', 3, 1)","(2, 0):soup('onion', 3, 1)"
17,5,interact,"(2, 1)","(0, -1)",,"(1, 2)","(0, 1)",dish,"(2, 0):soup('onion', 3, 1)","(2, 0):soup('onion', 3, 1)",0.0,12.0,5,interact,-0.0020000000000000018,0.0,0.0,-0.0020000000000000018,0.0,12.0,False,"(2, 1)",,"(1, 2)",dish,"(2, 0):soup('onion', 3, 2)","(2, 0):soup('onion', 3, 2)"
18,5,interact,"(2, 1)","(0, -1)",,"(1, 2)","(0, 1)",dish,"(2, 0):soup('onion', 3, 2)","(2, 0):soup('onion', 3, 2)",0.0,12.0,5,interact,-0.0020000000000000018,0.0,0.0,-0.0020000000000000018,0.0,12.0,False,"(2, 1)",,"(1, 2)",dish,"(2, 0):soup('onion', 3, 3)","(2, 0):soup('onion', 3, 3)"
19,5,interact,"(2, 1)","(0, -1)",,"(1, 2)","(0, 1)",dish,"(2, 0):soup('onion', 3, 3)","(2, 0):soup('onion', 3, 3)",0.0,12.0,5,interact,-0.0020000000000000018,0.0,0.0,-0.0020000000000000018,0.0,12.0,False,"(2, 1)",,"(1, 2)",dish,"(2, 0):soup('onion', 3, 4)","(2, 0):soup('onion', 3, 4)"
20,5,interact,"(2, 1)","(0, -1)",,"(1, 2)","(0, 1)",dish,"(2, 0):soup('onion', 3, 4)","(2, 0):soup('onion', 3, 4)",0.0,12.0,5,interact,-0.0020000000000000018,0.0,0.0,-0.0020000000000000018,0.0,12.0,False,"(2, 1)",,"(1, 2)",dish,"(2, 0):soup('onion', 3, 5)","(2, 0):soup('onion', 3, 5)"
21,5,interact,"(2, 1)","(0, -1)",,"(1, 2)","(0, 1)",dish,"(2, 0):soup('onion', 3, 5)","(2, 0):soup('onion', 3, 5)",0.0,12.0,5,interact,-0.0020000000000000018,0.0,0.0,-0.0020000000000000018,0.0,12.0,False,"(2, 1)",,"(1, 2)",dish,"(2, 0):soup('onion', 3, 6)","(2, 0):soup('onion', 3, 6)"
22,5,interact,"(2, 1)","(0, -1)",,"(1, 2)","(0, 1)",dish,"(2, 0):soup('onion', 3, 6)","(2, 0):soup('onion', 3, 6)",0.0,12.0,5,interact,-0.0020000000000000018,0.0,0.0,-0.0020000000000000018,0.0,12.0,False,"(2, 1)",,"(1, 2)",dish,"(2, 0):soup('onion', 3, 7)","(2, 0):soup('onion', 3, 7)"
23,5,interact,"(2, 1)","(0, -1)",,"(1, 2)","(0, 1)",dish,"(2, 0):soup('onion', 3, 7)","(2, 0):soup('onion', 3, 7)",0.0,12.0,5,interact,-0.0020000000000000018,0.0,0.0,-0.0020000000000000018,0.0,12.0,False,"(2, 1)",,"(1, 2)",dish,"(2, 0):soup('onion', 3, 8)","(2, 0):soup('onion', 3, 8)"
24,5,interact,"(2, 1)","(0, -1)",,"(1, 2)","(0, 1)",dish,"(2, 0):soup('onion', 3, 8)","(2, 0):soup('onion', 3, 8)",0.0,12.0,5,interact,-0.0020000000000000018,0.0,0.0,-0.0020000000000000018,0.0,12.0,False,"(2, 1)",,"(1, 2)",dish,"(2, 0):soup('onion', 3, 9)","(2, 0):soup('onion', 3, 9)"
25,5,interact,"(2, 1)","(0, -1)",,"(1, 2)","(0, 1)",dish,"(2, 0):soup('onion', 3, 9)","(2, 0):soup('onion', 3, 9)",0.0,12.0,5,interact,-0.0020000000000000018,0.0,0.0,-0.0020000000000000018,0.0,12.0,False,"(2, 1)",,"(1, 2)",dish,"(2, 0):soup('onion', 3, 10)","(2, 0):soup('onion', 3, 10)"
26,5,interact,"(2, 1)","(0, -1)",,"(1, 2)","(0, 1)",dish,"(2, 0):soup('onion', 3, 10)","(2, 0):soup('onion', 3, 10)",0.0,12.0,5,interact,-0.0020000000000000018,0.0,0.0,-0.0020000000000000018,0.0,12.0,False,"(2, 1)",,"(1, 2)",dish,"(2, 0):soup('onion', 3, 11)","(2, 0):soup('onion', 3, 11)"
27,5,interact,"(2, 1)","(0, -1)",,"(1, 2)","(0, 1)",dish,"(2, 0):soup('onion', 3, 11)","(2, 0):soup('onion', 3, 11)",0.0,12.0,5,interact,-0.0020000000000000018,0.0,0.0,-0.0020000000000000018,0.0,12.0,False,"(2, 1)",,"(1, 2)",dish,"(2, 0):soup('onion', 3, 12)","(2, 0):soup('onion', 3, 12)"
28,5,interact,"(2, 1)","(0, -1)",,"(1, 2)","(0, 1)",dish,"(2, 0):soup('onion', 3, 12)","(2, 0):soup('onion', 3, 12)",0.0,12.0,5,interact,-0.0020000000000000018,0.0,0.0,-0.0020000000000000018,0.0,12.0,False,"(2, 1)",,"(1, 2)",dish,"(2, 0):soup('onion', 3, 13)","(2, 0):soup('onion', 3, 13)"
29,5,interact,"(2, 1)","(0, -1)",,"(1, 2)","(0, 1)",dish,"(2, 0):soup('onion', 3, 13)","(2, 0):soup('onion', 3, 13)",0.0,12.0,5,interact,-0.0020000000000000018,0.0,0.0,-0.0020000000000000018,0.0,12.0,False,"(2, 1)",,"(1, 2)",dish,"(2, 0):soup('onion', 3, 14)","(2, 0):soup('onion', 3, 14)"
30,5,interact,"(2, 1)","(0, -1)",,"(1, 2)","(0, 1)",dish,"(2, 0):soup('onion', 3, 14)","(2, 0):soup('onion', 3, 14)",0.0,12.0,5,interact,-0.0020000000000000018,0.0,0.0,-0.0020000000000000018,0.0,12.0,False,"(2, 1)",,"(1, 2)",dish,"(2, 0):soup('onion', 3, 15)","(2, 0):soup('onion', 3, 15)"
31,5,interact,"(2, 1)","(0, -1)",,"(1, 2)","(0, 1)",dish,"(2, 0):soup('onion', 3, 15)","(2, 0):soup('onion', 3, 15)",0.0,12.0,5,interact,-0.0020000000000000018,0.0,0.0,-0.0020000000000000018,0.0,12.0,False,"(2, 1)",,"(1, 2)",dish,"(2, 0):soup('onion', 3, 16)","(2, 0):soup('onion', 3, 16)"
32,5,interact,"(2, 1)","(0, -1)",,"(1, 2)","(0, 1)",dish,"(2, 0):soup('onion', 3, 16)","(2, 0):soup('onion', 3, 16)",0.0,12.0,5,interact,-0.0020000000000000018,0.0,0.0,-0.0020000000000000018,0.0,12.0,False,"(2, 1)",,"(1, 2)",dish,"(2, 0):soup('onion', 3, 17)","(2, 0):soup('onion', 3, 17)"
33,5,interact,"(2, 1)","(0, -1)",,"(1, 2)","(0, 1)",dish,"(2, 0):soup('onion', 3, 17)","(2, 0):soup('onion', 3, 17)",0.0,12.0,5,interact,-0.0020000000000000018,0.0,0.0,-0.0020000000000000018,0.0,12.0,False,"(2, 1)",,"(1, 2)",dish,"(2, 0):soup('onion', 3, 18)","(2, 0):soup('onion', 3, 18)"
34,5,interact,"(2, 1)","(0, -1)",,"(1, 2)","(0, 1)",dish,"(2, 0):soup('onion', 3, 18)","(2, 0):soup('onion', 3, 18)",0.0,12.0,5,interact,-0.0020000000000000018,0.0,0.0,-0.0020000000000000018,0.0,12.0,False,"(2, 1)",,"(1, 2)",dish,"(2, 0):soup('onion', 3, 19)","(2, 0):soup('onion', 3, 19)"
35,5,interact,"(2, 1)","(0, -1)",,"(1, 2)","(0, 1)",dish,"(2, 0):soup('onion', 3, 19)","(2, 0):soup('onion', 3, 19)",0.0,12.0,5,interact,0.09699999999999998,0.0,0.0,0.09699999999999998,0.0,12.0,False,"(2, 1)",,"(1, 2)",dish,"(2, 0):soup('onion', 3, 20)","(2, 0):soup('onion', 3, 20)"
36,3,"(-1, 0)","(2, 1)","(0, -1)",,"(1, 2)","(0, 1)",dish,"(2, 0):soup('onion', 3, 20)","(2, 0):soup('onion', 3, 20)",0.0,12.0,5,interact,-0.003000000000000025,0.0,0.0,-0.003000000000000025,0.0,12.0,False,"(1, 1)",,"(1, 2)",dish,"(2, 0):soup('onion', 3, 20)","(2, 0):soup('onion', 3, 20)"
37,4,"(0, 0)","(1, 1)","(-1, 0)",,"(1, 2)","(0, 1)",dish,"(2, 0):soup('onion', 3, 20)","(2, 0):soup('onion', 3, 20)",0.0,12.0,2,"(1, 0)",-0.003000000000000025,0.0,0.0,-0.003000000000000025,0.0,12.0,False,"(1, 1)",,"(2, 2)",dish,"(2, 0):soup('onion', 3, 20)","(2, 0):soup('onion', 3, 20)"
38,4,"(0, 0)","(1, 1)","(-1, 0)",,"(2, 2)","(1, 0)",dish,"(2, 0):soup('onion', 3, 20)","(2, 0):soup('onion', 3, 20)",0.0,12.0,0,"(0, -1)",-0.003000000000000025,0.0,0.0,-0.003000000000000025,0.0,12.0,False,"(1, 1)",,"(2, 1)",dish,"(2, 0):soup('onion', 3, 20)","(2, 0):soup('onion', 3, 20)"
39,5,interact,"(1, 1)","(-1, 0)",,"(2, 1)","(0, -1)",dish,"(2, 0):soup('onion', 3, 20)","(2, 0):soup('onion', 3, 20)",0.0,12.0,5,interact,5.0663,0.0,5.0,0.06630000000000003,0.0,17.0,False,"(1, 1)",onion,"(2, 1)","soup('onion', 3, 20)",,"(2, 0):empty"
40,2,"(1, 0)","(1, 1)","(-1, 0)",onion,"(2, 1)","(0, -1)","soup('onion', 3, 20)",,"(2, 0):empty",0.0,17.0,2,"(1, 0)",0.006199999999999983,0.0,0.0,0.006199999999999983,0.0,17.0,False,"(2, 1)",onion,"(3, 1)","soup('onion', 3, 20)",,"(2, 0):empty"
41,0,"(0, -1)","(2, 1)","(1, 0)",onion,"(3, 1)","(1, 0)","soup('onion', 3, 20)",,"(2, 0):empty",0.0,17.0,1,"(0, 1)",0.006099999999999994,0.0,0.0,0.006099999999999994,0.0,17.0,False,"(2, 1)",onion,"(3, 2)","soup('onion', 3, 20)",,"(2, 0):empty"
42,5,interact,"(2, 1)","(0, -1)",onion,"(3, 2)","(0, 1)","soup('onion', 3, 20)",,"(2, 0):empty",0.0,17.0,5,interact,22.6694,20.0,3.0,-0.3306,20.0,20.0,True,"(2, 1)",,"(3, 2)",,"(2, 0):soup('onion', 1, 0)","(2, 0):soup('onion', 1, 0)"
43,2,"(1, 0)","(2, 1)","(0, -1)",,"(3, 2)","(0, 1)",,"(2, 0):soup('onion', 1, 0)","(2, 0):soup('onion', 1, 0)",20.0,20.0,3,"(-1, 0)",-0.0006000000000000006,0.0,0.0,-0.0006000000000000006,20.0,20.0,False,"(3, 1)",,"(2, 2)",,"(2, 0):soup('onion', 1, 0)","(2, 0):soup('onion', 1, 0)"
44,5,interact,"(3, 1)","(1, 0)",,"(2, 2)","(-1, 0)",,"(2, 0):soup('onion', 1, 0)","(2, 0):soup('onion', 1, 0)",20.0,20.0,1,"(0, 1)",-0.0006000000000000006,0.0,0.0,-0.0006000000000000006,20.0,20.0,False,"(3, 1)",onion,"(2, 2)",,"(2, 0):soup('onion', 1, 0)","(2, 0):soup('onion', 1, 0)"
45,3,"(-1, 0)","(3, 1)","(1, 0)",onion,"(2, 2)","(0, 1)",,"(2, 0):soup('onion', 1, 0)","(2, 0):soup('onion', 1, 0)",20.0,20.0,1,"(0, 1)",-0.0006000000000000006,0.0,0.0,-0.0006000000000000006,20.0,20.0,False,"(2, 1)",onion,"(2, 2)",,"(2, 0):soup('onion', 1, 0)","(2, 0):soup('onion', 1, 0)"
46,0,"(0, -1)","(2, 1)","(-1, 0)",onion,"(2, 2)","(0, 1)",,"(2, 0):soup('onion', 1, 0)","(2, 0):soup('onion', 1, 0)",20.0,20.0,0,"(0, -1)",-0.0006000000000000006,0.0,0.0,-0.0006000000000000006,20.0,20.0,False,"(2, 1)",onion,"(2, 2)",,"(2, 0):soup('onion', 1, 0)","(2, 0):soup('onion', 1, 0)"
47,5,interact,"(2, 1)","(0, -1)",onion,"(2, 2)","(0, -1)",,"(2, 0):soup('onion', 1, 0)","(2, 0):soup('onion', 1, 0)",20.0,20.0,5,interact,3.0588,0.0,3.0,0.0588,20.0,23.0,False,"(2, 1)",,"(2, 2)",,"(2, 0):soup('onion', 2, 0)","(2, 0):soup('onion', 2, 0)"
48,2,"(1, 0)","(2, 1)","(0, -1)",,"(2, 2)","(0, -1)",,"(2, 0):soup('onion', 2, 0)","(2, 0):soup('onion', 2, 0)",20.0,23.0,3,"(-1, 0)",-0.0012000000000000012,0.0,0.0,-0.0012000000000000012,20.0,23.0,False,"(3, 1)",,"(1, 2)",,"(2, 0):soup('onion', 2, 0)","(2, 0):soup('onion', 2, 0)"
49,5,interact,"(3, 1)","(1, 0)",,"(1, 2)","(-1, 0)",,"(2, 0):soup('onion', 2, 0)","(2, 0):soup('onion', 2, 0)",20.0,23.0,1,"(0, 1)",-0.0012000000000000012,0.0,0.0,-0.0012000000000000012,20.0,23.0,False,"(3, 1)",onion,"(1, 2)",,"(2, 0):soup('onion', 2, 0)","(2, 0):soup('onion', 2, 0)"
50,3,"(-1, 0)","(3, 1)","(1, 0)",onion,"(1, 2)","(0, 1)",,"(2, 0):soup('onion', 2, 0)","(2, 0):soup('onion', 2, 0)",20.0,23.0,1,"(0, 1)",-0.0012000000000000012,0.0,0.0,-0.0012000000000000012,20.0,23.0,False,"(2, 1)",onion,"(1, 2)",,"(2, 0):soup('onion', 2, 0)","(2, 0):soup('onion', 2, 0)"
51,0,"(0, -1)","(2, 1)","(-1, 0)",onion,"(1, 2)","(0, 1)",,"(2, 0):soup('onion', 2, 0)","(2, 0):soup('onion', 2, 0)",20.0,23.0,5,interact,2.9988,0.0,3.0,-0.0012000000000000012,20.0,26.0,False,"(2, 1)",onion,"(1, 2)",dish,"(2, 0):soup('onion', 2, 0)","(2, 0):soup('onion', 2, 0)"
52,5,interact,"(2, 1)","(0, -1)",onion,"(1, 2)","(0, 1)",dish,"(2, 0):soup('onion', 2, 0)","(2, 0):soup('onion', 2, 0)",20.0,26.0,5,interact,3.078,0.0,3.0,0.07800000000000001,20.0,29.0,False,"(2, 1)",,"(1, 2)",dish,"(2, 0):soup('onion', 3, 1)","(2, 0):soup('onion', 3, 1)"
53,5,interact,"(2, 1)","(0, -1)",,"(1, 2)","(0, 1)",dish,"(2, 0):soup('onion', 3, 1)","(2, 0):soup('onion', 3, 1)",20.0,29.0,5,interact,-0.0020000000000000018,0.0,0.0,-0.0020000000000000018,20.0,29.0,False,"(2, 1)",,"(1, 2)",dish,"(2, 0):soup('onion', 3, 2)","(2, 0):soup('onion', 3, 2)"
54,5,interact,"(2, 1)","(0, -1)",,"(1, 2)","(0, 1)",dish,"(2, 0):soup('onion', 3, 2)","(2, 0):soup('onion', 3, 2)",20.0,29.0,5,interact,-0.0020000000000000018,0.0,0.0,-0.0020000000000000018,20.0,29.0,False,"(2, 1)",,"(1, 2)",dish,"(2, 0):soup('onion', 3, 3)","(2, 0):soup('onion', 3, 3)"
55,5,interact,"(2, 1)","(0, -1)",,"(1, 2)","(0, 1)",dish,"(2, 0):soup('onion', 3, 3)","(2, 0):soup('onion', 3, 3)",20.0,29.0,5,interact,-0.0020000000000000018,0.0,0.0,-0.0020000000000000018,20.0,29.0,False,"(2, 1)",,"(1, 2)",dish,"(2, 0):soup('onion', 3, 4)","(2, 0):soup('onion', 3, 4)"
56,5,interact,"(2, 1)","(0, -1)",,"(1, 2)","(0, 1)",dish,"(2, 0):soup('onion', 3, 4)","(2, 0):soup('onion', 3, 4)",20.0,29.0,5,interact,-0.0020000000000000018,0.0,0.0,-0.0020000000000000018,20.0,29.0,False,"(2, 1)",,"(1, 2)",dish,"(2, 0):soup('onion', 3, 5)","(2, 0):soup('onion', 3, 5)"
57,5,interact,"(2, 1)","(0, -1)",,"(1, 2)","(0, 1)",dish,"(2, 0):soup('onion', 3, 5)","(2, 0):soup('onion', 3, 5)",20.0,29.0,5,interact,-0.0020000000000000018,0.0,0.0,-0.0020000000000000018,20.0,29.0,False,"(2, 1)",,"(1, 2)",dish,"(2, 0):soup('onion', 3, 6)","(2, 0):soup('onion', 3, 6)"
58,5,interact,"(2, 1)","(0, -1)",,"(1, 2)","(0, 1)",dish,"(2, 0):soup('onion', 3, 6)","(2, 0):soup('onion', 3, 6)",20.0,29.0,5,interact,-0.0020000000000000018,0.0,0.0,-0.0020000000000000018,20.0,29.0,False,"(2, 1)",,"(1, 2)",dish,"(2, 0):soup('onion', 3, 7)","(2, 0):soup('onion', 3, 7)"
59,5,interact,"(2, 1)","(0, -1)",,"(1, 2)","(0, 1)",dish,"(2, 0):soup('onion', 3, 7)","(2, 0):soup('onion', 3, 7)",20.0,29.0,5,interact,-0.0020000000000000018,0.0,0.0,-0.0020000000000000018,20.0,29.0,False,"(2, 1)",,"(1, 2)",dish,"(2, 0):soup('onion', 3, 8)","(2, 0):soup('onion', 3, 8)"
60,5,interact,"(2, 1)","(0, -1)",,"(1, 2)","(0, 1)",dish,"(2, 0):soup('onion', 3, 8)","(2, 0):soup('onion', 3, 8)",20.0,29.0,5,interact,-0.0020000000000000018,0.0,0.0,-0.0020000000000000018,20.0,29.0,False,"(2, 1)",,"(1, 2)",dish,"(2, 0):soup('onion', 3, 9)","(2, 0):soup('onion', 3, 9)"
61,5,interact,"(2, 1)","(0, -1)",,"(1, 2)","(0, 1)",dish,"(2, 0):soup('onion', 3, 9)","(2, 0):soup('onion', 3, 9)",20.0,29.0,5,interact,-0.0020000000000000018,0.0,0.0,-0.0020000000000000018,20.0,29.0,False,"(2, 1)",,"(1, 2)",dish,"(2, 0):soup('onion', 3, 10)","(2, 0):soup('onion', 3, 10)"
62,5,interact,"(2, 1)","(0, -1)",,"(1, 2)","(0, 1)",dish,"(2, 0):soup('onion', 3, 10)","(2, 0):soup('onion', 3, 10)",20.0,29.0,5,interact,-0.0020000000000000018,0.0,0.0,-0.0020000000000000018,20.0,29.0,False,"(2, 1)",,"(1, 2)",dish,"(2, 0):soup('onion', 3, 11)","(2, 0):soup('onion', 3, 11)"
63,5,interact,"(2, 1)","(0, -1)",,"(1, 2)","(0, 1)",dish,"(2, 0):soup('onion', 3, 11)","(2, 0):soup('onion', 3, 11)",20.0,29.0,5,interact,-0.0020000000000000018,0.0,0.0,-0.0020000000000000018,20.0,29.0,False,"(2, 1)",,"(1, 2)",dish,"(2, 0):soup('onion', 3, 12)","(2, 0):soup('onion', 3, 12)"
64,5,interact,"(2, 1)","(0, -1)",,"(1, 2)","(0, 1)",dish,"(2, 0):soup('onion', 3, 12)","(2, 0):soup('onion', 3, 12)",20.0,29.0,5,interact,-0.0020000000000000018,0.0,0.0,-0.0020000000000000018,20.0,29.0,False,"(2, 1)",,"(1, 2)",dish,"(2, 0):soup('onion', 3, 13)","(2, 0):soup('onion', 3, 13)"
65,5,interact,"(2, 1)","(0, -1)",,"(1, 2)","(0, 1)",dish,"(2, 0):soup('onion', 3, 13)","(2, 0):soup('onion', 3, 13)",20.0,29.0,5,interact,-0.0020000000000000018,0.0,0.0,-0.0020000000000000018,20.0,29.0,False,"(2, 1)",,"(1, 2)",dish,"(2, 0):soup('onion', 3, 14)","(2, 0):soup('onion', 3, 14)"
66,5,interact,"(2, 1)","(0, -1)",,"(1, 2)","(0, 1)",dish,"(2, 0):soup('onion', 3, 14)","(2, 0):soup('onion', 3, 14)",20.0,29.0,5,interact,-0.0020000000000000018,0.0,0.0,-0.0020000000000000018,20.0,29.0,False,"(2, 1)",,"(1, 2)",dish,"(2, 0):soup('onion', 3, 15)","(2, 0):soup('onion', 3, 15)"
67,5,interact,"(2, 1)","(0, -1)",,"(1, 2)","(0, 1)",dish,"(2, 0):soup('onion', 3, 15)","(2, 0):soup('onion', 3, 15)",20.0,29.0,5,interact,-0.0020000000000000018,0.0,0.0,-0.0020000000000000018,20.0,29.0,False,"(2, 1)",,"(1, 2)",dish,"(2, 0):soup('onion', 3, 16)","(2, 0):soup('onion', 3, 16)"
68,5,interact,"(2, 1)","(0, -1)",,"(1, 2)","(0, 1)",dish,"(2, 0):soup('onion', 3, 16)","(2, 0):soup('onion', 3, 16)",20.0,29.0,5,interact,-0.0020000000000000018,0.0,0.0,-0.0020000000000000018,20.0,29.0,False,"(2, 1)",,"(1, 2)",dish,"(2, 0):soup('onion', 3, 17)","(2, 0):soup('onion', 3, 17)"
69,5,interact,"(2, 1)","(0, -1)",,"(1, 2)","(0, 1)",dish,"(2, 0):soup('onion', 3, 17)","(2, 0):soup('onion', 3, 17)",20.0,29.0,5,interact,-0.0020000000000000018,0.0,0.0,-0.0020000000000000018,20.0,29.0,False,"(2, 1)",,"(1, 2)",dish,"(2, 0):soup('onion', 3, 18)","(2, 0):soup('onion', 3, 18)"
70,5,interact,"(2, 1)","(0, -1)",,"(1, 2)","(0, 1)",dish,"(2, 0):soup('onion', 3, 18)","(2, 0):soup('onion', 3, 18)",20.0,29.0,5,interact,-0.0020000000000000018,0.0,0.0,-0.0020000000000000018,20.0,29.0,False,"(2, 1)",,"(1, 2)",dish,"(2, 0):soup('onion', 3, 19)","(2, 0):soup('onion', 3, 19)"
71,5,interact,"(2, 1)","(0, -1)",,"(1, 2)","(0, 1)",dish,"(2, 0):soup('onion', 3, 19)","(2, 0):soup('onion', 3, 19)",20.0,29.0,5,interact,0.09699999999999998,0.0,0.0,0.09699999999999998,20.0,29.0,False,"(2, 1)",,"(1, 2)",dish,"(2, 0):soup('onion', 3, 20)","(2, 0):soup('onion', 3, 20)"
72,3,"(-1, 0)","(2, 1)","(0, -1)",,"(1, 2)","(0, 1)",dish,"(2, 0):soup('onion', 3, 20)","(2, 0):soup('onion', 3, 20)",20.0,29.0,5,interact,-0.003000000000000025,0.0,0.0,-0.003000000000000025,20.0,29.0,False,"(1, 1)",,"(1, 2)",dish,"(2, 0):soup('onion', 3, 20)","(2, 0):soup('onion', 3, 20)"
73,4,"(0, 0)","(1, 1)","(-1, 0)",,"(1, 2)","(0, 1)",dish,"(2, 0):soup('onion', 3, 20)","(2, 0):soup('onion', 3, 20)",20.0,29.0,2,"(1, 0)",-0.003000000000000025,0.0,0.0,-0.003000000000000025,20.0,29.0,False,"(1, 1)",,"(2, 2)",dish,"(2, 0):soup('onion', 3, 20)","(2, 0):soup('onion', 3, 20)"
74,4,"(0, 0)","(1, 1)","(-1, 0)",,"(2, 2)","(1, 0)",dish,"(2, 0):soup('onion', 3, 20)","(2, 0):soup('onion', 3, 20)",20.0,29.0,0,"(0, -1)",-0.003000000000000025,0.0,0.0,-0.003000000000000025,20.0,29.0,False,"(1, 1)",,"(2, 1)",dish,"(2, 0):soup('onion', 3, 20)","(2, 0):soup('onion', 3, 20)"
75,5,interact,"(1, 1)","(-1, 0)",,"(2, 1)","(0, -1)",dish,"(2, 0):soup('onion', 3, 20)","(2, 0):soup('onion', 3, 20)",20.0,29.0,5,interact,5.0663,0.0,5.0,0.06630000000000003,20.0,34.0,False,"(1, 1)",onion,"(2, 1)","soup('onion', 3, 20)",,"(2, 0):empty"
76,2,"(1, 0)","(1, 1)","(-1, 0)",onion,"(2, 1)","(0, -1)","soup('onion', 3, 20)",,"(2, 0):empty",20.0,34.0,2,"(1, 0)",0.006199999999999983,0.0,0.0,0.006199999999999983,20.0,34.0,False,"(2, 1)",onion,"(3, 1)","soup('onion', 3, 20)",,"(2, 0):empty"
77,0,"(0, -1)","(2, 1)","(1, 0)",onion,"(3, 1)","(1, 0)","soup('onion', 3, 20)",,"(2, 0):empty",20.0,34.0,1,"(0, 1)",0.006099999999999994,0.0,0.0,0.006099999999999994,20.0,34.0,False,"(2, 1)",onion,"(3, 2)","soup('onion', 3, 20)",,"(2, 0):empty"
78,5,interact,"(2, 1)","(0, -1)",onion,"(3, 2)","(0, 1)","soup('onion', 3, 20)",,"(2, 0):empty",20.0,34.0,5,interact,22.6694,20.0,3.0,-0.3306,40.0,37.0,True,"(2, 1)",,"(3, 2)",,"(2, 0):soup('onion', 1, 0)","(2, 0):soup('onion', 1, 0)"
79,2,"(1, 0)","(2, 1)","(0, -1)",,"(3, 2)","(0, 1)",,"(2, 0):soup('onion', 1, 0)","(2, 0):soup('onion', 1, 0)",40.0,37.0,3,"(-1, 0)",-0.0006000000000000006,0.0,0.0,-0.0006000000000000006,40.0,37.0,False,"(3, 1)",,"(2, 2)",,"(2, 0):soup('onion', 1, 0)","(2, 0):soup('onion', 1, 0)"
80,5,interact,"(3, 1)","(1, 0)",,"(2, 2)","(-1, 0)",,"(2, 0):soup('onion', 1, 0)","(2, 0):soup('onion', 1, 0)",40.0,37.0,1,"(0, 1)",-0.0006000000000000006,0.0,0.0,-0.0006000000000000006,40.0,37.0,False,"(3, 1)",onion,"(2, 2)",,"(2, 0):soup('onion', 1, 0)","(2, 0):soup('onion', 1, 0)"
81,3,"(-1, 0)","(3, 1)","(1, 0)",onion,"(2, 2)","(0, 1)",,"(2, 0):soup('onion', 1, 0)","(2, 0):soup('onion', 1, 0)",40.0,37.0,1,"(0, 1)",-0.0006000000000000006,0.0,0.0,-0.0006000000000000006,40.0,37.0,False,"(2, 1)",onion,"(2, 2)",,"(2, 0):soup('onion', 1, 0)","(2, 0):soup('onion', 1, 0)"
82,0,"(0, -1)","(2, 1)","(-1, 0)",onion,"(2, 2)","(0, 1)",,"(2, 0):soup('onion', 1, 0)","(2, 0):soup('onion', 1, 0)",40.0,37.0,0,"(0, -1)",-0.0006000000000000006,0.0,0.0,-0.0006000000000000006,40.0,37.0,False,"(2, 1)",onion,"(2, 2)",,"(2, 0):soup('onion', 1, 0)","(2, 0):soup('onion', 1, 0)"
83,5,interact,"(2, 1)","(0, -1)",onion,"(2, 2)","(0, -1)",,"(2, 0):soup('onion', 1, 0)","(2, 0):soup('onion', 1, 0)",40.0,37.0,5,interact,3.0588,0.0,3.0,0.0588,40.0,40.0,False,"(2, 1)",,"(2, 2)",,"(2, 0):soup('onion', 2, 0)","(2, 0):soup('onion', 2, 0)"
84,2,"(1, 0)","(2, 1)","(0, -1)",,"(2, 2)","(0, -1)",,"(2, 0):soup('onion', 2, 0)","(2, 0):soup('onion', 2, 0)",40.0,40.0,3,"(-1, 0)",-0.0012000000000000012,0.0,0.0,-0.0012000000000000012,40.0,40.0,False,"(3, 1)",,"(1, 2)",,"(2, 0):soup('onion', 2, 0)","(2, 0):soup('onion', 2, 0)"
85,5,interact,"(3, 1)","(1, 0)",,"(1, 2)","(-1, 0)",,"(2, 0):soup('onion', 2, 0)","(2, 0):soup('onion', 2, 0)",40.0,40.0,1,"(0, 1)",-0.0012000000000000012,0.0,0.0,-0.0012000000000000012,40.0,40.0,False,"(3, 1)",onion,"(1, 2)",,"(2, 0):soup('onion', 2, 0)","(2, 0):soup('onion', 2, 0)"
86,3,"(-1, 0)","(3, 1)","(1, 0)",onion,"(1, 2)","(0, 1)",,"(2, 0):soup('onion', 2, 0)","(2, 0):soup('onion', 2, 0)",40.0,40.0,1,"(0, 1)",-0.0012000000000000012,0.0,0.0,-0.0012000000000000012,40.0,40.0,False,"(2, 1)",onion,"(1, 2)",,"(2, 0):soup('onion', 2, 0)","(2, 0):soup('onion', 2, 0)"
87,0,"(0, -1)","(2, 1)","(-1, 0)",onion,"(1, 2)","(0, 1)",,"(2, 0):soup('onion', 2, 0)","(2, 0):soup('onion', 2, 0)",40.0,40.0,5,interact,2.9988,0.0,3.0,-0.0012000000000000012,40.0,43.0,False,"(2, 1)",onion,"(1, 2)",dish,"(2, 0):soup('onion', 2, 0)","(2, 0):soup('onion', 2, 0)"
88,5,interact,"(2, 1)","(0, -1)",onion,"(1, 2)","(0, 1)",dish,"(2, 0):soup('onion', 2, 0)","(2, 0):soup('onion', 2, 0)",40.0,43.0,5,interact,3.078,0.0,3.0,0.07800000000000001,40.0,46.0,False,"(2, 1)",,"(1, 2)",dish,"(2, 0):soup('onion', 3, 1)","(2, 0):soup('onion', 3, 1)"
89,5,interact,"(2, 1)","(0, -1)",,"(1, 2)","(0, 1)",dish,"(2, 0):soup('onion', 3, 1)","(2, 0):soup('onion', 3, 1)",40.0,46.0,5,interact,-0.0020000000000000018,0.0,0.0,-0.0020000000000000018,40.0,46.0,False,"(2, 1)",,"(1, 2)",dish,"(2, 0):soup('onion', 3, 2)","(2, 0):soup('onion', 3, 2)"
90,5,interact,"(2, 1)","(0, -1)",,"(1, 2)","(0, 1)",dish,"(2, 0):soup('onion', 3, 2)","(2, 0):soup('onion', 3, 2)",40.0,46.0,5,interact,-0.0020000000000000018,0.0,0.0,-0.0020000000000000018,40.0,46.0,False,"(2, 1)",,"(1, 2)",dish,"(2, 0):soup('onion', 3, 3)","(2, 0):soup('onion', 3, 3)"
91,5,interact,"(2, 1)","(0, -1)",,"(1, 2)","(0, 1)",dish,"(2, 0):soup('onion', 3, 3)","(2, 0):soup('onion', 3, 3)",40.0,46.0,5,interact,-0.0020000000000000018,0.0,0.0,-0.0020000000000000018,40.0,46.0,False,"(2, 1)",,"(1, 2)",dish,"(2, 0):soup('onion', 3, 4)","(2, 0):soup('onion', 3, 4)"
92,5,interact,"(2, 1)","(0, -1)",,"(1, 2)","(0, 1)",dish,"(2, 0):soup('onion', 3, 4)","(2, 0):soup('onion', 3, 4)",40.0,46.0,5,interact,-0.0020000000000000018,0.0,0.0,-0.0020000000000000018,40.0,46.0,False,"(2, 1)",,"(1, 2)",dish,"(2, 0):soup('onion', 3, 5)","(2, 0):soup('onion', 3, 5)"
93,5,interact,"(2, 1)","(0, -1)",,"(1, 2)","(0, 1)",dish,"(2, 0):soup('onion', 3, 5)","(2, 0):soup('onion', 3, 5)",40.0,46.0,5,interact,-0.0020000000000000018,0.0,0.0,-0.0020000000000000018,40.0,46.0,False,"(2, 1)",,"(1, 2)",dish,"(2, 0):soup('onion', 3, 6)","(2, 0):soup('onion', 3, 6)"
94,5,interact,"(2, 1)","(0, -1)",,"(1, 2)","(0, 1)",dish,"(2, 0):soup('onion', 3, 6)","(2, 0):soup('onion', 3, 6)",40.0,46.0,5,interact,-0.0020000000000000018,0.0,0.0,-0.0020000000000000018,40.0,46.0,False,"(2, 1)",,"(1, 2)",dish,"(2, 0):soup('onion', 3, 7)","(2, 0):soup('onion', 3, 7)"
95,5,interact,"(2, 1)","(0, -1)",,"(1, 2)","(0, 1)",dish,"(2, 0):soup('onion', 3, 7)","(2, 0):soup('onion', 3, 7)",40.0,46.0,5,interact,-0.0020000000000000018,0.0,0.0,-0.0020000000000000018,40.0,46.0,False,"(2, 1)",,"(1, 2)",dish,"(2, 0):soup('onion', 3, 8)","(2, 0):soup('onion', 3, 8)"
96,5,interact,"(2, 1)","(0, -1)",,"(1, 2)","(0, 1)",dish,"(2, 0):soup('onion', 3, 8)","(2, 0):soup('onion', 3, 8)",40.0,46.0,5,interact,-0.0020000000000000018,0.0,0.0,-0.0020000000000000018,40.0,46.0,False,"(2, 1)",,"(1, 2)",dish,"(2, 0):soup('onion', 3, 9)","(2, 0):soup('onion', 3, 9)"
97,5,interact,"(2, 1)","(0, -1)",,"(1, 2)","(0, 1)",dish,"(2, 0):soup('onion', 3, 9)","(2, 0):soup('onion', 3, 9)",40.0,46.0,5,interact,-0.0020000000000000018,0.0,0.0,-0.0020000000000000018,40.0,46.0,False,"(2, 1)",,"(1, 2)",dish,"(2, 0):soup('onion', 3, 10)","(2, 0):soup('onion', 3, 10)"
98,5,interact,"(2, 1)","(0, -1)",,"(1, 2)","(0, 1)",dish,"(2, 0):soup('onion', 3, 10)","(2, 0):soup('onion', 3, 10)",40.0,46.0,5,interact,-0.0020000000000000018,0.0,0.0,-0.0020000000000000018,40.0,46.0,False,"(2, 1)",,"(1, 2)",dish,"(2, 0):soup('onion', 3, 11)","(2, 0):soup('onion', 3, 11)"
99,5,interact,"(2, 1)","(0, -1)",,"(1, 2)","(0, 1)",dish,"(2, 0):soup('onion', 3, 11)","(2, 0):soup('onion', 3, 11)",40.0,46.0,5,interact,-0.0020000000000000018,0.0,0.0,-0.0020000000000000018,40.0,46.0,False,"(2, 1)",,"(1, 2)",dish,"(2, 0):soup('onion', 3, 12)","(2, 0):soup('onion', 3, 12)"
100,5,interact,"(2, 1)","(0, -1)",,"(1, 2)","(0, 1)",dish,"(2, 0):soup('onion', 3, 12)","(2, 0):soup('onion', 3, 12)",40.0,46.0,5,interact,-0.0020000000000000018,0.0,0.0,-0.0020000000000000018,40.0,46.0,False,"(2, 1)",,"(1, 2)",dish,"(2, 0):soup('onion', 3, 13)","(2, 0):soup('onion', 3, 13)"
101,5,interact,"(2, 1)","(0, -1)",,"(1, 2)","(0, 1)",dish,"(2, 0):soup('onion', 3, 13)","(2, 0):soup('onion', 3, 13)",40.0,46.0,5,interact,-0.0020000000000000018,0.0,0.0,-0.0020000000000000018,40.0,46.0,False,"(2, 1)",,"(1, 2)",dish,"(2, 0):soup('onion', 3, 14)","(2, 0):soup('onion', 3, 14)"
102,5,interact,"(2, 1)","(0, -1)",,"(1, 2)","(0, 1)",dish,"(2, 0):soup('onion', 3, 14)","(2, 0):soup('onion', 3, 14)",40.0,46.0,5,interact,-0.0020000000000000018,0.0,0.0,-0.0020000000000000018,40.0,46.0,False,"(2, 1)",,"(1, 2)",dish,"(2, 0):soup('onion', 3, 15)","(2, 0):soup('onion', 3, 15)"
103,5,interact,"(2, 1)","(0, -1)",,"(1, 2)","(0, 1)",dish,"(2, 0):soup('onion', 3, 15)","(2, 0):soup('onion', 3, 15)",40.0,46.0,5,interact,-0.0020000000000000018,0.0,0.0,-0.0020000000000000018,40.0,46.0,False,"(2, 1)",,"(1, 2)",dish,"(2, 0):soup('onion', 3, 16)","(2, 0):soup('onion', 3, 16)"
104,5,interact,"(2, 1)","(0, -1)",,"(1, 2)","(0, 1)",dish,"(2, 0):soup('onion', 3, 16)","(2, 0):soup('onion', 3, 16)",40.0,46.0,5,interact,-0.0020000000000000018,0.0,0.0,-0.0020000000000000018,40.0,46.0,False,"(2, 1)",,"(1, 2)",dish,"(2, 0):soup('onion', 3, 17)","(2, 0):soup('onion', 3, 17)"
105,5,interact,"(2, 1)","(0, -1)",,"(1, 2)","(0, 1)",dish,"(2, 0):soup('onion', 3, 17)","(2, 0):soup('onion', 3, 17)",40.0,46.0,5,interact,-0.0020000000000000018,0.0,0.0,-0.0020000000000000018,40.0,46.0,False,"(2, 1)",,"(1, 2)",dish,"(2, 0):soup('onion', 3, 18)","(2, 0):soup('onion', 3, 18)"
106,5,interact,"(2, 1)","(0, -1)",,"(1, 2)","(0, 1)",dish,"(2, 0):soup('onion', 3, 18)","(2, 0):soup('onion', 3, 18)",40.0,46.0,5,interact,-0.0020000000000000018,0.0,0.0,-0.0020000000000000018,40.0,46.0,False,"(2, 1)",,"(1, 2)",dish,"(2, 0):soup('onion', 3, 19)","(2, 0):soup('onion', 3, 19)"
107,5,interact,"(2, 1)","(0, -1)",,"(1, 2)","(0, 1)",dish,"(2, 0):soup('onion', 3, 19)","(2, 0):soup('onion', 3, 19)",40.0,46.0,5,interact,0.09699999999999998,0.0,0.0,0.09699999999999998,40.0,46.0,False,"(2, 1)",,"(1, 2)",dish,"(2, 0):soup('onion', 3, 20)","(2, 0):soup('onion', 3, 20)"
108,3,"(-1, 0)","(2, 1)","(0, -1)",,"(1, 2)","(0, 1)",dish,"(2, 0):soup('onion', 3, 20)","(2, 0):soup('onion', 3, 20)",40.0,46.0,5,interact,-0.003000000000000025,0.0,0.0,-0.003000000000000025,40.0,46.0,False,"(1, 1)",,"(1, 2)",dish,"(2, 0):soup('onion', 3, 20)","(2, 0):soup('onion', 3, 20)"
109,4,"(0, 0)","(1, 1)","(-1, 0)",,"(1, 2)","(0, 1)",dish,"(2, 0):soup('onion', 3, 20)","(2, 0):soup('onion', 3, 20)",40.0,46.0,2,"(1, 0)",-0.003000000000000025,0.0,0.0,-0.003000000000000025,40.0,46.0,False,"(1, 1)",,"(2, 2)",dish,"(2, 0):soup('onion', 3, 20)","(2, 0):soup('onion', 3, 20)"
110,4,"(0, 0)","(1, 1)","(-1, 0)",,"(2, 2)","(1, 0)",dish,"(2, 0):soup('onion', 3, 20)","(2, 0):soup('onion', 3, 20)",40.0,46.0,0,"(0, -1)",-0.003000000000000025,0.0,0.0,-0.003000000000000025,40.0,46.0,False,"(1, 1)",,"(2, 1)",dish,"(2, 0):soup('onion', 3, 20)","(2, 0):soup('onion', 3, 20)"
111,5,interact,"(1, 1)","(-1, 0)",,"(2, 1)","(0, -1)",dish,"(2, 0):soup('onion', 3, 20)","(2, 0):soup('onion', 3, 20)",40.0,46.0,5,interact,5.0663,0.0,5.0,0.06630000000000003,40.0,51.0,False,"(1, 1)",onion,"(2, 1)","soup('onion', 3, 20)",,"(2, 0):empty"
112,2,"(1, 0)","(1, 1)","(-1, 0)",onion,"(2, 1)","(0, -1)","soup('onion', 3, 20)",,"(2, 0):empty",40.0,51.0,2,"(1, 0)",0.006199999999999983,0.0,0.0,0.006199999999999983,40.0,51.0,False,"(2, 1)",onion,"(3, 1)","soup('onion', 3, 20)",,"(2, 0):empty"
113,0,"(0, -1)","(2, 1)","(1, 0)",onion,"(3, 1)","(1, 0)","soup('onion', 3, 20)",,"(2, 0):empty",40.0,51.0,1,"(0, 1)",0.006099999999999994,0.0,0.0,0.006099999999999994,40.0,51.0,False,"(2, 1)",onion,"(3, 2)","soup('onion', 3, 20)",,"(2, 0):empty"
114,5,interact,"(2, 1)","(0, -1)",onion,"(3, 2)","(0, 1)","soup('onion', 3, 20)",,"(2, 0):empty",40.0,51.0,5,interact,22.6694,20.0,3.0,-0.3306,60.0,54.0,True,"(2, 1)",,"(3, 2)",,"(2, 0):soup('onion', 1, 0)","(2, 0):soup('onion', 1, 0)"
115,2,"(1, 0)","(2, 1)","(0, -1)",,"(3, 2)","(0, 1)",,"(2, 0):soup('onion', 1, 0)","(2, 0):soup('onion', 1, 0)",60.0,54.0,3,"(-1, 0)",-0.0006000000000000006,0.0,0.0,-0.0006000000000000006,60.0,54.0,False,"(3, 1)",,"(2, 2)",,"(2, 0):soup('onion', 1, 0)","(2, 0):soup('onion', 1, 0)"
116,5,interact,"(3, 1)","(1, 0)",,"(2, 2)","(-1, 0)",,"(2, 0):soup('onion', 1, 0)","(2, 0):soup('onion', 1, 0)",60.0,54.0,1,"(0, 1)",-0.0006000000000000006,0.0,0.0,-0.0006000000000000006,60.0,54.0,False,"(3, 1)",onion,"(2, 2)",,"(2, 0):soup('onion', 1, 0)","(2, 0):soup('onion', 1, 0)"
117,3,"(-1, 0)","(3, 1)","(1, 0)",onion,"(2, 2)","(0, 1)",,"(2, 0):soup('onion', 1, 0)","(2, 0):soup('onion', 1, 0)",60.0,54.0,1,"(0, 1)",-0.0006000000000000006,0.0,0.0,-0.0006000000000000006,60.0,54.0,False,"(2, 1)",onion,"(2, 2)",,"(2, 0):soup('onion', 1, 0)","(2, 0):soup('onion', 1, 0)"
118,0,"(0, -1)","(2, 1)","(-1, 0)",onion,"(2, 2)","(0, 1)",,"(2, 0):soup('onion', 1, 0)","(2, 0):soup('onion', 1, 0)",60.0,54.0,0,"(0, -1)",-0.0006000000000000006,0.0,0.0,-0.0006000000000000006,60.0,54.0,False,"(2, 1)",onion,"(2, 2)",,"(2, 0):soup('onion', 1, 0)","(2, 0):soup('onion', 1, 0)"
119,5,interact,"(2, 1)","(0, -1)",onion,"(2, 2)","(0, -1)",,"(2, 0):soup('onion', 1, 0)","(2, 0):soup('onion', 1, 0)",60.0,54.0,5,interact,3.0588,0.0,3.0,0.0588,60.0,57.0,False,"(2, 1)",,"(2, 2)",,"(2, 0):soup('onion', 2, 0)","(2, 0):soup('onion', 2, 0)"
120,2,"(1, 0)","(2, 1)","(0, -1)",,"(2, 2)","(0, -1)",,"(2, 0):soup('onion', 2, 0)","(2, 0):soup('onion', 2, 0)",60.0,57.0,3,"(-1, 0)",-0.0012000000000000012,0.0,0.0,-0.0012000000000000012,60.0,57.0,False,"(3, 1)",,"(1, 2)",,"(2, 0):soup('onion', 2, 0)","(2, 0):soup('onion', 2, 0)"
121,5,interact,"(3, 1)","(1, 0)",,"(1, 2)","(-1, 0)",,"(2, 0):soup('onion', 2, 0)","(2, 0):soup('onion', 2, 0)",60.0,57.0,1,"(0, 1)",-0.0012000000000000012,0.0,0.0,-0.0012000000000000012,60.0,57.0,False,"(3, 1)",onion,"(1, 2)",,"(2, 0):soup('onion', 2, 0)","(2, 0):soup('onion', 2, 0)"
122,3,"(-1, 0)","(3, 1)","(1, 0)",onion,"(1, 2)","(0, 1)",,"(2, 0):soup('onion', 2, 0)","(2, 0):soup('onion', 2, 0)",60.0,57.0,1,"(0, 1)",-0.0012000000000000012,0.0,0.0,-0.0012000000000000012,60.0,57.0,False,"(2, 1)",onion,"(1, 2)",,"(2, 0):soup('onion', 2, 0)","(2, 0):soup('onion', 2, 0)"
123,0,"(0, -1)","(2, 1)","(-1, 0)",onion,"(1, 2)","(0, 1)",,"(2, 0):soup('onion', 2, 0)","(2, 0):soup('onion', 2, 0)",60.0,57.0,5,interact,2.9988,0.0,3.0,-0.0012000000000000012,60.0,60.0,False,"(2, 1)",onion,"(1, 2)",dish,"(2, 0):soup('onion', 2, 0)","(2, 0):soup('onion', 2, 0)"
124,5,interact,"(2, 1)","(0, -1)",onion,"(1, 2)","(0, 1)",dish,"(2, 0):soup('onion', 2, 0)","(2, 0):soup('onion', 2, 0)",60.0,60.0,5,interact,3.078,0.0,3.0,0.07800000000000001,60.0,63.0,False,"(2, 1)",,"(1, 2)",dish,"(2, 0):soup('onion', 3, 1)","(2, 0):soup('onion', 3, 1)"
125,5,interact,"(2, 1)","(0, -1)",,"(1, 2)","(0, 1)",dish,"(2, 0):soup('onion', 3, 1)","(2, 0):soup('onion', 3, 1)",60.0,63.0,5,interact,-0.0020000000000000018,0.0,0.0,-0.0020000000000000018,60.0,63.0,False,"(2, 1)",,"(1, 2)",dish,"(2, 0):soup('onion', 3, 2)","(2, 0):soup('onion', 3, 2)"
126,5,interact,"(2, 1)","(0, -1)",,"(1, 2)","(0, 1)",dish,"(2, 0):soup('onion', 3, 2)","(2, 0):soup('onion', 3, 2)",60.0,63.0,5,interact,-0.0020000000000000018,0.0,0.0,-0.0020000000000000018,60.0,63.0,False,"(2, 1)",,"(1, 2)",dish,"(2, 0):soup('onion', 3, 3)","(2, 0):soup('onion', 3, 3)"
127,5,interact,"(2, 1)","(0, -1)",,"(1, 2)","(0, 1)",dish,"(2, 0):soup('onion', 3, 3)","(2, 0):soup('onion', 3, 3)",60.0,63.0,5,interact,-0.0020000000000000018,0.0,0.0,-0.0020000000000000018,60.0,63.0,False,"(2, 1)",,"(1, 2)",dish,"(2, 0):soup('onion', 3, 4)","(2, 0):soup('onion', 3, 4)"
128,5,interact,"(2, 1)","(0, -1)",,"(1, 2)","(0, 1)",dish,"(2, 0):soup('onion', 3, 4)","(2, 0):soup('onion', 3, 4)",60.0,63.0,5,interact,-0.0020000000000000018,0.0,0.0,-0.0020000000000000018,60.0,63.0,False,"(2, 1)",,"(1, 2)",dish,"(2, 0):soup('onion', 3, 5)","(2, 0):soup('onion', 3, 5)"
129,5,interact,"(2, 1)","(0, -1)",,"(1, 2)","(0, 1)",dish,"(2, 0):soup('onion', 3, 5)","(2, 0):soup('onion', 3, 5)",60.0,63.0,5,interact,-0.0020000000000000018,0.0,0.0,-0.0020000000000000018,60.0,63.0,False,"(2, 1)",,"(1, 2)",dish,"(2, 0):soup('onion', 3, 6)","(2, 0):soup('onion', 3, 6)"
130,5,interact,"(2, 1)","(0, -1)",,"(1, 2)","(0, 1)",dish,"(2, 0):soup('onion', 3, 6)","(2, 0):soup('onion', 3, 6)",60.0,63.0,5,interact,-0.0020000000000000018,0.0,0.0,-0.0020000000000000018,60.0,63.0,False,"(2, 1)",,"(1, 2)",dish,"(2, 0):soup('onion', 3, 7)","(2, 0):soup('onion', 3, 7)"
131,5,interact,"(2, 1)","(0, -1)",,"(1, 2)","(0, 1)",dish,"(2, 0):soup('onion', 3, 7)","(2, 0):soup('onion', 3, 7)",60.0,63.0,5,interact,-0.0020000000000000018,0.0,0.0,-0.0020000000000000018,60.0,63.0,False,"(2, 1)",,"(1, 2)",dish,"(2, 0):soup('onion', 3, 8)","(2, 0):soup('onion', 3, 8)"
132,5,interact,"(2, 1)","(0, -1)",,"(1, 2)","(0, 1)",dish,"(2, 0):soup('onion', 3, 8)","(2, 0):soup('onion', 3, 8)",60.0,63.0,5,interact,-0.0020000000000000018,0.0,0.0,-0.0020000000000000018,60.0,63.0,False,"(2, 1)",,"(1, 2)",dish,"(2, 0):soup('onion', 3, 9)","(2, 0):soup('onion', 3, 9)"
133,5,interact,"(2, 1)","(0, -1)",,"(1, 2)","(0, 1)",dish,"(2, 0):soup('onion', 3, 9)","(2, 0):soup('onion', 3, 9)",60.0,63.0,5,interact,-0.0020000000000000018,0.0,0.0,-0.0020000000000000018,60.0,63.0,False,"(2, 1)",,"(1, 2)",dish,"(2, 0):soup('onion', 3, 10)","(2, 0):soup('onion', 3, 10)"
134,5,interact,"(2, 1)","(0, -1)",,"(1, 2)","(0, 1)",dish,"(2, 0):soup('onion', 3, 10)","(2, 0):soup('onion', 3, 10)",60.0,63.0,5,interact,-0.0020000000000000018,0.0,0.0,-0.0020000000000000018,60.0,63.0,False,"(2, 1)",,"(1, 2)",dish,"(2, 0):soup('onion', 3, 11)","(2, 0):soup('onion', 3, 11)"
135,5,interact,"(2, 1)","(0, -1)",,"(1, 2)","(0, 1)",dish,"(2, 0):soup('onion', 3, 11)","(2, 0):soup('onion', 3, 11)",60.0,63.0,5,interact,-0.0020000000000000018,0.0,0.0,-0.0020000000000000018,60.0,63.0,False,"(2, 1)",,"(1, 2)",dish,"(2, 0):soup('onion', 3, 12)","(2, 0):soup('onion', 3, 12)"
136,5,interact,"(2, 1)","(0, -1)",,"(1, 2)","(0, 1)",dish,"(2, 0):soup('onion', 3, 12)","(2, 0):soup('onion', 3, 12)",60.0,63.0,5,interact,-0.0020000000000000018,0.0,0.0,-0.0020000000000000018,60.0,63.0,False,"(2, 1)",,"(1, 2)",dish,"(2, 0):soup('onion', 3, 13)","(2, 0):soup('onion', 3, 13)"
137,5,interact,"(2, 1)","(0, -1)",,"(1, 2)","(0, 1)",dish,"(2, 0):soup('onion', 3, 13)","(2, 0):soup('onion', 3, 13)",60.0,63.0,5,interact,-0.0020000000000000018,0.0,0.0,-0.0020000000000000018,60.0,63.0,False,"(2, 1)",,"(1, 2)",dish,"(2, 0):soup('onion', 3, 14)","(2, 0):soup('onion', 3, 14)"
138,5,interact,"(2, 1)","(0, -1)",,"(1, 2)","(0, 1)",dish,"(2, 0):soup('onion', 3, 14)","(2, 0):soup('onion', 3, 14)",60.0,63.0,5,interact,-0.0020000000000000018,0.0,0.0,-0.0020000000000000018,60.0,63.0,False,"(2, 1)",,"(1, 2)",dish,"(2, 0):soup('onion', 3, 15)","(2, 0):soup('onion', 3, 15)"
139,5,interact,"(2, 1)","(0, -1)",,"(1, 2)","(0, 1)",dish,"(2, 0):soup('onion', 3, 15)","(2, 0):soup('onion', 3, 15)",60.0,63.0,5,interact,-0.0020000000000000018,0.0,0.0,-0.0020000000000000018,60.0,63.0,False,"(2, 1)",,"(1, 2)",dish,"(2, 0):soup('onion', 3, 16)","(2, 0):soup('onion', 3, 16)"
140,5,interact,"(2, 1)","(0, -1)",,"(1, 2)","(0, 1)",dish,"(2, 0):soup('onion', 3, 16)","(2, 0):soup('onion', 3, 16)",60.0,63.0,5,interact,-0.0020000000000000018,0.0,0.0,-0.0020000000000000018,60.0,63.0,False,"(2, 1)",,"(1, 2)",dish,"(2, 0):soup('onion', 3, 17)","(2, 0):soup('onion', 3, 17)"
141,5,interact,"(2, 1)","(0, -1)",,"(1, 2)","(0, 1)",dish,"(2, 0):soup('onion', 3, 17)","(2, 0):soup('onion', 3, 17)",60.0,63.0,5,interact,-0.0020000000000000018,0.0,0.0,-0.0020000000000000018,60.0,63.0,False,"(2, 1)",,"(1, 2)",dish,"(2, 0):soup('onion', 3, 18)","(2, 0):soup('onion', 3, 18)"
142,5,interact,"(2, 1)","(0, -1)",,"(1, 2)","(0, 1)",dish,"(2, 0):soup('onion', 3, 18)","(2, 0):soup('onion', 3, 18)",60.0,63.0,5,interact,-0.0020000000000000018,0.0,0.0,-0.0020000000000000018,60.0,63.0,False,"(2, 1)",,"(1, 2)",dish,"(2, 0):soup('onion', 3, 19)","(2, 0):soup('onion', 3, 19)"
143,5,interact,"(2, 1)","(0, -1)",,"(1, 2)","(0, 1)",dish,"(2, 0):soup('onion', 3, 19)","(2, 0):soup('onion', 3, 19)",60.0,63.0,5,interact,0.09699999999999998,0.0,0.0,0.09699999999999998,60.0,63.0,False,"(2, 1)",,"(1, 2)",dish,"(2, 0):soup('onion', 3, 20)","(2, 0):soup('onion', 3, 20)"
144,3,"(-1, 0)","(2, 1)","(0, -1)",,"(1, 2)","(0, 1)",dish,"(2, 0):soup('onion', 3, 20)","(2, 0):soup('onion', 3, 20)",60.0,63.0,5,interact,-0.003000000000000025,0.0,0.0,-0.003000000000000025,60.0,63.0,False,"(1, 1)",,"(1, 2)",dish,"(2, 0):soup('onion', 3, 20)","(2, 0):soup('onion', 3, 20)"
145,4,"(0, 0)","(1, 1)","(-1, 0)",,"(1, 2)","(0, 1)",dish,"(2, 0):soup('onion', 3, 20)","(2, 0):soup('onion', 3, 20)",60.0,63.0,2,"(1, 0)",-0.003000000000000025,0.0,0.0,-0.003000000000000025,60.0,63.0,False,"(1, 1)",,"(2, 2)",dish,"(2, 0):soup('onion', 3, 20)","(2, 0):soup('onion', 3, 20)"
146,4,"(0, 0)","(1, 1)","(-1, 0)",,"(2, 2)","(1, 0)",dish,"(2, 0):soup('onion', 3, 20)","(2, 0):soup('onion', 3, 20)",60.0,63.0,0,"(0, -1)",-0.003000000000000025,0.0,0.0,-0.003000000000000025,60.0,63.0,False,"(1, 1)",,"(2, 1)",dish,"(2, 0):soup('onion', 3, 20)","(2, 0):soup('onion', 3, 20)"
147,5,interact,"(1, 1)","(-1, 0)",,"(2, 1)","(0, -1)",dish,"(2, 0):soup('onion', 3, 20)","(2, 0):soup('onion', 3, 20)",60.0,63.0,5,interact,5.0663,0.0,5.0,0.06630000000000003,60.0,68.0,False,"(1, 1)",onion,"(2, 1)","soup('onion', 3, 20)",,"(2, 0):empty"
148,2,"(1, 0)","(1, 1)","(-1, 0)",onion,"(2, 1)","(0, -1)","soup('onion', 3, 20)",,"(2, 0):empty",60.0,68.0,2,"(1, 0)",0.006199999999999983,0.0,0.0,0.006199999999999983,60.0,68.0,False,"(2, 1)",onion,"(3, 1)","soup('onion', 3, 20)",,"(2, 0):empty"
149,0,"(0, -1)","(2, 1)","(1, 0)",onion,"(3, 1)","(1, 0)","soup('onion', 3, 20)",,"(2, 0):empty",60.0,68.0,1,"(0, 1)",0.006099999999999994,0.0,0.0,0.006099999999999994,60.0,68.0,False,"(2, 1)",onion,"(3, 2)","soup('onion', 3, 20)",,"(2, 0):empty"
150,5,interact,"(2, 1)","(0, -1)",onion,"(3, 2)","(0, 1)","soup('onion', 3, 20)",,"(2, 0):empty",60.0,68.0,5,interact,22.6694,20.0,3.0,-0.3306,80.0,71.0,True,"(2, 1)",,"(3, 2)",,"(2, 0):soup('onion', 1, 0)","(2, 0):soup('onion', 1, 0)"
151,2,"(1, 0)","(2, 1)","(0, -1)",,"(3, 2)","(0, 1)",,"(2, 0):soup('onion', 1, 0)","(2, 0):soup('onion', 1, 0)",80.0,71.0,3,"(-1, 0)",-0.0006000000000000006,0.0,0.0,-0.0006000000000000006,80.0,71.0,False,"(3, 1)",,"(2, 2)",,"(2, 0):soup('onion', 1, 0)","(2, 0):soup('onion', 1, 0)"
152,5,interact,"(3, 1)","(1, 0)",,"(2, 2)","(-1, 0)",,"(2, 0):soup('onion', 1, 0)","(2, 0):soup('onion', 1, 0)",80.0,71.0,1,"(0, 1)",-0.0006000000000000006,0.0,0.0,-0.0006000000000000006,80.0,71.0,False,"(3, 1)",onion,"(2, 2)",,"(2, 0):soup('onion', 1, 0)","(2, 0):soup('onion', 1, 0)"
153,3,"(-1, 0)","(3, 1)","(1, 0)",onion,"(2, 2)","(0, 1)",,"(2, 0):soup('onion', 1, 0)","(2, 0):soup('onion', 1, 0)",80.0,71.0,1,"(0, 1)",-0.0006000000000000006,0.0,0.0,-0.0006000000000000006,80.0,71.0,False,"(2, 1)",onion,"(2, 2)",,"(2, 0):soup('onion', 1, 0)","(2, 0):soup('onion', 1, 0)"
154,0,"(0, -1)","(2, 1)","(-1, 0)",onion,"(2, 2)","(0, 1)",,"(2, 0):soup('onion', 1, 0)","(2, 0):soup('onion', 1, 0)",80.0,71.0,0,"(0, -1)",-0.0006000000000000006,0.0,0.0,-0.0006000000000000006,80.0,71.0,False,"(2, 1)",onion,"(2, 2)",,"(2, 0):soup('onion', 1, 0)","(2, 0):soup('onion', 1, 0)"
155,5,interact,"(2, 1)","(0, -1)",onion,"(2, 2)","(0, -1)",,"(2, 0):soup('onion', 1, 0)","(2, 0):soup('onion', 1, 0)",80.0,71.0,5,interact,3.0588,0.0,3.0,0.0588,80.0,74.0,False,"(2, 1)",,"(2, 2)",,"(2, 0):soup('onion', 2, 0)","(2, 0):soup('onion', 2, 0)"
156,2,"(1, 0)","(2, 1)","(0, -1)",,"(2, 2)","(0, -1)",,"(2, 0):soup('onion', 2, 0)","(2, 0):soup('onion', 2, 0)",80.0,74.0,3,"(-1, 0)",-0.0012000000000000012,0.0,0.0,-0.0012000000000000012,80.0,74.0,False,"(3, 1)",,"(1, 2)",,"(2, 0):soup('onion', 2, 0)","(2, 0):soup('onion', 2, 0)"
157,5,interact,"(3, 1)","(1, 0)",,"(1, 2)","(-1, 0)",,"(2, 0):soup('onion', 2, 0)","(2, 0):soup('onion', 2, 0)",80.0,74.0,1,"(0, 1)",-0.0012000000000000012,0.0,0.0,-0.0012000000000000012,80.0,74.0,False,"(3, 1)",onion,"(1, 2)",,"(2, 0):soup('onion', 2, 0)","(2, 0):soup('onion', 2, 0)"
158,3,"(-1, 0)","(3, 1)","(1, 0)",onion,"(1, 2)","(0, 1)",,"(2, 0):soup('onion', 2, 0)","(2, 0):soup('onion', 2, 0)",80.0,74.0,1,"(0, 1)",-0.0012000000000000012,0.0,0.0,-0.0012000000000000012,80.0,74.0,False,"(2, 1)",onion,"(1, 2)",,"(2, 0):soup('onion', 2, 0)","(2, 0):soup('onion', 2, 0)"
159,0,"(0, -1)","(2, 1)","(-1, 0)",onion,"(1, 2)","(0, 1)",,"(2, 0):soup('onion', 2, 0)","(2, 0):soup('onion', 2, 0)",80.0,74.0,5,interact,2.9988,0.0,3.0,-0.0012000000000000012,80.0,77.0,False,"(2, 1)",onion,"(1, 2)",dish,"(2, 0):soup('onion', 2, 0)","(2, 0):soup('onion', 2, 0)"
160,5,interact,"(2, 1)","(0, -1)",onion,"(1, 2)","(0, 1)",dish,"(2, 0):soup('onion', 2, 0)","(2, 0):soup('onion', 2, 0)",80.0,77.0,5,interact,3.078,0.0,3.0,0.07800000000000001,80.0,80.0,False,"(2, 1)",,"(1, 2)",dish,"(2, 0):soup('onion', 3, 1)","(2, 0):soup('onion', 3, 1)"
161,5,interact,"(2, 1)","(0, -1)",,"(1, 2)","(0, 1)",dish,"(2, 0):soup('onion', 3, 1)","(2, 0):soup('onion', 3, 1)",80.0,80.0,5,interact,-0.0020000000000000018,0.0,0.0,-0.0020000000000000018,80.0,80.0,False,"(2, 1)",,"(1, 2)",dish,"(2, 0):soup('onion', 3, 2)","(2, 0):soup('onion', 3, 2)"
162,5,interact,"(2, 1)","(0, -1)",,"(1, 2)","(0, 1)",dish,"(2, 0):soup('onion', 3, 2)","(2, 0):soup('onion', 3, 2)",80.0,80.0,5,interact,-0.0020000000000000018,0.0,0.0,-0.0020000000000000018,80.0,80.0,False,"(2, 1)",,"(1, 2)",dish,"(2, 0):soup('onion', 3, 3)","(2, 0):soup('onion', 3, 3)"
163,5,interact,"(2, 1)","(0, -1)",,"(1, 2)","(0, 1)",dish,"(2, 0):soup('onion', 3, 3)","(2, 0):soup('onion', 3, 3)",80.0,80.0,5,interact,-0.0020000000000000018,0.0,0.0,-0.0020000000000000018,80.0,80.0,False,"(2, 1)",,"(1, 2)",dish,"(2, 0):soup('onion', 3, 4)","(2, 0):soup('onion', 3, 4)"
164,5,interact,"(2, 1)","(0, -1)",,"(1, 2)","(0, 1)",dish,"(2, 0):soup('onion', 3, 4)","(2, 0):soup('onion', 3, 4)",80.0,80.0,5,interact,-0.0020000000000000018,0.0,0.0,-0.0020000000000000018,80.0,80.0,False,"(2, 1)",,"(1, 2)",dish,"(2, 0):soup('onion', 3, 5)","(2, 0):soup('onion', 3, 5)"
165,5,interact,"(2, 1)","(0, -1)",,"(1, 2)","(0, 1)",dish,"(2, 0):soup('onion', 3, 5)","(2, 0):soup('onion', 3, 5)",80.0,80.0,5,interact,-0.0020000000000000018,0.0,0.0,-0.0020000000000000018,80.0,80.0,False,"(2, 1)",,"(1, 2)",dish,"(2, 0):soup('onion', 3, 6)","(2, 0):soup('onion', 3, 6)"
166,5,interact,"(2, 1)","(0, -1)",,"(1, 2)","(0, 1)",dish,"(2, 0):soup('onion', 3, 6)","(2, 0):soup('onion', 3, 6)",80.0,80.0,5,interact,-0.0020000000000000018,0.0,0.0,-0.0020000000000000018,80.0,80.0,False,"(2, 1)",,"(1, 2)",dish,"(2, 0):soup('onion', 3, 7)","(2, 0):soup('onion', 3, 7)"
167,5,interact,"(2, 1)","(0, -1)",,"(1, 2)","(0, 1)",dish,"(2, 0):soup('onion', 3, 7)","(2, 0):soup('onion', 3, 7)",80.0,80.0,5,interact,-0.0020000000000000018,0.0,0.0,-0.0020000000000000018,80.0,80.0,False,"(2, 1)",,"(1, 2)",dish,"(2, 0):soup('onion', 3, 8)","(2, 0):soup('onion', 3, 8)"
168,5,interact,"(2, 1)","(0, -1)",,"(1, 2)","(0, 1)",dish,"(2, 0):soup('onion', 3, 8)","(2, 0):soup('onion', 3, 8)",80.0,80.0,5,interact,-0.0020000000000000018,0.0,0.0,-0.0020000000000000018,80.0,80.0,False,"(2, 1)",,"(1, 2)",dish,"(2, 0):soup('onion', 3, 9)","(2, 0):soup('onion', 3, 9)"
169,5,interact,"(2, 1)","(0, -1)",,"(1, 2)","(0, 1)",dish,"(2, 0):soup('onion', 3, 9)","(2, 0):soup('onion', 3, 9)",80.0,80.0,5,interact,-0.0020000000000000018,0.0,0.0,-0.0020000000000000018,80.0,80.0,False,"(2, 1)",,"(1, 2)",dish,"(2, 0):soup('onion', 3, 10)","(2, 0):soup('onion', 3, 10)"
170,5,interact,"(2, 1)","(0, -1)",,"(1, 2)","(0, 1)",dish,"(2, 0):soup('onion', 3, 10)","(2, 0):soup('onion', 3, 10)",80.0,80.0,5,interact,-0.0020000000000000018,0.0,0.0,-0.0020000000000000018,80.0,80.0,False,"(2, 1)",,"(1, 2)",dish,"(2, 0):soup('onion', 3, 11)","(2, 0):soup('onion', 3, 11)"
171,5,interact,"(2, 1)","(0, -1)",,"(1, 2)","(0, 1)",dish,"(2, 0):soup('onion', 3, 11)","(2, 0):soup('onion', 3, 11)",80.0,80.0,5,interact,-0.0020000000000000018,0.0,0.0,-0.0020000000000000018,80.0,80.0,False,"(2, 1)",,"(1, 2)",dish,"(2, 0):soup('onion', 3, 12)","(2, 0):soup('onion', 3, 12)"
172,5,interact,"(2, 1)","(0, -1)",,"(1, 2)","(0, 1)",dish,"(2, 0):soup('onion', 3, 12)","(2, 0):soup('onion', 3, 12)",80.0,80.0,5,interact,-0.0020000000000000018,0.0,0.0,-0.0020000000000000018,80.0,80.0,False,"(2, 1)",,"(1, 2)",dish,"(2, 0):soup('onion', 3, 13)","(2, 0):soup('onion', 3, 13)"
173,5,interact,"(2, 1)","(0, -1)",,"(1, 2)","(0, 1)",dish,"(2, 0):soup('onion', 3, 13)","(2, 0):soup('onion', 3, 13)",80.0,80.0,5,interact,-0.0020000000000000018,0.0,0.0,-0.0020000000000000018,80.0,80.0,False,"(2, 1)",,"(1, 2)",dish,"(2, 0):soup('onion', 3, 14)","(2, 0):soup('onion', 3, 14)"
174,5,interact,"(2, 1)","(0, -1)",,"(1, 2)","(0, 1)",dish,"(2, 0):soup('onion', 3, 14)","(2, 0):soup('onion', 3, 14)",80.0,80.0,5,interact,-0.0020000000000000018,0.0,0.0,-0.0020000000000000018,80.0,80.0,False,"(2, 1)",,"(1, 2)",dish,"(2, 0):soup('onion', 3, 15)","(2, 0):soup('onion', 3, 15)"
175,5,interact,"(2, 1)","(0, -1)",,"(1, 2)","(0, 1)",dish,"(2, 0):soup('onion', 3, 15)","(2, 0):soup('onion', 3, 15)",80.0,80.0,5,interact,-0.0020000000000000018,0.0,0.0,-0.0020000000000000018,80.0,80.0,False,"(2, 1)",,"(1, 2)",dish,"(2, 0):soup('onion', 3, 16)","(2, 0):soup('onion', 3, 16)"
176,5,interact,"(2, 1)","(0, -1)",,"(1, 2)","(0, 1)",dish,"(2, 0):soup('onion', 3, 16)","(2, 0):soup('onion', 3, 16)",80.0,80.0,5,interact,-0.0020000000000000018,0.0,0.0,-0.0020000000000000018,80.0,80.0,False,"(2, 1)",,"(1, 2)",dish,"(2, 0):soup('onion', 3, 17)","(2, 0):soup('onion', 3, 17)"
177,5,interact,"(2, 1)","(0, -1)",,"(1, 2)","(0, 1)",dish,"(2, 0):soup('onion', 3, 17)","(2, 0):soup('onion', 3, 17)",80.0,80.0,5,interact,-0.0020000000000000018,0.0,0.0,-0.0020000000000000018,80.0,80.0,False,"(2, 1)",,"(1, 2)",dish,"(2, 0):soup('onion', 3, 18)","(2, 0):soup('onion', 3, 18)"
178,5,interact,"(2, 1)","(0, -1)",,"(1, 2)","(0, 1)",dish,"(2, 0):soup('onion', 3, 18)","(2, 0):soup('onion', 3, 18)",80.0,80.0,5,interact,-0.0020000000000000018,0.0,0.0,-0.0020000000000000018,80.0,80.0,False,"(2, 1)",,"(1, 2)",dish,"(2, 0):soup('onion', 3, 19)","(2, 0):soup('onion', 3, 19)"
179,5,interact,"(2, 1)","(0, -1)",,"(1, 2)","(0, 1)",dish,"(2, 0):soup('onion', 3, 19)","(2, 0):soup('onion', 3, 19)",80.0,80.0,5,interact,0.09699999999999998,0.0,0.0,0.09699999999999998,80.0,80.0,False,"(2, 1)",,"(1, 2)",dish,"(2, 0):soup('onion', 3, 20)","(2, 0):soup('onion', 3, 20)"
180,3,"(-1, 0)","(2, 1)","(0, -1)",,"(1, 2)","(0, 1)",dish,"(2, 0):soup('onion', 3, 20)","(2, 0):soup('onion', 3, 20)",80.0,80.0,5,interact,-0.003000000000000025,0.0,0.0,-0.003000000000000025,80.0,80.0,False,"(1, 1)",,"(1, 2)",dish,"(2, 0):soup('onion', 3, 20)","(2, 0):soup('onion', 3, 20)"
181,4,"(0, 0)","(1, 1)","(-1, 0)",,"(1, 2)","(0, 1)",dish,"(2, 0):soup('onion', 3, 20)","(2, 0):soup('onion', 3, 20)",80.0,80.0,2,"(1, 0)",-0.003000000000000025,0.0,0.0,-0.003000000000000025,80.0,80.0,False,"(1, 1)",,"(2, 2)",dish,"(2, 0):soup('onion', 3, 20)","(2, 0):soup('onion', 3, 20)"
182,4,"(0, 0)","(1, 1)","(-1, 0)",,"(2, 2)","(1, 0)",dish,"(2, 0):soup('onion', 3, 20)","(2, 0):soup('onion', 3, 20)",80.0,80.0,0,"(0, -1)",-0.003000000000000025,0.0,0.0,-0.003000000000000025,80.0,80.0,False,"(1, 1)",,"(2, 1)",dish,"(2, 0):soup('onion', 3, 20)","(2, 0):soup('onion', 3, 20)"
183,5,interact,"(1, 1)","(-1, 0)",,"(2, 1)","(0, -1)",dish,"(2, 0):soup('onion', 3, 20)","(2, 0):soup('onion', 3, 20)",80.0,80.0,5,interact,5.0663,0.0,5.0,0.06630000000000003,80.0,85.0,False,"(1, 1)",onion,"(2, 1)","soup('onion', 3, 20)",,"(2, 0):empty"
184,2,"(1, 0)","(1, 1)","(-1, 0)",onion,"(2, 1)","(0, -1)","soup('onion', 3, 20)",,"(2, 0):empty",80.0,85.0,2,"(1, 0)",0.006199999999999983,0.0,0.0,0.006199999999999983,80.0,85.0,False,"(2, 1)",onion,"(3, 1)","soup('onion', 3, 20)",,"(2, 0):empty"
185,0,"(0, -1)","(2, 1)","(1, 0)",onion,"(3, 1)","(1, 0)","soup('onion', 3, 20)",,"(2, 0):empty",80.0,85.0,1,"(0, 1)",0.006099999999999994,0.0,0.0,0.006099999999999994,80.0,85.0,False,"(2, 1)",onion,"(3, 2)","soup('onion', 3, 20)",,"(2, 0):empty"
186,5,interact,"(2, 1)","(0, -1)",onion,"(3, 2)","(0, 1)","soup('onion', 3, 20)",,"(2, 0):empty",80.0,85.0,5,interact,22.6694,20.0,3.0,-0.3306,100.0,88.0,True,"(2, 1)",,"(3, 2)",,"(2, 0):soup('onion', 1, 0)","(2, 0):soup('onion', 1, 0)"
187,2,"(1, 0)","(2, 1)","(0, -1)",,"(3, 2)","(0, 1)",,"(2, 0):soup('onion', 1, 0)","(2, 0):soup('onion', 1, 0)",100.0,88.0,3,"(-1, 0)",-0.0006000000000000006,0.0,0.0,-0.0006000000000000006,100.0,88.0,False,"(3, 1)",,"(2, 2)",,"(2, 0):soup('onion', 1, 0)","(2, 0):soup('onion', 1, 0)"
188,5,interact,"(3, 1)","(1, 0)",,"(2, 2)","(-1, 0)",,"(2, 0):soup('onion', 1, 0)","(2, 0):soup('onion', 1, 0)",100.0,88.0,1,"(0, 1)",-0.0006000000000000006,0.0,0.0,-0.0006000000000000006,100.0,88.0,False,"(3, 1)",onion,"(2, 2)",,"(2, 0):soup('onion', 1, 0)","(2, 0):soup('onion', 1, 0)"
189,3,"(-1, 0)","(3, 1)","(1, 0)",onion,"(2, 2)","(0, 1)",,"(2, 0):soup('onion', 1, 0)","(2, 0):soup('onion', 1, 0)",100.0,88.0,1,"(0, 1)",-0.0006000000000000006,0.0,0.0,-0.0006000000000000006,100.0,88.0,False,"(2, 1)",onion,"(2, 2)",,"(2, 0):soup('onion', 1, 0)","(2, 0):soup('onion', 1, 0)"
190,0,"(0, -1)","(2, 1)","(-1, 0)",onion,"(2, 2)","(0, 1)",,"(2, 0):soup('onion', 1, 0)","(2, 0):soup('onion', 1, 0)",100.0,88.0,0,"(0, -1)",-0.0006000000000000006,0.0,0.0,-0.0006000000000000006,100.0,88.0,False,"(2, 1)",onion,"(2, 2)",,"(2, 0):soup('onion', 1, 0)","(2, 0):soup('onion', 1, 0)"
191,5,interact,"(2, 1)","(0, -1)",onion,"(2, 2)","(0, -1)",,"(2, 0):soup('onion', 1, 0)","(2, 0):soup('onion', 1, 0)",100.0,88.0,5,interact,3.0588,0.0,3.0,0.0588,100.0,91.0,False,"(2, 1)",,"(2, 2)",,"(2, 0):soup('onion', 2, 0)","(2, 0):soup('onion', 2, 0)"
192,2,"(1, 0)","(2, 1)","(0, -1)",,"(2, 2)","(0, -1)",,"(2, 0):soup('onion', 2, 0)","(2, 0):soup('onion', 2, 0)",100.0,91.0,3,"(-1, 0)",-0.0012000000000000012,0.0,0.0,-0.0012000000000000012,100.0,91.0,False,"(3, 1)",,"(1, 2)",,"(2, 0):soup('onion', 2, 0)","(2, 0):soup('onion', 2, 0)"
193,5,interact,"(3, 1)","(1, 0)",,"(1, 2)","(-1, 0)",,"(2, 0):soup('onion', 2, 0)","(2, 0):soup('onion', 2, 0)",100.0,91.0,1,"(0, 1)",-0.0012000000000000012,0.0,0.0,-0.0012000000000000012,100.0,91.0,False,"(3, 1)",onion,"(1, 2)",,"(2, 0):soup('onion', 2, 0)","(2, 0):soup('onion', 2, 0)"
194,3,"(-1, 0)","(3, 1)","(1, 0)",onion,"(1, 2)","(0, 1)",,"(2, 0):soup('onion', 2, 0)","(2, 0):soup('onion', 2, 0)",100.0,91.0,1,"(0, 1)",-0.0012000000000000012,0.0,0.0,-0.0012000000000000012,100.0,91.0,False,"(2, 1)",onion,"(1, 2)",,"(2, 0):soup('onion', 2, 0)","(2, 0):soup('onion', 2, 0)"
195,0,"(0, -1)","(2, 1)","(-1, 0)",onion,"(1, 2)","(0, 1)",,"(2, 0):soup('onion', 2, 0)","(2, 0):soup('onion', 2, 0)",100.0,91.0,5,interact,2.9988,0.0,3.0,-0.0012000000000000012,100.0,94.0,False,"(2, 1)",onion,"(1, 2)",dish,"(2, 0):soup('onion', 2, 0)","(2, 0):soup('onion', 2, 0)"
196,5,interact,"(2, 1)","(0, -1)",onion,"(1, 2)","(0, 1)",dish,"(2, 0):soup('onion', 2, 0)","(2, 0):soup('onion', 2, 0)",100.0,94.0,5,interact,3.078,0.0,3.0,0.07800000000000001,100.0,97.0,False,"(2, 1)",,"(1, 2)",dish,"(2, 0):soup('onion', 3, 1)","(2, 0):soup('onion', 3, 1)"
197,5,interact,"(2, 1)","(0, -1)",,"(1, 2)","(0, 1)",dish,"(2, 0):soup('onion', 3, 1)","(2, 0):soup('onion', 3, 1)",100.0,97.0,5,interact,-0.0020000000000000018,0.0,0.0,-0.0020000000000000018,100.0,97.0,False,"(2, 1)",,"(1, 2)",dish,"(2, 0):soup('onion', 3, 2)","(2, 0):soup('onion', 3, 2)"
198,5,interact,"(2, 1)","(0, -1)",,"(1, 2)","(0, 1)",dish,"(2, 0):soup('onion', 3, 2)","(2, 0):soup('onion', 3, 2)",100.0,97.0,5,interact,-0.0020000000000000018,0.0,0.0,-0.0020000000000000018,100.0,97.0,False,"(2, 1)",,"(1, 2)",dish,"(2, 0):soup('onion', 3, 3)","(2, 0):soup('onion', 3, 3)"
199,5,interact,"(2, 1)","(0, -1)",,"(1, 2)","(0, 1)",dish,"(2, 0):soup('onion', 3, 3)","(2, 0):soup('onion', 3, 3)",100.0,97.0,5,interact,-0.0020000000000000018,0.0,0.0,-0.0020000000000000018,100.0,97.0,False,"(2, 1)",,"(1, 2)",dish,"(2, 0):soup('onion', 3, 4)","(2, 0):soup('onion', 3, 4)"
200,5,interact,"(2, 1)","(0, -1)",,"(1, 2)","(0, 1)",dish,"(2, 0):soup('onion', 3, 4)","(2, 0):soup('onion', 3, 4)",100.0,97.0,5,interact,-0.0020000000000000018,0.0,0.0,-0.0020000000000000018,100.0,97.0,False,"(2, 1)",,"(1, 2)",dish,"(2, 0):soup('onion', 3, 5)","(2, 0):soup('onion', 3, 5)"
201,5,interact,"(2, 1)","(0, -1)",,"(1, 2)","(0, 1)",dish,"(2, 0):soup('onion', 3, 5)","(2, 0):soup('onion', 3, 5)",100.0,97.0,5,interact,-0.0020000000000000018,0.0,0.0,-0.0020000000000000018,100.0,97.0,False,"(2, 1)",,"(1, 2)",dish,"(2, 0):soup('onion', 3, 6)","(2, 0):soup('onion', 3, 6)"
202,5,interact,"(2, 1)","(0, -1)",,"(1, 2)","(0, 1)",dish,"(2, 0):soup('onion', 3, 6)","(2, 0):soup('onion', 3, 6)",100.0,97.0,5,interact,-0.0020000000000000018,0.0,0.0,-0.0020000000000000018,100.0,97.0,False,"(2, 1)",,"(1, 2)",dish,"(2, 0):soup('onion', 3, 7)","(2, 0):soup('onion', 3, 7)"
203,5,interact,"(2, 1)","(0, -1)",,"(1, 2)","(0, 1)",dish,"(2, 0):soup('onion', 3, 7)","(2, 0):soup('onion', 3, 7)",100.0,97.0,5,interact,-0.0020000000000000018,0.0,0.0,-0.0020000000000000018,100.0,97.0,False,"(2, 1)",,"(1, 2)",dish,"(2, 0):soup('onion', 3, 8)","(2, 0):soup('onion', 3, 8)"
204,5,interact,"(2, 1)","(0, -1)",,"(1, 2)","(0, 1)",dish,"(2, 0):soup('onion', 3, 8)","(2, 0):soup('onion', 3, 8)",100.0,97.0,5,interact,-0.0020000000000000018,0.0,0.0,-0.0020000000000000018,100.0,97.0,False,"(2, 1)",,"(1, 2)",dish,"(2, 0):soup('onion', 3, 9)","(2, 0):soup('onion', 3, 9)"
205,5,interact,"(2, 1)","(0, -1)",,"(1, 2)","(0, 1)",dish,"(2, 0):soup('onion', 3, 9)","(2, 0):soup('onion', 3, 9)",100.0,97.0,5,interact,-0.0020000000000000018,0.0,0.0,-0.0020000000000000018,100.0,97.0,False,"(2, 1)",,"(1, 2)",dish,"(2, 0):soup('onion', 3, 10)","(2, 0):soup('onion', 3, 10)"
206,5,interact,"(2, 1)","(0, -1)",,"(1, 2)","(0, 1)",dish,"(2, 0):soup('onion', 3, 10)","(2, 0):soup('onion', 3, 10)",100.0,97.0,5,interact,-0.0020000000000000018,0.0,0.0,-0.0020000000000000018,100.0,97.0,False,"(2, 1)",,"(1, 2)",dish,"(2, 0):soup('onion', 3, 11)","(2, 0):soup('onion', 3, 11)"
207,5,interact,"(2, 1)","(0, -1)",,"(1, 2)","(0, 1)",dish,"(2, 0):soup('onion', 3, 11)","(2, 0):soup('onion', 3, 11)",100.0,97.0,5,interact,-0.0020000000000000018,0.0,0.0,-0.0020000000000000018,100.0,97.0,False,"(2, 1)",,"(1, 2)",dish,"(2, 0):soup('onion', 3, 12)","(2, 0):soup('onion', 3, 12)"
208,5,interact,"(2, 1)","(0, -1)",,"(1, 2)","(0, 1)",dish,"(2, 0):soup('onion', 3, 12)","(2, 0):soup('onion', 3, 12)",100.0,97.0,5,interact,-0.0020000000000000018,0.0,0.0,-0.0020000000000000018,100.0,97.0,False,"(2, 1)",,"(1, 2)",dish,"(2, 0):soup('onion', 3, 13)","(2, 0):soup('onion', 3, 13)"
209,5,interact,"(2, 1)","(0, -1)",,"(1, 2)","(0, 1)",dish,"(2, 0):soup('onion', 3, 13)","(2, 0):soup('onion', 3, 13)",100.0,97.0,5,interact,-0.0020000000000000018,0.0,0.0,-0.0020000000000000018,100.0,97.0,False,"(2, 1)",,"(1, 2)",dish,"(2, 0):soup('onion', 3, 14)","(2, 0):soup('onion', 3, 14)"
210,5,interact,"(2, 1)","(0, -1)",,"(1, 2)","(0, 1)",dish,"(2, 0):soup('onion', 3, 14)","(2, 0):soup('onion', 3, 14)",100.0,97.0,5,interact,-0.0020000000000000018,0.0,0.0,-0.0020000000000000018,100.0,97.0,False,"(2, 1)",,"(1, 2)",dish,"(2, 0):soup('onion', 3, 15)","(2, 0):soup('onion', 3, 15)"
211,5,interact,"(2, 1)","(0, -1)",,"(1, 2)","(0, 1)",dish,"(2, 0):soup('onion', 3, 15)","(2, 0):soup('onion', 3, 15)",100.0,97.0,5,interact,-0.0020000000000000018,0.0,0.0,-0.0020000000000000018,100.0,97.0,False,"(2, 1)",,"(1, 2)",dish,"(2, 0):soup('onion', 3, 16)","(2, 0):soup('onion', 3, 16)"
212,5,interact,"(2, 1)","(0, -1)",,"(1, 2)","(0, 1)",dish,"(2, 0):soup('onion', 3, 16)","(2, 0):soup('onion', 3, 16)",100.0,97.0,5,interact,-0.0020000000000000018,0.0,0.0,-0.0020000000000000018,100.0,97.0,False,"(2, 1)",,"(1, 2)",dish,"(2, 0):soup('onion', 3, 17)","(2, 0):soup('onion', 3, 17)"
213,5,interact,"(2, 1)","(0, -1)",,"(1, 2)","(0, 1)",dish,"(2, 0):soup('onion', 3, 17)","(2, 0):soup('onion', 3, 17)",100.0,97.0,5,interact,-0.0020000000000000018,0.0,0.0,-0.0020000000000000018,100.0,97.0,False,"(2, 1)",,"(1, 2)",dish,"(2, 0):soup('onion', 3, 18)","(2, 0):soup('onion', 3, 18)"
214,5,interact,"(2, 1)","(0, -1)",,"(1, 2)","(0, 1)",dish,"(2, 0):soup('onion', 3, 18)","(2, 0):soup('onion', 3, 18)",100.0,97.0,5,interact,-0.0020000000000000018,0.0,0.0,-0.0020000000000000018,100.0,97.0,False,"(2, 1)",,"(1, 2)",dish,"(2, 0):soup('onion', 3, 19)","(2, 0):soup('onion', 3, 19)"
215,5,interact,"(2, 1)","(0, -1)",,"(1, 2)","(0, 1)",dish,"(2, 0):soup('onion', 3, 19)","(2, 0):soup('onion', 3, 19)",100.0,97.0,5,interact,0.09699999999999998,0.0,0.0,0.09699999999999998,100.0,97.0,False,"(2, 1)",,"(1, 2)",dish,"(2, 0):soup('onion', 3, 20)","(2, 0):soup('onion', 3, 20)"
216,3,"(-1, 0)","(2, 1)","(0, -1)",,"(1, 2)","(0, 1)",dish,"(2, 0):soup('onion', 3, 20)","(2, 0):soup('onion', 3, 20)",100.0,97.0,5,interact,-0.003000000000000025,0.0,0.0,-0.003000000000000025,100.0,97.0,False,"(1, 1)",,"(1, 2)",dish,"(2, 0):soup('onion', 3, 20)","(2, 0):soup('onion', 3, 20)"
217,4,"(0, 0)","(1, 1)","(-1, 0)",,"(1, 2)","(0, 1)",dish,"(2, 0):soup('onion', 3, 20)","(2, 0):soup('onion', 3, 20)",100.0,97.0,2,"(1, 0)",-0.003000000000000025,0.0,0.0,-0.003000000000000025,100.0,97.0,False,"(1, 1)",,"(2, 2)",dish,"(2, 0):soup('onion', 3, 20)","(2, 0):soup('onion', 3, 20)"
218,4,"(0, 0)","(1, 1)","(-1, 0)",,"(2, 2)","(1, 0)",dish,"(2, 0):soup('onion', 3, 20)","(2, 0):soup('onion', 3, 20)",100.0,97.0,0,"(0, -1)",-0.003000000000000025,0.0,0.0,-0.003000000000000025,100.0,97.0,False,"(1, 1)",,"(2, 1)",dish,"(2, 0):soup('onion', 3, 20)","(2, 0):soup('onion', 3, 20)"
219,5,interact,"(1, 1)","(-1, 0)",,"(2, 1)","(0, -1)",dish,"(2, 0):soup('onion', 3, 20)","(2, 0):soup('onion', 3, 20)",100.0,97.0,5,interact,5.0663,0.0,5.0,0.06630000000000003,100.0,102.0,False,"(1, 1)",onion,"(2, 1)","soup('onion', 3, 20)",,"(2, 0):empty"
220,2,"(1, 0)","(1, 1)","(-1, 0)",onion,"(2, 1)","(0, -1)","soup('onion', 3, 20)",,"(2, 0):empty",100.0,102.0,2,"(1, 0)",0.006199999999999983,0.0,0.0,0.006199999999999983,100.0,102.0,False,"(2, 1)",onion,"(3, 1)","soup('onion', 3, 20)",,"(2, 0):empty"
221,0,"(0, -1)","(2, 1)","(1, 0)",onion,"(3, 1)","(1, 0)","soup('onion', 3, 20)",,"(2, 0):empty",100.0,102.0,1,"(0, 1)",0.006099999999999994,0.0,0.0,0.006099999999999994,100.0,102.0,False,"(2, 1)",onion,"(3, 2)","soup('onion', 3, 20)",,"(2, 0):empty"
222,5,interact,"(2, 1)","(0, -1)",onion,"(3, 2)","(0, 1)","soup('onion', 3, 20)",,"(2, 0):empty",100.0,102.0,5,interact,22.6694,20.0,3.0,-0.3306,120.0,105.0,True,"(2, 1)",,"(3, 2)",,"(2, 0):soup('onion', 1, 0)","(2, 0):soup('onion', 1, 0)"
223,2,"(1, 0)","(2, 1)","(0, -1)",,"(3, 2)","(0, 1)",,"(2, 0):soup('onion', 1, 0)","(2, 0):soup('onion', 1, 0)",120.0,105.0,3,"(-1, 0)",-0.0006000000000000006,0.0,0.0,-0.0006000000000000006,120.0,105.0,False,"(3, 1)",,"(2, 2)",,"(2, 0):soup('onion', 1, 0)","(2, 0):soup('onion', 1, 0)"
224,5,interact,"(3, 1)","(1, 0)",,"(2, 2)","(-1, 0)",,"(2, 0):soup('onion', 1, 0)","(2, 0):soup('onion', 1, 0)",120.0,105.0,1,"(0, 1)",-0.0006000000000000006,0.0,0.0,-0.0006000000000000006,120.0,105.0,False,"(3, 1)",onion,"(2, 2)",,"(2, 0):soup('onion', 1, 0)","(2, 0):soup('onion', 1, 0)"
225,3,"(-1, 0)","(3, 1)","(1, 0)",onion,"(2, 2)","(0, 1)",,"(2, 0):soup('onion', 1, 0)","(2, 0):soup('onion', 1, 0)",120.0,105.0,1,"(0, 1)",-0.0006000000000000006,0.0,0.0,-0.0006000000000000006,120.0,105.0,False,"(2, 1)",onion,"(2, 2)",,"(2, 0):soup('onion', 1, 0)","(2, 0):soup('onion', 1, 0)"
226,0,"(0, -1)","(2, 1)","(-1, 0)",onion,"(2, 2)","(0, 1)",,"(2, 0):soup('onion', 1, 0)","(2, 0):soup('onion', 1, 0)",120.0,105.0,0,"(0, -1)",-0.0006000000000000006,0.0,0.0,-0.0006000000000000006,120.0,105.0,False,"(2, 1)",onion,"(2, 2)",,"(2, 0):soup('onion', 1, 0)","(2, 0):soup('onion', 1, 0)"
227,5,interact,"(2, 1)","(0, -1)",onion,"(2, 2)","(0, -1)",,"(2, 0):soup('onion', 1, 0)","(2, 0):soup('onion', 1, 0)",120.0,105.0,5,interact,3.0588,0.0,3.0,0.0588,120.0,108.0,False,"(2, 1)",,"(2, 2)",,"(2, 0):soup('onion', 2, 0)","(2, 0):soup('onion', 2, 0)"
228,2,"(1, 0)","(2, 1)","(0, -1)",,"(2, 2)","(0, -1)",,"(2, 0):soup('onion', 2, 0)","(2, 0):soup('onion', 2, 0)",120.0,108.0,3,"(-1, 0)",-0.0012000000000000012,0.0,0.0,-0.0012000000000000012,120.0,108.0,False,"(3, 1)",,"(1, 2)",,"(2, 0):soup('onion', 2, 0)","(2, 0):soup('onion', 2, 0)"
229,5,interact,"(3, 1)","(1, 0)",,"(1, 2)","(-1, 0)",,"(2, 0):soup('onion', 2, 0)","(2, 0):soup('onion', 2, 0)",120.0,108.0,1,"(0, 1)",-0.0012000000000000012,0.0,0.0,-0.0012000000000000012,120.0,108.0,False,"(3, 1)",onion,"(1, 2)",,"(2, 0):soup('onion', 2, 0)","(2, 0):soup('onion', 2, 0)"
230,3,"(-1, 0)","(3, 1)","(1, 0)",onion,"(1, 2)","(0, 1)",,"(2, 0):soup('onion', 2, 0)","(2, 0):soup('onion', 2, 0)",120.0,108.0,1,"(0, 1)",-0.0012000000000000012,0.0,0.0,-0.0012000000000000012,120.0,108.0,False,"(2, 1)",onion,"(1, 2)",,"(2, 0):soup('onion', 2, 0)","(2, 0):soup('onion', 2, 0)"
231,0,"(0, -1)","(2, 1)","(-1, 0)",onion,"(1, 2)","(0, 1)",,"(2, 0):soup('onion', 2, 0)","(2, 0):soup('onion', 2, 0)",120.0,108.0,5,interact,2.9988,0.0,3.0,-0.0012000000000000012,120.0,111.0,False,"(2, 1)",onion,"(1, 2)",dish,"(2, 0):soup('onion', 2, 0)","(2, 0):soup('onion', 2, 0)"
232,5,interact,"(2, 1)","(0, -1)",onion,"(1, 2)","(0, 1)",dish,"(2, 0):soup('onion', 2, 0)","(2, 0):soup('onion', 2, 0)",120.0,111.0,5,interact,3.078,0.0,3.0,0.07800000000000001,120.0,114.0,False,"(2, 1)",,"(1, 2)",dish,"(2, 0):soup('onion', 3, 1)","(2, 0):soup('onion', 3, 1)"
233,5,interact,"(2, 1)","(0, -1)",,"(1, 2)","(0, 1)",dish,"(2, 0):soup('onion', 3, 1)","(2, 0):soup('onion', 3, 1)",120.0,114.0,5,interact,-0.0020000000000000018,0.0,0.0,-0.0020000000000000018,120.0,114.0,False,"(2, 1)",,"(1, 2)",dish,"(2, 0):soup('onion', 3, 2)","(2, 0):soup('onion', 3, 2)"
234,5,interact,"(2, 1)","(0, -1)",,"(1, 2)","(0, 1)",dish,"(2, 0):soup('onion', 3, 2)","(2, 0):soup('onion', 3, 2)",120.0,114.0,5,interact,-0.0020000000000000018,0.0,0.0,-0.0020000000000000018,120.0,114.0,False,"(2, 1)",,"(1, 2)",dish,"(2, 0):soup('onion', 3, 3)","(2, 0):soup('onion', 3, 3)"
235,5,interact,"(2, 1)","(0, -1)",,"(1, 2)","(0, 1)",dish,"(2, 0):soup('onion', 3, 3)","(2, 0):soup('onion', 3, 3)",120.0,114.0,5,interact,-0.0020000000000000018,0.0,0.0,-0.0020000000000000018,120.0,114.0,False,"(2, 1)",,"(1, 2)",dish,"(2, 0):soup('onion', 3, 4)","(2, 0):soup('onion', 3, 4)"
236,5,interact,"(2, 1)","(0, -1)",,"(1, 2)","(0, 1)",dish,"(2, 0):soup('onion', 3, 4)","(2, 0):soup('onion', 3, 4)",120.0,114.0,5,interact,-0.0020000000000000018,0.0,0.0,-0.0020000000000000018,120.0,114.0,False,"(2, 1)",,"(1, 2)",dish,"(2, 0):soup('onion', 3, 5)","(2, 0):soup('onion', 3, 5)"
237,5,interact,"(2, 1)","(0, -1)",,"(1, 2)","(0, 1)",dish,"(2, 0):soup('onion', 3, 5)","(2, 0):soup('onion', 3, 5)",120.0,114.0,5,interact,-0.0020000000000000018,0.0,0.0,-0.0020000000000000018,120.0,114.0,False,"(2, 1)",,"(1, 2)",dish,"(2, 0):soup('onion', 3, 6)","(2, 0):soup('onion', 3, 6)"
238,5,interact,"(2, 1)","(0, -1)",,"(1, 2)","(0, 1)",dish,"(2, 0):soup('onion', 3, 6)","(2, 0):soup('onion', 3, 6)",120.0,114.0,5,interact,-0.0020000000000000018,0.0,0.0,-0.0020000000000000018,120.0,114.0,False,"(2, 1)",,"(1, 2)",dish,"(2, 0):soup('onion', 3, 7)","(2, 0):soup('onion', 3, 7)"
239,5,interact,"(2, 1)","(0, -1)",,"(1, 2)","(0, 1)",dish,"(2, 0):soup('onion', 3, 7)","(2, 0):soup('onion', 3, 7)",120.0,114.0,5,interact,-0.0020000000000000018,0.0,0.0,-0.0020000000000000018,120.0,114.0,False,"(2, 1)",,"(1, 2)",dish,"(2, 0):soup('onion', 3, 8)","(2, 0):soup('onion', 3, 8)"
240,5,interact,"(2, 1)","(0, -1)",,"(1, 2)","(0, 1)",dish,"(2, 0):soup('onion', 3, 8)","(2, 0):soup('onion', 3, 8)",120.0,114.0,5,interact,-0.0020000000000000018,0.0,0.0,-0.0020000000000000018,120.0,114.0,False,"(2, 1)",,"(1, 2)",dish,"(2, 0):soup('onion', 3, 9)","(2, 0):soup('onion', 3, 9)"
241,5,interact,"(2, 1)","(0, -1)",,"(1, 2)","(0, 1)",dish,"(2, 0):soup('onion', 3, 9)","(2, 0):soup('onion', 3, 9)",120.0,114.0,5,interact,-0.0020000000000000018,0.0,0.0,-0.0020000000000000018,120.0,114.0,False,"(2, 1)",,"(1, 2)",dish,"(2, 0):soup('onion', 3, 10)","(2, 0):soup('onion', 3, 10)"
242,5,interact,"(2, 1)","(0, -1)",,"(1, 2)","(0, 1)",dish,"(2, 0):soup('onion', 3, 10)","(2, 0):soup('onion', 3, 10)",120.0,114.0,5,interact,-0.0020000000000000018,0.0,0.0,-0.0020000000000000018,120.0,114.0,False,"(2, 1)",,"(1, 2)",dish,"(2, 0):soup('onion', 3, 11)","(2, 0):soup('onion', 3, 11)"
243,5,interact,"(2, 1)","(0, -1)",,"(1, 2)","(0, 1)",dish,"(2, 0):soup('onion', 3, 11)","(2, 0):soup('onion', 3, 11)",120.0,114.0,5,interact,-0.0020000000000000018,0.0,0.0,-0.0020000000000000018,120.0,114.0,False,"(2, 1)",,"(1, 2)",dish,"(2, 0):soup('onion', 3, 12)","(2, 0):soup('onion', 3, 12)"
244,5,interact,"(2, 1)","(0, -1)",,"(1, 2)","(0, 1)",dish,"(2, 0):soup('onion', 3, 12)","(2, 0):soup('onion', 3, 12)",120.0,114.0,5,interact,-0.0020000000000000018,0.0,0.0,-0.0020000000000000018,120.0,114.0,False,"(2, 1)",,"(1, 2)",dish,"(2, 0):soup('onion', 3, 13)","(2, 0):soup('onion', 3, 13)"
245,5,interact,"(2, 1)","(0, -1)",,"(1, 2)","(0, 1)",dish,"(2, 0):soup('onion', 3, 13)","(2, 0):soup('onion', 3, 13)",120.0,114.0,5,interact,-0.0020000000000000018,0.0,0.0,-0.0020000000000000018,120.0,114.0,False,"(2, 1)",,"(1, 2)",dish,"(2, 0):soup('onion', 3, 14)","(2, 0):soup('onion', 3, 14)"
246,5,interact,"(2, 1)","(0, -1)",,"(1, 2)","(0, 1)",dish,"(2, 0):soup('onion', 3, 14)","(2, 0):soup('onion', 3, 14)",120.0,114.0,5,interact,-0.0020000000000000018,0.0,0.0,-0.0020000000000000018,120.0,114.0,False,"(2, 1)",,"(1, 2)",dish,"(2, 0):soup('onion', 3, 15)","(2, 0):soup('onion', 3, 15)"
247,5,interact,"(2, 1)","(0, -1)",,"(1, 2)","(0, 1)",dish,"(2, 0):soup('onion', 3, 15)","(2, 0):soup('onion', 3, 15)",120.0,114.0,5,interact,-0.0020000000000000018,0.0,0.0,-0.0020000000000000018,120.0,114.0,False,"(2, 1)",,"(1, 2)",dish,"(2, 0):soup('onion', 3, 16)","(2, 0):soup('onion', 3, 16)"
248,5,interact,"(2, 1)","(0, -1)",,"(1, 2)","(0, 1)",dish,"(2, 0):soup('onion', 3, 16)","(2, 0):soup('onion', 3, 16)",120.0,114.0,5,interact,-0.0020000000000000018,0.0,0.0,-0.0020000000000000018,120.0,114.0,False,"(2, 1)",,"(1, 2)",dish,"(2, 0):soup('onion', 3, 17)","(2, 0):soup('onion', 3, 17)"
249,5,interact,"(2, 1)","(0, -1)",,"(1, 2)","(0, 1)",dish,"(2, 0):soup('onion', 3, 17)","(2, 0):soup('onion', 3, 17)",120.0,114.0,5,interact,-0.0020000000000000018,0.0,0.0,-0.0020000000000000018,120.0,114.0,False,"(2, 1)",,"(1, 2)",dish,"(2, 0):soup('onion', 3, 18)","(2, 0):soup('onion', 3, 18)"
250,5,interact,"(2, 1)","(0, -1)",,"(1, 2)","(0, 1)",dish,"(2, 0):soup('onion', 3, 18)","(2, 0):soup('onion', 3, 18)",120.0,114.0,5,interact,-0.0020000000000000018,0.0,0.0,-0.0020000000000000018,120.0,114.0,False,"(2, 1)",,"(1, 2)",dish,"(2, 0):soup('onion', 3, 19)","(2, 0):soup('onion', 3, 19)"
251,5,interact,"(2, 1)","(0, -1)",,"(1, 2)","(0, 1)",dish,"(2, 0):soup('onion', 3, 19)","(2, 0):soup('onion', 3, 19)",120.0,114.0,5,interact,0.09699999999999998,0.0,0.0,0.09699999999999998,120.0,114.0,False,"(2, 1)",,"(1, 2)",dish,"(2, 0):soup('onion', 3, 20)","(2, 0):soup('onion', 3, 20)"
252,3,"(-1, 0)","(2, 1)","(0, -1)",,"(1, 2)","(0, 1)",dish,"(2, 0):soup('onion', 3, 20)","(2, 0):soup('onion', 3, 20)",120.0,114.0,5,interact,-0.003000000000000025,0.0,0.0,-0.003000000000000025,120.0,114.0,False,"(1, 1)",,"(1, 2)",dish,"(2, 0):soup('onion', 3, 20)","(2, 0):soup('onion', 3, 20)"
253,4,"(0, 0)","(1, 1)","(-1, 0)",,"(1, 2)","(0, 1)",dish,"(2, 0):soup('onion', 3, 20)","(2, 0):soup('onion', 3, 20)",120.0,114.0,2,"(1, 0)",-0.003000000000000025,0.0,0.0,-0.003000000000000025,120.0,114.0,False,"(1, 1)",,"(2, 2)",dish,"(2, 0):soup('onion', 3, 20)","(2, 0):soup('onion', 3, 20)"
254,4,"(0, 0)","(1, 1)","(-1, 0)",,"(2, 2)","(1, 0)",dish,"(2, 0):soup('onion', 3, 20)","(2, 0):soup('onion', 3, 20)",120.0,114.0,0,"(0, -1)",-0.003000000000000025,0.0,0.0,-0.003000000000000025,120.0,114.0,False,"(1, 1)",,"(2, 1)",dish,"(2, 0):soup('onion', 3, 20)","(2, 0):soup('onion', 3, 20)"
255,5,interact,"(1, 1)","(-1, 0)",,"(2, 1)","(0, -1)",dish,"(2, 0):soup('onion', 3, 20)","(2, 0):soup('onion', 3, 20)",120.0,114.0,5,interact,5.0663,0.0,5.0,0.06630000000000003,120.0,119.0,False,"(1, 1)",onion,"(2, 1)","soup('onion', 3, 20)",,"(2, 0):empty"
256,2,"(1, 0)","(1, 1)","(-1, 0)",onion,"(2, 1)","(0, -1)","soup('onion', 3, 20)",,"(2, 0):empty",120.0,119.0,2,"(1, 0)",0.006199999999999983,0.0,0.0,0.006199999999999983,120.0,119.0,False,"(2, 1)",onion,"(3, 1)","soup('onion', 3, 20)",,"(2, 0):empty"
257,0,"(0, -1)","(2, 1)","(1, 0)",onion,"(3, 1)","(1, 0)","soup('onion', 3, 20)",,"(2, 0):empty",120.0,119.0,1,"(0, 1)",0.006099999999999994,0.0,0.0,0.006099999999999994,120.0,119.0,False,"(2, 1)",onion,"(3, 2)","soup('onion', 3, 20)",,"(2, 0):empty"
258,5,interact,"(2, 1)","(0, -1)",onion,"(3, 2)","(0, 1)","soup('onion', 3, 20)",,"(2, 0):empty",120.0,119.0,5,interact,22.6694,20.0,3.0,-0.3306,140.0,122.0,True,"(2, 1)",,"(3, 2)",,"(2, 0):soup('onion', 1, 0)","(2, 0):soup('onion', 1, 0)"
259,2,"(1, 0)","(2, 1)","(0, -1)",,"(3, 2)","(0, 1)",,"(2, 0):soup('onion', 1, 0)","(2, 0):soup('onion', 1, 0)",140.0,122.0,3,"(-1, 0)",-0.0006000000000000006,0.0,0.0,-0.0006000000000000006,140.0,122.0,False,"(3, 1)",,"(2, 2)",,"(2, 0):soup('onion', 1, 0)","(2, 0):soup('onion', 1, 0)"
260,5,interact,"(3, 1)","(1, 0)",,"(2, 2)","(-1, 0)",,"(2, 0):soup('onion', 1, 0)","(2, 0):soup('onion', 1, 0)",140.0,122.0,1,"(0, 1)",-0.0006000000000000006,0.0,0.0,-0.0006000000000000006,140.0,122.0,False,"(3, 1)",onion,"(2, 2)",,"(2, 0):soup('onion', 1, 0)","(2, 0):soup('onion', 1, 0)"
261,3,"(-1, 0)","(3, 1)","(1, 0)",onion,"(2, 2)","(0, 1)",,"(2, 0):soup('onion', 1, 0)","(2, 0):soup('onion', 1, 0)",140.0,122.0,1,"(0, 1)",-0.0006000000000000006,0.0,0.0,-0.0006000000000000006,140.0,122.0,False,"(2, 1)",onion,"(2, 2)",,"(2, 0):soup('onion', 1, 0)","(2, 0):soup('onion', 1, 0)"
262,0,"(0, -1)","(2, 1)","(-1, 0)",onion,"(2, 2)","(0, 1)",,"(2, 0):soup('onion', 1, 0)","(2, 0):soup('onion', 1, 0)",140.0,122.0,0,"(0, -1)",-0.0006000000000000006,0.0,0.0,-0.0006000000000000006,140.0,122.0,False,"(2, 1)",onion,"(2, 2)",,"(2, 0):soup('onion', 1, 0)","(2, 0):soup('onion', 1, 0)"
263,5,interact,"(2, 1)","(0, -1)",onion,"(2, 2)","(0, -1)",,"(2, 0):soup('onion', 1, 0)","(2, 0):soup('onion', 1, 0)",140.0,122.0,5,interact,3.0588,0.0,3.0,0.0588,140.0,125.0,False,"(2, 1)",,"(2, 2)",,"(2, 0):soup('onion', 2, 0)","(2, 0):soup('onion', 2, 0)"
264,2,"(1, 0)","(2, 1)","(0, -1)",,"(2, 2)","(0, -1)",,"(2, 0):soup('onion', 2, 0)","(2, 0):soup('onion', 2, 0)",140.0,125.0,3,"(-1, 0)",-0.0012000000000000012,0.0,0.0,-0.0012000000000000012,140.0,125.0,False,"(3, 1)",,"(1, 2)",,"(2, 0):soup('onion', 2, 0)","(2, 0):soup('onion', 2, 0)"
265,5,interact,"(3, 1)","(1, 0)",,"(1, 2)","(-1, 0)",,"(2, 0):soup('onion', 2, 0)","(2, 0):soup('onion', 2, 0)",140.0,125.0,1,"(0, 1)",-0.0012000000000000012,0.0,0.0,-0.0012000000000000012,140.0,125.0,False,"(3, 1)",onion,"(1, 2)",,"(2, 0):soup('onion', 2, 0)","(2, 0):soup('onion', 2, 0)"
266,3,"(-1, 0)","(3, 1)","(1, 0)",onion,"(1, 2)","(0, 1)",,"(2, 0):soup('onion', 2, 0)","(2, 0):soup('onion', 2, 0)",140.0,125.0,1,"(0, 1)",-0.0012000000000000012,0.0,0.0,-0.0012000000000000012,140.0,125.0,False,"(2, 1)",onion,"(1, 2)",,"(2, 0):soup('onion', 2, 0)","(2, 0):soup('onion', 2, 0)"
267,0,"(0, -1)","(2, 1)","(-1, 0)",onion,"(1, 2)","(0, 1)",,"(2, 0):soup('onion', 2, 0)","(2, 0):soup('onion', 2, 0)",140.0,125.0,5,interact,2.9988,0.0,3.0,-0.0012000000000000012,140.0,128.0,False,"(2, 1)",onion,"(1, 2)",dish,"(2, 0):soup('onion', 2, 0)","(2, 0):soup('onion', 2, 0)"
268,5,interact,"(2, 1)","(0, -1)",onion,"(1, 2)","(0, 1)",dish,"(2, 0):soup('onion', 2, 0)","(2, 0):soup('onion', 2, 0)",140.0,128.0,5,interact,3.078,0.0,3.0,0.07800000000000001,140.0,131.0,False,"(2, 1)",,"(1, 2)",dish,"(2, 0):soup('onion', 3, 1)","(2, 0):soup('onion', 3, 1)"
269,5,interact,"(2, 1)","(0, -1)",,"(1, 2)","(0, 1)",dish,"(2, 0):soup('onion', 3, 1)","(2, 0):soup('onion', 3, 1)",140.0,131.0,5,interact,-0.0020000000000000018,0.0,0.0,-0.0020000000000000018,140.0,131.0,False,"(2, 1)",,"(1, 2)",dish,"(2, 0):soup('onion', 3, 2)","(2, 0):soup('onion', 3, 2)"
270,5,interact,"(2, 1)","(0, -1)",,"(1, 2)","(0, 1)",dish,"(2, 0):soup('onion', 3, 2)","(2, 0):soup('onion', 3, 2)",140.0,131.0,5,interact,-0.0020000000000000018,0.0,0.0,-0.0020000000000000018,140.0,131.0,False,"(2, 1)",,"(1, 2)",dish,"(2, 0):soup('onion', 3, 3)","(2, 0):soup('onion', 3, 3)"
271,5,interact,"(2, 1)","(0, -1)",,"(1, 2)","(0, 1)",dish,"(2, 0):soup('onion', 3, 3)","(2, 0):soup('onion', 3, 3)",140.0,131.0,5,interact,-0.0020000000000000018,0.0,0.0,-0.0020000000000000018,140.0,131.0,False,"(2, 1)",,"(1, 2)",dish,"(2, 0):soup('onion', 3, 4)","(2, 0):soup('onion', 3, 4)"
272,5,interact,"(2, 1)","(0, -1)",,"(1, 2)","(0, 1)",dish,"(2, 0):soup('onion', 3, 4)","(2, 0):soup('onion', 3, 4)",140.0,131.0,5,interact,-0.0020000000000000018,0.0,0.0,-0.0020000000000000018,140.0,131.0,False,"(2, 1)",,"(1, 2)",dish,"(2, 0):soup('onion', 3, 5)","(2, 0):soup('onion', 3, 5)"
273,5,interact,"(2, 1)","(0, -1)",,"(1, 2)","(0, 1)",dish,"(2, 0):soup('onion', 3, 5)","(2, 0):soup('onion', 3, 5)",140.0,131.0,5,interact,-0.0020000000000000018,0.0,0.0,-0.0020000000000000018,140.0,131.0,False,"(2, 1)",,"(1, 2)",dish,"(2, 0):soup('onion', 3, 6)","(2, 0):soup('onion', 3, 6)"
274,5,interact,"(2, 1)","(0, -1)",,"(1, 2)","(0, 1)",dish,"(2, 0):soup('onion', 3, 6)","(2, 0):soup('onion', 3, 6)",140.0,131.0,5,interact,-0.0020000000000000018,0.0,0.0,-0.0020000000000000018,140.0,131.0,False,"(2, 1)",,"(1, 2)",dish,"(2, 0):soup('onion', 3, 7)","(2, 0):soup('onion', 3, 7)"
275,5,interact,"(2, 1)","(0, -1)",,"(1, 2)","(0, 1)",dish,"(2, 0):soup('onion', 3, 7)","(2, 0):soup('onion', 3, 7)",140.0,131.0,5,interact,-0.0020000000000000018,0.0,0.0,-0.0020000000000000018,140.0,131.0,False,"(2, 1)",,"(1, 2)",dish,"(2, 0):soup('onion', 3, 8)","(2, 0):soup('onion', 3, 8)"
276,5,interact,"(2, 1)","(0, -1)",,"(1, 2)","(0, 1)",dish,"(2, 0):soup('onion', 3, 8)","(2, 0):soup('onion', 3, 8)",140.0,131.0,5,interact,-0.0020000000000000018,0.0,0.0,-0.0020000000000000018,140.0,131.0,False,"(2, 1)",,"(1, 2)",dish,"(2, 0):soup('onion', 3, 9)","(2, 0):soup('onion', 3, 9)"
277,5,interact,"(2, 1)","(0, -1)",,"(1, 2)","(0, 1)",dish,"(2, 0):soup('onion', 3, 9)","(2, 0):soup('onion', 3, 9)",140.0,131.0,5,interact,-0.0020000000000000018,0.0,0.0,-0.0020000000000000018,140.0,131.0,False,"(2, 1)",,"(1, 2)",dish,"(2, 0):soup('onion', 3, 10)","(2, 0):soup('onion', 3, 10)"
278,5,interact,"(2, 1)","(0, -1)",,"(1, 2)","(0, 1)",dish,"(2, 0):soup('onion', 3, 10)","(2, 0):soup('onion', 3, 10)",140.0,131.0,5,interact,-0.0020000000000000018,0.0,0.0,-0.0020000000000000018,140.0,131.0,False,"(2, 1)",,"(1, 2)",dish,"(2, 0):soup('onion', 3, 11)","(2, 0):soup('onion', 3, 11)"
279,5,interact,"(2, 1)","(0, -1)",,"(1, 2)","(0, 1)",dish,"(2, 0):soup('onion', 3, 11)","(2, 0):soup('onion', 3, 11)",140.0,131.0,5,interact,-0.0020000000000000018,0.0,0.0,-0.0020000000000000018,140.0,131.0,False,"(2, 1)",,"(1, 2)",dish,"(2, 0):soup('onion', 3, 12)","(2, 0):soup('onion', 3, 12)"
280,5,interact,"(2, 1)","(0, -1)",,"(1, 2)","(0, 1)",dish,"(2, 0):soup('onion', 3, 12)","(2, 0):soup('onion', 3, 12)",140.0,131.0,5,interact,-0.0020000000000000018,0.0,0.0,-0.0020000000000000018,140.0,131.0,False,"(2, 1)",,"(1, 2)",dish,"(2, 0):soup('onion', 3, 13)","(2, 0):soup('onion', 3, 13)"
281,5,interact,"(2, 1)","(0, -1)",,"(1, 2)","(0, 1)",dish,"(2, 0):soup('onion', 3, 13)","(2, 0):soup('onion', 3, 13)",140.0,131.0,5,interact,-0.0020000000000000018,0.0,0.0,-0.0020000000000000018,140.0,131.0,False,"(2, 1)",,"(1, 2)",dish,"(2, 0):soup('onion', 3, 14)","(2, 0):soup('onion', 3, 14)"
282,5,interact,"(2, 1)","(0, -1)",,"(1, 2)","(0, 1)",dish,"(2, 0):soup('onion', 3, 14)","(2, 0):soup('onion', 3, 14)",140.0,131.0,5,interact,-0.0020000000000000018,0.0,0.0,-0.0020000000000000018,140.0,131.0,False,"(2, 1)",,"(1, 2)",dish,"(2, 0):soup('onion', 3, 15)","(2, 0):soup('onion', 3, 15)"
283,5,interact,"(2, 1)","(0, -1)",,"(1, 2)","(0, 1)",dish,"(2, 0):soup('onion', 3, 15)","(2, 0):soup('onion', 3, 15)",140.0,131.0,5,interact,-0.0020000000000000018,0.0,0.0,-0.0020000000000000018,140.0,131.0,False,"(2, 1)",,"(1, 2)",dish,"(2, 0):soup('onion', 3, 16)","(2, 0):soup('onion', 3, 16)"
284,5,interact,"(2, 1)","(0, -1)",,"(1, 2)","(0, 1)",dish,"(2, 0):soup('onion', 3, 16)","(2, 0):soup('onion', 3, 16)",140.0,131.0,5,interact,-0.0020000000000000018,0.0,0.0,-0.0020000000000000018,140.0,131.0,False,"(2, 1)",,"(1, 2)",dish,"(2, 0):soup('onion', 3, 17)","(2, 0):soup('onion', 3, 17)"
285,5,interact,"(2, 1)","(0, -1)",,"(1, 2)","(0, 1)",dish,"(2, 0):soup('onion', 3, 17)","(2, 0):soup('onion', 3, 17)",140.0,131.0,5,interact,-0.0020000000000000018,0.0,0.0,-0.0020000000000000018,140.0,131.0,False,"(2, 1)",,"(1, 2)",dish,"(2, 0):soup('onion', 3, 18)","(2, 0):soup('onion', 3, 18)"
286,5,interact,"(2, 1)","(0, -1)",,"(1, 2)","(0, 1)",dish,"(2, 0):soup('onion', 3, 18)","(2, 0):soup('onion', 3, 18)",140.0,131.0,5,interact,-0.0020000000000000018,0.0,0.0,-0.0020000000000000018,140.0,131.0,False,"(2, 1)",,"(1, 2)",dish,"(2, 0):soup('onion', 3, 19)","(2, 0):soup('onion', 3, 19)"
287,5,interact,"(2, 1)","(0, -1)",,"(1, 2)","(0, 1)",dish,"(2, 0):soup('onion', 3, 19)","(2, 0):soup('onion', 3, 19)",140.0,131.0,5,interact,0.09699999999999998,0.0,0.0,0.09699999999999998,140.0,131.0,False,"(2, 1)",,"(1, 2)",dish,"(2, 0):soup('onion', 3, 20)","(2, 0):soup('onion', 3, 20)"
288,3,"(-1, 0)","(2, 1)","(0, -1)",,"(1, 2)","(0, 1)",dish,"(2, 0):soup('onion', 3, 20)","(2, 0):soup('onion', 3, 20)",140.0,131.0,5,interact,-0.003000000000000025,0.0,0.0,-0.003000000000000025,140.0,131.0,False,"(1, 1)",,"(1, 2)",dish,"(2, 0):soup('onion', 3, 20)","(2, 0):soup('onion', 3, 20)"
289,4,"(0, 0)","(1, 1)","(-1, 0)",,"(1, 2)","(0, 1)",dish,"(2, 0):soup('onion', 3, 20)","(2, 0):soup('onion', 3, 20)",140.0,131.0,2,"(1, 0)",-0.003000000000000025,0.0,0.0,-0.003000000000000025,140.0,131.0,False,"(1, 1)",,"(2, 2)",dish,"(2, 0):soup('onion', 3, 20)","(2, 0):soup('onion', 3, 20)"
290,4,"(0, 0)","(1, 1)","(-1, 0)",,"(2, 2)","(1, 0)",dish,"(2, 0):soup('onion', 3, 20)","(2, 0):soup('onion', 3, 20)",140.0,131.0,0,"(0, -1)",-0.003000000000000025,0.0,0.0,-0.003000000000000025,140.0,131.0,False,"(1, 1)",,"(2, 1)",dish,"(2, 0):soup('onion', 3, 20)","(2, 0):soup('onion', 3, 20)"
291,5,interact,"(1, 1)","(-1, 0)",,"(2, 1)","(0, -1)",dish,"(2, 0):soup('onion', 3, 20)","(2, 0):soup('onion', 3, 20)",140.0,131.0,5,interact,5.0663,0.0,5.0,0.06630000000000003,140.0,136.0,False,"(1, 1)",onion,"(2, 1)","soup('onion', 3, 20)",,"(2, 0):empty"
292,2,"(1, 0)","(1, 1)","(-1, 0)",onion,"(2, 1)","(0, -1)","soup('onion', 3, 20)",,"(2, 0):empty",140.0,136.0,2,"(1, 0)",0.006199999999999983,0.0,0.0,0.006199999999999983,140.0,136.0,False,"(2, 1)",onion,"(3, 1)","soup('onion', 3, 20)",,"(2, 0):empty"
293,0,"(0, -1)","(2, 1)","(1, 0)",onion,"(3, 1)","(1, 0)","soup('onion', 3, 20)",,"(2, 0):empty",140.0,136.0,1,"(0, 1)",0.006099999999999994,0.0,0.0,0.006099999999999994,140.0,136.0,False,"(2, 1)",onion,"(3, 2)","soup('onion', 3, 20)",,"(2, 0):empty"
294,5,interact,"(2, 1)","(0, -1)",onion,"(3, 2)","(0, 1)","soup('onion', 3, 20)",,"(2, 0):empty",140.0,136.0,5,interact,22.6694,20.0,3.0,-0.3306,160.0,139.0,True,"(2, 1)",,"(3, 2)",,"(2, 0):soup('onion', 1, 0)","(2, 0):soup('onion', 1, 0)"
295,2,"(1, 0)","(2, 1)","(0, -1)",,"(3, 2)","(0, 1)",,"(2, 0):soup('onion', 1, 0)","(2, 0):soup('onion', 1, 0)",160.0,139.0,3,"(-1, 0)",-0.0006000000000000006,0.0,0.0,-0.0006000000000000006,160.0,139.0,False,"(3, 1)",,"(2, 2)",,"(2, 0):soup('onion', 1, 0)","(2, 0):soup('onion', 1, 0)"
296,5,interact,"(3, 1)","(1, 0)",,"(2, 2)","(-1, 0)",,"(2, 0):soup('onion', 1, 0)","(2, 0):soup('onion', 1, 0)",160.0,139.0,1,"(0, 1)",-0.0006000000000000006,0.0,0.0,-0.0006000000000000006,160.0,139.0,False,"(3, 1)",onion,"(2, 2)",,"(2, 0):soup('onion', 1, 0)","(2, 0):soup('onion', 1, 0)"
297,3,"(-1, 0)","(3, 1)","(1, 0)",onion,"(2, 2)","(0, 1)",,"(2, 0):soup('onion', 1, 0)","(2, 0):soup('onion', 1, 0)",160.0,139.0,1,"(0, 1)",-0.0006000000000000006,0.0,0.0,-0.0006000000000000006,160.0,139.0,False,"(2, 1)",onion,"(2, 2)",,"(2, 0):soup('onion', 1, 0)","(2, 0):soup('onion', 1, 0)"
298,0,"(0, -1)","(2, 1)","(-1, 0)",onion,"(2, 2)","(0, 1)",,"(2, 0):soup('onion', 1, 0)","(2, 0):soup('onion', 1, 0)",160.0,139.0,0,"(0, -1)",-0.0006000000000000006,0.0,0.0,-0.0006000000000000006,160.0,139.0,False,"(2, 1)",onion,"(2, 2)",,"(2, 0):soup('onion', 1, 0)","(2, 0):soup('onion', 1, 0)"
299,5,interact,"(2, 1)","(0, -1)",onion,"(2, 2)","(0, -1)",,"(2, 0):soup('onion', 1, 0)","(2, 0):soup('onion', 1, 0)",160.0,139.0,5,interact,3.0588,0.0,3.0,0.0588,160.0,142.0,False,"(2, 1)",,"(2, 2)",,"(2, 0):soup('onion', 2, 0)","(2, 0):soup('onion', 2, 0)"
300,2,"(1, 0)","(2, 1)","(0, -1)",,"(2, 2)","(0, -1)",,"(2, 0):soup('onion', 2, 0)","(2, 0):soup('onion', 2, 0)",160.0,142.0,3,"(-1, 0)",-0.0012000000000000012,0.0,0.0,-0.0012000000000000012,160.0,142.0,False,"(3, 1)",,"(1, 2)",,"(2, 0):soup('onion', 2, 0)","(2, 0):soup('onion', 2, 0)"
301,5,interact,"(3, 1)","(1, 0)",,"(1, 2)","(-1, 0)",,"(2, 0):soup('onion', 2, 0)","(2, 0):soup('onion', 2, 0)",160.0,142.0,1,"(0, 1)",-0.0012000000000000012,0.0,0.0,-0.0012000000000000012,160.0,142.0,False,"(3, 1)",onion,"(1, 2)",,"(2, 0):soup('onion', 2, 0)","(2, 0):soup('onion', 2, 0)"
302,3,"(-1, 0)","(3, 1)","(1, 0)",onion,"(1, 2)","(0, 1)",,"(2, 0):soup('onion', 2, 0)","(2, 0):soup('onion', 2, 0)",160.0,142.0,1,"(0, 1)",-0.0012000000000000012,0.0,0.0,-0.0012000000000000012,160.0,142.0,False,"(2, 1)",onion,"(1, 2)",,"(2, 0):soup('onion', 2, 0)","(2, 0):soup('onion', 2, 0)"
303,0,"(0, -1)","(2, 1)","(-1, 0)",onion,"(1, 2)","(0, 1)",,"(2, 0):soup('onion', 2, 0)","(2, 0):soup('onion', 2, 0)",160.0,142.0,5,interact,2.9988,0.0,3.0,-0.0012000000000000012,160.0,145.0,False,"(2, 1)",onion,"(1, 2)",dish,"(2, 0):soup('onion', 2, 0)","(2, 0):soup('onion', 2, 0)"
304,5,interact,"(2, 1)","(0, -1)",onion,"(1, 2)","(0, 1)",dish,"(2, 0):soup('onion', 2, 0)","(2, 0):soup('onion', 2, 0)",160.0,145.0,5,interact,3.078,0.0,3.0,0.07800000000000001,160.0,148.0,False,"(2, 1)",,"(1, 2)",dish,"(2, 0):soup('onion', 3, 1)","(2, 0):soup('onion', 3, 1)"
305,5,interact,"(2, 1)","(0, -1)",,"(1, 2)","(0, 1)",dish,"(2, 0):soup('onion', 3, 1)","(2, 0):soup('onion', 3, 1)",160.0,148.0,5,interact,-0.0020000000000000018,0.0,0.0,-0.0020000000000000018,160.0,148.0,False,"(2, 1)",,"(1, 2)",dish,"(2, 0):soup('onion', 3, 2)","(2, 0):soup('onion', 3, 2)"
306,5,interact,"(2, 1)","(0, -1)",,"(1, 2)","(0, 1)",dish,"(2, 0):soup('onion', 3, 2)","(2, 0):soup('onion', 3, 2)",160.0,148.0,5,interact,-0.0020000000000000018,0.0,0.0,-0.0020000000000000018,160.0,148.0,False,"(2, 1)",,"(1, 2)",dish,"(2, 0):soup('onion', 3, 3)","(2, 0):soup('onion', 3, 3)"
307,5,interact,"(2, 1)","(0, -1)",,"(1, 2)","(0, 1)",dish,"(2, 0):soup('onion', 3, 3)","(2, 0):soup('onion', 3, 3)",160.0,148.0,5,interact,-0.0020000000000000018,0.0,0.0,-0.0020000000000000018,160.0,148.0,False,"(2, 1)",,"(1, 2)",dish,"(2, 0):soup('onion', 3, 4)","(2, 0):soup('onion', 3, 4)"
308,5,interact,"(2, 1)","(0, -1)",,"(1, 2)","(0, 1)",dish,"(2, 0):soup('onion', 3, 4)","(2, 0):soup('onion', 3, 4)",160.0,148.0,5,interact,-0.0020000000000000018,0.0,0.0,-0.0020000000000000018,160.0,148.0,False,"(2, 1)",,"(1, 2)",dish,"(2, 0):soup('onion', 3, 5)","(2, 0):soup('onion', 3, 5)"
309,5,interact,"(2, 1)","(0, -1)",,"(1, 2)","(0, 1)",dish,"(2, 0):soup('onion', 3, 5)","(2, 0):soup('onion', 3, 5)",160.0,148.0,5,interact,-0.0020000000000000018,0.0,0.0,-0.0020000000000000018,160.0,148.0,False,"(2, 1)",,"(1, 2)",dish,"(2, 0):soup('onion', 3, 6)","(2, 0):soup('onion', 3, 6)"
310,5,interact,"(2, 1)","(0, -1)",,"(1, 2)","(0, 1)",dish,"(2, 0):soup('onion', 3, 6)","(2, 0):soup('onion', 3, 6)",160.0,148.0,5,interact,-0.0020000000000000018,0.0,0.0,-0.0020000000000000018,160.0,148.0,False,"(2, 1)",,"(1, 2)",dish,"(2, 0):soup('onion', 3, 7)","(2, 0):soup('onion', 3, 7)"
311,5,interact,"(2, 1)","(0, -1)",,"(1, 2)","(0, 1)",dish,"(2, 0):soup('onion', 3, 7)","(2, 0):soup('onion', 3, 7)",160.0,148.0,5,interact,-0.0020000000000000018,0.0,0.0,-0.0020000000000000018,160.0,148.0,False,"(2, 1)",,"(1, 2)",dish,"(2, 0):soup('onion', 3, 8)","(2, 0):soup('onion', 3, 8)"
312,5,interact,"(2, 1)","(0, -1)",,"(1, 2)","(0, 1)",dish,"(2, 0):soup('onion', 3, 8)","(2, 0):soup('onion', 3, 8)",160.0,148.0,5,interact,-0.0020000000000000018,0.0,0.0,-0.0020000000000000018,160.0,148.0,False,"(2, 1)",,"(1, 2)",dish,"(2, 0):soup('onion', 3, 9)","(2, 0):soup('onion', 3, 9)"
313,5,interact,"(2, 1)","(0, -1)",,"(1, 2)","(0, 1)",dish,"(2, 0):soup('onion', 3, 9)","(2, 0):soup('onion', 3, 9)",160.0,148.0,5,interact,-0.0020000000000000018,0.0,0.0,-0.0020000000000000018,160.0,148.0,False,"(2, 1)",,"(1, 2)",dish,"(2, 0):soup('onion', 3, 10)","(2, 0):soup('onion', 3, 10)"
314,5,interact,"(2, 1)","(0, -1)",,"(1, 2)","(0, 1)",dish,"(2, 0):soup('onion', 3, 10)","(2, 0):soup('onion', 3, 10)",160.0,148.0,5,interact,-0.0020000000000000018,0.0,0.0,-0.0020000000000000018,160.0,148.0,False,"(2, 1)",,"(1, 2)",dish,"(2, 0):soup('onion', 3, 11)","(2, 0):soup('onion', 3, 11)"
315,5,interact,"(2, 1)","(0, -1)",,"(1, 2)","(0, 1)",dish,"(2, 0):soup('onion', 3, 11)","(2, 0):soup('onion', 3, 11)",160.0,148.0,5,interact,-0.0020000000000000018,0.0,0.0,-0.0020000000000000018,160.0,148.0,False,"(2, 1)",,"(1, 2)",dish,"(2, 0):soup('onion', 3, 12)","(2, 0):soup('onion', 3, 12)"
316,5,interact,"(2, 1)","(0, -1)",,"(1, 2)","(0, 1)",dish,"(2, 0):soup('onion', 3, 12)","(2, 0):soup('onion', 3, 12)",160.0,148.0,5,interact,-0.0020000000000000018,0.0,0.0,-0.0020000000000000018,160.0,148.0,False,"(2, 1)",,"(1, 2)",dish,"(2, 0):soup('onion', 3, 13)","(2, 0):soup('onion', 3, 13)"
317,5,interact,"(2, 1)","(0, -1)",,"(1, 2)","(0, 1)",dish,"(2, 0):soup('onion', 3, 13)","(2, 0):soup('onion', 3, 13)",160.0,148.0,5,interact,-0.0020000000000000018,0.0,0.0,-0.0020000000000000018,160.0,148.0,False,"(2, 1)",,"(1, 2)",dish,"(2, 0):soup('onion', 3, 14)","(2, 0):soup('onion', 3, 14)"
318,5,interact,"(2, 1)","(0, -1)",,"(1, 2)","(0, 1)",dish,"(2, 0):soup('onion', 3, 14)","(2, 0):soup('onion', 3, 14)",160.0,148.0,5,interact,-0.0020000000000000018,0.0,0.0,-0.0020000000000000018,160.0,148.0,False,"(2, 1)",,"(1, 2)",dish,"(2, 0):soup('onion', 3, 15)","(2, 0):soup('onion', 3, 15)"
319,5,interact,"(2, 1)","(0, -1)",,"(1, 2)","(0, 1)",dish,"(2, 0):soup('onion', 3, 15)","(2, 0):soup('onion', 3, 15)",160.0,148.0,5,interact,-0.0020000000000000018,0.0,0.0,-0.0020000000000000018,160.0,148.0,False,"(2, 1)",,"(1, 2)",dish,"(2, 0):soup('onion', 3, 16)","(2, 0):soup('onion', 3, 16)"
320,5,interact,"(2, 1)","(0, -1)",,"(1, 2)","(0, 1)",dish,"(2, 0):soup('onion', 3, 16)","(2, 0):soup('onion', 3, 16)",160.0,148.0,5,interact,-0.0020000000000000018,0.0,0.0,-0.0020000000000000018,160.0,148.0,False,"(2, 1)",,"(1, 2)",dish,"(2, 0):soup('onion', 3, 17)","(2, 0):soup('onion', 3, 17)"
321,5,interact,"(2, 1)","(0, -1)",,"(1, 2)","(0, 1)",dish,"(2, 0):soup('onion', 3, 17)","(2, 0):soup('onion', 3, 17)",160.0,148.0,5,interact,-0.0020000000000000018,0.0,0.0,-0.0020000000000000018,160.0,148.0,False,"(2, 1)",,"(1, 2)",dish,"(2, 0):soup('onion', 3, 18)","(2, 0):soup('onion', 3, 18)"
322,5,interact,"(2, 1)","(0, -1)",,"(1, 2)","(0, 1)",dish,"(2, 0):soup('onion', 3, 18)","(2, 0):soup('onion', 3, 18)",160.0,148.0,5,interact,-0.0020000000000000018,0.0,0.0,-0.0020000000000000018,160.0,148.0,False,"(2, 1)",,"(1, 2)",dish,"(2, 0):soup('onion', 3, 19)","(2, 0):soup('onion', 3, 19)"
323,5,interact,"(2, 1)","(0, -1)",,"(1, 2)","(0, 1)",dish,"(2, 0):soup('onion', 3, 19)","(2, 0):soup('onion', 3, 19)",160.0,148.0,5,interact,0.09699999999999998,0.0,0.0,0.09699999999999998,160.0,148.0,False,"(2, 1)",,"(1, 2)",dish,"(2, 0):soup('onion', 3, 20)","(2, 0):soup('onion', 3, 20)"
324,3,"(-1, 0)","(2, 1)","(0, -1)",,"(1, 2)","(0, 1)",dish,"(2, 0):soup('onion', 3, 20)","(2, 0):soup('onion', 3, 20)",160.0,148.0,5,interact,-0.003000000000000025,0.0,0.0,-0.003000000000000025,160.0,148.0,False,"(1, 1)",,"(1, 2)",dish,"(2, 0):soup('onion', 3, 20)","(2, 0):soup('onion', 3, 20)"
325,4,"(0, 0)","(1, 1)","(-1, 0)",,"(1, 2)","(0, 1)",dish,"(2, 0):soup('onion', 3, 20)","(2, 0):soup('onion', 3, 20)",160.0,148.0,2,"(1, 0)",-0.003000000000000025,0.0,0.0,-0.003000000000000025,160.0,148.0,False,"(1, 1)",,"(2, 2)",dish,"(2, 0):soup('onion', 3, 20)","(2, 0):soup('onion', 3, 20)"
326,4,"(0, 0)","(1, 1)","(-1, 0)",,"(2, 2)","(1, 0)",dish,"(2, 0):soup('onion', 3, 20)","(2, 0):soup('onion', 3, 20)",160.0,148.0,0,"(0, -1)",-0.003000000000000025,0.0,0.0,-0.003000000000000025,160.0,148.0,False,"(1, 1)",,"(2, 1)",dish,"(2, 0):soup('onion', 3, 20)","(2, 0):soup('onion', 3, 20)"
327,5,interact,"(1, 1)","(-1, 0)",,"(2, 1)","(0, -1)",dish,"(2, 0):soup('onion', 3, 20)","(2, 0):soup('onion', 3, 20)",160.0,148.0,5,interact,5.0663,0.0,5.0,0.06630000000000003,160.0,153.0,False,"(1, 1)",onion,"(2, 1)","soup('onion', 3, 20)",,"(2, 0):empty"
328,2,"(1, 0)","(1, 1)","(-1, 0)",onion,"(2, 1)","(0, -1)","soup('onion', 3, 20)",,"(2, 0):empty",160.0,153.0,2,"(1, 0)",0.006199999999999983,0.0,0.0,0.006199999999999983,160.0,153.0,False,"(2, 1)",onion,"(3, 1)","soup('onion', 3, 20)",,"(2, 0):empty"
329,0,"(0, -1)","(2, 1)","(1, 0)",onion,"(3, 1)","(1, 0)","soup('onion', 3, 20)",,"(2, 0):empty",160.0,153.0,1,"(0, 1)",0.006099999999999994,0.0,0.0,0.006099999999999994,160.0,153.0,False,"(2, 1)",onion,"(3, 2)","soup('onion', 3, 20)",,"(2, 0):empty"
330,5,interact,"(2, 1)","(0, -1)",onion,"(3, 2)","(0, 1)","soup('onion', 3, 20)",,"(2, 0):empty",160.0,153.0,5,interact,22.6694,20.0,3.0,-0.3306,180.0,156.0,True,"(2, 1)",,"(3, 2)",,"(2, 0):soup('onion', 1, 0)","(2, 0):soup('onion', 1, 0)"
331,2,"(1, 0)","(2, 1)","(0, -1)",,"(3, 2)","(0, 1)",,"(2, 0):soup('onion', 1, 0)","(2, 0):soup('onion', 1, 0)",180.0,156.0,3,"(-1, 0)",-0.0006000000000000006,0.0,0.0,-0.0006000000000000006,180.0,156.0,False,"(3, 1)",,"(2, 2)",,"(2, 0):soup('onion', 1, 0)","(2, 0):soup('onion', 1, 0)"
332,5,interact,"(3, 1)","(1, 0)",,"(2, 2)","(-1, 0)",,"(2, 0):soup('onion', 1, 0)","(2, 0):soup('onion', 1, 0)",180.0,156.0,1,"(0, 1)",-0.0006000000000000006,0.0,0.0,-0.0006000000000000006,180.0,156.0,False,"(3, 1)",onion,"(2, 2)",,"(2, 0):soup('onion', 1, 0)","(2, 0):soup('onion', 1, 0)"
333,3,"(-1, 0)","(3, 1)","(1, 0)",onion,"(2, 2)","(0, 1)",,"(2, 0):soup('onion', 1, 0)","(2, 0):soup('onion', 1, 0)",180.0,156.0,1,"(0, 1)",-0.0006000000000000006,0.0,0.0,-0.0006000000000000006,180.0,156.0,False,"(2, 1)",onion,"(2, 2)",,"(2, 0):soup('onion', 1, 0)","(2, 0):soup('onion', 1, 0)"
334,0,"(0, -1)","(2, 1)","(-1, 0)",onion,"(2, 2)","(0, 1)",,"(2, 0):soup('onion', 1, 0)","(2, 0):soup('onion', 1, 0)",180.0,156.0,0,"(0, -1)",-0.0006000000000000006,0.0,0.0,-0.0006000000000000006,180.0,156.0,False,"(2, 1)",onion,"(2, 2)",,"(2, 0):soup('onion', 1, 0)","(2, 0):soup('onion', 1, 0)"
335,5,interact,"(2, 1)","(0, -1)",onion,"(2, 2)","(0, -1)",,"(2, 0):soup('onion', 1, 0)","(2, 0):soup('onion', 1, 0)",180.0,156.0,5,interact,3.0588,0.0,3.0,0.0588,180.0,159.0,False,"(2, 1)",,"(2, 2)",,"(2, 0):soup('onion', 2, 0)","(2, 0):soup('onion', 2, 0)"
336,2,"(1, 0)","(2, 1)","(0, -1)",,"(2, 2)","(0, -1)",,"(2, 0):soup('onion', 2, 0)","(2, 0):soup('onion', 2, 0)",180.0,159.0,3,"(-1, 0)",-0.0012000000000000012,0.0,0.0,-0.0012000000000000012,180.0,159.0,False,"(3, 1)",,"(1, 2)",,"(2, 0):soup('onion', 2, 0)","(2, 0):soup('onion', 2, 0)"
337,5,interact,"(3, 1)","(1, 0)",,"(1, 2)","(-1, 0)",,"(2, 0):soup('onion', 2, 0)","(2, 0):soup('onion', 2, 0)",180.0,159.0,1,"(0, 1)",-0.0012000000000000012,0.0,0.0,-0.0012000000000000012,180.0,159.0,False,"(3, 1)",onion,"(1, 2)",,"(2, 0):soup('onion', 2, 0)","(2, 0):soup('onion', 2, 0)"
338,3,"(-1, 0)","(3, 1)","(1, 0)",onion,"(1, 2)","(0, 1)",,"(2, 0):soup('onion', 2, 0)","(2, 0):soup('onion', 2, 0)",180.0,159.0,1,"(0, 1)",-0.0012000000000000012,0.0,0.0,-0.0012000000000000012,180.0,159.0,False,"(2, 1)",onion,"(1, 2)",,"(2, 0):soup('onion', 2, 0)","(2, 0):soup('onion', 2, 0)"
339,0,"(0, -1)","(2, 1)","(-1, 0)",onion,"(1, 2)","(0, 1)",,"(2, 0):soup('onion', 2, 0)","(2, 0):soup('onion', 2, 0)",180.0,159.0,5,interact,2.9988,0.0,3.0,-0.0012000000000000012,180.0,162.0,False,"(2, 1)",onion,"(1, 2)",dish,"(2, 0):soup('onion', 2, 0)","(2, 0):soup('onion', 2, 0)"
340,5,interact,"(2, 1)","(0, -1)",onion,"(1, 2)","(0, 1)",dish,"(2, 0):soup('onion', 2, 0)","(2, 0):soup('onion', 2, 0)",180.0,162.0,5,interact,3.078,0.0,3.0,0.07800000000000001,180.0,165.0,False,"(2, 1)",,"(1, 2)",dish,"(2, 0):soup('onion', 3, 1)","(2, 0):soup('onion', 3, 1)"
341,5,interact,"(2, 1)","(0, -1)",,"(1, 2)","(0, 1)",dish,"(2, 0):soup('onion', 3, 1)","(2, 0):soup('onion', 3, 1)",180.0,165.0,5,interact,-0.0020000000000000018,0.0,0.0,-0.0020000000000000018,180.0,165.0,False,"(2, 1)",,"(1, 2)",dish,"(2, 0):soup('onion', 3, 2)","(2, 0):soup('onion', 3, 2)"
342,5,interact,"(2, 1)","(0, -1)",,"(1, 2)","(0, 1)",dish,"(2, 0):soup('onion', 3, 2)","(2, 0):soup('onion', 3, 2)",180.0,165.0,5,interact,-0.0020000000000000018,0.0,0.0,-0.0020000000000000018,180.0,165.0,False,"(2, 1)",,"(1, 2)",dish,"(2, 0):soup('onion', 3, 3)","(2, 0):soup('onion', 3, 3)"
343,5,interact,"(2, 1)","(0, -1)",,"(1, 2)","(0, 1)",dish,"(2, 0):soup('onion', 3, 3)","(2, 0):soup('onion', 3, 3)",180.0,165.0,5,interact,-0.0020000000000000018,0.0,0.0,-0.0020000000000000018,180.0,165.0,False,"(2, 1)",,"(1, 2)",dish,"(2, 0):soup('onion', 3, 4)","(2, 0):soup('onion', 3, 4)"
344,5,interact,"(2, 1)","(0, -1)",,"(1, 2)","(0, 1)",dish,"(2, 0):soup('onion', 3, 4)","(2, 0):soup('onion', 3, 4)",180.0,165.0,5,interact,-0.0020000000000000018,0.0,0.0,-0.0020000000000000018,180.0,165.0,False,"(2, 1)",,"(1, 2)",dish,"(2, 0):soup('onion', 3, 5)","(2, 0):soup('onion', 3, 5)"
345,5,interact,"(2, 1)","(0, -1)",,"(1, 2)","(0, 1)",dish,"(2, 0):soup('onion', 3, 5)","(2, 0):soup('onion', 3, 5)",180.0,165.0,5,interact,-0.0020000000000000018,0.0,0.0,-0.0020000000000000018,180.0,165.0,False,"(2, 1)",,"(1, 2)",dish,"(2, 0):soup('onion', 3, 6)","(2, 0):soup('onion', 3, 6)"
346,5,interact,"(2, 1)","(0, -1)",,"(1, 2)","(0, 1)",dish,"(2, 0):soup('onion', 3, 6)","(2, 0):soup('onion', 3, 6)",180.0,165.0,5,interact,-0.0020000000000000018,0.0,0.0,-0.0020000000000000018,180.0,165.0,False,"(2, 1)",,"(1, 2)",dish,"(2, 0):soup('onion', 3, 7)","(2, 0):soup('onion', 3, 7)"
347,5,interact,"(2, 1)","(0, -1)",,"(1, 2)","(0, 1)",dish,"(2, 0):soup('onion', 3, 7)","(2, 0):soup('onion', 3, 7)",180.0,165.0,5,interact,-0.0020000000000000018,0.0,0.0,-0.0020000000000000018,180.0,165.0,False,"(2, 1)",,"(1, 2)",dish,"(2, 0):soup('onion', 3, 8)","(2, 0):soup('onion', 3, 8)"
348,5,interact,"(2, 1)","(0, -1)",,"(1, 2)","(0, 1)",dish,"(2, 0):soup('onion', 3, 8)","(2, 0):soup('onion', 3, 8)",180.0,165.0,5,interact,-0.0020000000000000018,0.0,0.0,-0.0020000000000000018,180.0,165.0,False,"(2, 1)",,"(1, 2)",dish,"(2, 0):soup('onion', 3, 9)","(2, 0):soup('onion', 3, 9)"
349,5,interact,"(2, 1)","(0, -1)",,"(1, 2)","(0, 1)",dish,"(2, 0):soup('onion', 3, 9)","(2, 0):soup('onion', 3, 9)",180.0,165.0,5,interact,-0.0020000000000000018,0.0,0.0,-0.0020000000000000018,180.0,165.0,False,"(2, 1)",,"(1, 2)",dish,"(2, 0):soup('onion', 3, 10)","(2, 0):soup('onion', 3, 10)"
350,5,interact,"(2, 1)","(0, -1)",,"(1, 2)","(0, 1)",dish,"(2, 0):soup('onion', 3, 10)","(2, 0):soup('onion', 3, 10)",180.0,165.0,5,interact,-0.0020000000000000018,0.0,0.0,-0.0020000000000000018,180.0,165.0,False,"(2, 1)",,"(1, 2)",dish,"(2, 0):soup('onion', 3, 11)","(2, 0):soup('onion', 3, 11)"
351,5,interact,"(2, 1)","(0, -1)",,"(1, 2)","(0, 1)",dish,"(2, 0):soup('onion', 3, 11)","(2, 0):soup('onion', 3, 11)",180.0,165.0,5,interact,-0.0020000000000000018,0.0,0.0,-0.0020000000000000018,180.0,165.0,False,"(2, 1)",,"(1, 2)",dish,"(2, 0):soup('onion', 3, 12)","(2, 0):soup('onion', 3, 12)"
352,5,interact,"(2, 1)","(0, -1)",,"(1, 2)","(0, 1)",dish,"(2, 0):soup('onion', 3, 12)","(2, 0):soup('onion', 3, 12)",180.0,165.0,5,interact,-0.0020000000000000018,0.0,0.0,-0.0020000000000000018,180.0,165.0,False,"(2, 1)",,"(1, 2)",dish,"(2, 0):soup('onion', 3, 13)","(2, 0):soup('onion', 3, 13)"
353,5,interact,"(2, 1)","(0, -1)",,"(1, 2)","(0, 1)",dish,"(2, 0):soup('onion', 3, 13)","(2, 0):soup('onion', 3, 13)",180.0,165.0,5,interact,-0.0020000000000000018,0.0,0.0,-0.0020000000000000018,180.0,165.0,False,"(2, 1)",,"(1, 2)",dish,"(2, 0):soup('onion', 3, 14)","(2, 0):soup('onion', 3, 14)"
354,5,interact,"(2, 1)","(0, -1)",,"(1, 2)","(0, 1)",dish,"(2, 0):soup('onion', 3, 14)","(2, 0):soup('onion', 3, 14)",180.0,165.0,5,interact,-0.0020000000000000018,0.0,0.0,-0.0020000000000000018,180.0,165.0,False,"(2, 1)",,"(1, 2)",dish,"(2, 0):soup('onion', 3, 15)","(2, 0):soup('onion', 3, 15)"
355,5,interact,"(2, 1)","(0, -1)",,"(1, 2)","(0, 1)",dish,"(2, 0):soup('onion', 3, 15)","(2, 0):soup('onion', 3, 15)",180.0,165.0,5,interact,-0.0020000000000000018,0.0,0.0,-0.0020000000000000018,180.0,165.0,False,"(2, 1)",,"(1, 2)",dish,"(2, 0):soup('onion', 3, 16)","(2, 0):soup('onion', 3, 16)"
356,5,interact,"(2, 1)","(0, -1)",,"(1, 2)","(0, 1)",dish,"(2, 0):soup('onion', 3, 16)","(2, 0):soup('onion', 3, 16)",180.0,165.0,5,interact,-0.0020000000000000018,0.0,0.0,-0.0020000000000000018,180.0,165.0,False,"(2, 1)",,"(1, 2)",dish,"(2, 0):soup('onion', 3, 17)","(2, 0):soup('onion', 3, 17)"
357,5,interact,"(2, 1)","(0, -1)",,"(1, 2)","(0, 1)",dish,"(2, 0):soup('onion', 3, 17)","(2, 0):soup('onion', 3, 17)",180.0,165.0,5,interact,-0.0020000000000000018,0.0,0.0,-0.0020000000000000018,180.0,165.0,False,"(2, 1)",,"(1, 2)",dish,"(2, 0):soup('onion', 3, 18)","(2, 0):soup('onion', 3, 18)"
358,5,interact,"(2, 1)","(0, -1)",,"(1, 2)","(0, 1)",dish,"(2, 0):soup('onion', 3, 18)","(2, 0):soup('onion', 3, 18)",180.0,165.0,5,interact,-0.0020000000000000018,0.0,0.0,-0.0020000000000000018,180.0,165.0,False,"(2, 1)",,"(1, 2)",dish,"(2, 0):soup('onion', 3, 19)","(2, 0):soup('onion', 3, 19)"
359,5,interact,"(2, 1)","(0, -1)",,"(1, 2)","(0, 1)",dish,"(2, 0):soup('onion', 3, 19)","(2, 0):soup('onion', 3, 19)",180.0,165.0,5,interact,0.09699999999999998,0.0,0.0,0.09699999999999998,180.0,165.0,False,"(2, 1)",,"(1, 2)",dish,"(2, 0):soup('onion', 3, 20)","(2, 0):soup('onion', 3, 20)"
360,3,"(-1, 0)","(2, 1)","(0, -1)",,"(1, 2)","(0, 1)",dish,"(2, 0):soup('onion', 3, 20)","(2, 0):soup('onion', 3, 20)",180.0,165.0,5,interact,-0.003000000000000025,0.0,0.0,-0.003000000000000025,180.0,165.0,False,"(1, 1)",,"(1, 2)",dish,"(2, 0):soup('onion', 3, 20)","(2, 0):soup('onion', 3, 20)"
361,4,"(0, 0)","(1, 1)","(-1, 0)",,"(1, 2)","(0, 1)",dish,"(2, 0):soup('onion', 3, 20)","(2, 0):soup('onion', 3, 20)",180.0,165.0,2,"(1, 0)",-0.003000000000000025,0.0,0.0,-0.003000000000000025,180.0,165.0,False,"(1, 1)",,"(2, 2)",dish,"(2, 0):soup('onion', 3, 20)","(2, 0):soup('onion', 3, 20)"
362,4,"(0, 0)","(1, 1)","(-1, 0)",,"(2, 2)","(1, 0)",dish,"(2, 0):soup('onion', 3, 20)","(2, 0):soup('onion', 3, 20)",180.0,165.0,0,"(0, -1)",-0.003000000000000025,0.0,0.0,-0.003000000000000025,180.0,165.0,False,"(1, 1)",,"(2, 1)",dish,"(2, 0):soup('onion', 3, 20)","(2, 0):soup('onion', 3, 20)"
363,5,interact,"(1, 1)","(-1, 0)",,"(2, 1)","(0, -1)",dish,"(2, 0):soup('onion', 3, 20)","(2, 0):soup('onion', 3, 20)",180.0,165.0,5,interact,5.0663,0.0,5.0,0.06630000000000003,180.0,170.0,False,"(1, 1)",onion,"(2, 1)","soup('onion', 3, 20)",,"(2, 0):empty"
364,2,"(1, 0)","(1, 1)","(-1, 0)",onion,"(2, 1)","(0, -1)","soup('onion', 3, 20)",,"(2, 0):empty",180.0,170.0,2,"(1, 0)",0.006199999999999983,0.0,0.0,0.006199999999999983,180.0,170.0,False,"(2, 1)",onion,"(3, 1)","soup('onion', 3, 20)",,"(2, 0):empty"
365,0,"(0, -1)","(2, 1)","(1, 0)",onion,"(3, 1)","(1, 0)","soup('onion', 3, 20)",,"(2, 0):empty",180.0,170.0,1,"(0, 1)",0.006099999999999994,0.0,0.0,0.006099999999999994,180.0,170.0,False,"(2, 1)",onion,"(3, 2)","soup('onion', 3, 20)",,"(2, 0):empty"
366,5,interact,"(2, 1)","(0, -1)",onion,"(3, 2)","(0, 1)","soup('onion', 3, 20)",,"(2, 0):empty",180.0,170.0,5,interact,22.6694,20.0,3.0,-0.3306,200.0,173.0,True,"(2, 1)",,"(3, 2)",,"(2, 0):soup('onion', 1, 0)","(2, 0):soup('onion', 1, 0)"
367,2,"(1, 0)","(2, 1)","(0, -1)",,"(3, 2)","(0, 1)",,"(2, 0):soup('onion', 1, 0)","(2, 0):soup('onion', 1, 0)",200.0,173.0,3,"(-1, 0)",-0.0006000000000000006,0.0,0.0,-0.0006000000000000006,200.0,173.0,False,"(3, 1)",,"(2, 2)",,"(2, 0):soup('onion', 1, 0)","(2, 0):soup('onion', 1, 0)"
368,5,interact,"(3, 1)","(1, 0)",,"(2, 2)","(-1, 0)",,"(2, 0):soup('onion', 1, 0)","(2, 0):soup('onion', 1, 0)",200.0,173.0,1,"(0, 1)",-0.0006000000000000006,0.0,0.0,-0.0006000000000000006,200.0,173.0,False,"(3, 1)",onion,"(2, 2)",,"(2, 0):soup('onion', 1, 0)","(2, 0):soup('onion', 1, 0)"
369,3,"(-1, 0)","(3, 1)","(1, 0)",onion,"(2, 2)","(0, 1)",,"(2, 0):soup('onion', 1, 0)","(2, 0):soup('onion', 1, 0)",200.0,173.0,1,"(0, 1)",-0.0006000000000000006,0.0,0.0,-0.0006000000000000006,200.0,173.0,False,"(2, 1)",onion,"(2, 2)",,"(2, 0):soup('onion', 1, 0)","(2, 0):soup('onion', 1, 0)"
370,0,"(0, -1)","(2, 1)","(-1, 0)",onion,"(2, 2)","(0, 1)",,"(2, 0):soup('onion', 1, 0)","(2, 0):soup('onion', 1, 0)",200.0,173.0,0,"(0, -1)",-0.0006000000000000006,0.0,0.0,-0.0006000000000000006,200.0,173.0,False,"(2, 1)",onion,"(2, 2)",,"(2, 0):soup('onion', 1, 0)","(2, 0):soup('onion', 1, 0)"
371,5,interact,"(2, 1)","(0, -1)",onion,"(2, 2)","(0, -1)",,"(2, 0):soup('onion', 1, 0)","(2, 0):soup('onion', 1, 0)",200.0,173.0,5,interact,3.0588,0.0,3.0,0.0588,200.0,176.0,False,"(2, 1)",,"(2, 2)",,"(2, 0):soup('onion', 2, 0)","(2, 0):soup('onion', 2, 0)"
372,2,"(1, 0)","(2, 1)","(0, -1)",,"(2, 2)","(0, -1)",,"(2, 0):soup('onion', 2, 0)","(2, 0):soup('onion', 2, 0)",200.0,176.0,3,"(-1, 0)",-0.0012000000000000012,0.0,0.0,-0.0012000000000000012,200.0,176.0,False,"(3, 1)",,"(1, 2)",,"(2, 0):soup('onion', 2, 0)","(2, 0):soup('onion', 2, 0)"
373,5,interact,"(3, 1)","(1, 0)",,"(1, 2)","(-1, 0)",,"(2, 0):soup('onion', 2, 0)","(2, 0):soup('onion', 2, 0)",200.0,176.0,1,"(0, 1)",-0.0012000000000000012,0.0,0.0,-0.0012000000000000012,200.0,176.0,False,"(3, 1)",onion,"(1, 2)",,"(2, 0):soup('onion', 2, 0)","(2, 0):soup('onion', 2, 0)"
374,3,"(-1, 0)","(3, 1)","(1, 0)",onion,"(1, 2)","(0, 1)",,"(2, 0):soup('onion', 2, 0)","(2, 0):soup('onion', 2, 0)",200.0,176.0,1,"(0, 1)",-0.0012000000000000012,0.0,0.0,-0.0012000000000000012,200.0,176.0,False,"(2, 1)",onion,"(1, 2)",,"(2, 0):soup('onion', 2, 0)","(2, 0):soup('onion', 2, 0)"
375,0,"(0, -1)","(2, 1)","(-1, 0)",onion,"(1, 2)","(0, 1)",,"(2, 0):soup('onion', 2, 0)","(2, 0):soup('onion', 2, 0)",200.0,176.0,5,interact,2.9988,0.0,3.0,-0.0012000000000000012,200.0,179.0,False,"(2, 1)",onion,"(1, 2)",dish,"(2, 0):soup('onion', 2, 0)","(2, 0):soup('onion', 2, 0)"
376,5,interact,"(2, 1)","(0, -1)",onion,"(1, 2)","(0, 1)",dish,"(2, 0):soup('onion', 2, 0)","(2, 0):soup('onion', 2, 0)",200.0,179.0,5,interact,3.078,0.0,3.0,0.07800000000000001,200.0,182.0,False,"(2, 1)",,"(1, 2)",dish,"(2, 0):soup('onion', 3, 1)","(2, 0):soup('onion', 3, 1)"
377,5,interact,"(2, 1)","(0, -1)",,"(1, 2)","(0, 1)",dish,"(2, 0):soup('onion', 3, 1)","(2, 0):soup('onion', 3, 1)",200.0,182.0,5,interact,-0.0020000000000000018,0.0,0.0,-0.0020000000000000018,200.0,182.0,False,"(2, 1)",,"(1, 2)",dish,"(2, 0):soup('onion', 3, 2)","(2, 0):soup('onion', 3, 2)"
378,5,interact,"(2, 1)","(0, -1)",,"(1, 2)","(0, 1)",dish,"(2, 0):soup('onion', 3, 2)","(2, 0):soup('onion', 3, 2)",200.0,182.0,5,interact,-0.0020000000000000018,0.0,0.0,-0.0020000000000000018,200.0,182.0,False,"(2, 1)",,"(1, 2)",dish,"(2, 0):soup('onion', 3, 3)","(2, 0):soup('onion', 3, 3)"
379,5,interact,"(2, 1)","(0, -1)",,"(1, 2)","(0, 1)",dish,"(2, 0):soup('onion', 3, 3)","(2, 0):soup('onion', 3, 3)",200.0,182.0,5,interact,-0.0020000000000000018,0.0,0.0,-0.0020000000000000018,200.0,182.0,False,"(2, 1)",,"(1, 2)",dish,"(2, 0):soup('onion', 3, 4)","(2, 0):soup('onion', 3, 4)"
380,5,interact,"(2, 1)","(0, -1)",,"(1, 2)","(0, 1)",dish,"(2, 0):soup('onion', 3, 4)","(2, 0):soup('onion', 3, 4)",200.0,182.0,5,interact,-0.0020000000000000018,0.0,0.0,-0.0020000000000000018,200.0,182.0,False,"(2, 1)",,"(1, 2)",dish,"(2, 0):soup('onion', 3, 5)","(2, 0):soup('onion', 3, 5)"
381,5,interact,"(2, 1)","(0, -1)",,"(1, 2)","(0, 1)",dish,"(2, 0):soup('onion', 3, 5)","(2, 0):soup('onion', 3, 5)",200.0,182.0,5,interact,-0.0020000000000000018,0.0,0.0,-0.0020000000000000018,200.0,182.0,False,"(2, 1)",,"(1, 2)",dish,"(2, 0):soup('onion', 3, 6)","(2, 0):soup('onion', 3, 6)"
382,5,interact,"(2, 1)","(0, -1)",,"(1, 2)","(0, 1)",dish,"(2, 0):soup('onion', 3, 6)","(2, 0):soup('onion', 3, 6)",200.0,182.0,5,interact,-0.0020000000000000018,0.0,0.0,-0.0020000000000000018,200.0,182.0,False,"(2, 1)",,"(1, 2)",dish,"(2, 0):soup('onion', 3, 7)","(2, 0):soup('onion', 3, 7)"
383,5,interact,"(2, 1)","(0, -1)",,"(1, 2)","(0, 1)",dish,"(2, 0):soup('onion', 3, 7)","(2, 0):soup('onion', 3, 7)",200.0,182.0,5,interact,-0.0020000000000000018,0.0,0.0,-0.0020000000000000018,200.0,182.0,False,"(2, 1)",,"(1, 2)",dish,"(2, 0):soup('onion', 3, 8)","(2, 0):soup('onion', 3, 8)"
384,5,interact,"(2, 1)","(0, -1)",,"(1, 2)","(0, 1)",dish,"(2, 0):soup('onion', 3, 8)","(2, 0):soup('onion', 3, 8)",200.0,182.0,5,interact,-0.0020000000000000018,0.0,0.0,-0.0020000000000000018,200.0,182.0,False,"(2, 1)",,"(1, 2)",dish,"(2, 0):soup('onion', 3, 9)","(2, 0):soup('onion', 3, 9)"
385,5,interact,"(2, 1)","(0, -1)",,"(1, 2)","(0, 1)",dish,"(2, 0):soup('onion', 3, 9)","(2, 0):soup('onion', 3, 9)",200.0,182.0,5,interact,-0.0020000000000000018,0.0,0.0,-0.0020000000000000018,200.0,182.0,False,"(2, 1)",,"(1, 2)",dish,"(2, 0):soup('onion', 3, 10)","(2, 0):soup('onion', 3, 10)"
386,5,interact,"(2, 1)","(0, -1)",,"(1, 2)","(0, 1)",dish,"(2, 0):soup('onion', 3, 10)","(2, 0):soup('onion', 3, 10)",200.0,182.0,5,interact,-0.0020000000000000018,0.0,0.0,-0.0020000000000000018,200.0,182.0,False,"(2, 1)",,"(1, 2)",dish,"(2, 0):soup('onion', 3, 11)","(2, 0):soup('onion', 3, 11)"
387,5,interact,"(2, 1)","(0, -1)",,"(1, 2)","(0, 1)",dish,"(2, 0):soup('onion', 3, 11)","(2, 0):soup('onion', 3, 11)",200.0,182.0,5,interact,-0.0020000000000000018,0.0,0.0,-0.0020000000000000018,200.0,182.0,False,"(2, 1)",,"(1, 2)",dish,"(2, 0):soup('onion', 3, 12)","(2, 0):soup('onion', 3, 12)"
388,5,interact,"(2, 1)","(0, -1)",,"(1, 2)","(0, 1)",dish,"(2, 0):soup('onion', 3, 12)","(2, 0):soup('onion', 3, 12)",200.0,182.0,5,interact,-0.0020000000000000018,0.0,0.0,-0.0020000000000000018,200.0,182.0,False,"(2, 1)",,"(1, 2)",dish,"(2, 0):soup('onion', 3, 13)","(2, 0):soup('onion', 3, 13)"
389,5,interact,"(2, 1)","(0, -1)",,"(1, 2)","(0, 1)",dish,"(2, 0):soup('onion', 3, 13)","(2, 0):soup('onion', 3, 13)",200.0,182.0,5,interact,-0.0020000000000000018,0.0,0.0,-0.0020000000000000018,200.0,182.0,False,"(2, 1)",,"(1, 2)",dish,"(2, 0):soup('onion', 3, 14)","(2, 0):soup('onion', 3, 14)"
390,5,interact,"(2, 1)","(0, -1)",,"(1, 2)","(0, 1)",dish,"(2, 0):soup('onion', 3, 14)","(2, 0):soup('onion', 3, 14)",200.0,182.0,5,interact,-0.0020000000000000018,0.0,0.0,-0.0020000000000000018,200.0,182.0,False,"(2, 1)",,"(1, 2)",dish,"(2, 0):soup('onion', 3, 15)","(2, 0):soup('onion', 3, 15)"
391,5,interact,"(2, 1)","(0, -1)",,"(1, 2)","(0, 1)",dish,"(2, 0):soup('onion', 3, 15)","(2, 0):soup('onion', 3, 15)",200.0,182.0,5,interact,-0.0020000000000000018,0.0,0.0,-0.0020000000000000018,200.0,182.0,False,"(2, 1)",,"(1, 2)",dish,"(2, 0):soup('onion', 3, 16)","(2, 0):soup('onion', 3, 16)"
392,5,interact,"(2, 1)","(0, -1)",,"(1, 2)","(0, 1)",dish,"(2, 0):soup('onion', 3, 16)","(2, 0):soup('onion', 3, 16)",200.0,182.0,5,interact,-0.0020000000000000018,0.0,0.0,-0.0020000000000000018,200.0,182.0,False,"(2, 1)",,"(1, 2)",dish,"(2, 0):soup('onion', 3, 17)","(2, 0):soup('onion', 3, 17)"
393,5,interact,"(2, 1)","(0, -1)",,"(1, 2)","(0, 1)",dish,"(2, 0):soup('onion', 3, 17)","(2, 0):soup('onion', 3, 17)",200.0,182.0,5,interact,-0.0020000000000000018,0.0,0.0,-0.0020000000000000018,200.0,182.0,False,"(2, 1)",,"(1, 2)",dish,"(2, 0):soup('onion', 3, 18)","(2, 0):soup('onion', 3, 18)"
394,5,interact,"(2, 1)","(0, -1)",,"(1, 2)","(0, 1)",dish,"(2, 0):soup('onion', 3, 18)","(2, 0):soup('onion', 3, 18)",200.0,182.0,5,interact,-0.0020000000000000018,0.0,0.0,-0.0020000000000000018,200.0,182.0,False,"(2, 1)",,"(1, 2)",dish,"(2, 0):soup('onion', 3, 19)","(2, 0):soup('onion', 3, 19)"
395,5,interact,"(2, 1)","(0, -1)",,"(1, 2)","(0, 1)",dish,"(2, 0):soup('onion', 3, 19)","(2, 0):soup('onion', 3, 19)",200.0,182.0,5,interact,0.09699999999999998,0.0,0.0,0.09699999999999998,200.0,182.0,False,"(2, 1)",,"(1, 2)",dish,"(2, 0):soup('onion', 3, 20)","(2, 0):soup('onion', 3, 20)"
396,3,"(-1, 0)","(2, 1)","(0, -1)",,"(1, 2)","(0, 1)",dish,"(2, 0):soup('onion', 3, 20)","(2, 0):soup('onion', 3, 20)",200.0,182.0,5,interact,-0.003000000000000025,0.0,0.0,-0.003000000000000025,200.0,182.0,False,"(1, 1)",,"(1, 2)",dish,"(2, 0):soup('onion', 3, 20)","(2, 0):soup('onion', 3, 20)"
397,4,"(0, 0)","(1, 1)","(-1, 0)",,"(1, 2)","(0, 1)",dish,"(2, 0):soup('onion', 3, 20)","(2, 0):soup('onion', 3, 20)",200.0,182.0,2,"(1, 0)",-0.003000000000000025,0.0,0.0,-0.003000000000000025,200.0,182.0,False,"(1, 1)",,"(2, 2)",dish,"(2, 0):soup('onion', 3, 20)","(2, 0):soup('onion', 3, 20)"
398,4,"(0, 0)","(1, 1)","(-1, 0)",,"(2, 2)","(1, 0)",dish,"(2, 0):soup('onion', 3, 20)","(2, 0):soup('onion', 3, 20)",200.0,182.0,0,"(0, -1)",-0.003000000000000025,0.0,0.0,-0.003000000000000025,200.0,182.0,False,"(1, 1)",,"(2, 1)",dish,"(2, 0):soup('onion', 3, 20)","(2, 0):soup('onion', 3, 20)"
399,5,interact,"(1, 1)","(-1, 0)",,"(2, 1)","(0, -1)",dish,"(2, 0):soup('onion', 3, 20)","(2, 0):soup('onion', 3, 20)",200.0,182.0,5,interact,5.0663,0.0,5.0,0.06630000000000003,200.0,187.0,False,"(1, 1)",onion,"(2, 1)","soup('onion', 3, 20)",,"(2, 0):empty"
